match_id,season,over,ball,is_winner,target_above_par,required_run_rate,score_vs_par,wickets_lost,wickets_remaining,candidate,raw_pred,cal_pred
1473438,2025,7,1,1,-21.625,6.857142857142857,24.650000000000006,0,10,interaction_mid,0.9627788037854133,0.9415822743251937
1473438,2025,7,2,1,-21.625,6.947368421052632,23.199999999999996,0,10,interaction_mid,0.9608983270187673,0.9391174032621917
1473438,2025,7,3,1,-21.625,6.959999999999999,22.75,0,10,interaction_mid,0.9616981894839511,0.9401632437955457
1473438,2025,7,4,1,-21.625,6.972972972972972,22.30000000000001,0,10,interaction_mid,0.96226924602027,0.9409122534150182
1473438,2025,7,5,1,-21.625,6.986301369863014,21.849999999999994,0,10,interaction_mid,0.9631823285565089,0.9421140081663413
1473438,2025,7,6,1,-21.625,7.0,21.39999999999999,0,10,interaction_mid,0.9643628048403541,0.9436754353578928
1473438,2025,8,1,1,-21.625,6.76056338028169,23.950000000000003,0,10,interaction_mid,0.9710729870028788,0.9561980552768843
1473438,2025,8,2,1,-21.625,6.857142857142857,22.5,0,10,interaction_mid,0.9699955155732674,0.9547899792217833
1473438,2025,8,3,1,-21.625,6.9565217391304355,11.044999999999987,1,9,interaction_mid,0.9660204202145981,0.9496564524651107
1473438,2025,8,4,1,-21.625,7.0588235294117645,9.739999999999995,1,9,interaction_mid,0.9494972535535124,0.9291580982635039
1473438,2025,8,5,1,-21.625,7.164179104477611,8.435000000000016,1,9,interaction_mid,0.9462681462527678,0.925281339156235
1473438,2025,8,6,1,-21.625,7.181818181818182,8.130000000000024,1,9,interaction_mid,0.9467175420628777,0.9258186863476262
1473438,2025,9,1,1,-21.625,7.199999999999999,7.825000000000003,1,9,interaction_mid,0.9480130429713836,0.9230386423615533
1473438,2025,9,2,1,-21.625,7.3125,6.519999999999996,1,9,interaction_mid,0.9409645121919022,0.9145088042783562
1473438,2025,9,3,1,-21.625,7.333333333333334,6.215000000000003,1,9,interaction_mid,0.9448636269847941,0.9192021514441616
1473438,2025,9,4,1,-21.625,7.35483870967742,5.910000000000011,1,9,interaction_mid,0.9385587130936566,0.9116422159705455
1473438,2025,9,5,1,-21.625,7.3770491803278695,5.605000000000004,1,9,interaction_mid,0.9333316230988671,0.9054856714764756
1473438,2025,9,6,1,-21.625,7.1,8.299999999999997,1,9,interaction_mid,0.9556385777621343,0.9325148590065203
1473438,2025,10,1,1,-21.625,7.11864406779661,7.9950000000000045,1,9,interaction_mid,0.9548553991850706,0.9398030298727621
1473438,2025,10,2,1,-21.625,7.137931034482759,7.690000000000012,1,9,interaction_mid,0.9578646567665163,0.9433391614276556
1473438,2025,10,3,1,-21.625,6.631578947368421,12.385000000000005,1,9,interaction_mid,0.9760323657575508,0.9655098223609042
1473438,2025,10,4,1,-21.625,6.642857142857143,12.080000000000013,1,9,interaction_mid,0.9791586166554533,0.9695106001867508
1473438,2025,10,5,1,-21.625,6.654545454545454,11.774999999999991,1,9,interaction_mid,0.9783802549230061,0.9685079149210802
1473438,2025,10,6,1,-21.625,6.666666666666667,11.469999999999999,1,9,interaction_mid,0.9793158506755761,0.9697137077508815
1473438,2025,11,1,1,-21.625,6.679245283018868,11.164999999999992,1,9,interaction_mid,0.9799583613527665,0.9728454876059971
1473438,2025,11,2,1,-21.625,6.6923076923076925,10.86,1,9,interaction_mid,0.9786062832664622,0.9711955276567352
1473438,2025,11,3,1,-21.625,6.705882352941177,10.555000000000007,1,9,interaction_mid,0.9796813660511147,0.9725065716066748
1473438,2025,11,4,1,-21.625,6.84,2.0,2,8,interaction_mid,0.9487202449524872,0.936671401491913
1473438,2025,11,5,1,-21.625,6.979591836734693,0.8400000000000034,2,8,interaction_mid,0.9426939263565337,0.9300236547033905
1473438,2025,11,6,1,-21.625,7.0,0.6800000000000068,2,8,interaction_mid,0.942042656252371,0.929309907536082
1473438,2025,12,1,1,-21.625,7.148936170212766,-0.47999999999998977,2,8,interaction_mid,0.9351116719284589,0.9218024886380727
1473438,2025,12,2,1,-21.625,7.304347826086957,-1.6400000000000006,2,8,interaction_mid,0.9118723337827421,0.8969882274840608
1473438,2025,12,3,1,-21.625,7.199999999999999,-0.7999999999999972,2,8,interaction_mid,0.932843933293936,0.9193438838612614
1473438,2025,12,4,1,-21.625,7.2272727272727275,-0.9599999999999937,2,8,interaction_mid,0.9370922514878366,0.9239572043066008
1473438,2025,12,5,1,-21.625,6.837209302325581,1.8799999999999955,2,8,interaction_mid,0.9612677559017513,0.950925242321496
1473438,2025,12,6,1,-21.625,6.857142857142857,1.7199999999999989,2,8,interaction_mid,0.9616942622164806,0.9514142845581294
1473438,2025,13,1,1,-21.625,6.878048780487804,1.5600000000000165,2,8,interaction_mid,0.9620123866850165,0.9550871751965748
1473438,2025,13,2,1,-21.625,6.1499999999999995,6.3999999999999915,2,8,interaction_mid,0.9843624651651857,0.9805164551301023
1473438,2025,13,3,1,-21.625,6.153846153846153,6.240000000000009,2,8,interaction_mid,0.9844134469488997,0.9805763200210172
1473438,2025,13,4,1,-21.625,6.157894736842106,6.0800000000000125,2,8,interaction_mid,0.9844613732859346,0.9806326078795561
1473438,2025,13,5,1,-21.625,6.162162162162161,5.920000000000016,2,8,interaction_mid,0.982746584689317,0.9786249469628461
1473438,2025,13,6,1,-21.625,6.166666666666666,5.759999999999991,2,8,interaction_mid,0.9833884082668731,0.9793749022629734
1473438,2025,14,1,1,-21.625,6.171428571428571,5.600000000000023,2,8,interaction_mid,0.9830641047775508,0.9797652387617023
1473438,2025,14,2,1,-21.625,5.647058823529411,8.439999999999998,2,8,interaction_mid,0.9896011013318251,0.9872828368543569
1473438,2025,14,3,1,-21.625,5.090909090909091,11.280000000000001,2,8,interaction_mid,0.9912792079979007,0.9892461983585775
1473438,2025,14,4,1,-21.625,4.875,12.120000000000005,2,8,interaction_mid,0.9916930349724945,0.9897330796875883
1473438,2025,14,5,1,-21.625,4.258064516129032,14.960000000000008,2,8,interaction_mid,0.9924149394423052,0.9905852781955546
1473438,2025,14,6,1,-21.625,3.5999999999999996,17.799999999999983,2,8,interaction_mid,0.9927191869860326,0.9909455922940482
1473438,2025,15,1,1,-21.625,3.5172413793103443,17.640000000000015,2,8,interaction_mid,0.9930381504102295,0.9914764545906303
1473438,2025,15,2,1,-21.625,2.7857142857142856,20.47999999999999,2,8,interaction_mid,0.9927317512192326,0.9911183337189081
1473438,2025,15,3,1,-21.625,2.888888888888889,15.405000000000001,3,7,interaction_mid,0.9914141819299194,0.9895858734258163
1473438,2025,15,4,1,-21.625,2.0769230769230766,18.389999999999986,3,7,interaction_mid,0.9876253282968793,0.9852346752246958
1473438,2025,15,5,1,-21.625,2.16,17.375,3,7,interaction_mid,0.9888559050610531,0.9866399898740907
1473438,2025,15,6,1,-21.625,2.0,17.360000000000014,3,7,interaction_mid,0.9896522670668637,0.9875532608800446
1473439,2025,7,1,0,97.61538461538461,15.818181818181817,-73.53833333333333,3,7,interaction_mid,0.006392164654998357,0.012892492193124501
1473439,2025,7,2,0,97.61538461538461,15.552631578947368,-69.20666666666665,3,7,interaction_mid,0.008419032707445366,0.016299960338407672
1473439,2025,7,3,0,97.61538461538461,15.759999999999998,-70.875,3,7,interaction_mid,0.007681359820279057,0.015076242675353381
1473439,2025,7,4,0,97.61538461538461,15.891891891891891,-71.54333333333335,3,7,interaction_mid,0.0073915228824508105,0.01459054770013539
1473439,2025,7,5,0,97.61538461538461,16.027397260273972,-72.21166666666667,3,7,interaction_mid,0.007035347420945595,0.013989650089032859
1473439,2025,7,6,0,97.61538461538461,15.916666666666666,-69.88000000000002,3,7,interaction_mid,0.008255191558164551,0.016029648160761165
1473439,2025,8,1,0,97.61538461538461,15.633802816901408,-65.54833333333335,3,7,interaction_mid,0.010231922815279213,0.01759613693940748
1473439,2025,8,2,0,97.61538461538461,15.857142857142858,-67.21666666666667,3,7,interaction_mid,0.009416042116680123,0.01636558827827751
1473439,2025,8,3,0,97.61538461538461,16.0,-67.88500000000002,3,7,interaction_mid,0.0094966697168952,0.016487805920541224
1473439,2025,8,4,0,97.61538461538461,16.235294117647058,-69.55333333333334,3,7,interaction_mid,0.008779083653929848,0.015395088156765779
1473439,2025,8,5,0,97.61538461538461,16.388059701492537,-70.22166666666666,3,7,interaction_mid,0.0077972231186001625,0.013880514244038088
1473439,2025,8,6,0,97.61538461538461,16.272727272727273,-67.88999999999999,3,7,interaction_mid,0.00851633465208602,0.014992073336605932
1473439,2025,9,1,0,97.61538461538461,16.52307692307692,-69.55833333333334,3,7,interaction_mid,0.008164625205353633,0.01692417548697648
1473439,2025,9,2,0,97.61538461538461,16.6875,-70.22666666666669,3,7,interaction_mid,0.007435811640252964,0.015642020621316116
1473439,2025,9,3,0,97.61538461538461,16.38095238095238,-65.89500000000001,3,7,interaction_mid,0.009318791844204045,0.018917152368189465
1473439,2025,9,4,0,97.61538461538461,16.548387096774196,-66.56333333333333,3,7,interaction_mid,0.009283573752717067,0.018856965831919512
1473439,2025,9,5,0,97.61538461538461,16.721311475409834,-67.23166666666671,3,7,interaction_mid,0.009120056124541066,0.018577022898850208
1473439,2025,9,6,0,97.61538461538461,16.900000000000002,-67.9,3,7,interaction_mid,0.008257070638148772,0.017085437619658316
1473439,2025,10,1,0,97.61538461538461,17.084745762711865,-68.56833333333336,3,7,interaction_mid,0.007231632658666655,0.012624301022357474
1473439,2025,10,2,0,97.61538461538461,17.275862068965516,-69.23666666666665,3,7,interaction_mid,0.006422361230747621,0.011363286110600328
1473439,2025,10,3,0,97.61538461538461,17.57894736842105,-70.905,3,7,interaction_mid,0.005779342393089699,0.01034809234795891
1473439,2025,10,4,0,97.61538461538461,17.892857142857142,-72.57333333333332,3,7,interaction_mid,0.0049042719855665745,0.008944940394224951
1473439,2025,10,5,0,97.61538461538461,18.10909090909091,-73.24166666666667,3,7,interaction_mid,0.004545407117665002,0.008361361516283078
1473439,2025,10,6,0,97.61538461538461,18.333333333333332,-73.91000000000003,3,7,interaction_mid,0.004248759041643064,0.007874956939184668
1473439,2025,11,1,0,97.61538461538461,18.566037735849058,-74.57833333333335,3,7,interaction_mid,0.003716275966689971,0.006357614763393117
1473439,2025,11,2,0,97.61538461538461,18.923076923076923,-76.24666666666667,3,7,interaction_mid,0.0032981828762589523,0.005704672244408799
1473439,2025,11,3,0,97.61538461538461,19.294117647058826,-77.91499999999999,3,7,interaction_mid,0.0026941335572174775,0.004747179752085246
1473439,2025,11,4,0,97.61538461538461,19.56,-78.58333333333331,3,7,interaction_mid,0.0025152296086096175,0.004459907887965635
1473439,2025,11,5,0,97.61538461538461,19.836734693877553,-79.25166666666667,3,7,interaction_mid,0.0022060963055605385,0.003958934745545321
1473439,2025,11,6,0,97.61538461538461,20.25,-80.91999999999999,3,7,interaction_mid,0.0019576481790552704,0.0035515917488340063
1473439,2025,12,1,0,97.61538461538461,20.680851063829785,-82.58833333333334,3,7,interaction_mid,0.0016403234952431429,0.002917697841954358
1473439,2025,12,2,0,97.61538461538461,20.869565217391305,-82.25666666666666,3,7,interaction_mid,0.0016439692424963445,0.0029236187428143216
1473439,2025,12,3,0,97.61538461538461,20.53333333333333,-77.92500000000001,3,7,interaction_mid,0.0020419230807834352,0.0035635074451251148
1473439,2025,12,4,0,97.61538461538461,20.181818181818183,-73.59333333333336,3,7,interaction_mid,0.0027958790254901237,0.004747274090469044
1473439,2025,12,5,0,97.61538461538461,20.51162790697674,-74.26166666666668,3,7,interaction_mid,0.0023878512032163724,0.00411073813680713
1473439,2025,12,6,0,97.61538461538461,20.142857142857142,-69.93,3,7,interaction_mid,0.0034298250455855454,0.005720308370558072
1473439,2025,12,7,0,97.61538461538461,20.48780487804878,-70.59833333333333,3,7,interaction_mid,0.003048338443282834,0.005136910691016297
1473439,2025,12,8,0,97.61538461538461,20.4,-68.26666666666668,3,7,interaction_mid,0.0033293153145647647,0.005567192252975973
1473439,2025,13,1,0,97.61538461538461,19.756097560975608,-65.59833333333333,3,7,interaction_mid,0.004129393269226017,0.00554172663090288
1473439,2025,13,2,0,97.61538461538461,20.1,-66.26666666666668,3,7,interaction_mid,0.0037272482743286356,0.005030430183726492
1473439,2025,13,3,0,97.61538461538461,20.615384615384613,-67.935,3,7,interaction_mid,0.003172877254705512,0.004320402566895451
1473439,2025,13,4,0,97.61538461538461,21.0,-68.60333333333332,3,7,interaction_mid,0.002473988692007035,0.0034151109498998123
1473439,2025,13,5,0,97.61538461538461,21.405405405405403,-69.27166666666668,3,7,interaction_mid,0.0020536041997059997,0.0028638765725956684
1473439,2025,13,6,0,97.61538461538461,21.0,-64.94,3,7,interaction_mid,0.002945205620656253,0.0040268488290322564
1473439,2025,13,7,0,97.61538461538461,21.6,-74.94999999999999,4,6,interaction_mid,0.0014368377835931503,0.00204322700689543
1473439,2025,14,1,0,97.61538461538461,21.6,-74.94999999999999,4,6,interaction_mid,0.002210864212679268,0.0029143308432136947
1473439,2025,14,2,0,97.61538461538461,22.235294117647058,-84.48333333333335,5,5,interaction_mid,0.0012292895239139285,0.0016643717251842503
1473439,2025,14,3,0,97.61538461538461,22.727272727272727,-84.67500000000001,5,5,interaction_mid,0.001060916183248583,0.0014460527263911035
1473439,2025,14,4,0,97.61538461538461,23.4375,-85.86666666666667,5,5,interaction_mid,0.0009624791292334482,0.0013176934760405368
1473439,2025,14,5,0,97.61538461538461,23.032258064516128,-81.05833333333334,5,5,interaction_mid,0.0011166304373199524,0.001518458105132346
1473439,2025,14,6,0,97.61538461538461,23.599999999999998,-81.25,5,5,interaction_mid,0.0009654080921732238,0.0013215211412686933
1473439,2025,15,1,0,97.61538461538461,24.413793103448274,-82.44166666666666,5,5,interaction_mid,0.0008326232996612082,0.0011382125756404988
1473439,2025,15,2,0,97.61538461538461,25.071428571428573,-82.63333333333333,5,5,interaction_mid,0.0007940690701338459,0.001087732798784066
1473439,2025,15,3,0,97.61538461538461,25.77777777777778,-82.82499999999999,5,5,interaction_mid,0.00075171286828884,0.0010321519537614715
1473439,2025,15,4,0,97.61538461538461,26.53846153846154,-83.01666666666665,5,5,interaction_mid,0.0006972261947611599,0.0009604518171096279
1473439,2025,15,5,0,97.61538461538461,27.36,-83.20833333333337,5,5,interaction_mid,0.0006806010464841752,0.0009385268446382229
1473439,2025,15,6,0,97.61538461538461,28.5,-84.40000000000003,5,5,interaction_mid,0.0006555619636360636,0.0009054616706708975
1473440,2025,7,1,1,-9.740740740740733,6.311688311688312,9.512500000000003,1,9,interaction_mid,0.9805563167607024,0.9661890574553372
1473440,2025,7,2,1,-9.740740740740733,6.315789473684211,9.349999999999994,1,9,interaction_mid,0.9797170155764053,0.964959951109432
1473440,2025,7,3,1,-9.740740740740733,6.24,10.1875,1,9,interaction_mid,0.9814428589058246,0.9674968764088994
1473440,2025,7,4,1,-9.740740740740733,6.324324324324324,9.025000000000006,1,9,interaction_mid,0.9804936788868441,0.9660970303221327
1473440,2025,7,5,1,-9.740740740740733,6.41095890410959,-1.566666666666677,2,8,interaction_mid,0.9331924825791333,0.9047783715732002
1473440,2025,7,6,1,-9.740740740740733,6.416666666666666,-1.6000000000000085,2,8,interaction_mid,0.9195463050011043,0.888888194568119
1473440,2025,8,1,1,-9.740740740740733,6.253521126760563,0.36666666666667425,2,8,interaction_mid,0.9340212469983551,0.9108841812227749
1473440,2025,8,2,1,-9.740740740740733,6.342857142857143,-0.666666666666643,2,8,interaction_mid,0.9343789537211344,0.9112984272593407
1473440,2025,8,3,1,-9.740740740740733,6.3478260869565215,-0.7000000000000028,2,8,interaction_mid,0.9314028906141243,0.9078625139909295
1473440,2025,8,4,1,-9.740740740740733,6.352941176470589,-0.7333333333333343,2,8,interaction_mid,0.9366487350117563,0.9139352765808332
1473440,2025,8,5,1,-9.740740740740733,6.35820895522388,-0.7666666666666515,2,8,interaction_mid,0.9399792552084257,0.9178312643808552
1473440,2025,8,6,1,-9.740740740740733,6.363636363636363,-0.7999999999999972,2,8,interaction_mid,0.9434523285887579,0.9219298723023793
1473440,2025,8,7,1,-9.740740740740733,5.907692307692308,4.166666666666671,2,8,interaction_mid,0.9622924823176808,0.9449218475550443
1473440,2025,9,1,1,-9.740740740740733,5.723076923076923,6.166666666666671,2,8,interaction_mid,0.9826965747885221,0.9692247906846653
1473440,2025,9,2,1,-9.740740740740733,5.71875,6.13333333333334,2,8,interaction_mid,0.9827712220848414,0.9693361119678423
1473440,2025,9,3,1,-9.740740740740733,5.809523809523809,5.1000000000000085,2,8,interaction_mid,0.9809935251780445,0.9667065869851718
1473440,2025,9,4,1,-9.740740740740733,5.903225806451613,-3.941666666666663,3,7,interaction_mid,0.9397888124595533,0.9131052182414798
1473440,2025,9,5,1,-9.740740740740733,5.9016393442622945,-3.8458333333333456,3,7,interaction_mid,0.9373387453570104,0.910196724144603
1473440,2025,9,6,1,-9.740740740740733,6.0,-4.75,3,7,interaction_mid,0.9397212654778246,0.913024736588444
1473440,2025,10,1,1,-9.740740740740733,6.0,-4.654166666666669,3,7,interaction_mid,0.9340021893086612,0.9160515996650525
1473440,2025,10,2,1,-9.740740740740733,6.1034482758620685,-5.558333333333323,3,7,interaction_mid,0.9377784520937102,0.9202674345165666
1473440,2025,10,3,1,-9.740740740740733,6.105263157894737,-5.4624999999999915,3,7,interaction_mid,0.9399173111282974,0.9226704806727987
1473440,2025,10,4,1,-9.740740740740733,6.107142857142857,-5.366666666666674,3,7,interaction_mid,0.9428200084652851,0.9259502359299118
1473440,2025,10,5,1,-9.740740740740733,6.218181818181819,-6.270833333333343,3,7,interaction_mid,0.9409787256365337,0.9238672509050759
1473440,2025,10,6,1,-9.740740740740733,6.222222222222221,-6.175000000000011,3,7,interaction_mid,0.9381805553236233,0.9207183446758257
1473440,2025,11,1,1,-9.740740740740733,5.660377358490566,-1.07916666666668,3,7,interaction_mid,0.9659553961475911,0.9561968652586404
1473440,2025,11,2,1,-9.740740740740733,5.653846153846153,-0.9833333333333343,3,7,interaction_mid,0.966777568182533,0.9571512889101724
1473440,2025,11,3,1,-9.740740740740733,5.764705882352941,-1.8875000000000028,3,7,interaction_mid,0.9610109693130113,0.950506071372043
1473440,2025,11,4,1,-9.740740740740733,5.88,-9.25,4,6,interaction_mid,0.9255602011436744,0.9115121906800167
1473440,2025,11,5,1,-9.740740740740733,5.877551020408163,-9.025000000000006,4,6,interaction_mid,0.9243476785426294,0.9102212236274108
1473440,2025,11,6,1,-9.740740740740733,6.0,-9.799999999999997,4,6,interaction_mid,0.9222831573335883,0.9080283585821638
1473440,2025,12,1,1,-9.740740740740733,6.127659574468085,-10.575000000000003,4,6,interaction_mid,0.9256419677874431,0.911592593795376
1473440,2025,12,2,1,-9.740740740740733,6.260869565217391,-11.350000000000009,4,6,interaction_mid,0.9159763222385984,0.9013136065017506
1473440,2025,12,3,1,-9.740740740740733,6.2666666666666675,-11.125,4,6,interaction_mid,0.9187718328371839,0.9042728434360795
1473440,2025,12,4,1,-9.740740740740733,6.136363636363637,-9.900000000000006,4,6,interaction_mid,0.9386807157876809,0.9256905029193966
1473440,2025,12,5,1,-9.740740740740733,6.279069767441861,-10.675000000000011,4,6,interaction_mid,0.9279642875337871,0.9140829391473739
1473440,2025,12,6,1,-9.740740740740733,6.2857142857142865,-10.450000000000003,4,6,interaction_mid,0.9286348944163743,0.9148036457226009
1473440,2025,13,1,1,-9.740740740740733,6.2926829268292686,-10.225000000000009,4,6,interaction_mid,0.9261991860356832,0.916284750058881
1473440,2025,13,2,1,-9.740740740740733,6.449999999999999,-11.0,4,6,interaction_mid,0.9183293649049942,0.907959805804156
1473440,2025,13,3,1,-9.740740740740733,6.461538461538462,-10.774999999999991,4,6,interaction_mid,0.9150552119005304,0.9045132353298342
1473440,2025,13,4,1,-9.740740740740733,6.473684210526316,-10.550000000000011,4,6,interaction_mid,0.9242207658049362,0.9141862971754547
1473440,2025,13,5,1,-9.740740740740733,6.648648648648649,-11.324999999999989,4,6,interaction_mid,0.9104200356455326,0.8996499373005089
1473440,2025,13,6,1,-9.740740740740733,6.666666666666667,-11.100000000000009,4,6,interaction_mid,0.9103149182290873,0.8995398569315753
1473440,2025,14,1,1,-9.740740740740733,6.857142857142857,-16.395833333333314,5,5,interaction_mid,0.8198442783281313,0.8097912473196478
1473440,2025,14,2,1,-9.740740740740733,7.0588235294117645,-17.041666666666686,5,5,interaction_mid,0.8135768055314665,0.8035558858467771
1473440,2025,14,3,1,-9.740740740740733,7.272727272727273,-17.6875,5,5,interaction_mid,0.7970874488174186,0.7872080260335884
1473440,2025,14,4,1,-9.740740740740733,7.3125,-17.333333333333343,5,5,interaction_mid,0.8011330482820258,0.7912115672512529
1473440,2025,14,5,1,-9.740740740740733,7.35483870967742,-16.979166666666657,5,5,interaction_mid,0.8091075666854509,0.7991170266165641
1473440,2025,14,6,1,-9.740740740740733,7.4,-16.625,5,5,interaction_mid,0.8028268414226369,0.7928891367395096
1473440,2025,15,1,1,-9.740740740740733,7.448275862068966,-16.270833333333343,5,5,interaction_mid,0.8140853867762226,0.8056897449996983
1473440,2025,15,2,1,-9.740740740740733,7.5,-15.916666666666657,5,5,interaction_mid,0.8220582443870534,0.8135920664008378
1473440,2025,15,3,1,-9.740740740740733,7.555555555555555,-15.5625,5,5,interaction_mid,0.8097614338759407,0.8014115912223776
1473440,2025,15,4,1,-9.740740740740733,7.615384615384615,-15.208333333333314,5,5,interaction_mid,0.8204793733593665,0.8120256955098739
1473440,2025,15,5,1,-9.740740740740733,7.68,-14.854166666666686,5,5,interaction_mid,0.811789179143878,0.8034172134605987
1473440,2025,15,6,1,-9.740740740740733,7.75,-14.5,5,5,interaction_mid,0.8213825228730933,0.8129216044027152
1473441,2025,7,1,1,-22.5,11.142857142857142,-74.94583333333333,5,5,interaction_mid,0.06730441830108037,0.09408368354317186
1473441,2025,7,2,1,-22.5,11.210526315789474,-74.81666666666666,5,5,interaction_mid,0.0763142133616097,0.10445429980823906
1473441,2025,7,3,1,-22.5,11.040000000000001,-71.6875,5,5,interaction_mid,0.08650952787249372,0.11592330353982086
1473441,2025,7,4,1,-22.5,11.18918918918919,-72.55833333333334,5,5,interaction_mid,0.08777855409710786,0.1173329345345086
1473441,2025,7,5,1,-22.5,11.342465753424658,-73.42916666666667,5,5,interaction_mid,0.08659084191241138,0.11601374057735628
1473441,2025,7,6,1,-22.5,11.5,-74.29999999999998,5,5,interaction_mid,0.0851336254182379,0.1143906460398432
1473441,2025,8,1,1,-22.5,11.154929577464788,-69.17083333333332,5,5,interaction_mid,0.11255348536587864,0.1395373244186561
1473441,2025,8,2,1,-22.5,11.228571428571428,-69.04166666666666,5,5,interaction_mid,0.10961869986858665,0.13643063688899248
1473441,2025,8,3,1,-22.5,11.043478260869565,-65.9125,5,5,interaction_mid,0.12097824810011451,0.1483853089257973
1473441,2025,8,4,1,-22.5,11.205882352941178,-66.78333333333333,5,5,interaction_mid,0.1203696993034931,0.14774955821908306
1473441,2025,8,5,1,-22.5,11.373134328358208,-67.65416666666667,5,5,interaction_mid,0.11903365051444147,0.14635198728888185
1473441,2025,8,6,1,-22.5,11.545454545454547,-68.525,5,5,interaction_mid,0.11189359043269456,0.1388399127001236
1473441,2025,9,1,1,-22.5,11.63076923076923,-68.39583333333334,5,5,interaction_mid,0.11016435704234775,0.14699897720971575
1473441,2025,9,2,1,-22.5,11.625,-67.26666666666668,5,5,interaction_mid,0.11600968595155584,0.15331968965354933
1473441,2025,9,3,1,-22.5,11.714285714285714,-67.13750000000002,5,5,interaction_mid,0.11261454069752422,0.14965647844805302
1473441,2025,9,4,1,-22.5,11.903225806451612,-68.00833333333333,5,5,interaction_mid,0.10449464548310179,0.1408031246274968
1473441,2025,9,5,1,-22.5,12.098360655737704,-68.87916666666666,5,5,interaction_mid,0.09632470151471692,0.13175398286719453
1473441,2025,9,6,1,-22.5,12.2,-68.75,5,5,interaction_mid,0.09239506869696631,0.1273469959453371
1473441,2025,10,1,1,-22.5,12.305084745762711,-68.62083333333334,5,5,interaction_mid,0.08578811158221131,0.11093380467448224
1473441,2025,10,2,1,-22.5,12.517241379310345,-69.49166666666667,5,5,interaction_mid,0.0822225572779794,0.10692463777385204
1473441,2025,10,3,1,-22.5,12.631578947368421,-69.36249999999998,5,5,interaction_mid,0.07744345616418134,0.10151053230304033
1473441,2025,10,4,1,-22.5,12.857142857142858,-70.23333333333332,5,5,interaction_mid,0.07102239971447007,0.09415850592848947
1473441,2025,10,5,1,-22.5,12.654545454545453,-67.10416666666669,5,5,interaction_mid,0.0862895336500986,0.11149562173405508
1473441,2025,10,6,1,-22.5,12.777777777777779,-66.975,5,5,interaction_mid,0.08444691158720936,0.10942867123694784
1473441,2025,11,1,1,-22.5,12.90566037735849,-66.84583333333333,5,5,interaction_mid,0.08178557359220553,0.10308450944493178
1473441,2025,11,2,1,-22.5,13.038461538461537,-66.71666666666667,5,5,interaction_mid,0.08034897168434889,0.10147270397572156
1473441,2025,11,3,1,-22.5,13.176470588235295,-66.5875,5,5,interaction_mid,0.08026985015943947,0.10138382993020739
1473441,2025,11,4,1,-22.5,13.440000000000001,-67.45833333333331,5,5,interaction_mid,0.0722533581363664,0.09232110522373395
1473441,2025,11,5,1,-22.5,13.591836734693878,-67.32916666666668,5,5,interaction_mid,0.0684204691522517,0.08794509318858465
1473441,2025,11,6,1,-22.5,13.75,-67.20000000000002,5,5,interaction_mid,0.0675939891494019,0.08699764607728135
1473441,2025,11,7,1,-22.5,13.914893617021276,-67.07083333333333,5,5,interaction_mid,0.06581962236946759,0.08495881053576393
1473441,2025,12,1,1,-22.5,13.148936170212766,-61.070833333333326,5,5,interaction_mid,0.08330547800471676,0.10293893819875016
1473441,2025,12,2,1,-22.5,12.652173913043478,-55.94166666666666,5,5,interaction_mid,0.11310242151001923,0.1352634141840503
1473441,2025,12,3,1,-22.5,12.933333333333334,-64.65,6,4,interaction_mid,0.0418047415590003,0.05541554961269373
1473441,2025,12,4,1,-22.5,13.09090909090909,-64.34666666666666,6,4,interaction_mid,0.049950047720444916,0.06505093296362532
1473441,2025,12,5,1,-22.5,13.25581395348837,-64.04333333333335,6,4,interaction_mid,0.05270820232781041,0.06827323328287284
1473441,2025,12,6,1,-22.5,13.428571428571429,-63.74000000000001,6,4,interaction_mid,0.05100529939164273,0.06628603092875249
1473441,2025,13,1,1,-22.5,13.170731707317074,-60.43666666666667,6,4,interaction_mid,0.0612187076737223,0.07022865511641338
1473441,2025,13,2,1,-22.5,13.350000000000001,-60.133333333333326,6,4,interaction_mid,0.061257224463415645,0.07027005483766843
1473441,2025,13,3,1,-22.5,13.538461538461538,-59.83000000000001,6,4,interaction_mid,0.05982440059326606,0.0687287742765491
1473441,2025,13,4,1,-22.5,13.263157894736842,-56.52666666666667,6,4,interaction_mid,0.0689715903519675,0.07852721693023304
1473441,2025,13,5,1,-22.5,12.648648648648647,-51.22333333333333,6,4,interaction_mid,0.09247218851993233,0.1033127100716723
1473441,2025,13,6,1,-22.5,12.833333333333332,-50.91999999999999,6,4,interaction_mid,0.09276677811705998,0.103620324549405
1473441,2025,14,1,1,-22.5,12.514285714285716,-47.616666666666674,6,4,interaction_mid,0.09833061394502786,0.1076985305640033
1473441,2025,14,2,1,-22.5,12.705882352941178,-47.31333333333333,6,4,interaction_mid,0.09341119831373736,0.10259885492787892
1473441,2025,14,3,1,-22.5,12.909090909090908,-47.00999999999999,6,4,interaction_mid,0.10044815627646408,0.1098889154066765
1473441,2025,14,4,1,-22.5,13.125,-46.70666666666665,6,4,interaction_mid,0.09930559648017923,0.10870740009942625
1473441,2025,14,5,1,-22.5,12.387096774193548,-41.403333333333336,6,4,interaction_mid,0.12681538994691668,0.13694768512766503
1473441,2025,14,6,1,-22.5,12.600000000000001,-41.099999999999994,6,4,interaction_mid,0.12422536597399617,0.13430606683152674
1473441,2025,14,7,1,-22.5,12.827586206896552,-40.79666666666665,6,4,interaction_mid,0.11833973190275503,0.12829064492436187
1473441,2025,15,1,1,-22.5,11.586206896551724,-34.79666666666665,6,4,interaction_mid,0.1741511811797867,0.18528972783633313
1473441,2025,15,2,1,-22.5,11.142857142857142,-31.49333333333331,6,4,interaction_mid,0.22241465470408733,0.23341102425920787
1473441,2025,15,3,1,-22.5,11.333333333333332,-31.189999999999998,6,4,interaction_mid,0.2138674998873938,0.22493791159952636
1473441,2025,15,4,1,-22.5,10.846153846153847,-27.886666666666656,6,4,interaction_mid,0.30025567382897045,0.3098164969073283
1473441,2025,15,5,1,-22.5,10.32,-24.583333333333314,6,4,interaction_mid,0.4004312551447129,0.4067197835515236
1473441,2025,15,6,1,-22.5,10.5,-24.279999999999973,6,4,interaction_mid,0.42611676725246556,0.43140248501189016
1473442,2025,7,1,0,67.25,13.09090909090909,-26.66749999999999,1,9,interaction_mid,0.13375162510615815,0.16626206037040533
1473442,2025,7,2,0,67.25,12.947368421052632,-24.49000000000001,1,9,interaction_mid,0.15126653595714243,0.1840284249644556
1473442,2025,7,3,0,67.25,13.12,-26.3125,1,9,interaction_mid,0.1448954769963682,0.17761211197626653
1473442,2025,7,4,0,67.25,13.216216216216216,-27.13499999999999,1,9,interaction_mid,0.14232472699974488,0.17500851536378806
1473442,2025,7,5,0,67.25,13.397260273972602,-28.95750000000001,1,9,interaction_mid,0.13359370653019914,0.1660999960392065
1473442,2025,7,6,0,67.25,13.5,-29.779999999999987,1,9,interaction_mid,0.1204272150202856,0.15245812963294536
1473442,2025,8,1,0,67.25,13.35211267605634,-27.602500000000006,1,9,interaction_mid,0.1347613190295503,0.16265354442050653
1473442,2025,8,2,0,67.25,13.200000000000001,-25.424999999999997,1,9,interaction_mid,0.14841137903330645,0.17655680951844918
1473442,2025,8,3,0,67.25,13.391304347826088,-27.247500000000016,1,9,interaction_mid,0.14588322843284315,0.1739976181003996
1473442,2025,8,4,0,67.25,13.588235294117647,-29.069999999999993,1,9,interaction_mid,0.129793860051344,0.15753930034212463
1473442,2025,8,5,0,67.25,13.701492537313435,-29.892499999999984,1,9,interaction_mid,0.12639559665428574,0.1540227027121057
1473442,2025,8,6,0,67.25,13.81818181818182,-30.714999999999975,1,9,interaction_mid,0.12344801760843792,0.15096027929710254
1473442,2025,8,7,0,67.25,13.938461538461539,-31.537499999999994,1,9,interaction_mid,0.12097004286970259,0.1483767403184795
1473442,2025,9,1,0,67.25,13.384615384615385,-25.537499999999994,1,9,interaction_mid,0.15373652321966033,0.19271722999241564
1473442,2025,9,2,0,67.25,13.5,-26.36,1,9,interaction_mid,0.1430555921227366,0.18178475238353134
1473442,2025,9,3,0,67.25,13.619047619047619,-27.182500000000005,1,9,interaction_mid,0.13551368341097914,0.17396603447859738
1473442,2025,9,4,0,67.25,13.741935483870968,-28.004999999999967,1,9,interaction_mid,0.14051501226722907,0.17916044934226275
1473442,2025,9,5,0,67.25,13.868852459016395,-28.827499999999986,1,9,interaction_mid,0.12869722240563364,0.16682338313448658
1473442,2025,9,6,0,67.25,14.0,-29.650000000000006,1,9,interaction_mid,0.127605691008936,0.1656725943175758
1473442,2025,10,1,0,67.25,14.135593220338983,-30.472499999999997,1,9,interaction_mid,0.118164310899375,0.14632902873352438
1473442,2025,10,2,0,67.25,14.172413793103448,-30.294999999999987,1,9,interaction_mid,0.11299257478374831,0.14078412475423124
1473442,2025,10,3,0,67.25,14.315789473684209,-31.117500000000007,1,9,interaction_mid,0.10299079465552657,0.12995000901472142
1473442,2025,10,4,0,67.25,13.92857142857143,-26.939999999999998,1,9,interaction_mid,0.14009199211788376,0.1694524521742138
1473442,2025,10,5,0,67.25,14.07272727272727,-27.762500000000017,1,9,interaction_mid,0.1470127695955001,0.17663295271874838
1473442,2025,10,6,0,67.25,13.666666666666666,-23.58499999999998,1,9,interaction_mid,0.16759123758185618,0.19769168442754054
1473442,2025,11,1,0,67.25,13.471698113207548,-21.4075,1,9,interaction_mid,0.208903625574658,0.23610900917549052
1473442,2025,11,2,0,67.25,13.615384615384615,-22.22999999999999,1,9,interaction_mid,0.20573921240100948,0.23296224581172006
1473442,2025,11,3,0,67.25,13.76470588235294,-23.05249999999998,1,9,interaction_mid,0.19255640446729394,0.219784378224466
1473442,2025,11,4,0,67.25,13.919999999999998,-23.875,1,9,interaction_mid,0.17847473868906621,0.2055778027010273
1473442,2025,11,5,0,67.25,13.46938775510204,-19.69750000000002,1,9,interaction_mid,0.24396237114192612,0.27058683089887126
1473442,2025,11,6,0,67.25,13.25,-17.519999999999982,1,9,interaction_mid,0.2638636394211131,0.28987695241897804
1473442,2025,11,7,0,67.25,13.53191489361702,-19.3425,1,9,interaction_mid,0.25224219191579256,0.2786351397575897
1473442,2025,12,1,0,67.25,12.76595744680851,-13.342500000000001,1,9,interaction_mid,0.2994701279591093,0.3209845194911578
1473442,2025,12,2,0,67.25,12.913043478260867,-14.16500000000002,1,9,interaction_mid,0.29279475089268503,0.31463612495162907
1473442,2025,12,3,0,67.25,13.200000000000001,-25.099999999999994,2,8,interaction_mid,0.19315006870694895,0.21765133202731746
1473442,2025,12,4,0,67.25,13.363636363636363,-25.72,2,8,interaction_mid,0.20405060543940703,0.22850464469288204
1473442,2025,12,5,0,67.25,13.11627906976744,-23.340000000000003,2,8,interaction_mid,0.22306033740608658,0.2472688019721556
1473442,2025,12,6,0,67.25,13.142857142857144,-22.95999999999998,2,8,interaction_mid,0.2373861381706631,0.2612841324219143
1473442,2025,13,1,0,67.25,12.585365853658537,-18.579999999999984,2,8,interaction_mid,0.270530948271126,0.2811516447238624
1473442,2025,13,2,0,67.25,12.299999999999999,-16.200000000000017,2,8,interaction_mid,0.30460903959113417,0.31404999831210517
1473442,2025,13,3,0,67.25,12.615384615384617,-17.819999999999993,2,8,interaction_mid,0.2921729795260911,0.30207081885754544
1473442,2025,13,4,0,67.25,12.0,-13.43999999999997,2,8,interaction_mid,0.34399156998392494,0.3518154644509863
1473442,2025,13,5,0,67.25,12.324324324324323,-15.060000000000002,2,8,interaction_mid,0.3379885459121909,0.3460739465503254
1473442,2025,13,6,0,67.25,12.5,-15.680000000000007,2,8,interaction_mid,0.32811640669092446,0.33662077094572385
1473442,2025,14,1,0,67.25,12.685714285714287,-16.299999999999983,2,8,interaction_mid,0.3168046331461957,0.3247002447769644
1473442,2025,14,2,0,67.25,12.882352941176471,-16.919999999999987,2,8,interaction_mid,0.30713143177535723,0.31533524748134895
1473442,2025,14,3,0,67.25,13.272727272727272,-18.54000000000002,2,8,interaction_mid,0.29732819919037085,0.3058299921360421
1473442,2025,14,4,0,67.25,13.5,-19.159999999999997,2,8,interaction_mid,0.2890084180128546,0.29775105359626725
1473442,2025,14,5,0,67.25,13.935483870967744,-20.78,2,8,interaction_mid,0.2781476542281831,0.28718700367445976
1473442,2025,14,6,0,67.25,14.2,-21.400000000000006,2,8,interaction_mid,0.2708671704881792,0.2800935767485341
1473442,2025,14,7,0,67.25,14.482758620689655,-22.019999999999982,2,8,interaction_mid,0.2592811180884176,0.2687843706255906
1473442,2025,15,1,0,67.25,14.068965517241377,-20.019999999999982,2,8,interaction_mid,0.2820385529959758,0.29204316101665184
1473442,2025,15,2,0,67.25,14.357142857142858,-20.640000000000015,2,8,interaction_mid,0.2655532549885823,0.275907346728468
1473442,2025,15,3,0,67.25,14.666666666666668,-21.25999999999999,2,8,interaction_mid,0.2424111088928354,0.25316249772919625
1473442,2025,15,4,0,67.25,15.0,-21.879999999999995,2,8,interaction_mid,0.23029945763102017,0.24121085737630527
1473442,2025,15,5,0,67.25,15.36,-22.49999999999997,2,8,interaction_mid,0.21580841250326707,0.22686370654141225
1473442,2025,15,6,0,67.25,15.5,-22.120000000000005,2,8,interaction_mid,0.22470768331829355,0.23568095714157752
1473443,2025,7,1,1,-29.0,8.103896103896105,-15.7975,1,9,interaction_mid,0.8260041148631738,0.790153368151058
1473443,2025,7,2,1,-29.0,8.131578947368421,-15.930000000000007,1,9,interaction_mid,0.8241483163665464,0.7883188676498903
1473443,2025,7,3,1,-29.0,8.24,-17.0625,1,9,interaction_mid,0.8055914276368916,0.7701654267678169
1473443,2025,7,4,1,-29.0,8.27027027027027,-17.194999999999993,1,9,interaction_mid,0.8023508591591617,0.7670288446382004
1473443,2025,7,5,1,-29.0,8.301369863013699,-17.3275,1,9,interaction_mid,0.8065600482506297,0.7711048197269837
1473443,2025,7,6,1,-29.0,8.083333333333334,-14.459999999999994,1,9,interaction_mid,0.822800632350334,0.7869889143647067
1473443,2025,8,1,1,-29.0,8.112676056338028,-14.592500000000001,1,9,interaction_mid,0.8415112527826991,0.8119427304096288
1473443,2025,8,2,1,-29.0,8.142857142857142,-14.724999999999994,1,9,interaction_mid,0.8366828462078088,0.8070965054810858
1473443,2025,8,3,1,-29.0,8.173913043478262,-14.857500000000002,1,9,interaction_mid,0.8400198584922354,0.8104433440446477
1473443,2025,8,4,1,-29.0,8.205882352941178,-14.989999999999995,1,9,interaction_mid,0.8277056118116228,0.7981461943558226
1473443,2025,8,5,1,-29.0,8.238805970149254,-15.122499999999988,1,9,interaction_mid,0.8355464898572094,0.8059593057012403
1473443,2025,8,6,1,-29.0,8.272727272727273,-15.254999999999981,1,9,interaction_mid,0.8302761973790824,0.8007013165853046
1473443,2025,9,1,1,-29.0,8.399999999999999,-16.38749999999999,1,9,interaction_mid,0.824920890509302,0.7915471511700615
1473443,2025,9,2,1,-29.0,8.53125,-17.519999999999996,1,9,interaction_mid,0.81944273957236,0.7862438418955664
1473443,2025,9,3,1,-29.0,8.095238095238095,-12.65249999999999,1,9,interaction_mid,0.8539146309411716,0.8201687081430865
1473443,2025,9,4,1,-29.0,8.032258064516128,-11.784999999999982,1,9,interaction_mid,0.862270069702815,0.8286113760495033
1473443,2025,9,5,1,-29.0,8.065573770491802,-11.917500000000004,1,9,interaction_mid,0.8624636776030978,0.8288081524355332
1473443,2025,9,6,1,-29.0,8.2,-13.050000000000011,1,9,interaction_mid,0.8621063103518705,0.8284449782703197
1473443,2025,10,1,1,-29.0,8.338983050847459,-21.60666666666667,2,8,interaction_mid,0.8058000465732623,0.785203034032846
1473443,2025,10,2,1,-29.0,8.379310344827587,-21.61333333333333,2,8,interaction_mid,0.8169721048148884,0.7959766707820334
1473443,2025,10,3,1,-29.0,8.421052631578947,-21.620000000000005,2,8,interaction_mid,0.8296790325813876,0.8083353472387871
1473443,2025,10,4,1,-29.0,8.464285714285715,-21.62666666666668,2,8,interaction_mid,0.8219731113657597,0.8008267459660925
1473443,2025,10,5,1,-29.0,7.963636363636365,-16.633333333333326,2,8,interaction_mid,0.8663098128183107,0.8446959396049747
1473443,2025,10,6,1,-29.0,8.0,-16.639999999999986,2,8,interaction_mid,0.8639767374516973,0.8423431662186662
1473443,2025,11,1,1,-29.0,7.471698113207546,-11.646666666666675,2,8,interaction_mid,0.8998196125236047,0.8845486383250355
1473443,2025,11,2,1,-29.0,7.5,-11.653333333333336,2,8,interaction_mid,0.8983911718823163,0.8830767302330312
1473443,2025,11,3,1,-29.0,7.529411764705882,-11.659999999999982,2,8,interaction_mid,0.8910606452328719,0.8755583598147889
1473443,2025,11,4,1,-29.0,7.68,-12.666666666666657,2,8,interaction_mid,0.8939287160774013,0.8784930520867654
1473443,2025,11,5,1,-29.0,7.714285714285715,-12.673333333333332,2,8,interaction_mid,0.8918789938669349,0.8763948376618909
1473443,2025,11,6,1,-29.0,7.75,-12.679999999999993,2,8,interaction_mid,0.8829389747271703,0.8672934367283794
1473443,2025,12,1,1,-29.0,7.404255319148936,-9.686666666666667,2,8,interaction_mid,0.9056021030004986,0.8904210238611197
1473443,2025,12,2,1,-29.0,7.434782608695652,-9.693333333333342,2,8,interaction_mid,0.9106134059899904,0.8956657575969115
1473443,2025,12,3,1,-29.0,7.066666666666666,-6.699999999999989,2,8,interaction_mid,0.9322207400750518,0.9186697911015805
1473443,2025,12,4,1,-29.0,7.090909090909092,-6.7066666666666634,2,8,interaction_mid,0.9318412668156661,0.9182596464429371
1473443,2025,12,5,1,-29.0,7.116279069767442,-6.713333333333338,2,8,interaction_mid,0.9273131152597807,0.9133838019819112
1473443,2025,12,6,1,-29.0,7.0,-5.719999999999999,2,8,interaction_mid,0.9382493072607082,0.9252192955764674
1473443,2025,13,1,1,-29.0,7.024390243902438,-5.7266666666666595,2,8,interaction_mid,0.9323211942111884,0.9228035998921726
1473443,2025,13,2,1,-29.0,7.050000000000001,-5.7333333333333485,2,8,interaction_mid,0.9355548867702567,0.9262632478996367
1473443,2025,13,3,1,-29.0,7.076923076923077,-5.739999999999995,2,8,interaction_mid,0.9322734386202661,0.9227525944562988
1473443,2025,13,4,1,-29.0,7.105263157894736,-5.7466666666666555,2,8,interaction_mid,0.9339143928744549,0.9245066596338318
1473443,2025,13,5,1,-29.0,7.135135135135135,-5.75333333333333,2,8,interaction_mid,0.9263913628635438,0.9164887945378608
1473443,2025,13,6,1,-29.0,7.166666666666666,-5.760000000000005,2,8,interaction_mid,0.9294624183339628,0.9197546169637261
1473443,2025,14,1,1,-29.0,7.199999999999999,-5.7666666666666515,2,8,interaction_mid,0.9268795481856713,0.918857855433978
1473443,2025,14,2,1,-29.0,7.235294117647058,-5.773333333333326,2,8,interaction_mid,0.922928112688743,0.914713095822055
1473443,2025,14,3,1,-29.0,7.272727272727273,-5.780000000000001,2,8,interaction_mid,0.9250360140528839,0.916922546913416
1473443,2025,14,4,1,-29.0,7.3125,-5.786666666666662,2,8,interaction_mid,0.9216580338610239,0.9133835352176303
1473443,2025,14,5,1,-29.0,7.35483870967742,-5.7933333333333366,2,8,interaction_mid,0.9257234560478701,0.9176438840513269
1473443,2025,14,6,1,-29.0,6.8,-2.8000000000000114,2,8,interaction_mid,0.9484733293328125,0.9417591715375485
1473443,2025,15,1,1,-29.0,6.206896551724139,0.19333333333334224,2,8,interaction_mid,0.9772592480234908,0.9736117686242554
1473443,2025,15,2,1,-29.0,6.428571428571429,-0.8133333333333326,2,8,interaction_mid,0.9728801852855355,0.968788027057919
1473443,2025,15,3,1,-29.0,6.444444444444445,-0.8199999999999932,2,8,interaction_mid,0.9698004375832627,0.965419090830458
1473443,2025,15,4,1,-29.0,6.6923076923076925,-1.826666666666668,2,8,interaction_mid,0.9544727979299537,0.9488815125730724
1473443,2025,15,5,1,-29.0,6.720000000000001,-1.8333333333333286,2,8,interaction_mid,0.9545480780925986,0.9489619418941012
1473443,2025,15,6,1,-29.0,6.75,-1.8399999999999892,2,8,interaction_mid,0.9545337989513761,0.9489466855279284
1473444,2025,7,1,1,-5.357142857142861,7.324675324675324,16.72500000000001,1,9,interaction_mid,0.9456625529630547,0.9198319966566473
1473444,2025,7,2,1,-5.357142857142861,7.342105263157894,16.299999999999997,1,9,interaction_mid,0.9479051421590087,0.9226027207943285
1473444,2025,7,3,1,-5.357142857142861,7.120000000000001,18.875,1,9,interaction_mid,0.9570961856413789,0.9341958862878197
1473444,2025,7,4,1,-5.357142857142861,7.135135135135135,18.450000000000003,1,9,interaction_mid,0.9570458835617413,0.9341313051008207
1473444,2025,7,5,1,-5.357142857142861,7.15068493150685,18.02499999999999,1,9,interaction_mid,0.9576639913692098,0.934925806937106
1473444,2025,7,6,1,-5.357142857142861,7.166666666666666,17.60000000000001,1,9,interaction_mid,0.9600778742408131,0.938048531732492
1473444,2025,7,7,1,-5.357142857142861,7.183098591549296,17.174999999999997,1,9,interaction_mid,0.961090871674833,0.9393688148113523
1473444,2025,7,8,1,-5.357142857142861,6.942857142857143,19.75,1,9,interaction_mid,0.9698430494180569,0.9510479160497697
1473444,2025,7,9,1,-5.357142857142861,6.9565217391304355,19.32499999999999,1,9,interaction_mid,0.9700060949602539,0.951270616201762
1473444,2025,8,1,1,-5.357142857142861,6.507042253521128,25.174999999999997,1,9,interaction_mid,0.9762080427058748,0.9630188281929264
1473444,2025,8,2,1,-5.357142857142861,6.514285714285714,24.75,1,9,interaction_mid,0.9762871790568695,0.9631254906430934
1473444,2025,8,3,1,-5.357142857142861,6.260869565217391,27.32499999999999,1,9,interaction_mid,0.9753812464746123,0.9619074255331083
1473444,2025,8,4,1,-5.357142857142861,6.264705882352942,26.900000000000006,1,9,interaction_mid,0.9760401735508141,0.9627927354062913
1473444,2025,8,5,1,-5.357142857142861,6.35820895522388,14.866666666666688,2,8,interaction_mid,0.9673119438819978,0.9513142212989456
1473444,2025,8,6,1,-5.357142857142861,6.454545454545454,13.600000000000009,2,8,interaction_mid,0.951914812270551,0.9320852601210894
1473444,2025,8,7,1,-5.357142857142861,6.553846153846154,12.333333333333343,2,8,interaction_mid,0.9568028328111585,0.9380734316070204
1473444,2025,9,1,1,-5.357142857142861,6.184615384615384,16.333333333333343,2,8,interaction_mid,0.9611851929663828,0.9395966280766753
1473444,2025,9,2,1,-5.357142857142861,6.1875,16.066666666666677,2,8,interaction_mid,0.9629872174437795,0.9419362966488419
1473444,2025,9,3,1,-5.357142857142861,6.190476190476192,15.800000000000011,2,8,interaction_mid,0.9644500241633276,0.9438507688496968
1473444,2025,9,4,1,-5.357142857142861,6.193548387096774,15.533333333333331,2,8,interaction_mid,0.9697812985727037,0.9509545195914515
1473444,2025,9,5,1,-5.357142857142861,6.19672131147541,15.26666666666668,2,8,interaction_mid,0.9711422681195372,0.9528027613373298
1473444,2025,9,6,1,-5.357142857142861,6.200000000000001,15.0,2,8,interaction_mid,0.9730894502822799,0.9554743808004325
1473444,2025,10,1,1,-5.357142857142861,6.305084745762713,13.733333333333334,2,8,interaction_mid,0.9751078980471808,0.9643395879727561
1473444,2025,10,2,1,-5.357142857142861,6.310344827586206,13.466666666666669,2,8,interaction_mid,0.9751749071306894,0.9644242256081486
1473444,2025,10,3,1,-5.357142857142861,6.0,16.200000000000003,2,8,interaction_mid,0.9803111668534563,0.9710039128305589
1473444,2025,10,4,1,-5.357142857142861,5.678571428571429,18.933333333333323,2,8,interaction_mid,0.9825373759328624,0.9739196086072415
1473444,2025,10,5,1,-5.357142857142861,5.781818181818181,17.66666666666667,2,8,interaction_mid,0.9829527891720111,0.9744685804925134
1473444,2025,10,6,1,-5.357142857142861,5.888888888888889,7.849999999999994,3,7,interaction_mid,0.9717061788967994,0.9600788883801534
1473444,2025,10,7,1,-5.357142857142861,6.0,6.741666666666646,3,7,interaction_mid,0.9669548925022977,0.9542343197952402
1473444,2025,11,1,1,-5.357142857142861,5.320754716981132,12.741666666666646,3,7,interaction_mid,0.9711210875621684,0.9622362226699201
1473444,2025,11,2,1,-5.357142857142861,5.423076923076923,11.633333333333326,3,7,interaction_mid,0.9740256314200307,0.9656805051639223
1473444,2025,11,3,1,-5.357142857142861,5.529411764705882,10.525000000000006,3,7,interaction_mid,0.9763898669374191,0.9685133477619319
1473444,2025,11,4,1,-5.357142857142861,5.5200000000000005,10.416666666666686,3,7,interaction_mid,0.9776994849469025,0.9700949072337316
1473444,2025,11,5,1,-5.357142857142861,5.142857142857142,13.308333333333337,3,7,interaction_mid,0.9808259276680444,0.9739100917554174
1473444,2025,11,6,1,-5.357142857142861,5.25,12.200000000000017,3,7,interaction_mid,0.9820847293915578,0.975463506277561
1473444,2025,12,1,1,-5.357142857142861,5.23404255319149,12.091666666666669,3,7,interaction_mid,0.9875995039415411,0.9825382820412348
1473444,2025,12,2,1,-5.357142857142861,5.217391304347826,11.98333333333332,3,7,interaction_mid,0.9876576713939873,0.9826128034910787
1473444,2025,12,3,1,-5.357142857142861,5.2,11.875,3,7,interaction_mid,0.9879749660309494,0.9830198921213873
1473444,2025,12,4,1,-5.357142857142861,5.181818181818182,11.766666666666652,3,7,interaction_mid,0.9872806627406701,0.9821303767973527
1473444,2025,12,5,1,-5.357142857142861,5.162790697674419,11.658333333333303,3,7,interaction_mid,0.9881302016825069,0.9832194252112675
1473444,2025,12,6,1,-5.357142857142861,5.285714285714286,3.9000000000000057,4,6,interaction_mid,0.9637966104541584,0.9538331190224502
1473444,2025,13,1,1,-5.357142857142861,5.2682926829268295,3.9499999999999886,4,6,interaction_mid,0.9593890991851817,0.9521805427431982
1473444,2025,13,2,1,-5.357142857142861,5.25,4.0,4,6,interaction_mid,0.9578980896878037,0.9505340407031261
1473444,2025,13,3,1,-5.357142857142861,5.230769230769231,4.050000000000011,4,6,interaction_mid,0.9595181102390138,0.952323193386705
1473444,2025,13,4,1,-5.357142857142861,4.7368421052631575,7.099999999999994,4,6,interaction_mid,0.9786870994239707,0.973918591769814
1473444,2025,13,5,1,-5.357142857142861,4.702702702702703,7.150000000000006,4,6,interaction_mid,0.9794199409630231,0.974763792810862
1473444,2025,13,6,1,-5.357142857142861,4.666666666666667,7.199999999999989,4,6,interaction_mid,0.981231930097016,0.9768617364880136
1473444,2025,14,1,1,-5.357142857142861,4.628571428571429,7.25,4,6,interaction_mid,0.9821390750994492,0.9787147866354571
1473444,2025,14,2,1,-5.357142857142861,4.764705882352941,0.9166666666666572,5,5,interaction_mid,0.9442958930686627,0.9372919536195466
1473444,2025,14,3,1,-5.357142857142861,4.727272727272727,1.125,5,5,interaction_mid,0.9393363070290306,0.9320127921884745
1473444,2025,14,4,1,-5.357142857142861,4.6875,1.3333333333333144,5,5,interaction_mid,0.9423638861270093,0.9352324070883351
1473444,2025,14,5,1,-5.357142857142861,4.064516129032258,4.541666666666657,5,5,interaction_mid,0.9479114776877414,0.9411571929994057
1473444,2025,14,6,1,-5.357142857142861,4.199999999999999,3.75,5,5,interaction_mid,0.9580690718598437,0.9521006251316746
1473444,2025,14,7,1,-5.357142857142861,3.1034482758620694,8.958333333333343,5,5,interaction_mid,0.973438334663492,0.9689541999649163
1473444,2025,15,1,1,-5.357142857142861,2.896551724137931,9.958333333333343,5,5,interaction_mid,0.9739930811100208,0.970010015732556
1473444,2025,15,2,1,-5.357142857142861,1.7142857142857142,15.166666666666686,5,5,interaction_mid,0.9815776155485865,0.9784136903917745
1473444,2025,15,3,1,-5.357142857142861,0.8888888888888888,18.375,5,5,interaction_mid,0.9910983797089217,0.9892202358461097
1473444,2025,15,4,1,-5.357142857142861,0.6923076923076923,18.583333333333343,5,5,interaction_mid,0.9914926693097168,0.9896768418635443
1473444,2025,15,5,1,-5.357142857142861,0.48,18.791666666666657,5,5,interaction_mid,0.9917727367861953,0.9900017631274418
1473444,2025,15,6,1,-5.357142857142861,0.5,18.0,5,5,interaction_mid,0.9917471101868784,0.9899720114508109
1473445,2025,7,1,0,31.60714285714286,12.233766233766232,-67.96333333333332,3,7,interaction_mid,0.05097001077407662,0.07460050415377327
1473445,2025,7,2,0,31.60714285714286,12.315789473684212,-68.10666666666665,3,7,interaction_mid,0.047528341643665054,0.07036182815553706
1473445,2025,7,3,0,31.60714285714286,12.400000000000002,-68.25,3,7,interaction_mid,0.04614618559600579,0.06864450081380408
1473445,2025,7,4,0,31.60714285714286,12.486486486486488,-68.39333333333335,3,7,interaction_mid,0.04658110632277597,0.06918585366378069
1473445,2025,7,5,0,31.60714285714286,12.493150684931507,-67.53666666666668,3,7,interaction_mid,0.04844068167397428,0.07149057908382894
1473445,2025,7,6,0,31.60714285714286,12.666666666666668,-68.68,3,7,interaction_mid,0.04406402654628518,0.0660401953989149
1473445,2025,8,1,0,31.60714285714286,12.760563380281688,-68.82333333333335,3,7,interaction_mid,0.04477925203529742,0.06334090079207404
1473445,2025,8,2,0,31.60714285714286,12.857142857142858,-68.96666666666667,3,7,interaction_mid,0.04321627595798977,0.06143071931301427
1473445,2025,8,3,0,31.60714285714286,12.695652173913043,-66.11,3,7,interaction_mid,0.054673886724342154,0.07521623220564162
1473445,2025,8,4,0,31.60714285714286,12.794117647058822,-66.25333333333334,3,7,interaction_mid,0.05379982076893839,0.07418119478196951
1473445,2025,8,5,0,31.60714285714286,12.985074626865671,-78.34,4,6,interaction_mid,0.022136020810358596,0.03443881212918008
1473445,2025,8,6,0,31.60714285714286,13.09090909090909,-78.32,4,6,interaction_mid,0.025494067530558592,0.038926303025663675
1473445,2025,9,1,0,31.60714285714286,13.292307692307693,-79.30000000000001,4,6,interaction_mid,0.0259538824270985,0.044628383234523485
1473445,2025,9,2,0,31.60714285714286,12.9375,-74.28,4,6,interaction_mid,0.03665296998023146,0.05946801978616007
1473445,2025,9,3,0,31.60714285714286,13.142857142857144,-75.26000000000002,4,6,interaction_mid,0.0361794421003805,0.058829813839489584
1473445,2025,9,4,0,31.60714285714286,12.96774193548387,-72.23999999999998,4,6,interaction_mid,0.04494155652811983,0.07040983612422823
1473445,2025,9,5,0,31.60714285714286,13.081967213114755,-72.22,4,6,interaction_mid,0.04327481041917637,0.06824222308158184
1473445,2025,9,6,0,31.60714285714286,13.200000000000001,-72.19999999999999,4,6,interaction_mid,0.042988052648641153,0.0678677250229397
1473445,2025,10,1,0,31.60714285714286,13.322033898305083,-72.18,4,6,interaction_mid,0.04282515994578546,0.06057129554348838
1473445,2025,10,2,0,31.60714285714286,13.551724137931036,-73.16,4,6,interaction_mid,0.037985664360960694,0.05453492337392028
1473445,2025,10,3,0,31.60714285714286,13.68421052631579,-73.14000000000001,4,6,interaction_mid,0.03641273297092074,0.05255105517482543
1473445,2025,10,4,0,31.60714285714286,13.82142857142857,-73.12,4,6,interaction_mid,0.036994375292738996,0.05328597394133118
1473445,2025,10,5,0,31.60714285714286,13.963636363636363,-73.10000000000002,4,6,interaction_mid,0.03657459594795275,0.0527557303582621
1473445,2025,10,6,0,31.60714285714286,13.777777777777779,-70.07999999999998,4,6,interaction_mid,0.04760998288768731,0.06644820536589832
1473445,2025,11,1,0,31.60714285714286,14.037735849056602,-71.06000000000003,4,6,interaction_mid,0.03969119700756357,0.05404775529094482
1473445,2025,11,2,0,31.60714285714286,14.307692307692307,-72.03999999999999,4,6,interaction_mid,0.03368908423739268,0.04665299356363743
1473445,2025,11,3,0,31.60714285714286,14.470588235294116,-72.02000000000001,4,6,interaction_mid,0.030885163724181874,0.04314930073339606
1473445,2025,11,4,0,31.60714285714286,14.76,-73.0,4,6,interaction_mid,0.027216690265886516,0.03851164754360914
1473445,2025,11,5,0,31.60714285714286,14.938775510204081,-72.97999999999999,4,6,interaction_mid,0.026615602393668933,0.03774548215222201
1473445,2025,11,6,0,31.60714285714286,15.25,-73.96000000000001,4,6,interaction_mid,0.023395914806262297,0.03360857601357796
1473445,2025,12,1,0,31.60714285714286,15.574468085106382,-82.61666666666667,5,5,interaction_mid,0.012801474348416235,0.0189805593288347
1473445,2025,12,2,0,31.60714285714286,15.913043478260867,-83.43333333333334,5,5,interaction_mid,0.010562135361101675,0.01593687005207205
1473445,2025,12,3,0,31.60714285714286,16.133333333333333,-83.25,5,5,interaction_mid,0.010352636911511684,0.01564915276916009
1473445,2025,12,4,0,31.60714285714286,15.954545454545455,-80.06666666666666,5,5,interaction_mid,0.013546352364478865,0.01998126051800806
1473445,2025,12,5,0,31.60714285714286,16.325581395348838,-87.90666666666667,6,4,interaction_mid,0.006925843304101903,0.010854542267176364
1473445,2025,12,6,0,31.60714285714286,16.57142857142857,-87.56,6,4,interaction_mid,0.00748271913036318,0.01164648294576351
1473445,2025,13,1,0,31.60714285714286,16.829268292682926,-87.21333333333331,6,4,interaction_mid,0.007691256435786457,0.009970519056507088
1473445,2025,13,2,0,31.60714285714286,16.950000000000003,-85.86666666666667,6,4,interaction_mid,0.007693682899323205,0.009973488030334314
1473445,2025,13,3,0,31.60714285714286,17.23076923076923,-85.52000000000001,6,4,interaction_mid,0.007612152183207281,0.009873698832411923
1473445,2025,13,4,0,31.60714285714286,17.526315789473685,-85.17333333333332,6,4,interaction_mid,0.00742760153573689,0.009647589302840886
1473445,2025,13,5,0,31.60714285714286,17.83783783783784,-84.82666666666668,6,4,interaction_mid,0.007356513417549366,0.009560406661412715
1473445,2025,13,6,0,31.60714285714286,18.166666666666664,-84.47999999999999,6,4,interaction_mid,0.007249952724914141,0.009429629067116401
1473445,2025,14,1,0,31.60714285714286,18.514285714285716,-84.13333333333333,6,4,interaction_mid,0.007591119231705013,0.009452219123712477
1473445,2025,14,2,0,31.60714285714286,18.705882352941178,-82.78666666666669,6,4,interaction_mid,0.007581900682502648,0.00944127780502111
1473445,2025,14,3,0,31.60714285714286,19.272727272727273,-83.44,6,4,interaction_mid,0.007203887068214496,0.008992058337338734
1473445,2025,14,4,0,31.60714285714286,19.6875,-83.09333333333333,6,4,interaction_mid,0.00714345734416972,0.008920141685720945
1473445,2025,14,5,0,31.60714285714286,19.935483870967744,-81.74666666666667,6,4,interaction_mid,0.007442172560053453,0.009275358077411106
1473445,2025,14,6,0,31.60714285714286,19.799999999999997,-78.4,6,4,interaction_mid,0.007414344222484441,0.009242295540830945
1473445,2025,15,1,0,31.60714285714286,20.275862068965516,-78.05333333333334,6,4,interaction_mid,0.007348984472823992,0.009134030548278648
1473445,2025,15,2,0,31.60714285714286,21.0,-83.28,7,3,interaction_mid,0.006894726565807237,0.008593841295866758
1473445,2025,15,3,0,31.60714285714286,21.77777777777778,-83.77000000000001,7,3,interaction_mid,0.006947181847978549,0.008656300999942372
1473445,2025,15,4,0,31.60714285714286,22.153846153846153,-82.26000000000002,7,3,interaction_mid,0.006872381582013744,0.008567228000505129
1473445,2025,15,5,0,31.60714285714286,23.04,-82.75,7,3,interaction_mid,0.006866957182528397,0.008560766840629631
1473445,2025,15,6,0,31.60714285714286,24.0,-83.23999999999998,7,3,interaction_mid,0.006863282566007694,0.008556389765111694
1473446,2025,7,1,0,17.560000000000002,11.064935064935064,-40.386666666666656,2,8,interaction_mid,0.17872993964122919,0.21115316699770134
1473446,2025,7,2,0,17.560000000000002,10.894736842105264,-37.69333333333333,2,8,interaction_mid,0.19679954837817037,0.2285875349357572
1473446,2025,7,3,0,17.560000000000002,10.96,-38.0,2,8,interaction_mid,0.19824281858556905,0.22996755717068212
1473446,2025,7,4,0,17.560000000000002,11.027027027027028,-38.30666666666666,2,8,interaction_mid,0.1934836157254838,0.22541015819485943
1473446,2025,7,5,0,17.560000000000002,10.684931506849315,-33.613333333333344,2,8,interaction_mid,0.25048441662562015,0.27886672140128704
1473446,2025,7,6,0,17.560000000000002,10.75,-33.92,2,8,interaction_mid,0.22494310013419933,0.25519904301187285
1473446,2025,7,7,0,17.560000000000002,10.816901408450704,-34.22666666666666,2,8,interaction_mid,0.2249427164548939,0.25519868424935643
1473446,2025,8,1,0,17.560000000000002,10.563380281690142,-31.22666666666666,2,8,interaction_mid,0.291690231861984,0.3134264468938656
1473446,2025,8,2,0,17.560000000000002,10.628571428571428,-31.533333333333303,2,8,interaction_mid,0.28396490784548445,0.3063434560472142
1473446,2025,8,3,0,17.560000000000002,10.695652173913043,-31.840000000000003,2,8,interaction_mid,0.28596440669447765,0.3081790231870581
1473446,2025,8,4,0,17.560000000000002,10.764705882352942,-32.14666666666666,2,8,interaction_mid,0.25939040409561237,0.2836413276366287
1473446,2025,8,5,0,17.560000000000002,10.835820895522389,-32.45333333333332,2,8,interaction_mid,0.2595982056094285,0.28383446743519286
1473446,2025,8,6,0,17.560000000000002,10.636363636363637,-29.75999999999999,2,8,interaction_mid,0.33029712472972045,0.34849545403685117
1473446,2025,9,1,0,17.560000000000002,10.707692307692309,-30.066666666666663,2,8,interaction_mid,0.3298338554017252,0.35767539827449163
1473446,2025,9,2,0,17.560000000000002,10.78125,-30.37333333333332,2,8,interaction_mid,0.32430287941342406,0.3527839324768057
1473446,2025,9,3,0,17.560000000000002,10.857142857142858,-30.679999999999993,2,8,interaction_mid,0.3190753701984017,0.3481493557702521
1473446,2025,9,4,0,17.560000000000002,10.838709677419354,-29.986666666666665,2,8,interaction_mid,0.3397667077661871,0.36642988036826585
1473446,2025,9,5,0,17.560000000000002,10.918032786885245,-30.293333333333322,2,8,interaction_mid,0.3263395981772366,0.35458658843180957
1473446,2025,9,6,0,17.560000000000002,11.100000000000001,-31.599999999999994,2,8,interaction_mid,0.3170107349463078,0.34631573452420533
1473446,2025,10,1,0,17.560000000000002,11.1864406779661,-31.906666666666666,2,8,interaction_mid,0.3017391818415865,0.32739473859061374
1473446,2025,10,2,0,17.560000000000002,11.275862068965518,-32.213333333333324,2,8,interaction_mid,0.3052219301269121,0.3306369571768891
1473446,2025,10,3,0,17.560000000000002,10.842105263157896,-27.519999999999996,2,8,interaction_mid,0.4258545764039188,0.4406712982910976
1473446,2025,10,4,0,17.560000000000002,10.928571428571429,-27.826666666666668,2,8,interaction_mid,0.4051181914004106,0.42200218168212683
1473446,2025,10,5,0,17.560000000000002,11.01818181818182,-28.133333333333326,2,8,interaction_mid,0.4014687746027361,0.4187085524096636
1473446,2025,10,6,0,17.560000000000002,11.222222222222223,-29.439999999999984,2,8,interaction_mid,0.39195083708341727,0.4101060509748782
1473446,2025,10,7,0,17.560000000000002,11.320754716981131,-29.746666666666684,2,8,interaction_mid,0.36927167659352444,0.38952797379562065
1473446,2025,11,1,0,17.560000000000002,11.320754716981131,-29.746666666666684,2,8,interaction_mid,0.37214098266588325,0.3921786198880564
1473446,2025,11,2,0,17.560000000000002,11.538461538461538,-31.05333333333334,2,8,interaction_mid,0.3403444407218916,0.36252184800193216
1473446,2025,11,3,0,17.560000000000002,11.76470588235294,-40.69,3,7,interaction_mid,0.19789914854399826,0.22513875343228495
1473446,2025,11,4,0,17.560000000000002,12.0,-41.833333333333314,3,7,interaction_mid,0.20591941151131887,0.23314160637049458
1473446,2025,11,5,0,17.560000000000002,12.0,-40.97666666666666,3,7,interaction_mid,0.21226079098174264,0.23944075546056828
1473446,2025,11,6,0,17.560000000000002,12.25,-42.120000000000005,3,7,interaction_mid,0.20246710689550731,0.22970182302764997
1473446,2025,12,1,0,17.560000000000002,12.382978723404255,-42.26333333333332,3,7,interaction_mid,0.20861545601640114,0.23302885662281386
1473446,2025,12,2,0,17.560000000000002,12.652173913043478,-43.406666666666666,3,7,interaction_mid,0.17613502072944395,0.20055964193619466
1473446,2025,12,3,0,17.560000000000002,12.8,-43.55000000000001,3,7,interaction_mid,0.1677129285118225,0.19202625474520105
1473446,2025,12,4,0,17.560000000000002,12.272727272727273,-38.69333333333336,3,7,interaction_mid,0.2323653384575412,0.2563837345954232
1473446,2025,12,5,0,17.560000000000002,12.418604651162791,-38.83666666666667,3,7,interaction_mid,0.22786559072950752,0.25198136604915944
1473446,2025,12,6,0,17.560000000000002,12.714285714285715,-46.84,4,6,interaction_mid,0.12721376568398218,0.15019944899651647
1473446,2025,13,1,0,17.560000000000002,13.02439024390244,-47.82000000000002,4,6,interaction_mid,0.13280410913406604,0.1448596502697907
1473446,2025,13,2,0,17.560000000000002,13.200000000000001,-47.80000000000001,4,6,interaction_mid,0.12643845689774225,0.13837068246005893
1473446,2025,13,3,0,17.560000000000002,13.538461538461538,-48.78,4,6,interaction_mid,0.11654306776880867,0.12823632446994884
1473446,2025,13,4,0,17.560000000000002,13.578947368421051,-47.76000000000002,4,6,interaction_mid,0.12508360673878424,0.136986587120522
1473446,2025,13,5,0,17.560000000000002,13.945945945945944,-48.73999999999998,4,6,interaction_mid,0.10786296433800233,0.11929566245039094
1473446,2025,13,6,0,17.560000000000002,14.166666666666668,-48.72,4,6,interaction_mid,0.09932111435448789,0.11044689117011551
1473446,2025,14,1,0,17.560000000000002,14.57142857142857,-49.69999999999999,4,6,interaction_mid,0.07090954626543938,0.0790533214327965
1473446,2025,14,2,0,17.560000000000002,15.0,-50.68000000000001,4,6,interaction_mid,0.06031127193784667,0.0678177357810614
1473446,2025,14,3,0,17.560000000000002,14.727272727272727,-47.66,4,6,interaction_mid,0.07891886182760754,0.087478609246472
1473446,2025,14,4,0,17.560000000000002,15.1875,-48.639999999999986,4,6,interaction_mid,0.0636484446895147,0.07136704116416641
1473446,2025,14,5,0,17.560000000000002,15.483870967741936,-48.620000000000005,4,6,interaction_mid,0.05751588151033122,0.06483598147711182
1473446,2025,14,6,0,17.560000000000002,15.8,-48.599999999999994,4,6,interaction_mid,0.0550101650011296,0.06215617538143291
1473446,2025,15,1,0,17.560000000000002,16.137931034482758,-48.579999999999984,4,6,interaction_mid,0.050705585543596554,0.057583897039594066
1473446,2025,15,2,0,17.560000000000002,16.714285714285715,-49.56,4,6,interaction_mid,0.035484272332578594,0.041010023018478704
1473446,2025,15,3,0,17.560000000000002,17.333333333333332,-50.53999999999999,4,6,interaction_mid,0.029567173981031154,0.03447233763247218
1473446,2025,15,4,0,17.560000000000002,18.0,-51.52000000000001,4,6,interaction_mid,0.024627820358955978,0.02896359919427183
1473446,2025,15,5,0,17.560000000000002,18.48,-51.5,4,6,interaction_mid,0.021589928657679593,0.025548325171893687
1473446,2025,15,6,0,17.560000000000002,19.25,-56.400000000000006,5,5,interaction_mid,0.01159434817870557,0.014118187881395267
1473447,2025,7,1,1,-61.0,7.558441558441559,8.591666666666676,0,10,interaction_mid,0.903947871920894,0.8713302208894852
1473447,2025,7,2,1,-61.0,7.5,9.233333333333327,0,10,interaction_mid,0.909531154213661,0.8775483306031269
1473447,2025,7,3,1,-61.0,7.5200000000000005,8.875,0,10,interaction_mid,0.9088567351088437,0.8767934639376149
1473447,2025,7,4,1,-61.0,7.621621621621621,7.516666666666673,0,10,interaction_mid,0.8959948986264942,0.8625893562187503
1473447,2025,7,5,1,-61.0,7.397260273972603,10.158333333333324,0,10,interaction_mid,0.9217790091881157,0.8914513922833703
1473447,2025,7,6,1,-61.0,7.5,8.799999999999997,0,10,interaction_mid,0.9115597796656454,0.8798253735985424
1473447,2025,8,1,1,-61.0,7.521126760563381,8.441666666666663,0,10,interaction_mid,0.9088952754275847,0.8825648726433881
1473447,2025,8,2,1,-61.0,7.542857142857143,8.083333333333343,0,10,interaction_mid,0.907067216906833,0.88055727114621
1473447,2025,8,3,1,-61.0,7.565217391304348,7.724999999999994,0,10,interaction_mid,0.9068844001177329,0.8803568485904396
1473447,2025,8,4,1,-61.0,7.6764705882352935,6.36666666666666,0,10,interaction_mid,0.8880585385105082,0.8600327086234163
1473447,2025,8,5,1,-61.0,7.611940298507463,7.00833333333334,0,10,interaction_mid,0.9032704359129746,0.8764076128867951
1473447,2025,8,6,1,-61.0,7.545454545454545,7.650000000000006,0,10,interaction_mid,0.9211762817486242,0.8962269647439274
1473447,2025,9,1,1,-61.0,7.661538461538461,-2.5374999999999943,1,9,interaction_mid,0.8737946438871155,0.8404207652492366
1473447,2025,9,2,1,-61.0,7.6875,-2.760000000000005,1,9,interaction_mid,0.8701606246960336,0.8366752960176683
1473447,2025,9,3,1,-61.0,7.428571428571429,0.017499999999998295,1,9,interaction_mid,0.8970997907952312,0.8649729966963589
1473447,2025,9,4,1,-61.0,7.161290322580646,2.795000000000016,1,9,interaction_mid,0.9180099957990118,0.8879383231471583
1473447,2025,9,5,1,-61.0,6.688524590163934,7.572500000000005,1,9,interaction_mid,0.9566266726563761,0.9337639419968018
1473447,2025,9,6,1,-61.0,6.8,-1.7999999999999972,2,8,interaction_mid,0.92337381209823,0.8940033219488874
1473447,2025,10,1,1,-61.0,6.813559322033899,-1.8866666666666703,2,8,interaction_mid,0.9173430315191531,0.89781715129832
1473447,2025,10,2,1,-61.0,6.517241379310345,1.0266666666666708,2,8,interaction_mid,0.9364490262459373,0.9187794227574344
1473447,2025,10,3,1,-61.0,6.526315789473685,0.9399999999999977,2,8,interaction_mid,0.9381537784006344,0.9206883053442069
1473447,2025,10,4,1,-61.0,6.0,5.853333333333325,2,8,interaction_mid,0.9682951958614918,0.9558714547822332
1473447,2025,10,5,1,-61.0,5.672727272727273,8.766666666666666,2,8,interaction_mid,0.9732801160486783,0.9620417254672144
1473447,2025,10,6,1,-61.0,5.666666666666666,8.680000000000021,2,8,interaction_mid,0.974590960530139,0.963687611434637
1473447,2025,10,7,1,-61.0,5.660377358490566,8.59333333333332,2,8,interaction_mid,0.9764551258948186,0.9660468458362639
1473447,2025,11,1,1,-61.0,5.547169811320755,9.59333333333332,2,8,interaction_mid,0.97736538984204,0.9696905583703622
1473447,2025,11,2,1,-61.0,5.653846153846153,1.443333333333328,3,7,interaction_mid,0.9582245609751807,0.9473332250246741
1473447,2025,11,3,1,-61.0,5.647058823529411,1.4924999999999926,3,7,interaction_mid,0.9567872641186712,0.9457054765350942
1473447,2025,11,4,1,-61.0,5.64,1.5416666666666856,3,7,interaction_mid,0.9570455193666874,0.9459975213203541
1473447,2025,11,5,1,-61.0,5.63265306122449,1.590833333333336,3,7,interaction_mid,0.9593302782464255,0.9485895133151208
1473447,2025,11,6,1,-61.0,5.625,1.6400000000000006,3,7,interaction_mid,0.9610086046428288,0.950503368771013
1473447,2025,12,1,1,-61.0,5.617021276595745,1.6891666666666652,3,7,interaction_mid,0.9615912239178535,0.9512960878176382
1473447,2025,12,2,1,-61.0,5.608695652173913,1.7383333333333297,3,7,interaction_mid,0.9640084538042235,0.9540776315073252
1473447,2025,12,3,1,-61.0,5.6,1.7874999999999943,3,7,interaction_mid,0.9647964197828837,0.9549884001680742
1473447,2025,12,4,1,-61.0,5.590909090909091,1.836666666666659,3,7,interaction_mid,0.9650253544365113,0.955253398751826
1473447,2025,12,5,1,-61.0,5.162790697674419,4.8858333333333235,3,7,interaction_mid,0.9718934497103022,0.9632908793712969
1473447,2025,12,6,1,-61.0,5.142857142857142,4.935000000000002,3,7,interaction_mid,0.9723854662956855,0.9638737253302432
1473447,2025,13,1,1,-61.0,5.121951219512195,4.984166666666667,3,7,interaction_mid,0.9739290322458598,0.9684723721367968
1473447,2025,13,2,1,-61.0,5.1,5.033333333333331,3,7,interaction_mid,0.9799732607678946,0.9754031783738519
1473447,2025,13,3,1,-61.0,4.3076923076923075,10.08250000000001,3,7,interaction_mid,0.9828771637811349,0.9787773858150246
1473447,2025,13,4,1,-61.0,4.2631578947368425,10.131666666666675,3,7,interaction_mid,0.9833680798836054,0.9793511223570841
1473447,2025,13,5,1,-61.0,4.216216216216217,10.180833333333325,3,7,interaction_mid,0.9834527185024922,0.9794501432825643
1473447,2025,13,6,1,-61.0,3.666666666666667,13.22999999999999,3,7,interaction_mid,0.9845751235442999,0.98076624578351
1473447,2025,14,1,1,-61.0,3.5999999999999996,13.279166666666669,3,7,interaction_mid,0.9846607942990606,0.981585366257599
1473447,2025,14,2,1,-61.0,3.5294117647058822,13.328333333333319,3,7,interaction_mid,0.9848906384495283,0.9818481395186871
1473447,2025,14,3,1,-61.0,3.6363636363636367,12.377499999999998,3,7,interaction_mid,0.9851392828417005,0.9821326328779756
1473447,2025,14,4,1,-61.0,3.5625,12.426666666666677,3,7,interaction_mid,0.9852556593349763,0.9822658701500112
1473447,2025,14,5,1,-61.0,3.483870967741936,12.475833333333355,3,7,interaction_mid,0.9854038852786422,0.9824356477270575
1473447,2025,14,6,1,-61.0,2.8,15.525000000000006,3,7,interaction_mid,0.9851460644085888,0.9821403955264201
1473447,2025,15,1,1,-61.0,2.689655172413793,15.574166666666656,3,7,interaction_mid,0.9852247894091811,0.9825116168552567
1473447,2025,15,2,1,-61.0,1.9285714285714288,18.623333333333335,3,7,interaction_mid,0.9853799448668881,0.9826869458786902
1473447,2025,15,3,1,-61.0,2.0,17.672499999999985,3,7,interaction_mid,0.9854652904025485,0.9827834258021236
1473447,2025,15,4,1,-61.0,1.153846153846154,20.721666666666664,3,7,interaction_mid,0.9862773700963429,0.9837028196482007
1473447,2025,15,5,1,-61.0,0.96,20.770833333333343,3,7,interaction_mid,0.986478619606727,0.9839310565197285
1473447,2025,15,6,1,-61.0,-0.5,25.819999999999993,3,7,interaction_mid,0.9820347742585022,0.9789250415207219
1473448,2025,7,1,0,9.25,10.675324675324676,-42.57333333333332,2,8,interaction_mid,0.1511830461522511,0.18394466687250446
1473448,2025,7,2,0,9.25,10.736842105263158,-42.78666666666666,2,8,interaction_mid,0.186167241185237,0.2183651889699903
1473448,2025,7,3,0,9.25,10.8,-43.0,2,8,interaction_mid,0.17485567967658477,0.20737508136209246
1473448,2025,7,4,0,9.25,10.45945945945946,-38.213333333333324,2,8,interaction_mid,0.20145154365999907,0.2330293980440122
1473448,2025,7,5,0,9.25,10.602739726027398,-39.42666666666668,2,8,interaction_mid,0.1955657882579224,0.227406434464378
1473448,2025,7,6,0,9.25,10.75,-40.64,2,8,interaction_mid,0.19266094645828866,0.2246203863365489
1473448,2025,8,1,0,9.25,10.563380281690142,-37.853333333333325,2,8,interaction_mid,0.22398411301164448,0.25039968098418525
1473448,2025,8,2,0,9.25,10.628571428571428,-38.06666666666665,2,8,interaction_mid,0.2197566998947248,0.24638228858461497
1473448,2025,8,3,0,9.25,10.782608695652174,-39.28,2,8,interaction_mid,0.2059631818404554,0.23319313131645017
1473448,2025,8,4,0,9.25,10.852941176470589,-39.493333333333325,2,8,interaction_mid,0.2042464944842293,0.2315425943806923
1473448,2025,8,5,0,9.25,10.925373134328357,-39.70666666666665,2,8,interaction_mid,0.19968712296412833,0.22714871029330963
1473448,2025,8,6,0,9.25,11.0,-39.91999999999999,2,8,interaction_mid,0.19234517995712413,0.22004108672896308
1473448,2025,9,1,0,9.25,10.8,-37.133333333333326,2,8,interaction_mid,0.24128231942828737,0.27755775735954746
1473448,2025,9,2,0,9.25,10.40625,-32.34666666666665,2,8,interaction_mid,0.32978119010446993,0.3576288798065084
1473448,2025,9,3,0,9.25,10.571428571428571,-43.11500000000001,3,7,interaction_mid,0.18683145612987984,0.22568111143441574
1473448,2025,9,4,0,9.25,10.741935483870968,-44.17666666666666,3,7,interaction_mid,0.1896877983173753,0.22846899754896427
1473448,2025,9,5,0,9.25,10.819672131147541,-44.23833333333336,3,7,interaction_mid,0.18532554143264432,0.22420791575231241
1473448,2025,9,6,0,9.25,10.9,-44.3,3,7,interaction_mid,0.18818894992089732,0.22700710831140675
1473448,2025,10,1,0,9.25,10.677966101694915,-41.36166666666668,3,7,interaction_mid,0.21522171754137318,0.24503007004676694
1473448,2025,10,2,0,9.25,10.758620689655173,-41.42333333333333,3,7,interaction_mid,0.22013340444772755,0.24981726895721953
1473448,2025,10,3,0,9.25,10.842105263157896,-41.485,3,7,interaction_mid,0.20628351148830204,0.23627689680168662
1473448,2025,10,4,0,9.25,11.035714285714285,-42.54666666666667,3,7,interaction_mid,0.20520003136232604,0.23521208857890347
1473448,2025,10,5,0,9.25,11.236363636363636,-43.608333333333334,3,7,interaction_mid,0.20325834923215108,0.23330178285691258
1473448,2025,10,6,0,9.25,11.0,-40.670000000000016,3,7,interaction_mid,0.23512300463892052,0.264332760900899
1473448,2025,11,1,0,9.25,11.09433962264151,-40.73166666666668,3,7,interaction_mid,0.2166946709758139,0.24383073020554985
1473448,2025,11,2,0,9.25,11.307692307692307,-41.79333333333334,3,7,interaction_mid,0.21565561022367544,0.24280299955977497
1473448,2025,11,3,0,9.25,11.411764705882351,-41.855000000000004,3,7,interaction_mid,0.22842762355922702,0.2553928960105017
1473448,2025,11,4,0,9.25,10.92,-36.91666666666666,3,7,interaction_mid,0.26234319473800227,0.2884096834049742
1473448,2025,11,5,0,9.25,11.142857142857142,-45.41,4,6,interaction_mid,0.171782290840413,0.19877532763840247
1473448,2025,11,6,0,9.25,11.25,-45.31999999999999,4,6,interaction_mid,0.18248602528381858,0.2096390507621779
1473448,2025,12,1,0,9.25,11.361702127659575,-45.22999999999999,4,6,interaction_mid,0.16448776305929805,0.18874476297525028
1473448,2025,12,2,0,9.25,11.478260869565219,-45.140000000000015,4,6,interaction_mid,0.16756427659947545,0.19187517683544358
1473448,2025,12,3,0,9.25,11.6,-45.05000000000001,4,6,interaction_mid,0.1581521075215248,0.18227542016479414
1473448,2025,12,4,0,9.25,11.727272727272727,-44.96000000000001,4,6,interaction_mid,0.16567488497665359,0.18995352162466966
1473448,2025,12,5,0,9.25,11.86046511627907,-44.870000000000005,4,6,interaction_mid,0.15306606295975728,0.1770591853606589
1473448,2025,12,6,0,9.25,12.0,-44.78,4,6,interaction_mid,0.1580512677082202,0.1821722000556669
1473448,2025,13,1,0,9.25,11.707317073170731,-41.69,4,6,interaction_mid,0.18174281436554715,0.19407390279696066
1473448,2025,13,2,0,9.25,11.7,-40.599999999999994,4,6,interaction_mid,0.18590468404460966,0.1982117186234156
1473448,2025,13,3,0,9.25,11.846153846153847,-40.50999999999999,4,6,interaction_mid,0.18413021625626372,0.19644831202773486
1473448,2025,13,4,0,9.25,12.0,-40.420000000000016,4,6,interaction_mid,0.1663829856542892,0.17874348912866514
1473448,2025,13,5,0,9.25,12.0,-39.329999999999984,4,6,interaction_mid,0.19977027003440284,0.21195123341542607
1473448,2025,13,6,0,9.25,12.0,-38.24000000000001,4,6,interaction_mid,0.2063826046294852,0.2184798601292848
1473448,2025,14,1,0,9.25,12.17142857142857,-38.150000000000006,4,6,interaction_mid,0.19035395628105184,0.20086877880933415
1473448,2025,14,2,0,9.25,12.529411764705884,-39.06,4,6,interaction_mid,0.18309866599319588,0.19364427961343447
1473448,2025,14,3,0,9.25,12.545454545454545,-37.97,4,6,interaction_mid,0.19234498008817943,0.20284846993155026
1473448,2025,14,4,0,9.25,12.1875,-34.879999999999995,4,6,interaction_mid,0.2229056240980719,0.23309180690574013
1473448,2025,14,5,0,9.25,12.387096774193548,-34.78999999999999,4,6,interaction_mid,0.22095447474672353,0.23116846376581007
1473448,2025,14,6,0,9.25,12.600000000000001,-34.69999999999999,4,6,interaction_mid,0.21603686040739978,0.22631658551667105
1473448,2025,14,7,0,9.25,13.03448275862069,-35.609999999999985,4,6,interaction_mid,0.22065666082907137,0.230874808692844
1473448,2025,14,8,0,9.25,13.07142857142857,-34.52000000000001,4,6,interaction_mid,0.23271474733220618,0.2427467909376371
1473448,2025,15,1,0,9.25,12.620689655172413,-33.609999999999985,4,6,interaction_mid,0.2439821037974004,0.2547102262593284
1473448,2025,15,2,0,9.25,13.07142857142857,-34.52000000000001,4,6,interaction_mid,0.22702777632707574,0.23797632538399374
1473448,2025,15,3,0,9.25,13.333333333333334,-34.43000000000001,4,6,interaction_mid,0.21678393802342513,0.22783125328669968
1473448,2025,15,4,0,9.25,12.461538461538463,-29.340000000000003,4,6,interaction_mid,0.33146463131099513,0.34014150436405494
1473448,2025,15,5,0,9.25,12.96,-34.041666666666686,5,5,interaction_mid,0.19698335934623537,0.20814107690834546
1473448,2025,15,6,0,9.25,13.5,-34.80000000000001,5,5,interaction_mid,0.17618617892414892,0.18733334908916158
1473449,2025,7,1,1,-61.111111111111114,4.207792207792208,13.990000000000002,1,9,interaction_mid,0.9910678447549343,0.9825168473022758
1473449,2025,7,2,1,-61.111111111111114,4.2631578947368425,13.119999999999997,1,9,interaction_mid,0.9918143686783412,0.9837676200427372
1473449,2025,7,3,1,-61.111111111111114,3.84,18.25,1,9,interaction_mid,0.9929081779759432,0.9856330132555299
1473449,2025,7,4,1,-61.111111111111114,3.8108108108108105,18.380000000000003,1,9,interaction_mid,0.9931783904000377,0.9861004623445798
1473449,2025,7,5,1,-61.111111111111114,3.8630136986301373,17.509999999999998,1,9,interaction_mid,0.9934958486982133,0.9866532978333529
1473449,2025,7,6,1,-61.111111111111114,3.916666666666667,16.64,1,9,interaction_mid,0.9937021563298246,0.9870147819344167
1473449,2025,8,1,1,-61.111111111111114,3.971830985915493,15.769999999999996,1,9,interaction_mid,0.9938166600292624,0.9885646830168627
1473449,2025,8,2,1,-61.111111111111114,3.942857142857143,15.900000000000006,1,9,interaction_mid,0.9937822316154284,0.9885090446568199
1473449,2025,8,3,1,-61.111111111111114,3.9130434782608696,16.029999999999994,1,9,interaction_mid,0.9939515595803339,0.9887830783948398
1473449,2025,8,4,1,-61.111111111111114,3.9705882352941178,15.160000000000004,1,9,interaction_mid,0.9941866103468822,0.9891651331906516
1473449,2025,8,5,1,-61.111111111111114,3.9402985074626864,15.290000000000006,1,9,interaction_mid,0.9941562235178802,0.9891156310699107
1473449,2025,8,6,1,-61.111111111111114,4.0,14.420000000000016,1,9,interaction_mid,0.9949541324648077,0.9904271287362354
1473449,2025,9,1,1,-61.111111111111114,3.5076923076923077,19.550000000000004,1,9,interaction_mid,0.9946174272129891,0.9884836900537751
1473449,2025,9,2,1,-61.111111111111114,3.5625,18.68,1,9,interaction_mid,0.9946340473250119,0.9885137306099596
1473449,2025,9,3,1,-61.111111111111114,3.0476190476190474,23.810000000000002,1,9,interaction_mid,0.9948578882861085,0.9889197896925963
1473449,2025,9,4,1,-61.111111111111114,3.0,23.940000000000012,1,9,interaction_mid,0.9948986337107427,0.9889940044836876
1473449,2025,9,5,1,-61.111111111111114,2.8524590163934427,25.07,1,9,interaction_mid,0.9948325496180099,0.9888736845124906
1473449,2025,9,6,1,-61.111111111111114,2.8,25.199999999999996,1,9,interaction_mid,0.9947824584782428,0.9887826466930543
1473449,2025,10,1,1,-61.111111111111114,2.7457627118644066,25.33,1,9,interaction_mid,0.9947283607305066,0.9909754443389649
1473449,2025,10,2,1,-61.111111111111114,2.689655172413793,25.460000000000008,1,9,interaction_mid,0.9948229320265705,0.9911193579904543
1473449,2025,10,3,1,-61.111111111111114,2.7368421052631575,24.590000000000003,1,9,interaction_mid,0.9948255075596084,0.9911232814977764
1473449,2025,10,4,1,-61.111111111111114,2.7857142857142856,18.306666666666658,2,8,interaction_mid,0.9944154586127436,0.9905013661470762
1473449,2025,10,5,1,-61.111111111111114,2.8363636363636364,17.53333333333333,2,8,interaction_mid,0.9918941887664343,0.986779756049693
1473449,2025,10,6,1,-61.111111111111114,2.2222222222222223,22.760000000000005,2,8,interaction_mid,0.9920329118137015,0.9869805903141879
1473449,2025,11,1,1,-61.111111111111114,2.150943396226415,22.986666666666665,2,8,interaction_mid,0.9924293649834723,0.9887534799884857
1473449,2025,11,2,1,-61.111111111111114,1.7307692307692306,26.21333333333334,2,8,interaction_mid,0.9923607282045259,0.9886610485128215
1473449,2025,11,3,1,-61.111111111111114,1.647058823529412,26.440000000000012,2,8,interaction_mid,0.99253944147137,0.988901885282015
1473449,2025,11,4,1,-61.111111111111114,1.6800000000000002,25.66666666666667,2,8,interaction_mid,0.9934480969759176,0.9901352688649752
1473449,2025,11,5,1,-61.111111111111114,1.5918367346938775,25.89333333333333,2,8,interaction_mid,0.9942217184814452,0.9911982211637431
1473449,2025,11,6,1,-61.111111111111114,1.5,26.120000000000005,2,8,interaction_mid,0.9942226944558272,0.9911995703367213
1473449,2025,12,1,1,-61.111111111111114,1.0212765957446808,29.346666666666664,2,8,interaction_mid,0.9949692329261326,0.9923226552578253
1473449,2025,12,2,1,-61.111111111111114,0.5217391304347826,32.57333333333332,2,8,interaction_mid,0.9950811957353174,0.9924786182345464
1473449,2025,12,3,1,-61.111111111111114,0.4,32.80000000000001,2,8,interaction_mid,0.995004856636538,0.9923722444451762
1473449,2025,12,4,1,-61.111111111111114,0.2727272727272727,33.02666666666667,2,8,interaction_mid,0.9953035602311312,0.9927893263158882
1473449,2025,12,5,1,-61.111111111111114,-0.5581395348837209,38.25333333333333,2,8,interaction_mid,0.9897499191993733,0.9853166130617028
1473450,2025,7,1,1,2.461538461538453,7.1688311688311686,7.752499999999998,1,9,interaction_mid,0.9548443450247046,0.9313177040374153
1473450,2025,7,2,1,2.461538461538453,7.184210526315789,7.469999999999985,1,9,interaction_mid,0.955785376862256,0.9325173085043278
1473450,2025,7,3,1,2.461538461538453,7.199999999999999,7.1875,1,9,interaction_mid,0.9543477037403965,0.9306863934404678
1473450,2025,7,4,1,2.461538461538453,7.297297297297297,5.905000000000015,1,9,interaction_mid,0.9521573277376251,0.9279164592307689
1473450,2025,7,5,1,2.461538461538453,7.068493150684931,8.622500000000002,1,9,interaction_mid,0.9628894091694176,0.9417279210485012
1473450,2025,7,6,1,2.461538461538453,6.833333333333333,11.340000000000003,1,9,interaction_mid,0.9698561359845135,0.9510657830714573
1473450,2025,8,1,1,2.461538461538453,6.845070422535212,11.05749999999999,1,9,interaction_mid,0.9701210913183228,0.9549537039800399
1473450,2025,8,2,1,2.461538461538453,6.6000000000000005,13.775000000000006,1,9,interaction_mid,0.9772436090965106,0.9644186467111127
1473450,2025,8,3,1,2.461538461538453,6.608695652173913,13.492499999999993,1,9,interaction_mid,0.9773852340614572,0.9646107802382968
1473450,2025,8,4,1,2.461538461538453,6.61764705882353,13.210000000000008,1,9,interaction_mid,0.9769391220512449,0.9640061396415373
1473450,2025,8,5,1,2.461538461538453,6.6268656716417915,12.927500000000009,1,9,interaction_mid,0.9781179799889821,0.9656075930757043
1473450,2025,8,6,1,2.461538461538453,6.636363636363636,12.645000000000024,1,9,interaction_mid,0.9778881737394866,0.9652944693428254
1473450,2025,9,1,1,2.461538461538453,6.6461538461538465,12.362500000000011,1,9,interaction_mid,0.9780067194277497,0.9623811679347062
1473450,2025,9,2,1,2.461538461538453,6.65625,12.079999999999998,1,9,interaction_mid,0.9788833369792753,0.9636394728254561
1473450,2025,9,3,1,2.461538461538453,6.666666666666667,11.7975,1,9,interaction_mid,0.9793635324300209,0.9643325778187415
1473450,2025,9,4,1,2.461538461538453,6.193548387096774,16.515000000000015,1,9,interaction_mid,0.984115992096801,0.9713560740486372
1473450,2025,9,5,1,2.461538461538453,6.295081967213115,15.232500000000002,1,9,interaction_mid,0.9840680512526452,0.9712835755542143
1473450,2025,9,6,1,2.461538461538453,6.300000000000001,14.949999999999989,1,9,interaction_mid,0.9841203243849059,0.9713626273760494
1473450,2025,9,7,1,2.461538461538453,6.305084745762713,14.667500000000004,1,9,interaction_mid,0.9848540368254179,0.9724769477611838
1473450,2025,10,1,1,2.461538461538453,6.305084745762713,6.259999999999991,2,8,interaction_mid,0.9756024922969514,0.9649649775183792
1473450,2025,10,2,1,2.461538461538453,6.206896551724139,7.1200000000000045,2,8,interaction_mid,0.9689401812921941,0.95666242360246
1473450,2025,10,3,1,2.461538461538453,6.315789473684211,5.980000000000004,2,8,interaction_mid,0.9696413765857452,0.9575247099331752
1473450,2025,10,4,1,2.461538461538453,6.428571428571429,4.839999999999989,2,8,interaction_mid,0.9478255215270053,0.9316592657289947
1473450,2025,10,5,1,2.461538461538453,6.545454545454545,3.700000000000003,2,8,interaction_mid,0.9495173356569557,0.9336050915742393
1473450,2025,10,6,1,2.461538461538453,6.222222222222221,6.5600000000000165,2,8,interaction_mid,0.9784696438346261,0.9686228350096339
1473450,2025,11,1,1,2.461538461538453,6.226415094339623,6.4199999999999875,2,8,interaction_mid,0.9814376730300161,0.9746636869250561
1473450,2025,11,2,1,2.461538461538453,6.346153846153847,5.280000000000001,2,8,interaction_mid,0.9807061607044887,0.9737628393398846
1473450,2025,11,3,1,2.461538461538453,6.470588235294118,4.140000000000015,2,8,interaction_mid,0.9633114387486506,0.9531436979690168
1473450,2025,11,4,1,2.461538461538453,6.48,4.0,2,8,interaction_mid,0.9616544850789542,0.9512422001349135
1473450,2025,11,5,1,2.461538461538453,6.4897959183673475,3.8599999999999994,2,8,interaction_mid,0.9630992838557502,0.9528997335374642
1473450,2025,11,6,1,2.461538461538453,6.5,3.720000000000013,2,8,interaction_mid,0.9622691021291523,0.9519464928685153
1473450,2025,12,1,1,2.461538461538453,6.638297872340425,2.5799999999999983,2,8,interaction_mid,0.9724796587660854,0.9639854234294147
1473450,2025,12,2,1,2.461538461538453,6.6521739130434785,2.4399999999999977,2,8,interaction_mid,0.9724262070806167,0.9639220331232394
1473450,2025,12,3,1,2.461538461538453,6.2666666666666675,5.300000000000011,2,8,interaction_mid,0.987484107500924,0.9823905385329538
1473450,2025,12,4,1,2.461538461538453,6.409090909090908,4.159999999999997,2,8,interaction_mid,0.9764765708269209,0.9687619578655496
1473450,2025,12,5,1,2.461538461538453,6.41860465116279,4.019999999999996,2,8,interaction_mid,0.9754354423917215,0.967510541406409
1473450,2025,12,6,1,2.461538461538453,6.428571428571429,3.8800000000000097,2,8,interaction_mid,0.9739652932663685,0.965752270884718
1473450,2025,13,1,1,2.461538461538453,6.585365853658537,2.740000000000009,2,8,interaction_mid,0.9732856896761142,0.9677410385338892
1473450,2025,13,2,1,2.461538461538453,5.85,7.599999999999994,2,8,interaction_mid,0.9916266736968116,0.989189739653516
1473450,2025,13,3,1,2.461538461538453,5.384615384615385,10.460000000000008,2,8,interaction_mid,0.9932454563030533,0.991173922226189
1473450,2025,13,4,1,2.461538461538453,5.526315789473684,9.320000000000007,2,8,interaction_mid,0.9932319962814616,0.9911573186869563
1473450,2025,13,5,1,2.461538461538453,5.675675675675675,8.180000000000007,2,8,interaction_mid,0.9930537783170744,0.9909376564932424
1473450,2025,13,6,1,2.461538461538453,4.833333333333334,13.039999999999992,2,8,interaction_mid,0.9952613577772152,0.9936846667890378
1473450,2025,14,1,1,2.461538461538453,4.9714285714285715,11.900000000000006,2,8,interaction_mid,0.9952366288111636,0.9939582422819112
1473450,2025,14,2,1,2.461538461538453,4.9411764705882355,11.759999999999991,2,8,interaction_mid,0.9953618730895175,0.9941098434249052
1473450,2025,14,3,1,2.461538461538453,4.909090909090909,11.620000000000005,2,8,interaction_mid,0.995429352867566,0.9941916037826765
1473450,2025,14,4,1,2.461538461538453,4.3125,14.480000000000018,2,8,interaction_mid,0.9956546502350441,0.9944649981748347
1473450,2025,14,5,1,2.461538461538453,4.451612903225806,13.340000000000003,2,8,interaction_mid,0.9957156976710575,0.9945391919178752
1473450,2025,14,6,1,2.461538461538453,3.4,18.19999999999999,2,8,interaction_mid,0.9962322807832,0.9951690900250277
1473450,2025,15,1,1,2.461538461538453,3.5172413793103443,17.060000000000002,2,8,interaction_mid,0.9962096041205792,0.9952332406132424
1473450,2025,15,2,1,2.461538461538453,3.6428571428571423,15.919999999999987,2,8,interaction_mid,0.9963769091099299,0.9954346201117328
1473450,2025,15,3,1,2.461538461538453,2.444444444444444,20.78,2,8,interaction_mid,0.9950947577836513,0.9939007070981295
1473450,2025,15,4,1,2.461538461538453,1.153846153846154,25.640000000000015,2,8,interaction_mid,0.9960591746181451,0.9950525123879849
1473450,2025,15,5,1,2.461538461538453,0.24,28.5,2,8,interaction_mid,0.9963635966860283,0.9954185814509132
1473450,2025,15,6,1,2.461538461538453,0.25,27.360000000000014,2,8,interaction_mid,0.9964929997923502,0.9955745972469539
1473451,2025,7,1,1,-27.214285714285722,9.194805194805195,-19.402500000000003,1,9,interaction_mid,0.8042099162867575,0.7688270850180293
1473451,2025,7,2,1,-27.214285714285722,9.0,-16.67,1,9,interaction_mid,0.8276966526049401,0.7918296701458857
1473451,2025,7,3,1,-27.214285714285722,9.120000000000001,-17.9375,1,9,interaction_mid,0.8194532410431137,0.7836936710854655
1473451,2025,7,4,1,-27.214285714285722,9.243243243243244,-19.205,1,9,interaction_mid,0.8187699853152213,0.7830224615390085
1473451,2025,7,5,1,-27.214285714285722,9.287671232876711,-19.472499999999997,1,9,interaction_mid,0.8205676812794336,0.7847894773400067
1473451,2025,7,6,1,-27.214285714285722,9.416666666666666,-20.739999999999995,1,9,interaction_mid,0.8124329787330533,0.7768192570127238
1473451,2025,8,1,1,-27.214285714285722,9.464788732394366,-21.007500000000007,1,9,interaction_mid,0.8125110632595878,0.7831627838384947
1473451,2025,8,2,1,-27.214285714285722,9.257142857142858,-18.27499999999999,1,9,interaction_mid,0.8238882219796309,0.7943628868747148
1473451,2025,8,3,1,-27.214285714285722,8.869565217391305,-13.542500000000004,1,9,interaction_mid,0.8588632381849415,0.8295611733629311
1473451,2025,8,4,1,-27.214285714285722,9.0,-14.810000000000002,1,9,interaction_mid,0.8550321324266379,0.8256426213891124
1473451,2025,8,5,1,-27.214285714285722,8.597014925373134,-10.077499999999986,1,9,interaction_mid,0.8869710096994661,0.8588763292120886
1473451,2025,8,6,1,-27.214285714285722,8.636363636363637,-10.344999999999985,1,9,interaction_mid,0.8843959965793946,0.856145414287183
1473451,2025,9,1,1,-27.214285714285722,8.676923076923076,-10.612499999999997,1,9,interaction_mid,0.8817118549178904,0.8486542605294272
1473451,2025,9,2,1,-27.214285714285722,8.8125,-11.88000000000001,1,9,interaction_mid,0.8805776637758755,0.8474683629903533
1473451,2025,9,3,1,-27.214285714285722,8.571428571428571,-9.147499999999994,1,9,interaction_mid,0.8939099133222468,0.8615533667197343
1473451,2025,9,4,1,-27.214285714285722,8.612903225806452,-9.414999999999992,1,9,interaction_mid,0.8888271050052041,0.8561452573317606
1473451,2025,9,5,1,-27.214285714285722,8.655737704918034,-9.68249999999999,1,9,interaction_mid,0.8846618724816471,0.851749157788031
1473451,2025,9,6,1,-27.214285714285722,8.799999999999999,-10.950000000000003,1,9,interaction_mid,0.8805946669883964,0.847486125201588
1473451,2025,10,1,1,-27.214285714285722,8.949152542372882,-12.217500000000001,1,9,interaction_mid,0.8752338491780165,0.8537481079576072
1473451,2025,10,2,1,-27.214285714285722,9.103448275862068,-13.484999999999985,1,9,interaction_mid,0.8689968927294136,0.8474126595342912
1473451,2025,10,3,1,-27.214285714285722,8.842105263157894,-10.752499999999998,1,9,interaction_mid,0.8870285621107816,0.8658502655696688
1473451,2025,10,4,1,-27.214285714285722,8.892857142857142,-11.019999999999996,1,9,interaction_mid,0.8842445744477735,0.862978697220563
1473451,2025,10,5,1,-27.214285714285722,8.945454545454545,-11.287500000000009,1,9,interaction_mid,0.8840761133882566,0.8628052430074342
1473451,2025,10,6,1,-27.214285714285722,9.11111111111111,-12.554999999999993,1,9,interaction_mid,0.8785266867411832,0.857110336013907
1473451,2025,11,1,1,-27.214285714285722,9.169811320754718,-12.822500000000005,1,9,interaction_mid,0.8808886086664727,0.8652170535155861
1473451,2025,11,2,1,-27.214285714285722,8.653846153846153,-8.090000000000003,1,9,interaction_mid,0.9044226615066544,0.8893077581594635
1473451,2025,11,3,1,-27.214285714285722,8.705882352941176,-8.357499999999987,1,9,interaction_mid,0.8989993603068316,0.8837031441544112
1473451,2025,11,4,1,-27.214285714285722,8.399999999999999,-5.625,1,9,interaction_mid,0.9204369392997155,0.9060728077317324
1473451,2025,11,5,1,-27.214285714285722,8.081632653061224,-2.8925000000000125,1,9,interaction_mid,0.9321808183818152,0.9186031259602344
1473451,2025,11,6,1,-27.214285714285722,8.125,-3.1599999999999824,1,9,interaction_mid,0.9294480755161025,0.915667431039274
1473451,2025,12,1,1,-27.214285714285722,8.170212765957446,-3.427499999999995,1,9,interaction_mid,0.9287239552917912,0.914899414207193
1473451,2025,12,2,1,-27.214285714285722,8.217391304347826,-3.6950000000000074,1,9,interaction_mid,0.9241587529153379,0.9100064125999379
1473451,2025,12,3,1,-27.214285714285722,8.399999999999999,-11.299999999999997,2,8,interaction_mid,0.8830863931263349,0.8672023352394772
1473451,2025,12,4,1,-27.214285714285722,8.590909090909092,-12.426666666666662,2,8,interaction_mid,0.8838850845287104,0.8680171707520233
1473451,2025,12,5,1,-27.214285714285722,8.790697674418604,-13.553333333333342,2,8,interaction_mid,0.881209188059042,0.865289527279615
1473451,2025,12,6,1,-27.214285714285722,8.428571428571427,-10.679999999999993,2,8,interaction_mid,0.8993500383012831,0.8839193709497106
1473451,2025,13,1,1,-27.214285714285722,8.487804878048781,-10.806666666666644,2,8,interaction_mid,0.9046674529376915,0.8936389580564684
1473451,2025,13,2,1,-27.214285714285722,8.55,-10.933333333333337,2,8,interaction_mid,0.8976565905366742,0.8863479529419374
1473451,2025,13,3,1,-27.214285714285722,8.615384615384615,-11.060000000000002,2,8,interaction_mid,0.904449143672098,0.8934113613265707
1473451,2025,13,4,1,-27.214285714285722,8.68421052631579,-11.186666666666653,2,8,interaction_mid,0.8973990922269246,0.8860808605856417
1473451,2025,13,5,1,-27.214285714285722,8.756756756756756,-11.313333333333333,2,8,interaction_mid,0.9001902295885295,0.8889785789584878
1473451,2025,13,6,1,-27.214285714285722,8.0,-6.439999999999998,2,8,interaction_mid,0.9393067341665178,0.9302923450817482
1473451,2025,14,1,1,-27.214285714285722,8.057142857142857,-6.566666666666663,2,8,interaction_mid,0.9415401205186744,0.9343554590127234
1473451,2025,14,2,1,-27.214285714285722,8.294117647058822,-7.693333333333328,2,8,interaction_mid,0.9281304657528251,0.9201726552512672
1473451,2025,14,3,1,-27.214285714285722,8.545454545454547,-8.819999999999993,2,8,interaction_mid,0.9285156790523936,0.9205778068522849
1473451,2025,14,4,1,-27.214285714285722,8.625,-8.946666666666658,2,8,interaction_mid,0.9242636633672822,0.9161125731232408
1473451,2025,14,5,1,-27.214285714285722,8.129032258064516,-6.0733333333333235,2,8,interaction_mid,0.944482591294273,0.9374911887110493
1473451,2025,14,6,1,-27.214285714285722,7.199999999999999,-1.200000000000017,2,8,interaction_mid,0.9684568482191855,0.9634454450353787
1473451,2025,15,1,1,-27.214285714285722,7.241379310344827,-1.3266666666666538,2,8,interaction_mid,0.9659660942991073,0.9612486030204259
1473451,2025,15,2,1,-27.214285714285722,7.5,-2.4533333333333474,2,8,interaction_mid,0.9641915317808329,0.959326684345192
1473451,2025,15,3,1,-27.214285714285722,7.555555555555555,-2.579999999999984,2,8,interaction_mid,0.964906266455684,0.9601001727891414
1473451,2025,15,4,1,-27.214285714285722,7.846153846153847,-3.7066666666666777,2,8,interaction_mid,0.9594789393526841,0.954245723705357
1473451,2025,15,5,1,-27.214285714285722,7.92,-3.8333333333333144,2,8,interaction_mid,0.9588212322243247,0.9535391016320678
1473451,2025,15,6,1,-27.214285714285722,7.25,-0.960000000000008,2,8,interaction_mid,0.9718743316760077,0.9676857209595671
1473452,2025,7,1,0,5.64705882352942,11.61038961038961,-71.0,4,6,interaction_mid,0.06887229348684851,0.09590567257152095
1473452,2025,7,2,0,5.64705882352942,11.68421052631579,-71.00000000000003,4,6,interaction_mid,0.06720691336452908,0.09397012281080756
1473452,2025,7,3,0,5.64705882352942,11.84,-72.0,4,6,interaction_mid,0.06009677150076916,0.08560538315679798
1473452,2025,7,4,0,5.64705882352942,11.91891891891892,-72.0,4,6,interaction_mid,0.054336325657963334,0.07869749339737216
1473452,2025,7,5,0,5.64705882352942,12.0,-72.0,4,6,interaction_mid,0.053690492301065165,0.07791506553825324
1473452,2025,7,6,0,5.64705882352942,12.083333333333332,-72.0,4,6,interaction_mid,0.05210574327125801,0.07598798114176779
1473452,2025,8,1,0,5.64705882352942,12.169014084507042,-72.0,4,6,interaction_mid,0.04928100212602424,0.06878828413188703
1473452,2025,8,2,0,5.64705882352942,12.257142857142856,-71.99999999999997,4,6,interaction_mid,0.049189977864371646,0.0686789038755688
1473452,2025,8,3,0,5.64705882352942,12.08695652173913,-69.0,4,6,interaction_mid,0.06162636588068039,0.08336274610986759
1473452,2025,8,4,0,5.64705882352942,12.176470588235293,-69.0,4,6,interaction_mid,0.06616192396337225,0.08860047668435204
1473452,2025,8,5,0,5.64705882352942,12.358208955223882,-70.0,4,6,interaction_mid,0.0663284529775633,0.08879170864395819
1473452,2025,8,6,0,5.64705882352942,12.545454545454545,-71.0,4,6,interaction_mid,0.06126061224860835,0.08293782865423326
1473452,2025,9,1,0,5.64705882352942,12.646153846153847,-71.0,4,6,interaction_mid,0.0581068406760753,0.08704375511335428
1473452,2025,9,2,0,5.64705882352942,12.65625,-70.0,4,6,interaction_mid,0.06290278623575418,0.09291579420487676
1473452,2025,9,3,0,5.64705882352942,12.857142857142858,-81.5,5,5,interaction_mid,0.02423858478623979,0.04215499586604164
1473452,2025,9,4,0,5.64705882352942,13.064516129032256,-82.33333333333334,5,5,interaction_mid,0.02288036688449463,0.04017440842992278
1473452,2025,9,5,0,5.64705882352942,12.885245901639344,-79.16666666666666,5,5,interaction_mid,0.03098991749755624,0.05172926012451263
1473452,2025,9,6,0,5.64705882352942,13.0,-79.0,5,5,interaction_mid,0.029021615985460995,0.04898073221782417
1473452,2025,9,7,0,5.64705882352942,13.118644067796609,-78.83333333333334,5,5,interaction_mid,0.02768381144925978,0.047093431890017315
1473452,2025,10,1,0,5.64705882352942,13.118644067796609,-78.83333333333334,5,5,interaction_mid,0.0281248404745528,0.041893439584717224
1473452,2025,10,2,0,5.64705882352942,13.241379310344827,-78.66666666666666,5,5,interaction_mid,0.025917080106217228,0.038988409184189915
1473452,2025,10,3,0,5.64705882352942,13.368421052631579,-78.5,5,5,interaction_mid,0.0250643053374039,0.0378578146316113
1473452,2025,10,4,0,5.64705882352942,13.5,-78.33333333333331,5,5,interaction_mid,0.02308846616091546,0.03521882423347799
1473452,2025,10,5,0,5.64705882352942,13.745454545454546,-88.33333333333334,6,4,interaction_mid,0.00860062387296201,0.014720829097767823
1473452,2025,10,6,0,5.64705882352942,13.555555555555554,-85.0,6,4,interaction_mid,0.012286331548368052,0.020184785406163905
1473452,2025,10,7,0,5.64705882352942,13.69811320754717,-84.66666666666669,6,4,interaction_mid,0.011750042288822555,0.01940363109875241
1473452,2025,11,1,0,5.64705882352942,13.69811320754717,-84.66666666666669,6,4,interaction_mid,0.01269357595519963,0.019353934272328573
1473452,2025,11,2,0,5.64705882352942,13.73076923076923,-83.33333333333334,6,4,interaction_mid,0.013114214598331026,0.01993284727213879
1473452,2025,11,3,0,5.64705882352942,14.0,-84.0,6,4,interaction_mid,0.011870027429471606,0.01821483298218376
1473452,2025,11,4,0,5.64705882352942,14.28,-84.66666666666666,6,4,interaction_mid,0.009330935547727348,0.014649943402995191
1473452,2025,11,5,0,5.64705882352942,14.448979591836736,-84.33333333333334,6,4,interaction_mid,0.009079845856741466,0.01429253912298805
1473452,2025,11,6,0,5.64705882352942,14.625,-84.0,6,4,interaction_mid,0.008634675465228503,0.01365646384048193
1473452,2025,12,1,0,5.64705882352942,14.808510638297872,-83.66666666666666,6,4,interaction_mid,0.007589263201881146,0.011797366645671934
1473452,2025,12,2,0,5.64705882352942,15.130434782608695,-84.33333333333334,6,4,interaction_mid,0.006671111879626896,0.01049034633632081
1473452,2025,12,3,0,5.64705882352942,15.466666666666669,-85.0,6,4,interaction_mid,0.00661545616355929,0.010410604802132092
1473452,2025,12,4,0,5.64705882352942,15.272727272727273,-81.66666666666666,6,4,interaction_mid,0.00870605964676233,0.013367616030114578
1473452,2025,12,5,0,5.64705882352942,15.488372093023257,-81.33333333333334,6,4,interaction_mid,0.008891150704638289,0.013625979178569735
1473452,2025,12,6,0,5.64705882352942,15.714285714285715,-81.0,6,4,interaction_mid,0.008609203589315124,0.013232213224593165
1473452,2025,13,1,0,5.64705882352942,15.21951219512195,-75.66666666666666,6,4,interaction_mid,0.012388665272733749,0.0156327291442129
1473452,2025,13,2,0,5.64705882352942,14.700000000000001,-70.33333333333334,6,4,interaction_mid,0.021501347590660812,0.026281100861039013
1473452,2025,13,3,0,5.64705882352942,15.076923076923077,-71.0,6,4,interaction_mid,0.016437313319404907,0.020407599334073778
1473452,2025,13,4,0,5.64705882352942,15.315789473684212,-70.66666666666666,6,4,interaction_mid,0.01516925528907958,0.018920635212949347
1473452,2025,13,5,0,5.64705882352942,15.567567567567568,-70.33333333333334,6,4,interaction_mid,0.014199872681404123,0.017778865633131236
1473452,2025,13,6,0,5.64705882352942,15.833333333333332,-70.0,6,4,interaction_mid,0.013529532996489981,0.016986593175175705
1473452,2025,14,1,0,5.64705882352942,15.600000000000001,-66.66666666666666,6,4,interaction_mid,0.017198388159331425,0.02059848724017452
1473452,2025,14,2,0,5.64705882352942,15.882352941176471,-66.33333333333334,6,4,interaction_mid,0.01562447132562109,0.01880025031385011
1473452,2025,14,3,0,5.64705882352942,16.18181818181818,-66.0,6,4,interaction_mid,0.013887315252817103,0.016804807352215973
1473452,2025,14,4,0,5.64705882352942,16.6875,-72.0,7,3,interaction_mid,0.004838966389537385,0.006152978562558633
1473452,2025,14,5,0,5.64705882352942,17.032258064516128,-71.5,7,3,interaction_mid,0.004907692061666044,0.006236291837105962
1473452,2025,14,6,0,5.64705882352942,17.4,-71.0,7,3,interaction_mid,0.004831722720656759,0.006144194112864359
1473452,2025,15,1,0,5.64705882352942,18.0,-76.33333333333334,8,2,interaction_mid,0.004296789000117524,0.005468957133281677
1473452,2025,15,2,0,5.64705882352942,18.642857142857142,-81.33333333333334,9,1,interaction_mid,0.0038442674905585423,0.004916989884338906
1473452,2025,15,3,0,5.64705882352942,19.333333333333336,-81.5,9,1,interaction_mid,0.003990721673826777,0.005095932276187547
1473452,2025,15,4,0,5.64705882352942,20.076923076923077,-81.66666666666666,9,1,interaction_mid,0.003987852313127773,0.005092429262233746
1473452,2025,15,5,0,5.64705882352942,20.64,-80.83333333333331,9,1,interaction_mid,0.003986579778961001,0.0050908756727014075
1473452,2025,15,6,0,5.64705882352942,21.25,-80.0,9,1,interaction_mid,0.0039855621668660095,0.005089633292021943
1473452,2025,15,7,0,5.64705882352942,21.913043478260867,-79.16666666666666,9,1,interaction_mid,0.004058381835892266,0.0051785015656616315
1473453,2025,7,1,0,34.28571428571428,10.051948051948052,-23.793333333333322,2,8,interaction_mid,0.39311685829659093,0.4055298475344038
1473453,2025,7,2,0,34.28571428571428,10.105263157894736,-24.14666666666666,2,8,interaction_mid,0.39555637354456324,0.40764353843500545
1473453,2025,7,3,0,34.28571428571428,9.92,-21.5,2,8,interaction_mid,0.4647912819324082,0.467287415226171
1473453,2025,7,4,0,34.28571428571428,9.972972972972972,-21.853333333333325,2,8,interaction_mid,0.4617677929151278,0.4646922257534106
1473453,2025,7,5,0,34.28571428571428,9.78082191780822,-19.206666666666678,2,8,interaction_mid,0.5282699368654736,0.5217472545291717
1473453,2025,7,6,0,34.28571428571428,9.833333333333332,-19.560000000000002,2,8,interaction_mid,0.5262064794652785,0.5199752885001518
1473453,2025,8,1,0,34.28571428571428,9.971830985915492,-32.92416666666668,3,7,interaction_mid,0.1759471047490262,0.20401301657883433
1473453,2025,8,2,0,34.28571428571428,10.114285714285714,-34.108333333333334,3,7,interaction_mid,0.16522296996559882,0.19340622417191874
1473453,2025,8,3,0,34.28571428571428,10.173913043478262,-34.292500000000004,3,7,interaction_mid,0.16622491914522725,0.19440166259465935
1473453,2025,8,4,0,34.28571428571428,10.323529411764707,-35.476666666666674,3,7,interaction_mid,0.16450851617194867,0.19269583592820688
1473453,2025,8,5,0,34.28571428571428,10.388059701492537,-35.66083333333333,3,7,interaction_mid,0.16044701184559387,0.18864817781051046
1473453,2025,8,6,0,34.28571428571428,10.454545454545455,-35.845,3,7,interaction_mid,0.15522615636510978,0.18342135700173404
1473453,2025,9,1,0,34.28571428571428,10.523076923076923,-36.02916666666667,3,7,interaction_mid,0.1552710782917161,0.19427513675067207
1473453,2025,9,2,0,34.28571428571428,10.3125,-33.21333333333334,3,7,interaction_mid,0.20393043985013828,0.24225069674653193
1473453,2025,9,3,0,34.28571428571428,10.380952380952381,-33.39750000000001,3,7,interaction_mid,0.20216141858014938,0.2405493755947595
1473453,2025,9,4,0,34.28571428571428,10.451612903225806,-33.58166666666665,3,7,interaction_mid,0.19739102051003854,0.23594703737335046
1473453,2025,9,5,0,34.28571428571428,10.524590163934427,-33.76583333333335,3,7,interaction_mid,0.1861200841118761,0.22498548806929938
1473453,2025,9,6,0,34.28571428571428,10.299999999999999,-30.950000000000017,3,7,interaction_mid,0.23905884885594963,0.2754862749789361
1473453,2025,10,1,0,34.28571428571428,10.474576271186441,-32.13416666666669,3,7,interaction_mid,0.24014668110210122,0.2691673874157784
1473453,2025,10,2,0,34.28571428571428,10.241379310344827,-29.318333333333328,3,7,interaction_mid,0.3080169297985992,0.3332355479788032
1473453,2025,10,3,0,34.28571428571428,10.0,-26.502499999999998,3,7,interaction_mid,0.42805221437473767,0.44264565985182236
1473453,2025,10,4,0,34.28571428571428,10.071428571428571,-26.686666666666667,3,7,interaction_mid,0.4141084191982707,0.4301053175150975
1473453,2025,10,5,0,34.28571428571428,10.145454545454545,-26.870833333333337,3,7,interaction_mid,0.3686838766147643,0.3889929965140746
1473453,2025,10,6,0,34.28571428571428,10.333333333333334,-28.055000000000007,3,7,interaction_mid,0.34161064199720576,0.3642517135145399
1473453,2025,11,1,0,34.28571428571428,10.528301886792454,-29.239166666666677,3,7,interaction_mid,0.31770678722180357,0.3412331061530042
1473453,2025,11,2,0,34.28571428571428,10.730769230769232,-30.423333333333318,3,7,interaction_mid,0.2807676091480693,0.30612227749795456
1473453,2025,11,3,0,34.28571428571428,10.941176470588236,-31.607500000000016,3,7,interaction_mid,0.2721138136270886,0.2978208488022278
1473453,2025,11,4,0,34.28571428571428,11.040000000000001,-31.791666666666657,3,7,interaction_mid,0.2728472914339528,0.29852567531550556
1473453,2025,11,5,0,34.28571428571428,11.26530612244898,-32.97583333333333,3,7,interaction_mid,0.25630058811989354,0.2825680514550877
1473453,2025,11,6,0,34.28571428571428,11.375,-33.16,3,7,interaction_mid,0.2498691159590116,0.27633181949728025
1473453,2025,12,1,0,34.28571428571428,11.48936170212766,-33.344166666666666,3,7,interaction_mid,0.2295188561445727,0.25360002746489707
1473453,2025,12,2,0,34.28571428571428,11.608695652173912,-33.528333333333336,3,7,interaction_mid,0.21759867443674152,0.24189789641146825
1473453,2025,12,3,0,34.28571428571428,11.733333333333333,-33.712500000000006,3,7,interaction_mid,0.21518477999874255,0.23951904012461991
1473453,2025,12,4,0,34.28571428571428,11.863636363636363,-33.896666666666675,3,7,interaction_mid,0.19760481329842614,0.2220954579938526
1473453,2025,12,5,0,34.28571428571428,12.0,-34.080833333333345,3,7,interaction_mid,0.18951055099496297,0.2140113085522603
1473453,2025,12,6,0,34.28571428571428,12.142857142857142,-34.265000000000015,3,7,interaction_mid,0.18057965569908957,0.20504288781253513
1473453,2025,12,7,0,34.28571428571428,11.853658536585366,-31.449166666666684,3,7,interaction_mid,0.2367277724049771,0.26064224830213634
1473453,2025,12,8,0,34.28571428571428,11.850000000000001,-30.633333333333354,3,7,interaction_mid,0.24055840207718943,0.264374093085841
1473453,2025,13,1,0,34.28571428571428,11.560975609756097,-29.449166666666684,3,7,interaction_mid,0.2788328355647628,0.28918769787555904
1473453,2025,13,2,0,34.28571428571428,11.7,-29.633333333333354,3,7,interaction_mid,0.2755050119386623,0.285968206941359
1473453,2025,13,3,0,34.28571428571428,12.0,-30.817499999999995,3,7,interaction_mid,0.2357036059044938,0.24726445192043392
1473453,2025,13,4,0,34.28571428571428,11.68421052631579,-28.001666666666665,3,7,interaction_mid,0.311248572875838,0.32043425690574756
1473453,2025,13,5,0,34.28571428571428,11.675675675675677,-27.185833333333335,3,7,interaction_mid,0.34111548311294526,0.34906528310004165
1473453,2025,13,6,0,34.28571428571428,11.833333333333334,-27.370000000000005,3,7,interaction_mid,0.33870279217210775,0.3467573389298897
1473453,2025,14,1,0,34.28571428571428,12.0,-27.554166666666674,3,7,interaction_mid,0.3339976916745744,0.3413134273535464
1473453,2025,14,2,0,34.28571428571428,12.176470588235293,-27.738333333333344,3,7,interaction_mid,0.31602373289961583,0.32394472695080545
1473453,2025,14,3,0,34.28571428571428,12.363636363636363,-27.922499999999985,3,7,interaction_mid,0.2999658636076543,0.3083889573007273
1473453,2025,14,4,0,34.28571428571428,12.0,-25.106666666666683,3,7,interaction_mid,0.42900112132569357,0.43255728386895637
1473453,2025,14,5,0,34.28571428571428,12.0,-24.290833333333325,3,7,interaction_mid,0.43941691337416033,0.4425211952799634
1473453,2025,14,6,0,34.28571428571428,12.400000000000002,-25.474999999999994,3,7,interaction_mid,0.41553447133725685,0.41966647148794245
1473453,2025,14,7,0,34.28571428571428,12.620689655172413,-25.659166666666664,3,7,interaction_mid,0.4017304580469079,0.40644119796511685
1473453,2025,15,1,0,34.28571428571428,12.413793103448278,-24.659166666666664,3,7,interaction_mid,0.41777150441097544,0.423388276055973
1473453,2025,15,2,0,34.28571428571428,12.42857142857143,-23.843333333333334,3,7,interaction_mid,0.41550788888727186,0.42121362978747307
1473453,2025,15,3,0,34.28571428571428,12.666666666666668,-24.027500000000003,3,7,interaction_mid,0.40443363924013165,0.41056918330504566
1473453,2025,15,4,0,34.28571428571428,13.153846153846155,-25.211666666666673,3,7,interaction_mid,0.3904994432860603,0.39716179494055376
1473453,2025,15,5,0,34.28571428571428,12.72,-22.395833333333314,3,7,interaction_mid,0.4572315384333485,0.46124641554673623
1473453,2025,15,6,0,34.28571428571428,13.0,-22.579999999999984,3,7,interaction_mid,0.4481156423450132,0.4525081320583639
1473454,2025,7,1,0,17.51724137931035,10.51948051948052,-51.802499999999995,3,7,interaction_mid,0.10629506370765957,0.1375033996581759
1473454,2025,7,2,0,17.51724137931035,10.578947368421051,-51.86999999999999,3,7,interaction_mid,0.10263849235146591,0.1335754671126724
1473454,2025,7,3,0,17.51724137931035,10.719999999999999,-52.9375,3,7,interaction_mid,0.10489328333162526,0.1360005961214545
1473454,2025,7,4,0,17.51724137931035,10.783783783783784,-53.00500000000001,3,7,interaction_mid,0.10127391192079516,0.1321030137350569
1473454,2025,7,5,0,17.51724137931035,10.84931506849315,-53.072500000000005,3,7,interaction_mid,0.10089797540066979,0.131696714953439
1473454,2025,7,6,0,17.51724137931035,11.0,-54.140000000000015,3,7,interaction_mid,0.09784150689693971,0.1283828798931923
1473454,2025,8,1,0,17.51724137931035,11.070422535211268,-54.20750000000001,3,7,interaction_mid,0.09308805078132808,0.11867116821035753
1473454,2025,8,2,0,17.51724137931035,11.057142857142857,-53.275000000000006,3,7,interaction_mid,0.09603171041381092,0.12186804312864283
1473454,2025,8,3,0,17.51724137931035,11.130434782608695,-53.3425,3,7,interaction_mid,0.09431490971083362,0.12000548069662012
1473454,2025,8,4,0,17.51724137931035,11.205882352941178,-53.41000000000001,3,7,interaction_mid,0.08994693045789262,0.115242132088993
1473454,2025,8,5,0,17.51724137931035,11.28358208955224,-53.47749999999999,3,7,interaction_mid,0.09038250920875045,0.11571875328613637
1473454,2025,8,6,0,17.51724137931035,11.363636363636363,-53.545,3,7,interaction_mid,0.08986884699187239,0.11515665267867253
1473454,2025,9,1,0,17.51724137931035,10.984615384615385,-48.6125,3,7,interaction_mid,0.1280562570847751,0.16614786135231602
1473454,2025,9,2,0,17.51724137931035,11.15625,-59.43999999999998,4,6,interaction_mid,0.06167685080831141,0.09142331422178686
1473454,2025,9,3,0,17.51724137931035,11.238095238095237,-59.355000000000004,4,6,interaction_mid,0.07082837015064061,0.10243330855433146
1473454,2025,9,4,0,17.51724137931035,11.322580645161292,-59.269999999999996,4,6,interaction_mid,0.0738452723105005,0.10600030280502044
1473454,2025,9,5,0,17.51724137931035,11.40983606557377,-59.18500000000002,4,6,interaction_mid,0.07206585204905666,0.10389997705328582
1473454,2025,9,6,0,17.51724137931035,11.5,-59.099999999999994,4,6,interaction_mid,0.07328100886058336,0.10533536956047355
1473454,2025,10,1,0,17.51724137931035,11.491525423728813,-58.015000000000015,4,6,interaction_mid,0.07835551741661523,0.10254746982054629
1473454,2025,10,2,0,17.51724137931035,11.482758620689655,-56.93000000000001,4,6,interaction_mid,0.09087015084806623,0.11660603214931566
1473454,2025,10,3,0,17.51724137931035,11.578947368421053,-56.84500000000003,4,6,interaction_mid,0.08428000738170416,0.10924112112253181
1473454,2025,10,4,0,17.51724137931035,11.785714285714285,-66.29999999999998,5,5,interaction_mid,0.02961235382840348,0.04383386425834476
1473454,2025,10,5,0,17.51724137931035,11.89090909090909,-66.0625,5,5,interaction_mid,0.03118428841414018,0.04587054391572667
1473454,2025,10,6,0,17.51724137931035,12.0,-65.82500000000002,5,5,interaction_mid,0.03457560822417906,0.05021930692605284
1473454,2025,11,1,0,17.51724137931035,12.113207547169813,-65.5875,5,5,interaction_mid,0.033271637110200813,0.04613347333713501
1473454,2025,11,2,0,17.51724137931035,12.115384615384615,-64.35,5,5,interaction_mid,0.039547385547764935,0.053872124295917
1473454,2025,11,3,0,17.51724137931035,12.352941176470587,-65.11249999999998,5,5,interaction_mid,0.040545398386351336,0.05508948013617047
1473454,2025,11,4,0,17.51724137931035,12.600000000000001,-65.875,5,5,interaction_mid,0.03567127717930989,0.04911026608688676
1473454,2025,11,5,0,17.51724137931035,12.73469387755102,-65.63750000000002,5,5,interaction_mid,0.035154995337730144,0.04847174524595098
1473454,2025,11,6,0,17.51724137931035,13.0,-66.4,5,5,interaction_mid,0.034199757456212544,0.04728756495615041
1473454,2025,12,1,0,17.51724137931035,13.148936170212766,-66.1625,5,5,interaction_mid,0.024341679362982857,0.03399782636388667
1473454,2025,12,2,0,17.51724137931035,13.304347826086957,-65.92500000000001,5,5,interaction_mid,0.024424782550969602,0.03410288026921871
1473454,2025,12,3,0,17.51724137931035,13.466666666666667,-65.6875,5,5,interaction_mid,0.022474821193711414,0.03162800431836422
1473454,2025,12,4,0,17.51724137931035,13.636363636363637,-65.44999999999999,5,5,interaction_mid,0.024424988286759673,0.03410314030251824
1473454,2025,12,5,0,17.51724137931035,13.813953488372093,-65.2125,5,5,interaction_mid,0.022368281209939774,0.0314921744613719
1473454,2025,12,6,0,17.51724137931035,14.0,-64.975,5,5,interaction_mid,0.022585488991904806,0.031769028065011334
1473454,2025,13,1,0,17.51724137931035,14.195121951219512,-64.73749999999998,5,5,interaction_mid,0.020224651080230117,0.024809234615916373
1473454,2025,13,2,0,17.51724137931035,14.399999999999999,-64.5,5,5,interaction_mid,0.01795504943806183,0.022178248065332775
1473454,2025,13,3,0,17.51724137931035,14.46153846153846,-63.26250000000002,5,5,interaction_mid,0.019754548422307325,0.024265838503776945
1473454,2025,13,4,0,17.51724137931035,14.842105263157896,-64.025,5,5,interaction_mid,0.014534156930844092,0.018173110474225273
1473454,2025,13,5,0,17.51724137931035,15.08108108108108,-63.787499999999994,5,5,interaction_mid,0.013509001194002173,0.016962290145474002
1473454,2025,13,6,0,17.51724137931035,14.833333333333334,-60.54999999999998,5,5,interaction_mid,0.020158917938549452,0.024733300288644358
1473454,2025,13,7,0,17.51724137931035,15.085714285714285,-60.3125,5,5,interaction_mid,0.01777702696802266,0.021971047700984136
1473454,2025,14,1,0,17.51724137931035,15.085714285714285,-60.3125,5,5,interaction_mid,0.017913392766387072,0.02141259059243675
1473454,2025,14,2,0,17.51724137931035,15.176470588235293,-59.07500000000002,5,5,interaction_mid,0.0185669911812189,0.022155325738498908
1473454,2025,14,3,0,17.51724137931035,14.90909090909091,-55.837500000000006,5,5,interaction_mid,0.025812201215847493,0.0303077098632416
1473454,2025,14,4,0,17.51724137931035,15.375,-56.599999999999994,5,5,interaction_mid,0.02103254359724563,0.024945446777727757
1473454,2025,14,5,0,17.51724137931035,15.870967741935484,-57.36250000000001,5,5,interaction_mid,0.018108482972091215,0.021634429637305608
1473454,2025,14,6,0,17.51724137931035,15.600000000000001,-54.125,5,5,interaction_mid,0.024627344142432856,0.02898367494001414
1473454,2025,15,1,0,17.51724137931035,15.931034482758623,-53.88749999999999,5,5,interaction_mid,0.01977424599418985,0.023495829978444217
1473454,2025,15,2,0,17.51724137931035,16.285714285714285,-53.650000000000006,5,5,interaction_mid,0.01883253253346321,0.02242767378532861
1473454,2025,15,3,0,17.51724137931035,16.666666666666664,-53.412499999999994,5,5,interaction_mid,0.016034493967197916,0.019237923458952925
1473454,2025,15,4,0,17.51724137931035,17.307692307692307,-54.17499999999998,5,5,interaction_mid,0.012031997837509405,0.014626494217588921
1473454,2025,15,5,0,17.51724137931035,18.0,-54.9375,5,5,interaction_mid,0.009055489952155394,0.01115033069918153
1473454,2025,15,6,0,17.51724137931035,18.5,-54.70000000000002,5,5,interaction_mid,0.008047112600037837,0.009961261047593718
1473454,2025,15,7,0,17.51724137931035,19.043478260869563,-54.462500000000006,5,5,interaction_mid,0.006940968109322914,0.008648903292180873
1473454,2025,15,8,0,17.51724137931035,19.636363636363637,-54.224999999999994,5,5,interaction_mid,0.006553560713913786,0.008187067692822212
1473455,2025,7,1,0,37.599999999999994,12.545454545454545,-81.075,4,6,interaction_mid,0.03188977390238581,0.05033723025988789
1473455,2025,7,2,0,37.599999999999994,12.394736842105264,-78.10000000000002,4,6,interaction_mid,0.04726613591213477,0.07003672157330923
1473455,2025,7,3,0,37.599999999999994,12.559999999999999,-79.125,4,6,interaction_mid,0.04120505066917324,0.06242875234337174
1473455,2025,7,4,0,37.599999999999994,12.72972972972973,-80.15,4,6,interaction_mid,0.03214798494326722,0.050679906677922174
1473455,2025,7,5,0,37.599999999999994,12.82191780821918,-80.17500000000001,4,6,interaction_mid,0.030108462090344127,0.04796010674842929
1473455,2025,7,6,0,37.599999999999994,13.0,-81.19999999999999,4,6,interaction_mid,0.028097127614065152,0.04524713018128763
1473455,2025,8,1,0,37.599999999999994,13.098591549295776,-81.225,4,6,interaction_mid,0.026219686789728976,0.03988460770028049
1473455,2025,8,2,0,37.599999999999994,13.200000000000001,-81.24999999999997,4,6,interaction_mid,0.02606126743534531,0.03967571371566726
1473455,2025,8,3,0,37.599999999999994,13.043478260869565,-78.275,4,6,interaction_mid,0.03134988381929393,0.046558015694407394
1473455,2025,8,4,0,37.599999999999994,13.147058823529413,-78.30000000000001,4,6,interaction_mid,0.03308910392901137,0.04878345040167955
1473455,2025,8,5,0,37.599999999999994,13.253731343283583,-78.32500000000002,4,6,interaction_mid,0.03284891336288802,0.048477143789389915
1473455,2025,8,6,0,37.599999999999994,13.363636363636363,-78.35,4,6,interaction_mid,0.03291286415129832,0.048558729731072205
1473455,2025,9,1,0,37.599999999999994,13.476923076923077,-78.375,4,6,interaction_mid,0.035678462761973014,0.05815292958695558
1473455,2025,9,2,0,37.599999999999994,13.125,-73.39999999999998,4,6,interaction_mid,0.0640815562382509,0.09434552629813248
1473455,2025,9,3,0,37.599999999999994,12.952380952380953,-70.42500000000001,4,6,interaction_mid,0.0912680998931948,0.1260762486839947
1473455,2025,9,4,0,37.599999999999994,13.064516129032256,-70.44999999999999,4,6,interaction_mid,0.08171919747289183,0.11517819273402619
1473455,2025,9,5,0,37.599999999999994,12.688524590163933,-65.47500000000002,4,6,interaction_mid,0.15130815743614623,0.19024549633301605
1473455,2025,9,6,0,37.599999999999994,12.8,-65.5,4,6,interaction_mid,0.1441430792905115,0.18290519375815478
1473455,2025,10,1,0,37.599999999999994,12.915254237288135,-65.525,4,6,interaction_mid,0.13001784193800958,0.15890273768388363
1473455,2025,10,2,0,37.599999999999994,13.03448275862069,-65.54999999999998,4,6,interaction_mid,0.1250178352952965,0.15362106213459362
1473455,2025,10,3,0,37.599999999999994,13.157894736842106,-65.57500000000002,4,6,interaction_mid,0.12046606637110882,0.14878501393181415
1473455,2025,10,4,0,37.599999999999994,13.392857142857142,-66.6,4,6,interaction_mid,0.10204066360410036,0.12891280575025604
1473455,2025,10,5,0,37.599999999999994,13.527272727272727,-66.62500000000003,4,6,interaction_mid,0.0984756409447747,0.1250080620197529
1473455,2025,10,6,0,37.599999999999994,13.666666666666666,-66.65,4,6,interaction_mid,0.10197978610665331,0.128846300151513
1473455,2025,11,1,0,37.599999999999994,13.245283018867926,-61.67500000000001,4,6,interaction_mid,0.19443491299394733,0.22166914402633808
1473455,2025,11,2,0,37.599999999999994,13.5,-62.69999999999999,4,6,interaction_mid,0.15129616230574033,0.17772989185909646
1473455,2025,11,3,0,37.599999999999994,13.647058823529411,-62.724999999999994,4,6,interaction_mid,0.1451120166259603,0.17130566032527977
1473455,2025,11,4,0,37.599999999999994,13.799999999999999,-62.75,4,6,interaction_mid,0.14528130683063117,0.17148199148190452
1473455,2025,11,5,0,37.599999999999994,13.714285714285714,-60.775000000000006,4,6,interaction_mid,0.15987376978927237,0.18658426927675573
1473455,2025,11,6,0,37.599999999999994,13.875,-60.80000000000001,4,6,interaction_mid,0.15007467165498933,0.17646373635773963
1473455,2025,12,1,0,37.599999999999994,14.170212765957448,-61.82499999999999,4,6,interaction_mid,0.1252700969885876,0.14815461003190797
1473455,2025,12,2,0,37.599999999999994,14.217391304347824,-60.849999999999994,4,6,interaction_mid,0.12579959636040505,0.14871204947574654
1473455,2025,12,3,0,37.599999999999994,14.0,-57.875,4,6,interaction_mid,0.1527535408816152,0.1767379803641934
1473455,2025,12,4,0,37.599999999999994,14.181818181818183,-57.900000000000006,4,6,interaction_mid,0.14554945886752052,0.16931113183738558
1473455,2025,12,5,0,37.599999999999994,14.372093023255813,-57.92500000000001,4,6,interaction_mid,0.12071887939972346,0.14335131594467
1473455,2025,12,6,0,37.599999999999994,14.57142857142857,-57.95000000000002,4,6,interaction_mid,0.10342731130506433,0.12489375000287097
1473455,2025,12,7,0,37.599999999999994,14.78048780487805,-57.974999999999994,4,6,interaction_mid,0.09046697450146242,0.1108178476932067
1473455,2025,12,8,0,37.599999999999994,15.0,-58.0,4,6,interaction_mid,0.07900413942569978,0.0981688109887461
1473455,2025,12,9,0,37.599999999999994,14.76923076923077,-55.02499999999998,4,6,interaction_mid,0.10650545990546754,0.1282050109346486
1473455,2025,13,1,0,37.599999999999994,13.756097560975608,-50.974999999999994,4,6,interaction_mid,0.23087351051386437,0.24254009396919451
1473455,2025,13,2,0,37.599999999999994,14.100000000000001,-52.0,4,6,interaction_mid,0.1902773276961641,0.20255208992754764
1473455,2025,13,3,0,37.599999999999994,13.538461538461538,-47.02499999999998,4,6,interaction_mid,0.3277253339316037,0.3362459994988705
1473455,2025,13,4,0,37.599999999999994,13.736842105263158,-47.05000000000001,4,6,interaction_mid,0.3113798847449924,0.3205604438081815
1473455,2025,13,5,0,37.599999999999994,13.945945945945944,-47.07499999999999,4,6,interaction_mid,0.30478498368942614,0.31421927684620865
1473455,2025,13,6,0,37.599999999999994,14.166666666666668,-47.10000000000002,4,6,interaction_mid,0.28321218873578047,0.29342096789230465
1473455,2025,14,1,0,37.599999999999994,13.885714285714286,-44.125,4,6,interaction_mid,0.3200003556705854,0.32779120110957005
1473455,2025,14,2,0,37.599999999999994,13.588235294117647,-41.150000000000006,4,6,interaction_mid,0.35697897147877766,0.36346240607519137
1473455,2025,14,3,0,37.599999999999994,14.0,-42.17499999999998,4,6,interaction_mid,0.30741015768906665,0.31560528550160566
1473455,2025,14,4,0,37.599999999999994,14.4375,-43.19999999999999,4,6,interaction_mid,0.27528465031871696,0.28439872505770786
1473455,2025,14,5,0,37.599999999999994,14.70967741935484,-43.224999999999994,4,6,interaction_mid,0.2613860002925735,0.2708409247593475
1473455,2025,14,6,0,37.599999999999994,15.0,-43.25,4,6,interaction_mid,0.2408779023774611,0.2507641442061556
1473455,2025,14,7,0,37.599999999999994,15.517241379310345,-49.22916666666666,5,5,interaction_mid,0.08819952259416854,0.09717864807379634
1473455,2025,15,1,0,37.599999999999994,15.517241379310345,-54.18333333333334,6,4,interaction_mid,0.049494115428147245,0.056275787624173235
1473455,2025,15,2,0,37.599999999999994,15.857142857142858,-53.866666666666646,6,4,interaction_mid,0.043188794111732084,0.04943842175996111
1473455,2025,15,3,0,37.599999999999994,16.22222222222222,-53.55000000000001,6,4,interaction_mid,0.03436375739536589,0.039776639423498114
1473455,2025,15,4,0,37.599999999999994,16.615384615384613,-53.23333333333332,6,4,interaction_mid,0.030795717683311845,0.035834891326226685
1473455,2025,15,5,0,37.599999999999994,17.04,-52.91666666666666,6,4,interaction_mid,0.021694680976652156,0.025666471893752305
1473455,2025,15,6,0,37.599999999999994,17.5,-52.599999999999994,6,4,interaction_mid,0.01491691150399128,0.017956551033779643
1473456,2025,7,1,0,43.33333333333334,11.142857142857142,-19.82666666666664,2,8,interaction_mid,0.2832086568500999,0.30863918914069505
1473456,2025,7,2,0,43.33333333333334,10.973684210526315,-17.413333333333327,2,8,interaction_mid,0.31193850314786287,0.3343594458829464
1473456,2025,7,3,0,43.33333333333334,11.040000000000001,-18.0,2,8,interaction_mid,0.30842127885530307,0.33122895202857344
1473456,2025,7,4,0,43.33333333333334,11.108108108108109,-18.586666666666645,2,8,interaction_mid,0.3093736863677361,0.332077111710178
1473456,2025,7,5,0,43.33333333333334,11.26027397260274,-20.17333333333336,2,8,interaction_mid,0.3004203115345129,0.3240894977152722
1473456,2025,7,6,0,43.33333333333334,11.333333333333332,-20.760000000000005,2,8,interaction_mid,0.3016378701179242,0.3251776281379322
1473456,2025,7,7,0,43.33333333333334,11.154929577464788,-18.34666666666665,2,8,interaction_mid,0.3328277610905477,0.3528587187178567
1473456,2025,8,1,0,43.33333333333334,10.985915492957746,-16.34666666666665,2,8,interaction_mid,0.3817727029065892,0.3945811910344277
1473456,2025,8,2,0,43.33333333333334,11.057142857142857,-16.93333333333331,2,8,interaction_mid,0.3731516277944776,0.3869056719814672
1473456,2025,8,3,0,43.33333333333334,11.130434782608695,-17.52000000000001,2,8,interaction_mid,0.3773816753888282,0.3906736368791727
1473456,2025,8,4,0,43.33333333333334,11.294117647058822,-19.106666666666655,2,8,interaction_mid,0.3633524441600172,0.3781623011980581
1473456,2025,8,5,0,43.33333333333334,11.373134328358208,-19.6933333333333,2,8,interaction_mid,0.36140453294198843,0.37642171308581807
1473456,2025,8,6,0,43.33333333333334,11.181818181818182,-17.279999999999973,2,8,interaction_mid,0.3653450355653222,0.37994191730676014
1473456,2025,9,1,0,43.33333333333334,10.984615384615385,-14.866666666666674,2,8,interaction_mid,0.4094888832160514,0.4270007910577658
1473456,2025,9,2,0,43.33333333333334,11.0625,-15.453333333333319,2,8,interaction_mid,0.3919072417760876,0.4118492956926218
1473456,2025,9,3,0,43.33333333333334,11.238095238095237,-17.039999999999992,2,8,interaction_mid,0.37347684232623823,0.39588627446076746
1473456,2025,9,4,0,43.33333333333334,11.322580645161292,-17.626666666666665,2,8,interaction_mid,0.36580381852442834,0.38921301883025383
1473456,2025,9,5,0,43.33333333333334,10.918032786885245,-13.21333333333331,2,8,interaction_mid,0.4302897330550978,0.44484653452073447
1473456,2025,9,6,0,43.33333333333334,11.100000000000001,-14.799999999999983,2,8,interaction_mid,0.4103216189071797,0.42771678126387247
1473456,2025,9,7,0,43.33333333333334,11.1864406779661,-15.386666666666684,2,8,interaction_mid,0.41509748425148996,0.43182044187515073
1473456,2025,10,1,0,43.33333333333334,10.983050847457626,-13.386666666666684,2,8,interaction_mid,0.4389804497587476,0.4524529729527665
1473456,2025,10,2,0,43.33333333333334,11.172413793103448,-14.97333333333333,2,8,interaction_mid,0.4336166671751623,0.4476415115753085
1473456,2025,10,3,0,43.33333333333334,11.263157894736842,-15.560000000000002,2,8,interaction_mid,0.4226530828635389,0.43779371596087047
1473456,2025,10,4,0,43.33333333333334,11.035714285714285,-13.146666666666675,2,8,interaction_mid,0.44607793692178566,0.4588136529401227
1473456,2025,10,5,0,43.33333333333334,11.236363636363636,-14.73333333333332,2,8,interaction_mid,0.4426404056786215,0.45573379895633165
1473456,2025,10,6,0,43.33333333333334,11.444444444444445,-16.319999999999965,2,8,interaction_mid,0.4242069570246778,0.4391905801941762
1473456,2025,11,1,0,43.33333333333334,11.547169811320755,-16.906666666666666,2,8,interaction_mid,0.4077348134327,0.4250956941457036
1473456,2025,11,2,0,43.33333333333334,11.769230769230768,-18.49333333333334,2,8,interaction_mid,0.3909657952446723,0.4096207311642671
1473456,2025,11,3,0,43.33333333333334,11.529411764705882,-16.079999999999984,2,8,interaction_mid,0.4238156692509558,0.43988696796420573
1473456,2025,11,4,0,43.33333333333334,11.64,-16.666666666666657,2,8,interaction_mid,0.4036440892700543,0.42132566973921426
1473456,2025,11,5,0,43.33333333333334,11.63265306122449,-16.25333333333333,2,8,interaction_mid,0.42281543605838906,0.43896822380763706
1473456,2025,11,6,0,43.33333333333334,11.75,-16.839999999999975,2,8,interaction_mid,0.4173254047220973,0.4339225281760764
1473456,2025,11,7,0,43.33333333333334,11.48936170212766,-14.426666666666648,2,8,interaction_mid,0.44020716669196036,0.45492102405998813
1473456,2025,12,1,0,43.33333333333334,11.361702127659575,-13.426666666666648,2,8,interaction_mid,0.43426091630025815,0.44668366950749605
1473456,2025,12,2,0,43.33333333333334,11.478260869565219,-14.01333333333335,2,8,interaction_mid,0.43128256291360056,0.4439435970655155
1473456,2025,12,3,0,43.33333333333334,11.6,-14.599999999999994,2,8,interaction_mid,0.42679303627835946,0.43981104400828697
1473456,2025,12,4,0,43.33333333333334,11.727272727272727,-15.186666666666667,2,8,interaction_mid,0.41584472301198444,0.42972145912343557
1473456,2025,12,5,0,43.33333333333334,11.86046511627907,-15.77333333333334,2,8,interaction_mid,0.3988910407309778,0.4140611557682283
1473456,2025,12,6,0,43.33333333333334,12.0,-16.359999999999985,2,8,interaction_mid,0.39248906032665576,0.4081349311623114
1473456,2025,12,7,0,43.33333333333334,12.146341463414634,-16.94666666666666,2,8,interaction_mid,0.37152163581205794,0.388671279895132
1473456,2025,12,8,0,43.33333333333334,12.450000000000001,-18.53333333333336,2,8,interaction_mid,0.36020252607744513,0.37812594767299773
1473456,2025,12,9,0,43.33333333333334,12.153846153846153,-16.120000000000005,2,8,interaction_mid,0.3957267859881593,0.4111329621919694
1473456,2025,12,10,0,43.33333333333334,12.157894736842104,-15.70666666666665,2,8,interaction_mid,0.4073123653693543,0.4218458622915266
1473456,2025,12,11,0,43.33333333333334,12.486486486486488,-24.63166666666666,3,7,interaction_mid,0.3008092715936592,0.32225625756956
1473456,2025,13,1,0,43.33333333333334,11.121951219512196,-18.078333333333347,3,7,interaction_mid,0.3822340301749377,0.3882875428356221
1473456,2025,13,2,0,43.33333333333334,11.399999999999999,-19.46666666666667,3,7,interaction_mid,0.37883188779239746,0.38504943653638185
1473456,2025,13,3,0,43.33333333333334,11.692307692307692,-20.85499999999999,3,7,interaction_mid,0.3820176475469534,0.3880816271490449
1473456,2025,13,4,0,43.33333333333334,11.842105263157894,-21.24333333333334,3,7,interaction_mid,0.3795331595388059,0.38571699006574484
1473456,2025,13,5,0,43.33333333333334,12.0,-21.63166666666666,3,7,interaction_mid,0.3623001964263753,0.36929760390149524
1473456,2025,13,6,0,43.33333333333334,12.166666666666666,-22.02000000000001,3,7,interaction_mid,0.37771256686964017,0.3839838317638033
1473456,2025,13,7,0,43.33333333333334,12.514285714285716,-30.349999999999994,4,6,interaction_mid,0.26912187769832574,0.27978620870568555
1473456,2025,14,1,0,43.33333333333334,12.342857142857142,-29.349999999999994,4,6,interaction_mid,0.28857406745906167,0.29732896090483873
1473456,2025,14,2,0,43.33333333333334,12.529411764705884,-29.54000000000002,4,6,interaction_mid,0.267797205984334,0.2770995127579908
1473456,2025,14,3,0,43.33333333333334,12.727272727272727,-29.72999999999999,4,6,interaction_mid,0.27790056580135614,0.286946423088139
1473456,2025,14,4,0,43.33333333333334,13.125,-30.919999999999987,4,6,interaction_mid,0.25162456973076597,0.2612959552170897
1473456,2025,14,5,0,43.33333333333334,12.774193548387096,-28.109999999999985,4,6,interaction_mid,0.2906385049011354,0.29933485417532957
1473456,2025,14,6,0,43.33333333333334,13.200000000000001,-35.25,5,5,interaction_mid,0.17625015493851412,0.18680916973423173
1473456,2025,15,1,0,43.33333333333334,12.827586206896552,-32.241666666666674,5,5,interaction_mid,0.21480913895295392,0.22587234259822322
1473456,2025,15,2,0,43.33333333333334,13.285714285714286,-38.78666666666666,6,4,interaction_mid,0.08567905440154802,0.09472971261950652
1473456,2025,15,3,0,43.33333333333334,13.555555555555554,-38.58000000000001,6,4,interaction_mid,0.08036056535353636,0.08914714913460639
1473456,2025,15,4,0,43.33333333333334,14.076923076923077,-39.373333333333335,6,4,interaction_mid,0.06637084573650233,0.07435744106081636
1473456,2025,15,5,0,43.33333333333334,13.200000000000001,-34.16666666666666,6,4,interaction_mid,0.10919209915792297,0.11918484201840823
1473456,2025,15,6,0,43.33333333333334,13.5,-33.95999999999998,6,4,interaction_mid,0.10939697447695065,0.11939646157065852
1473457,2025,7,1,1,-43.0,7.48051948051948,-16.973333333333315,2,8,interaction_mid,0.7889896580404324,0.7541932260723183
1473457,2025,7,2,1,-43.0,7.2631578947368425,-13.986666666666665,2,8,interaction_mid,0.840747360963702,0.8048618071119986
1473457,2025,7,3,1,-43.0,7.28,-14.0,2,8,interaction_mid,0.8364112353132941,0.8005103441459163
1473457,2025,7,4,1,-43.0,7.378378378378379,-15.013333333333321,2,8,interaction_mid,0.817610976205795,0.7818849594870843
1473457,2025,7,5,1,-43.0,7.397260273972603,-15.026666666666685,2,8,interaction_mid,0.8114607597691664,0.7758710241906918
1473457,2025,7,6,1,-43.0,7.416666666666667,-15.040000000000006,2,8,interaction_mid,0.8070532547720463,0.7715834755735126
1473457,2025,8,1,1,-43.0,7.521126760563381,-16.053333333333327,2,8,interaction_mid,0.7959541903060049,0.7670508404892151
1473457,2025,8,2,1,-43.0,7.285714285714285,-13.066666666666649,2,8,interaction_mid,0.8243606865396161,0.7948304230979306
1473457,2025,8,3,1,-43.0,7.217391304347826,-12.080000000000013,2,8,interaction_mid,0.8410989723103539,0.8115280156045481
1473457,2025,8,4,1,-43.0,7.235294117647058,-12.093333333333334,2,8,interaction_mid,0.8377908568488766,0.8082065558165645
1473457,2025,8,5,1,-43.0,6.985074626865671,-9.106666666666655,2,8,interaction_mid,0.880443844603905,0.8519729747809763
1473457,2025,8,6,1,-43.0,7.0,-9.11999999999999,2,8,interaction_mid,0.8771862231561157,0.8485505284960221
1473457,2025,9,1,1,-43.0,7.015384615384615,-9.133333333333326,2,8,interaction_mid,0.8803474042208541,0.8472278731855178
1473457,2025,9,2,1,-43.0,7.125,-10.146666666666647,2,8,interaction_mid,0.8670207904496012,0.8334554578848776
1473457,2025,9,3,1,-43.0,7.142857142857142,-10.159999999999997,2,8,interaction_mid,0.8593758714449102,0.8256761088501658
1473457,2025,9,4,1,-43.0,7.064516129032258,-9.173333333333332,2,8,interaction_mid,0.8750856970990859,0.8417564107436748
1473457,2025,9,5,1,-43.0,7.081967213114754,-9.186666666666653,2,8,interaction_mid,0.8748975510399002,0.8415616006092252
1473457,2025,9,6,1,-43.0,7.1,-9.200000000000003,2,8,interaction_mid,0.8780510348408819,0.8448343481828744
1473457,2025,10,1,1,-43.0,7.016949152542373,-8.213333333333338,2,8,interaction_mid,0.8913571351568405,0.8703344548518677
1473457,2025,10,2,1,-43.0,7.137931034482759,-9.22666666666666,2,8,interaction_mid,0.8704533204853169,0.8488883247274058
1473457,2025,10,3,1,-43.0,7.157894736842104,-9.239999999999995,2,8,interaction_mid,0.870279376628871,0.8487119646155298
1473457,2025,10,4,1,-43.0,7.285714285714285,-10.253333333333345,2,8,interaction_mid,0.8492575129457,0.8276217813672763
1473457,2025,10,5,1,-43.0,7.3090909090909095,-10.266666666666666,2,8,interaction_mid,0.8479125166659464,0.8262865566344936
1473457,2025,10,6,1,-43.0,7.0,-7.279999999999987,2,8,interaction_mid,0.8975873304762465,0.8768321649978451
1473457,2025,11,1,1,-43.0,7.018867924528301,-7.2933333333333366,2,8,interaction_mid,0.8966724685641404,0.8813087547883528
1473457,2025,11,2,1,-43.0,7.038461538461538,-7.306666666666672,2,8,interaction_mid,0.8939994060723377,0.8785654939136132
1473457,2025,11,3,1,-43.0,7.0588235294117645,-7.319999999999993,2,8,interaction_mid,0.8946692963831617,0.8792522509658593
1473457,2025,11,4,1,-43.0,7.08,-7.333333333333329,2,8,interaction_mid,0.8940439950672088,0.8786111906538382
1473457,2025,11,5,1,-43.0,7.224489795918368,-8.346666666666664,2,8,interaction_mid,0.8801322969742666,0.8644521406358638
1473457,2025,11,6,1,-43.0,6.875,-5.359999999999985,2,8,interaction_mid,0.9404425057520207,0.9275599356872583
1473457,2025,12,1,1,-43.0,6.893617021276596,-5.373333333333335,2,8,interaction_mid,0.9421820601085202,0.9295280206197469
1473457,2025,12,2,1,-43.0,6.913043478260869,-5.38666666666667,2,8,interaction_mid,0.9396815412571518,0.9267850082910607
1473457,2025,12,3,1,-43.0,6.533333333333333,-2.3999999999999915,2,8,interaction_mid,0.9700096626257084,0.9610685481212814
1473457,2025,12,4,1,-43.0,6.681818181818182,-3.413333333333327,2,8,interaction_mid,0.9610831291728605,0.950713715433841
1473457,2025,12,5,1,-43.0,6.697674418604651,-3.4266666666666765,2,8,interaction_mid,0.9612468875501954,0.9509013283027793
1473457,2025,12,6,1,-43.0,6.714285714285714,-3.4399999999999977,2,8,interaction_mid,0.9557598963324883,0.94465702247118
1473457,2025,13,1,1,-43.0,6.878048780487804,-9.646666666666675,3,7,interaction_mid,0.8914004205108526,0.8798720249580625
1473457,2025,13,2,1,-43.0,7.050000000000001,-10.533333333333346,3,7,interaction_mid,0.8837021658888904,0.8719399195468295
1473457,2025,13,3,1,-43.0,7.076923076923077,-10.419999999999987,3,7,interaction_mid,0.8839734738330052,0.8722188118911385
1473457,2025,13,4,1,-43.0,6.631578947368421,-7.306666666666672,3,7,interaction_mid,0.9139554572449575,0.9033576910624181
1473457,2025,13,5,1,-43.0,6.8108108108108105,-8.193333333333328,3,7,interaction_mid,0.9084008471462867,0.8975370080189787
1473457,2025,13,6,1,-43.0,7.0,-9.080000000000013,3,7,interaction_mid,0.893098712808535,0.8816272593792709
1473457,2025,13,7,1,-43.0,7.0285714285714285,-8.966666666666669,3,7,interaction_mid,0.9010522023313572,0.8898746316658445
1473457,2025,14,1,1,-43.0,6.342857142857143,-4.966666666666669,3,7,interaction_mid,0.9577370135185083,0.951740724107647
1473457,2025,14,2,1,-43.0,5.823529411764706,-1.853333333333353,3,7,interaction_mid,0.9739287501346933,0.9694993302135644
1473457,2025,14,3,1,-43.0,5.2727272727272725,1.2600000000000051,3,7,interaction_mid,0.984748927910841,0.9816861029512137
1473457,2025,14,4,1,-43.0,5.25,1.3733333333333348,3,7,interaction_mid,0.9853821657532755,0.9824107648583355
1473457,2025,14,5,1,-43.0,4.64516129032258,4.486666666666679,3,7,interaction_mid,0.989332745894447,0.9869703701982112
1473457,2025,14,6,1,-43.0,4.800000000000001,3.6000000000000085,3,7,interaction_mid,0.9894974329271442,0.9871620814765212
1473457,2025,14,7,1,-43.0,4.758620689655173,3.7133333333333383,3,7,interaction_mid,0.989934661272944,0.9876717789758399
1473457,2025,15,1,1,-43.0,4.551724137931034,4.713333333333338,3,7,interaction_mid,0.9916066399433867,0.9898090049910627
1473457,2025,15,2,1,-43.0,4.714285714285714,3.826666666666668,3,7,interaction_mid,0.9913561370990849,0.9895186229586375
1473457,2025,15,3,1,-43.0,4.0,6.939999999999998,3,7,interaction_mid,0.9946716811287466,0.9933987615821869
1473457,2025,15,4,1,-43.0,3.230769230769231,10.053333333333313,3,7,interaction_mid,0.9952101138306091,0.9940378992040263
1473457,2025,15,5,1,-43.0,3.12,10.166666666666686,3,7,interaction_mid,0.9953273440048105,0.9941774724443464
1473457,2025,15,6,1,-43.0,3.0,10.280000000000001,3,7,interaction_mid,0.9952627227595624,0.9941005157353173
1473458,2025,7,1,0,45.217391304347814,12.623376623376624,-47.55333333333331,2,8,interaction_mid,0.05222214299842035,0.07612987659376087
1473458,2025,7,2,0,45.217391304347814,12.473684210526315,-45.02666666666666,2,8,interaction_mid,0.06181281385967855,0.08763984476621314
1473458,2025,7,3,0,45.217391304347814,12.32,-42.5,2,8,interaction_mid,0.07348422513967355,0.10122219795152815
1473458,2025,7,4,0,45.217391304347814,12.405405405405405,-42.973333333333315,2,8,interaction_mid,0.06890465070969752,0.09594319427793742
1473458,2025,7,5,0,45.217391304347814,12.246575342465754,-40.44666666666669,2,8,interaction_mid,0.08044995396055407,0.10913864805197179
1473458,2025,7,6,0,45.217391304347814,12.416666666666668,-41.92,2,8,interaction_mid,0.06975075439197433,0.09692321239482994
1473458,2025,8,1,0,45.217391304347814,12.591549295774648,-43.39333333333332,2,8,interaction_mid,0.07211620945641045,0.09539317364491327
1473458,2025,8,2,0,45.217391304347814,12.42857142857143,-40.866666666666646,2,8,interaction_mid,0.08093663612362659,0.10529794526417956
1473458,2025,8,3,0,45.217391304347814,12.608695652173914,-42.34,2,8,interaction_mid,0.07817700314937691,0.10221812476551762
1473458,2025,8,4,0,45.217391304347814,12.705882352941178,-42.81333333333333,2,8,interaction_mid,0.07418234211685558,0.09772952392755056
1473458,2025,8,5,0,45.217391304347814,12.895522388059701,-44.28666666666665,2,8,interaction_mid,0.07345330384643575,0.09690631283470719
1473458,2025,8,6,0,45.217391304347814,13.09090909090909,-45.75999999999999,2,8,interaction_mid,0.06876439163686392,0.09158059972637762
1473458,2025,9,1,0,45.217391304347814,13.200000000000001,-46.233333333333334,2,8,interaction_mid,0.06736382008075883,0.09829995359976638
1473458,2025,9,2,0,45.217391304347814,13.40625,-47.70666666666665,2,8,interaction_mid,0.0598673028034961,0.08920974659016201
1473458,2025,9,3,0,45.217391304347814,13.619047619047619,-49.17999999999998,2,8,interaction_mid,0.053157138442935264,0.08088431694260534
1473458,2025,9,4,0,45.217391304347814,13.838709677419356,-62.07166666666666,3,7,interaction_mid,0.024689753675186322,0.04280850032448202
1473458,2025,9,5,0,45.217391304347814,13.672131147540984,-59.360833333333346,3,7,interaction_mid,0.03758586306407599,0.06072091305736631
1473458,2025,9,6,0,45.217391304347814,13.799999999999999,-59.650000000000006,3,7,interaction_mid,0.03500982518653678,0.05724678221427606
1473458,2025,10,1,0,45.217391304347814,14.033898305084746,-60.939166666666665,3,7,interaction_mid,0.03143537191715429,0.04619458952387472
1473458,2025,10,2,0,45.217391304347814,14.172413793103448,-61.228333333333325,3,7,interaction_mid,0.02884602653708697,0.04283584672533511
1473458,2025,10,3,0,45.217391304347814,14.421052631578947,-62.517499999999984,3,7,interaction_mid,0.02559353877257298,0.038560039157081956
1473458,2025,10,4,0,45.217391304347814,14.57142857142857,-62.80666666666667,3,7,interaction_mid,0.024861888265630874,0.037588728209135065
1473458,2025,10,5,0,45.217391304347814,14.836363636363636,-64.09583333333333,3,7,interaction_mid,0.02051404244398963,0.03173620265712508
1473458,2025,10,6,0,45.217391304347814,14.666666666666668,-61.38500000000002,3,7,interaction_mid,0.028648519669112124,0.04257806537428716
1473458,2025,10,7,0,45.217391304347814,14.943396226415093,-62.67416666666668,3,7,interaction_mid,0.024041852547650202,0.03649567904217061
1473458,2025,11,1,0,45.217391304347814,14.830188679245284,-61.67416666666668,3,7,interaction_mid,0.025182267391666343,0.035910871227408686
1473458,2025,11,2,0,45.217391304347814,15.0,-61.96333333333334,3,7,interaction_mid,0.024369157667591818,0.03486516038904471
1473458,2025,11,3,0,45.217391304347814,15.294117647058822,-63.2525,3,7,interaction_mid,0.021808486581782426,0.03154690179191902
1473458,2025,11,4,0,45.217391304347814,14.879999999999999,-58.54166666666666,3,7,interaction_mid,0.03571334907859912,0.049162253583594565
1473458,2025,11,5,0,45.217391304347814,15.061224489795919,-58.83083333333332,3,7,interaction_mid,0.03445990480335208,0.047610422765800284
1473458,2025,11,6,0,45.217391304347814,15.375,-68.96000000000001,4,6,interaction_mid,0.013106208622569494,0.019921846570444983
1473458,2025,12,1,0,45.217391304347814,15.702127659574469,-70.065,4,6,interaction_mid,0.011485605687999613,0.01719883480032547
1473458,2025,12,2,0,45.217391304347814,15.260869565217392,-65.17000000000002,4,6,interaction_mid,0.018401083953758876,0.026384930203482145
1473458,2025,12,3,0,45.217391304347814,15.066666666666666,-62.275000000000006,4,6,interaction_mid,0.025025775263846643,0.034861543810196946
1473458,2025,12,4,0,45.217391304347814,15.136363636363637,-61.379999999999995,4,6,interaction_mid,0.025108076327063328,0.03496529118492277
1473458,2025,12,5,0,45.217391304347814,14.930232558139535,-58.485000000000014,4,6,interaction_mid,0.03279135914470842,0.0445113727590049
1473458,2025,12,6,0,45.217391304347814,15.142857142857142,-58.59,4,6,interaction_mid,0.02803864340705058,0.038637722823217376
1473458,2025,13,1,0,45.217391304347814,15.365853658536587,-58.69500000000002,4,6,interaction_mid,0.026549905379831824,0.03205113918603087
1473458,2025,13,2,0,45.217391304347814,14.850000000000001,-53.80000000000001,4,6,interaction_mid,0.04117692911870599,0.04841373568595146
1473458,2025,13,3,0,45.217391304347814,14.615384615384613,-50.90499999999997,4,6,interaction_mid,0.04849837237237822,0.056451185654838566
1473458,2025,13,4,0,45.217391304347814,14.052631578947368,-46.01000000000002,4,6,interaction_mid,0.07305022367385829,0.08286656004566537
1473458,2025,13,5,0,45.217391304347814,14.27027027027027,-46.11499999999998,4,6,interaction_mid,0.07002772309052105,0.07965252969142395
1473458,2025,13,6,0,45.217391304347814,14.0,-43.22000000000003,4,6,interaction_mid,0.09425119652757465,0.10516932285877156
1473458,2025,13,7,0,45.217391304347814,14.399999999999999,-44.32499999999999,4,6,interaction_mid,0.07900665845974959,0.08917367235276091
1473458,2025,14,1,0,45.217391304347814,14.228571428571428,-43.32499999999999,4,6,interaction_mid,0.08854957379720439,0.09754329166268873
1473458,2025,14,2,0,45.217391304347814,13.588235294117647,-38.43000000000001,4,6,interaction_mid,0.14356744714127234,0.15395734460259788
1473458,2025,14,3,0,45.217391304347814,12.909090909090908,-33.535,4,6,interaction_mid,0.20019802141799872,0.210645140811942
1473458,2025,14,4,0,45.217391304347814,13.125,-33.639999999999986,4,6,interaction_mid,0.1929504240081321,0.20345022672405427
1473458,2025,14,5,0,45.217391304347814,13.354838709677418,-33.745000000000005,4,6,interaction_mid,0.18481431240428592,0.19535415749798088
1473458,2025,14,6,0,45.217391304347814,13.6,-33.849999999999994,4,6,interaction_mid,0.18039060060867046,0.19094337137754383
1473458,2025,14,7,0,45.217391304347814,13.655172413793103,-32.954999999999984,4,6,interaction_mid,0.18687147539462876,0.19740315917118068
1473458,2025,14,8,0,45.217391304347814,13.92857142857143,-33.06,4,6,interaction_mid,0.1748526632538916,0.18541247959936158
1473458,2025,15,1,0,45.217391304347814,13.448275862068964,-31.954999999999984,4,6,interaction_mid,0.19730653108781512,0.20846334966858604
1473458,2025,15,2,0,45.217391304347814,13.714285714285714,-32.06,4,6,interaction_mid,0.1896564180775177,0.20082603019042866
1473458,2025,15,3,0,45.217391304347814,14.222222222222221,-33.16499999999999,4,6,interaction_mid,0.16548119240667836,0.176566794087642
1473458,2025,15,4,0,45.217391304347814,14.538461538461537,-33.27000000000001,4,6,interaction_mid,0.14873333947988465,0.15963765777530894
1473458,2025,15,5,0,45.217391304347814,13.68,-28.375,4,6,interaction_mid,0.24063967877612066,0.2514166242361433
1473458,2025,15,6,0,45.217391304347814,14.0,-28.47999999999999,4,6,interaction_mid,0.2304713291863309,0.2413807042984395
1473458,2025,15,7,0,45.217391304347814,13.565217391304348,-25.585000000000008,4,6,interaction_mid,0.2765356102293528,0.28666263695281047
1473459,2025,7,1,0,45.33333333333334,12.311688311688311,-30.527500000000003,1,9,interaction_mid,0.18782327929059192,0.2199640215035201
1473459,2025,7,2,0,45.33333333333334,12.473684210526315,-46.03999999999999,2,8,interaction_mid,0.08218096555212683,0.1110860800900522
1473459,2025,7,3,0,45.33333333333334,12.48,-45.5,2,8,interaction_mid,0.08763647781245403,0.11717530407525972
1473459,2025,7,4,0,45.33333333333334,12.567567567567568,-45.95999999999998,2,8,interaction_mid,0.08553773617570617,0.11484126623912222
1473459,2025,7,5,0,45.33333333333334,12.73972602739726,-47.420000000000016,2,8,interaction_mid,0.08063123333236648,0.1093429496958591
1473459,2025,7,6,0,45.33333333333334,12.583333333333334,-44.88000000000001,2,8,interaction_mid,0.09879349403537356,0.1294170550397147
1473459,2025,7,7,0,45.33333333333334,12.760563380281688,-46.33999999999999,2,8,interaction_mid,0.09179637163223923,0.12177147848455776
1473459,2025,8,1,0,45.33333333333334,12.676056338028168,-45.33999999999999,2,8,interaction_mid,0.1064738330337522,0.13308682126422455
1473459,2025,8,2,0,45.33333333333334,12.685714285714287,-44.79999999999997,2,8,interaction_mid,0.11611580313998988,0.14329103684332828
1473459,2025,8,3,0,45.33333333333334,12.521739130434781,-42.260000000000005,2,8,interaction_mid,0.12933934010219994,0.157069810309222
1473459,2025,8,4,0,45.33333333333334,12.705882352941178,-43.72,2,8,interaction_mid,0.11962108755360631,0.14696678075012495
1473459,2025,8,5,0,45.33333333333334,12.805970149253731,-44.17999999999998,2,8,interaction_mid,0.12011026889587025,0.1474783757911897
1473459,2025,8,6,0,45.33333333333334,12.818181818181817,-43.639999999999986,2,8,interaction_mid,0.1177453988882709,0.14500204592634214
1473459,2025,9,1,0,45.33333333333334,12.830769230769231,-43.099999999999994,2,8,interaction_mid,0.1297827123877921,0.16796584540275158
1473459,2025,9,2,0,45.33333333333334,12.9375,-43.55999999999999,2,8,interaction_mid,0.12681405272261279,0.16483673308289207
1473459,2025,9,3,0,45.33333333333334,13.142857142857144,-45.019999999999996,2,8,interaction_mid,0.13450435120294674,0.17291307163863703
1473459,2025,9,4,0,45.33333333333334,13.258064516129032,-45.47999999999999,2,8,interaction_mid,0.12739637102666201,0.1654516834956304
1473459,2025,9,5,0,45.33333333333334,13.377049180327868,-45.94,2,8,interaction_mid,0.12133247147907467,0.15901950746301172
1473459,2025,9,6,0,45.33333333333334,13.0,-41.400000000000006,2,8,interaction_mid,0.14993786499090064,0.1888472108023514
1473459,2025,9,7,0,45.33333333333334,13.118644067796609,-41.860000000000014,2,8,interaction_mid,0.14959847872052878,0.1885004943173307
1473459,2025,9,8,0,45.33333333333334,13.344827586206897,-43.31999999999999,2,8,interaction_mid,0.1396201644629828,0.17823383615134578
1473459,2025,10,1,0,45.33333333333334,13.016949152542374,-40.860000000000014,2,8,interaction_mid,0.15895320000089147,0.1889027493288895
1473459,2025,10,2,0,45.33333333333334,13.137931034482758,-41.31999999999999,2,8,interaction_mid,0.1491171918948469,0.17880608029832898
1473459,2025,10,3,0,45.33333333333334,12.947368421052632,-38.78,2,8,interaction_mid,0.1839793906034335,0.2141818397233154
1473459,2025,10,4,0,45.33333333333334,13.07142857142857,-39.24000000000001,2,8,interaction_mid,0.1809976820252468,0.21119861831065975
1473459,2025,10,5,0,45.33333333333334,13.200000000000001,-39.69999999999999,2,8,interaction_mid,0.17075635265117625,0.20089477757216048
1473459,2025,10,6,0,45.33333333333334,13.333333333333334,-40.15999999999997,2,8,interaction_mid,0.16800193901777613,0.19810782670764882
1473459,2025,10,7,0,45.33333333333334,13.471698113207548,-40.620000000000005,2,8,interaction_mid,0.15695310407107033,0.18685751562312117
1473459,2025,11,1,0,45.33333333333334,13.245283018867926,-38.620000000000005,2,8,interaction_mid,0.1870379422130414,0.21423362407829455
1473459,2025,11,2,0,45.33333333333334,13.384615384615385,-39.079999999999984,2,8,interaction_mid,0.1834520849538855,0.21061539775625554
1473459,2025,11,3,0,45.33333333333334,13.529411764705882,-39.53999999999999,2,8,interaction_mid,0.16606460657824934,0.19293624293522021
1473459,2025,11,4,0,45.33333333333334,13.68,-40.0,2,8,interaction_mid,0.17621135216712477,0.20328098892970575
1473459,2025,11,5,0,45.33333333333334,13.959183673469386,-41.46000000000001,2,8,interaction_mid,0.15542113060399237,0.18199591366804407
1473459,2025,11,6,0,45.33333333333334,13.75,-38.91999999999999,2,8,interaction_mid,0.19397731793093367,0.22121024308284482
1473459,2025,12,1,0,45.33333333333334,13.27659574468085,-34.379999999999995,2,8,interaction_mid,0.23579189496443068,0.2597294418600787
1473459,2025,12,2,0,45.33333333333334,13.565217391304348,-35.84,2,8,interaction_mid,0.21582709710623943,0.24015234199703675
1473459,2025,12,3,0,45.33333333333334,13.733333333333333,-36.29999999999998,2,8,interaction_mid,0.20244781033564774,0.22691325330462148
1473459,2025,12,4,0,45.33333333333334,13.90909090909091,-36.75999999999999,2,8,interaction_mid,0.19568021486945902,0.22017694510345776
1473459,2025,12,5,0,45.33333333333334,14.093023255813954,-37.22,2,8,interaction_mid,0.19862866970953091,0.22311515897999357
1473459,2025,12,6,0,45.33333333333334,14.428571428571427,-38.68000000000001,2,8,interaction_mid,0.19173015016547634,0.2162322106363923
1473459,2025,12,7,0,45.33333333333334,14.634146341463413,-39.139999999999986,2,8,interaction_mid,0.1821751102502504,0.2066489189123348
1473459,2025,13,1,0,45.33333333333334,14.048780487804876,-35.139999999999986,2,8,interaction_mid,0.2165905124888788,0.22853053956420616
1473459,2025,13,2,0,45.33333333333334,13.5,-30.600000000000023,2,8,interaction_mid,0.29572932346804537,0.30549943573084326
1473459,2025,13,3,0,45.33333333333334,13.692307692307692,-31.060000000000002,2,8,interaction_mid,0.29090838246507533,0.30085105804177026
1473459,2025,13,4,0,45.33333333333334,13.105263157894736,-26.519999999999982,2,8,interaction_mid,0.3199716954234447,0.32881070945103413
1473459,2025,13,5,0,45.33333333333334,13.297297297297298,-26.97999999999999,2,8,interaction_mid,0.3100325741682066,0.3192655784262632
1473459,2025,13,6,0,45.33333333333334,13.5,-27.439999999999998,2,8,interaction_mid,0.30204731487348535,0.31158469981640036
1473459,2025,14,1,0,45.33333333333334,13.714285714285714,-27.899999999999977,2,8,interaction_mid,0.2914445151295062,0.30011781336814447
1473459,2025,14,2,0,45.33333333333334,13.941176470588236,-28.359999999999985,2,8,interaction_mid,0.28019943841007067,0.28918432329544524
1473459,2025,14,3,0,45.33333333333334,14.181818181818183,-28.819999999999993,2,8,interaction_mid,0.2727350385948504,0.2819143911641563
1473459,2025,14,4,0,45.33333333333334,14.4375,-29.28,2,8,interaction_mid,0.25592133312065235,0.265499860601376
1473459,2025,14,5,0,45.33333333333334,14.70967741935484,-29.74000000000001,2,8,interaction_mid,0.24354946672909944,0.2533846755706158
1473459,2025,14,6,0,45.33333333333334,15.0,-30.200000000000017,2,8,interaction_mid,0.22889568258200144,0.23899053802366732
1473459,2025,15,1,0,45.33333333333334,15.310344827586208,-30.659999999999997,2,8,interaction_mid,0.21616927811793027,0.22722165018244636
1473459,2025,15,2,0,45.33333333333334,15.42857142857143,-30.120000000000005,2,8,interaction_mid,0.21738436054726068,0.22842663931489615
1473459,2025,15,3,0,45.33333333333334,16.0,-31.579999999999984,2,8,interaction_mid,0.19453311010107005,0.20569662485660892
1473459,2025,15,4,0,45.33333333333334,16.384615384615387,-32.03999999999999,2,8,interaction_mid,0.17312336762037595,0.18425701822408722
1473459,2025,15,5,0,45.33333333333334,16.799999999999997,-32.49999999999997,2,8,interaction_mid,0.14732936907799074,0.15821346482732265
1473459,2025,15,6,0,45.33333333333334,17.25,-32.95999999999998,2,8,interaction_mid,0.13718831717959967,0.14790166665743115
1473459,2025,15,7,0,45.33333333333334,18.0,-38.61750000000001,3,7,interaction_mid,0.05417576062160496,0.06132159832072389
1473459,2025,15,8,0,45.33333333333334,18.545454545454547,-38.89500000000001,3,7,interaction_mid,0.05980630441262588,0.06735861699240452
1473460,2025,7,1,0,37.88461538461539,11.844155844155845,-53.53083333333332,3,7,interaction_mid,0.16716303103467572,0.199828249476433
1473460,2025,7,2,0,37.88461538461539,11.921052631578949,-53.79666666666667,3,7,interaction_mid,0.1421247163559471,0.17480558813463443
1473460,2025,7,3,0,37.88461538461539,12.0,-54.0625,3,7,interaction_mid,0.14376723120373502,0.176470505730351
1473460,2025,7,4,0,37.88461538461539,12.162162162162163,-68.71000000000001,4,6,interaction_mid,0.05466935684062786,0.07910031228006618
1473460,2025,7,5,0,37.88461538461539,12.328767123287673,-69.79500000000002,4,6,interaction_mid,0.05076508645733285,0.0743495753358822
1473460,2025,7,6,0,37.88461538461539,12.416666666666668,-69.88,4,6,interaction_mid,0.0478756763783255,0.07079199902123985
1473460,2025,8,1,0,37.88461538461539,12.507042253521126,-69.965,4,6,interaction_mid,0.046990497167447735,0.06602644034143809
1473460,2025,8,2,0,37.88461538461539,12.600000000000001,-70.04999999999998,4,6,interaction_mid,0.04594074974970818,0.06475395016817484
1473460,2025,8,3,0,37.88461538461539,12.695652173913043,-70.13500000000002,4,6,interaction_mid,0.04575806967982632,0.06453206433637454
1473460,2025,8,4,0,37.88461538461539,12.794117647058822,-70.22,4,6,interaction_mid,0.05253448479480376,0.07267827846692812
1473460,2025,8,5,0,37.88461538461539,12.985074626865671,-71.305,4,6,interaction_mid,0.05297461889302647,0.0732016699430201
1473460,2025,8,6,0,37.88461538461539,13.09090909090909,-71.38999999999999,4,6,interaction_mid,0.053534962615379114,0.07386705552267324
1473460,2025,9,1,0,37.88461538461539,12.73846153846154,-66.47500000000002,4,6,interaction_mid,0.0858965296180393,0.11997536362375189
1473460,2025,9,2,0,37.88461538461539,12.84375,-66.55999999999997,4,6,interaction_mid,0.08339920833530937,0.11711322007923966
1473460,2025,9,3,0,37.88461538461539,13.047619047619047,-67.64500000000001,4,6,interaction_mid,0.08910014568614888,0.12362282355231127
1473460,2025,9,4,0,37.88461538461539,13.161290322580644,-67.72999999999999,4,6,interaction_mid,0.08911627309129973,0.12364111833145414
1473460,2025,9,5,0,37.88461538461539,13.278688524590164,-67.81500000000003,4,6,interaction_mid,0.08893190261886824,0.12343193067483448
1473460,2025,9,6,0,37.88461538461539,13.4,-67.89999999999998,4,6,interaction_mid,0.08918337477108049,0.12371723075198436
1473460,2025,9,7,0,37.88461538461539,13.52542372881356,-67.98500000000001,4,6,interaction_mid,0.08828471471303521,0.12269694036233073
1473460,2025,10,1,0,37.88461538461539,13.423728813559322,-66.98500000000001,4,6,interaction_mid,0.0925019058406277,0.1184172167536898
1473460,2025,10,2,0,37.88461538461539,13.655172413793103,-68.07,4,6,interaction_mid,0.08720090243772757,0.11251553161757111
1473460,2025,10,3,0,37.88461538461539,13.473684210526315,-65.15500000000003,4,6,interaction_mid,0.1009161871713761,0.12768340990133045
1473460,2025,10,4,0,37.88461538461539,13.607142857142858,-65.23999999999998,4,6,interaction_mid,0.09793809714032628,0.124417478750951
1473460,2025,10,5,0,37.88461538461539,13.200000000000001,-60.32500000000002,4,6,interaction_mid,0.16589723868267978,0.19597360865663893
1473460,2025,10,6,0,37.88461538461539,13.0,-57.41,4,6,interaction_mid,0.19937777786564184,0.2294757784496799
1473460,2025,11,1,0,37.88461538461539,13.132075471698112,-57.49500000000003,4,6,interaction_mid,0.1929596025002731,0.22018911949445086
1473460,2025,11,2,0,37.88461538461539,13.26923076923077,-57.579999999999984,4,6,interaction_mid,0.1872885793140295,0.21448618453654053
1473460,2025,11,3,0,37.88461538461539,12.823529411764707,-52.66499999999999,4,6,interaction_mid,0.23528274573358568,0.2621131623125465
1473460,2025,11,4,0,37.88461538461539,12.600000000000001,-49.75,4,6,interaction_mid,0.30500224303348256,0.32921308520007736
1473460,2025,11,5,0,37.88461538461539,12.857142857142858,-50.83500000000001,4,6,interaction_mid,0.2618908804996999,0.2879729881691643
1473460,2025,11,6,0,37.88461538461539,13.0,-50.920000000000016,4,6,interaction_mid,0.25526848807433156,0.28156859682863317
1473460,2025,11,7,0,37.88461538461539,13.148936170212766,-51.004999999999995,4,6,interaction_mid,0.24334320657406197,0.2699836248184961
1473460,2025,12,1,0,37.88461538461539,13.02127659574468,-50.004999999999995,4,6,interaction_mid,0.2636533820240284,0.28673294012441813
1473460,2025,12,2,0,37.88461538461539,13.304347826086957,-59.40833333333333,5,5,interaction_mid,0.13001566439328857,0.15314053883296955
1473460,2025,12,3,0,37.88461538461539,13.466666666666667,-59.3125,5,5,interaction_mid,0.12777894829239914,0.15079333632839412
1473460,2025,12,4,0,37.88461538461539,13.772727272727273,-60.21666666666667,5,5,interaction_mid,0.09641171364849438,0.1173021275962985
1473460,2025,12,5,0,37.88461538461539,13.813953488372093,-59.12083333333334,5,5,interaction_mid,0.12120383192547744,0.14386415859985538
1473460,2025,12,6,0,37.88461538461539,14.142857142857142,-60.02499999999998,5,5,interaction_mid,0.08961113323516343,0.10988024839623736
1473460,2025,13,1,0,37.88461538461539,14.487804878048781,-60.929166666666646,5,5,interaction_mid,0.07176134449219645,0.08149716196104423
1473460,2025,13,2,0,37.88461538461539,14.850000000000001,-69.06666666666666,6,4,interaction_mid,0.03783879959297453,0.0447185821060855
1473460,2025,13,3,0,37.88461538461539,15.076923076923077,-68.78999999999999,6,4,interaction_mid,0.03579421705987365,0.04244488065449518
1473460,2025,13,4,0,37.88461538461539,14.842105263157896,-65.51333333333332,6,4,interaction_mid,0.048850325646135014,0.056835419096406506
1473460,2025,13,5,0,37.88461538461539,15.08108108108108,-65.23666666666668,6,4,interaction_mid,0.04877193063446297,0.05674985002634244
1473460,2025,13,6,0,37.88461538461539,15.166666666666666,-63.96000000000001,6,4,interaction_mid,0.04870142212954876,0.05667288129301781
1473460,2025,14,1,0,37.88461538461539,15.42857142857143,-63.68333333333334,6,4,interaction_mid,0.04388166987265687,0.05016584927014862
1473460,2025,14,2,0,37.88461538461539,15.529411764705884,-62.406666666666666,6,4,interaction_mid,0.04492509556041341,0.0512967372383247
1473460,2025,14,3,0,37.88461538461539,16.0,-63.129999999999995,6,4,interaction_mid,0.042734034457670614,0.04892028940619139
1473460,2025,14,4,0,37.88461538461539,15.375,-57.853333333333325,6,4,interaction_mid,0.057525625177770365,0.06484638891924223
1473460,2025,14,5,0,37.88461538461539,15.677419354838708,-57.576666666666654,6,4,interaction_mid,0.05392182225383895,0.060990070001494694
1473460,2025,14,6,0,37.88461538461539,16.0,-57.30000000000001,6,4,interaction_mid,0.05155598535742205,0.05845054700688063
1473460,2025,14,7,0,37.88461538461539,16.344827586206897,-57.02333333333334,6,4,interaction_mid,0.05154603363602014,0.0584398509649382
1473460,2025,15,1,0,37.88461538461539,15.517241379310345,-53.02333333333334,6,4,interaction_mid,0.06355734344607009,0.07136278349881497
1473460,2025,15,2,0,37.88461538461539,15.857142857142858,-52.74666666666667,6,4,interaction_mid,0.05984960876243809,0.067404921793258
1473460,2025,15,3,0,37.88461538461539,16.444444444444446,-58.35249999999999,7,3,interaction_mid,0.047120565240949486,0.05370781520783996
1473460,2025,15,4,0,37.88461538461539,16.846153846153847,-57.89500000000001,7,3,interaction_mid,0.03315742914540004,0.03844645226663123
1473460,2025,15,5,0,37.88461538461539,17.52,-58.4375,7,3,interaction_mid,0.021068922702964676,0.024960273698826863
1473460,2025,15,6,0,37.88461538461539,18.25,-63.31999999999999,8,2,interaction_mid,0.009904147190511206,0.01214625973005826
1473461,2025,7,1,1,-31.400000000000006,9.428571428571429,-46.78583333333333,3,7,interaction_mid,0.3276618566020981,0.3482979946000028
1473461,2025,7,2,1,-31.400000000000006,9.473684210526315,-46.736666666666665,3,7,interaction_mid,0.32196971604397795,0.34326219837352084
1473461,2025,7,3,1,-31.400000000000006,9.52,-46.6875,3,7,interaction_mid,0.3237838966183254,0.34486841213794
1473461,2025,7,4,1,-31.400000000000006,9.567567567567567,-46.638333333333335,3,7,interaction_mid,0.318052397938566,0.33978994557494474
1473461,2025,7,5,1,-31.400000000000006,9.205479452054794,-41.58916666666667,3,7,interaction_mid,0.3977879522131123,0.40957611137408506
1473461,2025,7,6,1,-31.400000000000006,9.333333333333334,-42.540000000000006,3,7,interaction_mid,0.39016674877685514,0.40297226152894283
1473461,2025,8,1,1,-31.400000000000006,9.464788732394366,-43.49083333333334,3,7,interaction_mid,0.37222297536257476,0.38607796768488967
1473461,2025,8,2,1,-31.400000000000006,9.257142857142858,-40.44166666666666,3,7,interaction_mid,0.4052049767324937,0.41537442436565264
1473461,2025,8,3,1,-31.400000000000006,9.217391304347826,-39.3925,3,7,interaction_mid,0.42873117282434037,0.43616802940606086
1473461,2025,8,4,1,-31.400000000000006,9.352941176470589,-49.58,4,6,interaction_mid,0.24624656415762855,0.2713807543250375
1473461,2025,8,5,1,-31.400000000000006,9.402985074626866,-49.39500000000001,4,6,interaction_mid,0.27616945125416303,0.29917109772864303
1473461,2025,8,6,1,-31.400000000000006,9.454545454545453,-49.209999999999994,4,6,interaction_mid,0.29037012891500225,0.3122178018154374
1473461,2025,9,1,1,-31.400000000000006,9.507692307692308,-49.025000000000006,4,6,interaction_mid,0.2942669403173323,0.32598957087083813
1473461,2025,9,2,1,-31.400000000000006,9.5625,-48.83999999999999,4,6,interaction_mid,0.2912116547612449,0.3232401447963775
1473461,2025,9,3,1,-31.400000000000006,9.61904761904762,-48.655000000000015,4,6,interaction_mid,0.33482945827274724,0.3620830371529042
1473461,2025,9,4,1,-31.400000000000006,9.677419354838708,-48.469999999999985,4,6,interaction_mid,0.3367844684882333,0.36380535186954766
1473461,2025,9,5,1,-31.400000000000006,9.737704918032787,-48.28500000000001,4,6,interaction_mid,0.3533880738451531,0.3783770246143127
1473461,2025,9,6,1,-31.400000000000006,9.8,-48.099999999999994,4,6,interaction_mid,0.3411752520177844,0.36766833667243237
1473461,2025,10,1,1,-31.400000000000006,9.966101694915254,-48.915000000000006,4,6,interaction_mid,0.32172906571110893,0.3459422934193027
1473461,2025,10,2,1,-31.400000000000006,10.034482758620689,-48.72999999999999,4,6,interaction_mid,0.3176917441969014,0.34220802484197677
1473461,2025,10,3,1,-31.400000000000006,10.210526315789473,-49.545000000000016,4,6,interaction_mid,0.3128282134718561,0.3377018500476156
1473461,2025,10,4,1,-31.400000000000006,10.392857142857142,-50.36,4,6,interaction_mid,0.32085386438470453,0.3451332721803276
1473461,2025,10,5,1,-31.400000000000006,10.581818181818182,-51.17500000000001,4,6,interaction_mid,0.3037026524979102,0.32922318496129677
1473461,2025,10,6,1,-31.400000000000006,10.777777777777779,-51.989999999999995,4,6,interaction_mid,0.30118285436703474,0.3268763942723431
1473461,2025,11,1,1,-31.400000000000006,10.528301886792454,-48.80500000000002,4,6,interaction_mid,0.3377460653688108,0.3600861886859559
1473461,2025,11,2,1,-31.400000000000006,10.615384615384615,-48.620000000000005,4,6,interaction_mid,0.34190669875456714,0.36398533579535397
1473461,2025,11,3,1,-31.400000000000006,10.117647058823529,-43.435,4,6,interaction_mid,0.434033422898275,0.4492632660921327
1473461,2025,11,4,1,-31.400000000000006,10.2,-43.25,4,6,interaction_mid,0.436204622513824,0.45125362787957196
1473461,2025,11,5,1,-31.400000000000006,10.408163265306122,-44.065,4,6,interaction_mid,0.42101273235533637,0.43731197415487455
1473461,2025,11,6,1,-31.400000000000006,10.5,-43.879999999999995,4,6,interaction_mid,0.4207792626858641,0.43709743275450336
1473461,2025,12,1,1,-31.400000000000006,10.595744680851064,-43.69500000000001,4,6,interaction_mid,0.4017739992136729,0.41672752153142667
1473461,2025,12,2,1,-31.400000000000006,10.304347826086957,-40.510000000000005,4,6,interaction_mid,0.4480776892486881,0.4593808113289667
1473461,2025,12,3,1,-31.400000000000006,9.733333333333334,-35.325,4,6,interaction_mid,0.49527793756502086,0.5026179006394782
1473461,2025,12,4,1,-31.400000000000006,9.818181818181818,-35.14,4,6,interaction_mid,0.4870183207809371,0.49506377556150155
1473461,2025,12,5,1,-31.400000000000006,9.906976744186046,-34.955,4,6,interaction_mid,0.4710337670451892,0.4804319135008772
1473461,2025,12,6,1,-31.400000000000006,10.0,-34.77000000000001,4,6,interaction_mid,0.47379627539566294,0.4829619929977935
1473461,2025,13,1,1,-31.400000000000006,10.097560975609756,-34.58500000000001,4,6,interaction_mid,0.4844081205616819,0.4851641113417356
1473461,2025,13,2,1,-31.400000000000006,10.2,-34.400000000000006,4,6,interaction_mid,0.4732992709452381,0.4746526898124897
1473461,2025,13,3,1,-31.400000000000006,10.307692307692307,-34.215,4,6,interaction_mid,0.4850901476591652,0.4858094008273287
1473461,2025,13,4,1,-31.400000000000006,10.421052631578949,-34.03,4,6,interaction_mid,0.48061333338463225,0.4815736244287715
1473461,2025,13,5,1,-31.400000000000006,10.702702702702702,-34.845,4,6,interaction_mid,0.4689031305027115,0.4704923283727783
1473461,2025,13,6,1,-31.400000000000006,10.833333333333334,-34.66,4,6,interaction_mid,0.4831895269991228,0.48401114389824623
1473461,2025,14,1,1,-31.400000000000006,10.457142857142857,-31.474999999999994,4,6,interaction_mid,0.5694120522849473,0.5667212389762902
1473461,2025,14,2,1,-31.400000000000006,10.058823529411764,-28.29000000000002,4,6,interaction_mid,0.659870938226425,0.6535062405397171
1473461,2025,14,3,1,-31.400000000000006,10.0,-27.10499999999999,4,6,interaction_mid,0.6952262662088797,0.6876467313536461
1473461,2025,14,4,1,-31.400000000000006,9.9375,-25.919999999999987,4,6,interaction_mid,0.7183772432184858,0.7100989396963686
1473461,2025,14,5,1,-31.400000000000006,9.483870967741936,-22.734999999999985,4,6,interaction_mid,0.7745923187268127,0.7650269303302958
1473461,2025,14,6,1,-31.400000000000006,8.6,-17.549999999999983,4,6,interaction_mid,0.8279550273192304,0.8178794020671866
1473461,2025,15,1,1,-31.400000000000006,8.689655172413794,-17.36500000000001,4,6,interaction_mid,0.8228485615777914,0.8143764044308239
1473461,2025,15,2,1,-31.400000000000006,9.0,-18.180000000000007,4,6,interaction_mid,0.8195653982191538,0.8111192920030614
1473461,2025,15,3,1,-31.400000000000006,9.11111111111111,-17.995000000000005,4,6,interaction_mid,0.8134027900824472,0.8050140326206425
1473461,2025,15,4,1,-31.400000000000006,8.538461538461538,-14.810000000000002,4,6,interaction_mid,0.8479478166792862,0.8393887982995474
1473461,2025,15,5,1,-31.400000000000006,7.4399999999999995,-9.625,4,6,interaction_mid,0.9035583591309625,0.8956912620663846
1473461,2025,15,6,1,-31.400000000000006,7.5,-9.439999999999998,4,6,interaction_mid,0.9008443952203689,0.8929084169443725
1473462,2025,7,1,1,-63.06666666666666,1.4805194805194806,34.87333333333334,2,8,interaction_mid,0.9975294450721792,0.9941576202075665
1473462,2025,7,2,1,-63.06666666666666,1.5,34.186666666666675,2,8,interaction_mid,0.996797331599304,0.9927070254216196
1473462,2025,7,3,1,-63.06666666666666,1.52,33.5,2,8,interaction_mid,0.997128338995712,0.9933560099627972
1473462,2025,7,4,1,-63.06666666666666,1.4594594594594597,33.81333333333334,2,8,interaction_mid,0.9969248605603536,0.9929558231655541
1473462,2025,7,5,1,-63.06666666666666,1.3972602739726026,34.12666666666666,2,8,interaction_mid,0.9971700193336996,0.9934384952577322
1473462,2025,7,6,1,-63.06666666666666,1.4166666666666665,33.44,2,8,interaction_mid,0.9974043567756237,0.9939056962481243
1473462,2025,8,1,1,-63.06666666666666,1.436619718309859,32.75333333333334,2,8,interaction_mid,0.9978334930779195,0.9954348441054882
1473462,2025,8,2,1,-63.06666666666666,1.2857142857142856,34.06666666666668,2,8,interaction_mid,0.9979432856294785,0.9956383207431809
1473462,2025,8,3,1,-63.06666666666666,1.3043478260869565,33.379999999999995,2,8,interaction_mid,0.9981305364793415,0.9959885400304184
1473462,2025,8,4,1,-63.06666666666666,1.2352941176470589,33.693333333333335,2,8,interaction_mid,0.9983054059861667,0.996319575229469
1473462,2025,8,5,1,-63.06666666666666,1.164179104477612,34.006666666666675,2,8,interaction_mid,0.9983287299641692,0.9963640418298768
1473462,2025,8,6,1,-63.06666666666666,1.0909090909090908,34.32000000000001,2,8,interaction_mid,0.9982341426544492,0.9961841802472493
1473462,2025,9,1,1,-63.06666666666666,1.0153846153846153,34.63333333333333,2,8,interaction_mid,0.9982568851751182,0.9955645646617923
1473462,2025,9,2,1,-63.06666666666666,1.03125,33.94666666666667,2,8,interaction_mid,0.9982575791195605,0.9955660612602447
1473462,2025,9,3,1,-63.06666666666666,1.0476190476190474,33.260000000000005,2,8,interaction_mid,0.9982590367040107,0.9955692050663106
1473462,2025,9,4,1,-63.06666666666666,0.6774193548387096,36.57333333333333,2,8,interaction_mid,0.9984253065937465,0.9959305957385469
1473462,2025,9,5,1,-63.06666666666666,0.6885245901639344,35.88666666666667,2,8,interaction_mid,0.9985325043677453,0.9961666967314325
1473462,2025,9,6,1,-63.06666666666666,0.6000000000000001,36.2,2,8,interaction_mid,0.9984895431214489,0.9960717666950988
1473462,2025,10,1,1,-63.06666666666666,0.3050847457627119,38.51333333333333,2,8,interaction_mid,0.998567896907335,0.9971676027510755
1473462,2025,10,2,1,-63.06666666666666,-0.3103448275862069,43.82666666666667,2,8,interaction_mid,0.996568693593828,0.9938377948784937
1473463,2025,7,1,1,9.0,8.805194805194805,-8.049999999999997,1,9,interaction_mid,0.7534615196091371,0.7207370358073483
1473463,2025,7,2,1,9.0,8.921052631578949,-9.400000000000006,1,9,interaction_mid,0.7523573506465433,0.7197112886131226
1473463,2025,7,3,1,9.0,8.56,-4.75,1,9,interaction_mid,0.7902607729161837,0.7554078666963818
1473463,2025,7,4,1,9.0,8.675675675675677,-6.099999999999994,1,9,interaction_mid,0.7814853303019118,0.7470487427670481
1473463,2025,7,5,1,9.0,8.63013698630137,-5.450000000000003,1,9,interaction_mid,0.7924127127762486,0.7574672298180083
1473463,2025,7,6,1,9.0,8.583333333333334,-4.799999999999997,1,9,interaction_mid,0.7995108278662049,0.7642876715116522
1473463,2025,8,1,1,9.0,8.366197183098592,-2.1500000000000057,1,9,interaction_mid,0.8206889843059026,0.7912022086196497
1473463,2025,8,2,1,9.0,8.399999999999999,-2.5,1,9,interaction_mid,0.82954319281521,0.799972098565566
1473463,2025,8,3,1,9.0,8.521739130434783,-3.8500000000000085,1,9,interaction_mid,0.814904220670051,0.7855095986456521
1473463,2025,8,4,1,9.0,8.117647058823529,0.7999999999999972,1,9,interaction_mid,0.8623656095520995,0.8331585151084053
1473463,2025,8,5,1,9.0,8.238805970149254,-0.549999999999983,1,9,interaction_mid,0.8539991747989236,0.8245889573346714
1473463,2025,8,6,1,9.0,8.272727272727273,-0.8999999999999773,1,9,interaction_mid,0.8475209010834364,0.8180077715532342
1473463,2025,9,1,1,9.0,7.846153846153847,3.750000000000014,1,9,interaction_mid,0.8955320841524437,0.8632898461060289
1473463,2025,9,2,1,9.0,7.875,3.3999999999999915,1,9,interaction_mid,0.8915326489076743,0.8590178452829833
1473463,2025,9,3,1,9.0,7.619047619047619,6.050000000000011,1,9,interaction_mid,0.9518045276449396,0.9277154792016497
1473463,2025,9,4,1,9.0,7.64516129032258,5.700000000000017,1,9,interaction_mid,0.9429491419206607,0.9168901575577935
1473463,2025,9,5,1,9.0,7.1803278688524586,10.350000000000009,1,9,interaction_mid,0.9689809702235668,0.949874605304169
1473463,2025,9,6,1,9.0,6.7,14.999999999999986,1,9,interaction_mid,0.9781424690877409,0.9625754455640312
1473463,2025,10,1,1,9.0,6.711864406779661,14.650000000000006,1,9,interaction_mid,0.9793982251101183,0.9698201914524714
1473463,2025,10,2,1,9.0,6.724137931034482,14.300000000000011,1,9,interaction_mid,0.9794445610651084,0.9698801121211902
1473463,2025,10,3,1,9.0,6.421052631578947,16.950000000000003,1,9,interaction_mid,0.9827688216586352,0.974225266551315
1473463,2025,10,4,1,9.0,6.321428571428571,17.60000000000001,1,9,interaction_mid,0.984394694046796,0.9763870489021732
1473463,2025,10,5,1,9.0,6.327272727272726,17.25,1,9,interaction_mid,0.9833415748916011,0.9749838456272589
1473463,2025,10,6,1,9.0,6.444444444444445,15.900000000000006,1,9,interaction_mid,0.9826534117953925,0.9740727886026777
1473463,2025,11,1,1,9.0,6.566037735849056,6.599999999999994,2,8,interaction_mid,0.975576188124099,0.9675352476359863
1473463,2025,11,2,1,9.0,6.5769230769230775,6.400000000000006,2,8,interaction_mid,0.9707866331007571,0.9618419862187556
1473463,2025,11,3,1,9.0,6.705882352941177,5.200000000000017,2,8,interaction_mid,0.9730930453080657,0.9645704841276092
1473463,2025,11,4,1,9.0,6.720000000000001,5.0,2,8,interaction_mid,0.9485205117339199,0.9364497662461967
1473463,2025,11,5,1,9.0,6.857142857142857,3.799999999999997,2,8,interaction_mid,0.9456350559467912,0.9332580801075829
1473463,2025,11,6,1,9.0,7.0,2.6000000000000085,2,8,interaction_mid,0.9444914502802425,0.9319982291104312
1473463,2025,12,1,1,9.0,6.382978723404255,7.400000000000006,2,8,interaction_mid,0.9862436268113269,0.9808101837601806
1473463,2025,12,2,1,9.0,6.391304347826088,7.199999999999989,2,8,interaction_mid,0.9864329778770868,0.9810505138579418
1473463,2025,12,3,1,9.0,6.4,7.000000000000014,2,8,interaction_mid,0.9860586605700442,0.9805757209465107
1473463,2025,12,4,1,9.0,6.0,9.799999999999997,2,8,interaction_mid,0.9893452350207956,0.9847899086004582
1473463,2025,12,5,1,9.0,6.0,9.599999999999994,2,8,interaction_mid,0.9893806562382554,0.9848359346123211
1473463,2025,12,6,1,9.0,5.857142857142857,10.400000000000006,2,8,interaction_mid,0.9894119590030085,0.9848766210508636
1473463,2025,13,1,1,9.0,5.853658536585366,10.200000000000017,2,8,interaction_mid,0.9905968282159039,0.9879393042496267
1473463,2025,13,2,1,9.0,6.0,9.0,2,8,interaction_mid,0.9898898626931631,0.9870855926627342
1473463,2025,13,3,1,9.0,6.0,8.800000000000011,2,8,interaction_mid,0.9896167938327802,0.9867567935546517
1473463,2025,13,4,1,9.0,6.0,8.600000000000023,2,8,interaction_mid,0.9900715968190925,0.9873047052381231
1473463,2025,13,5,1,9.0,5.837837837837839,9.400000000000006,2,8,interaction_mid,0.9902290012722539,0.9874946743003322
1473463,2025,13,6,1,9.0,6.0,8.199999999999989,2,8,interaction_mid,0.989799702792203,0.9869769750865718
1473463,2025,13,7,1,9.0,6.0,8.0,2,8,interaction_mid,0.9896988202700254,0.9868555066062057
1473463,2025,14,1,1,9.0,5.828571428571428,9.0,2,8,interaction_mid,0.9907315211995378,0.9886035418609618
1473463,2025,14,2,1,9.0,5.823529411764706,8.800000000000011,2,8,interaction_mid,0.9905412287813586,0.988380690718831
1473463,2025,14,3,1,9.0,6.0,7.599999999999994,2,8,interaction_mid,0.990363672208946,0.988172951754074
1473463,2025,14,4,1,9.0,6.1875,6.400000000000006,2,8,interaction_mid,0.990069140892851,0.987828764222799
1473463,2025,14,5,1,9.0,5.225806451612903,11.199999999999989,2,8,interaction_mid,0.9940761884360146,0.9925619683556463
1473463,2025,14,6,1,9.0,5.4,10.0,2,8,interaction_mid,0.9939068581986217,0.9923593785676944
1473463,2025,15,1,1,9.0,5.379310344827586,9.800000000000011,2,8,interaction_mid,0.9934558200460352,0.9919657945418439
1473463,2025,15,2,1,9.0,5.571428571428571,4.400000000000006,3,7,interaction_mid,0.9833121403674343,0.9803572050962231
1473463,2025,15,3,1,9.0,5.555555555555555,4.349999999999994,3,7,interaction_mid,0.9800171318818007,0.9766727485241884
1473463,2025,15,4,1,9.0,5.538461538461538,4.299999999999983,3,7,interaction_mid,0.9808129205508067,0.9775597079979527
1473463,2025,15,5,1,9.0,5.76,3.25,3,7,interaction_mid,0.9777394772981527,0.9741434068291734
1473463,2025,15,6,1,9.0,6.0,2.1999999999999886,3,7,interaction_mid,0.976186632652657,0.9724262998922409
1473464,2025,7,1,1,52.6875,11.844155844155845,6.208333333333343,0,10,interaction_mid,0.6005403564104297,0.584104323171166
1473464,2025,7,2,1,52.6875,11.921052631578949,5.166666666666657,0,10,interaction_mid,0.5774390719028774,0.5640908345672169
1473464,2025,7,3,1,52.6875,11.6,9.125,0,10,interaction_mid,0.6234877673353955,0.6040932467964836
1473464,2025,7,4,1,52.6875,11.513513513513512,10.083333333333343,0,10,interaction_mid,0.6400897345025319,0.6186369637587258
1473464,2025,7,5,1,52.6875,11.342465753424658,12.041666666666657,0,10,interaction_mid,0.6446343747589434,0.622631780003379
1473464,2025,7,6,1,52.6875,11.416666666666666,11.0,0,10,interaction_mid,0.6456842113215993,0.6235554860379725
1473464,2025,8,1,1,52.6875,11.492957746478872,9.958333333333329,0,10,interaction_mid,0.6479731349177371,0.6298808067906697
1473464,2025,8,2,1,52.6875,11.571428571428571,8.916666666666671,0,10,interaction_mid,0.6412896508262587,0.6238837689890402
1473464,2025,8,3,1,52.6875,11.217391304347826,12.874999999999986,0,10,interaction_mid,0.6730022794670767,0.6524501949880314
1473464,2025,8,4,1,52.6875,10.852941176470589,16.83333333333333,0,10,interaction_mid,0.7117657455821447,0.6878155289042286
1473464,2025,8,5,1,52.6875,11.014925373134329,14.791666666666671,0,10,interaction_mid,0.7132790523405157,0.689207940618794
1473464,2025,8,6,1,52.6875,11.181818181818182,12.750000000000014,0,10,interaction_mid,0.6960639057787121,0.6734229535070759
1473464,2025,9,1,1,52.6875,11.353846153846153,10.708333333333329,0,10,interaction_mid,0.6871856911653083,0.6650348671230049
1473464,2025,9,2,1,52.6875,10.96875,14.666666666666671,0,10,interaction_mid,0.7410060021350118,0.713070685518893
1473464,2025,9,3,1,52.6875,10.571428571428571,18.625,0,10,interaction_mid,0.7674441141241499,0.7372339820410786
1473464,2025,9,4,1,52.6875,10.741935483870968,16.583333333333343,0,10,interaction_mid,0.7634577166458905,0.7335621930557716
1473464,2025,9,5,1,52.6875,10.524590163934427,18.541666666666657,0,10,interaction_mid,0.7780979511892414,0.747100935650884
1473464,2025,9,6,1,52.6875,10.299999999999999,20.5,0,10,interaction_mid,0.7746083897179534,0.7438602392727564
1473464,2025,10,1,1,52.6875,10.474576271186441,18.458333333333343,0,10,interaction_mid,0.7766543509151709,0.7574537181932447
1473464,2025,10,2,1,52.6875,10.241379310344827,20.416666666666686,0,10,interaction_mid,0.7688686026667719,0.7501187819600457
1473464,2025,10,3,1,52.6875,10.31578947368421,19.375,0,10,interaction_mid,0.7900218650957355,0.7701208194679203
1473464,2025,10,4,1,52.6875,10.392857142857142,18.333333333333343,0,10,interaction_mid,0.7773887603129092,0.7581471836432782
1473464,2025,10,5,1,52.6875,10.145454545454545,20.291666666666657,0,10,interaction_mid,0.8090463866033917,0.7883251582792868
1473464,2025,10,6,1,52.6875,10.222222222222221,19.25,0,10,interaction_mid,0.7942472582621054,0.7741453636913258
1473464,2025,11,1,1,52.6875,10.30188679245283,18.208333333333343,0,10,interaction_mid,0.786856131399662,0.7732676737727084
1473464,2025,11,2,1,52.6875,10.269230769230768,18.166666666666657,0,10,interaction_mid,0.8004824164217292,0.7862758978914781
1473464,2025,11,3,1,52.6875,10.470588235294118,16.125,0,10,interaction_mid,0.7870820179947803,0.7734826372110459
1473464,2025,11,4,1,52.6875,10.2,18.083333333333343,0,10,interaction_mid,0.8059397389647813,0.7915101125617683
1473464,2025,11,5,1,52.6875,9.918367346938776,20.041666666666657,0,10,interaction_mid,0.821971095021504,0.8069743039369803
1473464,2025,11,6,1,52.6875,10.125,18.0,0,10,interaction_mid,0.8114192482957678,0.7967805456841842
1473464,2025,12,1,1,52.6875,9.574468085106382,21.958333333333314,0,10,interaction_mid,0.8747410153696016,0.8587231167575101
1473464,2025,12,2,1,52.6875,9.782608695652174,10.525000000000006,1,9,interaction_mid,0.8427060933017441,0.826696995625202
1473464,2025,12,3,1,52.6875,9.866666666666667,9.6875,1,9,interaction_mid,0.8250645452033134,0.8093607987412542
1473464,2025,12,4,1,52.6875,9.954545454545455,8.849999999999994,1,9,interaction_mid,0.8283845947139666,0.8126090313210192
1473464,2025,12,5,1,52.6875,10.046511627906977,8.012499999999989,1,9,interaction_mid,0.8202030449520653,0.8046157867354796
1473464,2025,12,6,1,52.6875,10.142857142857142,7.174999999999983,1,9,interaction_mid,0.82582696883845,0.8101061668820873
1473464,2025,13,1,1,52.6875,10.24390243902439,6.337500000000006,1,9,interaction_mid,0.8295662232172186,0.8171027957311826
1473464,2025,13,2,1,52.6875,10.350000000000001,5.5,1,9,interaction_mid,0.8298816388392134,0.8174182262297023
1473464,2025,13,3,1,52.6875,9.692307692307693,9.662499999999994,1,9,interaction_mid,0.8837616161453995,0.8720010277190954
1473464,2025,13,4,1,52.6875,9.947368421052632,7.824999999999989,1,9,interaction_mid,0.8814882281673312,0.8696658327075074
1473464,2025,13,5,1,52.6875,10.054054054054054,6.987500000000011,1,9,interaction_mid,0.881013657517594,0.8691787690247025
1473464,2025,13,6,1,52.6875,10.166666666666666,6.150000000000006,1,9,interaction_mid,0.8769037462737296,0.8649664596662034
1473464,2025,13,7,1,52.6875,10.285714285714285,5.3125,1,9,interaction_mid,0.8658884025827764,0.8537257016287453
1473464,2025,14,1,1,52.6875,10.285714285714285,5.3125,1,9,interaction_mid,0.8705577222168398,0.8607657390026026
1473464,2025,14,2,1,52.6875,10.411764705882353,4.474999999999994,1,9,interaction_mid,0.8142965798169313,0.8042713426844237
1473464,2025,14,3,1,52.6875,9.636363636363637,8.637500000000017,1,9,interaction_mid,0.9144106621684474,0.9058202348766805
1473464,2025,14,4,1,52.6875,9.75,7.800000000000011,1,9,interaction_mid,0.9159890769522978,0.9074641452890374
1473464,2025,14,5,1,52.6875,9.29032258064516,9.962500000000006,1,9,interaction_mid,0.925195975211057,0.9170903606904535
1473464,2025,14,6,1,52.6875,8.399999999999999,14.125,1,9,interaction_mid,0.9245798154745144,0.9164440674075328
1473464,2025,14,7,1,52.6875,8.482758620689655,13.287499999999994,1,9,interaction_mid,0.931604590784417,0.9238312272241485
1473464,2025,15,1,1,52.6875,8.482758620689655,13.287499999999994,1,9,interaction_mid,0.9400146828258737,0.9335514997954993
1473464,2025,15,2,1,52.6875,7.5,17.44999999999999,1,9,interaction_mid,0.9434289136048822,0.9371520377170843
1473464,2025,15,3,1,52.6875,6.888888888888889,19.61250000000001,1,9,interaction_mid,0.945270934550938,0.9390993284626051
1473464,2025,15,4,1,52.6875,6.9230769230769225,18.775000000000006,1,9,interaction_mid,0.9480673730846092,0.9420622543775826
1473464,2025,15,5,1,52.6875,6.959999999999999,17.9375,1,9,interaction_mid,0.9473817394054385,0.9413350388412427
1473464,2025,15,6,1,52.6875,7.0,17.100000000000023,1,9,interaction_mid,0.9492918518311575,0.9433622571992405
1473465,2025,7,1,1,-6.5,8.103896103896105,8.00833333333334,0,10,interaction_mid,0.9151887578446707,0.8839234920884554
1473465,2025,7,2,1,-6.5,7.894736842105264,10.566666666666663,0,10,interaction_mid,0.9376740919912903,0.9101238442524593
1473465,2025,7,3,1,-6.5,7.92,10.125,0,10,interaction_mid,0.9361555741039026,0.9083049481933472
1473465,2025,7,4,1,-6.5,7.945945945945946,9.683333333333337,0,10,interaction_mid,0.9331574836869168,0.9047368914346369
1473465,2025,7,5,1,-6.5,7.561643835616438,14.24166666666666,0,10,interaction_mid,0.9616811549914754,0.9401409311471078
1473465,2025,7,6,1,-6.5,7.666666666666666,12.799999999999997,0,10,interaction_mid,0.9553022665462139,0.9319008906195074
1473465,2025,8,1,1,-6.5,7.690140845070423,12.358333333333334,0,10,interaction_mid,0.9519626684731664,0.9321434264003942
1473465,2025,8,2,1,-6.5,7.628571428571428,12.916666666666671,0,10,interaction_mid,0.9566219100374704,0.9378500317040147
1473465,2025,8,3,1,-6.5,7.652173913043478,12.474999999999994,0,10,interaction_mid,0.9522053251099926,0.932438496133724
1473465,2025,8,4,1,-6.5,7.235294117647058,17.03333333333333,0,10,interaction_mid,0.9742095482441809,0.9603414369112165
1473465,2025,8,5,1,-6.5,7.343283582089552,5.9325000000000045,1,9,interaction_mid,0.9673617162083638,0.9513782974968855
1473465,2025,8,6,1,-6.5,7.363636363636363,5.635000000000019,1,9,interaction_mid,0.9571675241815955,0.9385241731212167
1473465,2025,8,7,1,-6.5,7.384615384615385,5.337500000000006,1,9,interaction_mid,0.9573569703161332,0.9387585467306124
1473465,2025,9,1,1,-6.5,7.292307692307691,6.337500000000006,1,9,interaction_mid,0.9618964313195201,0.9405176559299285
1473465,2025,9,2,1,-6.5,7.03125,9.039999999999992,1,9,interaction_mid,0.9682319395459422,0.9488684169413538
1473465,2025,9,3,1,-6.5,7.0476190476190474,8.742500000000007,1,9,interaction_mid,0.9686196219927329,0.9493886620022765
1473465,2025,9,4,1,-6.5,7.161290322580646,7.445000000000007,1,9,interaction_mid,0.9702372347158938,0.9515720106252923
1473465,2025,9,5,1,-6.5,7.278688524590164,6.147500000000008,1,9,interaction_mid,0.9680086192881667,0.9485692524007268
1473465,2025,9,6,1,-6.5,7.299999999999999,5.849999999999994,1,9,interaction_mid,0.9674593571774698,0.9478350358174191
1473465,2025,10,1,1,-6.5,7.322033898305085,5.552499999999995,1,9,interaction_mid,0.965963996898417,0.9530294623241378
1473465,2025,10,2,1,-6.5,7.344827586206896,5.25500000000001,1,9,interaction_mid,0.9660923385964411,0.9531852596208884
1473465,2025,10,3,1,-6.5,7.473684210526317,3.957499999999996,1,9,interaction_mid,0.9265995597675785,0.9078798440153394
1473465,2025,10,4,1,-6.5,7.5,3.660000000000011,1,9,interaction_mid,0.9280031886477011,0.9094203640983001
1473465,2025,10,5,1,-6.5,7.636363636363637,2.362499999999997,1,9,interaction_mid,0.9209814978135433,0.9017531447202078
1473465,2025,10,6,1,-6.5,7.666666666666666,2.0649999999999977,1,9,interaction_mid,0.9163315019321532,0.8967271538337441
1473465,2025,10,7,1,-6.5,7.811320754716981,0.7674999999999983,1,9,interaction_mid,0.9130992528529542,0.89325613173601
1473465,2025,10,8,1,-6.5,7.846153846153847,0.46999999999999886,1,9,interaction_mid,0.9117496881424112,0.891812136762297
1473465,2025,11,1,1,-6.5,7.584905660377358,2.7674999999999983,1,9,interaction_mid,0.9288947545115411,0.915074551730754
1473465,2025,11,2,1,-6.5,7.730769230769232,1.4699999999999989,1,9,interaction_mid,0.9141885530437617,0.8994907943207209
1473465,2025,11,3,1,-6.5,7.764705882352942,1.1725000000000136,1,9,interaction_mid,0.9103202837456164,0.8954427171719983
1473465,2025,11,4,1,-6.5,7.800000000000001,0.875,1,9,interaction_mid,0.91204310598816,0.8972431850831947
1473465,2025,11,5,1,-6.5,7.714285714285715,1.5774999999999864,1,9,interaction_mid,0.9178396497203488,0.9033301476008502
1473465,2025,11,6,1,-6.5,7.75,1.2800000000000153,1,9,interaction_mid,0.9264502933984319,0.912461340776645
1473465,2025,11,7,1,-6.5,7.404255319148936,3.9825000000000017,1,9,interaction_mid,0.9449232633371369,0.932473601192649
1473465,2025,12,1,1,-6.5,7.404255319148936,3.9825000000000017,1,9,interaction_mid,0.961567621729442,0.9512690179506664
1473465,2025,12,2,1,-6.5,7.434782608695652,3.6850000000000023,1,9,interaction_mid,0.9590086083383657,0.948343855013534
1473465,2025,12,3,1,-6.5,7.6,2.387500000000003,1,9,interaction_mid,0.9515104448723198,0.9398761409288512
1473465,2025,12,4,1,-6.5,7.7727272727272725,1.0899999999999892,1,9,interaction_mid,0.9395995720522221,0.9266952950413637
1473465,2025,12,5,1,-6.5,7.813953488372094,0.792500000000004,1,9,interaction_mid,0.9386741605306949,0.9256833403099528
1473465,2025,12,6,1,-6.5,7.142857142857142,5.49499999999999,1,9,interaction_mid,0.9856851053260715,0.9801030962732197
1473465,2025,13,1,1,-6.5,7.170731707317072,5.197500000000005,1,9,interaction_mid,0.9839930690649941,0.9800830454283765
1473465,2025,13,2,1,-6.5,6.75,7.900000000000006,1,9,interaction_mid,0.9897847945221931,0.9869590202222798
1473465,2025,13,3,1,-6.5,6.769230769230769,7.602499999999992,1,9,interaction_mid,0.9897762171812637,0.986948690748636
1473465,2025,13,4,1,-6.5,6.789473684210526,7.304999999999993,1,9,interaction_mid,0.9892737941553016,0.9863445105365989
1473465,2025,13,5,1,-6.5,6.972972972972972,6.007500000000007,1,9,interaction_mid,0.9889310784266356,0.985933344661608
1473465,2025,13,6,1,-6.5,7.0,5.710000000000008,1,9,interaction_mid,0.9885753230421904,0.9855073294157726
1473465,2025,14,1,1,-6.5,7.0285714285714285,5.412499999999994,1,9,interaction_mid,0.9873949204483894,0.9847249258655011
1473465,2025,14,2,1,-6.5,7.0588235294117645,5.115000000000009,1,9,interaction_mid,0.98649105395938,0.9836835880001182
1473465,2025,14,3,1,-6.5,6.181818181818182,9.817499999999995,1,9,interaction_mid,0.9929700243806877,0.9912431982125097
1473465,2025,14,4,1,-6.5,6.0,10.52000000000001,1,9,interaction_mid,0.9934396201411596,0.9918017378966137
1473465,2025,14,5,1,-6.5,6.193548387096774,9.222499999999997,1,9,interaction_mid,0.9929611040358607,0.9912326060218881
1473465,2025,14,6,1,-6.5,5.6,11.924999999999983,1,9,interaction_mid,0.9949112995186893,0.9935653176857178
1473465,2025,15,1,1,-6.5,4.9655172413793105,14.627499999999998,1,9,interaction_mid,0.996048997149752,0.9950402962814822
1473465,2025,15,2,1,-6.5,5.142857142857142,13.329999999999984,1,9,interaction_mid,0.9959185696935073,0.9948838661865365
1473465,2025,15,3,1,-6.5,4.0,18.0325,1,9,interaction_mid,0.996901769640834,0.9960691667861563
1473465,2025,15,4,1,-6.5,3.6923076923076925,18.735000000000014,1,9,interaction_mid,0.9971054300532924,0.9963166362918681
1473465,2025,15,5,1,-6.5,3.84,17.4375,1,9,interaction_mid,0.9970445011433898,0.9962425225189301
1473465,2025,15,6,1,-6.5,3.75,17.140000000000015,1,9,interaction_mid,0.9970521281849091,0.9962517962985465
1473466,2025,7,1,0,5.9375,9.662337662337663,-4.612499999999997,1,9,interaction_mid,0.6748497480601799,0.6493617284433747
1473466,2025,7,2,0,5.9375,9.710526315789474,-5.150000000000006,1,9,interaction_mid,0.6671247287569952,0.6424977223303577
1473466,2025,7,3,0,5.9375,9.84,-6.6875,1,9,interaction_mid,0.6602093417132018,0.6363713095822232
1473466,2025,7,4,0,5.9375,9.486486486486488,-2.2249999999999943,1,9,interaction_mid,0.6961579160631836,0.6684161034380666
1473466,2025,7,5,0,5.9375,9.616438356164384,-3.762500000000003,1,9,interaction_mid,0.6886416158818391,0.6616734774476937
1473466,2025,7,6,0,5.9375,9.75,-5.299999999999997,1,9,interaction_mid,0.6935443493873044,0.6660688071871989
1473466,2025,8,1,0,5.9375,9.802816901408452,-5.837500000000006,1,9,interaction_mid,0.6906883193282589,0.6685174705750478
1473466,2025,8,2,0,5.9375,9.428571428571429,-1.375,1,9,interaction_mid,0.7311534270644144,0.7057303874835161
1473466,2025,8,3,0,5.9375,9.565217391304348,-2.9125000000000085,1,9,interaction_mid,0.7211347416791936,0.696451844373586
1473466,2025,8,4,0,5.9375,9.529411764705882,-2.450000000000003,1,9,interaction_mid,0.7340719837378908,0.7084421770156912
1473466,2025,8,5,0,5.9375,9.582089552238806,-2.987499999999983,1,9,interaction_mid,0.7281658304358298,0.7029586456781907
1473466,2025,8,6,0,5.9375,9.636363636363637,-3.5249999999999773,1,9,interaction_mid,0.715376835168997,0.6911397403630006
1473466,2025,9,1,0,5.9375,9.784615384615385,-5.062499999999986,1,9,interaction_mid,0.7196851319641459,0.693876532570679
1473466,2025,9,2,0,5.9375,9.84375,-5.6000000000000085,1,9,interaction_mid,0.7219865128981591,0.695937077264147
1473466,2025,9,3,0,5.9375,9.904761904761905,-6.137499999999989,1,9,interaction_mid,0.7136376936802986,0.6884741420195643
1473466,2025,9,4,0,5.9375,9.967741935483872,-6.674999999999983,1,9,interaction_mid,0.7001625123365052,0.6764966166795893
1473466,2025,9,5,0,5.9375,9.540983606557377,-2.2124999999999915,1,9,interaction_mid,0.7288602560110136,0.7021072791545252
1473466,2025,9,6,0,5.9375,9.3,0.2499999999999858,1,9,interaction_mid,0.7642496343974288,0.734290765766026
1473466,2025,10,1,0,5.9375,8.847457627118644,4.712500000000006,1,9,interaction_mid,0.82942708703033,0.8080891552570175
1473466,2025,10,2,0,5.9375,9.0,-6.73333333333332,2,8,interaction_mid,0.7243553846194934,0.708703324784732
1473466,2025,10,3,0,5.9375,9.157894736842106,-8.099999999999994,2,8,interaction_mid,0.7111195305794036,0.6965348763749288
1473466,2025,10,4,0,5.9375,9.214285714285715,-8.466666666666669,2,8,interaction_mid,0.7095132278828775,0.6950620519663672
1473466,2025,10,5,0,5.9375,8.945454545454545,-5.833333333333314,2,8,interaction_mid,0.7513334504946113,0.7337044507127536
1473466,2025,10,6,0,5.9375,8.666666666666666,-3.1999999999999886,2,8,interaction_mid,0.7873302688307714,0.7675624422271461
1473466,2025,11,1,0,5.9375,8.60377358490566,-2.5666666666666913,2,8,interaction_mid,0.7839990508889942,0.7705506447124774
1473466,2025,11,2,0,5.9375,8.653846153846153,-2.933333333333337,2,8,interaction_mid,0.7792659029217008,0.7660570820735441
1473466,2025,11,3,0,5.9375,8.352941176470587,-0.29999999999998295,2,8,interaction_mid,0.8362783368725604,0.8208972735607932
1473466,2025,11,4,0,5.9375,8.52,-10.208333333333314,3,7,interaction_mid,0.7488082033918176,0.737347150850796
1473466,2025,11,5,0,5.9375,8.204081632653061,-7.404166666666669,3,7,interaction_mid,0.7707440787562773,0.7579895042259129
1473466,2025,11,6,0,5.9375,8.25,-7.599999999999994,3,7,interaction_mid,0.7686742004210446,0.7560342356617481
1473466,2025,12,1,0,5.9375,8.425531914893618,-8.79583333333332,3,7,interaction_mid,0.7673592232775391,0.7537887163492519
1473466,2025,12,2,0,5.9375,8.08695652173913,-5.991666666666674,3,7,interaction_mid,0.8250228683444055,0.8093200637960736
1473466,2025,12,3,0,5.9375,8.266666666666666,-7.1875,3,7,interaction_mid,0.8078367816709474,0.7926034792424839
1473466,2025,12,4,0,5.9375,8.454545454545455,-15.900000000000006,4,6,interaction_mid,0.6988374541442623,0.6894117179947514
1473466,2025,12,5,0,5.9375,8.511627906976745,-15.925000000000011,4,6,interaction_mid,0.6967407863315935,0.6874618974037656
1473466,2025,12,6,0,5.9375,8.714285714285714,-16.950000000000017,4,6,interaction_mid,0.6800388633660815,0.6719634224543998
1473466,2025,13,1,0,5.9375,8.926829268292682,-17.974999999999994,4,6,interaction_mid,0.6609968069400003,0.65280162268378
1473466,2025,13,2,0,5.9375,9.149999999999999,-19.0,4,6,interaction_mid,0.6410667661828571,0.633756936457324
1473466,2025,13,3,0,5.9375,9.384615384615385,-26.6875,5,5,interaction_mid,0.5257911881017445,0.5243175269515681
1473466,2025,13,4,0,5.9375,9.473684210526315,-26.541666666666657,5,5,interaction_mid,0.5428418391105116,0.5404568342376372
1473466,2025,13,5,0,5.9375,9.08108108108108,-23.395833333333343,5,5,interaction_mid,0.5717315481616643,0.5678276844423298
1473466,2025,13,6,0,5.9375,9.166666666666666,-23.25,5,5,interaction_mid,0.5779413108726026,0.5737166743016933
1473466,2025,14,1,0,5.9375,9.257142857142858,-23.104166666666657,5,5,interaction_mid,0.5668210918846892,0.5642434463850958
1473466,2025,14,2,0,5.9375,9.352941176470589,-22.958333333333343,5,5,interaction_mid,0.5546731358429583,0.5526297043224395
1473466,2025,14,3,0,5.9375,9.272727272727273,-21.8125,5,5,interaction_mid,0.5830298143719096,0.579749396686061
1473466,2025,14,4,0,5.9375,9.375,-21.666666666666686,5,5,interaction_mid,0.5962294659534619,0.5923871097218942
1473466,2025,14,5,0,5.9375,9.483870967741936,-21.520833333333343,5,5,interaction_mid,0.59670858788025,0.5928460329356061
1473466,2025,14,6,0,5.9375,9.600000000000001,-21.375,5,5,interaction_mid,0.5904885752082258,0.5868893563894947
1473466,2025,15,1,0,5.9375,9.724137931034482,-21.229166666666657,5,5,interaction_mid,0.5832110371707577,0.5818490771317169
1473466,2025,15,2,0,5.9375,9.857142857142858,-21.083333333333314,5,5,interaction_mid,0.5767617671160403,0.5756715067070085
1473466,2025,15,3,0,5.9375,10.222222222222221,-26.55000000000001,6,4,interaction_mid,0.47834178119589654,0.4814690406793355
1473466,2025,15,4,0,5.9375,10.384615384615385,-26.23333333333332,6,4,interaction_mid,0.4859446074627368,0.4887485878428448
1473466,2025,15,5,0,5.9375,10.56,-25.916666666666657,6,4,interaction_mid,0.45783323404586745,0.4618230531579399
1473466,2025,15,6,0,5.9375,10.75,-25.599999999999994,6,4,interaction_mid,0.4467529385066433,0.4512015324668061
1473466,2025,15,7,0,5.9375,10.956521739130434,-25.28333333333333,6,4,interaction_mid,0.4441408639484572,0.448696735408516
1473467,2025,7,1,1,-5.5625,7.714285714285715,-2.134999999999991,1,9,interaction_mid,0.7637844229918954,0.7303654044328277
1473467,2025,7,2,1,-5.5625,7.657894736842106,-1.3800000000000097,1,9,interaction_mid,0.7738067067776567,0.7397834116360086
1473467,2025,7,3,1,-5.5625,7.68,-1.625,1,9,interaction_mid,0.7717549872408875,0.7378495496382412
1473467,2025,7,4,1,-5.5625,7.702702702702703,-1.8699999999999903,1,9,interaction_mid,0.7626989049975796,0.7293495616236664
1473467,2025,7,5,1,-5.5625,7.643835616438356,-1.115000000000009,1,9,interaction_mid,0.7800057478659683,0.7456453215062303
1473467,2025,7,6,1,-5.5625,7.75,-12.320000000000007,2,8,interaction_mid,0.6684233964639623,0.6436501134169209
1473467,2025,8,1,1,-5.5625,7.859154929577465,-13.426666666666662,2,8,interaction_mid,0.657061510933348,0.6380549541157406
1473467,2025,8,2,1,-5.5625,7.885714285714286,-13.533333333333317,2,8,interaction_mid,0.6541286406430461,0.6354146088873871
1473467,2025,8,3,1,-5.5625,8.0,-14.64,2,8,interaction_mid,0.644492820559177,0.6267565019553599
1473467,2025,8,4,1,-5.5625,8.029411764705882,-14.746666666666655,2,8,interaction_mid,0.6347877491062732,0.6180605011232225
1473467,2025,8,5,1,-5.5625,8.149253731343283,-25.121666666666655,3,7,interaction_mid,0.4677249743721291,0.4705097454001882
1473467,2025,8,6,1,-5.5625,8.272727272727273,-26.090000000000003,3,7,interaction_mid,0.4593656403711025,0.46315676103434644
1473467,2025,9,1,1,-5.5625,8.399999999999999,-27.058333333333337,3,7,interaction_mid,0.45368815319031264,0.46483915611156157
1473467,2025,9,2,1,-5.5625,8.4375,-27.02666666666667,3,7,interaction_mid,0.449098692809225,0.4609233960831572
1473467,2025,9,3,1,-5.5625,8.476190476190476,-26.995000000000005,3,7,interaction_mid,0.44884206809430205,0.4607043679182404
1473467,2025,9,4,1,-5.5625,8.516129032258064,-26.963333333333324,3,7,interaction_mid,0.4547942666928418,0.46578253659254953
1473467,2025,9,5,1,-5.5625,8.557377049180328,-26.931666666666686,3,7,interaction_mid,0.46770903804465846,0.4767879160850175
1473467,2025,9,6,1,-5.5625,8.6,-26.900000000000006,3,7,interaction_mid,0.48086623424832836,0.4879851587553468
1473467,2025,10,1,1,-5.5625,8.64406779661017,-26.86833333333334,3,7,interaction_mid,0.4749092587461057,0.4845929960343868
1473467,2025,10,2,1,-5.5625,8.689655172413794,-26.83666666666666,3,7,interaction_mid,0.47051365530646144,0.480667952278724
1473467,2025,10,3,1,-5.5625,8.736842105263158,-26.804999999999993,3,7,interaction_mid,0.4667861372458083,0.47733814855735374
1473467,2025,10,4,1,-5.5625,8.892857142857142,-27.77333333333334,3,7,interaction_mid,0.4448207197333094,0.4576874242874622
1473467,2025,10,5,1,-5.5625,8.836363636363636,-26.741666666666674,3,7,interaction_mid,0.4853368571891597,0.4938982409565986
1473467,2025,10,6,1,-5.5625,8.88888888888889,-26.710000000000008,3,7,interaction_mid,0.4789521720192992,0.4882017157369091
1473467,2025,11,1,1,-5.5625,9.056603773584907,-27.67833333333334,3,7,interaction_mid,0.45826853594678213,0.4714434892121798
1473467,2025,11,2,1,-5.5625,8.538461538461538,-22.64666666666666,3,7,interaction_mid,0.5574329585228042,0.561684638466242
1473467,2025,11,3,1,-5.5625,8.705882352941176,-23.61500000000001,3,7,interaction_mid,0.5357724839051772,0.5420079999533881
1473467,2025,11,4,1,-5.5625,8.76,-23.583333333333314,3,7,interaction_mid,0.5343310557085017,0.5406984307503547
1473467,2025,11,5,1,-5.5625,8.816326530612246,-23.551666666666662,3,7,interaction_mid,0.5349163579222265,0.5412301954344801
1473467,2025,11,6,1,-5.5625,9.0,-24.519999999999996,3,7,interaction_mid,0.5311465123883155,0.5378050516596589
1473467,2025,12,1,1,-5.5625,9.191489361702128,-25.48833333333333,3,7,interaction_mid,0.5154620849947883,0.5210644576167482
1473467,2025,12,2,1,-5.5625,9.26086956521739,-25.456666666666663,3,7,interaction_mid,0.514848424145181,0.5205038417712835
1473467,2025,12,3,1,-5.5625,9.466666666666667,-32.650000000000006,4,6,interaction_mid,0.3641233519720388,0.38178196459117963
1473467,2025,12,4,1,-5.5625,9.136363636363637,-29.480000000000018,4,6,interaction_mid,0.4453255410514635,0.4568534584402258
1473467,2025,12,5,1,-5.5625,9.209302325581396,-29.310000000000002,4,6,interaction_mid,0.44450903510050777,0.4561034808644382
1473467,2025,12,6,1,-5.5625,9.285714285714286,-29.140000000000015,4,6,interaction_mid,0.4492544705355296,0.4604612178862845
1473467,2025,12,7,1,-5.5625,9.365853658536587,-28.97,4,6,interaction_mid,0.43829534706176293,0.4503935350816365
1473467,2025,12,8,1,-5.5625,9.45,-28.80000000000001,4,6,interaction_mid,0.4285075229657729,0.4413895266834948
1473467,2025,13,1,1,-5.5625,9.073170731707318,-26.97,4,6,interaction_mid,0.46640847529771273,0.4681312660125186
1473467,2025,13,2,1,-5.5625,9.149999999999999,-26.80000000000001,4,6,interaction_mid,0.472537395742266,0.4739317069054781
1473467,2025,13,3,1,-5.5625,9.230769230769232,-26.629999999999995,4,6,interaction_mid,0.46613401391943654,0.4678714927644235
1473467,2025,13,4,1,-5.5625,9.31578947368421,-26.460000000000008,4,6,interaction_mid,0.46540089816073676,0.467177600779403
1473467,2025,13,5,1,-5.5625,9.405405405405405,-26.289999999999992,4,6,interaction_mid,0.456957287768778,0.4591846216741261
1473467,2025,13,6,1,-5.5625,9.666666666666668,-27.120000000000005,4,6,interaction_mid,0.44671819811480584,0.4494887076535995
1473467,2025,14,1,1,-5.5625,9.771428571428572,-26.94999999999999,4,6,interaction_mid,0.4568312314851124,0.45916968471162184
1473467,2025,14,2,1,-5.5625,10.058823529411764,-27.78,4,6,interaction_mid,0.43474642079779113,0.4380539685724827
1473467,2025,14,3,1,-5.5625,10.363636363636363,-28.609999999999985,4,6,interaction_mid,0.41865435401082673,0.42265386973071667
1473467,2025,14,4,1,-5.5625,10.6875,-29.439999999999998,4,6,interaction_mid,0.41127211711690925,0.4155841502498703
1473467,2025,14,5,1,-5.5625,10.838709677419354,-29.269999999999982,4,6,interaction_mid,0.41206459106785087,0.4163432383476545
1473467,2025,14,6,1,-5.5625,11.2,-34.25,5,5,interaction_mid,0.2592886869778084,0.26879176733548105
1473467,2025,15,1,1,-5.5625,11.379310344827587,-33.94166666666666,5,5,interaction_mid,0.2780902657632337,0.2881832784314432
1473467,2025,15,2,1,-5.5625,11.571428571428571,-33.633333333333326,5,5,interaction_mid,0.28757691261597573,0.29745272896407976
1473467,2025,15,3,1,-5.5625,11.777777777777779,-33.32499999999999,5,5,interaction_mid,0.27500175036366037,0.28516188960345645
1473467,2025,15,4,1,-5.5625,12.0,-33.01666666666665,5,5,interaction_mid,0.2598479742120671,0.2703105629424906
1473467,2025,15,5,1,-5.5625,12.48,-33.70833333333334,5,5,interaction_mid,0.22282812700353807,0.23382043129511085
1473467,2025,15,6,1,-5.5625,12.0,-30.400000000000006,5,5,interaction_mid,0.2911641036444427,0.3009535949601878
1473467,2025,15,7,1,-5.5625,11.478260869565219,-27.09166666666667,5,5,interaction_mid,0.3866342504598506,0.3934397340887304
1473468,2025,7,1,0,-69.14285714285714,3.974025974025974,6.980000000000011,2,8,interaction_mid,0.9933629809868383,0.986421423935628
1473468,2025,7,2,0,-69.14285714285714,3.947368421052632,7.240000000000002,2,8,interaction_mid,0.9935229850478313,0.9867007436452483
1473468,2025,7,3,0,-69.14285714285714,4.0,6.5,2,8,interaction_mid,0.9934558701092395,0.986583453550654
1473468,2025,7,4,0,-69.14285714285714,4.054054054054054,-1.0850000000000009,3,7,interaction_mid,0.9835969029056775,0.9707185075079473
1473468,2025,7,5,0,-69.14285714285714,3.6986301369863015,3.2674999999999983,3,7,interaction_mid,0.9808286574937639,0.9665897483909585
1473468,2025,7,6,0,-69.14285714285714,3.666666666666667,3.6199999999999903,3,7,interaction_mid,0.9824242416780025,0.9689566272698183
1473468,2025,8,1,0,-69.14285714285714,3.633802816901408,3.9724999999999966,3,7,interaction_mid,0.9818546694097288,0.9707681742956968
1473468,2025,8,2,0,-69.14285714285714,3.5999999999999996,4.325000000000003,3,7,interaction_mid,0.9819454038824662,0.9708952236996335
1473468,2025,8,3,0,-69.14285714285714,3.6521739130434785,3.677499999999995,3,7,interaction_mid,0.9840731682087072,0.9739010754692107
1473468,2025,8,4,0,-69.14285714285714,3.7058823529411766,3.029999999999987,3,7,interaction_mid,0.985329994163522,0.9757022765527327
1473468,2025,8,5,0,-69.14285714285714,3.7611940298507465,2.3825000000000074,3,7,interaction_mid,0.9861973305035142,0.9769575432515746
1473468,2025,8,6,0,-69.14285714285714,3.7272727272727275,2.7349999999999994,3,7,interaction_mid,0.9868982437779427,0.9779797912150611
1473468,2025,9,1,0,-69.14285714285714,3.6923076923076925,3.0874999999999915,3,7,interaction_mid,0.9878982986156222,0.9772045704461753
1473468,2025,9,2,0,-69.14285714285714,3.75,-3.4799999999999898,4,6,interaction_mid,0.971470527626054,0.9532508485295826
1473468,2025,9,3,0,-69.14285714285714,3.8095238095238093,-4.035000000000011,4,6,interaction_mid,0.970182508922763,0.9514978048561826
1473468,2025,9,4,0,-69.14285714285714,3.870967741935484,-4.589999999999989,4,6,interaction_mid,0.9731438271334789,0.9555494696098186
1473468,2025,9,5,0,-69.14285714285714,3.9344262295081966,-5.14500000000001,4,6,interaction_mid,0.9733155554816797,0.9557867854676994
1473468,2025,9,6,0,-69.14285714285714,4.0,-5.699999999999989,4,6,interaction_mid,0.9739844481808706,0.9567137370695178
1473468,2025,9,7,0,-69.14285714285714,4.067796610169491,-6.25500000000001,4,6,interaction_mid,0.9722017598177956,0.954252322445256
1473468,2025,10,1,0,-69.14285714285714,3.9661016949152543,-5.25500000000001,4,6,interaction_mid,0.9760177989247822,0.9654913396514481
1473468,2025,10,2,0,-69.14285714285714,4.0344827586206895,-5.810000000000002,4,6,interaction_mid,0.9735109194648194,0.9623307681020155
1473468,2025,10,3,0,-69.14285714285714,4.0,-5.365000000000009,4,6,interaction_mid,0.9759483650666905,0.9654032597850414
1473468,2025,10,4,0,-69.14285714285714,4.071428571428571,-11.099999999999994,5,5,interaction_mid,0.9436074676221533,0.9268437946849583
1473468,2025,10,5,0,-69.14285714285714,4.1454545454545455,-11.5625,5,5,interaction_mid,0.9417689396791293,0.9247601115815306
1473468,2025,10,6,0,-69.14285714285714,4.222222222222222,-12.025000000000006,5,5,interaction_mid,0.9449121366610027,0.9283279409446848
1473468,2025,11,1,0,-69.14285714285714,4.188679245283018,-11.487499999999997,5,5,interaction_mid,0.9502978376473898,0.938425295199172
1473468,2025,11,2,0,-69.14285714285714,4.153846153846153,-10.950000000000003,5,5,interaction_mid,0.9559981571608397,0.9448142737911654
1473468,2025,11,3,0,-69.14285714285714,4.235294117647059,-16.129999999999995,6,4,interaction_mid,0.9196324072877207,0.9052222037258504
1473468,2025,11,4,0,-69.14285714285714,4.32,-21.125,7,3,interaction_mid,0.6487911140628795,0.6448830308880296
1473468,2025,11,5,0,-69.14285714285714,4.285714285714286,-20.40249999999999,7,3,interaction_mid,0.6525709745741255,0.6483420901718824
1473468,2025,11,6,0,-69.14285714285714,4.375,-20.680000000000007,7,3,interaction_mid,0.6357123345041227,0.6329287092525018
1473468,2025,12,1,0,-69.14285714285714,4.212765957446809,-18.95750000000001,7,3,interaction_mid,0.7099036229300202,0.6997197472618495
1473468,2025,12,2,0,-69.14285714285714,4.304347826086956,-19.235,7,3,interaction_mid,0.6995331824892176,0.6900589381493882
1473468,2025,12,3,0,-69.14285714285714,4.3999999999999995,-19.51249999999999,7,3,interaction_mid,0.6886413622761083,0.6799388071363177
1473468,2025,12,4,0,-69.14285714285714,4.5,-19.790000000000006,7,3,interaction_mid,0.7138435287167118,0.7033969108112739
1473468,2025,12,5,0,-69.14285714285714,4.604651162790698,-24.045,8,2,interaction_mid,0.4494598375530455,0.4606497505545867
1473468,2025,12,6,0,-69.14285714285714,4.714285714285714,-24.230000000000004,8,2,interaction_mid,0.45112620143264237,0.46217935166482643
1473468,2025,13,1,0,-69.14285714285714,4.829268292682928,-24.414999999999992,8,2,interaction_mid,0.45780365715260507,0.4599859213676638
1473468,2025,13,2,0,-69.14285714285714,4.050000000000001,-18.60000000000001,8,2,interaction_mid,0.6882190996558646,0.6789064466425923
1473468,2025,13,3,0,-69.14285714285714,4.153846153846153,-18.78500000000001,8,2,interaction_mid,0.6989636853790024,0.6892433864195521
1473468,2025,13,4,0,-69.14285714285714,3.3157894736842106,-12.969999999999999,8,2,interaction_mid,0.7987355119825492,0.7864583475052714
1473468,2025,13,5,0,-69.14285714285714,2.756756756756757,-9.155000000000001,8,2,interaction_mid,0.865547977944966,0.8533794003154906
1473468,2025,13,6,0,-69.14285714285714,2.833333333333333,-9.33999999999999,8,2,interaction_mid,0.8680423831374935,0.8559183438424318
1473468,2025,14,1,0,-69.14285714285714,2.914285714285714,-9.524999999999991,8,2,interaction_mid,0.8724839365589876,0.8627229511196207
1473468,2025,14,2,0,-69.14285714285714,3.0,-9.710000000000008,8,2,interaction_mid,0.8830500215967587,0.8734913322528589
1473468,2025,14,3,0,-69.14285714285714,3.090909090909091,-9.894999999999996,8,2,interaction_mid,0.8953249994359521,0.8860749981649562
1473468,2025,14,4,0,-69.14285714285714,3.1875,-10.079999999999998,8,2,interaction_mid,0.8787166885070473,0.8690682797694029
1473468,2025,14,5,0,-69.14285714285714,3.290322580645161,-10.265,8,2,interaction_mid,0.8833679398866524,0.8738162143996717
1473468,2025,14,6,0,-69.14285714285714,3.4,-13.224999999999994,9,1,interaction_mid,0.6251068832568265,0.6200762233169054
1473468,2025,15,1,0,-69.14285714285714,3.5172413793103443,-16.0,10,0,interaction_mid,0.641765653312435,0.6380331343318053
1473470,2025,7,1,1,-14.744680851063833,8.025974025974026,-8.444999999999993,1,9,interaction_mid,0.7988171060899191,0.7636191765663246
1473470,2025,7,2,1,-14.744680851063833,8.052631578947368,-8.66000000000001,1,9,interaction_mid,0.7947166872146734,0.7596763682529168
1473470,2025,7,3,1,-14.744680851063833,7.84,-5.875,1,9,interaction_mid,0.8401364500058188,0.8042473973266102
1473470,2025,7,4,1,-14.744680851063833,7.621621621621621,-3.089999999999989,1,9,interaction_mid,0.8681643183178995,0.8329293115628609
1473470,2025,7,5,1,-14.744680851063833,7.726027397260275,-14.16000000000001,2,8,interaction_mid,0.7701210983188429,0.7363117002886961
1473470,2025,7,6,1,-14.744680851063833,7.75,-14.240000000000009,2,8,interaction_mid,0.7595950935176298,0.72644938701141
1473470,2025,8,1,1,-14.744680851063833,7.774647887323944,-14.319999999999993,2,8,interaction_mid,0.7530717500979247,0.7262004823961891
1473470,2025,8,2,1,-14.744680851063833,7.542857142857143,-11.399999999999977,2,8,interaction_mid,0.7904596406295523,0.7617493051913447
1473470,2025,8,3,1,-14.744680851063833,7.652173913043478,-12.480000000000004,2,8,interaction_mid,0.7816203388631728,0.7532647044574282
1473470,2025,8,4,1,-14.744680851063833,7.6764705882352935,-12.559999999999988,2,8,interaction_mid,0.7823013518276745,0.7539165109439551
1473470,2025,8,5,1,-14.744680851063833,7.791044776119403,-13.639999999999986,2,8,interaction_mid,0.7766557434143584,0.7485222155164242
1473470,2025,8,6,1,-14.744680851063833,7.363636363636363,-8.719999999999985,2,8,interaction_mid,0.8333206401988826,0.8037354256973113
1473470,2025,9,1,1,-14.744680851063833,7.476923076923077,-9.799999999999997,2,8,interaction_mid,0.8353628763517196,0.8017432619457955
1473470,2025,9,2,1,-14.744680851063833,7.03125,-4.879999999999981,2,8,interaction_mid,0.9052291745789784,0.873782935062545
1473470,2025,9,3,1,-14.744680851063833,7.142857142857142,-5.959999999999994,2,8,interaction_mid,0.8956690466347816,0.863436698156814
1473470,2025,9,4,1,-14.744680851063833,7.161290322580646,-6.040000000000006,2,8,interaction_mid,0.8957549141761562,0.8635287849422145
1473470,2025,9,5,1,-14.744680851063833,7.1803278688524586,-6.11999999999999,2,8,interaction_mid,0.8985831579037935,0.8665701787312506
1473470,2025,9,6,1,-14.744680851063833,7.199999999999999,-6.200000000000003,2,8,interaction_mid,0.9020631343134085,0.8703350977806966
1473470,2025,10,1,1,-14.744680851063833,6.711864406779661,-1.2800000000000011,2,8,interaction_mid,0.9428515816795818,0.9259860313604721
1473470,2025,10,2,1,-14.744680851063833,6.827586206896552,-2.359999999999985,2,8,interaction_mid,0.9446760519623704,0.9280590340622809
1473470,2025,10,3,1,-14.744680851063833,6.842105263157895,-2.4399999999999977,2,8,interaction_mid,0.9406861967691824,0.9235371311912427
1473470,2025,10,4,1,-14.744680851063833,6.75,-1.5200000000000102,2,8,interaction_mid,0.9450798372592979,0.9285190499883446
1473470,2025,10,5,1,-14.744680851063833,6.872727272727273,-2.5999999999999943,2,8,interaction_mid,0.9404644451625331,0.923287029531085
1473470,2025,10,6,1,-14.744680851063833,6.333333333333334,2.3200000000000216,2,8,interaction_mid,0.9659057903614976,0.9529588288372434
1473470,2025,11,1,1,-14.744680851063833,6.339622641509434,2.239999999999995,2,8,interaction_mid,0.9653847318840529,0.9555358300818534
1473470,2025,11,2,1,-14.744680851063833,6.461538461538462,1.1599999999999966,2,8,interaction_mid,0.9633996627282202,0.9532451936342079
1473470,2025,11,3,1,-14.744680851063833,6.117647058823529,4.0800000000000125,2,8,interaction_mid,0.9705943245946331,0.9616155159225845
1473470,2025,11,4,1,-14.744680851063833,6.12,4.0,2,8,interaction_mid,0.9710498667872434,0.9621522320413863
1473470,2025,11,5,1,-14.744680851063833,6.244897959183674,2.9200000000000017,2,8,interaction_mid,0.9722018535438752,0.9635134384542555
1473470,2025,11,6,1,-14.744680851063833,6.25,2.8400000000000034,2,8,interaction_mid,0.9716066830306731,0.9628094606474992
1473470,2025,11,7,1,-14.744680851063833,5.872340425531915,5.760000000000005,2,8,interaction_mid,0.9876049947270289,0.9824184190840688
1473470,2025,12,1,1,-14.744680851063833,5.361702127659575,9.760000000000005,2,8,interaction_mid,0.9925794679587305,0.9890586804420889
1473470,2025,12,2,1,-14.744680851063833,5.478260869565217,8.679999999999993,2,8,interaction_mid,0.9925207677895003,0.9889798556610208
1473470,2025,12,3,1,-14.744680851063833,5.6,7.6000000000000085,2,8,interaction_mid,0.9921873937051661,0.9885332492003727
1473470,2025,12,4,1,-14.744680851063833,5.7272727272727275,0.5799999999999841,3,7,interaction_mid,0.9768841962895878,0.969253385615269
1473470,2025,12,5,1,-14.744680851063833,5.8604651162790695,-0.3650000000000091,3,7,interaction_mid,0.9711650519389476,0.9624298701807583
1473470,2025,12,6,1,-14.744680851063833,5.857142857142857,-0.3100000000000023,3,7,interaction_mid,0.9709183233948706,0.962138715861753
1473470,2025,13,1,1,-14.744680851063833,5.853658536585366,-0.25500000000000966,3,7,interaction_mid,0.9704604834484144,0.9645422708415264
1473470,2025,13,2,1,-14.744680851063833,5.85,-0.20000000000000284,3,7,interaction_mid,0.972172060816454,0.966477713290734
1473470,2025,13,3,1,-14.744680851063833,6.0,-1.144999999999996,3,7,interaction_mid,0.9688971494694278,0.9627807191559117
1473470,2025,13,4,1,-14.744680851063833,6.0,-1.0900000000000034,3,7,interaction_mid,0.9710889569705737,0.9652520931051879
1473470,2025,13,5,1,-14.744680851063833,6.0,-1.0349999999999966,3,7,interaction_mid,0.9722308069517643,0.9665442750053133
1473470,2025,13,6,1,-14.744680851063833,6.0,-0.980000000000004,3,7,interaction_mid,0.9703083453632357,0.9643705858312982
1473470,2025,14,1,1,-14.744680851063833,6.171428571428571,-1.9250000000000114,3,7,interaction_mid,0.967718385883808,0.9626329450752027
1473470,2025,14,2,1,-14.744680851063833,6.1764705882352935,-1.8700000000000045,3,7,interaction_mid,0.9660975709615509,0.9608530887170468
1473470,2025,14,3,1,-14.744680851063833,6.363636363636363,-7.269999999999982,4,6,interaction_mid,0.9258082675309574,0.9177329040822193
1473470,2025,14,4,1,-14.744680851063833,6.5625,-8.079999999999984,4,6,interaction_mid,0.91971326527022,0.9113501172282366
1473470,2025,14,5,1,-14.744680851063833,6.0,-4.889999999999986,4,6,interaction_mid,0.9515289359988508,0.9450395606499054
1473470,2025,14,6,1,-14.744680851063833,6.0,-4.699999999999989,4,6,interaction_mid,0.9527413015352968,0.9463442769807793
1473470,2025,14,7,1,-14.744680851063833,5.379310344827586,-1.509999999999991,4,6,interaction_mid,0.9701788020513838,0.9653440342849045
1473470,2025,15,1,1,-14.744680851063833,5.172413793103448,-0.5099999999999909,4,6,interaction_mid,0.9748497834677283,0.9709524599289712
1473470,2025,15,2,1,-14.744680851063833,5.142857142857142,-0.3199999999999932,4,6,interaction_mid,0.9760801733420268,0.9723087847863535
1473470,2025,15,3,1,-14.744680851063833,5.111111111111111,-0.12999999999999545,4,6,interaction_mid,0.9775043749193171,0.973883067077037
1473470,2025,15,4,1,-14.744680851063833,5.076923076923077,0.060000000000002274,4,6,interaction_mid,0.9776424980811772,0.9740360010135575
1473470,2025,15,5,1,-14.744680851063833,4.32,3.25,4,6,interaction_mid,0.9820789987241018,0.9789745414606302
1473470,2025,15,6,1,-14.744680851063833,4.25,3.4399999999999977,4,6,interaction_mid,0.9818044669768294,0.9786673557633824
1473471,2025,7,1,1,-97.4375,3.5064935064935066,4.766666666666673,2,8,interaction_mid,0.9932893485331129,0.9862932314750297
1473471,2025,7,2,1,-97.4375,3.473684210526316,5.13333333333334,2,8,interaction_mid,0.9952855294574473,0.989855206927131
1473471,2025,7,3,1,-97.4375,3.52,4.5,2,8,interaction_mid,0.993643027403647,0.9869109957560944
1473471,2025,7,4,1,-97.4375,3.5675675675675675,-1.9916666666666671,3,7,interaction_mid,0.9877273456087561,0.9771007418750589
1473471,2025,7,5,1,-97.4375,3.5342465753424657,-1.5458333333333343,3,7,interaction_mid,0.9857028830224069,0.9739355069844512
1473471,2025,7,6,1,-97.4375,3.583333333333333,-7.800000000000004,4,6,interaction_mid,0.9661774327842592,0.9460933659580294
1473471,2025,8,1,1,-97.4375,3.633802816901408,-8.274999999999999,4,6,interaction_mid,0.9650339837530545,0.948396516153772
1473471,2025,8,2,1,-97.4375,3.685714285714286,-8.749999999999993,4,6,interaction_mid,0.9632823344443256,0.9461719690331913
1473471,2025,8,3,1,-97.4375,3.7391304347826084,-9.225000000000001,4,6,interaction_mid,0.9632775922109498,0.9461659681017154
1473471,2025,8,4,1,-97.4375,3.7941176470588234,-9.700000000000003,4,6,interaction_mid,0.9657358647324982,0.9492924562449003
1473471,2025,8,5,1,-97.4375,3.4925373134328357,-6.175000000000004,4,6,interaction_mid,0.9766149221770577,0.9635677731749284
1473471,2025,8,6,1,-97.4375,3.0,-0.6499999999999915,4,6,interaction_mid,0.9816185648010229,0.9704379848136406
1473471,2025,9,1,1,-97.4375,3.046153846153846,-1.125,4,6,interaction_mid,0.9839310077048498,0.9710765354380942
1473471,2025,9,2,1,-97.4375,3.09375,-1.5999999999999943,4,6,interaction_mid,0.985211975042745,0.9730238632643834
1473471,2025,9,3,1,-97.4375,3.0476190476190474,-1.0750000000000028,4,6,interaction_mid,0.986083544154676,0.9743650829796405
1473471,2025,9,4,1,-97.4375,3.096774193548387,-1.5499999999999972,4,6,interaction_mid,0.9877678697880595,0.9769982277022393
1473471,2025,9,5,1,-97.4375,3.0491803278688527,-1.0250000000000057,4,6,interaction_mid,0.9889148847222293,0.9788259218233479
1473471,2025,9,6,1,-97.4375,3.1000000000000005,-1.5,4,6,interaction_mid,0.989854096919757,0.9803459226306712
1473471,2025,10,1,1,-97.4375,2.542372881355932,4.0249999999999915,4,6,interaction_mid,0.9910671029228069,0.9855904493354738
1473471,2025,10,2,1,-97.4375,2.1724137931034484,7.549999999999997,4,6,interaction_mid,0.9930250425412813,0.9884293437307778
1473471,2025,10,3,1,-97.4375,1.789473684210526,11.074999999999989,4,6,interaction_mid,0.993735247125312,0.989481057828362
1473471,2025,10,4,1,-97.4375,1.8214285714285712,10.600000000000009,4,6,interaction_mid,0.9944225024765359,0.9905120040885967
1473471,2025,10,5,1,-97.4375,1.8545454545454545,10.124999999999986,4,6,interaction_mid,0.9953878434722674,0.9919855160175602
1473471,2025,10,6,1,-97.4375,1.7777777777777777,10.650000000000006,4,6,interaction_mid,0.9956362341654013,0.9923701383313096
1473471,2025,11,1,1,-97.4375,1.8113207547169812,10.174999999999997,4,6,interaction_mid,0.9956930606578733,0.9932592457232555
1473471,2025,11,2,1,-97.4375,1.7307692307692306,10.700000000000003,4,6,interaction_mid,0.9955618081455483,0.9930729740562232
1473471,2025,11,3,1,-97.4375,1.7647058823529411,6.1875,5,5,interaction_mid,0.9904891045954212,0.9861689769762003
1473471,2025,11,4,1,-97.4375,1.6800000000000002,6.791666666666671,5,5,interaction_mid,0.9866970891235392,0.9812563918405257
1473471,2025,11,5,1,-97.4375,0.9795918367346939,12.395833333333329,5,5,interaction_mid,0.9907870406195131,0.9865622548495048
1473471,2025,11,6,1,-97.4375,0.5,16.0,5,5,interaction_mid,0.9915387496345311,0.9875600873234733
1473471,2025,12,1,1,-97.4375,-0.2553191489361702,21.604166666666657,5,5,interaction_mid,0.9934022680476928,0.9901698063563762
1473472,2025,7,1,1,22.481481481481495,10.207792207792208,-12.767499999999998,1,9,interaction_mid,0.5554772328571633,0.5451437107404007
1473472,2025,7,2,1,22.481481481481495,10.263157894736842,-13.290000000000006,1,9,interaction_mid,0.5444608184303152,0.5356620323334904
1473472,2025,7,3,1,22.481481481481495,10.4,-27.5,2,8,interaction_mid,0.2931836134761978,0.31760921241888623
1473472,2025,7,4,1,22.481481481481495,10.54054054054054,-28.853333333333325,2,8,interaction_mid,0.26946557990646614,0.2962037243800324
1473472,2025,7,5,1,22.481481481481495,10.684931506849315,-30.206666666666678,2,8,interaction_mid,0.2335311824395818,0.26320415263990127
1473472,2025,7,6,1,22.481481481481495,10.75,-30.560000000000002,2,8,interaction_mid,0.23351472400362544,0.2631888587749983
1473472,2025,8,1,1,22.481481481481495,10.816901408450704,-30.913333333333327,2,8,interaction_mid,0.22745248767634973,0.2536874715345277
1473472,2025,8,2,1,22.481481481481495,10.885714285714286,-31.266666666666637,2,8,interaction_mid,0.22846769638770023,0.2546484391215803
1473472,2025,8,3,1,22.481481481481495,10.956521739130434,-31.620000000000005,2,8,interaction_mid,0.22118306406441876,0.24773904592422163
1473472,2025,8,4,1,22.481481481481495,10.588235294117647,-26.97333333333333,2,8,interaction_mid,0.36404573998387113,0.3787815971723281
1473472,2025,8,5,1,22.481481481481495,10.656716417910449,-27.32666666666664,2,8,interaction_mid,0.3592285502960771,0.37447628492217755
1473472,2025,8,6,1,22.481481481481495,10.818181818181818,-28.679999999999993,2,8,interaction_mid,0.31311293695951015,0.3329489615758379
1473472,2025,9,1,1,22.481481481481495,10.8,-28.03333333333333,2,8,interaction_mid,0.32435592030819904,0.35283089923658145
1473472,2025,9,2,1,22.481481481481495,10.875,-28.386666666666656,2,8,interaction_mid,0.32326223237458646,0.35186222501130693
1473472,2025,9,3,1,22.481481481481495,10.666666666666666,-25.739999999999995,2,8,interaction_mid,0.40091992332967125,0.4196247792063448
1473472,2025,9,4,1,22.481481481481495,10.741935483870968,-26.093333333333334,2,8,interaction_mid,0.3941744094265631,0.4138070183653969
1473472,2025,9,5,1,22.481481481481495,10.918032786885245,-27.44666666666666,2,8,interaction_mid,0.36780355134405507,0.3909538552453779
1473472,2025,9,6,1,22.481481481481495,11.0,-27.799999999999997,2,8,interaction_mid,0.3595449488464839,0.3837565979130611
1473472,2025,10,1,1,22.481481481481495,10.983050847457626,-27.153333333333336,2,8,interaction_mid,0.3909591221940996,0.4092086396778241
1473472,2025,10,2,1,22.481481481481495,11.068965517241379,-27.50666666666666,2,8,interaction_mid,0.38896085041764994,0.40739974628933895
1473472,2025,10,3,1,22.481481481481495,11.263157894736842,-28.86,2,8,interaction_mid,0.3484583722548907,0.3705292073523093
1473472,2025,10,4,1,22.481481481481495,11.464285714285715,-30.21333333333334,2,8,interaction_mid,0.3015068918550113,0.32717832296373345
1473472,2025,10,5,1,22.481481481481495,11.563636363636363,-30.566666666666663,2,8,interaction_mid,0.3014726025742602,0.3271463751658781
1473472,2025,10,6,1,22.481481481481495,11.777777777777779,-31.919999999999987,2,8,interaction_mid,0.2814680390312668,0.3084257097375892
1473472,2025,11,1,1,22.481481481481495,11.88679245283019,-32.27333333333334,2,8,interaction_mid,0.2692960440228298,0.2951110103490283
1473472,2025,11,2,1,22.481481481481495,12.0,-32.626666666666665,2,8,interaction_mid,0.27189647568481806,0.2976119566458505
1473472,2025,11,3,1,22.481481481481495,12.117647058823529,-32.97999999999999,2,8,interaction_mid,0.25538815938395676,0.28168450840300324
1473472,2025,11,4,1,22.481481481481495,12.24,-33.333333333333314,2,8,interaction_mid,0.257454220266142,0.28368460800168604
1473472,2025,11,5,1,22.481481481481495,12.367346938775508,-33.68666666666667,2,8,interaction_mid,0.23951897679055856,0.2662536843266167
1473472,2025,11,6,1,22.481481481481495,11.875,-29.039999999999992,2,8,interaction_mid,0.35898508819649966,0.3799399469367442
1473472,2025,11,7,1,22.481481481481495,12.0,-29.393333333333317,2,8,interaction_mid,0.35001547035130665,0.3715704044090584
1473472,2025,12,1,1,22.481481481481495,11.23404255319149,-23.393333333333317,2,8,interaction_mid,0.44728369047157024,0.45865175281782183
1473472,2025,12,2,1,22.481481481481495,10.695652173913043,-18.74666666666667,2,8,interaction_mid,0.5628053618991937,0.5643051828745727
1473472,2025,12,3,1,22.481481481481495,10.933333333333334,-20.099999999999994,2,8,interaction_mid,0.527773275129167,0.5323096285182821
1473472,2025,12,4,1,22.481481481481495,11.045454545454545,-20.45333333333332,2,8,interaction_mid,0.5231786381918678,0.5281131886938002
1473472,2025,12,5,1,22.481481481481495,10.74418604651163,-17.806666666666672,2,8,interaction_mid,0.5898654561958796,0.5890420979392841
1473472,2025,12,6,1,22.481481481481495,10.857142857142858,-18.159999999999997,2,8,interaction_mid,0.5739030054051204,0.5744460169877678
1473472,2025,13,1,1,22.481481481481495,10.975609756097562,-18.51333333333332,2,8,interaction_mid,0.5644203370130655,0.5608970229887127
1473472,2025,13,2,1,22.481481481481495,10.649999999999999,-15.866666666666674,2,8,interaction_mid,0.6330963177077851,0.6261543948347154
1473472,2025,13,3,1,22.481481481481495,10.923076923076923,-17.22,2,8,interaction_mid,0.6013964727269151,0.5959841263487943
1473472,2025,13,4,1,22.481481481481495,11.052631578947368,-17.573333333333323,2,8,interaction_mid,0.5957944306131064,0.5906619794968685
1473472,2025,13,5,1,22.481481481481495,11.35135135135135,-18.926666666666648,2,8,interaction_mid,0.575726200482688,0.5716157163793142
1473472,2025,13,6,1,22.481481481481495,11.0,-16.28,2,8,interaction_mid,0.6255733831407742,0.6189852961115075
1473472,2025,13,7,1,22.481481481481495,11.314285714285713,-17.633333333333326,2,8,interaction_mid,0.5994553777993419,0.5941397239935141
1473472,2025,14,1,1,22.481481481481495,10.628571428571428,-13.633333333333326,2,8,interaction_mid,0.6838213585295563,0.676615712823292
1473472,2025,14,2,1,22.481481481481495,10.235294117647058,-10.98666666666665,2,8,interaction_mid,0.7223952910074065,0.7140046441746272
1473472,2025,14,3,1,22.481481481481495,9.818181818181818,-8.340000000000003,2,8,interaction_mid,0.8200083465034957,0.8099546434163238
1473472,2025,14,4,1,22.481481481481495,9.375,-5.693333333333328,2,8,interaction_mid,0.8524706798519615,0.8424690652313603
1473472,2025,14,5,1,22.481481481481495,8.903225806451612,-3.046666666666681,2,8,interaction_mid,0.8955630699667863,0.886319894617684
1473472,2025,14,6,1,22.481481481481495,9.200000000000001,-4.400000000000006,2,8,interaction_mid,0.8891443750871035,0.8797285477700686
1473472,2025,15,1,1,22.481481481481495,9.310344827586206,-4.75333333333333,2,8,interaction_mid,0.8811908840237792,0.8728744286471264
1473472,2025,15,2,1,22.481481481481495,9.642857142857142,-6.106666666666683,2,8,interaction_mid,0.8663820733276444,0.8579013374584407
1473472,2025,15,3,1,22.481481481481495,9.11111111111111,-3.4599999999999795,2,8,interaction_mid,0.8940810133698057,0.885991361333234
1473472,2025,15,4,1,22.481481481481495,9.461538461538462,-4.813333333333333,2,8,interaction_mid,0.8828758568657351,0.874584397783922
1473472,2025,15,5,1,22.481481481481495,9.600000000000001,-5.166666666666657,2,8,interaction_mid,0.8785969212043212,0.870244592476697
1473472,2025,15,6,1,22.481481481481495,9.75,-5.519999999999982,2,8,interaction_mid,0.8592380759636946,0.850711366309787
1473473,2025,7,1,0,1.0909090909090935,8.493506493506493,7.500000000000014,0,10,interaction_mid,0.920883576268238,0.8904217932105782
1473473,2025,7,2,0,1.0909090909090935,8.526315789473685,7.0,0,10,interaction_mid,0.9137828091638234,0.8823319510177443
1473473,2025,7,3,0,1.0909090909090935,8.64,5.5,0,10,interaction_mid,0.9082614022053186,0.8761279921188256
1473473,2025,7,4,0,1.0909090909090935,8.594594594594595,6.0,0,10,interaction_mid,0.9113119572104287,0.8795466805476196
1473473,2025,7,5,0,1.0909090909090935,8.63013698630137,5.499999999999986,0,10,interaction_mid,0.9074378505796483,0.8752087549035344
1473473,2025,7,6,0,1.0909090909090935,8.25,10.0,0,10,interaction_mid,0.9333448193824074,0.9049589654658988
1473473,2025,8,1,0,1.0909090909090935,8.28169014084507,9.5,0,10,interaction_mid,0.9318137951857781,0.9083354999021807
1473473,2025,8,2,0,1.0909090909090935,8.314285714285713,9.0,0,10,interaction_mid,0.9288618303728822,0.9049472884935059
1473473,2025,8,3,0,1.0909090909090935,8.347826086956522,8.499999999999986,0,10,interaction_mid,0.9298754274639257,0.9061081430910393
1473473,2025,8,4,0,1.0909090909090935,8.470588235294118,-3.200000000000003,1,9,interaction_mid,0.8187728225697198,0.7893134121227405
1473473,2025,8,5,0,1.0909090909090935,8.597014925373134,-4.549999999999983,1,9,interaction_mid,0.8241324506591889,0.7946045431485912
1473473,2025,8,6,0,1.0909090909090935,8.636363636363637,-4.899999999999977,1,9,interaction_mid,0.8139420098720016,0.7845654518065065
1473473,2025,9,1,0,1.0909090909090935,8.769230769230768,-6.249999999999986,1,9,interaction_mid,0.8108961117491477,0.7780291226828767
1473473,2025,9,2,0,1.0909090909090935,8.8125,-6.6000000000000085,1,9,interaction_mid,0.8112769432936504,0.7783936830919039
1473473,2025,9,3,0,1.0909090909090935,8.857142857142858,-6.949999999999989,1,9,interaction_mid,0.8147118602991863,0.7816880115858685
1473473,2025,9,4,0,1.0909090909090935,9.0,-8.299999999999983,1,9,interaction_mid,0.8098321194998035,0.7770113045547854
1473473,2025,9,5,0,1.0909090909090935,8.557377049180328,-3.6499999999999915,1,9,interaction_mid,0.8482018160974745,0.8144496626762583
1473473,2025,9,6,0,1.0909090909090935,8.7,-14.0,2,8,interaction_mid,0.7650590081862916,0.7350358294738583
1473473,2025,10,1,0,1.0909090909090935,8.745762711864407,-14.200000000000003,2,8,interaction_mid,0.7780654846340105,0.7587864264101546
1473473,2025,10,2,0,1.0909090909090935,8.793103448275861,-14.399999999999991,2,8,interaction_mid,0.7650536559736878,0.7465355838973735
1473473,2025,10,3,0,1.0909090909090935,8.842105263157894,-14.599999999999994,2,8,interaction_mid,0.7800253380559011,0.7606390739259122
1473473,2025,10,4,0,1.0909090909090935,8.892857142857142,-14.800000000000011,2,8,interaction_mid,0.7803957432317818,0.7609894436768259
1473473,2025,10,5,0,1.0909090909090935,9.054545454545455,-16.0,2,8,interaction_mid,0.7677083525192481,0.7490282745493659
1473473,2025,10,6,0,1.0909090909090935,9.222222222222221,-17.19999999999999,2,8,interaction_mid,0.7656383231006918,0.7470842826333343
1473473,2025,10,7,0,1.0909090909090935,9.283018867924529,-17.400000000000006,2,8,interaction_mid,0.7595551854377549,0.7413831955790827
1473473,2025,11,1,0,1.0909090909090935,8.60377358490566,-11.400000000000006,2,8,interaction_mid,0.8223814822408944,0.8073719989757975
1473473,2025,11,2,0,1.0909090909090935,8.653846153846153,-11.599999999999994,2,8,interaction_mid,0.821783924305346,0.8067929534319603
1473473,2025,11,3,0,1.0909090909090935,8.705882352941176,-11.799999999999983,2,8,interaction_mid,0.8261110710033905,0.8109906421983142
1473473,2025,11,4,0,1.0909090909090935,8.879999999999999,-13.0,2,8,interaction_mid,0.8088514227476888,0.794308794948824
1473473,2025,11,5,0,1.0909090909090935,8.816326530612246,-12.200000000000003,2,8,interaction_mid,0.8269960068478963,0.8118504326734909
1473473,2025,11,6,0,1.0909090909090935,8.5,-9.399999999999991,2,8,interaction_mid,0.849598443591898,0.8339755255737566
1473473,2025,12,1,0,1.0909090909090935,8.425531914893618,-8.599999999999994,2,8,interaction_mid,0.885200784525745,0.8693607789464681
1473473,2025,12,2,0,1.0909090909090935,8.08695652173913,-5.800000000000011,2,8,interaction_mid,0.9140602101951648,0.8992913764015307
1473473,2025,12,3,0,1.0909090909090935,8.133333333333333,-5.999999999999986,2,8,interaction_mid,0.914426815508639,0.8996779080169873
1473473,2025,12,4,0,1.0909090909090935,8.181818181818182,-6.200000000000003,2,8,interaction_mid,0.902338077957422,0.8870211098944314
1473473,2025,12,5,0,1.0909090909090935,8.232558139534884,-6.400000000000006,2,8,interaction_mid,0.9010486181767492,0.8856813511144629
1473473,2025,12,6,0,1.0909090909090935,8.428571428571427,-7.599999999999994,2,8,interaction_mid,0.8925653541759853,0.8769127224625765
1473473,2025,13,1,0,1.0909090909090935,8.634146341463413,-8.799999999999983,2,8,interaction_mid,0.8870801416736427,0.8754157039089058
1473473,2025,13,2,0,1.0909090909090935,8.850000000000001,-10.0,2,8,interaction_mid,0.8829628027994394,0.8711801251349577
1473473,2025,13,3,0,1.0909090909090935,8.923076923076923,-10.199999999999989,2,8,interaction_mid,0.8815659745061979,0.8697456390993569
1473473,2025,13,4,0,1.0909090909090935,8.842105263157894,-9.399999999999977,2,8,interaction_mid,0.879079746254031,0.867195389291814
1473473,2025,13,5,0,1.0909090909090935,8.91891891891892,-9.599999999999994,2,8,interaction_mid,0.8803380486303771,0.8684856161765216
1473473,2025,13,6,0,1.0909090909090935,9.166666666666666,-10.800000000000011,2,8,interaction_mid,0.8781208393898797,0.86621280423959
1473473,2025,14,1,0,1.0909090909090935,9.257142857142858,-11.0,2,8,interaction_mid,0.8656708785731404,0.8558080066762139
1473473,2025,14,2,0,1.0909090909090935,9.176470588235293,-10.199999999999989,2,8,interaction_mid,0.8797868006764631,0.8701596564372649
1473473,2025,14,3,0,1.0909090909090935,9.454545454545453,-11.400000000000006,2,8,interaction_mid,0.8717693607290182,0.8619966709273955
1473473,2025,14,4,0,1.0909090909090935,9.5625,-11.599999999999994,2,8,interaction_mid,0.8705064119073278,0.8607136269176188
1473473,2025,14,5,0,1.0909090909090935,9.096774193548388,-8.800000000000011,2,8,interaction_mid,0.8965387305055397,0.8873238770416045
1473473,2025,14,6,0,1.0909090909090935,9.200000000000001,-9.0,2,8,interaction_mid,0.8904359843692791,0.8810530280165115
1473473,2025,15,1,0,1.0909090909090935,9.517241379310345,-10.199999999999989,2,8,interaction_mid,0.8797648683848678,0.8714283041630064
1473473,2025,15,2,0,1.0909090909090935,8.571428571428571,-5.400000000000006,2,8,interaction_mid,0.9201535420250248,0.912806365149547
1473473,2025,15,3,0,1.0909090909090935,8.666666666666666,-5.599999999999994,2,8,interaction_mid,0.9188202224096358,0.9114245657019222
1473473,2025,15,4,0,1.0909090909090935,8.076923076923077,-2.8000000000000114,2,8,interaction_mid,0.9453042183656961,0.939134546005108
1473473,2025,15,5,0,1.0909090909090935,8.16,-3.0,2,8,interaction_mid,0.9422567787806448,0.9359146733501267
1473473,2025,15,6,0,1.0909090909090935,8.25,-3.1999999999999886,2,8,interaction_mid,0.933178877305282,0.926374909798961
1473474,2025,7,1,1,-14.5,7.246753246753247,-1.332499999999996,1,9,interaction_mid,0.869470421534123,0.8342925992670298
1473474,2025,7,2,1,-14.5,7.342105263157894,-2.510000000000005,1,9,interaction_mid,0.8378890089666529,0.8019908761981214
1473474,2025,7,3,1,-14.5,7.359999999999999,-2.6875,1,9,interaction_mid,0.8318442401892832,0.7959505860577245
1473474,2025,7,4,1,-14.5,7.378378378378379,-2.864999999999995,1,9,interaction_mid,0.8312948886315666,0.795403682454729
1473474,2025,7,5,1,-14.5,7.397260273972603,-3.042500000000004,1,9,interaction_mid,0.8300429777859205,0.7941585951224636
1473474,2025,7,6,1,-14.5,7.5,-4.219999999999999,1,9,interaction_mid,0.7997965177335387,0.7645630948572829
1473474,2025,7,7,1,-14.5,7.521126760563381,-4.397500000000008,1,9,interaction_mid,0.7983601689665443,0.7631790850277391
1473474,2025,8,1,1,-14.5,7.436619718309858,-3.397500000000008,1,9,interaction_mid,0.8286616419918225,0.7990957613616465
1473474,2025,8,2,1,-14.5,7.542857142857143,-4.575000000000003,1,9,interaction_mid,0.7930416572126886,0.7642379287910746
1473474,2025,8,3,1,-14.5,7.652173913043478,-5.752500000000012,1,9,interaction_mid,0.7848488864365266,0.7563575365530498
1473474,2025,8,4,1,-14.5,7.6764705882352935,-5.929999999999993,1,9,interaction_mid,0.7830398870264583,0.754623721408921
1473474,2025,8,5,1,-14.5,7.791044776119403,-7.1074999999999875,1,9,interaction_mid,0.7537204797548138,0.7268101851598441
1473474,2025,8,6,1,-14.5,7.545454545454545,-4.284999999999982,1,9,interaction_mid,0.8023149888975285,0.7732157595921777
1473474,2025,9,1,1,-14.5,7.569230769230769,-4.4624999999999915,1,9,interaction_mid,0.7993806426396359,0.7670677246304403
1473474,2025,9,2,1,-14.5,7.125,0.35999999999999943,1,9,interaction_mid,0.924988109318791,0.8958444053454474
1473474,2025,9,3,1,-14.5,7.142857142857142,0.18250000000000455,1,9,interaction_mid,0.922520070632074,0.8930326542493864
1473474,2025,9,4,1,-14.5,7.161290322580646,0.005000000000009663,1,9,interaction_mid,0.9196513582528653,0.8897859239367154
1473474,2025,9,5,1,-14.5,6.885245901639344,2.8275000000000006,1,9,interaction_mid,0.9537773461743835,0.9301758178497113
1473474,2025,9,6,1,-14.5,7.0,1.6499999999999915,1,9,interaction_mid,0.9395014726104647,0.9127629729981382
1473474,2025,10,1,1,-14.5,7.016949152542373,1.4724999999999966,1,9,interaction_mid,0.9400782375677317,0.9228517452117712
1473474,2025,10,2,1,-14.5,7.034482758620689,1.2950000000000017,1,9,interaction_mid,0.9395667436336226,0.922275833603101
1473474,2025,10,3,1,-14.5,6.947368421052632,2.1174999999999926,1,9,interaction_mid,0.9519633007668469,0.9364337209011487
1473474,2025,10,4,1,-14.5,6.964285714285715,1.940000000000012,1,9,interaction_mid,0.9479219415572036,0.931769934530558
1473474,2025,10,5,1,-14.5,6.9818181818181815,1.7625000000000028,1,9,interaction_mid,0.9468475988278298,0.9305383558947146
1473474,2025,10,6,1,-14.5,7.0,1.585000000000008,1,9,interaction_mid,0.9479547902021125,0.9318076437103897
1473474,2025,11,1,1,-14.5,7.132075471698113,0.40749999999999886,1,9,interaction_mid,0.9387022522572603,0.9256625466509143
1473474,2025,11,2,1,-14.5,7.038461538461538,1.230000000000004,1,9,interaction_mid,0.9528877054384053,0.9413177171061732
1473474,2025,11,3,1,-14.5,7.0588235294117645,1.052500000000009,1,9,interaction_mid,0.9525275912954807,0.9409145302712936
1473474,2025,11,4,1,-14.5,6.48,5.875,1,9,interaction_mid,0.9859863962783149,0.9803522432853541
1473474,2025,11,5,1,-14.5,6.122448979591837,8.697499999999991,1,9,interaction_mid,0.9902419372419974,0.9858436195848752
1473474,2025,11,6,1,-14.5,6.25,7.52000000000001,1,9,interaction_mid,0.9881056372210819,0.9830627384359387
1473474,2025,12,1,1,-14.5,6.382978723404255,6.342500000000001,1,9,interaction_mid,0.9899072573044305,0.9855219105264189
1473474,2025,12,2,1,-14.5,6.391304347826088,6.164999999999992,1,9,interaction_mid,0.9897062173814934,0.9852596423505914
1473474,2025,12,3,1,-14.5,6.533333333333333,-0.8999999999999915,2,8,interaction_mid,0.9720740841259705,0.963504741347971
1473474,2025,12,4,1,-14.5,6.545454545454545,-0.9466666666666725,2,8,interaction_mid,0.9690411815779094,0.9599314865575732
1473474,2025,12,5,1,-14.5,6.55813953488372,-0.9933333333333394,2,8,interaction_mid,0.9714416884217573,0.9627566129557399
1473474,2025,12,6,1,-14.5,6.571428571428572,-1.039999999999992,2,8,interaction_mid,0.9696689126153086,0.9606680719689727
1473474,2025,13,1,1,-14.5,6.146341463414634,1.9133333333333553,2,8,interaction_mid,0.9770460577471622,0.9720323862668949
1473474,2025,13,2,1,-14.5,6.300000000000001,0.86666666666666,2,8,interaction_mid,0.9743891119031265,0.9689960750930093
1473474,2025,13,3,1,-14.5,6.307692307692308,0.8200000000000074,2,8,interaction_mid,0.9756929038245348,0.9704834223417849
1473474,2025,13,4,1,-14.5,6.315789473684211,0.7733333333333405,2,8,interaction_mid,0.9768183405404401,0.9717713261908058
1473474,2025,13,5,1,-14.5,6.486486486486487,-0.2733333333333263,2,8,interaction_mid,0.9735579781705783,0.9680504309972199
1473474,2025,13,6,1,-14.5,6.666666666666667,-1.3200000000000074,2,8,interaction_mid,0.9683331056364708,0.9621465664424145
1473474,2025,14,1,1,-14.5,6.685714285714286,-1.36666666666666,2,8,interaction_mid,0.9683121286746272,0.9632861365667923
1473474,2025,14,2,1,-14.5,6.705882352941177,-1.413333333333327,2,8,interaction_mid,0.9658942020961027,0.960630091854841
1473474,2025,14,3,1,-14.5,6.90909090909091,-2.460000000000008,2,8,interaction_mid,0.9623559492568836,0.956761468667367
1473474,2025,14,4,1,-14.5,7.125,-3.5066666666666606,2,8,interaction_mid,0.9565027375216264,0.9504043100552277
1473474,2025,14,5,1,-14.5,7.161290322580646,-3.5533333333333275,2,8,interaction_mid,0.9562641390009159,0.9501462101046123
1473474,2025,14,6,1,-14.5,7.199999999999999,-3.6000000000000085,2,8,interaction_mid,0.9502366419664414,0.9436508293221773
1473474,2025,15,1,1,-14.5,7.448275862068966,-4.646666666666661,2,8,interaction_mid,0.9190000298309269,0.9116108383787661
1473474,2025,15,2,1,-14.5,7.285714285714285,-3.6933333333333422,2,8,interaction_mid,0.9399488715475783,0.9334822065052869
1473474,2025,15,3,1,-14.5,7.333333333333334,-3.7399999999999807,2,8,interaction_mid,0.9318564255172148,0.9249912039261629
1473474,2025,15,4,1,-14.5,7.153846153846153,-2.7866666666666617,2,8,interaction_mid,0.9580626125885134,0.9527247843811947
1473474,2025,15,5,1,-14.5,6.48,0.16666666666668561,2,8,interaction_mid,0.9778416900232767,0.9742566336280114
1473474,2025,15,6,1,-14.5,6.5,0.12000000000000455,2,8,interaction_mid,0.9770133528603899,0.9733397639309569
1473475,2025,7,1,1,-0.4375,8.649350649350648,-8.36,1,9,interaction_mid,0.6989020055264265,0.6708838558622688
1473475,2025,7,2,1,-0.4375,8.68421052631579,-8.680000000000007,1,9,interaction_mid,0.683583080555726,0.6571489848942106
1473475,2025,7,3,1,-0.4375,8.32,-4.0,1,9,interaction_mid,0.7389269186768654,0.7072952740437212
1473475,2025,7,4,1,-0.4375,8.35135135135135,-4.319999999999993,1,9,interaction_mid,0.7400326900588219,0.7083134208388834
1473475,2025,7,5,1,-0.4375,8.383561643835616,-4.640000000000001,1,9,interaction_mid,0.7241836016980383,0.6937864347854626
1473475,2025,7,6,1,-0.4375,8.416666666666666,-4.959999999999994,1,9,interaction_mid,0.7207201183250971,0.6906300737675113
1473475,2025,8,1,1,-0.4375,8.450704225352112,-5.280000000000001,1,9,interaction_mid,0.714004025199554,0.689875339524176
1473475,2025,8,2,1,-0.4375,8.571428571428571,-6.599999999999994,1,9,interaction_mid,0.6979349056679115,0.6751328675805512
1473475,2025,8,3,1,-0.4375,8.347826086956522,-3.9200000000000017,1,9,interaction_mid,0.7270923112460344,0.7019637098148598
1473475,2025,8,4,1,-0.4375,7.9411764705882355,0.7600000000000051,1,9,interaction_mid,0.8128612930721335,0.7835059367129609
1473475,2025,8,5,1,-0.4375,8.059701492537314,-0.5599999999999881,1,9,interaction_mid,0.7802005791669149,0.7519068194781086
1473475,2025,8,6,1,-0.4375,8.09090909090909,-0.8799999999999812,1,9,interaction_mid,0.7815929830104041,0.7532385282343886
1473475,2025,9,1,1,-0.4375,8.123076923076923,-1.1999999999999886,1,9,interaction_mid,0.7844585582648351,0.753031064629953
1473475,2025,9,2,1,-0.4375,8.15625,-1.5200000000000102,1,9,interaction_mid,0.7943454624010234,0.7623110304130069
1473475,2025,9,3,1,-0.4375,8.19047619047619,-1.8399999999999892,1,9,interaction_mid,0.7818841179421685,0.7506271967110141
1473475,2025,9,4,1,-0.4375,8.225806451612902,-2.1599999999999824,1,9,interaction_mid,0.7853083777570653,0.7538256906923317
1473475,2025,9,5,1,-0.4375,8.360655737704917,-3.4799999999999898,1,9,interaction_mid,0.7706431519482952,0.7401883578661596
1473475,2025,9,6,1,-0.4375,8.399999999999999,-3.8000000000000114,1,9,interaction_mid,0.7743515074787439,0.7436220241570094
1473475,2025,10,1,1,-0.4375,7.932203389830509,0.8799999999999955,1,9,interaction_mid,0.8563401961296927,0.8346799467347162
1473475,2025,10,2,1,-0.4375,7.965517241379311,0.5600000000000023,1,9,interaction_mid,0.8461510381974453,0.8245402755132509
1473475,2025,10,3,1,-0.4375,8.0,0.23999999999999488,1,9,interaction_mid,0.8446212106538571,0.8230258270640521
1473475,2025,10,4,1,-0.4375,8.142857142857142,-1.0799999999999983,1,9,interaction_mid,0.8201081803985809,0.7990160447403267
1473475,2025,10,5,1,-0.4375,7.8545454545454545,1.5999999999999943,1,9,interaction_mid,0.8552918866822277,0.8336323513565281
1473475,2025,10,6,1,-0.4375,7.888888888888889,1.2800000000000011,1,9,interaction_mid,0.8548182779476639,0.8331594026093967
1473475,2025,11,1,1,-0.4375,7.924528301886792,0.9599999999999937,1,9,interaction_mid,0.8552199244722307,0.8395316363331585
1473475,2025,11,2,1,-0.4375,7.961538461538462,0.6400000000000006,1,9,interaction_mid,0.8581627566887579,0.8424494816079917
1473475,2025,11,3,1,-0.4375,8.0,0.3200000000000074,1,9,interaction_mid,0.8529630998585797,0.8372983145836363
1473475,2025,11,4,1,-0.4375,8.040000000000001,0.0,1,9,interaction_mid,0.855603601677752,0.8399116898611257
1473475,2025,11,5,1,-0.4375,8.081632653061224,-0.3200000000000074,1,9,interaction_mid,0.8431709103199683,0.8276499345069561
1473475,2025,11,6,1,-0.4375,8.125,-0.6399999999999864,1,9,interaction_mid,0.8458052087286659,0.8302390346805878
1473475,2025,12,1,1,-0.4375,8.042553191489361,0.04000000000000625,1,9,interaction_mid,0.8866277029475975,0.8708198344123763
1473475,2025,12,2,1,-0.4375,8.217391304347826,-1.2800000000000011,1,9,interaction_mid,0.8727655415778233,0.8567249491060184
1473475,2025,12,3,1,-0.4375,8.266666666666666,-1.5999999999999943,1,9,interaction_mid,0.8832521482164337,0.8673713915433783
1473475,2025,12,4,1,-0.4375,7.909090909090908,1.0799999999999983,1,9,interaction_mid,0.9048206911389303,0.8896059458309236
1473475,2025,12,5,1,-0.4375,7.534883720930233,3.760000000000005,1,9,interaction_mid,0.938132516093278,0.9250917898467873
1473475,2025,12,6,1,-0.4375,7.142857142857142,6.439999999999998,1,9,interaction_mid,0.9791772914371268,0.9720342087856051
1473475,2025,13,1,1,-0.4375,7.317073170731707,5.1200000000000045,1,9,interaction_mid,0.9718541554454936,0.9661176681102486
1473475,2025,13,2,1,-0.4375,7.3500000000000005,4.800000000000011,1,9,interaction_mid,0.9538686787006616,0.9461033289734617
1473475,2025,13,3,1,-0.4375,6.9230769230769225,7.47999999999999,1,9,interaction_mid,0.9847456924821225,0.9809667480743443
1473475,2025,13,4,1,-0.4375,6.947368421052632,7.159999999999982,1,9,interaction_mid,0.9844453726822675,0.9806138145471934
1473475,2025,13,5,1,-0.4375,6.972972972972972,6.840000000000018,1,9,interaction_mid,0.9835351828760099,0.9795466500946869
1473475,2025,13,6,1,-0.4375,7.166666666666666,5.52000000000001,1,9,interaction_mid,0.9810537761752105,0.9766549335660003
1473475,2025,13,7,1,-0.4375,7.199999999999999,5.199999999999989,1,9,interaction_mid,0.9802082975971533,0.9756751021160176
1473475,2025,13,8,1,-0.4375,6.352941176470589,9.879999999999995,1,9,interaction_mid,0.9908472050643393,0.9882425407679383
1473475,2025,14,1,1,-0.4375,5.485714285714286,15.199999999999989,1,9,interaction_mid,0.9938185536725235,0.9922538364769161
1473475,2025,14,2,1,-0.4375,5.470588235294118,14.879999999999995,1,9,interaction_mid,0.9938838437827954,0.9923318646060058
1473475,2025,14,3,1,-0.4375,4.909090909090909,17.560000000000002,1,9,interaction_mid,0.9951793088090783,0.9938889227879257
1473475,2025,14,4,1,-0.4375,4.875,17.24000000000001,1,9,interaction_mid,0.9952680898381383,0.9939963061678576
1473475,2025,14,5,1,-0.4375,3.870967741935484,21.920000000000016,1,9,interaction_mid,0.9943288671406322,0.9928647941890734
1473475,2025,14,6,1,-0.4375,4.0,20.599999999999994,1,9,interaction_mid,0.9946997762047148,0.993310488056812
1473475,2025,15,1,1,-0.4375,3.9310344827586206,20.28,1,9,interaction_mid,0.9950358976733298,0.9938307613039852
1473475,2025,15,2,1,-0.4375,2.7857142857142856,24.95999999999998,1,9,interaction_mid,0.9946096991920281,0.9933253794423874
1473475,2025,15,3,1,-0.4375,2.6666666666666665,24.640000000000015,1,9,interaction_mid,0.9945912044776987,0.9933034904310153
1473475,2025,15,4,1,-0.4375,1.3846153846153846,29.32000000000002,1,9,interaction_mid,0.9949306904345416,0.9937058320445451
1473475,2025,15,5,1,-0.4375,0.0,34.0,1,9,interaction_mid,0.9946054267541424,0.9933203225920479
1473476,2025,7,1,0,1.05263157894737,11.61038961038961,-46.359999999999985,2,8,interaction_mid,0.2186817289068535,0.2493304083296156
1473476,2025,7,2,0,1.05263157894737,11.68421052631579,-46.67999999999999,2,8,interaction_mid,0.22623736493164737,0.2564086727851637
1473476,2025,7,3,0,1.05263157894737,11.84,-48.0,2,8,interaction_mid,0.2225930369307478,0.25299965853312856
1473476,2025,7,4,0,1.05263157894737,11.91891891891892,-48.31999999999999,2,8,interaction_mid,0.2185017913950873,0.2491613403864188
1473476,2025,7,5,0,1.05263157894737,12.082191780821919,-49.640000000000015,2,8,interaction_mid,0.1889425857519901,0.22104324678735093
1473476,2025,7,6,0,1.05263157894737,12.166666666666666,-49.96000000000001,2,8,interaction_mid,0.17638215083900102,0.20886543483320238
1473476,2025,8,1,0,1.05263157894737,12.253521126760564,-50.27999999999999,2,8,interaction_mid,0.14575931933924158,0.17387200805891936
1473476,2025,8,2,0,1.05263157894737,12.342857142857142,-50.59999999999998,2,8,interaction_mid,0.14064777916621773,0.16867535269778264
1473476,2025,8,3,0,1.05263157894737,12.434782608695652,-50.92,2,8,interaction_mid,0.13450092415275233,0.16238620887791677
1473476,2025,8,4,0,1.05263157894737,12.441176470588236,-50.239999999999995,2,8,interaction_mid,0.1409427084283912,0.16897599759652246
1473476,2025,8,5,0,1.05263157894737,12.53731343283582,-50.559999999999974,2,8,interaction_mid,0.1401962347928586,0.16821486358239712
1473476,2025,8,6,0,1.05263157894737,12.545454545454545,-49.879999999999995,2,8,interaction_mid,0.1552392152284124,0.18343446495939825
1473476,2025,9,1,0,1.05263157894737,12.646153846153847,-50.2,2,8,interaction_mid,0.15848405485698872,0.19752703535700775
1473476,2025,9,2,0,1.05263157894737,12.75,-50.51999999999998,2,8,interaction_mid,0.15019317797305443,0.18910793392722514
1473476,2025,9,3,0,1.05263157894737,12.761904761904763,-49.83999999999999,2,8,interaction_mid,0.15957933531757285,0.1986325480892706
1473476,2025,9,4,0,1.05263157894737,12.870967741935484,-50.16,2,8,interaction_mid,0.1608795372079596,0.19994292278330877
1473476,2025,9,5,0,1.05263157894737,13.081967213114755,-51.47999999999999,2,8,interaction_mid,0.13515422670786714,0.1735912219158354
1473476,2025,9,6,0,1.05263157894737,13.099999999999998,-50.8,2,8,interaction_mid,0.150647560754822,0.18957172448768767
1473476,2025,10,1,0,1.05263157894737,12.915254237288135,-48.120000000000005,2,8,interaction_mid,0.20407804292742932,0.23410855881820813
1473476,2025,10,2,0,1.05263157894737,13.03448275862069,-48.44,2,8,interaction_mid,0.19900706637017357,0.22910970424052757
1473476,2025,10,3,0,1.05263157894737,13.263157894736842,-49.760000000000005,2,8,interaction_mid,0.16754484449503307,0.1976446670516631
1473476,2025,10,4,0,1.05263157894737,13.392857142857142,-50.08000000000001,2,8,interaction_mid,0.15976104584358264,0.18972771818788953
1473476,2025,10,5,0,1.05263157894737,12.98181818181818,-45.39999999999999,2,8,interaction_mid,0.2513184886524952,0.2798678624006473
1473476,2025,10,6,0,1.05263157894737,13.11111111111111,-45.719999999999985,2,8,interaction_mid,0.246209020867097,0.2749824827307256
1473476,2025,11,1,0,1.05263157894737,13.245283018867926,-46.04000000000002,2,8,interaction_mid,0.26171548325437427,0.28780362282774474
1473476,2025,11,2,0,1.05263157894737,13.26923076923077,-45.359999999999985,2,8,interaction_mid,0.26298973268961745,0.28903373595430076
1473476,2025,11,3,0,1.05263157894737,13.529411764705882,-55.095,3,7,interaction_mid,0.13896927680831528,0.16488903088349147
1473476,2025,11,4,0,1.05263157894737,13.68,-55.24999999999997,3,7,interaction_mid,0.15197000824063484,0.17842780645583817
1473476,2025,11,5,0,1.05263157894737,13.836734693877553,-55.405,3,7,interaction_mid,0.15302442581907222,0.17951907706688638
1473476,2025,11,6,0,1.05263157894737,14.125,-56.56,3,7,interaction_mid,0.12195378205065052,0.14691586480008112
1473476,2025,12,1,0,1.05263157894737,14.170212765957448,-55.715,3,7,interaction_mid,0.13610153676835499,0.1595024805785758
1473476,2025,12,2,0,1.05263157894737,14.347826086956522,-55.870000000000005,3,7,interaction_mid,0.12615159759601852,0.1490824672255926
1473476,2025,12,3,0,1.05263157894737,14.533333333333331,-56.025000000000006,3,7,interaction_mid,0.10787224378275001,0.12967161039816952
1473476,2025,12,4,0,1.05263157894737,14.727272727272727,-63.44,4,6,interaction_mid,0.0554269681861787,0.07143124394127279
1473476,2025,12,5,0,1.05263157894737,15.069767441860465,-64.43,4,6,interaction_mid,0.042811504051618945,0.056616841015981266
1473476,2025,12,6,0,1.05263157894737,14.857142857142858,-61.420000000000016,4,6,interaction_mid,0.05459639297281679,0.07046835013437286
1473476,2025,12,7,0,1.05263157894737,14.341463414634145,-56.41,4,6,interaction_mid,0.10351864207427594,0.12499216556524187
1473476,2025,13,1,0,1.05263157894737,14.195121951219512,-55.41,4,6,interaction_mid,0.12291384556621827,0.13476773650712445
1473476,2025,13,2,0,1.05263157894737,14.399999999999999,-55.400000000000006,4,6,interaction_mid,0.11281752081748969,0.12440501629019653
1473476,2025,13,3,0,1.05263157894737,14.615384615384613,-55.389999999999986,4,6,interaction_mid,0.10232280738984348,0.1135624140826385
1473476,2025,13,4,0,1.05263157894737,14.842105263157896,-55.380000000000024,4,6,interaction_mid,0.0900088996851203,0.10073776294866311
1473476,2025,13,5,0,1.05263157894737,15.243243243243242,-56.369999999999976,4,6,interaction_mid,0.0681534325992025,0.07765464603719033
1473476,2025,13,6,0,1.05263157894737,15.5,-56.360000000000014,4,6,interaction_mid,0.06440354452078337,0.07364593937830613
1473476,2025,13,7,0,1.05263157894737,15.771428571428572,-56.349999999999994,4,6,interaction_mid,0.05975940467470902,0.06865879902526588
1473476,2025,13,8,0,1.05263157894737,16.058823529411764,-56.34,4,6,interaction_mid,0.05540503605134869,0.06395869491955088
1473476,2025,14,1,0,1.05263157894737,15.600000000000001,-55.349999999999994,4,6,interaction_mid,0.07158969713200297,0.07977088036683232
1473476,2025,14,2,0,1.05263157894737,15.882352941176471,-55.34,4,6,interaction_mid,0.06458845826602051,0.07236484797272459
1473476,2025,14,3,0,1.05263157894737,16.363636363636363,-56.329999999999984,4,6,interaction_mid,0.05452005692343272,0.06163121261953126
1473476,2025,14,4,0,1.05263157894737,16.875,-57.31999999999999,4,6,interaction_mid,0.04299621081269084,0.04920499821077274
1473476,2025,14,5,0,1.05263157894737,16.645161290322584,-54.31,4,6,interaction_mid,0.05531735430032735,0.062485075143997815
1473476,2025,14,6,0,1.05263157894737,17.0,-54.29999999999998,4,6,interaction_mid,0.04753108592742615,0.054114853145547225
1473476,2025,15,1,0,1.05263157894737,17.586206896551722,-55.28999999999999,4,6,interaction_mid,0.039561060749342444,0.04548071828082082
1473476,2025,15,2,0,1.05263157894737,18.214285714285715,-56.28,4,6,interaction_mid,0.030196962048638303,0.03517117912110747
1473476,2025,15,3,0,1.05263157894737,18.0,-53.27000000000001,4,6,interaction_mid,0.04059693305548408,0.04661270582575281
1473476,2025,15,4,0,1.05263157894737,18.692307692307693,-54.25999999999999,4,6,interaction_mid,0.0276708060382202,0.03236336606126058
1473476,2025,15,5,0,1.05263157894737,19.44,-59.375,5,5,interaction_mid,0.012757677906518126,0.015467416836926302
1473476,2025,15,6,0,1.05263157894737,20.0,-59.20000000000002,5,5,interaction_mid,0.012907069911377635,0.015640246764324205
1473477,2025,7,1,1,-12.235294117647072,7.792207792207792,-7.177499999999995,1,9,interaction_mid,0.8381930755289784,0.8022958248362265
1473477,2025,7,2,1,-12.235294117647072,7.815789473684211,-7.3700000000000045,1,9,interaction_mid,0.8303476392824872,0.7944614373612644
1473477,2025,7,3,1,-12.235294117647072,7.76,-6.5625,1,9,interaction_mid,0.8476740461720501,0.8118597991649563
1473477,2025,7,4,1,-12.235294117647072,7.783783783783784,-6.7549999999999955,1,9,interaction_mid,0.8434087393528806,0.8075436440952086
1473477,2025,7,5,1,-12.235294117647072,7.808219178082192,-6.947500000000005,1,9,interaction_mid,0.8400216532364917,0.8041319925386774
1473477,2025,7,6,1,-12.235294117647072,7.833333333333334,-7.140000000000001,1,9,interaction_mid,0.8315300635376028,0.7956377684569261
1473477,2025,8,1,1,-12.235294117647072,7.943661971830986,-8.33250000000001,1,9,interaction_mid,0.8241869384256282,0.7946584642536234
1473477,2025,8,2,1,-12.235294117647072,7.9714285714285715,-8.524999999999991,1,9,interaction_mid,0.8216330126295883,0.7921339248793934
1473477,2025,8,3,1,-12.235294117647072,8.0,-8.717500000000001,1,9,interaction_mid,0.818340866694526,0.7888880610911886
1473477,2025,8,4,1,-12.235294117647072,8.029411764705882,-8.909999999999997,1,9,interaction_mid,0.8159338199170805,0.786520723105851
1473477,2025,8,5,1,-12.235294117647072,8.149253731343283,-10.102499999999992,1,9,interaction_mid,0.7997467872124577,0.7707230086188029
1473477,2025,8,6,1,-12.235294117647072,8.272727272727273,-11.294999999999987,1,9,interaction_mid,0.7921090232837942,0.7633384830938044
1473477,2025,9,1,1,-12.235294117647072,8.215384615384615,-10.487499999999997,1,9,interaction_mid,0.8047157203484399,0.7721314057897688
1473477,2025,9,2,1,-12.235294117647072,7.96875,-7.680000000000007,1,9,interaction_mid,0.8414670081112547,0.8077599629186505
1473477,2025,9,3,1,-12.235294117647072,8.0,-7.872499999999988,1,9,interaction_mid,0.838254431043363,0.8045880336645522
1473477,2025,9,4,1,-12.235294117647072,7.935483870967742,-7.0649999999999835,1,9,interaction_mid,0.8505815811769188,0.8168269304315557
1473477,2025,9,5,1,-12.235294117647072,7.967213114754098,-7.257499999999993,1,9,interaction_mid,0.8479823803099924,0.8142308171668702
1473477,2025,9,6,1,-12.235294117647072,8.0,-7.450000000000003,1,9,interaction_mid,0.8483091207734459,0.814556700691139
1473477,2025,10,1,1,-12.235294117647072,7.525423728813559,-2.6424999999999983,1,9,interaction_mid,0.8984427577329109,0.8777285009036322
1473477,2025,10,2,1,-12.235294117647072,7.551724137931034,-2.8349999999999937,1,9,interaction_mid,0.896703221067084,0.8759068560868729
1473477,2025,10,3,1,-12.235294117647072,7.052631578947369,1.9724999999999966,1,9,interaction_mid,0.9525047029126277,0.9370623717837695
1473477,2025,10,4,1,-12.235294117647072,6.964285714285715,2.780000000000001,1,9,interaction_mid,0.9608698173257297,0.946903647804541
1473477,2025,10,5,1,-12.235294117647072,6.9818181818181815,2.5874999999999915,1,9,interaction_mid,0.9586768891518125,0.94429919418674
1473477,2025,10,6,1,-12.235294117647072,7.111111111111111,1.3950000000000102,1,9,interaction_mid,0.9517637198187852,0.9362022136028708
1473477,2025,11,1,1,-12.235294117647072,6.566037735849056,6.202500000000001,1,9,interaction_mid,0.98583287513472,0.9801575347612781
1473477,2025,11,2,1,-12.235294117647072,6.5769230769230775,6.010000000000005,1,9,interaction_mid,0.9853786204468441,0.9795826232998706
1473477,2025,11,3,1,-12.235294117647072,6.588235294117648,5.81750000000001,1,9,interaction_mid,0.9857581670495112,0.9800628592302485
1473477,2025,11,4,1,-12.235294117647072,6.6000000000000005,5.625,1,9,interaction_mid,0.9854777716245822,0.9797079577215753
1473477,2025,11,5,1,-12.235294117647072,6.73469387755102,-2.0600000000000023,2,8,interaction_mid,0.9593793372585449,0.9486453364282889
1473477,2025,11,6,1,-12.235294117647072,6.875,-3.1199999999999903,2,8,interaction_mid,0.9542679879200644,0.9428661829252017
1473477,2025,12,1,1,-12.235294117647072,6.893617021276596,-3.1799999999999926,2,8,interaction_mid,0.9651975032622003,0.9554527815742078
1473477,2025,12,2,1,-12.235294117647072,7.043478260869566,-4.240000000000009,2,8,interaction_mid,0.956977860033075,0.9460358691216781
1473477,2025,12,3,1,-12.235294117647072,7.199999999999999,-5.299999999999997,2,8,interaction_mid,0.9508667048895141,0.9391557680327207
1473477,2025,12,4,1,-12.235294117647072,7.363636363636363,-6.359999999999999,2,8,interaction_mid,0.9408184177665984,0.9280306231825809
1473477,2025,12,5,1,-12.235294117647072,7.395348837209302,-6.420000000000002,2,8,interaction_mid,0.9426907214861027,0.9300875208499709
1473477,2025,12,6,1,-12.235294117647072,7.428571428571429,-6.47999999999999,2,8,interaction_mid,0.942639204182627,0.9300308309318325
1473477,2025,13,1,1,-12.235294117647072,7.609756097560975,-7.539999999999992,2,8,interaction_mid,0.929988229585267,0.9203147577950329
1473477,2025,13,2,1,-12.235294117647072,7.800000000000001,-8.600000000000009,2,8,interaction_mid,0.9209627891478647,0.910738969520139
1473477,2025,13,3,1,-12.235294117647072,7.846153846153847,-8.659999999999997,2,8,interaction_mid,0.9142339684068477,0.9036502314863563
1473477,2025,13,4,1,-12.235294117647072,7.105263157894736,-3.7199999999999847,2,8,interaction_mid,0.9585593177507455,0.9512637428961794
1473477,2025,13,5,1,-12.235294117647072,7.297297297297297,-4.780000000000001,2,8,interaction_mid,0.9559413776229956,0.9483790935053912
1473477,2025,13,6,1,-12.235294117647072,6.5,0.1599999999999966,2,8,interaction_mid,0.9806921943166744,0.9762355713660693
1473477,2025,14,1,1,-12.235294117647072,6.685714285714286,-0.8999999999999915,2,8,interaction_mid,0.9785075855973546,0.9746164607111407
1473477,2025,14,2,1,-12.235294117647072,6.88235294117647,-1.9599999999999937,2,8,interaction_mid,0.9718565627157117,0.9671995134756258
1473477,2025,14,3,1,-12.235294117647072,6.90909090909091,-2.0200000000000102,2,8,interaction_mid,0.97121617660083,0.9664906199745488
1473477,2025,14,4,1,-12.235294117647072,7.125,-3.0799999999999983,2,8,interaction_mid,0.9640482377914117,0.958609191863912
1473477,2025,14,5,1,-12.235294117647072,6.580645161290322,-0.14000000000000057,2,8,interaction_mid,0.9799062701389829,0.976190382080874
1473477,2025,14,6,1,-12.235294117647072,6.6000000000000005,-0.20000000000000284,2,8,interaction_mid,0.9801078546385018,0.9764176786272774
1473477,2025,14,7,1,-12.235294117647072,6.827586206896552,-1.259999999999991,2,8,interaction_mid,0.9725092205559902,0.9679228701393348
1473477,2025,15,1,1,-12.235294117647072,6.0,2.740000000000009,2,8,interaction_mid,0.9876802751816129,0.9852972796339468
1473477,2025,15,2,1,-12.235294117647072,6.0,2.680000000000007,2,8,interaction_mid,0.9881640489836828,0.9858490460929193
1473477,2025,15,3,1,-12.235294117647072,4.888888888888888,7.6200000000000045,2,8,interaction_mid,0.99606236307142,0.9950563398067105
1473477,2025,15,4,1,-12.235294117647072,5.076923076923077,6.560000000000002,2,8,interaction_mid,0.995684112212741,0.9946032231058506
1473477,2025,15,5,1,-12.235294117647072,5.04,6.5,2,8,interaction_mid,0.9957459519640857,0.9946771768271129
1473477,2025,15,6,1,-12.235294117647072,4.75,7.439999999999998,2,8,interaction_mid,0.9963112845444768,0.9953555816064462
1473478,2025,7,1,1,-52.41176470588235,6.545454545454545,-0.4174999999999969,1,9,interaction_mid,0.9669780858230299,0.9471673027385283
1473478,2025,7,2,1,-52.41176470588235,6.157894736842106,4.509999999999991,1,9,interaction_mid,0.9788671724041147,0.9637239398100869
1473478,2025,7,3,1,-52.41176470588235,6.16,4.4375,1,9,interaction_mid,0.9778419595305823,0.9622437718716056
1473478,2025,7,4,1,-52.41176470588235,6.243243243243244,3.365000000000009,1,9,interaction_mid,0.9773013094897034,0.9614678100133529
1473478,2025,7,5,1,-52.41176470588235,6.2465753424657535,3.292500000000004,1,9,interaction_mid,0.9780277091884108,0.9625110916867937
1473478,2025,7,6,1,-52.41176470588235,6.25,3.219999999999999,1,9,interaction_mid,0.979167819041145,0.9641602424536381
1473478,2025,8,1,1,-52.41176470588235,6.253521126760563,3.1474999999999937,1,9,interaction_mid,0.979295905638379,0.9672199794908972
1473478,2025,8,2,1,-52.41176470588235,6.257142857142858,3.075000000000003,1,9,interaction_mid,0.9791234465730874,0.9669831219677116
1473478,2025,8,3,1,-52.41176470588235,6.3478260869565215,2.0024999999999977,1,9,interaction_mid,0.979373424806413,0.9673265354138343
1473478,2025,8,4,1,-52.41176470588235,6.088235294117647,4.930000000000007,1,9,interaction_mid,0.9832383313035318,0.9727154873845675
1473478,2025,8,5,1,-52.41176470588235,6.08955223880597,4.857500000000002,1,9,interaction_mid,0.9825864373186384,0.9717953723455384
1473478,2025,8,6,1,-52.41176470588235,6.181818181818182,3.785000000000011,1,9,interaction_mid,0.9823913279898737,0.9715209184586109
1473478,2025,9,1,1,-52.41176470588235,6.184615384615384,3.7125000000000057,1,9,interaction_mid,0.9822537626690331,0.968566099557973
1473478,2025,9,2,1,-52.41176470588235,6.28125,-4.98666666666665,2,8,interaction_mid,0.9659097381144156,0.9457754585038175
1473478,2025,9,3,1,-52.41176470588235,6.2857142857142865,-4.939999999999998,2,8,interaction_mid,0.9644415737895,0.9438396688094635
1473478,2025,9,4,1,-52.41176470588235,6.387096774193548,-5.893333333333331,2,8,interaction_mid,0.9623318220488049,0.9410830136807475
1473478,2025,9,5,1,-52.41176470588235,6.491803278688526,-6.846666666666664,2,8,interaction_mid,0.9591610006357457,0.9369919793373922
1473478,2025,9,6,1,-52.41176470588235,6.5,-6.799999999999997,2,8,interaction_mid,0.9613432303780733,0.9398010131958
1473478,2025,10,1,1,-52.41176470588235,6.610169491525424,-7.75333333333333,2,8,interaction_mid,0.9591694308821069,0.9448825623078326
1473478,2025,10,2,1,-52.41176470588235,6.310344827586206,-4.7066666666666634,2,8,interaction_mid,0.9760966345142469,0.965591384738344
1473478,2025,10,3,1,-52.41176470588235,6.315789473684211,-4.659999999999997,2,8,interaction_mid,0.9754825453504694,0.964813165748393
1473478,2025,10,4,1,-52.41176470588235,6.321428571428571,-4.613333333333344,2,8,interaction_mid,0.9732948149873082,0.9620601240043299
1473478,2025,10,5,1,-52.41176470588235,6.4363636363636365,-5.566666666666663,2,8,interaction_mid,0.9739719219405707,0.9629090510429076
1473478,2025,10,6,1,-52.41176470588235,6.555555555555555,-6.519999999999982,2,8,interaction_mid,0.9659783554208827,0.9530468887445389
1473478,2025,11,1,1,-52.41176470588235,6.566037735849056,-6.473333333333343,2,8,interaction_mid,0.966494204038098,0.9568220671924853
1473478,2025,11,2,1,-52.41176470588235,6.230769230769232,-3.4266666666666623,2,8,interaction_mid,0.9828044257668025,0.9763565323573031
1473478,2025,11,3,1,-52.41176470588235,6.23529411764706,-3.3799999999999955,2,8,interaction_mid,0.9833065195972395,0.9769817598650447
1473478,2025,11,4,1,-52.41176470588235,5.88,-0.3333333333333286,2,8,interaction_mid,0.9856727470015509,0.9799546688981364
1473478,2025,11,5,1,-52.41176470588235,5.510204081632653,2.7133333333333383,2,8,interaction_mid,0.9889013878474955,0.9840923847547854
1473478,2025,11,6,1,-52.41176470588235,5.5,2.760000000000005,2,8,interaction_mid,0.9893828129301292,0.9847187921577342
1473478,2025,12,1,1,-52.41176470588235,5.1063829787234045,5.806666666666672,2,8,interaction_mid,0.9957866247158718,0.9934689721886837
1473478,2025,12,2,1,-52.41176470588235,5.217391304347826,4.853333333333325,2,8,interaction_mid,0.9923518488820333,0.9887533394143115
1473478,2025,12,3,1,-52.41176470588235,5.066666666666666,5.900000000000006,2,8,interaction_mid,0.9964270213764612,0.9943809731861143
1473478,2025,12,4,1,-52.41176470588235,5.181818181818182,4.9466666666666725,2,8,interaction_mid,0.993609039512717,0.9904509690340152
1473478,2025,12,5,1,-52.41176470588235,5.302325581395349,3.993333333333325,2,8,interaction_mid,0.9930395537174512,0.9896785171708182
1473478,2025,12,6,1,-52.41176470588235,5.428571428571429,3.0400000000000063,2,8,interaction_mid,0.9922906174064907,0.9886713431592579
1473478,2025,13,1,1,-52.41176470588235,4.975609756097561,6.086666666666673,2,8,interaction_mid,0.9972322079771653,0.9962002141571525
1473478,2025,13,2,1,-52.41176470588235,4.949999999999999,6.133333333333326,2,8,interaction_mid,0.9972770847349637,0.9962584659933291
1473478,2025,13,3,1,-52.41176470588235,4.923076923076923,6.180000000000007,2,8,interaction_mid,0.9971958166145849,0.996153015396892
1473478,2025,13,4,1,-52.41176470588235,4.421052631578947,9.226666666666674,2,8,interaction_mid,0.9981029885628947,0.9973412033843125
1473478,2025,13,5,1,-52.41176470588235,3.891891891891892,12.27333333333334,2,8,interaction_mid,0.9983696022299445,0.9976958965920355
1473478,2025,13,6,1,-52.41176470588235,3.833333333333333,12.319999999999993,2,8,interaction_mid,0.9984276598153915,0.9977735428379522
1473478,2025,14,1,1,-52.41176470588235,3.7714285714285714,12.366666666666674,2,8,interaction_mid,0.9984743108664003,0.9979611406193551
1473478,2025,14,2,1,-52.41176470588235,3.7058823529411766,12.413333333333341,2,8,interaction_mid,0.9983716544956387,0.997830400631473
1473478,2025,14,3,1,-52.41176470588235,2.727272727272727,17.459999999999994,2,8,interaction_mid,0.9985952069460292,0.9981156320071489
1473478,2025,14,4,1,-52.41176470588235,2.625,17.506666666666675,2,8,interaction_mid,0.9985398396884309,0.9980448061967216
1473478,2025,14,5,1,-52.41176470588235,2.7096774193548385,12.859166666666681,3,7,interaction_mid,0.9981777557319154,0.9975844721889452
1473478,2025,14,6,1,-52.41176470588235,2.6,13.025000000000006,3,7,interaction_mid,0.9962935206434214,0.9952440223046872
1473478,2025,14,7,1,-52.41176470588235,1.4482758620689655,18.19083333333333,3,7,interaction_mid,0.9977498861864815,0.9970458882302758
1473478,2025,15,1,1,-52.41176470588235,1.2413793103448276,19.19083333333333,3,7,interaction_mid,0.9979260228841771,0.9973222439634905
1473478,2025,15,2,1,-52.41176470588235,0.42857142857142855,22.35666666666667,3,7,interaction_mid,0.9982429456469017,0.9977150300432676
1473478,2025,15,3,1,-52.41176470588235,0.4444444444444444,21.522499999999994,3,7,interaction_mid,0.9983306309852568,0.9978242332215443
1473478,2025,15,4,1,-52.41176470588235,-0.46153846153846156,24.688333333333333,3,7,interaction_mid,0.9982346405949112,0.997704699511248
1473479,2025,7,1,0,18.294117647058812,9.194805194805195,-11.766666666666652,2,8,interaction_mid,0.583372139185181,0.5692217806378708
1473479,2025,7,2,0,18.294117647058812,8.842105263157894,-7.133333333333326,2,8,interaction_mid,0.6413600408337817,0.6197529672588954
1473479,2025,7,3,0,18.294117647058812,8.96,-8.5,2,8,interaction_mid,0.6440252740818263,0.6220960117918152
1473479,2025,7,4,0,18.294117647058812,8.756756756756756,-5.866666666666646,2,8,interaction_mid,0.6671957515893406,0.6425607297477798
1473479,2025,7,5,0,18.294117647058812,8.876712328767123,-7.2333333333333485,2,8,interaction_mid,0.6726720503422776,0.647424514678884
1473479,2025,7,6,0,18.294117647058812,8.916666666666668,-7.6000000000000085,2,8,interaction_mid,0.6662310306646121,0.6417050385758843
1473479,2025,8,1,0,18.294117647058812,8.95774647887324,-7.966666666666654,2,8,interaction_mid,0.6490215624783802,0.630822616785795
1473479,2025,8,2,0,18.294117647058812,9.085714285714285,-9.333333333333314,2,8,interaction_mid,0.653141635852178,0.6345265913564924
1473479,2025,8,3,0,18.294117647058812,9.043478260869566,-8.700000000000003,2,8,interaction_mid,0.6624459206716231,0.6429087589839496
1473479,2025,8,4,0,18.294117647058812,8.823529411764707,-6.066666666666663,2,8,interaction_mid,0.6981223226929332,0.6753042221088729
1473479,2025,8,5,0,18.294117647058812,8.597014925373134,-3.4333333333333087,2,8,interaction_mid,0.724260218882202,0.6993414835117466
1473479,2025,8,6,0,18.294117647058812,8.727272727272727,-4.799999999999983,2,8,interaction_mid,0.7151198359954689,0.6909029748121452
1473479,2025,9,1,0,18.294117647058812,8.861538461538462,-17.270833333333343,3,7,interaction_mid,0.5865194742180079,0.5778856648194384
1473479,2025,9,2,0,18.294117647058812,8.90625,-17.46666666666667,3,7,interaction_mid,0.5774444370030412,0.5701339720359219
1473479,2025,9,3,0,18.294117647058812,8.952380952380953,-17.662500000000023,3,7,interaction_mid,0.570185302128142,0.5639408570383462
1473479,2025,9,4,0,18.294117647058812,9.096774193548388,-18.85833333333332,3,7,interaction_mid,0.5457306263104278,0.5431157821058584
1473479,2025,9,5,0,18.294117647058812,9.245901639344261,-20.054166666666703,3,7,interaction_mid,0.5229914070676571,0.5237856656075779
1473479,2025,9,6,0,18.294117647058812,9.3,-20.25,3,7,interaction_mid,0.5226454003272654,0.523491665098274
1473479,2025,10,1,0,18.294117647058812,9.457627118644067,-21.445833333333354,3,7,interaction_mid,0.5300240232627366,0.5337151407607355
1473479,2025,10,2,0,18.294117647058812,9.413793103448276,-20.64166666666665,3,7,interaction_mid,0.5351228621773836,0.5382557911239263
1473479,2025,10,3,0,18.294117647058812,9.368421052631579,-19.837500000000006,3,7,interaction_mid,0.5501645897386837,0.5516526997085709
1473479,2025,10,4,0,18.294117647058812,9.428571428571429,-20.03333333333333,3,7,interaction_mid,0.548490857875242,0.5501617519451708
1473479,2025,10,5,0,18.294117647058812,9.49090909090909,-20.229166666666686,3,7,interaction_mid,0.5462585199483301,0.5481733193989421
1473479,2025,10,6,0,18.294117647058812,9.555555555555555,-20.42500000000001,3,7,interaction_mid,0.5338726064713594,0.537142395383895
1473479,2025,11,1,0,18.294117647058812,9.622641509433963,-20.620833333333337,3,7,interaction_mid,0.543589473451456,0.5491093516238373
1473479,2025,11,2,0,18.294117647058812,9.692307692307693,-20.816666666666663,3,7,interaction_mid,0.5478771324445979,0.5530042293398193
1473479,2025,11,3,0,18.294117647058812,9.882352941176471,-22.01249999999999,3,7,interaction_mid,0.5358753533493893,0.542101457628807
1473479,2025,11,4,0,18.294117647058812,9.600000000000001,-19.208333333333314,3,7,interaction_mid,0.5640026475497002,0.5676529061848075
1473479,2025,11,5,0,18.294117647058812,9.673469387755102,-19.40416666666667,3,7,interaction_mid,0.5591858205626006,0.5632769801052573
1473479,2025,11,6,0,18.294117647058812,9.75,-19.599999999999994,3,7,interaction_mid,0.5608200159457908,0.5647615543358904
1473479,2025,12,1,0,18.294117647058812,9.829787234042554,-19.79583333333332,3,7,interaction_mid,0.5656952071090469,0.566945451275603
1473479,2025,12,2,0,18.294117647058812,10.043478260869566,-20.991666666666674,3,7,interaction_mid,0.5303051982160171,0.5346219965475308
1473479,2025,12,3,0,18.294117647058812,10.133333333333333,-21.1875,3,7,interaction_mid,0.5248772536783735,0.5296646318614867
1473479,2025,12,4,0,18.294117647058812,10.363636363636363,-22.383333333333354,3,7,interaction_mid,0.5223642072480382,0.5273693035355375
1473479,2025,12,5,0,18.294117647058812,10.465116279069768,-22.57916666666668,3,7,interaction_mid,0.5179806513162477,0.5233652118542339
1473479,2025,12,6,0,18.294117647058812,10.571428571428571,-22.775000000000006,3,7,interaction_mid,0.512242440933218,0.518122997451093
1473479,2025,13,1,0,18.294117647058812,10.829268292682928,-23.97083333333333,3,7,interaction_mid,0.49262157952147534,0.4929348579443308
1473479,2025,13,2,0,18.294117647058812,11.100000000000001,-25.166666666666686,3,7,interaction_mid,0.48344107203960185,0.4842491437407559
1473479,2025,13,3,0,18.294117647058812,11.076923076923077,-24.362499999999983,3,7,interaction_mid,0.485296602259927,0.48600473364048097
1473479,2025,13,4,0,18.294117647058812,11.368421052631579,-32.05000000000001,4,6,interaction_mid,0.34696852842079184,0.35466093413565886
1473479,2025,13,5,0,18.294117647058812,11.513513513513512,-32.07499999999999,4,6,interaction_mid,0.35497008752905734,0.362303392059106
1473479,2025,13,6,0,18.294117647058812,11.666666666666666,-32.10000000000002,4,6,interaction_mid,0.3586333617027419,0.3657996020463384
1473479,2025,13,7,0,18.294117647058812,11.314285714285713,-29.125,4,6,interaction_mid,0.4050150249335719,0.409942832865739
1473479,2025,14,1,0,18.294117647058812,11.314285714285713,-29.125,4,6,interaction_mid,0.4090765970399608,0.4134809127370912
1473479,2025,14,2,0,18.294117647058812,11.470588235294118,-29.150000000000006,4,6,interaction_mid,0.4088051751723354,0.41322087745661407
1473479,2025,14,3,0,18.294117647058812,11.636363636363637,-29.174999999999983,4,6,interaction_mid,0.4027679050205481,0.4074355969030537
1473479,2025,14,4,0,18.294117647058812,12.0,-30.19999999999999,4,6,interaction_mid,0.37845890213357336,0.38411357286231357
1473479,2025,14,5,0,18.294117647058812,12.387096774193548,-31.224999999999994,4,6,interaction_mid,0.36891212280485874,0.3749406614992146
1473479,2025,14,6,0,18.294117647058812,11.6,-26.25,4,6,interaction_mid,0.4629303659470615,0.46499810404716413
1473479,2025,15,1,0,18.294117647058812,12.0,-27.275000000000006,4,6,interaction_mid,0.43743182936048663,0.4422615701053016
1473479,2025,15,2,0,18.294117647058812,12.214285714285714,-27.30000000000001,4,6,interaction_mid,0.4316635340100843,0.43672669953048937
1473479,2025,15,3,0,18.294117647058812,11.333333333333332,-22.32499999999999,4,6,interaction_mid,0.532960044356256,0.5337433992116043
1473479,2025,15,4,0,18.294117647058812,11.538461538461538,-22.349999999999994,4,6,interaction_mid,0.5279789711658909,0.5289770388079644
1473479,2025,15,5,0,18.294117647058812,11.52,-21.375,4,6,interaction_mid,0.5286456836710023,0.5296150077283658
1473479,2025,15,6,0,18.294117647058812,11.5,-20.400000000000006,4,6,interaction_mid,0.5368014381246063,0.5374192892592136
1473480,2025,7,1,1,-10.032258064516128,8.727272727272727,-31.94666666666666,2,8,interaction_mid,0.6059097165011398,0.5887707975346377
1473480,2025,7,2,1,-10.032258064516128,8.526315789473685,-28.97333333333333,2,8,interaction_mid,0.6707132932378953,0.6456835772125905
1473480,2025,7,3,1,-10.032258064516128,8.56,-29.0,2,8,interaction_mid,0.6855893927598653,0.6589422308729188
1473480,2025,7,4,1,-10.032258064516128,8.35135135135135,-26.026666666666657,2,8,interaction_mid,0.7262788543521195,0.6956989669103125
1473480,2025,7,5,1,-10.032258064516128,8.465753424657535,-27.05333333333334,2,8,interaction_mid,0.7165299195636914,0.6868197258493038
1473480,2025,7,6,1,-10.032258064516128,8.416666666666666,-26.08,2,8,interaction_mid,0.722421015363334,0.6921793599837155
1473480,2025,8,1,1,-10.032258064516128,8.535211267605634,-36.21833333333335,3,7,interaction_mid,0.5628656300322613,0.554204617569155
1473480,2025,8,2,1,-10.032258064516128,8.657142857142857,-37.116666666666674,3,7,interaction_mid,0.5725225517057666,0.5627314382175237
1473480,2025,8,3,1,-10.032258064516128,8.782608695652174,-38.015,3,7,interaction_mid,0.565793574857284,0.5567887738422765
1473480,2025,8,4,1,-10.032258064516128,8.911764705882353,-38.91333333333334,3,7,interaction_mid,0.5576610484392929,0.5496134239715719
1473480,2025,8,5,1,-10.032258064516128,9.044776119402984,-39.81166666666667,3,7,interaction_mid,0.5541985055116327,0.5465604835366465
1473480,2025,8,6,1,-10.032258064516128,9.09090909090909,-39.709999999999994,3,7,interaction_mid,0.5533296389767414,0.5457945808582901
1473480,2025,9,1,1,-10.032258064516128,9.138461538461538,-39.608333333333334,3,7,interaction_mid,0.560650724014703,0.5558151619918437
1473480,2025,9,2,1,-10.032258064516128,8.90625,-36.506666666666675,3,7,interaction_mid,0.6126310868815925,0.600260908683344
1473480,2025,9,3,1,-10.032258064516128,8.952380952380953,-36.405000000000015,3,7,interaction_mid,0.6113891992249807,0.5991939612958634
1473480,2025,9,4,1,-10.032258064516128,8.516129032258064,-31.303333333333327,3,7,interaction_mid,0.7149587044286194,0.6896527648858685
1473480,2025,9,5,1,-10.032258064516128,8.557377049180328,-31.201666666666682,3,7,interaction_mid,0.7084084375929912,0.6838164514409746
1473480,2025,9,6,1,-10.032258064516128,8.6,-31.10000000000001,3,7,interaction_mid,0.7148318975459672,0.689539590596313
1473480,2025,10,1,1,-10.032258064516128,8.64406779661017,-30.998333333333335,3,7,interaction_mid,0.7296925916880502,0.7136273200157315
1473480,2025,10,2,1,-10.032258064516128,8.689655172413794,-30.89666666666666,3,7,interaction_mid,0.7086265134433859,0.6942493715337525
1473480,2025,10,3,1,-10.032258064516128,8.631578947368421,-29.795,3,7,interaction_mid,0.7331951714349174,0.7168643954643317
1473480,2025,10,4,1,-10.032258064516128,8.785714285714285,-30.693333333333328,3,7,interaction_mid,0.7070722462097141,0.6928254703765208
1473480,2025,10,5,1,-10.032258064516128,8.836363636363636,-30.59166666666667,3,7,interaction_mid,0.7064666712078012,0.6922708927666881
1473480,2025,10,6,1,-10.032258064516128,8.333333333333332,-25.49000000000001,3,7,interaction_mid,0.7654220582316755,0.7468813033728247
1473480,2025,11,1,1,-10.032258064516128,8.377358490566037,-25.38833333333335,3,7,interaction_mid,0.7767602705399957,0.7636820098906899
1473480,2025,11,2,1,-10.032258064516128,8.423076923076923,-25.28666666666666,3,7,interaction_mid,0.7680404332908046,0.7554358855705061
1473480,2025,11,3,1,-10.032258064516128,8.470588235294118,-25.185000000000002,3,7,interaction_mid,0.7808907878473323,0.7675986687986216
1473480,2025,11,4,1,-10.032258064516128,8.52,-25.08333333333333,3,7,interaction_mid,0.7686720724696419,0.7560322263736551
1473480,2025,11,5,1,-10.032258064516128,7.959183673469387,-19.981666666666655,3,7,interaction_mid,0.8386622759440873,0.8232293453541966
1473480,2025,11,6,1,-10.032258064516128,8.125,-27.040000000000006,4,6,interaction_mid,0.7507298501995863,0.7391488172092051
1473480,2025,12,1,1,-10.032258064516128,8.170212765957446,-26.810000000000002,4,6,interaction_mid,0.7494942019480761,0.7368651927818579
1473480,2025,12,2,1,-10.032258064516128,8.347826086956522,-27.58,4,6,interaction_mid,0.7421957668064252,0.7299825979618701
1473480,2025,12,3,1,-10.032258064516128,8.533333333333333,-28.35000000000001,4,6,interaction_mid,0.7405696814656197,0.7284514733373323
1473480,2025,12,4,1,-10.032258064516128,8.454545454545455,-27.120000000000005,4,6,interaction_mid,0.7344303621258409,0.7226780043027677
1473480,2025,12,5,1,-10.032258064516128,8.511627906976745,-26.89,4,6,interaction_mid,0.7349981217496739,0.7232114527888276
1473480,2025,12,6,1,-10.032258064516128,8.714285714285714,-27.66000000000001,4,6,interaction_mid,0.73391787478098,0.7221965700927179
1473480,2025,12,7,1,-10.032258064516128,8.926829268292682,-28.430000000000007,4,6,interaction_mid,0.7237909947594267,0.7126988836536354
1473480,2025,12,8,1,-10.032258064516128,9.149999999999999,-29.200000000000003,4,6,interaction_mid,0.7149806174984314,0.7044589005627887
1473480,2025,13,1,1,-10.032258064516128,8.195121951219512,-23.430000000000007,4,6,interaction_mid,0.7824324089087484,0.7703892529913745
1473480,2025,13,2,1,-10.032258064516128,8.399999999999999,-24.200000000000003,4,6,interaction_mid,0.780093001139218,0.7680903327373945
1473480,2025,13,3,1,-10.032258064516128,8.307692307692307,-22.969999999999985,4,6,interaction_mid,0.7878052134473925,0.775675484894729
1473480,2025,13,4,1,-10.032258064516128,7.894736842105264,-19.74000000000001,4,6,interaction_mid,0.8544240153974404,0.8420972526915312
1473480,2025,13,5,1,-10.032258064516128,7.945945945945946,-19.50999999999999,4,6,interaction_mid,0.8538842972380729,0.84155147895835
1473480,2025,13,6,1,-10.032258064516128,8.166666666666668,-24.900000000000006,5,5,interaction_mid,0.7342656547059483,0.7233625976366144
1473480,2025,13,7,1,-10.032258064516128,8.399999999999999,-25.541666666666657,5,5,interaction_mid,0.7230515272730715,0.7124961863040424
1473480,2025,14,1,1,-10.032258064516128,8.399999999999999,-25.541666666666657,5,5,interaction_mid,0.7279797559982009,0.7194376736367895
1473480,2025,14,2,1,-10.032258064516128,7.9411764705882355,-22.183333333333337,5,5,interaction_mid,0.7645994726510508,0.7552139755769006
1473480,2025,14,3,1,-10.032258064516128,8.181818181818182,-22.825000000000017,5,5,interaction_mid,0.7526661247505562,0.7435251201044013
1473480,2025,14,4,1,-10.032258064516128,8.0625,-21.46666666666667,5,5,interaction_mid,0.7625768409967875,0.7532305673695512
1473480,2025,14,5,1,-10.032258064516128,8.129032258064516,-21.10833333333335,5,5,interaction_mid,0.76524125382239,0.7558435051830914
1473480,2025,14,6,1,-10.032258064516128,8.2,-20.75,5,5,interaction_mid,0.7594963846195583,0.7502116108325252
1473480,2025,14,7,1,-10.032258064516128,8.482758620689655,-21.39166666666665,5,5,interaction_mid,0.7389916655133694,0.7301677171652342
1473480,2025,15,1,1,-10.032258064516128,8.275862068965518,-20.39166666666665,5,5,interaction_mid,0.7496051165741966,0.7423624422278114
1473480,2025,15,2,1,-10.032258064516128,8.142857142857142,-19.03333333333333,5,5,interaction_mid,0.7807557622707115,0.7728382213793185
1473480,2025,15,3,1,-10.032258064516128,8.444444444444445,-19.674999999999983,5,5,interaction_mid,0.7782541780312204,0.7703833348640755
1473480,2025,15,4,1,-10.032258064516128,7.846153846153847,-16.316666666666663,5,5,interaction_mid,0.8515004907604966,0.842946514691123
1473480,2025,15,5,1,-10.032258064516128,7.68,-14.958333333333343,5,5,interaction_mid,0.8656742705703679,0.8571880543816357
1473480,2025,15,6,1,-10.032258064516128,7.75,-14.599999999999994,5,5,interaction_mid,0.8566466315514227,0.8481082476446911
1473480,2025,15,7,1,-10.032258064516128,7.826086956521739,-14.241666666666674,5,5,interaction_mid,0.8554409271161949,0.8468979933360448
1473480,2025,15,8,1,-10.032258064516128,7.636363636363637,-12.883333333333326,5,5,interaction_mid,0.8651700344031605,0.8566800402034018
1473482,2025,7,1,0,38.571428571428584,11.532467532467532,-50.42916666666666,3,7,interaction_mid,0.17663261931520718,0.20910975534365675
1473482,2025,7,2,0,38.571428571428584,11.605263157894736,-50.68333333333332,3,7,interaction_mid,0.1813005104724054,0.21365182148613324
1473482,2025,7,3,0,38.571428571428584,11.6,-49.9375,3,7,interaction_mid,0.18648051414008865,0.2186678332924796
1473482,2025,7,4,0,38.571428571428584,11.675675675675677,-50.19166666666668,3,7,interaction_mid,0.17693282241055922,0.20940250780113326
1473482,2025,7,5,0,38.571428571428584,11.753424657534246,-50.44583333333334,3,7,interaction_mid,0.17674758906575921,0.20922188223917285
1473482,2025,7,6,0,38.571428571428584,11.916666666666668,-51.70000000000002,3,7,interaction_mid,0.16815200739300534,0.20080193646788344
1473482,2025,8,1,0,38.571428571428584,11.746478873239436,-48.95416666666668,3,7,interaction_mid,0.1986315398918025,0.2261292911760376
1473482,2025,8,2,0,38.571428571428584,11.571428571428571,-46.20833333333333,3,7,interaction_mid,0.2182150896112002,0.24491445203086612
1473482,2025,8,3,0,38.571428571428584,11.73913043478261,-47.462500000000006,3,7,interaction_mid,0.21917998861408472,0.24583335383203986
1473482,2025,8,4,0,38.571428571428584,11.823529411764707,-47.71666666666667,3,7,interaction_mid,0.2146095219267946,0.24147542957918564
1473482,2025,8,5,0,38.571428571428584,11.91044776119403,-47.97083333333333,3,7,interaction_mid,0.21529045692634774,0.24212556174042726
1473482,2025,8,6,0,38.571428571428584,12.09090909090909,-49.224999999999994,3,7,interaction_mid,0.221996902457826,0.24851259318828298
1473482,2025,9,1,0,38.571428571428584,11.723076923076922,-44.47916666666666,3,7,interaction_mid,0.2499291884606653,0.2855807167242493
1473482,2025,9,2,0,38.571428571428584,11.34375,-39.73333333333335,3,7,interaction_mid,0.29262178292861435,0.3245096945514787
1473482,2025,9,3,0,38.571428571428584,11.428571428571427,-39.98750000000001,3,7,interaction_mid,0.29275676477223184,0.3246311668328717
1473482,2025,9,4,0,38.571428571428584,11.516129032258064,-40.241666666666674,3,7,interaction_mid,0.29883271705045245,0.33008958827134877
1473482,2025,9,5,0,38.571428571428584,11.311475409836067,-37.495833333333366,3,7,interaction_mid,0.33251954563616204,0.36004619083290573
1473482,2025,9,6,0,38.571428571428584,11.3,-36.75,3,7,interaction_mid,0.3324749520043029,0.36000684868572846
1473482,2025,10,1,0,38.571428571428584,11.491525423728813,-38.00416666666666,3,7,interaction_mid,0.3306054940582802,0.3541327507462894
1473482,2025,10,2,0,38.571428571428584,11.586206896551724,-38.258333333333326,3,7,interaction_mid,0.3266691027390164,0.35050383973619026
1473482,2025,10,3,0,38.571428571428584,11.789473684210526,-39.51249999999999,3,7,interaction_mid,0.30923907777828974,0.3343708832296925
1473482,2025,10,4,0,38.571428571428584,12.0,-40.76666666666668,3,7,interaction_mid,0.3039233023517086,0.3294285672982863
1473482,2025,10,5,0,38.571428571428584,11.781818181818181,-38.02083333333334,3,7,interaction_mid,0.3401300701791037,0.3628925753944781
1473482,2025,10,6,0,38.571428571428584,11.88888888888889,-38.275000000000006,3,7,interaction_mid,0.33381556882734154,0.3570883133915175
1473482,2025,11,1,0,38.571428571428584,12.0,-38.5291666666667,3,7,interaction_mid,0.32874398669943583,0.35163236735976455
1473482,2025,11,2,0,38.571428571428584,12.23076923076923,-49.099999999999994,4,6,interaction_mid,0.23142735836832415,0.2583367121666848
1473482,2025,11,3,0,38.571428571428584,12.47058823529412,-50.17500000000001,4,6,interaction_mid,0.23793050103748084,0.2647021844402751
1473482,2025,11,4,0,38.571428571428584,12.72,-51.25,4,6,interaction_mid,0.2323047870555338,0.25919686951273646
1473482,2025,11,5,0,38.571428571428584,12.857142857142858,-51.32499999999999,4,6,interaction_mid,0.22986754740202997,0.25680658489848973
1473482,2025,11,6,0,38.571428571428584,13.0,-51.400000000000006,4,6,interaction_mid,0.2311347814267677,0.2580498027284541
1473482,2025,12,1,0,38.571428571428584,13.148936170212766,-51.474999999999994,4,6,interaction_mid,0.19291294188410382,0.21741442619126639
1473482,2025,12,2,0,38.571428571428584,12.913043478260867,-48.55000000000001,4,6,interaction_mid,0.2259066672376731,0.25006165581895445
1473482,2025,12,3,0,38.571428571428584,13.200000000000001,-49.625,4,6,interaction_mid,0.20996624982944567,0.23436534431741887
1473482,2025,12,4,0,38.571428571428584,13.227272727272727,-48.70000000000002,4,6,interaction_mid,0.2114501443494864,0.23583234051741955
1473482,2025,12,5,0,38.571428571428584,13.534883720930232,-49.775000000000006,4,6,interaction_mid,0.18025168094878202,0.20471252587305616
1473482,2025,12,6,0,38.571428571428584,13.285714285714286,-46.849999999999994,4,6,interaction_mid,0.22313915013749983,0.24734619035174427
1473482,2025,13,1,0,38.571428571428584,13.463414634146343,-46.92500000000001,4,6,interaction_mid,0.2098152620186126,0.2218633582467013
1473482,2025,13,2,0,38.571428571428584,13.5,-46.0,4,6,interaction_mid,0.23115747909382783,0.24281802602814256
1473482,2025,13,3,0,38.571428571428584,13.538461538461538,-45.07499999999999,4,6,interaction_mid,0.23566532872919937,0.24722703801379278
1473482,2025,13,4,0,38.571428571428584,13.263157894736842,-42.150000000000006,4,6,interaction_mid,0.26888371720414356,0.2795553798319428
1473482,2025,13,5,0,38.571428571428584,13.45945945945946,-42.224999999999994,4,6,interaction_mid,0.2584780161074883,0.26945742467477457
1473482,2025,13,6,0,38.571428571428584,13.666666666666666,-42.30000000000001,4,6,interaction_mid,0.24912869376277827,0.2603627227122482
1473482,2025,13,7,0,38.571428571428584,14.057142857142857,-43.375,4,6,interaction_mid,0.23416039936000424,0.24575573092669004
1473482,2025,14,1,0,38.571428571428584,13.885714285714286,-42.375,4,6,interaction_mid,0.2428774328756682,0.25272562991595443
1473482,2025,14,2,0,38.571428571428584,14.294117647058822,-49.541666666666686,5,5,interaction_mid,0.11171984672681642,0.12150304403112183
1473482,2025,14,3,0,38.571428571428584,14.545454545454547,-49.4375,5,5,interaction_mid,0.11465751406198019,0.12451805753798477
1473482,2025,14,4,0,38.571428571428584,14.8125,-49.33333333333334,5,5,interaction_mid,0.109667304125767,0.11939362246804214
1473482,2025,14,5,0,38.571428571428584,15.096774193548388,-49.22916666666666,5,5,interaction_mid,0.09840166297639108,0.1077720692152687
1473482,2025,14,6,0,38.571428571428584,15.2,-48.125,5,5,interaction_mid,0.11070394781742196,0.12045928830617914
1473482,2025,15,1,0,38.571428571428584,15.517241379310345,-48.02083333333334,5,5,interaction_mid,0.10304663276821152,0.11282596356147236
1473482,2025,15,2,0,38.571428571428584,16.07142857142857,-53.93333333333334,6,4,interaction_mid,0.049672160167786854,0.056468143187834226
1473482,2025,15,3,0,38.571428571428584,16.666666666666664,-54.650000000000006,6,4,interaction_mid,0.0333567733817433,0.0386664351420892
1473482,2025,15,4,0,38.571428571428584,17.076923076923077,-54.366666666666674,6,4,interaction_mid,0.023843711742598958,0.028084214421630376
1473482,2025,15,5,0,38.571428571428584,17.759999999999998,-59.5625,7,3,interaction_mid,0.010592100328431461,0.01295065319364706
1473482,2025,15,6,0,38.571428571428584,18.5,-64.4,8,2,interaction_mid,0.008758708919325137,0.01080103973855623
1473483,2025,7,1,1,-37.41176470588235,8.96103896103896,-41.234999999999985,3,7,interaction_mid,0.3349438294418388,0.35472436407061875
1473483,2025,7,2,1,-37.41176470588235,9.078947368421051,-42.17999999999999,3,7,interaction_mid,0.319245115856882,0.34084773756773046
1473483,2025,7,3,1,-37.41176470588235,9.200000000000001,-43.125,3,7,interaction_mid,0.3123746556969984,0.33474731090404614
1473483,2025,7,4,1,-37.41176470588235,9.324324324324323,-44.07000000000001,3,7,interaction_mid,0.30227039154269303,0.3257426710003077
1473483,2025,7,5,1,-37.41176470588235,9.45205479452055,-45.015000000000015,3,7,interaction_mid,0.29135713547510245,0.3159700814508028
1473483,2025,7,6,1,-37.41176470588235,9.416666666666666,-43.96000000000001,3,7,interaction_mid,0.2910004877325518,0.31564984466020246
1473483,2025,8,1,1,-37.41176470588235,9.464788732394366,-43.905000000000015,3,7,interaction_mid,0.29005761470426794,0.31193157262988697
1473483,2025,8,2,1,-37.41176470588235,9.514285714285714,-43.849999999999994,3,7,interaction_mid,0.28921927894371047,0.3111635559083701
1473483,2025,8,3,1,-37.41176470588235,9.565217391304348,-43.795,3,7,interaction_mid,0.2842759951305183,0.3066291466178928
1473483,2025,8,4,1,-37.41176470588235,9.617647058823529,-43.74000000000001,3,7,interaction_mid,0.2847938392122522,0.3071046259898128
1473483,2025,8,5,1,-37.41176470588235,9.671641791044776,-43.68499999999999,3,7,interaction_mid,0.28811783890720466,0.31015407672747586
1473483,2025,8,6,1,-37.41176470588235,9.727272727272727,-43.629999999999995,3,7,interaction_mid,0.2881496926985547,0.31018327784058397
1473483,2025,9,1,1,-37.41176470588235,9.692307692307693,-42.575,3,7,interaction_mid,0.3045178327927126,0.3351806318959336
1473483,2025,9,2,1,-37.41176470588235,9.75,-42.52000000000001,3,7,interaction_mid,0.29914993917487165,0.33037407027142973
1473483,2025,9,3,1,-37.41176470588235,9.904761904761905,-43.465,3,7,interaction_mid,0.28145748326353603,0.3144300345849574
1473483,2025,9,4,1,-37.41176470588235,10.064516129032258,-44.41,3,7,interaction_mid,0.2720277216586453,0.30586366096678325
1473483,2025,9,5,1,-37.41176470588235,9.836065573770492,-41.35500000000002,3,7,interaction_mid,0.30895881752013454,0.3391470001479912
1473483,2025,9,6,1,-37.41176470588235,9.899999999999999,-41.3,3,7,interaction_mid,0.30565184155375286,0.3361943134991825
1473483,2025,10,1,1,-37.41176470588235,9.966101694915254,-41.245000000000005,3,7,interaction_mid,0.30582332013801594,0.3311963383965769
1473483,2025,10,2,1,-37.41176470588235,9.517241379310345,-36.19,3,7,interaction_mid,0.36859373538879825,0.3889109481112949
1473483,2025,10,3,1,-37.41176470588235,9.68421052631579,-37.13499999999999,3,7,interaction_mid,0.36288908170179746,0.3837142106222079
1473483,2025,10,4,1,-37.41176470588235,9.75,-37.08,3,7,interaction_mid,0.3651777159411298,0.3858000875150446
1473483,2025,10,5,1,-37.41176470588235,9.927272727272728,-38.025000000000006,3,7,interaction_mid,0.36328909344493027,0.3840788831039663
1473483,2025,10,6,1,-37.41176470588235,10.0,-37.97000000000001,3,7,interaction_mid,0.3609760597890578,0.3819696098065042
1473483,2025,11,1,1,-37.41176470588235,9.962264150943398,-36.915000000000006,3,7,interaction_mid,0.3712370086051503,0.39133901887348865
1473483,2025,11,2,1,-37.41176470588235,10.038461538461538,-36.86,3,7,interaction_mid,0.3708528768675673,0.390982182892996
1473483,2025,11,3,1,-37.41176470588235,10.117647058823529,-36.80500000000001,3,7,interaction_mid,0.36164569638714666,0.38241852932811327
1473483,2025,11,4,1,-37.41176470588235,10.2,-36.749999999999986,3,7,interaction_mid,0.3586928410919893,0.37966758362000574
1473483,2025,11,5,1,-37.41176470588235,10.408163265306122,-37.69499999999999,3,7,interaction_mid,0.34478974629084463,0.36668428524583047
1473483,2025,11,6,1,-37.41176470588235,10.625,-38.64,3,7,interaction_mid,0.33839684417171445,0.36069639849488283
1473483,2025,12,1,1,-37.41176470588235,10.72340425531915,-38.584999999999994,3,7,interaction_mid,0.32660348054440214,0.34664158823012586
1473483,2025,12,2,1,-37.41176470588235,10.956521739130434,-39.53,3,7,interaction_mid,0.30582245103909955,0.3270118640541732
1473483,2025,12,3,1,-37.41176470588235,10.4,-34.47500000000001,3,7,interaction_mid,0.3712030360694028,0.38837484256385857
1473483,2025,12,4,1,-37.41176470588235,9.818181818181818,-29.420000000000016,3,7,interaction_mid,0.4699212217119439,0.47941280018719135
1473483,2025,12,5,1,-37.41176470588235,10.046511627906977,-30.36500000000001,3,7,interaction_mid,0.42388976858621685,0.4371371613977091
1473483,2025,12,6,1,-37.41176470588235,10.0,-29.310000000000002,3,7,interaction_mid,0.46533636597281247,0.4752118827489394
1473483,2025,13,1,1,-37.41176470588235,9.951219512195122,-28.25500000000001,3,7,interaction_mid,0.4783329510653729,0.47941591139597733
1473483,2025,13,2,1,-37.41176470588235,10.05,-28.200000000000003,3,7,interaction_mid,0.46848864623421393,0.47010005116997233
1473483,2025,13,3,1,-37.41176470588235,9.384615384615385,-23.144999999999996,3,7,interaction_mid,0.5674311005931063,0.563750717529904
1473483,2025,13,4,1,-37.41176470588235,9.473684210526315,-23.090000000000003,3,7,interaction_mid,0.5628633986691174,0.5594214969151144
1473483,2025,13,5,1,-37.41176470588235,9.567567567567567,-23.034999999999997,3,7,interaction_mid,0.5605318991039392,0.557212142563797
1473483,2025,13,6,1,-37.41176470588235,9.666666666666668,-22.980000000000004,3,7,interaction_mid,0.5522129349953755,0.5493311123808413
1473483,2025,14,1,1,-37.41176470588235,9.771428571428572,-22.92500000000001,3,7,interaction_mid,0.5766326513880409,0.5736280699650491
1473483,2025,14,2,1,-37.41176470588235,9.882352941176471,-22.870000000000005,3,7,interaction_mid,0.568426448255587,0.5657786496044376
1473483,2025,14,3,1,-37.41176470588235,10.0,-22.814999999999998,3,7,interaction_mid,0.5590525864505793,0.5568159196738782
1473483,2025,14,4,1,-37.41176470588235,10.125,-22.75999999999999,3,7,interaction_mid,0.5518958370712583,0.5499752919720464
1473483,2025,14,5,1,-37.41176470588235,10.451612903225806,-23.704999999999984,3,7,interaction_mid,0.5079961827464593,0.508041488756605
1473483,2025,14,6,1,-37.41176470588235,10.6,-23.650000000000006,3,7,interaction_mid,0.5062536204583972,0.5063774331283051
1473483,2025,14,7,1,-37.41176470588235,10.137931034482758,-20.595,3,7,interaction_mid,0.5737710176882524,0.5708904932026334
1473483,2025,15,1,1,-37.41176470588235,9.931034482758621,-19.595,3,7,interaction_mid,0.5885874672515321,0.5870002183381251
1473483,2025,15,2,1,-37.41176470588235,10.071428571428571,-19.539999999999992,3,7,interaction_mid,0.5725638725340569,0.5716512359492104
1473483,2025,15,3,1,-37.41176470588235,9.555555555555555,-16.485000000000014,3,7,interaction_mid,0.6242804051929896,0.621233551959019
1473483,2025,15,4,1,-37.41176470588235,9.461538461538462,-15.430000000000007,3,7,interaction_mid,0.6614855764208705,0.6570096150674625
1473483,2025,15,5,1,-37.41176470588235,9.600000000000001,-15.375,3,7,interaction_mid,0.6568790482341345,0.6525736239659269
1473483,2025,15,6,1,-37.41176470588235,9.5,-14.319999999999993,3,7,interaction_mid,0.6687831791252279,0.6640412767284268
1473484,2025,7,1,1,30.0,9.272727272727273,16.10833333333335,0,10,interaction_mid,0.8773377912578852,0.84256054765946
1473484,2025,7,2,1,30.0,9.078947368421051,18.36666666666666,0,10,interaction_mid,0.8912342301547769,0.8574180501710125
1473484,2025,7,3,1,30.0,8.879999999999999,20.625,0,10,interaction_mid,0.9089218648292081,0.8768663165516472
1473484,2025,7,4,1,30.0,8.837837837837839,20.88333333333334,0,10,interaction_mid,0.9058157883520908,0.8734027266068924
1473484,2025,7,5,1,30.0,8.876712328767123,20.14166666666665,0,10,interaction_mid,0.907484807350021,0.8752611258089196
1473484,2025,7,6,1,30.0,8.5,24.39999999999999,0,10,interaction_mid,0.9339583039161177,0.9056870180222147
1473484,2025,8,1,1,30.0,8.535211267605634,23.65833333333333,0,10,interaction_mid,0.9289637419428076,0.9050638879088343
1473484,2025,8,2,1,30.0,8.657142857142857,21.91666666666667,0,10,interaction_mid,0.9197493275439435,0.8946230411823796
1473484,2025,8,3,1,30.0,8.434782608695652,24.174999999999997,0,10,interaction_mid,0.9357898719722211,0.9129358145960224
1473484,2025,8,4,1,30.0,8.470588235294118,23.433333333333337,0,10,interaction_mid,0.9333813213991522,0.9101439819627983
1473484,2025,8,5,1,30.0,8.597014925373134,21.691666666666663,0,10,interaction_mid,0.9252038577305708,0.90077919355764
1473484,2025,8,6,1,30.0,8.727272727272727,19.950000000000003,0,10,interaction_mid,0.9163980850838773,0.8908737959145064
1473484,2025,9,1,1,30.0,8.307692307692307,24.20833333333333,0,10,interaction_mid,0.94156583755423,0.915228718352848
1473484,2025,9,2,1,30.0,8.0625,26.46666666666667,0,10,interaction_mid,0.9522677819924565,0.9282915077775598
1473484,2025,9,3,1,30.0,7.619047619047619,30.72500000000001,0,10,interaction_mid,0.9704409501787948,0.9518484540561467
1473484,2025,9,4,1,30.0,7.35483870967742,32.98333333333335,0,10,interaction_mid,0.9749991119006705,0.9581279383629954
1473484,2025,9,5,1,30.0,7.081967213114754,35.24166666666666,0,10,interaction_mid,0.9790662584335458,0.9639031728204576
1473484,2025,9,6,1,30.0,6.6000000000000005,39.5,0,10,interaction_mid,0.9821664695826005,0.9684365831642212
1473484,2025,10,1,1,30.0,6.610169491525424,38.75833333333334,0,10,interaction_mid,0.9857542360388877,0.9782157465508953
1473484,2025,10,2,1,30.0,6.1034482758620685,43.01666666666668,0,10,interaction_mid,0.9874670263940062,0.9805500791892147
1473484,2025,10,3,1,30.0,6.105263157894737,42.27499999999999,0,10,interaction_mid,0.9880834451727253,0.9813993394232453
1473484,2025,10,4,1,30.0,6.214285714285715,40.53333333333333,0,10,interaction_mid,0.9882728491450505,0.9816613310081485
1473484,2025,10,5,1,30.0,6.1090909090909085,40.79166666666666,0,10,interaction_mid,0.9882725931024952,0.9816609765001907
1473484,2025,10,6,1,30.0,6.111111111111112,40.05,0,10,interaction_mid,0.9881166128113085,0.981445182192663
1473484,2025,11,1,1,30.0,5.773584905660377,42.30833333333334,0,10,interaction_mid,0.9886315024776555,0.9837423878631216
1473484,2025,11,2,1,30.0,5.1923076923076925,46.56666666666666,0,10,interaction_mid,0.9894596430511226,0.9848190129019146
1473484,2025,11,3,1,30.0,5.176470588235294,45.825,0,10,interaction_mid,0.989859969040752,0.9853423795802893
1473484,2025,11,4,1,30.0,5.28,44.08333333333334,0,10,interaction_mid,0.9902565841381765,0.9858628774996113
1473484,2025,11,5,1,30.0,5.387755102040816,33.807499999999976,1,9,interaction_mid,0.9906919481060517,0.9864366001953094
1473484,2025,11,6,1,30.0,5.0,36.24000000000001,1,9,interaction_mid,0.9856344060628671,0.9799061282537873
1473484,2025,12,1,1,30.0,5.1063829787234045,34.672500000000014,1,9,interaction_mid,0.9893480863274479,0.9847936130343932
1473484,2025,12,2,1,30.0,5.086956521739131,34.10499999999999,1,9,interaction_mid,0.9899196369350309,0.9855380762487695
1473484,2025,12,3,1,30.0,5.2,24.700000000000017,2,8,interaction_mid,0.9873989104288894,0.9822815418944421
1473484,2025,12,4,1,30.0,5.045454545454546,25.306666666666672,2,8,interaction_mid,0.9870893661985556,0.981886107193727
1473484,2025,12,5,1,30.0,5.023255813953488,24.913333333333327,2,8,interaction_mid,0.9885197429148763,0.9837212098615892
1473484,2025,12,6,1,30.0,5.142857142857142,23.52000000000001,2,8,interaction_mid,0.9897666119938053,0.985338380136755
1473484,2025,13,1,1,30.0,4.975609756097561,24.126666666666694,2,8,interaction_mid,0.9897362870711771,0.9869006106323301
1473484,2025,13,2,1,30.0,4.800000000000001,24.73333333333332,2,8,interaction_mid,0.9903154888418131,0.9875991310899883
1473484,2025,13,3,1,30.0,4.923076923076923,23.340000000000003,2,8,interaction_mid,0.9912119794751518,0.9886851983757581
1473484,2025,13,4,1,30.0,4.894736842105263,22.946666666666687,2,8,interaction_mid,0.990864139447525,0.9882630677098543
1473484,2025,13,5,1,30.0,4.54054054054054,24.55333333333334,2,8,interaction_mid,0.9915524356124231,0.9890993123762954
1473484,2025,13,6,1,30.0,4.5,24.159999999999997,2,8,interaction_mid,0.9914395827383942,0.9889619379246455
1473484,2025,14,1,1,30.0,3.942857142857143,26.76666666666668,2,8,interaction_mid,0.9914632447918141,0.989462582199345
1473484,2025,14,2,1,30.0,4.0588235294117645,25.373333333333335,2,8,interaction_mid,0.9918510880618009,0.9899193418341063
1473484,2025,14,3,1,30.0,3.090909090909091,29.97999999999999,2,8,interaction_mid,0.9923612418188469,0.9905217583094884
1473484,2025,14,4,1,30.0,2.8125,30.586666666666673,2,8,interaction_mid,0.9925462280881479,0.9907406735577277
1473484,2025,14,5,1,30.0,2.903225806451613,29.193333333333328,2,8,interaction_mid,0.9928244016446488,0.9910703631479248
1473484,2025,14,6,1,30.0,2.1999999999999997,31.799999999999983,2,8,interaction_mid,0.9932372473366478,0.9915608071437106
1473484,2025,15,1,1,30.0,2.0689655172413794,31.406666666666666,2,8,interaction_mid,0.9934168070595135,0.9919200282254594
1473484,2025,15,2,1,30.0,1.9285714285714288,31.01333333333332,2,8,interaction_mid,0.9934958310349822,0.9920127445116524
1473484,2025,15,3,1,30.0,1.1111111111111112,33.620000000000005,2,8,interaction_mid,0.9936351536899463,0.9921763324879472
1473484,2025,15,4,1,30.0,0.9230769230769231,33.22666666666666,2,8,interaction_mid,0.9936472260086614,0.992190515010486
1473484,2025,15,5,1,30.0,-0.48,37.83333333333334,2,8,interaction_mid,0.9909435007378238,0.9890411359996065
1473485,2025,7,1,0,6.666666666666657,11.064935064935064,-49.36999999999999,3,7,interaction_mid,0.09931721856802318,0.1299852075829329
1473485,2025,7,2,0,6.666666666666657,11.210526315789474,-50.56,3,7,interaction_mid,0.09250002666209509,0.12254509081888196
1473485,2025,7,3,0,6.666666666666657,10.879999999999999,-45.75,3,7,interaction_mid,0.12183854141642708,0.15393315263897278
1473485,2025,7,4,0,6.666666666666657,10.945945945945946,-45.94,3,7,interaction_mid,0.11890396337203231,0.1508625303035308
1473485,2025,7,5,0,6.666666666666657,11.095890410958905,-47.13000000000001,3,7,interaction_mid,0.12230181814613551,0.15441664667399227
1473485,2025,7,6,0,6.666666666666657,11.166666666666668,-47.32000000000002,3,7,interaction_mid,0.1193562352199859,0.15133667633317718
1473485,2025,8,1,0,6.666666666666657,11.23943661971831,-47.51000000000002,3,7,interaction_mid,0.11904146335230342,0.1463601671306381
1473485,2025,8,2,0,6.666666666666657,11.314285714285713,-47.7,3,7,interaction_mid,0.11325741077795133,0.14028055243672713
1473485,2025,8,3,0,6.666666666666657,11.130434782608695,-44.89,3,7,interaction_mid,0.14605442814950848,0.17417114015014717
1473485,2025,8,4,0,6.666666666666657,10.941176470588236,-42.08000000000001,3,7,interaction_mid,0.15320563225611,0.18139113184685834
1473485,2025,8,5,0,6.666666666666657,11.104477611940299,-43.269999999999996,3,7,interaction_mid,0.1519188021995742,0.18009592345726683
1473485,2025,8,6,0,6.666666666666657,10.727272727272727,-38.459999999999994,3,7,interaction_mid,0.1897399004014453,0.21750908421270118
1473485,2025,9,1,0,6.666666666666657,10.8,-38.650000000000006,3,7,interaction_mid,0.18072903085442804,0.21969655589355133
1473485,2025,9,2,0,6.666666666666657,10.875,-38.84,3,7,interaction_mid,0.18294699872731612,0.22187623021901187
1473485,2025,9,3,0,6.666666666666657,10.952380952380953,-39.03,3,7,interaction_mid,0.1709673104980151,0.21003916948382426
1473485,2025,9,4,0,6.666666666666657,11.032258064516128,-39.22,3,7,interaction_mid,0.18088442038222666,0.21984943423446618
1473485,2025,9,5,0,6.666666666666657,11.213114754098362,-40.410000000000025,3,7,interaction_mid,0.16362057891902604,0.20269848562066647
1473485,2025,9,6,0,6.666666666666657,10.8,-35.599999999999994,3,7,interaction_mid,0.20823325467036935,0.2463770012595433
1473485,2025,10,1,0,6.666666666666657,10.881355932203391,-35.79000000000002,3,7,interaction_mid,0.2162068332146929,0.2459914876913833
1473485,2025,10,2,0,6.666666666666657,10.655172413793103,-32.97999999999999,3,7,interaction_mid,0.24779698102847683,0.27650231389492563
1473485,2025,10,3,0,6.666666666666657,10.842105263157896,-34.16999999999999,3,7,interaction_mid,0.22928736702325103,0.25869808010292433
1473485,2025,10,4,0,6.666666666666657,10.928571428571429,-34.360000000000014,3,7,interaction_mid,0.22558791415123305,0.2551153275460537
1473485,2025,10,5,0,6.666666666666657,10.690909090909091,-31.55000000000001,3,7,interaction_mid,0.26981719633950046,0.2974420337328928
1473485,2025,10,6,0,6.666666666666657,10.777777777777779,-31.74000000000001,3,7,interaction_mid,0.2648980353475262,0.2927854033245664
1473485,2025,11,1,0,6.666666666666657,10.754716981132075,-30.930000000000007,3,7,interaction_mid,0.2743592926822991,0.29997789605522057
1473485,2025,11,2,0,6.666666666666657,10.5,-28.120000000000005,3,7,interaction_mid,0.3048486436950591,0.329067420693281
1473485,2025,11,3,0,6.666666666666657,10.588235294117647,-28.310000000000002,3,7,interaction_mid,0.3057529134869379,0.3299248566382706
1473485,2025,11,4,0,6.666666666666657,10.8,-29.49999999999997,3,7,interaction_mid,0.31287796241147897,0.33667092837314394
1473485,2025,11,5,0,6.666666666666657,10.89795918367347,-29.689999999999998,3,7,interaction_mid,0.3063582917174449,0.33049872014517606
1473485,2025,11,6,0,6.666666666666657,11.0,-29.879999999999995,3,7,interaction_mid,0.27678240708812935,0.3023032070104326
1473485,2025,11,7,0,6.666666666666657,11.23404255319149,-31.069999999999993,3,7,interaction_mid,0.26352272266127275,0.28954804871358997
1473485,2025,11,8,0,6.666666666666657,10.956521739130434,-28.25999999999999,3,7,interaction_mid,0.30344195865846435,0.3277330145604455
1473485,2025,12,1,0,6.666666666666657,10.595744680851064,-26.069999999999993,3,7,interaction_mid,0.32598456608492044,0.3460588137243053
1473485,2025,12,2,0,6.666666666666657,10.695652173913043,-26.25999999999999,3,7,interaction_mid,0.31625322633954095,0.33688108295299923
1473485,2025,12,3,0,6.666666666666657,10.8,-26.450000000000017,3,7,interaction_mid,0.3218945177751355,0.34220482808268354
1473485,2025,12,4,0,6.666666666666657,11.045454545454545,-27.640000000000015,3,7,interaction_mid,0.297435351271105,0.3190510157178779
1473485,2025,12,5,0,6.666666666666657,11.162790697674419,-27.830000000000013,3,7,interaction_mid,0.28452662422631647,0.3067514955994483
1473485,2025,12,6,0,6.666666666666657,10.857142857142858,-25.02000000000001,3,7,interaction_mid,0.3236984484523647,0.34390523807763707
1473485,2025,12,7,0,6.666666666666657,10.975609756097562,-25.210000000000008,3,7,interaction_mid,0.32416901876249105,0.3443486490106684
1473485,2025,13,1,0,6.666666666666657,10.097560975609756,-19.210000000000008,3,7,interaction_mid,0.4493807944851898,0.45201044489081676
1473485,2025,13,2,0,6.666666666666657,10.350000000000001,-27.200000000000017,4,6,interaction_mid,0.29293246847728693,0.3028032324876133
1473485,2025,13,3,0,6.666666666666657,10.615384615384615,-28.22,4,6,interaction_mid,0.28727360579959527,0.29734342067786
1473485,2025,13,4,0,6.666666666666657,10.736842105263158,-28.24000000000001,4,6,interaction_mid,0.276510931999451,0.28694162766300046
1473485,2025,13,5,0,6.666666666666657,10.864864864864865,-28.25999999999999,4,6,interaction_mid,0.28887153018108735,0.29888577066692223
1473485,2025,13,6,0,6.666666666666657,11.166666666666668,-35.400000000000006,5,5,interaction_mid,0.16764501742999185,0.18000677500202497
1473485,2025,14,1,0,6.666666666666657,11.314285714285713,-35.25,5,5,interaction_mid,0.1834548038792003,0.1939992982684229
1473485,2025,14,2,0,6.666666666666657,11.470588235294118,-35.10000000000002,5,5,interaction_mid,0.16451978106460297,0.1750643298091608
1473485,2025,14,3,0,6.666666666666657,11.818181818181818,-35.95000000000002,5,5,interaction_mid,0.16499531642046653,0.175541408551952
1473485,2025,14,4,0,6.666666666666657,12.0,-35.80000000000001,5,5,interaction_mid,0.1643676426112855,0.1749116800384812
1473485,2025,14,5,0,6.666666666666657,12.387096774193548,-36.650000000000006,5,5,interaction_mid,0.1527631022802004,0.16324235025428432
1473485,2025,14,6,0,6.666666666666657,12.600000000000001,-36.5,5,5,interaction_mid,0.15579659003469484,0.16629779033886077
1473485,2025,14,7,0,6.666666666666657,12.206896551724137,-33.349999999999994,5,5,interaction_mid,0.16984949754666162,0.18040665142762385
1473485,2025,15,1,0,6.666666666666657,12.206896551724137,-33.349999999999994,5,5,interaction_mid,0.2001034910340279,0.21125123548521837
1473485,2025,15,2,0,6.666666666666657,12.642857142857142,-38.95999999999998,6,4,interaction_mid,0.07284582969019471,0.08122269621506188
1473485,2025,15,3,0,6.666666666666657,13.11111111111111,-39.640000000000015,6,4,interaction_mid,0.0630380550145414,0.07080925655513773
1473485,2025,15,4,0,6.666666666666657,13.615384615384615,-40.31999999999999,6,4,interaction_mid,0.057051299837318034,0.06440884148221833
1473485,2025,15,5,0,6.666666666666657,13.919999999999998,-40.0,6,4,interaction_mid,0.0630192225624862,0.07078917763575121
1473485,2025,15,6,0,6.666666666666657,14.25,-39.67999999999998,6,4,interaction_mid,0.05764996916359448,0.0650504929796169
1473486,2025,7,1,1,26.28125,10.441558441558442,-23.27499999999999,1,9,interaction_mid,0.5776412900775111,0.5642656192775171
1473486,2025,7,2,1,26.28125,10.263157894736842,-20.700000000000003,1,9,interaction_mid,0.6488871532961122,0.6263757094200371
1473486,2025,7,3,1,26.28125,10.32,-21.125,1,9,interaction_mid,0.641783904840539,0.620125450723335
1473486,2025,7,4,1,26.28125,10.378378378378379,-21.549999999999997,1,9,interaction_mid,0.639982349783045,0.6185426446443644
1473486,2025,7,5,1,26.28125,10.438356164383562,-21.97500000000001,1,9,interaction_mid,0.6337289137829755,0.6130557849627432
1473486,2025,7,6,1,26.28125,10.25,-19.39999999999999,1,9,interaction_mid,0.6629717187658254,0.6388165242877796
1473486,2025,8,1,1,26.28125,10.394366197183098,-20.825000000000003,1,9,interaction_mid,0.6522486333214808,0.6337233813903078
1473486,2025,8,2,1,26.28125,10.457142857142857,-21.25,1,9,interaction_mid,0.6511104215304235,0.632699936457554
1473486,2025,8,3,1,26.28125,10.26086956521739,-18.67500000000001,1,9,interaction_mid,0.6877944754797376,0.6658810721425725
1473486,2025,8,4,1,26.28125,9.882352941176471,-14.099999999999994,1,9,interaction_mid,0.7391631779203993,0.713182615118716
1473486,2025,8,5,1,26.28125,9.940298507462686,-14.524999999999991,1,9,interaction_mid,0.7376541543324013,0.7117762198364754
1473486,2025,8,6,1,26.28125,10.0,-14.949999999999974,1,9,interaction_mid,0.7355964854053787,0.7098603114198591
1473486,2025,9,1,1,26.28125,10.153846153846153,-16.374999999999986,1,9,interaction_mid,0.7266124523222709,0.7000868972835671
1473486,2025,9,2,1,26.28125,10.21875,-16.799999999999997,1,9,interaction_mid,0.7158565440996244,0.690454297859327
1473486,2025,9,3,1,26.28125,10.380952380952381,-18.224999999999994,1,9,interaction_mid,0.7177626327937423,0.692157200205054
1473486,2025,9,4,1,26.28125,10.451612903225806,-18.64999999999999,1,9,interaction_mid,0.7163536591054138,0.6908982541094386
1473486,2025,9,5,1,26.28125,10.22950819672131,-16.075000000000003,1,9,interaction_mid,0.7374260986463077,0.7098309057919898
1473486,2025,9,6,1,26.28125,10.299999999999999,-16.500000000000014,1,9,interaction_mid,0.7247713012383553,0.6984339526331685
1473486,2025,10,1,1,26.28125,10.372881355932204,-16.924999999999997,1,9,interaction_mid,0.7191115275147628,0.7038752710015777
1473486,2025,10,2,1,26.28125,10.448275862068966,-17.349999999999994,1,9,interaction_mid,0.7166244106207219,0.701588661780169
1473486,2025,10,3,1,26.28125,10.0,-12.775000000000006,1,9,interaction_mid,0.75955393211384,0.7413820227298014
1473486,2025,10,4,1,26.28125,10.178571428571429,-14.199999999999989,1,9,interaction_mid,0.754491276041408,0.7366501974524883
1473486,2025,10,5,1,26.28125,10.254545454545454,-14.625,1,9,interaction_mid,0.7548605667518666,0.7369949706984281
1473486,2025,10,6,1,26.28125,10.333333333333334,-15.049999999999997,1,9,interaction_mid,0.7485337900059088,0.7310963977044166
1473486,2025,10,7,1,26.28125,10.075471698113208,-12.475000000000009,1,9,interaction_mid,0.7638051336897249,0.7453644104238977
1473486,2025,11,1,1,26.28125,9.962264150943398,-11.475000000000009,1,9,interaction_mid,0.7658678608946374,0.7533858670757405
1473486,2025,11,2,1,26.28125,10.153846153846153,-12.899999999999991,1,9,interaction_mid,0.7592652966275788,0.747166367228259
1473486,2025,11,3,1,26.28125,10.235294117647058,-13.324999999999989,1,9,interaction_mid,0.7528226413314261,0.7411123339332523
1473486,2025,11,4,1,26.28125,10.32,-13.75,1,9,interaction_mid,0.7435164107205379,0.732391936328294
1473486,2025,11,5,1,26.28125,10.408163265306122,-14.175000000000011,1,9,interaction_mid,0.7467088307426208,0.735380232386551
1473486,2025,11,6,1,26.28125,10.5,-14.59999999999998,1,9,interaction_mid,0.7447492617949343,0.7335455754778807
1473486,2025,12,1,1,26.28125,10.72340425531915,-16.02499999999999,1,9,interaction_mid,0.7278363326380061,0.7164893810980353
1473486,2025,12,2,1,26.28125,10.826086956521738,-16.450000000000003,1,9,interaction_mid,0.7104767698257914,0.7002544310694996
1473486,2025,12,3,1,26.28125,10.933333333333334,-16.875,1,9,interaction_mid,0.7104773153982468,0.7002549400681662
1473486,2025,12,4,1,26.28125,10.363636363636363,-12.300000000000011,1,9,interaction_mid,0.7617168113463328,0.7484313915920111
1473486,2025,12,5,1,26.28125,10.465116279069768,-12.724999999999994,1,9,interaction_mid,0.7595660477892856,0.7463923506933975
1473486,2025,12,6,1,26.28125,10.714285714285715,-20.799999999999983,2,8,interaction_mid,0.6824596297557839,0.6742062177524868
1473486,2025,13,1,1,26.28125,10.829268292682928,-21.066666666666663,2,8,interaction_mid,0.7236522903643438,0.7130776259996866
1473486,2025,13,2,1,26.28125,10.95,-21.333333333333343,2,8,interaction_mid,0.6929461455945509,0.6834516490132376
1473486,2025,13,3,1,26.28125,10.307692307692307,-16.599999999999994,2,8,interaction_mid,0.764981101945809,0.7532789048700457
1473486,2025,13,4,1,26.28125,10.263157894736842,-15.866666666666646,2,8,interaction_mid,0.7820510785292152,0.7700144080191001
1473486,2025,13,5,1,26.28125,9.891891891891891,-13.133333333333326,2,8,interaction_mid,0.800517663836382,0.7882202491775053
1473486,2025,13,6,1,26.28125,10.0,-13.400000000000006,2,8,interaction_mid,0.8067713603648765,0.794411636924703
1473486,2025,14,1,1,26.28125,10.114285714285714,-13.666666666666657,2,8,interaction_mid,0.8002441094075735,0.7903314722269028
1473486,2025,14,2,1,26.28125,9.705882352941178,-10.933333333333337,2,8,interaction_mid,0.8254665767016001,0.8153955475892753
1473486,2025,14,3,1,26.28125,10.0,-17.42500000000001,3,7,interaction_mid,0.7310815406613114,0.722457774166564
1473486,2025,14,4,1,26.28125,10.3125,-18.53333333333333,3,7,interaction_mid,0.7230521940674833,0.714643447032149
1473486,2025,14,5,1,26.28125,10.451612903225806,-18.64166666666665,3,7,interaction_mid,0.721644532440612,0.71327466426909
1473486,2025,14,6,1,26.28125,10.4,-17.75,3,7,interaction_mid,0.7568495187097684,0.7476192612432804
1473486,2025,15,1,1,26.28125,9.517241379310345,-12.85833333333332,3,7,interaction_mid,0.8133522855026818,0.8049640425958995
1473486,2025,15,2,1,26.28125,9.857142857142858,-13.966666666666669,3,7,interaction_mid,0.8102546429236974,0.8018993153099656
1473486,2025,15,3,1,26.28125,10.0,-14.075000000000017,3,7,interaction_mid,0.8086086339730625,0.8002718703529152
1473486,2025,15,4,1,26.28125,10.153846153846153,-14.183333333333337,3,7,interaction_mid,0.8102592107312643,0.8019038326303704
1473486,2025,15,5,1,26.28125,10.08,-13.291666666666657,3,7,interaction_mid,0.8046999247675102,0.7964101716898929
1473486,2025,15,6,1,26.28125,10.25,-13.400000000000006,3,7,interaction_mid,0.804454752696701,0.7961680838569141
1473487,2025,7,1,0,35.69230769230768,12.0,-97.30333333333331,6,4,interaction_mid,0.01013480373656563,0.019084872035638984
1473487,2025,7,2,0,35.69230769230768,12.157894736842104,-98.02666666666664,6,4,interaction_mid,0.01022416272440538,0.01922779256534986
1473487,2025,7,3,0,35.69230769230768,12.32,-98.75,6,4,interaction_mid,0.009602194377503127,0.01822886044440377
1473487,2025,7,4,0,35.69230769230768,12.486486486486488,-99.47333333333333,6,4,interaction_mid,0.009178665548878919,0.017542877595063556
1473487,2025,7,5,0,35.69230769230768,12.575342465753424,-99.19666666666669,6,4,interaction_mid,0.008926593462313667,0.017132271312557217
1473487,2025,7,6,0,35.69230769230768,12.666666666666668,-98.92000000000002,6,4,interaction_mid,0.008768602873134692,0.01687400045842015
1473487,2025,8,1,0,35.69230769230768,12.760563380281688,-98.64333333333332,6,4,interaction_mid,0.008418218392042088,0.014841161024292789
1473487,2025,8,2,0,35.69230769230768,12.857142857142858,-98.36666666666665,6,4,interaction_mid,0.0083667490151455,0.014761903718621204
1473487,2025,8,3,0,35.69230769230768,12.521739130434781,-93.09,6,4,interaction_mid,0.009782592286535368,0.016920116851648882
1473487,2025,8,4,0,35.69230769230768,12.617647058823529,-92.81333333333333,6,4,interaction_mid,0.009797578368149523,0.01694272898900901
1473487,2025,8,5,0,35.69230769230768,12.71641791044776,-92.53666666666666,6,4,interaction_mid,0.0094021958601278,0.016344585812143774
1473487,2025,8,6,0,35.69230769230768,12.909090909090908,-105.195,7,3,interaction_mid,0.006465500521453887,0.011785168970063343
1473487,2025,9,1,0,35.69230769230768,13.107692307692307,-105.73750000000001,7,3,interaction_mid,0.006324887239706093,0.013647003315055042
1473487,2025,9,2,0,35.69230769230768,13.3125,-106.28,7,3,interaction_mid,0.006290582672297777,0.013584537112111472
1473487,2025,9,3,0,35.69230769230768,13.142857142857144,-102.82250000000002,7,3,interaction_mid,0.006200738363278374,0.013420674926422679
1473487,2025,9,4,0,35.69230769230768,13.258064516129032,-102.36499999999998,7,3,interaction_mid,0.006265216614265384,0.013538311884868029
1473487,2025,9,5,0,35.69230769230768,13.475409836065573,-102.9075,7,3,interaction_mid,0.006065318521871624,0.013172962188740622
1473487,2025,9,6,0,35.69230769230768,13.6,-102.44999999999999,7,3,interaction_mid,0.005989974274599456,0.013034755142516083
1473487,2025,10,1,0,35.69230769230768,13.830508474576272,-102.9925,7,3,interaction_mid,0.005969794127771953,0.010650086191707018
1473487,2025,10,2,0,35.69230769230768,14.068965517241377,-103.535,7,3,interaction_mid,0.005937977886561759,0.010599715005466475
1473487,2025,10,3,0,35.69230769230768,14.315789473684209,-104.07750000000001,7,3,interaction_mid,0.005626677898028275,0.010105181873534447
1473487,2025,10,4,0,35.69230769230768,14.142857142857142,-100.62,7,3,interaction_mid,0.006062101008635907,0.010796049490362601
1473487,2025,10,5,0,35.69230769230768,14.399999999999999,-101.16250000000002,7,3,interaction_mid,0.005659458654266672,0.01015740446019171
1473487,2025,10,6,0,35.69230769230768,14.555555555555557,-100.70499999999998,7,3,interaction_mid,0.0055663525287958215,0.010008985860723428
1473487,2025,11,1,0,35.69230769230768,14.830188679245284,-110.83166666666665,8,2,interaction_mid,0.004505698546331945,0.0075722577986413395
1473487,2025,11,2,0,35.69230769230768,15.115384615384615,-111.19333333333333,8,2,interaction_mid,0.0034193329607090576,0.005894634429057516
1473487,2025,11,3,0,35.69230769230768,15.176470588235293,-109.555,8,2,interaction_mid,0.004419007923567932,0.007439923839228661
1473487,2025,11,4,0,35.69230769230768,15.24,-107.91666666666666,8,2,interaction_mid,0.004381592964962178,0.007382733751690323
1473487,2025,11,5,0,35.69230769230768,15.551020408163264,-117.13916666666668,9,1,interaction_mid,0.003341682160931689,0.005772952860197842
1473487,2025,11,6,0,35.69230769230768,15.875,-117.32,9,1,interaction_mid,0.0025392283669964143,0.004498551175421914
1473487,2025,12,1,0,35.69230769230768,16.212765957446805,-117.50083333333333,9,1,interaction_mid,0.002523302113279574,0.004323043339767873
1473487,2025,12,2,0,35.69230769230768,15.782608695652176,-111.68166666666667,9,1,interaction_mid,0.00253079923378948,0.004334764271630048
1473487,2025,12,3,0,35.69230769230768,15.333333333333332,-105.86250000000001,9,1,interaction_mid,0.004600040266032567,0.0074762215528857085
1473487,2025,12,4,0,35.69230769230768,15.681818181818183,-106.04333333333335,9,1,interaction_mid,0.004186460483528711,0.0068608533066360665
1473487,2025,12,5,0,35.69230769230768,15.906976744186046,-105.22416666666666,9,1,interaction_mid,0.003223780737833846,0.005405975045465899
1473487,2025,12,6,0,35.69230769230768,16.285714285714285,-105.405,9,1,interaction_mid,0.002498229376122047,0.004283822325573428
1473487,2025,13,1,0,35.69230769230768,16.68292682926829,-105.58583333333334,9,1,interaction_mid,0.0022778940991824517,0.003158685790039675
1473487,2025,13,2,0,35.69230769230768,16.950000000000003,-104.76666666666668,9,1,interaction_mid,0.0022535716253291394,0.003126796783822075
1473487,2025,13,3,0,35.69230769230768,17.23076923076923,-103.94750000000002,9,1,interaction_mid,0.0022381990909740848,0.0031066321355271327
1473487,2025,13,4,0,35.69230769230768,17.05263157894737,-100.12833333333333,9,1,interaction_mid,0.0022545451884631584,0.0031280735804460305
1473487,2025,13,5,0,35.69230769230768,17.351351351351354,-99.30916666666667,9,1,interaction_mid,0.0022542677848384892,0.003127709777663719
1473487,2025,13,6,0,35.69230769230768,17.833333333333336,-99.48999999999998,9,1,interaction_mid,0.002259399102748484,0.0031344388761646194
1473487,2025,14,1,0,35.69230769230768,18.17142857142857,-98.67083333333332,9,1,interaction_mid,0.0022585515327408073,0.0029742878154688655
1473487,2025,14,2,0,35.69230769230768,18.529411764705884,-97.85166666666666,9,1,interaction_mid,0.0022476962914956314,0.002960644785790066
1473487,2025,14,3,0,35.69230769230768,19.09090909090909,-98.0325,9,1,interaction_mid,0.0023717830332294393,0.003116420547418274
1473487,2025,14,4,0,35.69230769230768,19.6875,-98.21333333333334,9,1,interaction_mid,0.002370888802892608,0.003115299325415243
1473487,2025,14,5,0,35.69230769230768,20.322580645161292,-98.39416666666665,9,1,interaction_mid,0.0023946370498806463,0.0031450692029729
1473487,2025,14,6,0,35.69230769230768,21.0,-98.57499999999999,9,1,interaction_mid,0.002857502854401774,0.0037227221784338345
1473487,2025,15,1,0,35.69230769230768,21.724137931034484,-98.75583333333333,9,1,interaction_mid,0.003607507555942973,0.004627057242193582
1473487,2025,15,2,0,35.69230769230768,22.5,-98.93666666666667,9,1,interaction_mid,0.0037956530644654694,0.004857524237656637
1473487,2025,15,3,0,35.69230769230768,23.11111111111111,-98.1175,9,1,interaction_mid,0.004264954954860386,0.00543021594331789
1473487,2025,15,4,0,35.69230769230768,23.76923076923077,-97.29833333333332,9,1,interaction_mid,0.004264902326498676,0.005430151885258279
1473487,2025,15,5,0,35.69230769230768,24.48,-96.47916666666666,9,1,interaction_mid,0.004228719531987672,0.005386102566625812
1473487,2025,15,6,0,35.69230769230768,25.25,-95.66,9,1,interaction_mid,0.004026170662292713,0.005139200324863264
1473488,2025,7,1,0,42.678571428571416,12.545454545454545,-30.64,1,9,interaction_mid,0.1410107488620897,0.17367441210659887
1473488,2025,7,2,0,42.678571428571416,12.394736842105264,-28.320000000000007,1,9,interaction_mid,0.1576249184924763,0.19038279237932054
1473488,2025,7,3,0,42.678571428571416,12.400000000000002,-28.0,1,9,interaction_mid,0.16335787154426426,0.1960721131935319
1473488,2025,7,4,0,42.678571428571416,12.567567567567568,-29.679999999999993,1,9,interaction_mid,0.1547964525224136,0.18756201191255564
1473488,2025,7,5,0,42.678571428571416,12.493150684931507,-28.36,1,9,interaction_mid,0.17082072881216878,0.20342425648738285
1473488,2025,7,6,0,42.678571428571416,12.583333333333334,-29.039999999999992,1,9,interaction_mid,0.16355848220119573,0.19627053268997532
1473488,2025,8,1,0,42.678571428571416,12.676056338028168,-29.72,1,9,interaction_mid,0.16190125572997544,0.1900992907765123
1473488,2025,8,2,0,42.678571428571416,12.771428571428572,-30.39999999999999,1,9,interaction_mid,0.16069710807164073,0.18889788213558337
1473488,2025,8,3,0,42.678571428571416,12.956521739130434,-32.08000000000001,1,9,interaction_mid,0.14549599679001013,0.17360501460209798
1473488,2025,8,4,0,42.678571428571416,13.058823529411764,-32.75999999999999,1,9,interaction_mid,0.1413790813666474,0.16942064429897943
1473488,2025,8,5,0,42.678571428571416,13.164179104477611,-33.43999999999998,1,9,interaction_mid,0.13359261413210205,0.16145304292307508
1473488,2025,8,6,0,42.678571428571416,13.272727272727272,-34.119999999999976,1,9,interaction_mid,0.12332953729844331,0.1508369409083844
1473488,2025,8,7,0,42.678571428571416,13.384615384615385,-34.79999999999998,1,9,interaction_mid,0.11514309179753712,0.14226790821260088
1473488,2025,9,1,0,42.678571428571416,13.384615384615385,-34.79999999999998,1,9,interaction_mid,0.11368394840808137,0.1508126998314897
1473488,2025,9,2,0,42.678571428571416,13.40625,-34.480000000000004,1,9,interaction_mid,0.12409969590462001,0.161962673248725
1473488,2025,9,3,0,42.678571428571416,13.619047619047619,-47.91999999999999,2,8,interaction_mid,0.05739354138697355,0.08616254970093151
1473488,2025,9,4,0,42.678571428571416,13.741935483870968,-48.41333333333333,2,8,interaction_mid,0.06606971478842878,0.0967454297515673
1473488,2025,9,5,0,42.678571428571416,13.868852459016395,-48.90666666666664,2,8,interaction_mid,0.06896419970966614,0.10021432991151268
1473488,2025,9,6,0,42.678571428571416,14.0,-49.400000000000006,2,8,interaction_mid,0.061952002807337106,0.09175878802674198
1473488,2025,10,1,0,42.678571428571416,14.23728813559322,-50.893333333333345,2,8,interaction_mid,0.057905981145197696,0.07882820928745247
1473488,2025,10,2,0,42.678571428571416,14.379310344827587,-51.386666666666656,2,8,interaction_mid,0.05395502903547364,0.07411731362834206
1473488,2025,10,3,0,42.678571428571416,14.0,-46.879999999999995,2,8,interaction_mid,0.0913397044488937,0.11712770912380667
1473488,2025,10,4,0,42.678571428571416,14.142857142857142,-47.373333333333335,2,8,interaction_mid,0.0870240323092184,0.1123177203966079
1473488,2025,10,5,0,42.678571428571416,13.745454545454546,-42.866666666666674,2,8,interaction_mid,0.11223611667971946,0.13996991280274743
1473488,2025,10,6,0,42.678571428571416,13.88888888888889,-43.359999999999985,2,8,interaction_mid,0.10954164256355876,0.13706296111114358
1473488,2025,11,1,0,42.678571428571416,14.150943396226417,-44.85333333333335,2,8,interaction_mid,0.09967472874818371,0.12287968707754572
1473488,2025,11,2,0,42.678571428571416,14.307692307692307,-45.346666666666664,2,8,interaction_mid,0.09702751303045291,0.11998062419540567
1473488,2025,11,3,0,42.678571428571416,13.882352941176471,-40.839999999999975,2,8,interaction_mid,0.14861259072863892,0.17494642423387138
1473488,2025,11,4,0,42.678571428571416,14.16,-42.333333333333314,2,8,interaction_mid,0.13933523067208176,0.16527232068801498
1473488,2025,11,5,0,42.678571428571416,14.326530612244898,-42.826666666666654,2,8,interaction_mid,0.13441832775007007,0.16011140607591912
1473488,2025,11,6,0,42.678571428571416,14.5,-43.31999999999999,2,8,interaction_mid,0.12993686144702238,0.1553861590383668
1473488,2025,12,1,0,42.678571428571416,14.680851063829786,-43.81333333333333,2,8,interaction_mid,0.11465765615777468,0.1369201201776735
1473488,2025,12,2,0,42.678571428571416,14.478260869565219,-41.30666666666667,2,8,interaction_mid,0.13535919543139524,0.15872834849329787
1473488,2025,12,3,0,42.678571428571416,14.0,-36.79999999999998,2,8,interaction_mid,0.18596728269397383,0.21045941769306298
1473488,2025,12,4,0,42.678571428571416,14.181818181818183,-37.29333333333332,2,8,interaction_mid,0.17972129922708133,0.2041781291922139
1473488,2025,12,5,0,42.678571428571416,14.372093023255813,-37.78666666666669,2,8,interaction_mid,0.16157616507326633,0.1857755741520934
1473488,2025,12,6,0,42.678571428571416,14.57142857142857,-38.28,2,8,interaction_mid,0.16602599235433513,0.19031082575280425
1473488,2025,13,1,0,42.678571428571416,14.926829268292682,-39.77333333333331,2,8,interaction_mid,0.14543628365818273,0.1576713991875654
1473488,2025,13,2,0,42.678571428571416,15.149999999999999,-40.26666666666668,2,8,interaction_mid,0.1401709285658963,0.1523413415509843
1473488,2025,13,3,0,42.678571428571416,15.384615384615387,-40.75999999999999,2,8,interaction_mid,0.11846127651317298,0.13020553951041866
1473488,2025,13,4,0,42.678571428571416,15.631578947368421,-41.25333333333333,2,8,interaction_mid,0.11478758631537218,0.12643212189875877
1473488,2025,13,5,0,42.678571428571416,15.891891891891891,-41.74666666666667,2,8,interaction_mid,0.09067604578669769,0.10143563838526003
1473488,2025,13,6,0,42.678571428571416,16.333333333333336,-43.24000000000001,2,8,interaction_mid,0.08639878538750792,0.09695492761810996
1473488,2025,14,1,0,42.678571428571416,16.628571428571426,-43.73333333333332,2,8,interaction_mid,0.07713747502357925,0.08560923195356891
1473488,2025,14,2,0,42.678571428571416,16.941176470588236,-44.22666666666666,2,8,interaction_mid,0.0686145029686654,0.07662906473462626
1473488,2025,14,3,0,42.678571428571416,16.727272727272727,-41.72,2,8,interaction_mid,0.07611221956373979,0.08453218623092763
1473488,2025,14,4,0,42.678571428571416,17.0625,-42.21333333333331,2,8,interaction_mid,0.06678330670187507,0.07469139086953419
1473488,2025,14,5,0,42.678571428571416,17.41935483870968,-42.70666666666668,2,8,interaction_mid,0.06207561161319953,0.06969559875404362
1473488,2025,14,6,0,42.678571428571416,17.2,-40.20000000000002,2,8,interaction_mid,0.08249006874751866,0.0912187815847126
1473488,2025,14,7,0,42.678571428571416,17.793103448275865,-47.106666666666655,3,7,interaction_mid,0.033358190351517464,0.038670222857535005
1473488,2025,15,1,0,42.678571428571416,17.586206896551722,-46.106666666666655,3,7,interaction_mid,0.04385599305820331,0.05016433387398428
1473488,2025,15,2,0,42.678571428571416,18.0,-46.41333333333333,3,7,interaction_mid,0.037508116863372465,0.04323261109321839
1473488,2025,15,3,0,42.678571428571416,18.666666666666668,-52.75999999999999,4,6,interaction_mid,0.014342963773181752,0.01729670728431305
1473488,2025,15,4,0,42.678571428571416,19.153846153846153,-52.879999999999995,4,6,interaction_mid,0.011821216054654193,0.014381793876961143
1473488,2025,15,5,0,42.678571428571416,19.44,-52.0,4,6,interaction_mid,0.011303281611430883,0.013779629116156615
1473488,2025,15,6,0,42.678571428571416,20.0,-52.120000000000005,4,6,interaction_mid,0.009008282625193553,0.011094806972040017
1473489,2025,7,1,0,25.27777777777777,11.064935064935064,-31.659999999999982,2,8,interaction_mid,0.28578884837501756,0.3109637720738362
1473489,2025,7,2,0,25.27777777777777,11.210526315789474,-33.079999999999984,2,8,interaction_mid,0.271269266290071,0.2978411409810995
1473489,2025,7,3,0,25.27777777777777,11.28,-33.5,2,8,interaction_mid,0.2676205900242882,0.29452708022157426
1473489,2025,7,4,0,25.27777777777777,11.35135135135135,-33.91999999999999,2,8,interaction_mid,0.26793298514460284,0.29481109500763203
1473489,2025,7,5,0,25.27777777777777,11.17808219178082,-31.340000000000018,2,8,interaction_mid,0.30763676283982433,0.33053004055953583
1473489,2025,7,6,0,25.27777777777777,11.25,-31.760000000000005,2,8,interaction_mid,0.3087957356677792,0.33156246404243184
1473489,2025,8,1,0,25.27777777777777,11.32394366197183,-32.17999999999999,2,8,interaction_mid,0.3063739478532701,0.32682561210907646
1473489,2025,8,2,0,25.27777777777777,11.399999999999999,-32.59999999999998,2,8,interaction_mid,0.3029884926265963,0.3237434008935649
1473489,2025,8,3,0,25.27777777777777,11.217391304347826,-30.02000000000001,2,8,interaction_mid,0.34029592900744204,0.35750007017801927
1473489,2025,8,4,0,25.27777777777777,11.294117647058822,-30.439999999999998,2,8,interaction_mid,0.3274633823885741,0.34593814766762554
1473489,2025,8,5,0,25.27777777777777,11.373134328358208,-30.859999999999985,2,8,interaction_mid,0.32722379969930376,0.3457218252295634
1473489,2025,8,6,0,25.27777777777777,11.454545454545455,-31.279999999999987,2,8,interaction_mid,0.31897564102068354,0.33826355635954103
1473489,2025,9,1,0,25.27777777777777,11.538461538461538,-31.700000000000003,2,8,interaction_mid,0.3194172116609847,0.348452773214512
1473489,2025,9,2,0,25.27777777777777,11.15625,-27.119999999999976,2,8,interaction_mid,0.4425670728053549,0.4553460918003504
1473489,2025,9,3,0,25.27777777777777,11.333333333333332,-28.539999999999992,2,8,interaction_mid,0.40827041225768546,0.42595289037120404
1473489,2025,9,4,0,25.27777777777777,10.935483870967742,-23.959999999999994,2,8,interaction_mid,0.49079410492627806,0.4964269258848808
1473489,2025,9,5,0,25.27777777777777,10.721311475409836,-21.37999999999998,2,8,interaction_mid,0.5419988651727018,0.5399418813013246
1473489,2025,9,6,0,25.27777777777777,10.8,-21.799999999999997,2,8,interaction_mid,0.539497974886454,0.5378152849702023
1473489,2025,10,1,0,25.27777777777777,10.881355932203391,-22.22,2,8,interaction_mid,0.5390629995793009,0.541764707565669
1473489,2025,10,2,0,25.27777777777777,10.448275862068966,-17.639999999999986,2,8,interaction_mid,0.5858637457626517,0.583484471209097
1473489,2025,10,3,0,25.27777777777777,10.421052631578949,-17.060000000000002,2,8,interaction_mid,0.5928943669510853,0.5897638830751208
1473489,2025,10,4,0,25.27777777777777,10.178571428571429,-14.480000000000018,2,8,interaction_mid,0.6211191785551333,0.6150260568179212
1473489,2025,10,5,0,25.27777777777777,10.254545454545454,-14.900000000000006,2,8,interaction_mid,0.6238858443243931,0.6175077850472813
1473489,2025,10,6,0,25.27777777777777,10.333333333333334,-15.319999999999993,2,8,interaction_mid,0.6310991805446812,0.6239835845743259
1473489,2025,11,1,0,25.27777777777777,10.30188679245283,-14.740000000000009,2,8,interaction_mid,0.6375691286375393,0.6346245778802536
1473489,2025,11,2,0,25.27777777777777,10.5,-16.159999999999997,2,8,interaction_mid,0.6317129604244895,0.6292773010125498
1473489,2025,11,3,0,25.27777777777777,10.588235294117647,-16.579999999999984,2,8,interaction_mid,0.6171783856926847,0.6160214545967566
1473489,2025,11,4,0,25.27777777777777,10.68,-17.0,2,8,interaction_mid,0.6088448314195045,0.6084298570979829
1473489,2025,11,5,0,25.27777777777777,10.775510204081632,-17.419999999999987,2,8,interaction_mid,0.6105574185796541,0.6099895022225317
1473489,2025,11,6,0,25.27777777777777,10.875,-17.839999999999975,2,8,interaction_mid,0.598623142371052,0.5991255053833904
1473489,2025,12,1,0,25.27777777777777,10.595744680851064,-15.259999999999991,2,8,interaction_mid,0.6203349720779308,0.6169531931187844
1473489,2025,12,2,0,25.27777777777777,10.695652173913043,-15.680000000000007,2,8,interaction_mid,0.6135339061116185,0.6107161336670263
1473489,2025,12,3,0,25.27777777777777,10.666666666666666,-15.099999999999994,2,8,interaction_mid,0.6317103873165448,0.6273962708297568
1473489,2025,12,4,0,25.27777777777777,10.636363636363637,-14.52000000000001,2,8,interaction_mid,0.6398553610853788,0.6348831209336312
1473489,2025,12,5,0,25.27777777777777,10.883720930232558,-15.939999999999998,2,8,interaction_mid,0.6285812234466928,0.624522111135679
1473489,2025,12,6,0,25.27777777777777,10.571428571428571,-13.359999999999985,2,8,interaction_mid,0.6893356385996448,0.6805831306872652
1473489,2025,13,1,0,25.27777777777777,10.682926829268293,-13.779999999999973,2,8,interaction_mid,0.6812693057020451,0.672230862395512
1473489,2025,13,2,0,25.27777777777777,10.8,-14.200000000000017,2,8,interaction_mid,0.6436554151360603,0.6362277194093285
1473489,2025,13,3,0,25.27777777777777,10.923076923076923,-14.620000000000005,2,8,interaction_mid,0.6265718545112899,0.6199364518620145
1473489,2025,13,4,0,25.27777777777777,11.052631578947368,-15.039999999999992,2,8,interaction_mid,0.6305078445277652,0.6236869682139319
1473489,2025,13,5,0,25.27777777777777,10.702702702702702,-12.45999999999998,2,8,interaction_mid,0.6869947758148429,0.6777298448433721
1473489,2025,13,6,0,25.27777777777777,10.666666666666666,-11.879999999999995,2,8,interaction_mid,0.6973693436206969,0.6877082381553178
1473489,2025,14,1,0,25.27777777777777,10.8,-12.299999999999983,2,8,interaction_mid,0.6924537131827249,0.6849633732646806
1473489,2025,14,2,0,25.27777777777777,11.117647058823529,-13.719999999999999,2,8,interaction_mid,0.6731926133580978,0.6663513157523229
1473489,2025,14,3,0,25.27777777777777,11.272727272727273,-14.140000000000015,2,8,interaction_mid,0.6356124583359624,0.6301662189356344
1473489,2025,14,4,0,25.27777777777777,11.4375,-14.560000000000002,2,8,interaction_mid,0.6335161900198022,0.628152077108683
1473489,2025,14,5,0,25.27777777777777,11.612903225806452,-14.97999999999999,2,8,interaction_mid,0.6115381573141003,0.6070580922591505
1473489,2025,14,6,0,25.27777777777777,10.8,-10.400000000000006,2,8,interaction_mid,0.7157229839673447,0.7075204063254927
1473489,2025,15,1,0,25.27777777777777,10.758620689655173,-9.819999999999993,2,8,interaction_mid,0.7416413232780441,0.7346012695347444
1473489,2025,15,2,0,25.27777777777777,10.928571428571429,-10.240000000000009,2,8,interaction_mid,0.7329730561297658,0.7261660621167251
1473489,2025,15,3,0,25.27777777777777,10.88888888888889,-9.659999999999997,2,8,interaction_mid,0.7492810482588635,0.7420463962880216
1473489,2025,15,4,0,25.27777777777777,11.076923076923077,-10.080000000000013,2,8,interaction_mid,0.7397906388862509,0.7327992722180675
1473489,2025,15,5,0,25.27777777777777,10.56,-7.499999999999972,2,8,interaction_mid,0.808217517079125,0.7998852728304569
1473489,2025,15,6,0,25.27777777777777,10.75,-7.9199999999999875,2,8,interaction_mid,0.8023445767968644,0.7940851058482761
1473490,2025,7,1,0,9.0,10.675324675324676,-43.471666666666664,3,7,interaction_mid,0.11340755396103061,0.1450731001815829
1473490,2025,7,2,0,9.0,10.736842105263158,-43.67333333333333,3,7,interaction_mid,0.11257476022582011,0.14419142361258583
1473490,2025,7,3,0,9.0,10.879999999999999,-57.75,4,6,interaction_mid,0.05078521656642694,0.07437423250106309
1473490,2025,7,4,0,9.0,11.027027027027028,-58.78,4,6,interaction_mid,0.04947166210874916,0.07276160456672473
1473490,2025,7,5,0,9.0,11.17808219178082,-72.34166666666667,5,5,interaction_mid,0.0228161038533519,0.03795971696438782
1473490,2025,7,6,0,9.0,11.25,-72.19999999999999,5,5,interaction_mid,0.02509212839402292,0.041131645364944826
1473490,2025,8,1,0,9.0,11.408450704225352,-73.05833333333331,5,5,interaction_mid,0.02389871938306741,0.0368055297267945
1473490,2025,8,2,0,9.0,11.485714285714286,-72.91666666666666,5,5,interaction_mid,0.02376337348006037,0.03662470120836236
1473490,2025,8,3,0,9.0,11.565217391304348,-72.775,5,5,interaction_mid,0.023645426498573523,0.0364669996961194
1473490,2025,8,4,0,9.0,11.735294117647058,-73.63333333333333,5,5,interaction_mid,0.02242853011654698,0.03483334023969195
1473490,2025,8,5,0,9.0,11.82089552238806,-73.49166666666667,5,5,interaction_mid,0.023572215759114053,0.03636905705657004
1473490,2025,8,6,0,9.0,12.0,-74.35,5,5,interaction_mid,0.024564590551949192,0.03769307239669935
1473490,2025,9,1,0,9.0,12.0,-73.20833333333334,5,5,interaction_mid,0.024296825269949265,0.042239476196156665
1473490,2025,9,2,0,9.0,12.1875,-74.06666666666669,5,5,interaction_mid,0.022733560893818935,0.03995910473551265
1473490,2025,9,3,0,9.0,12.19047619047619,-72.92500000000001,5,5,interaction_mid,0.02659650987754638,0.045547428949875166
1473490,2025,9,4,0,9.0,12.29032258064516,-72.78333333333333,5,5,interaction_mid,0.02489930696801847,0.04311130778550565
1473490,2025,9,5,0,9.0,12.295081967213115,-71.64166666666668,5,5,interaction_mid,0.03083539943022361,0.0515146619012837
1473490,2025,9,6,0,9.0,12.5,-72.5,5,5,interaction_mid,0.028876052235082078,0.048776152030625484
1473490,2025,10,1,0,9.0,12.305084745762711,-69.35833333333332,5,5,interaction_mid,0.03483789733528406,0.05055321035591349
1473490,2025,10,2,0,9.0,12.413793103448278,-69.21666666666667,5,5,interaction_mid,0.034202963755803506,0.049744334158087176
1473490,2025,10,3,0,9.0,12.526315789473683,-69.07499999999999,5,5,interaction_mid,0.03431903209504135,0.04989234866309471
1473490,2025,10,4,0,9.0,12.642857142857142,-68.93333333333331,5,5,interaction_mid,0.03156700262649293,0.04636433377280136
1473490,2025,10,5,0,9.0,12.763636363636365,-68.79166666666669,5,5,interaction_mid,0.03239830019987067,0.04743418577040649
1473490,2025,10,6,0,9.0,13.0,-69.65,5,5,interaction_mid,0.02822247430536,0.04202120562601127
1473490,2025,11,1,0,9.0,13.245283018867926,-70.50833333333333,5,5,interaction_mid,0.027123802334453172,0.03839337032780754
1473490,2025,11,2,0,9.0,13.038461538461537,-67.36666666666667,5,5,interaction_mid,0.0352324523669371,0.048567608012119415
1473490,2025,11,3,0,9.0,12.823529411764707,-64.225,5,5,interaction_mid,0.04488143777179565,0.06034006783121549
1473490,2025,11,4,0,9.0,12.96,-64.08333333333331,5,5,interaction_mid,0.04449665392674387,0.059876556249483605
1473490,2025,11,5,0,9.0,12.979591836734695,-62.94166666666669,5,5,interaction_mid,0.04665002515420825,0.062464698268010335
1473490,2025,11,6,0,9.0,13.125,-62.80000000000001,5,5,interaction_mid,0.04382880295159171,0.059070965614552016
1473490,2025,12,1,0,9.0,13.27659574468085,-62.65833333333333,5,5,interaction_mid,0.03559181951363302,0.047929887798210634
1473490,2025,12,2,0,9.0,12.782608695652176,-57.51666666666668,5,5,interaction_mid,0.0640577647891338,0.08134585207948805
1473490,2025,12,3,0,9.0,12.266666666666666,-52.375,5,5,interaction_mid,0.0906146753414984,0.110979552104232
1473490,2025,12,4,0,9.0,11.727272727272727,-47.23333333333332,5,5,interaction_mid,0.13576766556777103,0.15915437511396704
1473490,2025,12,5,0,9.0,11.162790697674419,-42.09166666666667,5,5,interaction_mid,0.17276418643374028,0.19715036000936867
1473490,2025,12,6,0,9.0,11.285714285714285,-41.94999999999999,5,5,interaction_mid,0.16606535711770493,0.1903508795260354
1473490,2025,12,7,0,9.0,10.682926829268293,-36.80833333333331,5,5,interaction_mid,0.1999577728820232,0.22443792529270334
1473490,2025,13,1,0,9.0,10.536585365853659,-35.80833333333331,5,5,interaction_mid,0.20199092212917402,0.21414541382743926
1473490,2025,13,2,0,9.0,9.899999999999999,-30.666666666666686,5,5,interaction_mid,0.2735292560400114,0.28405565393960003
1473490,2025,13,3,0,9.0,10.153846153846153,-31.525000000000006,5,5,interaction_mid,0.2720593212403629,0.2826321944997263
1473490,2025,13,4,0,9.0,10.421052631578949,-32.383333333333326,5,5,interaction_mid,0.25393036349807163,0.265036291258858
1473490,2025,13,5,0,9.0,10.54054054054054,-32.241666666666674,5,5,interaction_mid,0.25559456998897717,0.26665477672790955
1473490,2025,13,6,0,9.0,10.5,-31.099999999999994,5,5,interaction_mid,0.273792422144766,0.28431045003658917
1473490,2025,14,1,0,9.0,10.457142857142857,-29.958333333333314,5,5,interaction_mid,0.31224187946307724,0.3202845664860096
1473490,2025,14,2,0,9.0,10.588235294117647,-29.81666666666669,5,5,interaction_mid,0.309235260936558,0.31737321288340764
1473490,2025,14,3,0,9.0,9.818181818181818,-24.67500000000001,5,5,interaction_mid,0.4191192686343823,0.4230989923657155
1473490,2025,14,4,0,9.0,9.9375,-24.53333333333333,5,5,interaction_mid,0.41187900814065403,0.4161654773742861
1473490,2025,14,5,0,9.0,10.064516129032258,-24.39166666666668,5,5,interaction_mid,0.421495161087618,0.4253735441056917
1473490,2025,14,6,0,9.0,10.4,-25.25,5,5,interaction_mid,0.3962980483594464,0.4012329316194169
1473490,2025,15,1,0,9.0,9.931034482758621,-22.10833333333332,5,5,interaction_mid,0.46407208438417413,0.46780118159502015
1473490,2025,15,2,0,9.0,10.071428571428571,-21.96666666666667,5,5,interaction_mid,0.45671943635046014,0.46075562778564844
1473490,2025,15,3,0,9.0,10.222222222222221,-21.82499999999999,5,5,interaction_mid,0.4295246262882817,0.43467383901825035
1473490,2025,15,4,0,9.0,10.384615384615385,-21.68333333333331,5,5,interaction_mid,0.4124402664534964,0.41826598801029624
1473490,2025,15,5,0,9.0,10.56,-21.541666666666686,5,5,interaction_mid,0.4157277755196088,0.4214248900082239
1473490,2025,15,6,0,9.0,11.0,-26.519999999999982,6,4,interaction_mid,0.2243337133259673,0.23531084525901155
1473490,2025,15,7,0,9.0,11.217391304347826,-26.206666666666678,6,4,interaction_mid,0.24725183215860408,0.2579297397372975
1473491,2025,7,1,0,34.0,14.415584415584416,-77.99666666666667,3,7,interaction_mid,0.01975619987048688,0.033610849985412805
1473491,2025,7,2,0,34.0,14.526315789473685,-78.37333333333333,3,7,interaction_mid,0.018910230514514702,0.032389562893064376
1473491,2025,7,3,0,34.0,14.56,-77.75,3,7,interaction_mid,0.020430043660618385,0.03457752284209517
1473491,2025,7,4,0,34.0,14.675675675675677,-78.12666666666667,3,7,interaction_mid,0.018976430827982654,0.03248545036031351
1473491,2025,7,5,0,34.0,14.712328767123289,-77.50333333333333,3,7,interaction_mid,0.019319874393178105,0.03298203787101512
1473491,2025,7,6,0,34.0,14.916666666666668,-93.03999999999999,4,6,interaction_mid,0.007375486830324929,0.014563590675661656
1473491,2025,7,7,0,34.0,15.126760563380284,-94.22,4,6,interaction_mid,0.008161730788282775,0.01587508167448507
1473491,2025,8,1,0,34.0,15.042253521126762,-93.22,4,6,interaction_mid,0.00876617250358817,0.01537532202997915
1473491,2025,8,2,0,34.0,15.085714285714285,-92.39999999999998,4,6,interaction_mid,0.009039775790175866,0.01579337898929383
1473491,2025,8,3,0,34.0,14.782608695652172,-87.58000000000001,4,6,interaction_mid,0.012333251257606617,0.020708046295573636
1473491,2025,8,4,0,34.0,14.911764705882353,-87.76000000000002,4,6,interaction_mid,0.011838536651935667,0.019982281635686758
1473491,2025,8,5,0,34.0,15.044776119402986,-87.94,4,6,interaction_mid,0.011837505831473248,0.019980765183881404
1473491,2025,8,6,0,34.0,15.181818181818182,-88.11999999999998,4,6,interaction_mid,0.010923629184908712,0.01862917686089801
1473491,2025,8,7,0,34.0,15.323076923076922,-88.30000000000001,4,6,interaction_mid,0.010435061424758143,0.01790045611778647
1473491,2025,9,1,0,34.0,15.323076923076922,-88.30000000000001,4,6,interaction_mid,0.010551413976889246,0.021001039631165588
1473491,2025,9,2,0,34.0,15.46875,-88.47999999999999,4,6,interaction_mid,0.010311485475089005,0.020598731106630238
1473491,2025,9,3,0,34.0,15.714285714285715,-89.66000000000003,4,6,interaction_mid,0.009296924753309427,0.018879786675609203
1473491,2025,9,4,0,34.0,15.870967741935484,-89.83999999999997,4,6,interaction_mid,0.009201136820374973,0.018715936086276152
1473491,2025,9,5,0,34.0,16.131147540983605,-103.01666666666668,5,5,interaction_mid,0.003706022161667163,0.00868882212404649
1473491,2025,9,6,0,34.0,16.3,-103.0,5,5,interaction_mid,0.0038939296169736358,0.009059876171389111
1473491,2025,10,1,0,34.0,16.576271186440678,-103.98333333333332,5,5,interaction_mid,0.003602880005828984,0.006801960483259883
1473491,2025,10,2,0,34.0,16.862068965517242,-104.96666666666667,5,5,interaction_mid,0.002971425267141726,0.00573143096184269
1473491,2025,10,3,0,34.0,16.736842105263158,-101.94999999999999,5,5,interaction_mid,0.003529259035502232,0.006678322284117283
1473491,2025,10,4,0,34.0,17.035714285714285,-102.93333333333331,5,5,interaction_mid,0.0032129019600280508,0.006143601789292342
1473491,2025,10,5,0,34.0,17.345454545454547,-103.91666666666669,5,5,interaction_mid,0.0029798937761210285,0.005745948252525561
1473491,2025,10,6,0,34.0,17.555555555555557,-103.9,5,5,interaction_mid,0.003028861914214002,0.005829801579001545
1473491,2025,11,1,0,34.0,17.20754716981132,-98.88333333333333,5,5,interaction_mid,0.004015216686910706,0.006820199593579597
1473491,2025,11,2,0,34.0,17.423076923076923,-98.86666666666667,5,5,interaction_mid,0.0038587927523090738,0.006578568451834349
1473491,2025,11,3,0,34.0,17.058823529411764,-93.85,5,5,interaction_mid,0.0060920666169057254,0.009955455830082855
1473491,2025,11,4,0,34.0,16.919999999999998,-90.83333333333331,5,5,interaction_mid,0.007517542547807372,0.012045638579646575
1473491,2025,11,5,0,34.0,17.26530612244898,-91.81666666666669,5,5,interaction_mid,0.007196913596209503,0.011579127849307086
1473491,2025,11,6,0,34.0,17.125,-88.80000000000001,5,5,interaction_mid,0.008677352320829517,0.01371757924208424
1473491,2025,12,1,0,34.0,17.361702127659576,-88.78333333333333,5,5,interaction_mid,0.0067206127327247185,0.010561217891435685
1473491,2025,12,2,0,34.0,16.956521739130437,-83.76666666666668,5,5,interaction_mid,0.009889373184905521,0.015010949575480671
1473491,2025,12,3,0,34.0,17.333333333333332,-84.75,5,5,interaction_mid,0.008214511634125935,0.012678950561569095
1473491,2025,12,4,0,34.0,16.90909090909091,-79.73333333333332,5,5,interaction_mid,0.012347131236992834,0.018367442133832068
1473491,2025,12,5,0,34.0,17.16279069767442,-79.71666666666667,5,5,interaction_mid,0.011130326432707397,0.016714514359324976
1473491,2025,12,6,0,34.0,17.285714285714285,-78.69999999999999,5,5,interaction_mid,0.011402444365953023,0.017085597854171738
1473491,2025,12,7,0,34.0,17.70731707317073,-79.68333333333331,5,5,interaction_mid,0.009242053787553342,0.014114421484359508
1473491,2025,13,1,0,34.0,17.414634146341463,-77.68333333333331,5,5,interaction_mid,0.011495400026148786,0.014567531880860423
1473491,2025,13,2,0,34.0,17.700000000000003,-77.66666666666669,5,5,interaction_mid,0.00974731686548632,0.012468379034557883
1473491,2025,13,3,0,34.0,17.538461538461537,-74.65,5,5,interaction_mid,0.01261921821365602,0.015906904135971966
1473491,2025,13,4,0,34.0,17.842105263157897,-74.63333333333333,5,5,interaction_mid,0.01077848575516229,0.013709091422335253
1473491,2025,13,5,0,34.0,18.16216216216216,-74.61666666666667,5,5,interaction_mid,0.009168672421054071,0.011768816031262222
1473491,2025,13,6,0,34.0,18.5,-74.6,5,5,interaction_mid,0.008139178061887818,0.010517686183329772
1473491,2025,14,1,0,34.0,18.857142857142858,-74.58333333333331,5,5,interaction_mid,0.007112080054056301,0.008882788430292889
1473491,2025,14,2,0,34.0,19.235294117647058,-74.56666666666669,5,5,interaction_mid,0.005720689551421817,0.00721785943156059
1473491,2025,14,3,0,34.0,19.636363636363637,-74.55000000000001,5,5,interaction_mid,0.004972149022819351,0.006314380101520054
1473491,2025,14,4,0,34.0,20.0625,-74.53333333333333,5,5,interaction_mid,0.004645743881947845,0.005918439984065773
1473491,2025,14,5,0,34.0,20.516129032258064,-74.51666666666668,5,5,interaction_mid,0.004181713553292866,0.005353262517505085
1473491,2025,14,6,0,34.0,20.4,-71.5,5,5,interaction_mid,0.004491315864094823,0.0057306601109401445
1473491,2025,14,7,0,34.0,19.862068965517242,-66.48333333333332,5,5,interaction_mid,0.0067248667738731335,0.00842116421590217
1473491,2025,14,8,0,34.0,20.142857142857142,-65.46666666666667,5,5,interaction_mid,0.006761837005806151,0.008465293075399973
1473491,2025,15,1,0,34.0,19.03448275862069,-62.48333333333332,5,5,interaction_mid,0.009768522989843351,0.0119873766921726
1473491,2025,15,2,0,34.0,19.5,-62.46666666666667,5,5,interaction_mid,0.008574691045115433,0.010584188041973037
1473491,2025,15,3,0,34.0,20.0,-62.44999999999999,5,5,interaction_mid,0.007242884518380293,0.00900800073841092
1473491,2025,15,4,0,34.0,20.538461538461537,-62.43333333333331,5,5,interaction_mid,0.006565882784085689,0.00820177594465779
1473491,2025,15,5,0,34.0,21.12,-62.416666666666686,5,5,interaction_mid,0.005591261347615468,0.007034305611170421
1473491,2025,15,6,0,34.0,22.0,-63.400000000000006,5,5,interaction_mid,0.004815746185390478,0.006098759947687849
1473493,2025,7,1,1,-22.19999999999999,8.96103896103896,-24.487499999999997,1,9,interaction_mid,0.6934738915121621,0.6660055686206092
1473493,2025,7,2,1,-22.19999999999999,8.763157894736842,-21.650000000000006,1,9,interaction_mid,0.7437929166092807,0.7117810831574779
1473493,2025,7,3,1,-22.19999999999999,8.799999999999999,-21.8125,1,9,interaction_mid,0.7366806192627562,0.7052291688755112
1473493,2025,7,4,1,-22.19999999999999,8.837837837837839,-21.974999999999994,1,9,interaction_mid,0.7439457233892006,0.7119221794646481
1473493,2025,7,5,1,-22.19999999999999,8.876712328767123,-22.137500000000003,1,9,interaction_mid,0.7507990310742492,0.7182649665144487
1473493,2025,7,6,1,-22.19999999999999,8.916666666666668,-22.299999999999997,1,9,interaction_mid,0.747816379552219,0.715500937596593
1473493,2025,7,7,1,-22.19999999999999,8.95774647887324,-22.462500000000006,1,9,interaction_mid,0.7406215799677027,0.7088559382512915
1473493,2025,7,8,1,-22.19999999999999,8.571428571428571,-17.625,1,9,interaction_mid,0.7862621949718689,0.7515913668060035
1473493,2025,7,9,1,-22.19999999999999,8.608695652173912,-17.78750000000001,1,9,interaction_mid,0.7830570703317556,0.7485414333237363
1473493,2025,7,10,1,-22.19999999999999,8.647058823529411,-17.950000000000003,1,9,interaction_mid,0.7784446703419701,0.7441664175312047
1473493,2025,7,11,1,-22.19999999999999,8.776119402985074,-19.112499999999997,1,9,interaction_mid,0.7755461483448027,0.7414253543387845
1473493,2025,8,1,1,-22.19999999999999,8.197183098591548,-13.462500000000006,1,9,interaction_mid,0.8157251769537373,0.7863157523053771
1473493,2025,8,2,1,-22.19999999999999,8.314285714285713,-14.625,1,9,interaction_mid,0.8094493036504347,0.7801671417531764
1473493,2025,8,3,1,-22.19999999999999,8.347826086956522,-14.787500000000009,1,9,interaction_mid,0.8026519810822628,0.7735432225460398
1473493,2025,8,4,1,-22.19999999999999,8.382352941176471,-14.950000000000003,1,9,interaction_mid,0.8067090700229496,0.7774924572060736
1473493,2025,8,5,1,-22.19999999999999,8.417910447761194,-15.112499999999997,1,9,interaction_mid,0.803103971346186,0.7739825680060107
1473493,2025,8,6,1,-22.19999999999999,8.454545454545455,-15.274999999999977,1,9,interaction_mid,0.8061664793138937,0.7769635494112775
1473493,2025,9,1,1,-22.19999999999999,8.492307692307692,-15.4375,1,9,interaction_mid,0.8017531845059398,0.7693165121292148
1473493,2025,9,2,1,-22.19999999999999,8.53125,-15.600000000000009,1,9,interaction_mid,0.7976168291279224,0.7653990376479067
1473493,2025,9,3,1,-22.19999999999999,8.571428571428571,-15.762499999999989,1,9,interaction_mid,0.7903694417979086,0.7585697215493149
1473493,2025,9,4,1,-22.19999999999999,8.70967741935484,-16.924999999999983,1,9,interaction_mid,0.7729121765033304,0.7422881562127333
1473493,2025,9,5,1,-22.19999999999999,8.754098360655739,-17.08749999999999,1,9,interaction_mid,0.7724521281894288,0.741862126378163
1473493,2025,9,6,1,-22.19999999999999,8.799999999999999,-17.25,1,9,interaction_mid,0.7707126511753406,0.7402526202777601
1473493,2025,10,1,1,-22.19999999999999,8.542372881355933,-14.412499999999994,1,9,interaction_mid,0.8127052714831091,0.791852245500221
1473493,2025,10,2,1,-22.19999999999999,8.689655172413794,-15.574999999999989,1,9,interaction_mid,0.8051446084667957,0.7845734901852881
1473493,2025,10,3,1,-22.19999999999999,8.736842105263158,-15.737499999999997,1,9,interaction_mid,0.7980298437943729,0.7777569581374867
1473493,2025,10,4,1,-22.19999999999999,8.892857142857142,-16.89999999999999,1,9,interaction_mid,0.7804693122137043,0.7610590418759111
1473493,2025,10,5,1,-22.19999999999999,8.945454545454545,-17.0625,1,9,interaction_mid,0.7831809659286231,0.7636263425467531
1473493,2025,10,6,1,-22.19999999999999,8.88888888888889,-16.224999999999994,1,9,interaction_mid,0.807653286215563,0.7869845346923737
1473493,2025,11,1,1,-22.19999999999999,8.943396226415093,-16.387500000000003,1,9,interaction_mid,0.8025744344999965,0.7882806731633926
1473493,2025,11,2,1,-22.19999999999999,9.0,-16.549999999999997,1,9,interaction_mid,0.8003177098867824,0.7861181494119811
1473493,2025,11,3,1,-22.19999999999999,9.176470588235293,-24.299999999999983,2,8,interaction_mid,0.7065759794849303,0.698027354472035
1473493,2025,11,4,1,-22.19999999999999,9.36,-25.33333333333333,2,8,interaction_mid,0.7576428443117946,0.745640429010086
1473493,2025,11,5,1,-22.19999999999999,9.428571428571429,-25.366666666666674,2,8,interaction_mid,0.7603031759793633,0.7481429931054261
1473493,2025,11,6,1,-22.19999999999999,9.625,-26.39999999999999,2,8,interaction_mid,0.7648801504580486,0.752454452846352
1473493,2025,12,1,1,-22.19999999999999,9.829787234042554,-27.433333333333337,2,8,interaction_mid,0.7214788985584611,0.710534467981918
1473493,2025,12,2,1,-22.19999999999999,10.043478260869566,-28.46666666666667,2,8,interaction_mid,0.6736640379833813,0.6660626486141946
1473493,2025,12,3,1,-22.19999999999999,10.266666666666666,-29.5,2,8,interaction_mid,0.6657406373895297,0.6587388181713514
1473493,2025,12,4,1,-22.19999999999999,10.363636363636363,-29.53333333333333,2,8,interaction_mid,0.6620894817564578,0.6553676107761368
1473493,2025,12,5,1,-22.19999999999999,10.046511627906977,-26.566666666666677,2,8,interaction_mid,0.7435410083204863,0.7312499072542268
1473493,2025,12,6,1,-22.19999999999999,9.714285714285715,-23.599999999999994,2,8,interaction_mid,0.7808485952490547,0.7666459913079915
1473493,2025,12,7,1,-22.19999999999999,9.073170731707318,-18.633333333333326,2,8,interaction_mid,0.8442092111248876,0.8281831496671803
1473493,2025,13,1,1,-22.19999999999999,8.926829268292682,-17.633333333333326,2,8,interaction_mid,0.8601980119545969,0.8479452803512767
1473493,2025,13,2,1,-22.19999999999999,9.0,-17.66666666666667,2,8,interaction_mid,0.8583779025747085,0.8460999878915865
1473493,2025,13,3,1,-22.19999999999999,9.076923076923077,-17.700000000000003,2,8,interaction_mid,0.8653553572861095,0.8531834825291855
1473493,2025,13,4,1,-22.19999999999999,8.368421052631579,-12.73333333333332,2,8,interaction_mid,0.8981390344628841,0.886848501787042
1473493,2025,13,5,1,-22.19999999999999,8.27027027027027,-11.766666666666666,2,8,interaction_mid,0.9022681363230356,0.8911395906063982
1473493,2025,13,6,1,-22.19999999999999,8.166666666666668,-10.799999999999997,2,8,interaction_mid,0.9097247226201091,0.8989219660352492
1473493,2025,14,1,1,-22.19999999999999,8.399999999999999,-11.833333333333329,2,8,interaction_mid,0.9044765509530273,0.8955135464497352
1473493,2025,14,2,1,-22.19999999999999,7.9411764705882355,-8.86666666666666,2,8,interaction_mid,0.9236834160481564,0.9155043769453465
1473493,2025,14,3,1,-22.19999999999999,8.0,-8.900000000000006,2,8,interaction_mid,0.9241257245851792,0.9159679657217082
1473493,2025,14,4,1,-22.19999999999999,8.0625,-8.933333333333323,2,8,interaction_mid,0.9183854653095747,0.9099634493017199
1473493,2025,14,5,1,-22.19999999999999,8.322580645161292,-13.970833333333317,3,7,interaction_mid,0.8800698651549178,0.8704484427257048
1473493,2025,14,6,1,-22.19999999999999,8.6,-14.875,3,7,interaction_mid,0.8683874390793428,0.858562615962435
1473493,2025,15,1,1,-22.19999999999999,8.689655172413794,-14.779166666666669,3,7,interaction_mid,0.8695014554364278,0.8610473658422523
1473493,2025,15,2,1,-22.19999999999999,8.785714285714285,-14.683333333333337,3,7,interaction_mid,0.8688839933264556,0.8604243037070545
1473493,2025,15,3,1,-22.19999999999999,9.11111111111111,-19.07499999999999,4,6,interaction_mid,0.8057788073116667,0.797475670888362
1473493,2025,15,4,1,-22.19999999999999,9.230769230769232,-18.849999999999994,4,6,interaction_mid,0.7913829150577816,0.7832829788883706
1473493,2025,15,5,1,-22.19999999999999,9.36,-18.625,4,6,interaction_mid,0.7799954247316822,0.7720919293576493
1473493,2025,15,6,1,-22.19999999999999,9.5,-18.400000000000006,4,6,interaction_mid,0.7667734304446601,0.7591343251531452
1473494,2025,7,1,1,-18.428571428571416,8.25974025974026,-47.57083333333334,5,5,interaction_mid,0.1453617878026976,0.17808346688663876
1473494,2025,7,2,1,-18.428571428571416,8.289473684210526,-47.31666666666666,5,5,interaction_mid,0.15134854588476562,0.18411069018010903
1473494,2025,7,3,1,-18.428571428571416,8.399999999999999,-48.0625,5,5,interaction_mid,0.14753717906727104,0.1802787362713852
1473494,2025,7,4,1,-18.428571428571416,8.35135135135135,-46.80833333333334,5,5,interaction_mid,0.16124338528810758,0.19397801683726926
1473494,2025,7,5,1,-18.428571428571416,8.383561643835616,-46.55416666666666,5,5,interaction_mid,0.1557188500869103,0.18848292920146179
1473494,2025,7,6,1,-18.428571428571416,8.416666666666666,-46.3,5,5,interaction_mid,0.15169324535124107,0.18445637345113866
1473494,2025,8,1,1,-18.428571428571416,8.535211267605634,-47.04583333333332,5,5,interaction_mid,0.1516542261795265,0.17982941059828753
1473494,2025,8,2,1,-18.428571428571416,8.571428571428571,-46.79166666666666,5,5,interaction_mid,0.15401604969774382,0.18220594436139675
1473494,2025,8,3,1,-18.428571428571416,8.173913043478262,-41.53750000000001,5,5,interaction_mid,0.20248402594396575,0.22984586835868867
1473494,2025,8,4,1,-18.428571428571416,8.294117647058822,-42.28333333333333,5,5,interaction_mid,0.1993715218912143,0.22684400728356038
1473494,2025,8,5,1,-18.428571428571416,8.417910447761194,-43.02916666666667,5,5,interaction_mid,0.190955436898314,0.2186910889330307
1473494,2025,8,6,1,-18.428571428571416,8.363636363636363,-41.775000000000006,5,5,interaction_mid,0.20370221113170323,0.23101884964360958
1473494,2025,9,1,1,-18.428571428571416,8.399999999999999,-41.52083333333334,5,5,interaction_mid,0.19602935687984274,0.23462939042151928
1473494,2025,9,2,1,-18.428571428571416,8.53125,-42.26666666666668,5,5,interaction_mid,0.19263560632921214,0.2313375280780589
1473494,2025,9,3,1,-18.428571428571416,8.666666666666666,-43.01250000000002,5,5,interaction_mid,0.1840998367943951,0.22300709974395627
1473494,2025,9,4,1,-18.428571428571416,8.806451612903226,-43.758333333333326,5,5,interaction_mid,0.17976656533856034,0.2187490636767529
1473494,2025,9,5,1,-18.428571428571416,8.852459016393443,-43.50416666666666,5,5,interaction_mid,0.1824961484022166,0.22143358885180123
1473494,2025,9,6,1,-18.428571428571416,8.9,-43.25,5,5,interaction_mid,0.18232485805151682,0.22126536068965585
1473494,2025,9,7,1,-18.428571428571416,8.847457627118644,-41.99583333333334,5,5,interaction_mid,0.19262362042141637,0.2313258820173103
1473494,2025,10,1,1,-18.428571428571416,8.23728813559322,-35.99583333333334,5,5,interaction_mid,0.269335567656187,0.29698662364931183
1473494,2025,10,2,1,-18.428571428571416,7.965517241379311,-32.741666666666674,5,5,interaction_mid,0.31747978755101497,0.3420118193212024
1473494,2025,10,3,1,-18.428571428571416,7.684210526315789,-29.487499999999983,5,5,interaction_mid,0.3841227381894931,0.40301652909539526
1473494,2025,10,4,1,-18.428571428571416,7.178571428571429,-24.23333333333332,5,5,interaction_mid,0.4885620519286164,0.4967747697517613
1473494,2025,10,5,1,-18.428571428571416,6.654545454545454,-18.979166666666686,5,5,interaction_mid,0.5949364761361398,0.5915886556233877
1473494,2025,10,6,1,-18.428571428571416,6.333333333333334,-15.724999999999994,5,5,interaction_mid,0.6592171214968204,0.6493116594533873
1473494,2025,11,1,1,-18.428571428571416,6.339622641509434,-15.470833333333331,5,5,interaction_mid,0.6697604040175371,0.6640994304231904
1473494,2025,11,2,1,-18.428571428571416,6.346153846153847,-15.216666666666669,5,5,interaction_mid,0.6884331589409645,0.6812735026629045
1473494,2025,11,3,1,-18.428571428571416,6.470588235294118,-15.962500000000006,5,5,interaction_mid,0.6977205774649682,0.6898409375629382
1473494,2025,11,4,1,-18.428571428571416,6.6000000000000005,-16.708333333333314,5,5,interaction_mid,0.6905570012759816,0.6832311163547073
1473494,2025,11,5,1,-18.428571428571416,6.612244897959183,-16.45416666666668,5,5,interaction_mid,0.6919544008006546,0.6845196478278355
1473494,2025,11,6,1,-18.428571428571416,6.625,-16.200000000000017,5,5,interaction_mid,0.7156269949240657,0.7064136601109484
1473494,2025,12,1,1,-18.428571428571416,6.76595744680851,-23.95666666666665,6,4,interaction_mid,0.4256607732313324,0.4387683791752373
1473494,2025,12,2,1,-18.428571428571416,6.782608695652174,-23.55333333333334,6,4,interaction_mid,0.3936187756600286,0.4091812268142861
1473494,2025,12,3,1,-18.428571428571416,6.933333333333333,-24.150000000000006,6,4,interaction_mid,0.4212916407782297,0.43474330599555694
1473494,2025,12,4,1,-18.428571428571416,7.090909090909092,-24.74666666666667,6,4,interaction_mid,0.420769678370988,0.43426226530078244
1473494,2025,12,5,1,-18.428571428571416,7.116279069767442,-24.343333333333334,6,4,interaction_mid,0.4414394367419412,0.4532833042948725
1473494,2025,12,6,1,-18.428571428571416,7.285714285714285,-24.939999999999998,6,4,interaction_mid,0.45471466782293635,0.46547231176172565
1473494,2025,13,1,1,-18.428571428571416,7.317073170731707,-24.53666666666666,6,4,interaction_mid,0.46592177561042175,0.4676706112806096
1473494,2025,13,2,1,-18.428571428571416,7.3500000000000005,-24.133333333333326,6,4,interaction_mid,0.46785262740719546,0.4694981004868343
1473494,2025,13,3,1,-18.428571428571416,7.538461538461538,-24.72999999999999,6,4,interaction_mid,0.4482579466670674,0.4509470344271111
1473494,2025,13,4,1,-18.428571428571416,7.7368421052631575,-25.326666666666654,6,4,interaction_mid,0.4126844550472676,0.41722376057754096
1473494,2025,13,5,1,-18.428571428571416,7.783783783783784,-24.923333333333346,6,4,interaction_mid,0.4097930765853671,0.4144793557080418
1473494,2025,13,6,1,-18.428571428571416,8.0,-25.52000000000001,6,4,interaction_mid,0.3764420385628521,0.3827741218619899
1473494,2025,14,1,1,-18.428571428571416,8.228571428571428,-26.116666666666674,6,4,interaction_mid,0.39407600839603496,0.3991019409166539
1473494,2025,14,2,1,-18.428571428571416,8.294117647058822,-25.71333333333334,6,4,interaction_mid,0.39282050253431233,0.3978977127447581
1473494,2025,14,3,1,-18.428571428571416,8.545454545454547,-26.310000000000002,6,4,interaction_mid,0.366574631577972,0.3726933990909798
1473494,2025,14,4,1,-18.428571428571416,8.625,-25.906666666666666,6,4,interaction_mid,0.362568911968339,0.3688410502068292
1473494,2025,14,5,1,-18.428571428571416,7.741935483870968,-20.50333333333333,6,4,interaction_mid,0.5148199777130853,0.5145579593219878
1473494,2025,14,6,1,-18.428571428571416,8.0,-21.099999999999994,6,4,interaction_mid,0.47724589986374744,0.4786744098047527
1473494,2025,15,1,1,-18.428571428571416,8.275862068965518,-21.69666666666666,6,4,interaction_mid,0.44994718423700963,0.45426412151368095
1473494,2025,15,2,1,-18.428571428571416,8.357142857142858,-21.293333333333322,6,4,interaction_mid,0.4518672878893579,0.4561048443595581
1473494,2025,15,3,1,-18.428571428571416,8.666666666666666,-21.890000000000015,6,4,interaction_mid,0.4438216057591129,0.4483905647795017
1473494,2025,15,4,1,-18.428571428571416,8.076923076923077,-18.48666666666668,6,4,interaction_mid,0.5744304394565445,0.573438752741087
1473494,2025,15,5,1,-18.428571428571416,8.16,-18.083333333333314,6,4,interaction_mid,0.5685491911461393,0.5678069411098866
1473494,2025,15,6,1,-18.428571428571416,8.25,-17.67999999999998,6,4,interaction_mid,0.5721314818682341,0.5712371729289771
1473497,2025,7,1,0,35.14285714285714,9.74025974025974,2.4724999999999966,1,9,interaction_mid,0.5902686421029046,0.5751935001908018
1473497,2025,7,2,0,35.14285714285714,9.868421052631579,0.8299999999999841,1,9,interaction_mid,0.5547969473920453,0.5445578130703723
1473497,2025,7,3,0,35.14285714285714,9.52,5.1875,1,9,interaction_mid,0.682828343628807,0.65647482072175
1473497,2025,7,4,0,35.14285714285714,9.486486486486488,5.545000000000016,1,9,interaction_mid,0.6866644383240881,0.659903784397999
1473497,2025,7,5,0,35.14285714285714,9.534246575342465,4.902500000000003,1,9,interaction_mid,0.6375444109947176,0.6164022329099106
1473497,2025,7,6,0,35.14285714285714,9.583333333333334,4.260000000000005,1,9,interaction_mid,0.6351369559239426,0.6142902553657236
1473497,2025,8,1,0,35.14285714285714,9.633802816901408,3.6174999999999926,1,9,interaction_mid,0.6381292811953682,0.6210519620870006
1473497,2025,8,2,0,35.14285714285714,9.600000000000001,3.9750000000000085,1,9,interaction_mid,0.6466626341801731,0.6287039861415148
1473497,2025,8,3,0,35.14285714285714,9.652173913043478,3.332499999999996,1,9,interaction_mid,0.6421583698761539,0.6246626125598173
1473497,2025,8,4,0,35.14285714285714,9.794117647058822,-10.719999999999999,2,8,interaction_mid,0.4520587842973877,0.4567262345573996
1473497,2025,8,5,0,35.14285714285714,9.940298507462686,-12.179999999999978,2,8,interaction_mid,0.4130652852589246,0.42232986347054596
1473497,2025,8,6,0,35.14285714285714,10.0,-12.639999999999986,2,8,interaction_mid,0.40991891757462384,0.41954676008487235
1473497,2025,9,1,0,35.14285714285714,10.153846153846153,-14.099999999999994,2,8,interaction_mid,0.3990360457768176,0.4180010430246495
1473497,2025,9,2,0,35.14285714285714,10.21875,-14.559999999999988,2,8,interaction_mid,0.3906137411034261,0.41073179226436796
1473497,2025,9,3,0,35.14285714285714,10.285714285714285,-15.019999999999996,2,8,interaction_mid,0.3821946349693769,0.40344804449663896
1473497,2025,9,4,0,35.14285714285714,10.451612903225806,-16.47999999999999,2,8,interaction_mid,0.37546469325043386,0.3976123603242349
1473497,2025,9,5,0,35.14285714285714,10.524590163934427,-16.939999999999998,2,8,interaction_mid,0.3758967758090255,0.39798739932444466
1473497,2025,9,6,0,35.14285714285714,10.6,-17.400000000000006,2,8,interaction_mid,0.3766726716725833,0.39866073178615247
1473497,2025,10,1,0,35.14285714285714,10.779661016949152,-18.860000000000014,2,8,interaction_mid,0.3687507650226366,0.38905387839269995
1473497,2025,10,2,0,35.14285714285714,10.965517241379311,-30.905,3,7,interaction_mid,0.27280386586723226,0.3002636620451909
1473497,2025,10,3,0,35.14285714285714,11.157894736842106,-32.182500000000005,3,7,interaction_mid,0.2747193567816604,0.30207110292559436
1473497,2025,10,4,0,35.14285714285714,11.142857142857142,-31.460000000000008,3,7,interaction_mid,0.29575782254163585,0.3218152983528124
1473497,2025,10,5,0,35.14285714285714,11.236363636363636,-31.73750000000001,3,7,interaction_mid,0.28668351448631074,0.31332273854305615
1473497,2025,10,6,0,35.14285714285714,11.222222222222223,-31.015000000000015,3,7,interaction_mid,0.30131307645263755,0.3269977363861347
1473497,2025,11,1,0,35.14285714285714,11.433962264150944,-32.29250000000002,3,7,interaction_mid,0.2920612021679234,0.31691056601316114
1473497,2025,11,2,0,35.14285714285714,11.192307692307693,-29.569999999999993,3,7,interaction_mid,0.30991642247007334,0.33386903657123307
1473497,2025,11,3,0,35.14285714285714,11.294117647058822,-29.847499999999997,3,7,interaction_mid,0.31286743014393925,0.33666096915569327
1473497,2025,11,4,0,35.14285714285714,11.399999999999999,-30.12499999999997,3,7,interaction_mid,0.3085224149910205,0.33254913490018523
1473497,2025,11,5,0,35.14285714285714,11.63265306122449,-31.402499999999975,3,7,interaction_mid,0.3062147522796398,0.33036266472105175
1473497,2025,11,6,0,35.14285714285714,11.75,-31.680000000000007,3,7,interaction_mid,0.30324609394817076,0.3275471579776515
1473497,2025,12,1,0,35.14285714285714,11.23404255319149,-26.95750000000001,3,7,interaction_mid,0.3112272964595435,0.3321299657416405
1473497,2025,12,2,0,35.14285714285714,11.347826086956522,-27.235000000000014,3,7,interaction_mid,0.3193129607883401,0.3397697595967606
1473497,2025,12,3,0,35.14285714285714,11.466666666666667,-27.512500000000017,3,7,interaction_mid,0.30731895297536505,0.3284298997511961
1473497,2025,12,4,0,35.14285714285714,11.454545454545455,-26.79000000000002,3,7,interaction_mid,0.31846426818911056,0.3389687947958744
1473497,2025,12,5,0,35.14285714285714,11.58139534883721,-27.067500000000024,3,7,interaction_mid,0.3149680082085351,0.33566687515491567
1473497,2025,12,6,0,35.14285714285714,11.0,-22.345,3,7,interaction_mid,0.37826806396527585,0.39494341912600284
1473497,2025,13,1,0,35.14285714285714,11.121951219512196,-22.622500000000002,3,7,interaction_mid,0.37061582080956623,0.3772246450855477
1473497,2025,13,2,0,35.14285714285714,11.399999999999999,-31.200000000000017,4,6,interaction_mid,0.2792982921274636,0.28963781652278436
1473497,2025,13,3,0,35.14285714285714,11.692307692307692,-32.29499999999999,4,6,interaction_mid,0.28914229293288324,0.29914706679530106
1473497,2025,13,4,0,35.14285714285714,11.842105263157894,-32.390000000000015,4,6,interaction_mid,0.2838720204059676,0.2940584487858689
1473497,2025,13,5,0,35.14285714285714,12.162162162162163,-33.484999999999985,4,6,interaction_mid,0.2760358628746851,0.286481933932925
1473497,2025,13,6,0,35.14285714285714,12.333333333333332,-33.58000000000001,4,6,interaction_mid,0.2702404814713302,0.2808702086853702
1473497,2025,14,1,0,35.14285714285714,12.514285714285716,-33.67499999999998,4,6,interaction_mid,0.26136869592121337,0.27082402132665917
1473497,2025,14,2,0,35.14285714285714,12.705882352941178,-33.77000000000001,4,6,interaction_mid,0.27294116209508684,0.28211528212759834
1473497,2025,14,3,0,35.14285714285714,12.0,-28.86499999999998,4,6,interaction_mid,0.3054719342025284,0.3137272338053617
1473497,2025,14,4,0,35.14285714285714,12.375,-29.95999999999998,4,6,interaction_mid,0.29612210415669254,0.3046595127404485
1473497,2025,14,5,0,35.14285714285714,12.774193548387096,-31.055000000000007,4,6,interaction_mid,0.2936142883314743,0.3022249980138586
1473497,2025,14,6,0,35.14285714285714,13.200000000000001,-32.150000000000006,4,6,interaction_mid,0.2937385038284888,0.302345606959336
1473497,2025,15,1,0,35.14285714285714,13.655172413793103,-33.245000000000005,4,6,interaction_mid,0.2679357370354377,0.2782425749438218
1473497,2025,15,2,0,35.14285714285714,13.285714285714286,-30.340000000000003,4,6,interaction_mid,0.3020981573001068,0.3116109600783182
1473497,2025,15,3,0,35.14285714285714,13.555555555555554,-30.435000000000002,4,6,interaction_mid,0.2843162459920738,0.2942685556586862
1473497,2025,15,4,0,35.14285714285714,13.153846153846155,-27.53,4,6,interaction_mid,0.3076212101752669,0.31698678477206654
1473497,2025,15,5,0,35.14285714285714,13.440000000000001,-27.625,4,6,interaction_mid,0.2889485450794304,0.29879161962717027
1473497,2025,15,6,0,35.14285714285714,13.75,-27.72,4,6,interaction_mid,0.27480746838082704,0.28497176987582395
1473498,2025,7,1,1,1.3157894736842195,10.597402597402597,-7.308333333333323,0,10,interaction_mid,0.6274207864654107,0.6075319383065682
1473498,2025,7,2,1,1.3157894736842195,10.578947368421051,-6.966666666666669,0,10,interaction_mid,0.6200907125352,0.6011263318486013
1473498,2025,7,3,1,1.3157894736842195,10.64,-7.625,0,10,interaction_mid,0.612024985448884,0.5940931706013179
1473498,2025,7,4,1,1.3157894736842195,10.702702702702702,-8.283333333333331,0,10,interaction_mid,0.60012139003869,0.5837404559040423
1473498,2025,7,5,1,1.3157894736842195,10.767123287671232,-8.941666666666677,0,10,interaction_mid,0.5947139857039598,0.5790473626763519
1473498,2025,7,6,1,1.3157894736842195,10.833333333333334,-9.600000000000009,0,10,interaction_mid,0.5946607549818846,0.5790011923494333
1473498,2025,8,1,1,1.3157894736842195,10.647887323943662,-7.258333333333326,0,10,interaction_mid,0.6188254823749617,0.6038061384835859
1473498,2025,8,2,1,1.3157894736842195,10.714285714285715,-7.916666666666657,0,10,interaction_mid,0.6110634336251717,0.5968942905571686
1473498,2025,8,3,1,1.3157894736842195,10.347826086956523,-3.575000000000003,0,10,interaction_mid,0.6476565669238225,0.6295964891689882
1473498,2025,8,4,1,1.3157894736842195,10.5,-5.233333333333334,0,10,interaction_mid,0.6393840329161473,0.622175967577332
1473498,2025,8,5,1,1.3157894736842195,10.567164179104477,-5.891666666666666,0,10,interaction_mid,0.6353601534111939,0.6185727463126665
1473498,2025,8,6,1,1.3157894736842195,10.727272727272727,-7.549999999999997,0,10,interaction_mid,0.6338912617011682,0.617258391249631
1473498,2025,9,1,1,1.3157894736842195,10.8,-8.208333333333343,0,10,interaction_mid,0.6227213670313598,0.6089415338992874
1473498,2025,9,2,1,1.3157894736842195,10.875,-8.866666666666674,0,10,interaction_mid,0.6256059954194635,0.6114272029845983
1473498,2025,9,3,1,1.3157894736842195,10.476190476190476,-4.5249999999999915,0,10,interaction_mid,0.6658566608973149,0.6463339353348099
1473498,2025,9,4,1,1.3157894736842195,10.548387096774194,-5.183333333333323,0,10,interaction_mid,0.6629504108202455,0.6437978375553413
1473498,2025,9,5,1,1.3157894736842195,10.62295081967213,-5.841666666666669,0,10,interaction_mid,0.6626203604964067,0.6435099949171252
1473498,2025,9,6,1,1.3157894736842195,10.700000000000001,-6.5,0,10,interaction_mid,0.653705284330671,0.6357477716372316
1473498,2025,9,7,1,1.3157894736842195,10.881355932203391,-8.158333333333331,0,10,interaction_mid,0.6418888998043142,0.6254952085237363
1473498,2025,10,1,1,1.3157894736842195,10.779661016949152,-7.158333333333331,0,10,interaction_mid,0.6508910393359703,0.6417962425814471
1473498,2025,10,2,1,1.3157894736842195,10.862068965517242,-7.816666666666649,0,10,interaction_mid,0.6373122907159426,0.6295680297675201
1473498,2025,10,3,1,1.3157894736842195,10.94736842105263,-8.475000000000009,0,10,interaction_mid,0.6249849766701217,0.6184940273011683
1473498,2025,10,4,1,1.3157894736842195,10.5,-4.133333333333326,0,10,interaction_mid,0.6663089361803138,0.6557244305131863
1473498,2025,10,5,1,1.3157894736842195,10.581818181818182,-4.791666666666686,0,10,interaction_mid,0.653069074047844,0.6437608680825522
1473498,2025,10,6,1,1.3157894736842195,10.666666666666666,-5.450000000000003,0,10,interaction_mid,0.6521812081236236,0.6429598848426619
1473498,2025,11,1,1,1.3157894736842195,10.18867924528302,-1.1083333333333343,0,10,interaction_mid,0.6903399546670641,0.6830310153798753
1473498,2025,11,2,1,1.3157894736842195,10.269230769230768,-1.7666666666666657,0,10,interaction_mid,0.6882815409458068,0.6811337864074738
1473498,2025,11,3,1,1.3157894736842195,10.352941176470589,-2.424999999999997,0,10,interaction_mid,0.6847698240730518,0.6778990130387496
1473498,2025,11,4,1,1.3157894736842195,10.44,-3.0833333333333144,0,10,interaction_mid,0.6834836352356846,0.6767148615735056
1473498,2025,11,5,1,1.3157894736842195,10.53061224489796,-3.7416666666666742,0,10,interaction_mid,0.678707367757398,0.672320268490483
1473498,2025,11,6,1,1.3157894736842195,10.625,-4.3999999999999915,0,10,interaction_mid,0.6712847142788321,0.6654990391250513
1473498,2025,12,1,1,1.3157894736842195,10.72340425531915,-5.058333333333351,0,10,interaction_mid,0.69010261276928,0.6812950392239617
1473498,2025,12,2,1,1.3157894736842195,10.695652173913043,-4.716666666666669,0,10,interaction_mid,0.6910477396261032,0.6821724808815419
1473498,2025,12,3,1,1.3157894736842195,10.8,-5.375,0,10,interaction_mid,0.6841664920447066,0.6757882911558071
1473498,2025,12,4,1,1.3157894736842195,10.5,-3.0333333333333314,0,10,interaction_mid,0.6983335733640166,0.6889430378210623
1473498,2025,12,5,1,1.3157894736842195,9.906976744186046,1.3083333333333513,0,10,interaction_mid,0.7910462023883039,0.7764153867653721
1473498,2025,12,6,1,1.3157894736842195,10.0,0.6500000000000057,0,10,interaction_mid,0.7882020801856919,0.7736861795648252
1473498,2025,12,7,1,1.3157894736842195,9.658536585365855,2.9916666666666742,0,10,interaction_mid,0.8267775615546311,0.8110359632053727
1473498,2025,13,1,1,1.3157894736842195,9.073170731707318,6.991666666666674,0,10,interaction_mid,0.9214539679447802,0.9112580462975046
1473498,2025,13,2,1,1.3157894736842195,9.149999999999999,6.333333333333314,0,10,interaction_mid,0.9167126007134911,0.9062567066429537
1473498,2025,13,3,1,1.3157894736842195,9.076923076923077,6.674999999999983,0,10,interaction_mid,0.9221342874176214,0.9119773837936872
1473498,2025,13,4,1,1.3157894736842195,9.31578947368421,5.0166666666666515,0,10,interaction_mid,0.9095817473425905,0.8987723248119234
1473498,2025,13,5,1,1.3157894736842195,9.405405405405405,4.3583333333333485,0,10,interaction_mid,0.8529354525063859,0.8405923400070585
1473498,2025,13,6,1,1.3157894736842195,9.5,3.700000000000017,0,10,interaction_mid,0.8438946206418687,0.8314753308775412
1473498,2025,14,1,1,1.3157894736842195,8.742857142857142,8.041666666666686,0,10,interaction_mid,0.9381757519998938,0.9307810752296424
1473498,2025,14,2,1,1.3157894736842195,8.823529411764707,7.383333333333326,0,10,interaction_mid,0.932723543920837,0.9250118480994416
1473498,2025,14,3,1,1.3157894736842195,8.90909090909091,6.724999999999994,0,10,interaction_mid,0.9292986510027088,0.9214016951524687
1473498,2025,14,4,1,1.3157894736842195,9.0,6.066666666666663,0,10,interaction_mid,0.9255658171767335,0.9174784384488371
1473498,2025,14,5,1,1.3157894736842195,9.096774193548388,5.408333333333331,0,10,interaction_mid,0.9243462040373984,0.9161991115325845
1473498,2025,14,6,1,1.3157894736842195,9.200000000000001,4.75,0,10,interaction_mid,0.8647777610498162,0.8549031109234398
1473498,2025,14,7,1,1.3157894736842195,9.517241379310345,3.0916666666666686,0,10,interaction_mid,0.8416902100392085,0.8316283393140714
1473498,2025,15,1,1,1.3157894736842195,8.689655172413794,7.091666666666669,0,10,interaction_mid,0.9422611214346436,0.9359192551948236
1473498,2025,15,2,1,1.3157894736842195,8.142857142857142,9.433333333333337,0,10,interaction_mid,0.9620278944082077,0.9569899212947713
1473498,2025,15,3,1,1.3157894736842195,8.222222222222223,8.775000000000006,0,10,interaction_mid,0.9565866995503942,0.9511426789500242
1473498,2025,15,4,1,1.3157894736842195,8.307692307692307,8.116666666666674,0,10,interaction_mid,0.9508127260033754,0.9449792401190861
1473498,2025,15,5,1,1.3157894736842195,8.399999999999999,7.458333333333343,0,10,interaction_mid,0.9495161658389271,0.9436005843767522
1473498,2025,15,6,1,1.3157894736842195,8.75,5.799999999999983,0,10,interaction_mid,0.9353445199481858,0.9286440577445183
1473499,2025,7,1,1,34.44444444444446,8.415584415584416,11.387500000000003,1,9,interaction_mid,0.8988592562198934,0.8657223721212515
1473499,2025,7,2,1,34.44444444444446,8.447368421052632,10.849999999999994,1,9,interaction_mid,0.9015201093563245,0.8686478948469024
1473499,2025,7,3,1,34.44444444444446,8.56,-3.5,2,8,interaction_mid,0.7931534537106786,0.7581769943177039
1473499,2025,7,4,1,34.44444444444446,8.594594594594595,-3.866666666666646,2,8,interaction_mid,0.7787547508338244,0.7444600280868326
1473499,2025,7,5,1,34.44444444444446,8.63013698630137,-4.2333333333333485,2,8,interaction_mid,0.7905550346600287,0.7556892434771172
1473499,2025,7,6,1,34.44444444444446,8.583333333333334,-3.6000000000000085,2,8,interaction_mid,0.8081506468106914,0.7726492998385077
1473499,2025,8,1,1,34.44444444444446,8.704225352112676,-4.966666666666654,2,8,interaction_mid,0.80862270441891,0.7793596871431743
1473499,2025,8,2,1,34.44444444444446,8.485714285714286,-2.3333333333333144,2,8,interaction_mid,0.8215969024714895,0.7920982713693068
1473499,2025,8,3,1,34.44444444444446,8.521739130434783,-2.700000000000003,2,8,interaction_mid,0.8292258202228442,0.799656520185303
1473499,2025,8,4,1,34.44444444444446,8.470588235294118,-2.066666666666663,2,8,interaction_mid,0.8277870768586841,0.7982270759955394
1473499,2025,8,5,1,34.44444444444446,8.507462686567164,-2.4333333333333087,2,8,interaction_mid,0.8274349186596324,0.7978774833345599
1473499,2025,8,6,1,34.44444444444446,8.09090909090909,2.200000000000017,2,8,interaction_mid,0.8683141123263578,0.8393024885977715
1473499,2025,9,1,1,34.44444444444446,8.123076923076923,1.8333333333333428,2,8,interaction_mid,0.858945779851895,0.8252409108317071
1473499,2025,9,2,1,34.44444444444446,8.25,0.4666666666666828,2,8,interaction_mid,0.8549180564878224,0.8211776099471952
1473499,2025,9,3,1,34.44444444444446,8.38095238095238,-0.8999999999999915,2,8,interaction_mid,0.8566984689005442,0.8229710423827107
1473499,2025,9,4,1,34.44444444444446,8.516129032258064,-2.2666666666666657,2,8,interaction_mid,0.8556838045050937,0.8219484372858791
1473499,2025,9,5,1,34.44444444444446,8.557377049180328,-2.6333333333333258,2,8,interaction_mid,0.8603290293892418,0.8266414971787058
1473499,2025,9,6,1,34.44444444444446,8.6,-3.0,2,8,interaction_mid,0.8520659825998984,0.818313437291895
1473499,2025,10,1,1,34.44444444444446,8.338983050847459,-0.36666666666667425,2,8,interaction_mid,0.8649210562659542,0.843294790151901
1473499,2025,10,2,1,34.44444444444446,8.379310344827587,-0.7333333333333201,2,8,interaction_mid,0.8649590893647082,0.8433331364152038
1473499,2025,10,3,1,34.44444444444446,8.421052631578947,-1.0999999999999943,2,8,interaction_mid,0.8700943567265667,0.8485244100567766
1473499,2025,10,4,1,34.44444444444446,8.142857142857142,1.5333333333333314,2,8,interaction_mid,0.8899249348120948,0.8688480941185917
1473499,2025,10,5,1,34.44444444444446,8.181818181818182,1.1666666666666856,2,8,interaction_mid,0.8899070733125599,0.8688295740117358
1473499,2025,10,6,1,34.44444444444446,8.11111111111111,1.8000000000000114,2,8,interaction_mid,0.8921700099048222,0.8711792659557638
1473499,2025,11,1,1,34.44444444444446,7.584905660377358,6.433333333333309,2,8,interaction_mid,0.9269724970002693,0.913018780607921
1473499,2025,11,2,1,34.44444444444446,7.615384615384615,6.066666666666663,2,8,interaction_mid,0.9282803790352554,0.9144168468199346
1473499,2025,11,3,1,34.44444444444446,7.764705882352942,-4.012499999999989,3,7,interaction_mid,0.8531528059238332,0.8374859020452371
1473499,2025,11,4,1,34.44444444444446,7.92,-5.208333333333314,3,7,interaction_mid,0.837621410219223,0.8222106804200471
1473499,2025,11,5,1,34.44444444444446,8.081632653061224,-6.404166666666669,3,7,interaction_mid,0.845605861208379,0.8300429433034104
1473499,2025,11,6,1,34.44444444444446,8.0,-5.599999999999994,3,7,interaction_mid,0.8503249421005126,0.8346923018167289
1473499,2025,12,1,1,34.44444444444446,8.042553191489361,-5.79583333333332,3,7,interaction_mid,0.8493888844807782,0.8333159770602708
1473499,2025,12,2,1,34.44444444444446,8.08695652173913,-5.991666666666674,3,7,interaction_mid,0.8502952210545657,0.8342160052117172
1473499,2025,12,3,1,34.44444444444446,8.133333333333333,-6.1875,3,7,interaction_mid,0.8632101454365062,0.8471054779435265
1473499,2025,12,4,1,34.44444444444446,8.045454545454545,-5.383333333333354,3,7,interaction_mid,0.8660983067459637,0.8500052255911332
1473499,2025,12,5,1,34.44444444444446,8.232558139534884,-6.57916666666668,3,7,interaction_mid,0.8653035500167607,0.8492066231222556
1473499,2025,12,6,1,34.44444444444446,8.285714285714285,-6.775000000000006,3,7,interaction_mid,0.8672555433406948,0.8511689652466435
1473499,2025,13,1,1,34.44444444444446,7.902439024390244,-3.9708333333333314,3,7,interaction_mid,0.8903052104563309,0.8787411409432354
1473499,2025,13,2,1,34.44444444444446,7.5,-1.1666666666666856,3,7,interaction_mid,0.9097635638662119,0.8989626210875109
1473499,2025,13,3,1,34.44444444444446,7.076923076923077,1.637500000000017,3,7,interaction_mid,0.9386888425723997,0.9296276418128304
1473499,2025,13,4,1,34.44444444444446,6.947368421052632,2.441666666666663,3,7,interaction_mid,0.9423390541853307,0.933561217128296
1473499,2025,13,5,1,34.44444444444446,6.972972972972972,2.245833333333337,3,7,interaction_mid,0.9399192502335327,0.9309517240444611
1473499,2025,13,6,1,34.44444444444446,7.0,2.049999999999983,3,7,interaction_mid,0.9395477567059665,0.9305517532573513
1473499,2025,13,7,1,34.44444444444446,7.0285714285714285,1.8541666666666572,3,7,interaction_mid,0.9387479259676297,0.9296911814255571
1473499,2025,14,1,1,34.44444444444446,7.0285714285714285,1.8541666666666572,3,7,interaction_mid,0.9407568707398354,0.9335222936180525
1473499,2025,14,2,1,34.44444444444446,7.0588235294117645,1.658333333333303,3,7,interaction_mid,0.9393211805350892,0.9319967295859903
1473499,2025,14,3,1,34.44444444444446,6.90909090909091,2.4625000000000057,3,7,interaction_mid,0.9439711103213366,0.9369454514859807
1473499,2025,14,4,1,34.44444444444446,6.9375,2.2666666666666515,3,7,interaction_mid,0.9426898109042482,0.9355795695463357
1473499,2025,14,5,1,34.44444444444446,6.967741935483872,2.070833333333354,3,7,interaction_mid,0.9399579395364188,0.9326730928568079
1473499,2025,14,6,1,34.44444444444446,7.0,1.875,3,7,interaction_mid,0.9382639461828928,0.9308746305716399
1473499,2025,15,1,1,34.44444444444446,7.034482758620689,1.6791666666666742,3,7,interaction_mid,0.9381880417755317,0.9316297029162718
1473499,2025,15,2,1,34.44444444444446,7.071428571428571,1.48333333333332,3,7,interaction_mid,0.9369973241354226,0.9303785954446321
1473499,2025,15,3,1,34.44444444444446,6.888888888888889,2.2874999999999943,3,7,interaction_mid,0.9438563999252576,0.937603651025217
1473499,2025,15,4,1,34.44444444444446,6.9230769230769225,2.0916666666666686,3,7,interaction_mid,0.942867076195874,0.9365587657630124
1473499,2025,15,5,1,34.44444444444446,6.720000000000001,2.895833333333343,3,7,interaction_mid,0.9520704122680359,0.9463183816916086
1473499,2025,15,6,1,34.44444444444446,6.75,2.6999999999999886,3,7,interaction_mid,0.9522975412073886,0.9465604155760936
1473500,2025,7,1,1,-10.75,9.506493506493507,-13.007499999999993,1,9,interaction_mid,0.5400174688090782,0.5318411476295273
1473500,2025,7,2,1,-10.75,9.552631578947368,-13.41000000000001,1,9,interaction_mid,0.5349814745138313,0.5275127322793459
1473500,2025,7,3,1,-10.75,9.600000000000001,-13.8125,1,9,interaction_mid,0.5324490063388885,0.5253368552953361
1473500,2025,7,4,1,-10.75,9.243243243243244,-9.21499999999999,1,9,interaction_mid,0.5916725341982652,0.5764101927895079
1473500,2025,7,5,1,-10.75,9.04109589041096,-6.617500000000007,1,9,interaction_mid,0.6180974319291923,0.5993867768262087
1473500,2025,7,6,1,-10.75,8.833333333333334,-4.019999999999996,1,9,interaction_mid,0.6559649668940843,0.6326193064539177
1473500,2025,8,1,1,-10.75,8.873239436619718,-4.422499999999999,1,9,interaction_mid,0.6478914410332531,0.6298074329191106
1473500,2025,8,2,1,-10.75,9.0,-5.825000000000003,1,9,interaction_mid,0.6403450297106859,0.6230370923550694
1473500,2025,8,3,1,-10.75,9.043478260869566,-6.227500000000006,1,9,interaction_mid,0.6376265504907301,0.6206017253859499
1473500,2025,8,4,1,-10.75,9.176470588235293,-7.6299999999999955,1,9,interaction_mid,0.6195872967892597,0.6044851719526744
1473500,2025,8,5,1,-10.75,9.313432835820896,-9.032499999999985,1,9,interaction_mid,0.6060069069467884,0.5923979630881645
1473500,2025,8,6,1,-10.75,9.363636363636363,-9.434999999999974,1,9,interaction_mid,0.5995950265758938,0.5867031981899392
1473500,2025,9,1,1,-10.75,8.953846153846154,-4.8374999999999915,1,9,interaction_mid,0.6545263470690641,0.6364616528327256
1473500,2025,9,2,1,-10.75,9.0,-5.240000000000009,1,9,interaction_mid,0.6541998109702474,0.636177718894796
1473500,2025,9,3,1,-10.75,9.047619047619047,-5.642499999999998,1,9,interaction_mid,0.6503401097599047,0.6328239464442861
1473500,2025,9,4,1,-10.75,9.193548387096774,-7.0449999999999875,1,9,interaction_mid,0.6275881066006654,0.6131362719183246
1473500,2025,9,5,1,-10.75,9.245901639344261,-7.447499999999991,1,9,interaction_mid,0.6234117068260402,0.6095362266332817
1473500,2025,9,6,1,-10.75,9.3,-7.8500000000000085,1,9,interaction_mid,0.6192593576765669,0.6059607619915475
1473500,2025,10,1,1,-10.75,9.35593220338983,-8.252499999999998,1,9,interaction_mid,0.6184135966182457,0.6126001705531076
1473500,2025,10,2,1,-10.75,9.413793103448276,-8.654999999999987,1,9,interaction_mid,0.6128263714237556,0.6075936764703773
1473500,2025,10,3,1,-10.75,8.947368421052632,-4.0575000000000045,1,9,interaction_mid,0.6899762060517322,0.677211101876188
1473500,2025,10,4,1,-10.75,9.107142857142858,-5.459999999999994,1,9,interaction_mid,0.667600729762416,0.6568937263686756
1473500,2025,10,5,1,-10.75,8.618181818181817,-0.8624999999999972,1,9,interaction_mid,0.7128288280648631,0.698103046563314
1473500,2025,10,6,1,-10.75,8.666666666666666,-1.2650000000000006,1,9,interaction_mid,0.7154709224179673,0.700528870308615
1473500,2025,11,1,1,-10.75,8.60377358490566,-0.667500000000004,1,9,interaction_mid,0.7200168497564512,0.7104884902444552
1473500,2025,11,2,1,-10.75,8.653846153846153,-1.0699999999999932,1,9,interaction_mid,0.7220977256285683,0.7124217903287751
1473500,2025,11,3,1,-10.75,8.823529411764707,-2.4724999999999824,1,9,interaction_mid,0.7178706485570677,0.7084956851275491
1473500,2025,11,4,1,-10.75,8.879999999999999,-2.875,1,9,interaction_mid,0.7111054581339165,0.7022216900477855
1473500,2025,11,5,1,-10.75,8.938775510204081,-3.2775000000000176,1,9,interaction_mid,0.7096287510808812,0.7008537061779206
1473500,2025,11,6,1,-10.75,8.375,1.3200000000000216,1,9,interaction_mid,0.8041268987652934,0.7897697685197298
1473500,2025,11,7,1,-10.75,8.553191489361701,-0.08249999999999602,1,9,interaction_mid,0.7725849959375468,0.7597298708599421
1473500,2025,12,1,1,-10.75,8.042553191489361,3.917500000000004,1,9,interaction_mid,0.8879346589319681,0.8721579557925645
1473500,2025,12,2,1,-10.75,8.08695652173913,3.5150000000000006,1,9,interaction_mid,0.8920158808527978,0.8763473931808642
1473500,2025,12,3,1,-10.75,8.133333333333333,3.112499999999997,1,9,interaction_mid,0.8814948294027705,0.8655803757995884
1473500,2025,12,4,1,-10.75,8.181818181818182,2.7099999999999937,1,9,interaction_mid,0.8754556180160142,0.8594467559156613
1473500,2025,12,5,1,-10.75,8.232558139534884,2.3075000000000045,1,9,interaction_mid,0.874516039354271,0.8584953872692999
1473500,2025,12,6,1,-10.75,8.285714285714285,1.9050000000000011,1,9,interaction_mid,0.853964231445582,0.8378653816200607
1473500,2025,12,7,1,-10.75,7.902439024390244,4.502499999999998,1,9,interaction_mid,0.9052250415107366,0.8900276270170306
1473500,2025,13,1,1,-10.75,7.7560975609756095,5.502499999999998,1,9,interaction_mid,0.9436157923598802,0.9349410377970743
1473500,2025,13,2,1,-10.75,7.949999999999999,-2.133333333333354,2,8,interaction_mid,0.8510461103349625,0.8386838239319936
1473500,2025,13,3,1,-10.75,8.0,-2.3799999999999955,2,8,interaction_mid,0.8346787293784045,0.8222207372446326
1473500,2025,13,4,1,-10.75,8.052631578947368,-2.626666666666665,2,8,interaction_mid,0.8280733505019229,0.8156104156748389
1473500,2025,13,5,1,-10.75,8.108108108108109,-2.873333333333335,2,8,interaction_mid,0.8099275880627916,0.7975417154765231
1473500,2025,13,6,1,-10.75,8.333333333333332,-9.730000000000018,3,7,interaction_mid,0.6582887790729983,0.6502107984297094
1473500,2025,14,1,1,-10.75,8.399999999999999,-9.820833333333354,3,7,interaction_mid,0.6545492569679348,0.6483807206082847
1473500,2025,14,2,1,-10.75,8.647058823529411,-10.91166666666669,3,7,interaction_mid,0.6607154546812019,0.6543199209736387
1473500,2025,14,3,1,-10.75,8.90909090909091,-12.002499999999998,3,7,interaction_mid,0.6504825125977927,0.6444659760846004
1473500,2025,14,4,1,-10.75,8.0625,-7.093333333333334,3,7,interaction_mid,0.726343093488953,0.7178448165502234
1473500,2025,14,5,1,-10.75,7.548387096774194,-4.184166666666641,3,7,interaction_mid,0.8628599646587014,0.852961227550043
1473500,2025,14,6,1,-10.75,7.6,-4.275000000000006,3,7,interaction_mid,0.8681721117753611,0.8583441495016845
1473500,2025,15,1,1,-10.75,7.448275862068966,-3.3658333333333417,3,7,interaction_mid,0.8946967410444291,0.8866200485782595
1473500,2025,15,2,1,-10.75,6.857142857142857,-0.45666666666667766,3,7,interaction_mid,0.9564683656206041,0.9510159527263408
1473500,2025,15,3,1,-10.75,6.888888888888889,-0.5475000000000136,3,7,interaction_mid,0.9555706141838454,0.9500551108463208
1473500,2025,15,4,1,-10.75,6.9230769230769225,-0.6383333333333496,3,7,interaction_mid,0.9544020301594713,0.9488059106052072
1473500,2025,15,5,1,-10.75,7.199999999999999,-5.625,4,6,interaction_mid,0.8872152224636953,0.8789944402236092
1473500,2025,15,6,1,-10.75,6.25,-1.5600000000000023,4,6,interaction_mid,0.9431701463084872,0.9368787538447935
1473500,2025,15,7,1,-10.75,6.521739130434782,-2.4950000000000045,4,6,interaction_mid,0.9381597697046571,0.931599982122874
1473500,2025,15,8,1,-10.75,6.545454545454545,-2.430000000000007,4,6,interaction_mid,0.935807472440681,0.9291296616702749
1473501,2025,7,1,0,3.235294117647072,9.896103896103895,-45.14999999999999,3,7,interaction_mid,0.3796904953319914,0.3938758981495183
1473501,2025,7,2,0,3.235294117647072,10.026315789473685,-46.19999999999999,3,7,interaction_mid,0.37767209213039676,0.39212070033324026
1473501,2025,7,3,0,3.235294117647072,10.08,-46.25,3,7,interaction_mid,0.3611189474017305,0.37769059270278665
1473501,2025,7,4,0,3.235294117647072,10.216216216216216,-47.30000000000001,3,7,interaction_mid,0.34582985063258037,0.3642999556997612
1473501,2025,7,5,0,3.235294117647072,10.356164383561644,-48.35000000000001,3,7,interaction_mid,0.3176588123212002,0.3394407707293724
1473501,2025,7,6,0,3.235294117647072,10.5,-60.2,4,6,interaction_mid,0.17113085248771903,0.20372850626111744
1473501,2025,8,1,0,3.235294117647072,10.647887323943662,-61.10000000000001,4,6,interaction_mid,0.16308184725734348,0.19127583626275857
1473501,2025,8,2,0,3.235294117647072,10.714285714285715,-60.999999999999986,4,6,interaction_mid,0.1532154668903415,0.1814010238852447
1473501,2025,8,3,0,3.235294117647072,10.782608695652174,-60.900000000000006,4,6,interaction_mid,0.14940246560998346,0.17755817782407704
1473501,2025,8,4,0,3.235294117647072,10.852941176470589,-60.80000000000001,4,6,interaction_mid,0.16373290380313982,0.19192408979225667
1473501,2025,8,5,0,3.235294117647072,10.925373134328357,-60.7,4,6,interaction_mid,0.1685685584022767,0.19672642139892688
1473501,2025,8,6,0,3.235294117647072,10.545454545454545,-55.599999999999994,4,6,interaction_mid,0.22510450276980382,0.251462542173235
1473501,2025,9,1,0,3.235294117647072,10.707692307692309,-56.500000000000014,4,6,interaction_mid,0.2345538064393524,0.27127822653382216
1473501,2025,9,2,0,3.235294117647072,10.875,-67.0,5,5,interaction_mid,0.12019323287431732,0.1578039005818815
1473501,2025,9,3,0,3.235294117647072,11.047619047619047,-67.75,5,5,interaction_mid,0.10677408541843632,0.14330204801286928
1473501,2025,9,4,0,3.235294117647072,11.225806451612902,-68.5,5,5,interaction_mid,0.09547260557078278,0.13080149009203232
1473501,2025,9,5,0,3.235294117647072,11.40983606557377,-69.25,5,5,interaction_mid,0.08630465570570592,0.12044152330386047
1473501,2025,9,6,0,3.235294117647072,11.5,-69.0,5,5,interaction_mid,0.08937786702638678,0.12393777573427826
1473501,2025,10,1,0,3.235294117647072,11.694915254237287,-69.75,5,5,interaction_mid,0.07542498758129004,0.09920932411966951
1473501,2025,10,2,0,3.235294117647072,11.482758620689655,-66.5,5,5,interaction_mid,0.11648056883838352,0.14452789346146822
1473501,2025,10,3,0,3.235294117647072,11.578947368421053,-66.25,5,5,interaction_mid,0.10742398985966298,0.13477077108980132
1473501,2025,10,4,0,3.235294117647072,11.357142857142858,-63.0,5,5,interaction_mid,0.14156022065181506,0.1709801967373665
1473501,2025,10,5,0,3.235294117647072,11.454545454545455,-62.75,5,5,interaction_mid,0.13986627066142487,0.16921736587333605
1473501,2025,10,6,0,3.235294117647072,11.0,-57.5,5,5,interaction_mid,0.21212637529485873,0.24200497248340502
1473501,2025,11,1,0,3.235294117647072,11.09433962264151,-57.25,5,5,interaction_mid,0.22419824717517486,0.25123400655983974
1473501,2025,11,2,0,3.235294117647072,11.307692307692307,-58.0,5,5,interaction_mid,0.23109851299213124,0.25801423365047654
1473501,2025,11,3,0,3.235294117647072,11.529411764705882,-58.75,5,5,interaction_mid,0.21740810623750784,0.24453602076760836
1473501,2025,11,4,0,3.235294117647072,11.64,-58.5,5,5,interaction_mid,0.2076464243542122,0.23485956004245775
1473501,2025,11,5,0,3.235294117647072,11.877551020408163,-59.25,5,5,interaction_mid,0.17555941321335622,0.2026187102598492
1473501,2025,11,6,0,3.235294117647072,12.125,-60.0,5,5,interaction_mid,0.15227155528851843,0.17873999344824043
1473501,2025,12,1,0,3.235294117647072,12.127659574468087,-58.75,5,5,interaction_mid,0.14680567850394655,0.1706093655919751
1473501,2025,12,2,0,3.235294117647072,12.260869565217392,-58.5,5,5,interaction_mid,0.1407620989885749,0.16435101235141794
1473501,2025,12,3,0,3.235294117647072,12.533333333333335,-59.25,5,5,interaction_mid,0.13164913335401496,0.1548515940238325
1473501,2025,12,4,0,3.235294117647072,12.272727272727273,-56.0,5,5,interaction_mid,0.18105179390387544,0.20551833465431932
1473501,2025,12,5,0,3.235294117647072,12.558139534883722,-56.75,5,5,interaction_mid,0.16874128886358192,0.19307095197875263
1473501,2025,12,6,0,3.235294117647072,12.285714285714285,-53.5,5,5,interaction_mid,0.2115206556659568,0.2359020182322737
1473501,2025,13,1,0,3.235294117647072,12.439024390243903,-53.25,5,5,interaction_mid,0.19055991227676264,0.20283234688503052
1473501,2025,13,2,0,3.235294117647072,12.149999999999999,-50.0,5,5,interaction_mid,0.2477755181294193,0.25904460742458246
1473501,2025,13,3,0,3.235294117647072,12.461538461538463,-50.75,5,5,interaction_mid,0.21568448081525549,0.22763979198394985
1473501,2025,13,4,0,3.235294117647072,12.631578947368421,-50.5,5,5,interaction_mid,0.21412403839163435,0.22610507610065064
1473501,2025,13,5,0,3.235294117647072,12.81081081081081,-50.25,5,5,interaction_mid,0.19834232455163048,0.21053941851070115
1473501,2025,13,6,0,3.235294117647072,13.0,-50.0,5,5,interaction_mid,0.1914851305123834,0.20374974111121172
1473501,2025,14,1,0,3.235294117647072,13.371428571428572,-50.75,5,5,interaction_mid,0.15981572816669987,0.1703404866698974
1473501,2025,14,2,0,3.235294117647072,13.76470588235294,-56.60000000000002,6,4,interaction_mid,0.03764332241357512,0.043372154409701005
1473501,2025,14,3,0,3.235294117647072,14.181818181818183,-57.19999999999999,6,4,interaction_mid,0.03250376516806902,0.037728898486547494
1473501,2025,14,4,0,3.235294117647072,14.4375,-56.79999999999998,6,4,interaction_mid,0.029710099282498088,0.03464161026069253
1473501,2025,14,5,0,3.235294117647072,14.903225806451612,-62.05000000000001,7,3,interaction_mid,0.008314660930400394,0.010309035425686872
1473501,2025,14,6,0,3.235294117647072,15.2,-61.5,7,3,interaction_mid,0.007805548742486915,0.009706541972650976
1473501,2025,15,1,0,3.235294117647072,15.517241379310345,-60.94999999999999,7,3,interaction_mid,0.00715261852810462,0.008900712336138322
1473501,2025,15,2,0,3.235294117647072,15.642857142857142,-59.400000000000006,7,3,interaction_mid,0.007092030763583879,0.008828664034272642
1473501,2025,15,3,0,3.235294117647072,16.22222222222222,-63.900000000000006,8,2,interaction_mid,0.0059873539808114285,0.007509809167990785
1473501,2025,15,4,0,3.235294117647072,16.615384615384613,-63.19999999999999,8,2,interaction_mid,0.005926885035161693,0.007437312069613907
1473501,2025,15,5,0,3.235294117647072,17.04,-62.5,8,2,interaction_mid,0.005856764330781583,0.007353201119365547
1473501,2025,15,6,0,3.235294117647072,17.75,-62.79999999999998,8,2,interaction_mid,0.005775297507081314,0.0072554226856889606
1473502,2025,7,1,0,52.20689655172413,12.38961038961039,-22.287499999999994,1,9,interaction_mid,0.2525874744228088,0.2807975236165168
1473502,2025,7,2,0,52.20689655172413,12.236842105263158,-20.05000000000001,1,9,interaction_mid,0.27505760183263117,0.30127489816759023
1473502,2025,7,3,0,52.20689655172413,12.32,-20.8125,1,9,interaction_mid,0.2657653397862796,0.29283932372864935
1473502,2025,7,4,0,52.20689655172413,12.324324324324323,-20.57499999999999,1,9,interaction_mid,0.26610244080265977,0.2931461252823923
1473502,2025,7,5,0,52.20689655172413,12.410958904109588,-21.337500000000006,1,9,interaction_mid,0.2619331859428633,0.28934736437801367
1473502,2025,7,6,0,52.20689655172413,12.583333333333334,-37.2,2,8,interaction_mid,0.1471577095612318,0.17989622969074726
1473502,2025,8,1,0,52.20689655172413,12.676056338028168,-37.76666666666665,2,8,interaction_mid,0.15949689780173196,0.18769899418379468
1473502,2025,8,2,0,52.20689655172413,12.771428571428572,-38.3333333333333,2,8,interaction_mid,0.1504450951123199,0.17861049102009594
1473502,2025,8,3,0,52.20689655172413,12.869565217391305,-38.900000000000006,2,8,interaction_mid,0.1467331543355989,0.17485875683100532
1473502,2025,8,4,0,52.20689655172413,12.970588235294116,-39.46666666666667,2,8,interaction_mid,0.13674455001024152,0.16468695660527552
1473502,2025,8,5,0,52.20689655172413,12.805970149253731,-37.0333333333333,2,8,interaction_mid,0.15764574427263534,0.18584709358229864
1473502,2025,8,6,0,52.20689655172413,12.909090909090908,-37.599999999999994,2,8,interaction_mid,0.15242765606103365,0.1806082965615958
1473502,2025,9,1,0,52.20689655172413,13.015384615384615,-38.16666666666666,2,8,interaction_mid,0.1448192114777435,0.18360095420789552
1473502,2025,9,2,0,52.20689655172413,13.125,-38.73333333333332,2,8,interaction_mid,0.1358662965028367,0.1743335157643781
1473502,2025,9,3,0,52.20689655172413,13.333333333333334,-52.63750000000002,3,7,interaction_mid,0.06717619128014116,0.09807493196553752
1473502,2025,9,4,0,52.20689655172413,13.548387096774196,-54.008333333333326,3,7,interaction_mid,0.06384144511284448,0.09405471339865129
1473502,2025,9,5,0,52.20689655172413,13.770491803278688,-55.37916666666669,3,7,interaction_mid,0.06113945631185231,0.09076726650048522
1473502,2025,9,6,0,52.20689655172413,13.900000000000002,-55.75,3,7,interaction_mid,0.06739476661547283,0.09833705572648059
1473502,2025,10,1,0,52.20689655172413,14.033898305084746,-56.12083333333334,3,7,interaction_mid,0.06563030479114063,0.08791012656435672
1473502,2025,10,2,0,52.20689655172413,14.172413793103448,-56.491666666666646,3,7,interaction_mid,0.06440228959435279,0.08647695588867209
1473502,2025,10,3,0,52.20689655172413,14.315789473684209,-56.86249999999998,3,7,interaction_mid,0.06339235334533108,0.08529536327348754
1473502,2025,10,4,0,52.20689655172413,14.357142857142858,-56.23333333333335,3,7,interaction_mid,0.06558703274622563,0.08785969114620623
1473502,2025,10,5,0,52.20689655172413,14.509090909090908,-56.604166666666686,3,7,interaction_mid,0.060788674937601726,0.08223660603789387
1473502,2025,10,6,0,52.20689655172413,14.333333333333332,-53.97500000000002,3,7,interaction_mid,0.07469309359832507,0.09837270221187826
1473502,2025,11,1,0,52.20689655172413,13.924528301886793,-49.34583333333336,3,7,interaction_mid,0.10575311925507097,0.12949991657349552
1473502,2025,11,2,0,52.20689655172413,14.192307692307693,-50.71666666666667,3,7,interaction_mid,0.09929258794820832,0.12246179849959217
1473502,2025,11,3,0,52.20689655172413,14.352941176470587,-51.087500000000006,3,7,interaction_mid,0.10207232825464137,0.1254969729962707
1473502,2025,11,4,0,52.20689655172413,13.919999999999998,-46.458333333333314,3,7,interaction_mid,0.1363194445819372,0.16210973077024884
1473502,2025,11,5,0,52.20689655172413,14.081632653061225,-46.82916666666665,3,7,interaction_mid,0.1288251616616726,0.15421073920865533
1473502,2025,11,6,0,52.20689655172413,14.25,-47.19999999999999,3,7,interaction_mid,0.12506074780304716,0.15022072520012134
1473502,2025,12,1,0,52.20689655172413,14.297872340425531,-46.570833333333326,3,7,interaction_mid,0.12207017646466632,0.1447797102275731
1473502,2025,12,2,0,52.20689655172413,14.478260869565219,-46.94166666666666,3,7,interaction_mid,0.11759936551936918,0.14004638828423305
1473502,2025,12,3,0,52.20689655172413,14.666666666666668,-47.3125,3,7,interaction_mid,0.11381399836342157,0.13602175636759825
1473502,2025,12,4,0,52.20689655172413,14.863636363636363,-47.68333333333334,3,7,interaction_mid,0.10773855277773721,0.12952825480920857
1473502,2025,12,5,0,52.20689655172413,15.069767441860465,-48.054166666666674,3,7,interaction_mid,0.10525101818529037,0.1268569711554328
1473502,2025,12,6,0,52.20689655172413,15.285714285714285,-48.42500000000001,3,7,interaction_mid,0.09376054482879598,0.11441637216298695
1473502,2025,12,7,0,52.20689655172413,15.658536585365855,-49.79583333333335,3,7,interaction_mid,0.0812899313391,0.10070739700792107
1473502,2025,13,1,0,52.20689655172413,15.073170731707318,-45.79583333333335,3,7,interaction_mid,0.11102663602703196,0.12256007363279252
1473502,2025,13,2,0,52.20689655172413,15.149999999999999,-45.166666666666686,3,7,interaction_mid,0.11502250481102545,0.1266736745161744
1473502,2025,13,3,0,52.20689655172413,14.923076923076923,-42.537499999999994,3,7,interaction_mid,0.13554130692763036,0.14764293165467127
1473502,2025,13,4,0,52.20689655172413,15.315789473684212,-43.90833333333333,3,7,interaction_mid,0.12453121072283004,0.13642195824476896
1473502,2025,13,5,0,52.20689655172413,15.567567567567568,-44.27916666666667,3,7,interaction_mid,0.11903077769911678,0.1307897411367375
1473502,2025,13,6,0,52.20689655172413,15.0,-39.650000000000006,3,7,interaction_mid,0.1677385721997051,0.1801003957205694
1473502,2025,14,1,0,52.20689655172413,14.399999999999999,-35.02083333333334,3,7,interaction_mid,0.2367378148671102,0.24669993719661476
1473502,2025,14,2,0,52.20689655172413,14.647058823529413,-35.39166666666668,3,7,interaction_mid,0.22410252481234738,0.23427117350746132
1473502,2025,14,3,0,52.20689655172413,14.727272727272727,-34.76249999999999,3,7,interaction_mid,0.22835360334299587,0.23845708819773703
1473502,2025,14,4,0,52.20689655172413,14.4375,-32.133333333333326,3,7,interaction_mid,0.25045176084052,0.26014781530029657
1473502,2025,14,5,0,52.20689655172413,13.741935483870968,-27.504166666666663,3,7,interaction_mid,0.3093333428491946,0.3174682080887275
1473502,2025,14,6,0,52.20689655172413,14.2,-28.875,3,7,interaction_mid,0.28168314588349774,0.2906281774022151
1473502,2025,15,1,0,52.20689655172413,13.862068965517242,-26.245833333333337,3,7,interaction_mid,0.30290443782701476,0.3123960527689305
1473502,2025,15,2,0,52.20689655172413,13.07142857142857,-21.616666666666674,3,7,interaction_mid,0.36510167872150845,0.3726780727011005
1473502,2025,15,3,0,52.20689655172413,12.666666666666668,-18.98750000000001,3,7,interaction_mid,0.3845244875133687,0.39140751804448787
1473502,2025,15,4,0,52.20689655172413,12.923076923076923,-19.35833333333335,3,7,interaction_mid,0.3695359761507561,0.3769574799022684
1473502,2025,15,5,0,52.20689655172413,13.440000000000001,-20.729166666666657,3,7,interaction_mid,0.3574410017825885,0.3652799140691074
1473502,2025,15,6,0,52.20689655172413,13.75,-21.099999999999994,3,7,interaction_mid,0.34832255985419225,0.3564651506879205
1473502,2025,15,7,0,52.20689655172413,14.086956521739133,-21.47083333333333,3,7,interaction_mid,0.3379749323359088,0.3464498294894513
1473503,2025,7,1,0,58.63157894736841,11.532467532467532,-13.597499999999997,1,9,interaction_mid,0.2820916547676926,0.30763188106761796
1473503,2025,7,2,0,58.63157894736841,11.605263157894736,-14.330000000000013,1,9,interaction_mid,0.2815369650746242,0.30713144580685164
1473503,2025,7,3,0,58.63157894736841,11.76,-16.0625,1,9,interaction_mid,0.26310456299715745,0.2904155884923442
1473503,2025,7,4,0,58.63157894736841,11.594594594594595,-13.794999999999987,1,9,interaction_mid,0.2775946725561822,0.30357052256851885
1473503,2025,7,5,0,58.63157894736841,11.67123287671233,-14.527500000000003,1,9,interaction_mid,0.2705573381935694,0.2971950393566262
1473503,2025,7,6,0,58.63157894736841,11.333333333333332,-10.259999999999991,1,9,interaction_mid,0.3139235189061427,0.33612411313033463
1473503,2025,8,1,0,58.63157894736841,11.408450704225352,-10.992500000000007,1,9,interaction_mid,0.29619734110786594,0.3175478926831138
1473503,2025,8,2,0,58.63157894736841,11.057142857142857,-6.724999999999994,1,9,interaction_mid,0.35979317486003204,0.3749811919844387
1473503,2025,8,3,0,58.63157894736841,11.130434782608695,-7.45750000000001,1,9,interaction_mid,0.35103441707896704,0.36714012490888537
1473503,2025,8,4,0,58.63157894736841,11.117647058823529,-7.189999999999998,1,9,interaction_mid,0.3510935472048266,0.3671931233625006
1473503,2025,8,5,0,58.63157894736841,11.194029850746269,-7.922499999999985,1,9,interaction_mid,0.352132447822662,0.368124148023726
1473503,2025,8,6,0,58.63157894736841,11.272727272727273,-8.654999999999973,1,9,interaction_mid,0.3549203979948777,0.3706212733125534
1473503,2025,9,1,0,58.63157894736841,11.26153846153846,-8.387499999999989,1,9,interaction_mid,0.3738453646735589,0.39620635261539955
1473503,2025,9,2,0,58.63157894736841,11.34375,-9.120000000000005,1,9,interaction_mid,0.3527505450638614,0.37781927617517547
1473503,2025,9,3,0,58.63157894736841,11.428571428571427,-9.852499999999992,1,9,interaction_mid,0.33567777187540776,0.36283055706148976
1473503,2025,9,4,0,58.63157894736841,11.225806451612902,-7.5849999999999795,1,9,interaction_mid,0.37741323122890674,0.39930324450857696
1473503,2025,9,5,0,58.63157894736841,11.40983606557377,-9.317499999999995,1,9,interaction_mid,0.36042288270665596,0.3845227043441481
1473503,2025,9,6,0,58.63157894736841,11.399999999999999,-9.050000000000011,1,9,interaction_mid,0.366597023597488,0.3899036740090821
1473503,2025,10,1,0,58.63157894736841,11.491525423728813,-9.782499999999999,1,9,interaction_mid,0.35889483115116144,0.3800704989384734
1473503,2025,10,2,0,58.63157894736841,11.586206896551724,-10.514999999999986,1,9,interaction_mid,0.3655705727945134,0.38615800257258576
1473503,2025,10,3,0,58.63157894736841,11.789473684210526,-12.247500000000002,1,9,interaction_mid,0.3527996137532658,0.37450181716810643
1473503,2025,10,4,0,58.63157894736841,12.0,-24.76000000000002,2,8,interaction_mid,0.2401287948951634,0.2691502000689858
1473503,2025,10,5,0,58.63157894736841,12.10909090909091,-25.299999999999983,2,8,interaction_mid,0.2542744763458844,0.28268783312120915
1473503,2025,10,6,0,58.63157894736841,11.666666666666666,-20.839999999999975,2,8,interaction_mid,0.315683176369373,0.34034807469194195
1473503,2025,11,1,0,58.63157894736841,11.773584905660378,-21.380000000000024,2,8,interaction_mid,0.2984542452487402,0.32299585252564517
1473503,2025,11,2,0,58.63157894736841,11.884615384615385,-21.919999999999987,2,8,interaction_mid,0.309193760417751,0.3331848752017691
1473503,2025,11,3,0,58.63157894736841,12.117647058823529,-33.2775,3,7,interaction_mid,0.21059915238727364,0.23779255118403078
1473503,2025,11,4,0,58.63157894736841,11.64,-28.62499999999997,3,7,interaction_mid,0.23700353639534746,0.2637961963791698
1473503,2025,11,5,0,58.63157894736841,11.755102040816325,-28.972499999999997,3,7,interaction_mid,0.22737915941506004,0.25436282397494736
1473503,2025,11,6,0,58.63157894736841,11.875,-29.319999999999993,3,7,interaction_mid,0.2246939436838986,0.25172195407904213
1473503,2025,11,7,0,58.63157894736841,12.0,-29.66749999999999,3,7,interaction_mid,0.22067353218245625,0.24776040955239506
1473503,2025,11,8,0,58.63157894736841,12.260869565217392,-31.015000000000015,3,7,interaction_mid,0.2160744677532735,0.24321736588486983
1473503,2025,12,1,0,58.63157894736841,11.48936170212766,-25.66749999999999,3,7,interaction_mid,0.24442559234755812,0.2681345760807103
1473503,2025,12,2,0,58.63157894736841,11.73913043478261,-27.015000000000015,3,7,interaction_mid,0.2597981282013572,0.2830166030565372
1473503,2025,12,3,0,58.63157894736841,11.733333333333333,-26.36250000000001,3,7,interaction_mid,0.2699273840001859,0.29276789039724016
1473503,2025,12,4,0,58.63157894736841,11.727272727272727,-25.710000000000008,3,7,interaction_mid,0.26932875020216246,0.29219274705026554
1473503,2025,12,5,0,58.63157894736841,11.86046511627907,-26.057500000000033,3,7,interaction_mid,0.2669000421508755,0.2898578764313613
1473503,2025,12,6,0,58.63157894736841,12.0,-26.405,3,7,interaction_mid,0.26234843652348705,0.2854757054865087
1473503,2025,13,1,0,58.63157894736841,11.707317073170731,-23.752499999999998,3,7,interaction_mid,0.2956623804642652,0.3054349190787784
1473503,2025,13,2,0,58.63157894736841,11.100000000000001,-19.100000000000023,3,7,interaction_mid,0.3402557250608758,0.34824294354725777
1473503,2025,13,3,0,58.63157894736841,11.23076923076923,-19.44749999999999,3,7,interaction_mid,0.3385009572209275,0.3465642300351233
1473503,2025,13,4,0,58.63157894736841,11.210526315789474,-18.794999999999987,3,7,interaction_mid,0.348775181108581,0.35638722121201805
1473503,2025,13,5,0,58.63157894736841,11.35135135135135,-19.142500000000013,3,7,interaction_mid,0.3461459995872757,0.3538748526575368
1473503,2025,13,6,0,58.63157894736841,11.5,-19.49000000000001,3,7,interaction_mid,0.3333801354809812,0.3416628736847183
1473503,2025,14,1,0,58.63157894736841,11.657142857142857,-19.837500000000006,3,7,interaction_mid,0.3302779226934319,0.33772241828567806
1473503,2025,14,2,0,58.63157894736841,11.823529411764707,-20.18500000000003,3,7,interaction_mid,0.31705953009019444,0.3249468378791602
1473503,2025,14,3,0,58.63157894736841,12.181818181818182,-21.5325,3,7,interaction_mid,0.30822404120268854,0.31639373355091643
1473503,2025,14,4,0,58.63157894736841,12.375,-21.879999999999995,3,7,interaction_mid,0.3017043844197556,0.3100750058485142
1473503,2025,14,5,0,58.63157894736841,12.774193548387096,-23.227499999999992,3,7,interaction_mid,0.28956914574645093,0.29829590986380483
1473503,2025,14,6,0,58.63157894736841,13.0,-23.57499999999999,3,7,interaction_mid,0.28647432647030624,0.29528802493231165
1473503,2025,15,1,0,58.63157894736841,12.620689655172413,-20.922499999999985,3,7,interaction_mid,0.32823405797287886,0.3370090326262048
1473503,2025,15,2,0,58.63157894736841,12.857142857142858,-21.27000000000001,3,7,interaction_mid,0.31831527634786844,0.32738227865721586
1473503,2025,15,3,0,58.63157894736841,13.11111111111111,-21.617500000000007,3,7,interaction_mid,0.3073912843307781,0.31676308487480137
1473503,2025,15,4,0,58.63157894736841,13.615384615384615,-27.97,4,6,interaction_mid,0.21894976889800902,0.2299784690879218
1473503,2025,15,5,0,58.63157894736841,13.919999999999998,-28.125,4,6,interaction_mid,0.2337814825247032,0.24465045968939758
1473503,2025,15,6,0,58.63157894736841,14.5,-33.900000000000006,5,5,interaction_mid,0.1251796444238532,0.13563134690945228
1473504,2025,7,1,0,45.46666666666667,14.493506493506494,-81.69166666666666,3,7,interaction_mid,0.014869738467514151,0.026424513927857756
1473504,2025,7,2,0,45.46666666666667,14.605263157894736,-82.03333333333333,3,7,interaction_mid,0.013344227606354094,0.02410703124883051
1473504,2025,7,3,0,45.46666666666667,14.8,-83.375,3,7,interaction_mid,0.012448980220428818,0.022727518869694204
1473504,2025,7,4,0,45.46666666666667,14.594594594594595,-79.71666666666667,3,7,interaction_mid,0.017411504919702538,0.030203664175313557
1473504,2025,7,5,0,45.46666666666667,14.712328767123289,-80.05833333333334,3,7,interaction_mid,0.01708608000461504,0.0297250664691959
1473504,2025,7,6,0,45.46666666666667,14.416666666666666,-75.4,3,7,interaction_mid,0.024373121312542892,0.0401349996864496
1473504,2025,7,7,0,45.46666666666667,14.535211267605632,-75.74166666666667,3,7,interaction_mid,0.024047697649981478,0.039682312709392716
1473504,2025,8,1,0,45.46666666666667,14.450704225352112,-74.74166666666667,3,7,interaction_mid,0.025181373962361663,0.03851214553824512
1473504,2025,8,2,0,45.46666666666667,14.57142857142857,-75.08333333333334,3,7,interaction_mid,0.02449785030625472,0.03760426919703001
1473504,2025,8,3,0,45.46666666666667,14.695652173913045,-75.42500000000001,3,7,interaction_mid,0.023529632392045884,0.03631206849694486
1473504,2025,8,4,0,45.46666666666667,14.558823529411764,-72.76666666666668,3,7,interaction_mid,0.030362529305307025,0.045286710750476245
1473504,2025,8,5,0,45.46666666666667,14.686567164179104,-73.10833333333332,3,7,interaction_mid,0.029823510992102214,0.044590164546762616
1473504,2025,8,6,0,45.46666666666667,14.90909090909091,-74.44999999999999,3,7,interaction_mid,0.0264976367315215,0.04025068236014963
1473504,2025,9,1,0,45.46666666666667,14.76923076923077,-71.79166666666666,3,7,interaction_mid,0.03417983236871819,0.0561175212191468
1473504,2025,9,2,0,45.46666666666667,14.625,-69.13333333333335,3,7,interaction_mid,0.03984292521958698,0.06372871881738283
1473504,2025,9,3,0,45.46666666666667,14.761904761904763,-69.47500000000002,3,7,interaction_mid,0.0370892823828978,0.06005472081722858
1473504,2025,9,4,0,45.46666666666667,14.419354838709678,-64.81666666666666,3,7,interaction_mid,0.05305610393443178,0.08075747184685086
1473504,2025,9,5,0,45.46666666666667,14.557377049180328,-65.15833333333336,3,7,interaction_mid,0.0491889749751806,0.07586672554766571
1473504,2025,9,6,0,45.46666666666667,14.599999999999998,-64.5,3,7,interaction_mid,0.053587685266937364,0.08142433623319668
1473504,2025,10,1,0,45.46666666666667,14.847457627118644,-77.15,4,6,interaction_mid,0.02312280766822446,0.03526493322251491
1473504,2025,10,2,0,45.46666666666667,15.0,-77.29999999999998,4,6,interaction_mid,0.02999838633528923,0.044335319846083444
1473504,2025,10,3,0,45.46666666666667,15.263157894736842,-78.45000000000002,4,6,interaction_mid,0.027553754497768486,0.04114493367115682
1473504,2025,10,4,0,45.46666666666667,15.535714285714286,-90.33333333333331,5,5,interaction_mid,0.011457042540673925,0.01897503333855433
1473504,2025,10,5,0,45.46666666666667,15.818181818181817,-91.29166666666669,5,5,interaction_mid,0.009303952520282991,0.015782209939235514
1473504,2025,10,6,0,45.46666666666667,16.11111111111111,-92.25,5,5,interaction_mid,0.008498331305113817,0.014565619316244775
1473504,2025,11,1,0,45.46666666666667,16.41509433962264,-93.20833333333334,5,5,interaction_mid,0.006826898495293812,0.011038240214963593
1473504,2025,11,2,0,45.46666666666667,16.5,-92.16666666666666,5,5,interaction_mid,0.007047121950784173,0.011360495462258608
1473504,2025,11,3,0,45.46666666666667,16.588235294117645,-91.125,5,5,interaction_mid,0.007535926389035361,0.01207232739552361
1473504,2025,11,4,0,45.46666666666667,16.799999999999997,-91.08333333333331,5,5,interaction_mid,0.0064384338567541385,0.010467316432979235
1473504,2025,11,5,0,45.46666666666667,17.020408163265305,-91.04166666666669,5,5,interaction_mid,0.006011302186461731,0.009835704539955884
1473504,2025,11,6,0,45.46666666666667,16.875,-88.0,5,5,interaction_mid,0.00768018577158708,0.012281537799545047
1473504,2025,11,7,0,45.46666666666667,17.106382978723403,-87.95833333333334,5,5,interaction_mid,0.007721425357424897,0.012341274344414607
1473504,2025,12,1,0,45.46666666666667,16.340425531914892,-81.95833333333334,5,5,interaction_mid,0.012625915220748182,0.01874390109593595
1473504,2025,12,2,0,45.46666666666667,16.695652173913043,-82.91666666666666,5,5,interaction_mid,0.010158840232524304,0.015382509099315739
1473504,2025,12,3,0,45.46666666666667,16.933333333333334,-82.875,5,5,interaction_mid,0.009490880419092799,0.014459720211704363
1473504,2025,12,4,0,45.46666666666667,17.181818181818183,-82.83333333333334,5,5,interaction_mid,0.008386211417820044,0.012919930279678271
1473504,2025,12,5,0,45.46666666666667,17.58139534883721,-92.03333333333333,6,4,interaction_mid,0.0034969181751994954,0.005822293498298098
1473504,2025,12,6,0,45.46666666666667,17.857142857142858,-91.79999999999998,6,4,interaction_mid,0.0034218481147005194,0.005708171181581117
1473504,2025,13,1,0,45.46666666666667,18.29268292682927,-92.56666666666666,6,4,interaction_mid,0.0032108776625649964,0.004369282295996389
1473504,2025,13,2,0,45.46666666666667,18.15,-89.33333333333334,6,4,interaction_mid,0.0037068351541687215,0.005004396267525409
1473504,2025,13,3,0,45.46666666666667,18.615384615384617,-90.1,6,4,interaction_mid,0.003236015394545001,0.004401599017872105
1473504,2025,13,4,0,45.46666666666667,19.105263157894736,-98.15,7,3,interaction_mid,0.0017924658713379864,0.0025183606430986254
1473504,2025,13,5,0,45.46666666666667,19.62162162162162,-98.725,7,3,interaction_mid,0.001940371073202224,0.0027143740490943574
1473504,2025,13,6,0,45.46666666666667,20.166666666666668,-99.30000000000001,7,3,interaction_mid,0.0019401011514279163,0.002714017103239269
1473504,2025,14,1,0,45.46666666666667,20.057142857142857,-95.875,7,3,interaction_mid,0.001957817989881187,0.0025951412698921625
1473504,2025,14,2,0,45.46666666666667,20.294117647058822,-94.45000000000002,7,3,interaction_mid,0.0019412853279607014,0.0025742232501317825
1473504,2025,14,3,0,45.46666666666667,20.727272727272727,-94.025,7,3,interaction_mid,0.0019290188785923666,0.002558697761251451
1473504,2025,14,4,0,45.46666666666667,21.375,-94.60000000000002,7,3,interaction_mid,0.0019119608117695384,0.00253709999948417
1473504,2025,14,5,0,45.46666666666667,21.870967741935484,-94.17499999999998,7,3,interaction_mid,0.001979253363576244,0.002622250334594659
1473504,2025,14,6,0,45.46666666666667,21.400000000000002,-88.75,7,3,interaction_mid,0.0021730039696217463,0.0028666867998028683
1473504,2025,14,7,0,45.46666666666667,21.931034482758623,-88.32499999999999,7,3,interaction_mid,0.0021739957291422285,0.0028679353358699567
1473504,2025,15,1,0,45.46666666666667,21.931034482758623,-88.32499999999999,7,3,interaction_mid,0.002153595734404794,0.002825214666463645
1473504,2025,15,2,0,45.46666666666667,22.5,-87.9,7,3,interaction_mid,0.0021406970901089143,0.0028090280501581037
1473504,2025,15,3,0,45.46666666666667,23.333333333333332,-93.64999999999998,8,2,interaction_mid,0.0018593701674548529,0.002454869794795371
1473504,2025,15,4,0,45.46666666666667,24.23076923076923,-94.03333333333333,8,2,interaction_mid,0.001857417264721186,0.002452403450220516
1473504,2025,15,5,0,45.46666666666667,25.200000000000003,-94.41666666666669,8,2,interaction_mid,0.0018556293632842511,0.0024501453878426433
1473504,2025,15,6,0,45.46666666666667,26.0,-93.79999999999998,8,2,interaction_mid,0.0018746614114091003,0.002474177365839819
1473505,2025,7,1,0,80.76190476190476,16.90909090909091,-91.13166666666666,3,7,interaction_mid,0.0028467686030962448,0.006464419072066082
1473505,2025,7,2,0,80.76190476190476,16.973684210526315,-90.75333333333333,3,7,interaction_mid,0.002862708829456994,0.006495339050561902
1473505,2025,7,3,0,80.76190476190476,17.2,-92.375,3,7,interaction_mid,0.0028787596204448195,0.006526447732483149
1473505,2025,7,4,0,80.76190476190476,16.945945945945944,-87.99666666666667,3,7,interaction_mid,0.003956976031242615,0.008564137601222224
1473505,2025,7,5,0,80.76190476190476,17.17808219178082,-106.53,4,6,interaction_mid,0.001614902728279394,0.003980960660905281
1473505,2025,7,6,0,80.76190476190476,17.416666666666664,-124.6,5,5,interaction_mid,0.0011443044700998044,0.0029644370993226797
1473505,2025,8,1,0,80.76190476190476,17.661971830985916,-125.75833333333333,5,5,interaction_mid,0.001096916445337145,0.002490532329184113
1473505,2025,8,2,0,80.76190476190476,17.82857142857143,-125.91666666666666,5,5,interaction_mid,0.0010560935780644786,0.0024090024450836686
1473505,2025,8,3,0,80.76190476190476,18.0,-126.07500000000002,5,5,interaction_mid,0.0010357766794806941,0.002368281977389298
1473505,2025,8,4,0,80.76190476190476,18.176470588235293,-126.23333333333335,5,5,interaction_mid,0.0009970839338954269,0.0022904566068796704
1473505,2025,8,5,0,80.76190476190476,18.35820895522388,-126.39166666666665,5,5,interaction_mid,0.0010072701797637007,0.0023109804717334863
1473505,2025,8,6,0,80.76190476190476,18.545454545454547,-126.54999999999998,5,5,interaction_mid,0.0009259610151181619,0.0021464156699107107
1473505,2025,8,7,0,80.76190476190476,18.73846153846154,-126.70833333333334,5,5,interaction_mid,0.0009171935766457735,0.002128566945904749
1473505,2025,9,1,0,80.76190476190476,18.73846153846154,-126.70833333333334,5,5,interaction_mid,0.000905039101531233,0.002631917990449212
1473505,2025,9,2,0,80.76190476190476,19.03125,-127.86666666666667,5,5,interaction_mid,0.0008682792857439051,0.0025409423269550247
1473505,2025,9,3,0,80.76190476190476,19.23809523809524,-128.025,5,5,interaction_mid,0.0008775870605342443,0.0025640325873278465
1473505,2025,9,4,0,80.76190476190476,19.354838709677416,-127.18333333333334,5,5,interaction_mid,0.0008900348749784567,0.002594854097217098
1473505,2025,9,5,0,80.76190476190476,19.573770491803277,-127.34166666666667,5,5,interaction_mid,0.0008899505457284228,0.002594645515865008
1473505,2025,9,6,0,80.76190476190476,19.799999999999997,-127.5,5,5,interaction_mid,0.0008071663158206116,0.0023883734401095053
1473505,2025,10,1,0,80.76190476190476,20.033898305084747,-127.65833333333333,5,5,interaction_mid,0.0007897633187086608,0.0017627738567194786
1473505,2025,10,2,0,80.76190476190476,20.379310344827587,-128.81666666666666,5,5,interaction_mid,0.0007527425167070792,0.0016889974489445853
1473505,2025,10,3,0,80.76190476190476,20.63157894736842,-128.975,5,5,interaction_mid,0.0007406396956665711,0.001664792549393723
1473505,2025,10,4,0,80.76190476190476,20.892857142857142,-129.13333333333333,5,5,interaction_mid,0.0007339369906374161,0.0016513688280424676
1473505,2025,10,5,0,80.76190476190476,21.272727272727273,-130.29166666666669,5,5,interaction_mid,0.0006722871313705615,0.0015272486121134068
1473505,2025,10,6,0,80.76190476190476,21.22222222222222,-127.45000000000002,5,5,interaction_mid,0.0007826545829048113,0.0017486374377270583
1473505,2025,11,1,0,80.76190476190476,21.50943396226415,-127.60833333333335,5,5,interaction_mid,0.0008550598885232574,0.001672403595959257
1473505,2025,11,2,0,80.76190476190476,21.923076923076923,-128.76666666666665,5,5,interaction_mid,0.0008689523802783699,0.001697099574726815
1473505,2025,11,3,0,80.76190476190476,22.235294117647058,-128.92499999999998,5,5,interaction_mid,0.0008665428525293643,0.0016928188745533286
1473505,2025,11,4,0,80.76190476190476,22.56,-129.08333333333331,5,5,interaction_mid,0.0008255177101829384,0.0016197655014090952
1473505,2025,11,5,0,80.76190476190476,22.53061224489796,-126.24166666666667,5,5,interaction_mid,0.0008966598305637089,0.0017462469210331286
1473505,2025,11,6,0,80.76190476190476,23.0,-127.4,5,5,interaction_mid,0.00081007031052475,0.0015921733874473384
1473505,2025,12,1,0,80.76190476190476,23.48936170212766,-128.55833333333334,5,5,interaction_mid,0.0008025218094135579,0.0015186264666083988
1473505,2025,12,2,0,80.76190476190476,24.0,-140.37333333333333,6,4,interaction_mid,0.0006033192710347401,0.0011701263130862699
1473505,2025,12,3,0,80.76190476190476,24.4,-140.29999999999998,6,4,interaction_mid,0.000679578192629177,0.0013045682676715298
1473505,2025,12,4,0,80.76190476190476,24.954545454545453,-141.22666666666666,6,4,interaction_mid,0.0007350506368891583,0.0014015353192973724
1473505,2025,12,5,0,80.76190476190476,25.395348837209305,-141.15333333333334,6,4,interaction_mid,0.0007782388683705237,0.0014765876924332543
1473505,2025,12,6,0,80.76190476190476,26.0,-142.07999999999998,6,4,interaction_mid,0.0007823895535639392,0.0014837813681179864
1473505,2025,13,1,0,80.76190476190476,26.634146341463417,-143.00666666666666,6,4,interaction_mid,0.0007776732226090706,0.0011434298883770274
1473505,2025,13,2,0,80.76190476190476,27.150000000000002,-142.93333333333334,6,4,interaction_mid,0.0007409783302101675,0.0010923391385069018
1473505,2025,13,3,0,80.76190476190476,26.923076923076923,-137.85999999999999,6,4,interaction_mid,0.000759380757966592,0.0011179779127287368
1473505,2025,13,4,0,80.76190476190476,26.68421052631579,-132.78666666666666,6,4,interaction_mid,0.0008050263785599539,0.001181428123479618
1473505,2025,13,5,0,80.76190476190476,27.405405405405403,-142.285,7,3,interaction_mid,0.0007827721979071547,0.0011505187013154828
1473505,2025,13,6,0,80.76190476190476,28.0,-141.98000000000002,7,3,interaction_mid,0.0007716597279617439,0.0011350664084167979
1473505,2025,14,1,0,80.76190476190476,28.114285714285714,-138.67499999999998,7,3,interaction_mid,0.0007535600487586229,0.0010431841351659166
1473505,2025,14,2,0,80.76190476190476,28.941176470588232,-139.37,7,3,interaction_mid,0.0007320470918578338,0.0010147340132213056
1473505,2025,14,3,0,80.76190476190476,28.727272727272727,-134.065,7,3,interaction_mid,0.000761834241634812,0.0010541165524307937
1473505,2025,14,4,0,80.76190476190476,28.5,-128.76000000000002,7,3,interaction_mid,0.0008143736429167708,0.0011234113353035063
1473505,2025,14,5,0,80.76190476190476,29.032258064516128,-127.45499999999998,7,3,interaction_mid,0.0008142635188516905,0.0011232663092867166
1473505,2025,14,6,0,80.76190476190476,29.8,-127.15000000000003,7,3,interaction_mid,0.0008141732746216723,0.001123147463014202
1473505,2025,15,1,0,80.76190476190476,30.620689655172416,-126.84499999999997,7,3,interaction_mid,0.0008141157168627174,0.001113993217472969
1473505,2025,15,2,0,80.76190476190476,30.428571428571427,-121.54000000000002,7,3,interaction_mid,0.0008381916056836347,0.001145494762285867
1473505,2025,15,3,0,80.76190476190476,31.333333333333336,-121.23500000000001,7,3,interaction_mid,0.0008381348022740993,0.0011454204858699485
1473505,2025,15,4,0,80.76190476190476,32.30769230769231,-120.93,7,3,interaction_mid,0.0008373098755287458,0.0011443417829665296
1473505,2025,15,5,0,80.76190476190476,32.160000000000004,-115.625,7,3,interaction_mid,0.0008571319982225322,0.0011702492116467305
1473505,2025,15,6,0,80.76190476190476,32.0,-110.32,7,3,interaction_mid,0.0009029612503180392,0.0012300492105963264
1473506,2025,7,1,1,-3.4375,9.350649350649352,-12.739999999999995,1,9,interaction_mid,0.6835908734756169,0.6571559470682141
1473506,2025,7,2,1,-3.4375,9.473684210526315,-14.120000000000005,1,9,interaction_mid,0.6773297693469469,0.6515700717193295
1473506,2025,7,3,1,-3.4375,9.52,-14.5,1,9,interaction_mid,0.6799520351886779,0.6539076595417442
1473506,2025,7,4,1,-3.4375,9.162162162162161,-9.879999999999995,1,9,interaction_mid,0.7160178215826024,0.6863546618651244
1473506,2025,7,5,1,-3.4375,9.123287671232877,-9.260000000000005,1,9,interaction_mid,0.7233858951274434,0.6930589065438734
1473506,2025,7,6,1,-3.4375,9.166666666666666,-9.639999999999986,1,9,interaction_mid,0.7257286761783042,0.6951965411918022
1473506,2025,8,1,1,-3.4375,9.211267605633802,-10.02000000000001,1,9,interaction_mid,0.7207924561496499,0.6961356526084033
1473506,2025,8,2,1,-3.4375,9.257142857142858,-10.399999999999991,1,9,interaction_mid,0.7164145898654903,0.6920960810163853
1473506,2025,8,3,1,-3.4375,9.043478260869566,-7.780000000000001,1,9,interaction_mid,0.7354922955099169,0.7097633549393102
1473506,2025,8,4,1,-3.4375,9.088235294117647,-8.159999999999997,1,9,interaction_mid,0.7258381864075212,0.7008020648397466
1473506,2025,8,5,1,-3.4375,9.134328358208954,-8.539999999999992,1,9,interaction_mid,0.7241773120506985,0.6992647755947795
1473506,2025,8,6,1,-3.4375,9.181818181818182,-8.919999999999987,1,9,interaction_mid,0.7222079995331803,0.6974436225748979
1473506,2025,8,7,1,-3.4375,9.323076923076924,-10.299999999999997,1,9,interaction_mid,0.7182535698178493,0.6937919336558966
1473506,2025,9,1,1,-3.4375,9.323076923076924,-10.299999999999997,1,9,interaction_mid,0.7177027970329564,0.6921037164271717
1473506,2025,9,2,1,-3.4375,9.375,-10.680000000000007,1,9,interaction_mid,0.7186138224984888,0.6929182168907502
1473506,2025,9,3,1,-3.4375,9.142857142857142,-8.059999999999988,1,9,interaction_mid,0.7301715067997991,0.7032870741913122
1473506,2025,9,4,1,-3.4375,9.29032258064516,-9.439999999999984,1,9,interaction_mid,0.7257633176625291,0.6993243488668482
1473506,2025,9,5,1,-3.4375,9.442622950819672,-10.819999999999993,1,9,interaction_mid,0.7192509700197092,0.6934880956625835
1473506,2025,9,6,1,-3.4375,9.600000000000001,-12.200000000000003,1,9,interaction_mid,0.7140411436292922,0.6888340185390169
1473506,2025,10,1,1,-3.4375,9.661016949152541,-12.579999999999998,1,9,interaction_mid,0.7139716445847004,0.6991520359254804
1473506,2025,10,2,1,-3.4375,9.413793103448276,-9.959999999999994,1,9,interaction_mid,0.7352282171325875,0.7187454462770047
1473506,2025,10,3,1,-3.4375,9.157894736842106,-7.340000000000003,1,9,interaction_mid,0.7578155228365668,0.7397559200561313
1473506,2025,10,4,1,-3.4375,8.892857142857142,-4.719999999999999,1,9,interaction_mid,0.7885583061766819,0.768729196023055
1473506,2025,10,5,1,-3.4375,8.945454545454545,-5.1000000000000085,1,9,interaction_mid,0.7881376752813587,0.7683294616126176
1473506,2025,10,6,1,-3.4375,9.0,-5.47999999999999,1,9,interaction_mid,0.7809741071587608,0.761536668308303
1473506,2025,10,7,1,-3.4375,9.056603773584907,-5.860000000000014,1,9,interaction_mid,0.7742042297343623,0.7551421883145165
1473506,2025,11,1,1,-3.4375,8.943396226415093,-4.860000000000014,1,9,interaction_mid,0.7878659105042812,0.774228794834554
1473506,2025,11,2,1,-3.4375,9.0,-5.239999999999995,1,9,interaction_mid,0.7798229717103509,0.7665854709912323
1473506,2025,11,3,1,-3.4375,9.058823529411764,-5.61999999999999,1,9,interaction_mid,0.7706121738549074,0.7578648541200291
1473506,2025,11,4,1,-3.4375,9.120000000000001,-6.0,1,9,interaction_mid,0.7634677407856838,0.7511231685358308
1473506,2025,11,5,1,-3.4375,9.183673469387754,-6.38000000000001,1,9,interaction_mid,0.7579791387922061,0.7459566427334055
1473506,2025,11,6,1,-3.4375,8.875,-3.7599999999999767,1,9,interaction_mid,0.789310183981937,0.7756042462398853
1473506,2025,11,7,1,-3.4375,8.297872340425533,0.8600000000000136,1,9,interaction_mid,0.8634697991646293,0.8477281604189106
1473506,2025,12,1,1,-3.4375,7.787234042553191,4.860000000000014,1,9,interaction_mid,0.938882748630948,0.925911293969435
1473506,2025,12,2,1,-3.4375,7.826086956521739,4.47999999999999,1,9,interaction_mid,0.9379631570756214,0.9249069387081136
1473506,2025,12,3,1,-3.4375,8.0,3.1000000000000085,1,9,interaction_mid,0.9318433547504023,0.9182619024737408
1473506,2025,12,4,1,-3.4375,8.181818181818182,1.7199999999999989,1,9,interaction_mid,0.9194360509731181,0.904977553318876
1473506,2025,12,5,1,-3.4375,8.372093023255815,0.3400000000000034,1,9,interaction_mid,0.9063472622744979,0.8911989627363979
1473506,2025,12,6,1,-3.4375,7.714285714285715,4.959999999999994,1,9,interaction_mid,0.9544828302207415,0.9432154572750909
1473506,2025,13,1,1,-3.4375,7.317073170731707,7.579999999999998,1,9,interaction_mid,0.9850680471965343,0.9813460441930616
1473506,2025,13,2,1,-3.4375,7.3500000000000005,7.200000000000017,1,9,interaction_mid,0.9847460853903481,0.9809672100902558
1473506,2025,13,3,1,-3.4375,6.9230769230769225,9.819999999999993,1,9,interaction_mid,0.9912029702071707,0.9886742527981894
1473506,2025,13,4,1,-3.4375,7.105263157894736,8.439999999999998,1,9,interaction_mid,0.9900673898612262,0.9872996303610116
1473506,2025,13,5,1,-3.4375,7.135135135135135,8.060000000000002,1,9,interaction_mid,0.989669106907435,0.986819743339996
1473506,2025,13,6,1,-3.4375,7.0,8.680000000000007,1,9,interaction_mid,0.990944607137515,0.9883606367317693
1473506,2025,14,1,1,-3.4375,7.199999999999999,1.9333333333333371,2,8,interaction_mid,0.9706040635161926,0.965813805376799
1473506,2025,14,2,1,-3.4375,7.235294117647058,1.7066666666666777,2,8,interaction_mid,0.9648527137132097,0.9594891987966608
1473506,2025,14,3,1,-3.4375,7.454545454545455,0.47999999999998977,2,8,interaction_mid,0.9478682678436274,0.941110912300669
1473506,2025,14,4,1,-3.4375,7.5,0.2533333333333303,2,8,interaction_mid,0.9454484866848183,0.9385225521223568
1473506,2025,14,5,1,-3.4375,7.741935483870968,-0.9733333333333292,2,8,interaction_mid,0.9247393784894438,0.9166114043511
1473506,2025,14,6,1,-3.4375,7.800000000000001,-1.200000000000017,2,8,interaction_mid,0.9194031000493059,0.9110260815231195
1473506,2025,15,1,1,-3.4375,7.655172413793104,-0.4266666666666765,2,8,interaction_mid,0.9342694391984955,0.9275170923886474
1473506,2025,15,2,1,-3.4375,7.5,0.346666666666664,2,8,interaction_mid,0.9507036597115427,0.9448631952014976
1473506,2025,15,3,1,-3.4375,7.555555555555555,0.12000000000000455,2,8,interaction_mid,0.9483982641997752,0.9424133937376589
1473506,2025,15,4,1,-3.4375,7.846153846153847,-1.106666666666655,2,8,interaction_mid,0.9262208926132265,0.9191105259323712
1473506,2025,15,5,1,-3.4375,7.199999999999999,1.6666666666666856,2,8,interaction_mid,0.9676216446653718,0.9630462135617122
1473506,2025,15,6,1,-3.4375,7.0,2.4399999999999977,2,8,interaction_mid,0.975951057225043,0.9721662945094054
1473506,2025,15,7,1,-3.4375,7.043478260869566,2.2133333333333383,2,8,interaction_mid,0.9764289741159582,0.9726939051292106
1473507,2025,7,1,1,51.69999999999999,11.766233766233768,-18.9075,1,9,interaction_mid,0.29996789225633724,0.32368501499710856
1473507,2025,7,2,1,51.69999999999999,11.447368421052632,-14.610000000000014,1,9,interaction_mid,0.3914664292757024,0.40409921940450017
1473507,2025,7,3,1,51.69999999999999,11.52,-15.3125,1,9,interaction_mid,0.3742152207760464,0.3891125172295064
1473507,2025,7,4,1,51.69999999999999,11.35135135135135,-13.014999999999986,1,9,interaction_mid,0.42517279195444413,0.43322627853422074
1473507,2025,7,5,1,51.69999999999999,11.342465753424658,-12.717500000000001,1,9,interaction_mid,0.44665189389580706,0.4517090551993537
1473507,2025,7,6,1,51.69999999999999,11.5,-28.040000000000006,2,8,interaction_mid,0.22529759888174639,0.2555304761193416
1473507,2025,7,7,1,51.69999999999999,11.661971830985916,-42.98416666666668,3,7,interaction_mid,0.11862867111030122,0.1505737598935074
1473507,2025,8,1,1,51.69999999999999,11.577464788732396,-41.98416666666668,3,7,interaction_mid,0.12784844900179052,0.15552796528941976
1473507,2025,8,2,1,51.69999999999999,11.657142857142857,-42.30833333333334,3,7,interaction_mid,0.12413822824865273,0.15167841663122195
1473507,2025,8,3,1,51.69999999999999,11.82608695652174,-43.63249999999999,3,7,interaction_mid,0.12632490814946368,0.15394939413253078
1473507,2025,8,4,1,51.69999999999999,12.0,-44.95666666666668,3,7,interaction_mid,0.1255731360940519,0.1531693525444596
1473507,2025,8,5,1,51.69999999999999,11.82089552238806,-42.280833333333334,3,7,interaction_mid,0.13824906496160352,0.1662264133022623
1473507,2025,8,6,1,51.69999999999999,11.90909090909091,-42.60499999999999,3,7,interaction_mid,0.14500533110761754,0.17310730435887614
1473507,2025,9,1,1,51.69999999999999,11.723076923076922,-39.929166666666674,3,7,interaction_mid,0.15510142223691525,0.19410305175647882
1473507,2025,9,2,1,51.69999999999999,11.8125,-40.25333333333333,3,7,interaction_mid,0.15441893060751066,0.19341040605978466
1473507,2025,9,3,1,51.69999999999999,11.619047619047619,-37.577500000000015,3,7,interaction_mid,0.1617854329963831,0.20085465089145108
1473507,2025,9,4,1,51.69999999999999,11.419354838709678,-34.90166666666667,3,7,interaction_mid,0.19057964814873507,0.22933777868762734
1473507,2025,9,5,1,51.69999999999999,11.213114754098362,-32.225833333333355,3,7,interaction_mid,0.24328220581008095,0.2794179448040612
1473507,2025,9,6,1,51.69999999999999,11.3,-32.55000000000001,3,7,interaction_mid,0.24925348749485693,0.28495561087782884
1473507,2025,10,1,1,51.69999999999999,11.491525423728813,-33.87416666666667,3,7,interaction_mid,0.23036334187369562,0.25973853997836355
1473507,2025,10,2,1,51.69999999999999,11.689655172413794,-35.19833333333332,3,7,interaction_mid,0.2193708899353342,0.24907511246047098
1473507,2025,10,3,1,51.69999999999999,11.473684210526315,-32.52250000000001,3,7,interaction_mid,0.274384286167797,0.30175505616809284
1473507,2025,10,4,1,51.69999999999999,11.571428571428571,-32.846666666666664,3,7,interaction_mid,0.26171028332526536,0.2897614603986905
1473507,2025,10,5,1,51.69999999999999,11.672727272727274,-33.17083333333335,3,7,interaction_mid,0.2676071421158022,0.2953513743504613
1473507,2025,10,6,1,51.69999999999999,11.777777777777779,-33.495000000000005,3,7,interaction_mid,0.25748936420664204,0.28574960546793915
1473507,2025,11,1,1,51.69999999999999,11.88679245283019,-33.81916666666669,3,7,interaction_mid,0.23459302615369793,0.26143814144986577
1473507,2025,11,2,1,51.69999999999999,12.115384615384615,-44.97999999999999,4,6,interaction_mid,0.1411240082986972,0.167143959345334
1473507,2025,11,3,1,51.69999999999999,11.882352941176471,-42.11500000000001,4,6,interaction_mid,0.15974409325824368,0.18645087815277364
1473507,2025,11,4,1,51.69999999999999,12.0,-42.25,4,6,interaction_mid,0.1628631980747824,0.18965544084030542
1473507,2025,11,5,1,51.69999999999999,12.0,-41.38499999999999,4,6,interaction_mid,0.17492007377421423,0.20196891948285609
1473507,2025,11,6,1,51.69999999999999,12.0,-40.52000000000001,4,6,interaction_mid,0.1834499121313623,0.21061320254788032
1473507,2025,12,1,1,51.69999999999999,12.127659574468087,-40.655,4,6,interaction_mid,0.16263262500461195,0.18685367881640352
1473507,2025,12,2,1,51.69999999999999,12.260869565217392,-40.78999999999999,4,6,interaction_mid,0.16162339866913558,0.18582379378866934
1473507,2025,12,3,1,51.69999999999999,12.266666666666666,-39.92500000000001,4,6,interaction_mid,0.16614619685517307,0.19043313059061043
1473507,2025,12,4,1,51.69999999999999,12.40909090909091,-40.06,4,6,interaction_mid,0.16667349063944542,0.19096951049981112
1473507,2025,12,5,1,51.69999999999999,12.558139534883722,-40.19499999999999,4,6,interaction_mid,0.1699508731329556,0.1942987602052238
1473507,2025,12,6,1,51.69999999999999,12.714285714285715,-40.33000000000001,4,6,interaction_mid,0.1639879027055625,0.18823547422642675
1473507,2025,13,1,1,51.69999999999999,12.878048780487806,-40.465,4,6,interaction_mid,0.16060379217172172,0.1729497369746713
1473507,2025,13,2,1,51.69999999999999,12.75,-38.60000000000002,4,6,interaction_mid,0.20329014263426273,0.21542837247781396
1473507,2025,13,3,1,51.69999999999999,12.153846153846153,-33.734999999999985,4,6,interaction_mid,0.29129509313006596,0.3012240906190043
1473507,2025,13,4,1,51.69999999999999,11.842105263157894,-30.870000000000005,4,6,interaction_mid,0.3265633193436076,0.335132285352081
1473507,2025,13,5,1,51.69999999999999,12.0,-31.004999999999995,4,6,interaction_mid,0.3227457139204626,0.3314719069445623
1473507,2025,13,6,1,51.69999999999999,12.0,-30.140000000000015,4,6,interaction_mid,0.3312091162259405,0.3395837593596777
1473507,2025,14,1,1,51.69999999999999,11.657142857142857,-27.274999999999977,4,6,interaction_mid,0.3563939043023233,0.36289926515965154
1473507,2025,14,2,1,51.69999999999999,11.647058823529411,-26.410000000000025,4,6,interaction_mid,0.3699797831473786,0.3759669337210926
1473507,2025,14,3,1,51.69999999999999,10.909090909090908,-21.544999999999987,4,6,interaction_mid,0.46065386747085046,0.4628227800207349
1473507,2025,14,4,1,51.69999999999999,10.5,-18.680000000000007,4,6,interaction_mid,0.48920725108643087,0.490098694399229
1473507,2025,14,5,1,51.69999999999999,10.64516129032258,-18.814999999999998,4,6,interaction_mid,0.48152073170024834,0.4827575415094432
1473507,2025,14,6,1,51.69999999999999,10.2,-15.949999999999989,4,6,interaction_mid,0.5545152078781377,0.5524787572294437
1473507,2025,15,1,1,51.69999999999999,10.344827586206897,-16.085000000000008,4,6,interaction_mid,0.5432883611788619,0.5436270016359195
1473507,2025,15,2,1,51.69999999999999,10.5,-16.22,4,6,interaction_mid,0.5369233745088555,0.5375359737426267
1473507,2025,15,3,1,51.69999999999999,10.666666666666666,-16.35499999999999,4,6,interaction_mid,0.5266731346618669,0.5277275023109326
1473507,2025,15,4,1,51.69999999999999,10.153846153846153,-13.490000000000009,4,6,interaction_mid,0.5765202960281197,0.5754402371119846
1473507,2025,15,5,1,51.69999999999999,9.600000000000001,-10.625,4,6,interaction_mid,0.6257223405835979,0.622618107808288
1473507,2025,15,6,1,51.69999999999999,10.0,-11.759999999999991,4,6,interaction_mid,0.598453187345726,0.5964557776571071
1473507,2025,15,7,1,51.69999999999999,10.173913043478262,-11.89500000000001,4,6,interaction_mid,0.5948170132138123,0.592970256219711
1473508,2025,7,1,1,-68.88888888888889,2.25974025974026,30.3275,1,9,interaction_mid,0.9948686792862047,0.9890950170333455
1473508,2025,7,2,1,-68.88888888888889,2.2105263157894735,30.569999999999993,1,9,interaction_mid,0.9952311217277217,0.9897554269274847
1473508,2025,7,3,1,-68.88888888888889,1.76,35.8125,1,9,interaction_mid,0.9960780389008883,0.9913296025435139
1473508,2025,7,4,1,-68.88888888888889,1.4594594594594597,39.05500000000001,1,9,interaction_mid,0.9963993999547998,0.9919398742911765
1473508,2025,7,5,1,-68.88888888888889,1.4794520547945205,32.15333333333332,2,8,interaction_mid,0.996120676114099,0.9914101274280399
1473508,2025,7,6,1,-68.88888888888889,1.4166666666666665,32.48,2,8,interaction_mid,0.9944056883865314,0.9882615623182167
1473508,2025,8,1,1,-68.88888888888889,1.352112676056338,32.80666666666667,2,8,interaction_mid,0.9946217549209548,0.9898777814298837
1473508,2025,8,2,1,-68.88888888888889,1.2857142857142856,33.13333333333335,2,8,interaction_mid,0.994837594503942,0.9902340016312606
1473508,2025,8,3,1,-68.88888888888889,1.3043478260869565,32.459999999999994,2,8,interaction_mid,0.9950539502796762,0.9905930033267499
1473508,2025,8,4,1,-68.88888888888889,1.2352941176470589,32.78666666666667,2,8,interaction_mid,0.9952233608829901,0.9908755162283007
1473508,2025,8,5,1,-68.88888888888889,0.8955223880597014,36.113333333333344,2,8,interaction_mid,0.9960072937017275,0.9922004580841792
1473508,2025,8,6,1,-68.88888888888889,0.9090909090909092,35.440000000000005,2,8,interaction_mid,0.9964612941939259,0.992982729819158
1473508,2025,9,1,1,-68.88888888888889,0.8307692307692308,35.766666666666666,2,8,interaction_mid,0.9964819691765403,0.9919611719434066
1473508,2025,9,2,1,-68.88888888888889,0.75,36.09333333333334,2,8,interaction_mid,0.9965529656203371,0.9920986328055551
1473508,2025,9,3,1,-68.88888888888889,0.38095238095238093,39.42,2,8,interaction_mid,0.9966993147746458,0.9923834079367436
1473508,2025,9,4,1,-68.88888888888889,0.29032258064516125,39.74666666666667,2,8,interaction_mid,0.9967271416379786,0.9924377773117403
1473508,2025,9,5,1,-68.88888888888889,0.19672131147540983,40.07333333333334,2,8,interaction_mid,0.9969318085544031,0.9928399429378912
1473508,2025,9,6,1,-68.88888888888889,-0.4,45.400000000000006,2,8,interaction_mid,0.9915009507370638,0.9830692961275211
1473509,2025,7,1,0,62.20896079904773,11.922077922077923,-34.95999999999998,2,8,interaction_mid,0.10385487102553927,0.13488494911184448
1473509,2025,7,2,0,62.20896079904773,12.0,-35.47999999999999,2,8,interaction_mid,0.10421914727613228,0.1352765536466494
1473509,2025,7,3,0,62.20896079904773,12.0,-35.0,2,8,interaction_mid,0.11214863644243146,0.14373982018875628
1473509,2025,7,4,0,62.20896079904773,11.837837837837839,-32.51999999999998,2,8,interaction_mid,0.13331989133418534,0.16581890859509998
1473509,2025,7,5,0,62.20896079904773,11.917808219178081,-33.04000000000002,2,8,interaction_mid,0.13001237201145213,0.1624150384143899
1473509,2025,7,6,0,62.20896079904773,12.0,-33.56,2,8,interaction_mid,0.12315515978302613,0.15530634136819932
1473509,2025,8,1,0,62.20896079904773,12.0,-33.079999999999984,2,8,interaction_mid,0.13276400426411528,0.16060087776703327
1473509,2025,8,2,0,62.20896079904773,11.82857142857143,-30.599999999999966,2,8,interaction_mid,0.16486343628384303,0.1930487966481643
1473509,2025,8,3,0,62.20896079904773,11.91304347826087,-31.120000000000005,2,8,interaction_mid,0.16220841900371352,0.19040553050512013
1473509,2025,8,4,0,62.20896079904773,12.0,-31.639999999999986,2,8,interaction_mid,0.17239847279228898,0.20051467091401995
1473509,2025,8,5,0,62.20896079904773,12.089552238805968,-32.15999999999998,2,8,interaction_mid,0.15403098014510216,0.1822209494258117
1473509,2025,8,6,0,62.20896079904773,12.181818181818182,-32.67999999999999,2,8,interaction_mid,0.15449468621775592,0.18268685889015035
1473509,2025,9,1,0,62.20896079904773,12.0,-30.19999999999999,2,8,interaction_mid,0.17053989006690964,0.20961385070627295
1473509,2025,9,2,0,62.20896079904773,12.09375,-30.71999999999997,2,8,interaction_mid,0.17220090195746351,0.21126550957082044
1473509,2025,9,3,0,62.20896079904773,11.904761904761905,-28.23999999999998,2,8,interaction_mid,0.18692112717197265,0.22576876025157155
1473509,2025,9,4,0,62.20896079904773,12.0,-28.75999999999999,2,8,interaction_mid,0.18578833136903372,0.2246609008198556
1473509,2025,9,5,0,62.20896079904773,12.098360655737704,-29.279999999999973,2,8,interaction_mid,0.19652485312359297,0.2351090753883258
1473509,2025,9,6,0,62.20896079904773,12.299999999999999,-30.799999999999983,2,8,interaction_mid,0.18057499917721756,0.21954498778628587
1473509,2025,10,1,0,62.20896079904773,12.305084745762711,-30.319999999999993,2,8,interaction_mid,0.20353876894137715,0.23357783749901928
1473509,2025,10,2,0,62.20896079904773,12.413793103448278,-30.839999999999975,2,8,interaction_mid,0.19621533780788905,0.22634962414803464
1473509,2025,10,3,0,62.20896079904773,12.210526315789474,-28.359999999999985,2,8,interaction_mid,0.2182479098206539,0.24798142804662948
1473509,2025,10,4,0,62.20896079904773,12.42857142857143,-29.879999999999995,2,8,interaction_mid,0.21581235930105852,0.24560658046778958
1473509,2025,10,5,0,62.20896079904773,12.654545454545453,-31.400000000000006,2,8,interaction_mid,0.2079486493243987,0.2379117304489595
1473509,2025,10,6,0,62.20896079904773,12.222222222222223,-26.919999999999987,2,8,interaction_mid,0.26064167006999045,0.2887466274278579
1473509,2025,11,1,0,62.20896079904773,12.226415094339622,-26.440000000000026,2,8,interaction_mid,0.27279671035442243,0.29847707737627543
1473509,2025,11,2,0,62.20896079904773,12.23076923076923,-25.960000000000008,2,8,interaction_mid,0.2935552676174322,0.31833408038585614
1473509,2025,11,3,0,62.20896079904773,12.352941176470587,-26.47999999999999,2,8,interaction_mid,0.28645931308866346,0.3115655814611986
1473509,2025,11,4,0,62.20896079904773,12.48,-27.0,2,8,interaction_mid,0.27193138420976026,0.2976455099760475
1473509,2025,11,5,0,62.20896079904773,12.612244897959183,-27.52000000000001,2,8,interaction_mid,0.27830753848160217,0.30376552978751425
1473509,2025,11,6,0,62.20896079904773,12.375,-25.039999999999992,2,8,interaction_mid,0.2815494324370742,0.30687074884696186
1473509,2025,12,1,0,62.20896079904773,12.638297872340424,-26.560000000000002,2,8,interaction_mid,0.2744197556964859,0.2970794880654468
1473509,2025,12,2,0,62.20896079904773,12.782608695652176,-27.080000000000013,2,8,interaction_mid,0.26965171550160444,0.2925030568086431
1473509,2025,12,3,0,62.20896079904773,13.066666666666666,-28.599999999999994,2,8,interaction_mid,0.24755011318283882,0.2711678665510435
1473509,2025,12,4,0,62.20896079904773,12.545454545454545,-24.120000000000005,2,8,interaction_mid,0.2906911359201215,0.3126323763903322
1473509,2025,12,5,0,62.20896079904773,12.0,-19.640000000000015,2,8,interaction_mid,0.3585438031748097,0.37657819589352154
1473509,2025,12,6,0,62.20896079904773,12.142857142857142,-20.159999999999997,2,8,interaction_mid,0.34890329636142603,0.3675697824011189
1473509,2025,12,7,0,62.20896079904773,11.853658536585366,-17.67999999999998,2,8,interaction_mid,0.3859077998471485,0.40203493888436925
1473509,2025,13,1,0,62.20896079904773,11.707317073170731,-16.67999999999998,2,8,interaction_mid,0.40897842108602467,0.4137060012033207
1473509,2025,13,2,0,62.20896079904773,11.850000000000001,-17.200000000000017,2,8,interaction_mid,0.3966333265585082,0.40198051469067325
1473509,2025,13,3,0,62.20896079904773,12.0,-17.72,2,8,interaction_mid,0.40068343433914966,0.40582868337567285
1473509,2025,13,4,0,62.20896079904773,12.315789473684212,-26.460000000000008,3,7,interaction_mid,0.2569338202863032,0.267956747129176
1473509,2025,13,5,0,62.20896079904773,12.648648648648647,-27.789999999999992,3,7,interaction_mid,0.2686312074033359,0.2793106296016215
1473509,2025,13,6,0,62.20896079904773,12.833333333333332,-28.120000000000005,3,7,interaction_mid,0.2526528671701028,0.2637934332803117
1473509,2025,14,1,0,62.20896079904773,13.028571428571428,-28.450000000000017,3,7,interaction_mid,0.24604214054211143,0.25582829800973855
1473509,2025,14,2,0,62.20896079904773,13.23529411764706,-28.78000000000003,3,7,interaction_mid,0.25098515695045825,0.26067002824792596
1473509,2025,14,3,0,62.20896079904773,13.454545454545453,-29.109999999999985,3,7,interaction_mid,0.22264638019162575,0.23283631320852338
1473509,2025,14,4,0,62.20896079904773,13.6875,-29.439999999999998,3,7,interaction_mid,0.2312279148388214,0.24128482949354238
1473509,2025,14,5,0,62.20896079904773,13.354838709677418,-26.769999999999982,3,7,interaction_mid,0.24379116911128218,0.2536216820005862
1473509,2025,14,6,0,62.20896079904773,13.6,-27.099999999999994,3,7,interaction_mid,0.23489744052037023,0.24489202094037724
1473509,2025,15,1,0,62.20896079904773,13.241379310344827,-24.430000000000007,3,7,interaction_mid,0.2654406102756528,0.2757969081072669
1473509,2025,15,2,0,62.20896079904773,12.857142857142858,-21.75999999999999,3,7,interaction_mid,0.3152251771255353,0.3243802347373402
1473509,2025,15,3,0,62.20896079904773,13.11111111111111,-22.090000000000003,3,7,interaction_mid,0.3063026679330837,0.31570383287813647
1473509,2025,15,4,0,62.20896079904773,13.615384615384615,-28.359999999999985,4,6,interaction_mid,0.21911123409035477,0.23013849706823525
1473509,2025,15,5,0,62.20896079904773,13.919999999999998,-28.5,4,6,interaction_mid,0.1974224515520705,0.20857894008536734
1473509,2025,15,6,0,62.20896079904773,13.5,-25.640000000000015,4,6,interaction_mid,0.23885653283284408,0.24965847082348072
1473510,2025,7,1,1,17.0,10.441558441558442,-28.793333333333322,2,8,interaction_mid,0.4256849296028964,0.43366756245618643
1473510,2025,7,2,1,17.0,10.578947368421051,-30.14666666666666,2,8,interaction_mid,0.3582528710892931,0.3751852308702948
1473510,2025,7,3,1,17.0,10.64,-30.5,2,8,interaction_mid,0.35174069831067517,0.36948451130720855
1473510,2025,7,4,1,17.0,10.702702702702702,-30.853333333333325,2,8,interaction_mid,0.33251079213405954,0.3525791360680616
1473510,2025,7,5,1,17.0,10.84931506849315,-44.55583333333334,3,7,interaction_mid,0.18262476115526843,0.21493654999897266
1473510,2025,7,6,1,17.0,11.0,-45.74000000000001,3,7,interaction_mid,0.1773275649706369,0.2097873178140526
1473510,2025,8,1,1,17.0,11.070422535211268,-45.92416666666668,3,7,interaction_mid,0.17997923277615552,0.20797475385565406
1473510,2025,8,2,1,17.0,11.142857142857142,-46.108333333333334,3,7,interaction_mid,0.1794110386417231,0.20741731756355578
1473510,2025,8,3,1,17.0,11.217391304347826,-46.292500000000004,3,7,interaction_mid,0.17823433996613036,0.20626202788954334
1473510,2025,8,4,1,17.0,11.294117647058822,-46.476666666666674,3,7,interaction_mid,0.17496792934731956,0.20304882119004178
1473510,2025,8,5,1,17.0,11.373134328358208,-46.66083333333333,3,7,interaction_mid,0.17608588327546842,0.2041496045034739
1473510,2025,8,6,1,17.0,11.181818181818182,-43.845,3,7,interaction_mid,0.19522759563086417,0.22283634216413417
1473510,2025,9,1,1,17.0,11.26153846153846,-44.02916666666667,3,7,interaction_mid,0.19132516549284173,0.23006340036260187
1473510,2025,9,2,1,17.0,10.875,-39.21333333333334,3,7,interaction_mid,0.22966585564375414,0.2666954899632056
1473510,2025,9,3,1,17.0,10.952380952380953,-39.39750000000001,3,7,interaction_mid,0.22913505533102868,0.2661967439027247
1473510,2025,9,4,1,17.0,10.741935483870968,-36.58166666666665,3,7,interaction_mid,0.26186309471638597,0.2965718726977528
1473510,2025,9,5,1,17.0,10.819672131147541,-36.76583333333335,3,7,interaction_mid,0.273600133542933,0.30729559926447036
1473510,2025,9,6,1,17.0,10.6,-33.95000000000002,3,7,interaction_mid,0.3038106387493672,0.3345481723019007
1473510,2025,10,1,1,17.0,10.677966101694915,-34.13416666666669,3,7,interaction_mid,0.3112661555006516,0.3362527387966213
1473510,2025,10,2,1,17.0,10.862068965517242,-35.31833333333333,3,7,interaction_mid,0.29993058822602925,0.3257091795113221
1473510,2025,10,3,1,17.0,10.842105263157896,-34.5025,3,7,interaction_mid,0.3415244358205816,0.36417259620727965
1473510,2025,10,4,1,17.0,11.035714285714285,-35.68666666666667,3,7,interaction_mid,0.3285861613777574,0.35227179528409186
1473510,2025,10,5,1,17.0,11.236363636363636,-36.87083333333334,3,7,interaction_mid,0.31469669473756084,0.3394340535582334
1473510,2025,10,6,1,17.0,11.333333333333332,-37.05500000000001,3,7,interaction_mid,0.3123007047717263,0.33721258408796956
1473510,2025,11,1,1,17.0,11.320754716981131,-36.23916666666668,3,7,interaction_mid,0.3255655228720077,0.3486415771696547
1473510,2025,11,2,1,17.0,11.538461538461538,-37.42333333333332,3,7,interaction_mid,0.31199689142782416,0.33583766565324
1473510,2025,11,3,1,17.0,11.529411764705882,-36.607500000000016,3,7,interaction_mid,0.3254393122934641,0.3485227535797597
1473510,2025,11,4,1,17.0,11.64,-36.79166666666666,3,7,interaction_mid,0.3183684567161295,0.3418576360058629
1473510,2025,11,5,1,17.0,11.755102040816325,-36.97583333333333,3,7,interaction_mid,0.3158229264730086,0.33945419627673074
1473510,2025,11,6,1,17.0,11.875,-37.16,3,7,interaction_mid,0.30943476100680267,0.3334130562069226
1473510,2025,12,1,1,17.0,12.0,-37.344166666666666,3,7,interaction_mid,0.29222884894618345,0.3140972402148159
1473510,2025,12,2,1,17.0,11.478260869565219,-32.528333333333336,3,7,interaction_mid,0.3779843350084201,0.39467982606080554
1473510,2025,12,3,1,17.0,10.933333333333334,-27.712500000000006,3,7,interaction_mid,0.5319352527694878,0.5361106665363687
1473510,2025,12,4,1,17.0,10.363636363636363,-22.896666666666675,3,7,interaction_mid,0.6340154872454582,0.6295142728417262
1473510,2025,12,5,1,17.0,10.604651162790699,-24.080833333333345,3,7,interaction_mid,0.5926808581032943,0.5916180461729149
1473510,2025,12,6,1,17.0,10.857142857142858,-25.265000000000015,3,7,interaction_mid,0.5903536909933665,0.5894887705860886
1473510,2025,13,1,1,17.0,10.975609756097562,-25.449166666666684,3,7,interaction_mid,0.5806091433347391,0.5762474402246659
1473510,2025,13,2,1,17.0,10.95,-24.633333333333354,3,7,interaction_mid,0.5860452831883318,0.5814057567922406
1473510,2025,13,3,1,17.0,11.076923076923077,-24.817499999999995,3,7,interaction_mid,0.5797678892506435,0.5754493576860231
1473510,2025,13,4,1,17.0,10.736842105263158,-22.001666666666665,3,7,interaction_mid,0.6485033883321193,0.6408571860359833
1473510,2025,13,5,1,17.0,10.378378378378379,-19.185833333333335,3,7,interaction_mid,0.7031927552689783,0.6933177020218497
1473510,2025,13,6,1,17.0,10.5,-19.370000000000005,3,7,interaction_mid,0.7007233510450107,0.6909382591091022
1473510,2025,13,7,1,17.0,10.628571428571428,-19.554166666666674,3,7,interaction_mid,0.696626900578079,0.6869935168641453
1473510,2025,14,1,1,17.0,10.285714285714285,-17.554166666666674,3,7,interaction_mid,0.7329524819644488,0.7242803021989089
1473510,2025,14,2,1,17.0,10.588235294117647,-18.738333333333344,3,7,interaction_mid,0.7060730216460593,0.698155557456825
1473510,2025,14,3,1,17.0,10.727272727272727,-18.922499999999985,3,7,interaction_mid,0.6978414773255064,0.6901788410461861
1473510,2025,14,4,1,17.0,11.0625,-20.106666666666683,3,7,interaction_mid,0.6510254767974534,0.6449885436223335
1473510,2025,14,5,1,17.0,11.225806451612902,-20.290833333333325,3,7,interaction_mid,0.6379301593733453,0.6323935986591789
1473510,2025,14,6,1,17.0,11.399999999999999,-20.474999999999994,3,7,interaction_mid,0.6346779673945061,0.6292682884808022
1473510,2025,15,1,1,17.0,10.551724137931034,-15.659166666666664,3,7,interaction_mid,0.7408512873589006,0.7338319451551166
1473510,2025,15,2,1,17.0,10.714285714285715,-15.843333333333334,3,7,interaction_mid,0.729342019638626,0.7226363565537115
1473510,2025,15,3,1,17.0,10.88888888888889,-16.027500000000003,3,7,interaction_mid,0.7185081571250573,0.7121171731362131
1473510,2025,15,4,1,17.0,11.076923076923077,-16.211666666666673,3,7,interaction_mid,0.7063354542285611,0.7003187876373932
1473510,2025,15,5,1,17.0,11.52,-21.625,4,6,interaction_mid,0.5711297362724334,0.5702779102047889
1473510,2025,15,6,1,17.0,11.75,-21.640000000000015,4,6,interaction_mid,0.5974324539386849,0.5954772710317217
1473510,2025,15,7,1,17.0,10.695652173913043,-16.655,4,6,interaction_mid,0.7105813637916474,0.7044317465458865
1473511,2025,7,1,0,3.46875,10.51948051948052,-24.27499999999999,1,9,interaction_mid,0.5925965622775682,0.5772112093510074
1473511,2025,7,2,0,3.46875,10.18421052631579,-19.700000000000003,1,9,interaction_mid,0.6580974569909157,0.6345036594087123
1473511,2025,7,3,0,3.46875,10.24,-20.125,1,9,interaction_mid,0.645557381357031,0.6234438759791446
1473511,2025,7,4,0,3.46875,10.378378378378379,-21.549999999999997,1,9,interaction_mid,0.6391289040350399,0.6177931580043199
1473511,2025,7,5,0,3.46875,10.027397260273972,-16.97500000000001,1,9,interaction_mid,0.6704356052729474,0.6454368837647504
1473511,2025,7,6,0,3.46875,10.083333333333334,-17.39999999999999,1,9,interaction_mid,0.6631367599154026,0.6389626997977853
1473511,2025,8,1,0,3.46875,10.140845070422536,-17.825000000000003,1,9,interaction_mid,0.6560351050029609,0.6371306453566096
1473511,2025,8,2,0,3.46875,10.2,-18.25,1,9,interaction_mid,0.6530287334177669,0.6344250292274753
1473511,2025,8,3,0,3.46875,10.347826086956523,-30.60000000000001,2,8,interaction_mid,0.40215464021861,0.41267278854920786
1473511,2025,8,4,0,3.46875,10.411764705882353,-30.86666666666666,2,8,interaction_mid,0.40888983053087036,0.41863618450004075
1473511,2025,8,5,0,3.46875,10.567164179104477,-32.13333333333331,2,8,interaction_mid,0.37395067253579994,0.38761771295175507
1473511,2025,8,6,0,3.46875,10.636363636363637,-32.39999999999999,2,8,interaction_mid,0.3749081382600822,0.38847075069634085
1473511,2025,9,1,0,3.46875,10.430769230769231,-29.666666666666657,2,8,interaction_mid,0.49971396611880503,0.5040079906732509
1473511,2025,9,2,0,3.46875,10.59375,-30.933333333333323,2,8,interaction_mid,0.4267169267678908,0.44178672567789795
1473511,2025,9,3,0,3.46875,10.666666666666666,-31.19999999999999,2,8,interaction_mid,0.43394994158062333,0.4479790850676803
1473511,2025,9,4,0,3.46875,10.838709677419354,-42.28333333333333,3,7,interaction_mid,0.23220590852442446,0.2690791812681089
1473511,2025,9,5,0,3.46875,10.918032786885245,-42.391666666666694,3,7,interaction_mid,0.23956639395143248,0.27595943743419526
1473511,2025,9,6,0,3.46875,11.0,-42.5,3,7,interaction_mid,0.2447942173859212,0.28082247835281543
1473511,2025,10,1,0,3.46875,10.576271186440678,-37.60833333333335,3,7,interaction_mid,0.316352719201653,0.3409682374089548
1473511,2025,10,2,0,3.46875,10.758620689655173,-38.716666666666654,3,7,interaction_mid,0.30375364746212763,0.3292706530873208
1473511,2025,10,3,0,3.46875,10.842105263157896,-38.825,3,7,interaction_mid,0.325839094158495,0.34973800437429325
1473511,2025,10,4,0,3.46875,11.035714285714285,-39.93333333333334,3,7,interaction_mid,0.3154477086656905,0.34012993484556897
1473511,2025,10,5,0,3.46875,11.236363636363636,-41.041666666666686,3,7,interaction_mid,0.2953835350189305,0.321465682189883
1473511,2025,10,6,0,3.46875,11.444444444444445,-42.150000000000006,3,7,interaction_mid,0.28810156551096955,0.314652166531999
1473511,2025,11,1,0,3.46875,11.547169811320755,-42.258333333333354,3,7,interaction_mid,0.2866794106196847,0.31177581529602016
1473511,2025,11,2,0,3.46875,11.769230769230768,-43.366666666666674,3,7,interaction_mid,0.2710459887498089,0.2967943260820247
1473511,2025,11,3,0,3.46875,11.882352941176471,-43.474999999999994,3,7,interaction_mid,0.2713717383134825,0.29710752765539855
1473511,2025,11,4,0,3.46875,12.120000000000001,-44.583333333333314,3,7,interaction_mid,0.27698074078786494,0.3024934272138288
1473511,2025,11,5,0,3.46875,12.244897959183675,-44.69166666666666,3,7,interaction_mid,0.27693521392654247,0.3024497642204128
1473511,2025,11,6,0,3.46875,11.75,-39.79999999999998,3,7,interaction_mid,0.3406167721333175,0.36277701228688813
1473511,2025,11,7,0,3.46875,11.872340425531915,-39.90833333333333,3,7,interaction_mid,0.3279838789706896,0.35091742626663086
1473511,2025,12,1,0,3.46875,11.872340425531915,-47.349999999999994,4,6,interaction_mid,0.20931314989548713,0.23371928995615468
1473511,2025,12,2,0,3.46875,12.130434782608695,-48.30000000000001,4,6,interaction_mid,0.2210427408309649,0.24528656514564318
1473511,2025,12,3,0,3.46875,12.400000000000002,-49.25,4,6,interaction_mid,0.19978918764522186,0.22427020253070573
1473511,2025,12,4,0,3.46875,12.545454545454545,-49.20000000000002,4,6,interaction_mid,0.19586540676204714,0.22036164994879437
1473511,2025,12,5,0,3.46875,12.697674418604652,-49.150000000000006,4,6,interaction_mid,0.1884502371284667,0.2129492638872017
1473511,2025,12,6,0,3.46875,12.857142857142858,-49.099999999999994,4,6,interaction_mid,0.18416286069679927,0.20864746220334535
1473511,2025,13,1,0,3.46875,13.02439024390244,-49.05000000000001,4,6,interaction_mid,0.1789448816491464,0.19128839513004364
1473511,2025,13,2,0,3.46875,13.350000000000001,-50.0,4,6,interaction_mid,0.16558906976190296,0.17794843483051287
1473511,2025,13,3,0,3.46875,13.384615384615385,-48.94999999999999,4,6,interaction_mid,0.17620384618872095,0.1885565474355237
1473511,2025,13,4,0,3.46875,13.736842105263158,-49.900000000000006,4,6,interaction_mid,0.17047585312057034,0.18283797105114757
1473511,2025,13,5,0,3.46875,13.945945945945944,-49.849999999999994,4,6,interaction_mid,0.16206803872529707,0.17441905905515495
1473511,2025,13,6,0,3.46875,14.166666666666668,-49.80000000000001,4,6,interaction_mid,0.1340729279136394,0.14615033928833135
1473511,2025,14,1,0,3.46875,13.885714285714286,-46.75,4,6,interaction_mid,0.19180281085669615,0.2023095073916769
1473511,2025,14,2,0,3.46875,14.117647058823529,-46.70000000000002,4,6,interaction_mid,0.16973709628418837,0.18029408955838339
1473511,2025,14,3,0,3.46875,13.454545454545453,-41.650000000000006,4,6,interaction_mid,0.25570061822030343,0.2652840095190211
1473511,2025,14,4,0,3.46875,13.6875,-41.599999999999994,4,6,interaction_mid,0.2468699495744726,0.2566395143750834
1473511,2025,14,5,0,3.46875,14.129032258064516,-42.54999999999998,4,6,interaction_mid,0.21703340423302098,0.22730031685820734
1473511,2025,14,6,0,3.46875,14.399999999999999,-42.5,4,6,interaction_mid,0.17954193312324843,0.19009645027290784
1473511,2025,15,1,0,3.46875,14.689655172413792,-42.44999999999999,4,6,interaction_mid,0.15097951383885,0.16191451408147273
1473511,2025,15,2,0,3.46875,15.0,-42.400000000000006,4,6,interaction_mid,0.13536130733016194,0.146039133408537
1473511,2025,15,3,0,3.46875,14.222222222222221,-37.349999999999994,4,6,interaction_mid,0.2613314535477379,0.2717664716082993
1473511,2025,15,4,0,3.46875,14.538461538461537,-37.30000000000001,4,6,interaction_mid,0.21982639643026888,0.23084721171025988
1473511,2025,15,5,0,3.46875,14.879999999999999,-37.25,4,6,interaction_mid,0.2056999732027005,0.21682271785692905
1473511,2025,15,6,0,3.46875,15.25,-37.19999999999999,4,6,interaction_mid,0.18085537457764728,0.19201704314572357
1473511,2025,15,7,0,3.46875,14.347826086956522,-32.150000000000006,4,6,interaction_mid,0.3149611858275181,0.3241236999795183
1485779,2025,7,1,1,19.80000000000001,10.987012987012987,-34.253333333333316,2,8,interaction_mid,0.27775146409009077,0.30371228938861566
1485779,2025,7,2,1,19.80000000000001,11.052631578947368,-34.62666666666665,2,8,interaction_mid,0.2756317563639897,0.30179468885037986
1485779,2025,7,3,1,19.80000000000001,11.12,-35.0,2,8,interaction_mid,0.28231663866049805,0.3078348178127012
1485779,2025,7,4,1,19.80000000000001,10.783783783783784,-30.37333333333332,2,8,interaction_mid,0.3897868943295896,0.40264282661891687
1485779,2025,7,5,1,19.80000000000001,10.767123287671232,-29.746666666666684,2,8,interaction_mid,0.40362713884030543,0.4146287725065073
1485779,2025,7,6,1,19.80000000000001,10.833333333333334,-30.120000000000005,2,8,interaction_mid,0.37501050274723674,0.3898048128853718
1485779,2025,8,1,1,19.80000000000001,10.901408450704226,-30.493333333333325,2,8,interaction_mid,0.3713976290553097,0.3853421870207315
1485779,2025,8,2,1,19.80000000000001,10.971428571428572,-30.866666666666646,2,8,interaction_mid,0.36550131917601836,0.3800814588671982
1485779,2025,8,3,1,19.80000000000001,11.043478260869565,-31.24000000000001,2,8,interaction_mid,0.3671864629160449,0.381585733502736
1485779,2025,8,4,1,19.80000000000001,11.205882352941178,-32.61333333333333,2,8,interaction_mid,0.35110114719964497,0.36719993518926686
1485779,2025,8,5,1,19.80000000000001,11.28358208955224,-32.98666666666665,2,8,interaction_mid,0.34552590788225035,0.36219889219822493
1485779,2025,8,6,1,19.80000000000001,11.454545454545455,-34.359999999999985,2,8,interaction_mid,0.32500519560393526,0.3437177815537784
1485779,2025,9,1,1,19.80000000000001,11.538461538461538,-34.733333333333334,2,8,interaction_mid,0.30612107774649533,0.33661358514562234
1485779,2025,9,2,1,19.80000000000001,11.53125,-34.106666666666655,2,8,interaction_mid,0.326935894846233,0.35511404028208166
1485779,2025,9,3,1,19.80000000000001,11.523809523809524,-33.47999999999999,2,8,interaction_mid,0.36044032242112667,0.3845379202082576
1485779,2025,9,4,1,19.80000000000001,11.129032258064516,-28.85333333333334,2,8,interaction_mid,0.4728135932312079,0.48113360133273037
1485779,2025,9,5,1,19.80000000000001,11.311475409836067,-30.22666666666666,2,8,interaction_mid,0.442313584691992,0.4551295275904708
1485779,2025,9,6,1,19.80000000000001,11.399999999999999,-30.599999999999994,2,8,interaction_mid,0.43803741520907136,0.4514749012415663
1485779,2025,10,1,1,19.80000000000001,11.59322033898305,-42.10166666666669,3,7,interaction_mid,0.2588551974193493,0.2870487773722876
1485779,2025,10,2,1,19.80000000000001,11.689655172413794,-42.30333333333331,3,7,interaction_mid,0.26781129163130124,0.29554459335504
1485779,2025,10,3,1,19.80000000000001,11.473684210526315,-39.504999999999995,3,7,interaction_mid,0.30915375735074535,0.33429164159614977
1485779,2025,10,4,1,19.80000000000001,11.25,-36.70666666666668,3,7,interaction_mid,0.3238673175753921,0.3479177425458293
1485779,2025,10,5,1,19.80000000000001,11.01818181818182,-33.90833333333333,3,7,interaction_mid,0.3740249086967087,0.3938508885219273
1485779,2025,10,6,1,19.80000000000001,10.777777777777779,-31.110000000000014,3,7,interaction_mid,0.4340477739810046,0.44802837628057834
1485779,2025,11,1,1,19.80000000000001,10.867924528301888,-31.311666666666696,3,7,interaction_mid,0.4342649891800455,0.44947557828891394
1485779,2025,11,2,1,19.80000000000001,10.961538461538462,-31.51333333333332,3,7,interaction_mid,0.432681636184176,0.4480237180743396
1485779,2025,11,3,1,19.80000000000001,11.176470588235293,-32.715,3,7,interaction_mid,0.42415917641486467,0.4402024522538329
1485779,2025,11,4,1,19.80000000000001,11.399999999999999,-33.91666666666666,3,7,interaction_mid,0.3813410355649708,0.40071274646429617
1485779,2025,11,5,1,19.80000000000001,11.63265306122449,-35.11833333333331,3,7,interaction_mid,0.3603317577704769,0.3811947094099706
1485779,2025,11,6,1,19.80000000000001,11.75,-35.31999999999999,3,7,interaction_mid,0.3612342397059472,0.38203534018608487
1485779,2025,11,7,1,19.80000000000001,11.872340425531915,-35.521666666666675,3,7,interaction_mid,0.36401828457747276,0.38462728690040865
1485779,2025,12,1,1,19.80000000000001,11.74468085106383,-34.521666666666675,3,7,interaction_mid,0.3664610392597714,0.383960124160979
1485779,2025,12,2,1,19.80000000000001,11.869565217391305,-34.72333333333333,3,7,interaction_mid,0.35241205741548964,0.37085107223199537
1485779,2025,12,3,1,19.80000000000001,11.6,-31.92500000000001,3,7,interaction_mid,0.4103899688148197,0.42468789386401873
1485779,2025,12,4,1,19.80000000000001,11.045454545454545,-27.126666666666694,3,7,interaction_mid,0.4989058837079235,0.5059348046550006
1485779,2025,12,5,1,19.80000000000001,11.162790697674419,-27.328333333333347,3,7,interaction_mid,0.4940098858104527,0.5014584067141122
1485779,2025,12,6,1,19.80000000000001,11.285714285714285,-27.53,3,7,interaction_mid,0.4958707140776231,0.5031599007339826
1485779,2025,13,1,1,19.80000000000001,11.414634146341463,-27.731666666666683,3,7,interaction_mid,0.48995768197056155,0.4904146068882634
1485779,2025,13,2,1,19.80000000000001,11.55,-27.933333333333337,3,7,interaction_mid,0.47689129182147194,0.4780517597249066
1485779,2025,13,3,1,19.80000000000001,10.923076923076923,-23.13499999999999,3,7,interaction_mid,0.5318857450511036,0.5300854221867752
1485779,2025,13,4,1,19.80000000000001,11.052631578947368,-23.336666666666673,3,7,interaction_mid,0.523648850784365,0.5222902124833374
1485779,2025,13,5,1,19.80000000000001,11.18918918918919,-23.538333333333327,3,7,interaction_mid,0.5183676488481787,0.5172929246976662
1485779,2025,13,6,1,19.80000000000001,11.166666666666668,-22.74000000000001,3,7,interaction_mid,0.5534334505263278,0.5504871812819627
1485779,2025,13,7,1,19.80000000000001,10.457142857142857,-17.94166666666669,3,7,interaction_mid,0.6666828228760864,0.6582449226146355
1485779,2025,14,1,1,19.80000000000001,10.285714285714285,-16.94166666666669,3,7,interaction_mid,0.691387007963322,0.6839312802464875
1485779,2025,14,2,1,19.80000000000001,10.411764705882353,-17.143333333333345,3,7,interaction_mid,0.6830117010063108,0.6758332852581923
1485779,2025,14,3,1,19.80000000000001,10.0,-14.344999999999999,3,7,interaction_mid,0.71692779239794,0.708690694113187
1485779,2025,14,4,1,19.80000000000001,10.125,-14.546666666666681,3,7,interaction_mid,0.7146440704487558,0.7064726127458105
1485779,2025,14,5,1,19.80000000000001,10.258064516129032,-14.748333333333306,3,7,interaction_mid,0.7117921619829126,0.703703893268223
1485779,2025,14,6,1,19.80000000000001,10.4,-14.949999999999989,3,7,interaction_mid,0.7025922450369647,0.6947812684023954
1485779,2025,14,7,1,19.80000000000001,10.758620689655173,-21.129999999999995,4,6,interaction_mid,0.5500100188031456,0.5481730576926052
1485779,2025,15,1,1,19.80000000000001,10.551724137931034,-20.129999999999995,4,6,interaction_mid,0.5769830523382414,0.575883444975835
1485779,2025,15,2,1,19.80000000000001,10.928571428571429,-21.159999999999997,4,6,interaction_mid,0.5561255762136795,0.5559133146870178
1485779,2025,15,3,1,19.80000000000001,11.11111111111111,-21.189999999999998,4,6,interaction_mid,0.5526453365215387,0.5525821561642911
1485779,2025,15,4,1,19.80000000000001,11.307692307692307,-21.22,4,6,interaction_mid,0.550020941007864,0.5500703258017337
1485779,2025,15,5,1,19.80000000000001,11.76,-22.25,4,6,interaction_mid,0.5279495118190604,0.5289488495453469
1485779,2025,15,6,1,19.80000000000001,12.0,-22.28,4,6,interaction_mid,0.5298770139669946,0.5307932552481924
1527674,2026,7,1,1,11.94736842105263,8.727272727272727,5.077500000000001,1,9,interaction_mid,0.9247341576172421,0.8948651076363185
1527674,2026,7,2,1,11.94736842105263,8.842105263157894,3.569999999999993,1,9,interaction_mid,0.8676989407520679,0.8324441807470978
1527674,2026,7,3,1,11.94736842105263,8.879999999999999,3.0625,1,9,interaction_mid,0.8701175731040449,0.8349690457958081
1527674,2026,7,4,1,11.94736842105263,8.675675675675677,5.555000000000007,1,9,interaction_mid,0.9345569949798304,0.906398716321588
1527674,2026,7,5,1,11.94736842105263,8.465753424657535,8.0475,1,9,interaction_mid,0.9466355477724471,0.9210315459952866
1527674,2026,7,6,1,11.94736842105263,8.583333333333334,6.540000000000006,1,9,interaction_mid,0.9449604408549763,0.9189688184530935
1527674,2026,8,1,1,11.94736842105263,8.619718309859156,6.032499999999999,1,9,interaction_mid,0.9448317467229963,0.9235684093353329
1527674,2026,8,2,1,11.94736842105263,8.399999999999999,8.525000000000006,1,9,interaction_mid,0.9530012797232754,0.9334079760029667
1527674,2026,8,3,1,11.94736842105263,8.0,13.017499999999998,1,9,interaction_mid,0.9658199632641008,0.9493999866225691
1527674,2026,8,4,1,11.94736842105263,8.117647058823529,0.12000000000000455,2,8,interaction_mid,0.8934210048213274,0.8657615946115113
1527674,2026,8,5,1,11.94736842105263,8.149253731343283,-0.21999999999998465,2,8,interaction_mid,0.8657721008440646,0.8366715757145151
1527674,2026,8,6,1,11.94736842105263,8.272727272727273,-1.559999999999988,2,8,interaction_mid,0.8555943268321041,0.8262165932067514
1527674,2026,9,1,1,11.94736842105263,8.307692307692307,-1.8999999999999915,2,8,interaction_mid,0.8556418065431415,0.8219061404447479
1527674,2026,9,2,1,11.94736842105263,7.875,2.7600000000000193,2,8,interaction_mid,0.8993340915378352,0.8673804530326444
1527674,2026,9,3,1,11.94736842105263,7.904761904761905,2.4200000000000017,2,8,interaction_mid,0.9011899153665375,0.8693879777581451
1527674,2026,9,4,1,11.94736842105263,7.64516129032258,5.079999999999998,2,8,interaction_mid,0.954886724307815,0.9315678521576868
1527674,2026,9,5,1,11.94736842105263,7.672131147540984,4.740000000000009,2,8,interaction_mid,0.9177170269249949,0.8876092944310878
1527674,2026,9,6,1,11.94736842105263,7.700000000000001,4.400000000000006,2,8,interaction_mid,0.9172989777599387,0.8871401800874046
1527674,2026,9,7,1,11.94736842105263,7.728813559322033,4.060000000000002,2,8,interaction_mid,0.9178385331633194,0.8877457287597137
1527674,2026,10,1,1,11.94736842105263,7.627118644067796,5.060000000000002,2,8,interaction_mid,0.9598403460514244,0.9456786782326898
1527674,2026,10,2,1,11.94736842105263,7.137931034482759,9.720000000000013,2,8,interaction_mid,0.9688846058165375,0.9565941873264832
1527674,2026,10,3,1,11.94736842105263,7.157894736842104,9.379999999999995,2,8,interaction_mid,0.9724740586757595,0.961034726453663
1527674,2026,10,4,1,11.94736842105263,7.285714285714285,8.039999999999992,2,8,interaction_mid,0.9724400116995144,0.960992274716927
1527674,2026,10,5,1,11.94736842105263,6.763636363636364,12.700000000000003,2,8,interaction_mid,0.9792475821072267,0.9696254981977964
1527674,2026,10,6,1,11.94736842105263,6.888888888888889,11.360000000000014,2,8,interaction_mid,0.9799157676025454,0.970490422883602
1527674,2026,11,1,1,11.94736842105263,6.566037735849056,14.019999999999982,2,8,interaction_mid,0.9828031565753371,0.9763549542443698
1527674,2026,11,2,1,11.94736842105263,6.5769230769230775,13.680000000000007,2,8,interaction_mid,0.9835335161678137,0.9772650393090907
1527674,2026,11,3,1,11.94736842105263,6.705882352941177,12.340000000000003,2,8,interaction_mid,0.9840138682772313,0.977865785817911
1527674,2026,11,4,1,11.94736842105263,6.720000000000001,12.0,2,8,interaction_mid,0.984263391103859,0.9781785558649768
1527674,2026,11,5,1,11.94736842105263,6.122448979591837,16.659999999999997,2,8,interaction_mid,0.9879833060972494,0.9829050588119022
1527674,2026,11,6,1,11.94736842105263,6.125,16.32000000000002,2,8,interaction_mid,0.9884317535194334,0.9834838695857385
1527674,2026,11,7,1,11.94736842105263,5.48936170212766,20.97999999999999,2,8,interaction_mid,0.9898076205258554,0.9852738291796687
1527674,2026,11,8,1,11.94736842105263,5.478260869565217,20.639999999999986,2,8,interaction_mid,0.990220346294544,0.985815236655329
1527674,2026,11,9,1,11.94736842105263,5.466666666666667,20.30000000000001,2,8,interaction_mid,0.9914719576318801,0.9874710907603743
1527674,2026,11,10,1,11.94736842105263,5.454545454545454,19.960000000000008,2,8,interaction_mid,0.9909529746518561,0.9867818202095102
1527674,2026,12,1,1,11.94736842105263,4.9787234042553195,24.97999999999999,2,8,interaction_mid,0.99163000132873,0.9877903973996621
1527674,2026,12,2,1,11.94736842105263,5.086956521739131,15.935000000000002,3,7,interaction_mid,0.9889941893893988,0.9843345261405491
1527674,2026,12,3,1,11.94736842105263,5.2,7.224999999999994,4,6,interaction_mid,0.9704503014590733,0.9615870966374436
1527674,2026,12,4,1,11.94736842105263,5.318181818181818,6.219999999999999,4,6,interaction_mid,0.9740598453638639,0.9658650527780289
1527674,2026,12,5,1,11.94736842105263,5.441860465116279,5.215000000000003,4,6,interaction_mid,0.9744888876014058,0.9663773277014529
1527674,2026,12,6,1,11.94736842105263,5.428571428571429,5.2099999999999795,4,6,interaction_mid,0.9761865098988325,0.968412773419431
1527674,2026,13,1,1,11.94736842105263,5.414634146341464,5.204999999999984,4,6,interaction_mid,0.9767223630433619,0.9716613434953013
1527674,2026,13,2,1,11.94736842105263,5.4,5.199999999999989,4,6,interaction_mid,0.9809169936125891,0.9764962359971253
1527674,2026,13,3,1,11.94736842105263,5.384615384615385,5.195000000000022,4,6,interaction_mid,0.9834887198521999,0.9794922715181132
1527674,2026,13,4,1,11.94736842105263,5.526315789473684,4.189999999999998,4,6,interaction_mid,0.9727384885232468,0.967119872846583
1527674,2026,13,5,1,11.94736842105263,5.513513513513514,4.185000000000002,4,6,interaction_mid,0.9743654395385013,0.9689691147500844
1527674,2026,13,6,1,11.94736842105263,5.5,4.179999999999978,4,6,interaction_mid,0.9731249433462812,0.9675584814907221
1527674,2026,13,7,1,11.94736842105263,5.485714285714286,4.175000000000011,4,6,interaction_mid,0.974370641531525,0.9689750391405461
1527674,2026,14,1,1,11.94736842105263,5.314285714285714,5.175000000000011,4,6,interaction_mid,0.9881063431047061,0.9855471506433034
1527674,2026,14,2,1,11.94736842105263,5.294117647058823,5.1699999999999875,4,6,interaction_mid,0.9897282047001851,0.9874309704830567
1527674,2026,14,3,1,11.94736842105263,4.727272727272727,8.16500000000002,4,6,interaction_mid,0.9896078638602526,0.9872907160510485
1527674,2026,14,4,1,11.94736842105263,4.6875,8.159999999999997,4,6,interaction_mid,0.9890767470720971,0.9866726511172972
1527674,2026,14,5,1,11.94736842105263,3.67741935483871,13.155000000000001,4,6,interaction_mid,0.9892593762767277,0.986885007956269
1527674,2026,14,6,1,11.94736842105263,3.5999999999999996,13.150000000000006,4,6,interaction_mid,0.989568518550163,0.9872448773328012
1527674,2026,14,7,1,11.94736842105263,3.5172413793103443,13.14500000000001,4,6,interaction_mid,0.9905713488391101,0.9884159495937402
1527674,2026,15,1,1,11.94736842105263,2.275862068965517,19.14500000000001,4,6,interaction_mid,0.9882979761433756,0.9860019814293519
1527674,2026,15,2,1,11.94736842105263,1.5,22.140000000000015,4,6,interaction_mid,0.9866044804272106,0.9840738766148637
1527674,2026,15,3,1,11.94736842105263,0.6666666666666666,25.13499999999999,4,6,interaction_mid,0.9926381910079547,0.9910091188035306
1527674,2026,15,4,1,11.94736842105263,-0.23076923076923078,28.129999999999995,4,6,interaction_mid,0.9968398388295316,0.9959940593043065
1527675,2026,7,1,1,43.173076923076934,10.285714285714285,10.166666666666671,0,10,interaction_mid,0.6968186490999373,0.6690099941529034
1527675,2026,7,2,1,43.173076923076934,10.342105263157894,9.333333333333329,0,10,interaction_mid,0.6836406963967717,0.6572004593127864
1527675,2026,7,3,1,43.173076923076934,10.16,11.5,0,10,interaction_mid,0.7236362735050972,0.6932872216754815
1527675,2026,7,4,1,43.173076923076934,10.216216216216216,10.666666666666671,0,10,interaction_mid,0.6991258337806816,0.6710852918642596
1527675,2026,7,5,1,43.173076923076934,10.356164383561644,8.833333333333329,0,10,interaction_mid,0.6776379525042153,0.6518446593953734
1527675,2026,7,6,1,43.173076923076934,10.416666666666668,8.0,0,10,interaction_mid,0.672516411542736,0.6472861312508401
1527675,2026,8,1,1,43.173076923076934,10.056338028169014,12.166666666666671,0,10,interaction_mid,0.7480626724839409,0.7215004470072457
1527675,2026,8,2,1,43.173076923076934,10.2,10.333333333333343,0,10,interaction_mid,0.6977274421995938,0.6749432003221454
1527675,2026,8,3,1,43.173076923076934,9.826086956521738,14.499999999999986,0,10,interaction_mid,0.798898721152253,0.7699009467414731
1527675,2026,8,4,1,43.173076923076934,9.882352941176471,13.666666666666657,0,10,interaction_mid,0.7883672747709229,0.7597360615447344
1527675,2026,8,5,1,43.173076923076934,9.940298507462686,12.833333333333343,0,10,interaction_mid,0.763794051585489,0.7363081170766916
1527675,2026,8,6,1,43.173076923076934,10.090909090909092,11.000000000000014,0,10,interaction_mid,0.7285099651791023,0.7032777028271465
1527675,2026,9,1,1,43.173076923076934,10.061538461538461,11.166666666666657,0,10,interaction_mid,0.7383000973077222,0.710621207122514
1527675,2026,9,2,1,43.173076923076934,10.21875,9.333333333333329,0,10,interaction_mid,0.7230203335572953,0.6968635612763426
1527675,2026,9,3,1,43.173076923076934,10.19047619047619,9.5,0,10,interaction_mid,0.7317850359962143,0.704740082258813
1527675,2026,9,4,1,43.173076923076934,10.258064516129032,8.666666666666671,0,10,interaction_mid,0.7258197505072697,0.6993750158558346
1527675,2026,9,5,1,43.173076923076934,10.032786885245901,10.833333333333329,0,10,interaction_mid,0.7459480046124147,0.7175551066755778
1527675,2026,9,6,1,43.173076923076934,10.1,10.0,0,10,interaction_mid,0.7423727417522269,0.7143094753641008
1527675,2026,9,7,1,43.173076923076934,10.067796610169491,10.166666666666671,0,10,interaction_mid,0.7478102418763573,0.7192486033365116
1527675,2026,10,1,1,43.173076923076934,9.966101694915254,11.166666666666671,0,10,interaction_mid,0.7455387185548525,0.728309957858425
1527675,2026,10,2,1,43.173076923076934,9.517241379310345,15.333333333333343,0,10,interaction_mid,0.8256089545018614,0.8043640439696638
1527675,2026,10,3,1,43.173076923076934,9.68421052631579,13.5,0,10,interaction_mid,0.8007002792803068,0.7803118193698851
1527675,2026,10,4,1,43.173076923076934,9.75,12.666666666666671,0,10,interaction_mid,0.7914542738101433,0.7714839951413552
1527675,2026,10,5,1,43.173076923076934,9.818181818181818,11.833333333333314,0,10,interaction_mid,0.7750411423428194,0.7559314176039188
1527675,2026,10,6,1,43.173076923076934,9.555555555555555,13.999999999999986,0,10,interaction_mid,0.8272575910437493,0.8059711816980092
1527675,2026,11,1,1,43.173076923076934,9.283018867924529,16.166666666666657,0,10,interaction_mid,0.8481586715447396,0.8325561164012234
1527675,2026,11,2,1,43.173076923076934,8.769230769230768,20.333333333333343,0,10,interaction_mid,0.9114983562506972,0.8966734658785492
1527675,2026,11,3,1,43.173076923076934,8.823529411764707,19.500000000000014,0,10,interaction_mid,0.9099639619532496,0.8950708160988128
1527675,2026,11,4,1,43.173076923076934,8.879999999999999,18.666666666666686,0,10,interaction_mid,0.9103757410564906,0.8955006139021051
1527675,2026,11,5,1,43.173076923076934,8.938775510204081,17.833333333333343,0,10,interaction_mid,0.9072139674943581,0.8922060090279126
1527675,2026,11,6,1,43.173076923076934,9.125,7.200000000000017,1,9,interaction_mid,0.855167703129539,0.8394799166111316
1527675,2026,11,7,1,43.173076923076934,8.808510638297872,9.550000000000011,1,9,interaction_mid,0.892613102651303,0.8771458045304006
1527675,2026,12,1,1,43.173076923076934,8.808510638297872,9.550000000000011,1,9,interaction_mid,0.9038931748003511,0.8886394007757903
1527675,2026,12,2,1,43.173076923076934,8.869565217391305,8.900000000000006,1,9,interaction_mid,0.900331367959898,0.8849369358462693
1527675,2026,12,3,1,43.173076923076934,8.933333333333334,8.25,1,9,interaction_mid,0.8897458746887537,0.874015138092369
1527675,2026,12,4,1,43.173076923076934,9.0,7.599999999999994,1,9,interaction_mid,0.8957288937125134,0.8801736520872051
1527675,2026,12,5,1,43.173076923076934,9.069767441860465,6.949999999999989,1,9,interaction_mid,0.8946563699455786,0.8790669348616605
1527675,2026,12,6,1,43.173076923076934,9.142857142857142,6.299999999999983,1,9,interaction_mid,0.892081552028902,0.8764149431140258
1527675,2026,12,7,1,43.173076923076934,8.487804878048781,10.650000000000006,1,9,interaction_mid,0.9432958390792002,0.9307537971747868
1527675,2026,13,1,1,43.173076923076934,7.902439024390244,14.650000000000006,1,9,interaction_mid,0.9393994121820117,0.9303920843655984
1527675,2026,13,2,1,43.173076923076934,7.949999999999999,14.0,1,9,interaction_mid,0.9395969737137657,0.9306047333424696
1527675,2026,13,3,1,43.173076923076934,8.0,13.349999999999994,1,9,interaction_mid,0.9404911019350652,0.9315677434702577
1527675,2026,13,4,1,43.173076923076934,8.052631578947368,12.699999999999989,1,9,interaction_mid,0.9361963764198713,0.9269509704408759
1527675,2026,13,5,1,43.173076923076934,8.108108108108109,12.050000000000011,1,9,interaction_mid,0.9456146750772124,0.9371056042851806
1527675,2026,13,6,1,43.173076923076934,8.333333333333332,10.400000000000006,1,9,interaction_mid,0.9452050960798781,0.9366616418033376
1527675,2026,13,7,1,43.173076923076934,7.885714285714286,12.75,1,9,interaction_mid,0.9408343548553584,0.9319377025214607
1527675,2026,14,1,1,43.173076923076934,7.199999999999999,16.75,1,9,interaction_mid,0.9511968205437364,0.9446824658737937
1527675,2026,14,2,1,43.173076923076934,7.411764705882353,8.866666666666674,2,8,interaction_mid,0.943451765869683,0.9363916125034114
1527675,2026,14,3,1,43.173076923076934,6.90909090909091,11.400000000000006,2,8,interaction_mid,0.9421128030192312,0.9349650390668516
1527675,2026,14,4,1,43.173076923076934,7.125,9.933333333333337,2,8,interaction_mid,0.9436404939828609,0.9365928423689972
1527675,2026,14,5,1,43.173076923076934,7.35483870967742,8.466666666666669,2,8,interaction_mid,0.9384612568297837,0.9310839630268379
1527675,2026,14,6,1,43.173076923076934,7.6,7.0,2,8,interaction_mid,0.9384480291545647,0.9310699282139834
1527675,2026,15,1,1,43.173076923076934,7.862068965517241,5.533333333333331,2,8,interaction_mid,0.934029951937837,0.9272661825421076
1527675,2026,15,2,1,43.173076923076934,7.928571428571429,-0.06666666666666288,3,7,interaction_mid,0.8850897044895744,0.8768331551188682
1527675,2026,15,3,1,43.173076923076934,8.0,-0.3499999999999943,3,7,interaction_mid,0.8770033447552694,0.868630518351507
1527675,2026,15,4,1,43.173076923076934,7.384615384615385,2.366666666666646,3,7,interaction_mid,0.896529268806944,0.8884923506669765
1527675,2026,15,5,1,43.173076923076934,6.720000000000001,5.083333333333343,3,7,interaction_mid,0.935983005832737,0.9293138326252613
1527675,2026,15,6,1,43.173076923076934,7.0,3.8000000000000114,3,7,interaction_mid,0.9208113968030722,0.913488601552656
1527676,2026,7,1,1,-47.599999999999994,3.896103896103896,24.3425,1,9,interaction_mid,0.9895604331303346,0.9800392136193563
1527676,2026,7,2,1,-47.599999999999994,3.947368421052632,23.389999999999993,1,9,interaction_mid,0.9902577746892978,0.9811778912406923
1527676,2026,7,3,1,-47.599999999999994,3.6799999999999997,26.4375,1,9,interaction_mid,0.9920331123495973,0.9841374150510546
1527676,2026,7,4,1,-47.599999999999994,3.4054054054054053,29.485000000000007,1,9,interaction_mid,0.9921966717804236,0.9844149457178979
1527676,2026,7,5,1,-47.599999999999994,3.3698630136986303,29.5325,1,9,interaction_mid,0.992684845890184,0.9852487319409442
1527676,2026,7,6,1,-47.599999999999994,3.083333333333333,32.580000000000005,1,9,interaction_mid,0.9929153144971217,0.9856453233059026
1527676,2026,8,1,1,-47.599999999999994,2.788732394366197,35.6275,1,9,interaction_mid,0.9924550511049368,0.9863926465213717
1527676,2026,8,2,1,-47.599999999999994,2.4857142857142858,38.675000000000004,1,9,interaction_mid,0.9925671098090219,0.9865693383719784
1527676,2026,8,3,1,-47.599999999999994,2.5217391304347823,30.42,2,8,interaction_mid,0.9910452291184557,0.9841973585051381
1527676,2026,8,4,1,-47.599999999999994,2.4705882352941178,30.573333333333338,2,8,interaction_mid,0.9865132263105043,0.9774173678100226
1527676,2026,8,5,1,-47.599999999999994,2.5074626865671643,29.726666666666674,2,8,interaction_mid,0.9888740011660306,0.9809028830604508
1527676,2026,8,6,1,-47.599999999999994,2.5454545454545454,28.88000000000001,2,8,interaction_mid,0.9892971009282199,0.9815375809241907
1527676,2026,9,1,1,-47.599999999999994,2.4923076923076923,29.03333333333333,2,8,interaction_mid,0.9891968319931557,0.9792798971168625
1527676,2026,9,2,1,-47.599999999999994,2.4375,29.18666666666668,2,8,interaction_mid,0.9891459252180701,0.9791977861465041
1527676,2026,9,3,1,-47.599999999999994,2.4761904761904763,28.340000000000003,2,8,interaction_mid,0.9911148936140219,0.9824236574923717
1527676,2026,9,4,1,-47.599999999999994,2.5161290322580645,27.49333333333334,2,8,interaction_mid,0.9927439839991001,0.9851821338934692
1527676,2026,9,5,1,-47.599999999999994,2.1639344262295084,30.646666666666675,2,8,interaction_mid,0.9928751212798813,0.9854083181758063
1527676,2026,9,6,1,-47.599999999999994,2.1999999999999997,29.799999999999997,2,8,interaction_mid,0.9936168061046591,0.9867007006120571
1527676,2026,10,1,1,-47.599999999999994,2.135593220338983,29.953333333333333,2,8,interaction_mid,0.9939482578820149,0.9897991286584985
1527676,2026,10,2,1,-47.599999999999994,2.0689655172413794,30.10666666666667,2,8,interaction_mid,0.9940908697053716,0.9900127994759029
1527676,2026,10,3,1,-47.599999999999994,2.1052631578947367,29.260000000000005,2,8,interaction_mid,0.9946340004685353,0.9908321469075607
1527676,2026,10,4,1,-47.599999999999994,2.0357142857142856,29.413333333333327,2,8,interaction_mid,0.9948028570337095,0.9910887838762695
1527676,2026,10,5,1,-47.599999999999994,2.0727272727272728,28.566666666666677,2,8,interaction_mid,0.9948270479846222,0.9911256282525825
1527676,2026,10,6,1,-47.599999999999994,1.4444444444444444,33.72000000000001,2,8,interaction_mid,0.9952413657293044,0.9917598163913123
1527676,2026,11,1,1,-47.599999999999994,0.7924528301886793,38.87333333333332,2,8,interaction_mid,0.995468508523494,0.9929408795571569
1527676,2026,11,2,1,-47.599999999999994,0.576923076923077,40.02666666666667,2,8,interaction_mid,0.9955286620166905,0.9930260158654729
1527676,2026,11,3,1,-47.599999999999994,0.47058823529411764,40.18000000000001,2,8,interaction_mid,0.9955114212343046,0.9930016037457973
1527676,2026,11,4,1,-47.599999999999994,0.36,40.33333333333334,2,8,interaction_mid,0.9954684718809323,0.9929408277287727
1527676,2026,11,5,1,-47.599999999999994,0.24489795918367346,40.486666666666665,2,8,interaction_mid,0.9955047012207062,0.9929920909157146
1527676,2026,11,6,1,-47.599999999999994,0.125,40.640000000000015,2,8,interaction_mid,0.9954661512551963,0.9929375454433857
1527676,2026,11,7,1,-47.599999999999994,0.1276595744680851,39.79333333333334,2,8,interaction_mid,0.995517049595958,0.9930095722659302
1527676,2026,12,1,1,-47.599999999999994,0.0,40.79333333333334,2,8,interaction_mid,0.9900143635537856,0.9856618345744308
1527677,2026,7,1,1,-66.0,7.714285714285715,-4.444999999999993,1,9,interaction_mid,0.9357265660090885,0.9077925232250497
1527677,2026,7,2,1,-66.0,7.342105263157894,0.3399999999999892,1,9,interaction_mid,0.9572966135456673,0.9344533423425182
1527677,2026,7,3,1,-66.0,7.359999999999999,0.125,1,9,interaction_mid,0.957875649367246,0.9351983375975094
1527677,2026,7,4,1,-66.0,7.45945945945946,-1.0899999999999892,1,9,interaction_mid,0.9507731556097085,0.9261777652151368
1527677,2026,7,5,1,-66.0,7.561643835616438,-2.305000000000007,1,9,interaction_mid,0.9472378204844792,0.9217760319442239
1527677,2026,7,6,1,-66.0,7.583333333333333,-2.519999999999996,1,9,interaction_mid,0.9455251654253095,0.9196629339476037
1527677,2026,8,1,1,-66.0,7.183098591549296,2.2650000000000006,1,9,interaction_mid,0.9672075281896693,0.9511798443040538
1527677,2026,8,2,1,-66.0,7.199999999999999,2.049999999999997,1,9,interaction_mid,0.966304682353818,0.9500205202387866
1527677,2026,8,3,1,-66.0,7.304347826086957,0.8349999999999937,1,9,interaction_mid,0.9599122674632522,0.9419354042058283
1527677,2026,8,4,1,-66.0,7.3235294117647065,0.6200000000000045,1,9,interaction_mid,0.9611030109295047,0.9434260284107066
1527677,2026,8,5,1,-66.0,7.343283582089552,0.40500000000001535,1,9,interaction_mid,0.9608491773037017,0.9431077057521888
1527677,2026,8,6,1,-66.0,7.454545454545455,-0.8099999999999881,1,9,interaction_mid,0.9546870195191481,0.935469493870983
1527677,2026,9,1,1,-66.0,7.476923076923077,-1.0249999999999915,1,9,interaction_mid,0.9534982095994883,0.9298265379780166
1527677,2026,9,2,1,-66.0,7.5,-1.240000000000009,1,9,interaction_mid,0.952909361004844,0.9290909882808983
1527677,2026,9,3,1,-66.0,7.619047619047619,-10.959999999999994,2,8,interaction_mid,0.9193458924033415,0.8894415305094734
1527677,2026,9,4,1,-66.0,7.548387096774194,-10.040000000000006,2,8,interaction_mid,0.9254286872492563,0.8963481915844616
1527677,2026,9,5,1,-66.0,7.573770491803279,-10.11999999999999,2,8,interaction_mid,0.9217326100322403,0.8921391633331957
1527677,2026,9,6,1,-66.0,7.700000000000001,-11.200000000000003,2,8,interaction_mid,0.920302889265909,0.8905213266425002
1527677,2026,10,1,1,-66.0,7.830508474576272,-12.280000000000001,2,8,interaction_mid,0.9122806339687483,0.8923798696122177
1527677,2026,10,2,1,-66.0,7.344827586206896,-7.359999999999985,2,8,interaction_mid,0.9449231719138129,0.9283405141592855
1527677,2026,10,3,1,-66.0,6.842105263157895,-2.4399999999999977,2,8,interaction_mid,0.9728273150519837,0.9614755806339751
1527677,2026,10,4,1,-66.0,6.964285714285715,-3.5200000000000102,2,8,interaction_mid,0.9720936944792831,0.960560841963618
1527677,2026,10,5,1,-66.0,7.090909090909092,-4.599999999999994,2,8,interaction_mid,0.9678614033828495,0.9553406387497355
1527677,2026,10,6,1,-66.0,7.111111111111111,-4.679999999999978,2,8,interaction_mid,0.9671781315847434,0.9545063986612865
1527677,2026,11,1,1,-66.0,7.132075471698113,-4.760000000000005,2,8,interaction_mid,0.9670751371154064,0.9574973310683405
1527677,2026,11,2,1,-66.0,6.5769230769230775,0.1599999999999966,2,8,interaction_mid,0.9841373476875702,0.9780205026440779
1527677,2026,11,3,1,-66.0,6.588235294117648,0.0800000000000125,2,8,interaction_mid,0.9853455602340689,0.979540851491947
1527677,2026,11,4,1,-66.0,6.6000000000000005,0.0,2,8,interaction_mid,0.9848168185337589,0.9788740370916814
1527677,2026,11,5,1,-66.0,6.73469387755102,-1.0799999999999983,2,8,interaction_mid,0.9847515740809956,0.9787919163532027
1527677,2026,11,6,1,-66.0,6.625,-0.1599999999999966,2,8,interaction_mid,0.9855293256609423,0.9797731593040557
1527677,2026,12,1,1,-66.0,6.76595744680851,-7.584999999999994,3,7,interaction_mid,0.9676389530308103,0.9582914510434016
1527677,2026,12,2,1,-66.0,6.913043478260869,-8.530000000000001,3,7,interaction_mid,0.9587357058015131,0.9480330261190697
1527677,2026,12,3,1,-66.0,7.066666666666666,-9.475000000000009,3,7,interaction_mid,0.9511790833270934,0.9395052099356977
1527677,2026,12,4,1,-66.0,6.954545454545455,-8.420000000000016,3,7,interaction_mid,0.9641548744874233,0.9542467174682164
1527677,2026,12,5,1,-66.0,7.116279069767442,-9.365000000000009,3,7,interaction_mid,0.9568295330042016,0.9458677368109222
1527677,2026,12,6,1,-66.0,7.142857142857142,-9.310000000000002,3,7,interaction_mid,0.9567421939649421,0.9457687636587947
1527677,2026,13,1,1,-66.0,7.317073170731707,-15.79000000000002,4,6,interaction_mid,0.8997085271405947,0.8884780727048757
1527677,2026,13,2,1,-66.0,7.199999999999999,-14.599999999999994,4,6,interaction_mid,0.9004817393979636,0.8892815520707005
1527677,2026,13,3,1,-66.0,7.23076923076923,-14.409999999999997,4,6,interaction_mid,0.9009635280384715,0.8897824257642255
1527677,2026,13,4,1,-66.0,7.421052631578948,-15.219999999999999,4,6,interaction_mid,0.9028290480576061,0.8917234958894754
1527677,2026,13,5,1,-66.0,7.45945945945946,-15.030000000000001,4,6,interaction_mid,0.9042143292475496,0.8931665986679674
1527677,2026,13,6,1,-66.0,7.5,-14.840000000000003,4,6,interaction_mid,0.904412651169358,0.8933733199553033
1527677,2026,14,1,1,-66.0,7.714285714285715,-15.650000000000006,4,6,interaction_mid,0.9161959516632867,0.9076797379003959
1527677,2026,14,2,1,-66.0,7.9411764705882355,-21.05000000000001,5,5,interaction_mid,0.7729286994219886,0.7633916215213458
1527677,2026,14,3,1,-66.0,8.181818181818182,-21.724999999999994,5,5,interaction_mid,0.7616945676478437,0.75236569201583
1527677,2026,14,4,1,-66.0,8.4375,-26.72,6,4,interaction_mid,0.5898077667391196,0.5862375141775993
1527677,2026,14,5,1,-66.0,8.516129032258064,-26.25999999999999,6,4,interaction_mid,0.5917718391764676,0.5881180966819523
1527677,2026,14,6,1,-66.0,8.6,-25.80000000000001,6,4,interaction_mid,0.6037365704649662,0.5995794633619295
1527677,2026,14,7,1,-66.0,8.689655172413794,-25.340000000000003,6,4,interaction_mid,0.623703989350536,0.6187295594626853
1527677,2026,15,1,1,-66.0,7.862068965517241,-21.340000000000003,6,4,interaction_mid,0.7094773780363478,0.7033620887393661
1527677,2026,15,2,1,-66.0,7.928571428571429,-20.879999999999995,6,4,interaction_mid,0.7063093735033099,0.7002935312444789
1527677,2026,15,3,1,-66.0,8.222222222222223,-21.420000000000016,6,4,interaction_mid,0.6736667876274038,0.668749944768272
1527677,2026,15,4,1,-66.0,8.307692307692307,-20.960000000000008,6,4,interaction_mid,0.681292309990319,0.6761074303792728
1527677,2026,15,5,1,-66.0,8.64,-21.5,6,4,interaction_mid,0.7003399267032799,0.6945151668186593
1527677,2026,15,6,1,-66.0,7.5,-16.039999999999992,6,4,interaction_mid,0.843964029795405,0.8354047392071602
1527678,2026,7,1,1,-36.76190476190476,7.870129870129871,-45.715,4,6,interaction_mid,0.2472804347951774,0.27592017587419526
1527678,2026,7,2,1,-36.76190476190476,7.973684210526316,-46.420000000000016,4,6,interaction_mid,0.2348967003633537,0.2644724298871545
1527678,2026,7,3,1,-36.76190476190476,8.0,-46.125,4,6,interaction_mid,0.23696308656620904,0.26638935785369383
1527678,2026,7,4,1,-36.76190476190476,8.027027027027028,-45.83,4,6,interaction_mid,0.23730359777944166,0.26670497607110816
1527678,2026,7,5,1,-36.76190476190476,7.972602739726027,-44.535,4,6,interaction_mid,0.25160401171488184,0.27989493372668983
1527678,2026,7,6,1,-36.76190476190476,8.0,-44.239999999999995,4,6,interaction_mid,0.25406313478090425,0.282150789891296
1527678,2026,7,7,1,-36.76190476190476,8.028169014084508,-43.94500000000001,4,6,interaction_mid,0.25437986140584634,0.28244108392209555
1527678,2026,7,8,1,-36.76190476190476,7.628571428571428,-38.64999999999999,4,6,interaction_mid,0.34464584357279704,0.36326021697273103
1527678,2026,8,1,1,-36.76190476190476,7.436619718309858,-36.94500000000001,4,6,interaction_mid,0.3763378407126501,0.3897441688858639
1527678,2026,8,2,1,-36.76190476190476,7.457142857142857,-36.64999999999999,4,6,interaction_mid,0.37946013929811406,0.39252372544736047
1527678,2026,8,3,1,-36.76190476190476,7.478260869565217,-36.355000000000004,4,6,interaction_mid,0.3763488405206692,0.38975396466124507
1527678,2026,8,4,1,-36.76190476190476,7.5,-36.06,4,6,interaction_mid,0.39533738696481563,0.4066295463648428
1527678,2026,8,5,1,-36.76190476190476,7.611940298507463,-36.765,4,6,interaction_mid,0.3834807886568361,0.39610019500695576
1527678,2026,8,6,1,-36.76190476190476,7.363636363636363,-33.469999999999985,4,6,interaction_mid,0.482684771209811,0.4836613697334249
1527678,2026,9,1,1,-36.76190476190476,7.292307692307691,-32.17500000000001,4,6,interaction_mid,0.516181296617028,0.5179994596239446
1527678,2026,9,2,1,-36.76190476190476,7.03125,-28.879999999999995,4,6,interaction_mid,0.6858964092138946,0.663899753889066
1527678,2026,9,3,1,-36.76190476190476,7.0476190476190474,-28.585000000000008,4,6,interaction_mid,0.6938506533020292,0.6709131846672926
1527678,2026,9,4,1,-36.76190476190476,7.064516129032258,-28.289999999999992,4,6,interaction_mid,0.6951890267154845,0.6720957306791465
1527678,2026,9,5,1,-36.76190476190476,6.786885245901638,-24.995000000000005,4,6,interaction_mid,0.7952272762085375,0.7631425414986859
1527678,2026,9,6,1,-36.76190476190476,6.5,-21.69999999999999,4,6,interaction_mid,0.8600970425445534,0.8264064172719432
1527678,2026,10,1,1,-36.76190476190476,6.508474576271187,-21.405000000000015,4,6,interaction_mid,0.8678654299204662,0.8462677981044374
1527678,2026,10,2,1,-36.76190476190476,6.413793103448276,-20.11,4,6,interaction_mid,0.8820645396440633,0.8607367036408025
1527678,2026,10,3,1,-36.76190476190476,6.421052631578947,-19.815000000000012,4,6,interaction_mid,0.8836237362470593,0.8623396285467122
1527678,2026,10,4,1,-36.76190476190476,6.428571428571429,-19.519999999999996,4,6,interaction_mid,0.8845547767581929,0.8632981845830533
1527678,2026,10,5,1,-36.76190476190476,6.545454545454545,-20.22500000000001,4,6,interaction_mid,0.8754065887342586,0.8539241829299591
1527678,2026,10,6,1,-36.76190476190476,6.555555555555555,-19.929999999999993,4,6,interaction_mid,0.8736805648000827,0.8521663240944881
1527678,2026,11,1,1,-36.76190476190476,6.566037735849056,-19.63500000000002,4,6,interaction_mid,0.8749254097328378,0.8592002284475138
1527678,2026,11,2,1,-36.76190476190476,6.6923076923076925,-20.340000000000003,4,6,interaction_mid,0.8646902541059056,0.8489452163816398
1527678,2026,11,3,1,-36.76190476190476,6.823529411764706,-21.045,4,6,interaction_mid,0.8591842221470558,0.8434637990100934
1527678,2026,11,4,1,-36.76190476190476,6.84,-20.75,4,6,interaction_mid,0.8607247590265333,0.8449950658024373
1527678,2026,11,5,1,-36.76190476190476,6.857142857142857,-20.455,4,6,interaction_mid,0.8675276382664705,0.8517793405736293
1527678,2026,11,6,1,-36.76190476190476,7.0,-21.159999999999997,4,6,interaction_mid,0.8474380717959757,0.8318462504936254
1527678,2026,11,7,1,-36.76190476190476,7.0212765957446805,-20.864999999999995,4,6,interaction_mid,0.8545163578979567,0.8388349967839207
1527678,2026,12,1,1,-36.76190476190476,7.0212765957446805,-20.864999999999995,4,6,interaction_mid,0.8471549647363086,0.8311000273927918
1527678,2026,12,2,1,-36.76190476190476,7.043478260869566,-20.570000000000007,4,6,interaction_mid,0.8478375594948646,0.831776768198965
1527678,2026,12,3,1,-36.76190476190476,7.066666666666666,-20.275000000000006,4,6,interaction_mid,0.8459708651484639,0.82992683342377
1527678,2026,12,4,1,-36.76190476190476,7.2272727272727275,-20.980000000000004,4,6,interaction_mid,0.8222046596926014,0.8065678350992496
1527678,2026,12,5,1,-36.76190476190476,7.116279069767442,-19.685000000000002,4,6,interaction_mid,0.8468217891096241,0.8307698243034148
1527678,2026,12,6,1,-36.76190476190476,7.0,-18.39,4,6,interaction_mid,0.8662893530792304,0.850197271474309
1527678,2026,13,1,1,-36.76190476190476,7.024390243902438,-18.095,4,6,interaction_mid,0.8574407069617933,0.8451504934393783
1527678,2026,13,2,1,-36.76190476190476,6.8999999999999995,-16.80000000000001,4,6,interaction_mid,0.8733789094422311,0.861361887969027
1527678,2026,13,3,1,-36.76190476190476,7.076923076923077,-17.504999999999995,4,6,interaction_mid,0.86360085513494,0.8513998754966311
1527678,2026,13,4,1,-36.76190476190476,6.315789473684211,-12.210000000000008,4,6,interaction_mid,0.9395321845775662,0.9305349911176957
1527678,2026,13,5,1,-36.76190476190476,5.837837837837839,-8.914999999999992,4,6,interaction_mid,0.9613797580020382,0.9543850429517148
1527678,2026,13,6,1,-36.76190476190476,6.0,-9.620000000000005,4,6,interaction_mid,0.9577320898965211,0.9503509700304591
1527678,2026,14,1,1,-36.76190476190476,6.0,-9.324999999999989,4,6,interaction_mid,0.9560406942558883,0.9499045729792732
1527678,2026,14,2,1,-36.76190476190476,6.1764705882352935,-10.030000000000015,4,6,interaction_mid,0.953220500309595,0.9468604896304145
1527678,2026,14,3,1,-36.76190476190476,6.181818181818182,-9.735,4,6,interaction_mid,0.9549471992347043,0.9487230201536856
1527678,2026,14,4,1,-36.76190476190476,5.625,-6.439999999999998,4,6,interaction_mid,0.9716836852554567,0.9670080585289892
1527678,2026,14,5,1,-36.76190476190476,5.806451612903226,-7.144999999999996,4,6,interaction_mid,0.9673552938269303,0.9622338160771601
1527678,2026,14,6,1,-36.76190476190476,5.8,-6.849999999999994,4,6,interaction_mid,0.9691519780058078,0.9642111974091501
1527678,2026,15,1,1,-36.76190476190476,5.793103448275862,-6.554999999999993,4,6,interaction_mid,0.9703293625110834,0.9659964086670634
1527678,2026,15,2,1,-36.76190476190476,5.785714285714286,-6.260000000000005,4,6,interaction_mid,0.9719266069765395,0.9677429599834453
1527678,2026,15,3,1,-36.76190476190476,5.777777777777778,-5.965000000000003,4,6,interaction_mid,0.970447946359874,0.9661259126242775
1527678,2026,15,4,1,-36.76190476190476,5.076923076923077,-2.6700000000000017,4,6,interaction_mid,0.9850789280588996,0.9823468701637303
1527678,2026,15,5,1,-36.76190476190476,3.84,2.625,4,6,interaction_mid,0.9947447905233306,0.993485367380196
1527678,2026,15,6,1,-36.76190476190476,4.0,1.9200000000000017,4,6,interaction_mid,0.9944273765054175,0.9931097416394148
1527679,2026,7,1,0,29.409090909090907,11.532467532467532,-45.488333333333316,3,7,interaction_mid,0.1357602111700984,0.16832031066031244
1527679,2026,7,2,0,29.409090909090907,11.605263157894736,-45.80666666666666,3,7,interaction_mid,0.13362232592257495,0.166129369386226
1527679,2026,7,3,0,29.409090909090907,11.440000000000001,-43.125,3,7,interaction_mid,0.14184219675153312,0.17451885917847063
1527679,2026,7,4,0,29.409090909090907,11.432432432432433,-42.44333333333333,3,7,interaction_mid,0.14952104378551972,0.18227555271747076
1527679,2026,7,5,0,29.409090909090907,11.506849315068493,-42.761666666666684,3,7,interaction_mid,0.1486232230438856,0.18137247651855162
1527679,2026,7,6,0,29.409090909090907,11.583333333333334,-43.08000000000001,3,7,interaction_mid,0.1482137963686256,0.1809603212430068
1527679,2026,8,1,0,29.409090909090907,11.661971830985916,-43.39833333333337,3,7,interaction_mid,0.14059998907871318,0.16862662703975745
1527679,2026,8,2,0,29.409090909090907,11.485714285714286,-40.71666666666667,3,7,interaction_mid,0.16164043097540556,0.1898391786607351
1527679,2026,8,3,0,29.409090909090907,11.652173913043478,-42.035,3,7,interaction_mid,0.16024399212843643,0.18844543126647972
1527679,2026,8,4,0,29.409090909090907,11.558823529411764,-40.35333333333335,3,7,interaction_mid,0.1713784546595799,0.19950704277849982
1527679,2026,8,5,0,29.409090909090907,11.373134328358208,-37.67166666666665,3,7,interaction_mid,0.17439882119213349,0.2024880347082164
1527679,2026,8,6,0,29.409090909090907,11.545454545454547,-38.99000000000001,3,7,interaction_mid,0.16999196419056223,0.19813589349224822
1527679,2026,9,1,0,29.409090909090907,11.63076923076923,-39.30833333333334,3,7,interaction_mid,0.170749287833778,0.2098222453679761
1527679,2026,9,2,0,29.409090909090907,11.625,-38.626666666666665,3,7,interaction_mid,0.17369221470591337,0.2127457232416057
1527679,2026,9,3,0,29.409090909090907,11.714285714285714,-38.94500000000002,3,7,interaction_mid,0.16903673162928595,0.2081163904065834
1527679,2026,9,4,0,29.409090909090907,11.806451612903226,-39.26333333333332,3,7,interaction_mid,0.17590376163027988,0.21493616837322593
1527679,2026,9,5,0,29.409090909090907,11.60655737704918,-36.58166666666668,3,7,interaction_mid,0.19007333750166025,0.22884466249739258
1527679,2026,9,6,0,29.409090909090907,11.7,-36.900000000000006,3,7,interaction_mid,0.19267996014061756,0.2313806230526467
1527679,2026,10,1,0,29.409090909090907,11.898305084745763,-38.218333333333334,3,7,interaction_mid,0.191103189740457,0.221280172519337
1527679,2026,10,2,0,29.409090909090907,11.689655172413794,-35.53666666666666,3,7,interaction_mid,0.2143153382974344,0.24414492496009454
1527679,2026,10,3,0,29.409090909090907,11.789473684210526,-35.85499999999999,3,7,interaction_mid,0.2085949520837387,0.23854574981428048
1527679,2026,10,4,0,29.409090909090907,11.892857142857142,-36.173333333333346,3,7,interaction_mid,0.2064477636840825,0.23643824614148212
1527679,2026,10,5,0,29.409090909090907,11.672727272727274,-33.491666666666674,3,7,interaction_mid,0.24248157194689757,0.27140949041856677
1527679,2026,10,6,0,29.409090909090907,11.88888888888889,-44.97999999999999,4,6,interaction_mid,0.13729867688345457,0.16653916626554593
1527679,2026,11,1,0,29.409090909090907,12.113207547169813,-46.110000000000014,4,6,interaction_mid,0.14589370978430888,0.17211964160475782
1527679,2026,11,2,0,29.409090909090907,12.346153846153845,-57.03333333333333,5,5,interaction_mid,0.0795364076612847,0.10055946611990382
1527679,2026,11,3,0,29.409090909090907,12.47058823529412,-56.974999999999994,5,5,interaction_mid,0.08264409187880421,0.10404605250234168
1527679,2026,11,4,0,29.409090909090907,12.600000000000001,-56.91666666666666,5,5,interaction_mid,0.08344941702934666,0.10494689271957372
1527679,2026,11,5,0,29.409090909090907,12.857142857142858,-57.85833333333335,5,5,interaction_mid,0.07173604993650871,0.0917321773077963
1527679,2026,11,6,0,29.409090909090907,13.0,-57.80000000000001,5,5,interaction_mid,0.0666265113500641,0.08588677924317124
1527679,2026,12,1,0,29.409090909090907,12.76595744680851,-54.741666666666674,5,5,interaction_mid,0.07493763264831409,0.09363123831121278
1527679,2026,12,2,0,29.409090909090907,12.913043478260867,-54.68333333333334,5,5,interaction_mid,0.07332282299263035,0.09182152442677188
1527679,2026,12,3,0,29.409090909090907,13.066666666666666,-54.625,5,5,interaction_mid,0.07342033328759134,0.09193093367885843
1527679,2026,12,4,0,29.409090909090907,13.227272727272727,-54.56666666666666,5,5,interaction_mid,0.06728738390484246,0.08501598275613988
1527679,2026,12,5,0,29.409090909090907,12.697674418604652,-49.508333333333326,5,5,interaction_mid,0.1051016035253017,0.126696280287012
1527679,2026,12,6,0,29.409090909090907,12.857142857142858,-49.44999999999999,5,5,interaction_mid,0.10888444656485298,0.13075629588658844
1527679,2026,13,1,0,29.409090909090907,13.170731707317074,-50.39166666666665,5,5,interaction_mid,0.09510175294813306,0.10605609939384361
1527679,2026,13,2,0,29.409090909090907,13.350000000000001,-50.33333333333334,5,5,interaction_mid,0.09589103901876066,0.10687849146533197
1527679,2026,13,3,0,29.409090909090907,13.538461538461538,-50.275000000000006,5,5,interaction_mid,0.08826519102744823,0.09891199765880075
1527679,2026,13,4,0,29.409090909090907,13.894736842105264,-58.373333333333335,6,4,interaction_mid,0.03137406176092751,0.03749981796178866
1527679,2026,13,5,0,29.409090909090907,13.297297297297298,-53.126666666666665,6,4,interaction_mid,0.04784681103135969,0.05573937065711389
1527679,2026,13,6,0,29.409090909090907,12.666666666666668,-47.879999999999995,6,4,interaction_mid,0.08039278027754819,0.09063653044755249
1527679,2026,14,1,0,29.409090909090907,12.857142857142858,-47.633333333333326,6,4,interaction_mid,0.0748122041535908,0.08316527379552467
1527679,2026,14,2,0,29.409090909090907,13.058823529411764,-47.386666666666684,6,4,interaction_mid,0.07021594219190905,0.07832115561971419
1527679,2026,14,3,0,29.409090909090907,13.272727272727272,-47.140000000000015,6,4,interaction_mid,0.06525385182825871,0.0730706427962455
1527679,2026,14,4,0,29.409090909090907,13.6875,-47.89333333333332,6,4,interaction_mid,0.05900951262723838,0.06643019811719109
1527679,2026,14,5,0,29.409090909090907,14.129032258064516,-54.484999999999985,7,3,interaction_mid,0.015703162432968293,0.018890367378611547
1527679,2026,14,6,0,29.409090909090907,13.799999999999999,-51.05000000000001,7,3,interaction_mid,0.018671237561233005,0.022273664253161334
1527679,2026,14,7,0,29.409090909090907,14.068965517241377,-50.61500000000001,7,3,interaction_mid,0.01651298185764825,0.019816467066614177
1527679,2026,14,8,0,29.409090909090907,14.57142857142857,-56.45333333333335,8,2,interaction_mid,0.010577428234395522,0.012966540735641949
1527679,2026,15,1,0,29.409090909090907,14.068965517241377,-56.076666666666654,8,2,interaction_mid,0.009212799161284407,0.011335255829514505
1527679,2026,15,2,0,29.409090909090907,14.357142857142858,-55.45333333333335,8,2,interaction_mid,0.009452103747616908,0.011616289533197002
1527679,2026,15,3,0,29.409090909090907,14.88888888888889,-55.829999999999984,8,2,interaction_mid,0.007412586083711214,0.009209538903358369
1527679,2026,15,4,0,29.409090909090907,15.23076923076923,-55.20666666666668,8,2,interaction_mid,0.0073181384036266825,0.009097399025865413
1527679,2026,15,5,0,29.409090909090907,15.84,-60.29166666666666,9,1,interaction_mid,0.006443386954561971,0.008055502146033195
1527679,2026,15,6,0,29.409090909090907,16.5,-65.0,10,0,interaction_mid,0.009551904094666492,0.011733394184600718
1527680,2026,7,1,1,44.4848484848485,10.051948051948052,-7.302499999999995,1,9,interaction_mid,0.7389252346949656,0.7072937240507988
1527680,2026,7,2,1,44.4848484848485,10.18421052631579,-8.870000000000005,1,9,interaction_mid,0.7331399977856653,0.7019784424726216
1527680,2026,7,3,1,44.4848484848485,10.24,-9.4375,1,9,interaction_mid,0.7095730230078594,0.6805128939169838
1527680,2026,7,4,1,44.4848484848485,10.297297297297298,-10.004999999999995,1,9,interaction_mid,0.693136295056322,0.6657025929313752
1527680,2026,7,5,1,44.4848484848485,10.356164383561644,-10.572500000000005,1,9,interaction_mid,0.702560571994878,0.6741792488077198
1527680,2026,7,6,1,44.4848484848485,10.166666666666666,-8.139999999999986,1,9,interaction_mid,0.722314308013876,0.6920821197322546
1527680,2026,8,1,1,44.4848484848485,10.056338028169014,-6.70750000000001,1,9,interaction_mid,0.7603764738470737,0.733079332545315
1527680,2026,8,2,1,44.4848484848485,10.114285714285714,-7.2749999999999915,1,9,interaction_mid,0.7523710441658109,0.7255421895528201
1527680,2026,8,3,1,44.4848484848485,10.173913043478262,-7.842500000000015,1,9,interaction_mid,0.7527509021739143,0.7258990217440972
1527680,2026,8,4,1,44.4848484848485,10.235294117647058,-8.409999999999997,1,9,interaction_mid,0.7338096533981605,0.7081982638874894
1527680,2026,8,5,1,44.4848484848485,10.298507462686567,-20.646666666666647,2,8,interaction_mid,0.6037469646996696,0.5903899348785374
1527680,2026,8,6,1,44.4848484848485,10.454545454545455,-22.039999999999992,2,8,interaction_mid,0.5981395550746083,0.5854115168236308
1527680,2026,9,1,1,44.4848484848485,10.523076923076923,-22.433333333333337,2,8,interaction_mid,0.5920318565206572,0.5825998828146198
1527680,2026,9,2,1,44.4848484848485,10.6875,-23.826666666666654,2,8,interaction_mid,0.5502098558197038,0.5469265683379846
1527680,2026,9,3,1,44.4848484848485,10.761904761904763,-24.219999999999985,2,8,interaction_mid,0.5481098585105435,0.5451397904469951
1527680,2026,9,4,1,44.4848484848485,10.838709677419354,-24.61333333333333,2,8,interaction_mid,0.5439626336109664,0.5416119841808574
1527680,2026,9,5,1,44.4848484848485,10.62295081967213,-22.006666666666646,2,8,interaction_mid,0.6365310476331372,0.6208588910406911
1527680,2026,9,6,1,44.4848484848485,10.700000000000001,-22.39999999999999,2,8,interaction_mid,0.6309631627226182,0.6160485106038015
1527680,2026,10,1,1,44.4848484848485,10.474576271186441,-19.793333333333337,2,8,interaction_mid,0.6598555033633109,0.6498884729461049
1527680,2026,10,2,1,44.4848484848485,10.551724137931034,-20.186666666666667,2,8,interaction_mid,0.6611152609649502,0.6510269871359967
1527680,2026,10,3,1,44.4848484848485,10.631578947368421,-20.580000000000013,2,8,interaction_mid,0.6522553437589163,0.643026759932285
1527680,2026,10,4,1,44.4848484848485,10.285714285714285,-16.97333333333333,2,8,interaction_mid,0.6948142315379248,0.6816212621695358
1527680,2026,10,5,1,44.4848484848485,10.254545454545454,-16.366666666666674,2,8,interaction_mid,0.7311102654283153,0.7149369805358116
1527680,2026,10,6,1,44.4848484848485,10.333333333333334,-16.75999999999999,2,8,interaction_mid,0.7151171856843258,0.7002039557998839
1527680,2026,10,7,1,44.4848484848485,10.528301886792454,-18.153333333333336,2,8,interaction_mid,0.701217286860594,0.6874682817498607
1527680,2026,11,1,1,44.4848484848485,10.075471698113208,-14.153333333333336,2,8,interaction_mid,0.7392252433534408,0.7283801707556871
1527680,2026,11,2,1,44.4848484848485,10.153846153846153,-14.546666666666653,2,8,interaction_mid,0.7364656226395546,0.7258031977957894
1527680,2026,11,3,1,44.4848484848485,10.235294117647058,-14.93999999999997,2,8,interaction_mid,0.729325128187386,0.7191456996125148
1527680,2026,11,4,1,44.4848484848485,9.959999999999999,-12.333333333333314,2,8,interaction_mid,0.7521197141588714,0.7404526643119405
1527680,2026,11,5,1,44.4848484848485,10.16326530612245,-22.260833333333323,3,7,interaction_mid,0.6436141045768929,0.6401485314614505
1527680,2026,11,6,1,44.4848484848485,10.375,-23.47999999999999,3,7,interaction_mid,0.6134572265469909,0.6126308821142233
1527680,2026,12,1,1,44.4848484848485,10.595744680851064,-24.699166666666656,3,7,interaction_mid,0.604117390733862,0.6020876990699411
1527680,2026,12,2,1,44.4848484848485,10.565217391304348,-23.91833333333335,3,7,interaction_mid,0.6147874483835896,0.61186537721942
1527680,2026,12,3,1,44.4848484848485,10.0,-19.137500000000017,3,7,interaction_mid,0.6855459460167577,0.6770673209152265
1527680,2026,12,4,1,44.4848484848485,10.090909090909092,-19.356666666666683,3,7,interaction_mid,0.6870884236957835,0.6784979650619614
1527680,2026,12,5,1,44.4848484848485,10.186046511627907,-19.57583333333335,3,7,interaction_mid,0.690574080760532,0.6817327193759145
1527680,2026,12,6,1,44.4848484848485,9.571428571428573,-14.794999999999987,3,7,interaction_mid,0.7531984876466118,0.7403651130926655
1527680,2026,13,1,1,44.4848484848485,9.658536585365855,-15.014166666666682,3,7,interaction_mid,0.7481298813631146,0.7368368569816264
1527680,2026,13,2,1,44.4848484848485,9.899999999999999,-16.23333333333335,3,7,interaction_mid,0.7468081420020909,0.7355502964399794
1527680,2026,13,3,1,44.4848484848485,10.0,-16.452499999999986,3,7,interaction_mid,0.7347755730780801,0.7238573724227352
1527680,2026,13,4,1,44.4848484848485,10.105263157894736,-16.671666666666653,3,7,interaction_mid,0.7280799378168101,0.7173652566265789
1527680,2026,13,5,1,44.4848484848485,10.216216216216216,-16.890833333333347,3,7,interaction_mid,0.7317691476385133,0.7209410851251807
1527680,2026,13,6,1,44.4848484848485,10.333333333333334,-17.110000000000014,3,7,interaction_mid,0.7283177282635495,0.7175956481329278
1527680,2026,13,7,1,44.4848484848485,10.628571428571428,-18.32916666666668,3,7,interaction_mid,0.7114683620428166,0.7013002685564976
1527680,2026,14,1,1,44.4848484848485,10.285714285714285,-16.32916666666668,3,7,interaction_mid,0.7469970925975766,0.7379829218209978
1527680,2026,14,2,1,44.4848484848485,10.235294117647058,-15.548333333333346,3,7,interaction_mid,0.7512712216358612,0.7421608043724389
1527680,2026,14,3,1,44.4848484848485,10.545454545454545,-16.767500000000013,3,7,interaction_mid,0.7379046764327344,0.729107530034144
1527680,2026,14,4,1,44.4848484848485,10.125,-13.986666666666679,3,7,interaction_mid,0.7742319068025387,0.7646725950466974
1527680,2026,14,5,1,44.4848484848485,9.29032258064516,-9.205833333333317,3,7,interaction_mid,0.8405979040845095,0.830532428176865
1527680,2026,14,6,1,44.4848484848485,9.4,-9.424999999999983,3,7,interaction_mid,0.8377670665420971,0.8276943136552386
1527680,2026,15,1,1,44.4848484848485,8.896551724137932,-6.644166666666649,3,7,interaction_mid,0.877736685863914,0.869373148013315
1527680,2026,15,2,1,44.4848484848485,9.0,-6.863333333333344,3,7,interaction_mid,0.8739882367739655,0.8655797696610587
1527680,2026,15,3,1,44.4848484848485,8.0,-2.0825000000000102,3,7,interaction_mid,0.9398969723247856,0.9334275642001413
1527680,2026,15,4,1,44.4848484848485,8.076923076923077,-2.3016666666666765,3,7,interaction_mid,0.9391046069907771,0.9325936303928175
1527680,2026,15,5,1,44.4848484848485,8.16,-2.5208333333333144,3,7,interaction_mid,0.9402892318181371,0.9338406186911438
1527680,2026,15,6,1,44.4848484848485,8.25,-2.740000000000009,3,7,interaction_mid,0.9344136306904125,0.9276681849118167
1527680,2026,15,7,1,44.4848484848485,8.608695652173912,-3.9591666666666754,3,7,interaction_mid,0.9191389829994281,0.91175480326121
1527681,2026,7,1,1,-38.90909090909091,8.883116883116884,-29.83999999999999,2,8,interaction_mid,0.4480199411137365,0.45288476620925117
1527681,2026,7,2,1,-38.90909090909091,8.921052631578949,-29.919999999999987,2,8,interaction_mid,0.36631607323658777,0.38222827043256447
1527681,2026,7,3,1,-38.90909090909091,8.96,-30.0,2,8,interaction_mid,0.418950974743128,0.4278625727075807
1527681,2026,7,4,1,-38.90909090909091,9.08108108108108,-31.079999999999984,2,8,interaction_mid,0.40540672175907994,0.4161675032113268
1527681,2026,7,5,1,-38.90909090909091,9.123287671232877,-31.16000000000001,2,8,interaction_mid,0.4015121829265831,0.4127993727963544
1527681,2026,7,6,1,-38.90909090909091,9.166666666666666,-31.24000000000001,2,8,interaction_mid,0.3277142701776325,0.34834431277482175
1527681,2026,7,7,1,-38.90909090909091,9.211267605633802,-31.319999999999993,2,8,interaction_mid,0.39845676545790504,0.4101551374696912
1527681,2026,8,1,1,-38.90909090909091,9.126760563380282,-30.319999999999993,2,8,interaction_mid,0.4038535582709217,0.41417766924823424
1527681,2026,8,2,1,-38.90909090909091,9.17142857142857,-30.399999999999977,2,8,interaction_mid,0.33049819618027254,0.34867681907520687
1527681,2026,8,3,1,-38.90909090909091,9.217391304347826,-30.480000000000004,2,8,interaction_mid,0.3927320834221037,0.4043180130452418
1527681,2026,8,4,1,-38.90909090909091,8.823529411764707,-25.559999999999988,2,8,interaction_mid,0.5214001798580271,0.5176888444117027
1527681,2026,8,5,1,-38.90909090909091,8.865671641791046,-25.639999999999986,2,8,interaction_mid,0.5233984826934743,0.5194460581049367
1527681,2026,8,6,1,-38.90909090909091,8.90909090909091,-25.719999999999985,2,8,interaction_mid,0.4478434319982522,0.4530147700016398
1527681,2026,8,7,1,-38.90909090909091,8.953846153846154,-25.799999999999997,2,8,interaction_mid,0.5252734798870939,0.5210950038985257
1527681,2026,9,1,1,-38.90909090909091,8.584615384615384,-21.799999999999997,2,8,interaction_mid,0.6114786623846067,0.5992708119519508
1527681,2026,9,2,1,-38.90909090909091,8.625,-21.87999999999998,2,8,interaction_mid,0.6014437523318988,0.5906600424539775
1527681,2026,9,3,1,-38.90909090909091,8.666666666666666,-21.959999999999994,2,8,interaction_mid,0.5298482388409633,0.5296124564813474
1527681,2026,9,4,1,-38.90909090909091,8.70967741935484,-22.040000000000006,2,8,interaction_mid,0.6027664344783545,0.5917939593418747
1527681,2026,9,5,1,-38.90909090909091,8.852459016393443,-31.355000000000018,3,7,interaction_mid,0.33558897694947953,0.36275232519411604
1527681,2026,9,6,1,-38.90909090909091,9.0,-32.3,3,7,interaction_mid,0.4165909907700537,0.43310283314218306
1527681,2026,10,1,1,-38.90909090909091,9.152542372881356,-33.245000000000005,3,7,interaction_mid,0.421729030275425,0.43696284913646494
1527681,2026,10,2,1,-38.90909090909091,8.896551724137932,-30.189999999999998,3,7,interaction_mid,0.45879739170934836,0.4701973044624039
1527681,2026,10,3,1,-38.90909090909091,8.631578947368421,-27.13499999999999,3,7,interaction_mid,0.5489386601689119,0.5505606431112952
1527681,2026,10,4,1,-38.90909090909091,8.785714285714285,-28.08,3,7,interaction_mid,0.5143957606847025,0.5197968917989465
1527681,2026,10,5,1,-38.90909090909091,8.290909090909091,-23.025000000000006,3,7,interaction_mid,0.6313069698788663,0.6241702475785159
1527681,2026,10,6,1,-38.90909090909091,7.777777777777778,-17.970000000000013,3,7,interaction_mid,0.7264202176008753,0.7106070793652413
1527681,2026,11,1,1,-38.90909090909091,7.811320754716981,-17.915000000000006,3,7,interaction_mid,0.7207120053084541,0.7111342183147968
1527681,2026,11,2,1,-38.90909090909091,7.961538461538462,-18.86,3,7,interaction_mid,0.7192674504814577,0.7097925170226433
1527681,2026,11,3,1,-38.90909090909091,7.411764705882353,-13.805000000000007,3,7,interaction_mid,0.7928065796739818,0.7789378553971332
1527681,2026,11,4,1,-38.90909090909091,6.84,-8.749999999999986,3,7,interaction_mid,0.9015409997657082,0.8863254981082305
1527681,2026,11,5,1,-38.90909090909091,6.979591836734693,-9.694999999999993,3,7,interaction_mid,0.8807823925375169,0.8651095972792419
1527681,2026,11,6,1,-38.90909090909091,7.0,-9.64,3,7,interaction_mid,0.8749577574276246,0.8592327808035839
1527681,2026,12,1,1,-38.90909090909091,7.148936170212766,-10.584999999999994,3,7,interaction_mid,0.8520267467523696,0.8359370765594306
1527681,2026,12,2,1,-38.90909090909091,7.304347826086957,-11.530000000000001,3,7,interaction_mid,0.830085319945812,0.8142754613125629
1527681,2026,12,3,1,-38.90909090909091,7.333333333333334,-11.475000000000009,3,7,interaction_mid,0.8298144247242382,0.8140099142188336
1527681,2026,12,4,1,-38.90909090909091,7.5,-12.420000000000016,3,7,interaction_mid,0.8198422176703428,0.8042641305598169
1527681,2026,12,5,1,-38.90909090909091,7.674418604651163,-13.365000000000009,3,7,interaction_mid,0.8048435988579842,0.7897078002497383
1527681,2026,12,6,1,-38.90909090909091,7.857142857142858,-14.310000000000002,3,7,interaction_mid,0.7800148081973058,0.7658491629777999
1527681,2026,13,1,1,-38.90909090909091,7.463414634146341,-11.25500000000001,3,7,interaction_mid,0.8391498158093809,0.8267058508801236
1527681,2026,13,2,1,-38.90909090909091,7.6499999999999995,-12.200000000000003,3,7,interaction_mid,0.8145550562664202,0.802137469491508
1527681,2026,13,3,1,-38.90909090909091,6.9230769230769225,-7.144999999999996,3,7,interaction_mid,0.9154693989086219,0.9049487074260775
1527681,2026,13,4,1,-38.90909090909091,6.789473684210526,-6.090000000000003,3,7,interaction_mid,0.9405863285158976,0.9316703642908455
1527681,2026,13,5,1,-38.90909090909091,6.972972972972972,-7.034999999999997,3,7,interaction_mid,0.9065588363343571,0.8956123716636986
1527681,2026,13,6,1,-38.90909090909091,7.0,-6.980000000000004,3,7,interaction_mid,0.9055668782980859,0.8945770404697768
1527681,2026,14,1,1,-38.90909090909091,6.514285714285714,-3.9250000000000114,3,7,interaction_mid,0.9559222340216011,0.9497764955072218
1527681,2026,14,2,1,-38.90909090909091,6.529411764705882,-3.8700000000000045,3,7,interaction_mid,0.9554610701347539,0.9492780725277162
1527681,2026,14,3,1,-38.90909090909091,6.545454545454545,-3.8149999999999977,3,7,interaction_mid,0.9556894452564677,0.9495248630568645
1527681,2026,14,4,1,-38.90909090909091,6.0,-0.7599999999999909,3,7,interaction_mid,0.9784901582683725,0.9745968839947123
1527681,2026,14,5,1,-38.90909090909091,6.0,-0.7049999999999841,3,7,interaction_mid,0.9781682721032559,0.9742354448773752
1527681,2026,14,6,1,-38.90909090909091,6.200000000000001,-1.6500000000000057,3,7,interaction_mid,0.9698667849206755,0.9649995869335154
1527681,2026,14,7,1,-38.90909090909091,5.172413793103448,3.405000000000001,3,7,interaction_mid,0.9878932133064129,0.9853005772494561
1527681,2026,15,1,1,-38.90909090909091,4.9655172413793105,4.405000000000001,3,7,interaction_mid,0.9877018735620493,0.9853218916030794
1527681,2026,15,2,1,-38.90909090909091,4.928571428571429,4.460000000000008,3,7,interaction_mid,0.9884256564330614,0.9861478596187742
1527681,2026,15,3,1,-38.90909090909091,4.222222222222222,7.514999999999986,3,7,interaction_mid,0.991319722275022,0.9894764435425297
1527681,2026,15,4,1,-38.90909090909091,4.153846153846153,7.569999999999993,3,7,interaction_mid,0.9914046601742397,0.989574840132477
1527681,2026,15,5,1,-38.90909090909091,3.3600000000000003,10.625,3,7,interaction_mid,0.9925987619850495,0.9909631114759381
1527681,2026,15,6,1,-38.90909090909091,3.5,9.680000000000007,3,7,interaction_mid,0.9926064736434327,0.9909721088573958
1527681,2026,15,7,1,-38.90909090909091,3.6521739130434785,8.734999999999985,3,7,interaction_mid,0.9920268825256053,0.9902970510812671
1527682,2026,7,1,0,23.363636363636374,10.909090909090908,-4.249999999999986,0,10,interaction_mid,0.5816776435327293,0.5677557767261961
1527682,2026,7,2,0,23.363636363636374,11.052631578947368,-6.0,0,10,interaction_mid,0.5464421854033995,0.5373664341185883
1527682,2026,7,3,0,23.363636363636374,11.2,-7.75,0,10,interaction_mid,0.5455821499048195,0.5366265712667433
1527682,2026,7,4,0,23.363636363636374,10.864864864864865,-3.5,0,10,interaction_mid,0.6345107381058417,0.6137411641008443
1527682,2026,7,5,0,23.363636363636374,10.931506849315069,-4.250000000000014,0,10,interaction_mid,0.6123457816823108,0.5943726059118768
1527682,2026,7,6,0,23.363636363636374,11.083333333333334,-18.599999999999994,1,9,interaction_mid,0.39084805935949446,0.40356306908922945
1527682,2026,8,1,0,23.363636363636374,11.154929577464788,-19.17500000000001,1,9,interaction_mid,0.4774283067948723,0.4790410550965815
1527682,2026,8,2,0,23.363636363636374,11.228571428571428,-19.75,1,9,interaction_mid,0.4548459133335157,0.4591795052451707
1527682,2026,8,3,0,23.363636363636374,11.043478260869565,-17.325000000000003,1,9,interaction_mid,0.5048287858582592,0.5031218860531985
1527682,2026,8,4,0,23.363636363636374,11.029411764705882,-16.89999999999999,1,9,interaction_mid,0.5154997341093589,0.5125011822498261
1527682,2026,8,5,0,23.363636363636374,10.656716417910449,-12.474999999999994,1,9,interaction_mid,0.5931184220900237,0.5809581684963002
1527682,2026,8,6,0,23.363636363636374,10.818181818181818,-14.049999999999983,1,9,interaction_mid,0.5884695689322408,0.5768386365600856
1527682,2026,9,1,0,23.363636363636374,10.892307692307693,-14.624999999999986,1,9,interaction_mid,0.5689091456025335,0.56285272920471
1527682,2026,9,2,0,23.363636363636374,10.96875,-15.200000000000003,1,9,interaction_mid,0.560072641710723,0.5553227847889587
1527682,2026,9,3,0,23.363636363636374,10.761904761904763,-12.774999999999991,1,9,interaction_mid,0.5824395893518991,0.5743993498380398
1527682,2026,9,4,0,23.363636363636374,10.935483870967742,-14.34999999999998,1,9,interaction_mid,0.5719400184236947,0.5654373278151393
1527682,2026,9,5,0,23.363636363636374,11.01639344262295,-14.924999999999997,1,9,interaction_mid,0.569080211130109,0.5629985796916067
1527682,2026,9,6,0,23.363636363636374,10.8,-12.500000000000014,1,9,interaction_mid,0.6284882383094339,0.6139127075154475
1527682,2026,10,1,0,23.363636363636374,10.881355932203391,-13.075000000000003,1,9,interaction_mid,0.6133568472768405,0.6080688392311768
1527682,2026,10,2,0,23.363636363636374,10.862068965517242,-12.649999999999991,1,9,interaction_mid,0.6371979373593468,0.6294651891900293
1527682,2026,10,3,0,23.363636363636374,10.94736842105263,-13.225000000000009,1,9,interaction_mid,0.6149341799102501,0.6094819170858824
1527682,2026,10,4,0,23.363636363636374,11.142857142857142,-14.799999999999997,1,9,interaction_mid,0.6262474567276095,0.6196270612741449
1527682,2026,10,5,0,23.363636363636374,11.345454545454546,-26.0,2,8,interaction_mid,0.46756297182193446,0.47803220186206885
1527682,2026,10,6,0,23.363636363636374,11.444444444444445,-26.399999999999977,2,8,interaction_mid,0.45600583137293177,0.4677004846969374
1527682,2026,10,7,0,23.363636363636374,11.20754716981132,-23.80000000000001,2,8,interaction_mid,0.48534190758946305,0.493902745896355
1527682,2026,11,1,0,23.363636363636374,11.09433962264151,-22.80000000000001,2,8,interaction_mid,0.5267593238397973,0.5338185814404989
1527682,2026,11,2,0,23.363636363636374,10.846153846153847,-20.19999999999999,2,8,interaction_mid,0.5602081738621165,0.5642057263397697
1527682,2026,11,3,0,23.363636363636374,10.941176470588236,-20.599999999999994,2,8,interaction_mid,0.5420999388748555,0.5477562394129318
1527682,2026,11,4,0,23.363636363636374,11.040000000000001,-21.0,2,8,interaction_mid,0.5425569770109997,0.5481714208615956
1527682,2026,11,5,0,23.363636363636374,10.775510204081632,-18.400000000000006,2,8,interaction_mid,0.577922952235522,0.5803018805608015
1527682,2026,11,6,0,23.363636363636374,10.5,-15.799999999999983,2,8,interaction_mid,0.6080008026963836,0.6076612882065421
1527682,2026,12,1,0,23.363636363636374,10.72340425531915,-25.42500000000001,3,7,interaction_mid,0.42300906726421084,0.43632581085157823
1527682,2026,12,2,0,23.363636363636374,10.434782608695652,-22.650000000000006,3,7,interaction_mid,0.49892544395313815,0.5059526861489488
1527682,2026,12,3,0,23.363636363636374,10.666666666666666,-31.75,4,6,interaction_mid,0.2584021309367106,0.2816693772856681
1527682,2026,12,4,0,23.363636363636374,10.909090909090908,-32.80000000000001,4,6,interaction_mid,0.2521361403472626,0.2756120510751463
1527682,2026,12,5,0,23.363636363636374,11.023255813953488,-32.849999999999994,4,6,interaction_mid,0.25492804445760536,0.2783130715887934
1527682,2026,12,6,0,23.363636363636374,11.142857142857142,-32.900000000000006,4,6,interaction_mid,0.2521980655687662,0.27567199733464004
1527682,2026,13,1,0,23.363636363636374,11.414634146341463,-41.125,5,5,interaction_mid,0.1354221429610388,0.14752184625283113
1527682,2026,13,2,0,23.363636363636374,11.55,-41.0,5,5,interaction_mid,0.12858611480819465,0.14056251685631496
1527682,2026,13,3,0,23.363636363636374,11.692307692307692,-40.875,5,5,interaction_mid,0.129810166331281,0.1418105651914222
1527682,2026,13,4,0,23.363636363636374,11.052631578947368,-35.75,5,5,interaction_mid,0.19568624750011634,0.2079114639440554
1527682,2026,13,5,0,23.363636363636374,11.35135135135135,-36.625,5,5,interaction_mid,0.17811850811033725,0.19046510511980483
1527682,2026,13,6,0,23.363636363636374,11.0,-33.5,5,5,interaction_mid,0.22029288796493712,0.23216784613686606
1527682,2026,14,1,0,23.363636363636374,10.628571428571428,-30.375,5,5,interaction_mid,0.2923290231564736,0.3009769010942125
1527682,2026,14,2,0,23.363636363636374,9.882352941176471,-25.25,5,5,interaction_mid,0.46107087982243,0.46322127031307503
1527682,2026,14,3,0,23.363636363636374,10.181818181818182,-31.900000000000006,6,4,interaction_mid,0.19512921374560818,0.2056148271067454
1527682,2026,14,4,0,23.363636363636374,9.75,-28.599999999999994,6,4,interaction_mid,0.28190938463014403,0.29084830495037933
1527682,2026,14,5,0,23.363636363636374,9.677419354838708,-32.724999999999994,7,3,interaction_mid,0.06298456287919149,0.07066183095483204
1527682,2026,14,6,0,23.363636363636374,10.0,-33.25,7,3,interaction_mid,0.06770387271018456,0.07566586509110594
1527682,2026,15,1,0,23.363636363636374,10.137931034482758,-32.775000000000006,7,3,interaction_mid,0.07020234436497619,0.07842422844469683
1527682,2026,15,2,0,23.363636363636374,10.285714285714285,-32.30000000000001,7,3,interaction_mid,0.07282144115510938,0.08119690448089335
1527682,2026,15,3,0,23.363636363636374,10.444444444444445,-31.82499999999999,7,3,interaction_mid,0.08117380730301403,0.09000211493252527
1527682,2026,15,4,0,23.363636363636374,9.461538461538462,-26.350000000000023,7,3,interaction_mid,0.18936298338935734,0.2005327277699251
1527682,2026,15,5,0,23.363636363636374,9.600000000000001,-25.875,7,3,interaction_mid,0.18434642044119187,0.1955142194713316
1527682,2026,15,6,0,23.363636363636374,10.0,-26.399999999999977,7,3,interaction_mid,0.1755392038726583,0.18668378583059417
1527683,2026,7,1,1,-36.5,7.714285714285715,-7.909999999999997,1,9,interaction_mid,0.769405595701915,0.7356388583253869
1527683,2026,7,2,1,-36.5,7.657894736842106,-7.0800000000000125,1,9,interaction_mid,0.7772584656504359,0.7430438893818477
1527683,2026,7,3,1,-36.5,7.68,-7.25,1,9,interaction_mid,0.7742405073781448,0.7401926878841765
1527683,2026,7,4,1,-36.5,7.45945945945946,-4.4199999999999875,1,9,interaction_mid,0.8091714178551419,0.7736417139620285
1527683,2026,7,5,1,-36.5,7.479452054794521,-4.590000000000003,1,9,interaction_mid,0.8078379349185028,0.772345469581102
1527683,2026,7,6,1,-36.5,7.5,-4.759999999999991,1,9,interaction_mid,0.8023653212067441,0.7670428216041408
1527683,2026,8,1,1,-36.5,7.436619718309858,-3.930000000000007,1,9,interaction_mid,0.8079536211048053,0.7787064990191143
1527683,2026,8,2,1,-36.5,7.199999999999999,-1.0999999999999943,1,9,interaction_mid,0.8422928258278661,0.8127293930140138
1527683,2026,8,3,1,-36.5,7.304347826086957,-2.2700000000000102,1,9,interaction_mid,0.8374257010912667,0.8078405944323519
1527683,2026,8,4,1,-36.5,7.411764705882353,-3.4399999999999977,1,9,interaction_mid,0.8182381164323498,0.7887869054124429
1527683,2026,8,5,1,-36.5,7.343283582089552,-2.609999999999985,1,9,interaction_mid,0.8375614717078308,0.8079766492399207
1527683,2026,8,6,1,-36.5,7.363636363636363,-2.779999999999987,1,9,interaction_mid,0.8338029322678961,0.8042168870153616
1527683,2026,9,1,1,-36.5,7.384615384615385,-2.9499999999999886,1,9,interaction_mid,0.8322339363580006,0.7986755584611046
1527683,2026,9,2,1,-36.5,7.5,-12.439999999999984,2,8,interaction_mid,0.750988323204633,0.722143480042807
1527683,2026,9,3,1,-36.5,7.523809523809524,-12.47999999999999,2,8,interaction_mid,0.7489162827708873,0.7202553962016988
1527683,2026,9,4,1,-36.5,7.548387096774194,-12.519999999999996,2,8,interaction_mid,0.7506393757284087,0.7218253309132294
1527683,2026,9,5,1,-36.5,7.573770491803279,-12.559999999999988,2,8,interaction_mid,0.7453688114482232,0.717028810568819
1527683,2026,9,6,1,-36.5,7.6,-12.599999999999994,2,8,interaction_mid,0.7516344411412093,0.7227327663065953
1527683,2026,10,1,1,-36.5,7.627118644067796,-12.64,2,8,interaction_mid,0.7521309909807627,0.7344480207531177
1527683,2026,10,2,1,-36.5,7.344827586206896,-9.679999999999993,2,8,interaction_mid,0.7833942882632787,0.7638284756127188
1527683,2026,10,3,1,-36.5,7.368421052631579,-9.719999999999999,2,8,interaction_mid,0.7779729857473401,0.7586990367479777
1527683,2026,10,4,1,-36.5,7.5,-10.760000000000005,2,8,interaction_mid,0.7677782633407603,0.7490939646039848
1527683,2026,10,5,1,-36.5,7.527272727272727,-10.799999999999997,2,8,interaction_mid,0.7725809433481015,0.7536123948236515
1527683,2026,10,6,1,-36.5,7.555555555555555,-10.83999999999999,2,8,interaction_mid,0.769464046063296,0.7506786868499264
1527683,2026,11,1,1,-36.5,7.471698113207546,-9.88000000000001,2,8,interaction_mid,0.8053771110149803,0.7909698100523023
1527683,2026,11,2,1,-36.5,7.5,-9.920000000000002,2,8,interaction_mid,0.8137981437556381,0.7990734905762565
1527683,2026,11,3,1,-36.5,7.529411764705882,-9.959999999999994,2,8,interaction_mid,0.8207435389714923,0.8057852780537267
1527683,2026,11,4,1,-36.5,7.5600000000000005,-10.0,2,8,interaction_mid,0.8188835736814506,0.8039852924119827
1527683,2026,11,5,1,-36.5,7.224489795918368,-7.040000000000006,2,8,interaction_mid,0.8413501678207759,0.8258631432949557
1527683,2026,11,6,1,-36.5,6.875,-4.079999999999984,2,8,interaction_mid,0.9046942782609086,0.8895893658594276
1527683,2026,12,1,1,-36.5,7.0212765957446805,-11.230000000000004,3,7,interaction_mid,0.8135926512996177,0.7981845970449846
1527683,2026,12,2,1,-36.5,7.173913043478261,-12.14,3,7,interaction_mid,0.7976119393028165,0.7827297170072598
1527683,2026,12,3,1,-36.5,7.199999999999999,-12.050000000000011,3,7,interaction_mid,0.7910159551067777,0.776386342789375
1527683,2026,12,4,1,-36.5,7.2272727272727275,-11.960000000000008,3,7,interaction_mid,0.7890999821366508,0.7745474177523117
1527683,2026,12,5,1,-36.5,7.255813953488372,-11.870000000000019,3,7,interaction_mid,0.7840784667813799,0.7697354265669705
1527683,2026,12,6,1,-36.5,7.428571428571429,-12.780000000000001,3,7,interaction_mid,0.7688416349493815,0.7551981949861927
1527683,2026,13,1,1,-36.5,7.609756097560975,-19.02000000000001,4,6,interaction_mid,0.648525807689169,0.6408786018028643
1527683,2026,13,2,1,-36.5,7.6499999999999995,-18.80000000000001,4,6,interaction_mid,0.667025000122675,0.6585726425041133
1527683,2026,13,3,1,-36.5,7.846153846153847,-19.579999999999984,4,6,interaction_mid,0.6333503831155213,0.6263966196906269
1527683,2026,13,4,1,-36.5,8.052631578947368,-20.360000000000014,4,6,interaction_mid,0.6241072859958006,0.6175888653351199
1527683,2026,13,5,1,-36.5,8.108108108108109,-20.139999999999986,4,6,interaction_mid,0.61958748109498,0.6132852336819752
1527683,2026,13,6,1,-36.5,8.166666666666668,-19.920000000000016,4,6,interaction_mid,0.6067568808369497,0.6010791770173265
1527683,2026,14,1,1,-36.5,8.057142857142857,-18.69999999999999,4,6,interaction_mid,0.6546634045341784,0.6484906276146305
1527683,2026,14,2,1,-36.5,8.294117647058822,-19.480000000000018,4,6,interaction_mid,0.6280753651233937,0.6229262816539736
1527683,2026,14,3,1,-36.5,8.363636363636363,-19.25999999999999,4,6,interaction_mid,0.6277914065205539,0.6226536180294016
1527683,2026,14,4,1,-36.5,8.4375,-19.039999999999992,4,6,interaction_mid,0.6352249213468563,0.6297938338122859
1527683,2026,14,5,1,-36.5,8.516129032258064,-18.819999999999993,4,6,interaction_mid,0.6277484157815575,0.6226123379428417
1527683,2026,14,6,1,-36.5,8.6,-18.599999999999994,4,6,interaction_mid,0.6314860245121776,0.6262018344952184
1527683,2026,15,1,1,-36.5,8.068965517241379,-15.379999999999995,4,6,interaction_mid,0.7201836611231953,0.7137428371695943
1527683,2026,15,2,1,-36.5,7.928571428571429,-14.159999999999997,4,6,interaction_mid,0.7298071348276163,0.7230883728891707
1527683,2026,15,3,1,-36.5,7.333333333333334,-10.939999999999998,4,6,interaction_mid,0.7860418965465213,0.7780303386855478
1527683,2026,15,4,1,-36.5,7.153846153846153,-9.719999999999999,4,6,interaction_mid,0.8220219088506341,0.8135560102355194
1527683,2026,15,5,1,-36.5,7.199999999999999,-9.5,4,6,interaction_mid,0.8235962127504093,0.8151185711316181
1527683,2026,15,6,1,-36.5,7.25,-9.280000000000001,4,6,interaction_mid,0.8187038583569339,0.8102651129311215
1527684,2026,7,1,0,60.349999999999994,12.935064935064936,-84.79166666666669,5,5,interaction_mid,0.01003359979747816,0.018922768491553384
1527684,2026,7,2,0,60.349999999999994,12.789473684210527,-81.83333333333334,5,5,interaction_mid,0.012309429632934854,0.02251108830059107
1527684,2026,7,3,0,60.349999999999994,12.879999999999999,-81.875,5,5,interaction_mid,0.011478626932357655,0.021214371274820048
1527684,2026,7,4,0,60.349999999999994,12.72972972972973,-78.91666666666666,5,5,interaction_mid,0.013488982387964669,0.02432868336554547
1527684,2026,7,5,0,60.349999999999994,12.904109589041097,-79.95833333333331,5,5,interaction_mid,0.013211575709709843,0.02390357526716583
1527684,2026,7,6,0,60.349999999999994,13.083333333333332,-81.0,5,5,interaction_mid,0.012403147050516074,0.022656478262760037
1527684,2026,8,1,0,60.349999999999994,12.929577464788732,-78.04166666666666,5,5,interaction_mid,0.014935103418870116,0.024464259675510646
1527684,2026,8,2,0,60.349999999999994,13.028571428571428,-78.08333333333331,5,5,interaction_mid,0.013734241732763247,0.02274266815001911
1527684,2026,8,3,0,60.349999999999994,13.217391304347826,-79.125,5,5,interaction_mid,0.013116295622149981,0.021848876266506147
1527684,2026,8,4,0,60.349999999999994,13.323529411764707,-79.16666666666666,5,5,interaction_mid,0.013246624460443907,0.02203784838323727
1527684,2026,8,5,0,60.349999999999994,13.432835820895521,-79.20833333333334,5,5,interaction_mid,0.013451325488757685,0.022334151248459302
1527684,2026,8,6,0,60.349999999999994,13.272727272727272,-76.25,5,5,interaction_mid,0.014733665346933322,0.024176827857297696
1527684,2026,9,1,0,60.349999999999994,13.384615384615385,-76.29166666666669,5,5,interaction_mid,0.014499723547676428,0.027426742739572824
1527684,2026,9,2,0,60.349999999999994,13.5,-76.33333333333334,5,5,interaction_mid,0.014164555796545802,0.02689398075456682
1527684,2026,9,3,0,60.349999999999994,13.619047619047619,-76.375,5,5,interaction_mid,0.013949384472292551,0.02655082954635084
1527684,2026,9,4,0,60.349999999999994,13.838709677419356,-77.41666666666669,5,5,interaction_mid,0.012959670344337204,0.0249606192886566
1527684,2026,9,5,0,60.349999999999994,14.065573770491804,-91.16666666666666,6,4,interaction_mid,0.006596397827087233,0.014139498879199613
1527684,2026,9,6,0,60.349999999999994,14.2,-91.0,6,4,interaction_mid,0.006648690457029458,0.014233972154553685
1527684,2026,10,1,0,60.349999999999994,14.338983050847457,-90.83333333333334,6,4,interaction_mid,0.006518667072172239,0.011514284588069272
1527684,2026,10,2,0,60.349999999999994,14.482758620689655,-90.66666666666666,6,4,interaction_mid,0.006548858735009684,0.01156156843219093
1527684,2026,10,3,0,60.349999999999994,14.315789473684209,-87.5,6,4,interaction_mid,0.0068174046783288506,0.01198103724223665
1527684,2026,10,4,0,60.349999999999994,14.464285714285714,-87.33333333333334,6,4,interaction_mid,0.006830594122898899,0.012001588723178795
1527684,2026,10,5,0,60.349999999999994,14.727272727272727,-88.16666666666666,6,4,interaction_mid,0.006792313756314884,0.011941928290840169
1527684,2026,10,6,0,60.349999999999994,14.88888888888889,-88.0,6,4,interaction_mid,0.0066538469840418425,0.01172579533964532
1527684,2026,11,1,0,60.349999999999994,15.056603773584907,-87.83333333333334,6,4,interaction_mid,0.00551377603654896,0.009094509680907843
1527684,2026,11,2,0,60.349999999999994,14.653846153846155,-82.66666666666666,6,4,interaction_mid,0.00775240829272911,0.01238613341373059
1527684,2026,11,3,0,60.349999999999994,14.235294117647058,-77.5,6,4,interaction_mid,0.009521163402512184,0.014920083870763245
1527684,2026,11,4,0,60.349999999999994,14.04,-74.33333333333331,6,4,interaction_mid,0.010262532129857182,0.01596790781888076
1527684,2026,11,5,0,60.349999999999994,14.204081632653061,-74.16666666666666,6,4,interaction_mid,0.010583611016934745,0.016419351242293257
1527684,2026,11,6,0,60.349999999999994,14.375,-74.0,6,4,interaction_mid,0.010741189713247916,0.016640409660520387
1527684,2026,12,1,0,60.349999999999994,14.680851063829786,-74.83333333333331,6,4,interaction_mid,0.009173399676467981,0.014018996797419131
1527684,2026,12,2,0,60.349999999999994,15.0,-75.66666666666666,6,4,interaction_mid,0.008693448417473396,0.013349993797186478
1527684,2026,12,3,0,60.349999999999994,15.2,-75.5,6,4,interaction_mid,0.009435741923207414,0.014383278234255992
1527684,2026,12,4,0,60.349999999999994,15.40909090909091,-75.33333333333331,6,4,interaction_mid,0.008593737536717978,0.013210578847162435
1527684,2026,12,5,0,60.349999999999994,15.767441860465116,-76.16666666666669,6,4,interaction_mid,0.008915457889640176,0.013659871238731925
1527684,2026,12,6,0,60.349999999999994,16.0,-76.0,6,4,interaction_mid,0.008872929686310293,0.013600567508163085
1527684,2026,13,1,0,60.349999999999994,15.804878048780488,-72.83333333333331,6,4,interaction_mid,0.009597137682465885,0.012287056620376128
1527684,2026,13,2,0,60.349999999999994,15.299999999999999,-67.66666666666669,6,4,interaction_mid,0.014127690527083361,0.01769366339539399
1527684,2026,13,3,0,60.349999999999994,15.076923076923077,-64.5,6,4,interaction_mid,0.01557618968742704,0.019398609673728955
1527684,2026,13,4,0,60.349999999999994,15.473684210526315,-65.33333333333331,6,4,interaction_mid,0.014594647531602313,0.018244392685458594
1527684,2026,13,5,0,60.349999999999994,15.243243243243242,-62.166666666666686,6,4,interaction_mid,0.01622069440150384,0.020154092313986197
1527684,2026,13,6,0,60.349999999999994,15.666666666666668,-63.0,6,4,interaction_mid,0.013085585192411063,0.016460604510841425
1527684,2026,14,1,0,60.349999999999994,15.942857142857143,-62.833333333333314,6,4,interaction_mid,0.011782414563046701,0.014369945314824615
1527684,2026,14,2,0,60.349999999999994,16.235294117647058,-62.666666666666686,6,4,interaction_mid,0.010973684251709678,0.013428875104877286
1527684,2026,14,3,0,60.349999999999994,16.545454545454547,-62.5,6,4,interaction_mid,0.010308620857288951,0.01265242442794917
1527684,2026,14,4,0,60.349999999999994,16.3125,-59.333333333333314,6,4,interaction_mid,0.011769334285735105,0.014354750596134414
1527684,2026,14,5,0,60.349999999999994,16.838709677419356,-60.16666666666666,6,4,interaction_mid,0.010142103709082154,0.012457638695034778
1527684,2026,14,6,0,60.349999999999994,17.2,-60.0,6,4,interaction_mid,0.009504694256232547,0.01171054698684879
1527684,2026,15,1,0,60.349999999999994,17.793103448275865,-66.875,7,3,interaction_mid,0.006122543690177215,0.007671769920945751
1527684,2026,15,2,0,60.349999999999994,18.214285714285715,-66.5,7,3,interaction_mid,0.006260676631709901,0.007837088348343495
1527684,2026,15,3,0,60.349999999999994,18.0,-63.125,7,3,interaction_mid,0.006455791153869462,0.008070319903445608
1527684,2026,15,4,0,60.349999999999994,17.538461538461537,-58.75,7,3,interaction_mid,0.006994000109206352,0.008712030294250089
1527684,2026,15,5,0,60.349999999999994,18.0,-58.375,7,3,interaction_mid,0.006922577800386543,0.008627007102152114
1527684,2026,15,6,0,60.349999999999994,18.5,-58.0,7,3,interaction_mid,0.006680569944780733,0.008338612113955129
1527684,2026,15,7,0,60.349999999999994,19.043478260869563,-57.625,7,3,interaction_mid,0.006690332858980548,0.008350255501751702
1527686,2026,7,1,0,-16.666666666666657,5.6103896103896105,-22.875,5,5,interaction_mid,0.5027329703315508,0.4998325581643021
1527686,2026,7,2,0,-16.666666666666657,5.605263157894737,-22.5,5,5,interaction_mid,0.5129655635891865,0.5086104744017292
1527686,2026,7,3,0,-16.666666666666657,5.2,-17.125,5,5,interaction_mid,0.5179051056424446,0.5128491217334722
1527686,2026,7,4,0,-16.666666666666657,5.1891891891891895,-16.75,5,5,interaction_mid,0.5303914612386682,0.5235693792216649
1527686,2026,7,5,0,-16.666666666666657,4.767123287671232,-11.375,5,5,interaction_mid,0.5562538896000025,0.5458126746090348
1527686,2026,7,6,0,-16.666666666666657,4.833333333333334,-21.0,6,4,interaction_mid,0.4065625332412695,0.41716660809778083
1527686,2026,7,7,0,-16.666666666666657,4.816901408450704,-20.5,6,4,interaction_mid,0.3592766300963018,0.3760803892045846
1527686,2026,8,1,0,-16.666666666666657,4.47887323943662,-16.5,6,4,interaction_mid,0.42080879505180646,0.4291737123272325
1527686,2026,8,2,0,-16.666666666666657,4.457142857142857,-15.999999999999986,6,4,interaction_mid,0.42614912670574445,0.4338892499102626
1527686,2026,8,3,0,-16.666666666666657,4.521739130434783,-16.5,6,4,interaction_mid,0.4713617929012818,0.4737077049693724
1527686,2026,8,4,0,-16.666666666666657,4.235294117647059,-13.0,6,4,interaction_mid,0.4721378360375778,0.4743900326190849
1527686,2026,8,5,0,-16.666666666666657,4.298507462686567,-21.875,7,3,interaction_mid,0.19013759697294577,0.21789593706648222
1527686,2026,8,6,0,-16.666666666666657,4.0,-18.25,7,3,interaction_mid,0.22380645606406357,0.25023107497776864
1527686,2026,9,1,0,-16.666666666666657,4.061538461538461,-18.625,7,3,interaction_mid,0.24375650248471714,0.2798586984998411
1527686,2026,9,2,0,-16.666666666666657,4.03125,-18.0,7,3,interaction_mid,0.2555058696443737,0.2907282786066414
1527686,2026,9,3,0,-16.666666666666657,4.095238095238095,-18.375,7,3,interaction_mid,0.2718694302887146,0.3057194316222318
1527686,2026,9,4,0,-16.666666666666657,3.967741935483871,-16.75,7,3,interaction_mid,0.28905431425356,0.3212959034355368
1527686,2026,9,5,0,-16.666666666666657,3.9344262295081966,-16.125,7,3,interaction_mid,0.313599481304206,0.3432821411214584
1527686,2026,9,6,0,-16.666666666666657,4.0,-24.0,8,2,interaction_mid,0.13170449940154355,0.1699837722105913
1527686,2026,9,7,0,-16.666666666666657,3.9661016949152543,-23.25,8,2,interaction_mid,0.13113960290834098,0.16939123810924922
1527686,2026,9,8,0,-16.666666666666657,3.6206896551724137,-19.5,8,2,interaction_mid,0.2305883593694106,0.26756177246818613
1527686,2026,10,1,0,-16.666666666666657,3.559322033898305,-26.625,9,1,interaction_mid,0.06501729583007802,0.08719519181752403
1527686,2026,10,2,0,-16.666666666666657,3.6206896551724137,-26.75,9,1,interaction_mid,0.06500546623436335,0.08718138581891503
1527686,2026,10,3,0,-16.666666666666657,3.578947368421052,-25.875,9,1,interaction_mid,0.06961067567414783,0.09252942048092198
1527686,2026,10,4,0,-16.666666666666657,3.2142857142857144,-22.0,9,1,interaction_mid,0.09146498857953513,0.1172668332892911
1527686,2026,10,5,0,-16.666666666666657,3.163636363636363,-21.125,9,1,interaction_mid,0.0951068023579192,0.12129876834263455
1527686,2026,10,6,0,-16.666666666666657,3.1111111111111107,-20.25,9,1,interaction_mid,0.0958383372094257,0.12210587339642583
1527687,2026,7,1,0,10.782608695652186,10.831168831168831,-3.249999999999986,0,10,interaction_mid,0.396507167982728,0.4084670474043086
1527687,2026,7,2,0,10.782608695652186,10.894736842105264,-4.0,0,10,interaction_mid,0.3980117445361686,0.40976986876718985
1527687,2026,7,3,0,10.782608695652186,10.96,-4.75,0,10,interaction_mid,0.40573754245753213,0.4164534928351607
1527687,2026,7,4,0,10.782608695652186,11.108108108108109,-6.5,0,10,interaction_mid,0.40174034540002607,0.412996765716002
1527687,2026,7,5,0,10.782608695652186,11.17808219178082,-7.250000000000014,0,10,interaction_mid,0.35202291703816446,0.3697318047271163
1527687,2026,7,6,0,10.782608695652186,11.25,-8.0,0,10,interaction_mid,0.34301747785392267,0.36182958469639365
1527687,2026,8,1,0,10.782608695652186,11.408450704225352,-22.17500000000001,1,9,interaction_mid,0.21135800225207949,0.23836675477756755
1527687,2026,8,2,0,10.782608695652186,11.485714285714286,-22.75,1,9,interaction_mid,0.23716615676994654,0.2628572198333784
1527687,2026,8,3,0,10.782608695652186,11.304347826086957,-20.325000000000003,1,9,interaction_mid,0.26251409684148275,0.28654241603452635
1527687,2026,8,4,0,10.782608695652186,10.941176470588236,-15.899999999999991,1,9,interaction_mid,0.3360119390574959,0.3536455480871108
1527687,2026,8,5,0,10.782608695652186,10.567164179104477,-11.474999999999994,1,9,interaction_mid,0.3997644514327077,0.41055482674686417
1527687,2026,8,6,0,10.782608695652186,10.363636363636363,-9.049999999999983,1,9,interaction_mid,0.4228235562667259,0.4309531533076143
1527687,2026,9,1,0,10.782608695652186,10.523076923076923,-10.624999999999986,1,9,interaction_mid,0.41597002152332135,0.43256969249479565
1527687,2026,9,2,0,10.782608695652186,10.6875,-12.200000000000003,1,9,interaction_mid,0.40019774861230656,0.41900242175644825
1527687,2026,9,3,0,10.782608695652186,10.857142857142858,-13.774999999999991,1,9,interaction_mid,0.3934499702719067,0.41318159051486897
1527687,2026,9,4,0,10.782608695652186,10.64516129032258,-11.34999999999998,1,9,interaction_mid,0.43591044450451544,0.44965611607113004
1527687,2026,9,5,0,10.782608695652186,10.819672131147541,-23.59999999999998,2,8,interaction_mid,0.25412061862372604,0.2894515238741034
1527687,2026,9,6,0,10.782608695652186,11.0,-35.5,3,7,interaction_mid,0.14898991957220495,0.1878783939309174
1527687,2026,10,1,0,10.782608695652186,10.576271186440678,-30.725000000000023,3,7,interaction_mid,0.22273634584337942,0.2523479030339363
1527687,2026,10,2,0,10.782608695652186,10.655172413793103,-30.94999999999999,3,7,interaction_mid,0.2241648958791636,0.2537349384952685
1527687,2026,10,3,0,10.782608695652186,10.736842105263158,-31.174999999999983,3,7,interaction_mid,0.20812963751826852,0.2380893081135276
1527687,2026,10,4,0,10.782608695652186,10.821428571428571,-31.400000000000006,3,7,interaction_mid,0.21647225910005682,0.24625041865274058
1527687,2026,10,5,0,10.782608695652186,10.8,-30.625,3,7,interaction_mid,0.20849562921684267,0.23844833350621764
1527687,2026,10,6,0,10.782608695652186,11.0,-31.850000000000023,3,7,interaction_mid,0.21293860858617364,0.24279939666126377
1527687,2026,11,1,0,10.782608695652186,11.09433962264151,-32.07500000000002,3,7,interaction_mid,0.21990269228408696,0.24699980968870863
1527687,2026,11,2,0,10.782608695652186,11.307692307692307,-33.30000000000001,3,7,interaction_mid,0.19721658281213805,0.22445575526124656
1527687,2026,11,3,0,10.782608695652186,11.411764705882351,-33.525000000000006,3,7,interaction_mid,0.1895524995831197,0.21676549610381968
1527687,2026,11,4,0,10.782608695652186,11.52,-33.74999999999997,3,7,interaction_mid,0.18564084339871473,0.21282499604570654
1527687,2026,11,5,0,10.782608695652186,11.63265306122449,-33.974999999999994,3,7,interaction_mid,0.17982113321263896,0.2069422793638493
1527687,2026,11,6,0,10.782608695652186,11.75,-34.19999999999999,3,7,interaction_mid,0.19116932583767088,0.21839114911001464
1527687,2026,11,7,0,10.782608695652186,11.872340425531915,-34.42500000000001,3,7,interaction_mid,0.1932262351836573,0.2204567124536987
1527687,2026,12,1,0,10.782608695652186,11.74468085106383,-33.42500000000001,3,7,interaction_mid,0.19565111932097995,0.22014792416029078
1527687,2026,12,2,0,10.782608695652186,11.478260869565219,-30.650000000000006,3,7,interaction_mid,0.21332585470623053,0.2376849358757613
1527687,2026,12,3,0,10.782608695652186,11.733333333333333,-31.875,3,7,interaction_mid,0.20578064997092227,0.2302206992331787
1527687,2026,12,4,0,10.782608695652186,11.727272727272727,-31.100000000000023,3,7,interaction_mid,0.22052053151801862,0.24477316007740915
1527687,2026,12,5,0,10.782608695652186,11.86046511627907,-31.325000000000017,3,7,interaction_mid,0.21348314449404687,0.23784019891840938
1527687,2026,12,6,0,10.782608695652186,11.571428571428571,-28.55000000000001,3,7,interaction_mid,0.26102753950266266,0.28420238550385607
1527687,2026,13,1,0,10.782608695652186,11.707317073170731,-28.775000000000006,3,7,interaction_mid,0.2355856288576949,0.24714913433499136
1527687,2026,13,2,0,10.782608695652186,11.850000000000001,-29.0,3,7,interaction_mid,0.2480947227053911,0.2593555832367211
1527687,2026,13,3,0,10.782608695652186,12.0,-29.224999999999994,3,7,interaction_mid,0.22977026267832432,0.2414600826975176
1527687,2026,13,4,0,10.782608695652186,12.315789473684212,-30.44999999999999,3,7,interaction_mid,0.22193797889601258,0.23378269524505144
1527687,2026,13,5,0,10.782608695652186,12.486486486486488,-30.67500000000001,3,7,interaction_mid,0.2182752887967783,0.2301862237495872
1527687,2026,13,6,0,10.782608695652186,12.833333333333332,-38.20000000000002,4,6,interaction_mid,0.12955987712200456,0.1415554383763375
1527687,2026,14,1,0,10.782608695652186,13.028571428571428,-38.25,4,6,interaction_mid,0.160517422167561,0.17104565950964787
1527687,2026,14,2,0,10.782608695652186,12.705882352941178,-35.30000000000001,4,6,interaction_mid,0.1816612939099245,0.19221100543605318
1527687,2026,14,3,0,10.782608695652186,12.909090909090908,-35.349999999999994,4,6,interaction_mid,0.1713189586051702,0.1818778014502678
1527687,2026,14,4,0,10.782608695652186,13.125,-35.400000000000006,4,6,interaction_mid,0.15009017493071206,0.16054703583776195
1527687,2026,14,5,0,10.782608695652186,13.354838709677418,-35.44999999999999,4,6,interaction_mid,0.15999262616858542,0.17051827928886085
1527687,2026,14,6,0,10.782608695652186,13.799999999999999,-36.5,4,6,interaction_mid,0.12914596324762348,0.13932188627324063
1527687,2026,14,7,0,10.782608695652186,14.275862068965518,-37.54999999999998,4,6,interaction_mid,0.11795692816168643,0.12789878107826375
1527687,2026,15,1,0,10.782608695652186,13.448275862068964,-33.54999999999998,4,6,interaction_mid,0.18190096882273188,0.19306489116192746
1527687,2026,15,2,0,10.782608695652186,13.714285714285714,-33.599999999999994,4,6,interaction_mid,0.17601710631702025,0.18716361386017027
1527687,2026,15,3,0,10.782608695652186,14.0,-33.650000000000006,4,6,interaction_mid,0.1591381121319823,0.17016771875013603
1527687,2026,15,4,0,10.782608695652186,13.384615384615385,-29.69999999999999,4,6,interaction_mid,0.21092951650643027,0.22202087313043609
1527687,2026,15,5,0,10.782608695652186,12.96,-26.75,4,6,interaction_mid,0.26552519213277115,0.27587983370829017
1527687,2026,15,6,0,10.782608695652186,13.25,-26.80000000000001,4,6,interaction_mid,0.2717500811419058,0.2819789317766493
1527687,2026,15,7,0,10.782608695652186,13.826086956521738,-27.849999999999994,4,6,interaction_mid,0.22328512029015737,0.23427288045514422
1527688,2026,7,1,1,-16.86956521739131,8.805194805194805,-19.086666666666645,2,8,interaction_mid,0.6901925817436678,0.6630628263855072
1527688,2026,7,2,1,-16.86956521739131,8.921052631578949,-20.293333333333322,2,8,interaction_mid,0.6915907755181674,0.6643161922812648
1527688,2026,7,3,1,-16.86956521739131,8.96,-20.5,2,8,interaction_mid,0.6945401398776317,0.6669627958818938
1527688,2026,7,4,1,-16.86956521739131,9.0,-20.70666666666665,2,8,interaction_mid,0.6911700727603385,0.6639389795848029
1527688,2026,7,5,1,-16.86956521739131,9.04109589041096,-20.913333333333355,2,8,interaction_mid,0.6815433768796343,0.655327556861116
1527688,2026,7,6,1,-16.86956521739131,9.166666666666666,-22.120000000000005,2,8,interaction_mid,0.6763203066087722,0.6506709081551464
1527688,2026,8,1,1,-16.86956521739131,9.211267605633802,-22.326666666666654,2,8,interaction_mid,0.6773734750224918,0.6564114557992272
1527688,2026,8,2,1,-16.86956521739131,9.342857142857143,-34.09166666666667,3,7,interaction_mid,0.49170282647945845,0.49158682822027383
1527688,2026,8,3,1,-16.86956521739131,9.391304347826088,-34.14750000000001,3,7,interaction_mid,0.5074315613560533,0.5054093833297003
1527688,2026,8,4,1,-16.86956521739131,9.441176470588236,-34.20333333333335,3,7,interaction_mid,0.5207090125605143,0.5170811033453812
1527688,2026,8,5,1,-16.86956521739131,9.492537313432836,-34.25916666666666,3,7,interaction_mid,0.5243994504513387,0.5203263281263714
1527688,2026,8,6,1,-16.86956521739131,9.09090909090909,-29.314999999999998,3,7,interaction_mid,0.6021131237579387,0.5889387924717232
1527688,2026,8,7,1,-16.86956521739131,9.138461538461538,-29.370833333333337,3,7,interaction_mid,0.6037895210604435,0.5904277389294187
1527688,2026,8,8,1,-16.86956521739131,9.1875,-29.426666666666677,3,7,interaction_mid,0.6028232096509349,0.5895694167923504
1527688,2026,9,1,1,-16.86956521739131,9.046153846153846,-28.370833333333337,3,7,interaction_mid,0.6180299831609006,0.6049028967336748
1527688,2026,9,2,1,-16.86956521739131,9.1875,-29.426666666666677,3,7,interaction_mid,0.6124422397829462,0.6000986441549334
1527688,2026,9,3,1,-16.86956521739131,9.333333333333334,-30.482500000000016,3,7,interaction_mid,0.5906140265946579,0.581386912113574
1527688,2026,9,4,1,-16.86956521739131,9.387096774193548,-30.538333333333327,3,7,interaction_mid,0.5844330076450546,0.5761024625613911
1527688,2026,9,5,1,-16.86956521739131,9.540983606557377,-31.59416666666668,3,7,interaction_mid,0.5855004945223169,0.5770147152724113
1527688,2026,9,6,1,-16.86956521739131,9.7,-32.650000000000006,3,7,interaction_mid,0.592032243428297,0.5826002138609762
1527688,2026,10,1,1,-16.86956521739131,9.864406779661017,-33.705833333333345,3,7,interaction_mid,0.5842412162067374,0.5820359174885932
1527688,2026,10,2,1,-16.86956521739131,10.034482758620689,-34.761666666666656,3,7,interaction_mid,0.5778545569335913,0.5763360947561408
1527688,2026,10,3,1,-16.86956521739131,10.105263157894736,-34.817499999999995,3,7,interaction_mid,0.5777262284196877,0.5762215983531157
1527688,2026,10,4,1,-16.86956521739131,10.071428571428571,-33.873333333333335,3,7,interaction_mid,0.582152186249693,0.5801711997604859
1527688,2026,10,5,1,-16.86956521739131,10.254545454545454,-34.929166666666674,3,7,interaction_mid,0.5735373018594805,0.5724848107505318
1527688,2026,10,6,1,-16.86956521739131,10.444444444444445,-35.985000000000014,3,7,interaction_mid,0.5657052924787679,0.56550113996548
1527688,2026,10,7,1,-16.86956521739131,10.415094339622641,-35.04083333333335,3,7,interaction_mid,0.573344338619984,0.5723127037215937
1527688,2026,11,1,1,-16.86956521739131,10.415094339622641,-35.04083333333335,3,7,interaction_mid,0.5710243354939355,0.5740326571876875
1527688,2026,11,2,1,-16.86956521739131,10.153846153846153,-32.096666666666664,3,7,interaction_mid,0.6044700028051568,0.6044467376549361
1527688,2026,11,3,1,-16.86956521739131,10.235294117647058,-32.1525,3,7,interaction_mid,0.6005430431861147,0.6008725557666246
1527688,2026,11,4,1,-16.86956521739131,10.44,-40.75,4,6,interaction_mid,0.48977396903904163,0.5001785378677432
1527688,2026,11,5,1,-16.86956521739131,10.653061224489797,-41.655,4,6,interaction_mid,0.49164858099247977,0.5018855485872566
1527688,2026,11,6,1,-16.86956521739131,10.75,-41.56,4,6,interaction_mid,0.487901159969122,0.49847290315191556
1527688,2026,12,1,1,-16.86956521739131,10.851063829787234,-41.465,4,6,interaction_mid,0.4716241599051007,0.480972683881388
1527688,2026,12,2,1,-16.86956521739131,11.08695652173913,-42.370000000000005,4,6,interaction_mid,0.4712711652383918,0.4806493617900088
1527688,2026,12,3,1,-16.86956521739131,10.8,-39.275000000000006,4,6,interaction_mid,0.5056782010078377,0.5121248620720129
1527688,2026,12,4,1,-16.86956521739131,10.909090909090908,-39.18000000000001,4,6,interaction_mid,0.5059410405666089,0.5123650646458864
1527688,2026,12,5,1,-16.86956521739131,11.023255813953488,-39.08500000000001,4,6,interaction_mid,0.5009371900711305,0.5077916791009459
1527688,2026,12,6,1,-16.86956521739131,11.142857142857142,-38.99000000000001,4,6,interaction_mid,0.4885636422709278,0.49647740534015844
1527688,2026,12,7,1,-16.86956521739131,11.414634146341463,-46.07916666666665,5,5,interaction_mid,0.37358439476696287,0.39059002903752627
1527688,2026,12,8,1,-16.86956521739131,11.7,-46.83333333333334,5,5,interaction_mid,0.35374010302670933,0.37209224132229657
1527688,2026,13,1,1,-16.86956521739131,10.829268292682928,-42.07916666666665,5,5,interaction_mid,0.4423735921437254,0.4453732959299022
1527688,2026,13,2,1,-16.86956521739131,10.5,-38.83333333333334,5,5,interaction_mid,0.48782329578177674,0.48839527707745
1527688,2026,13,3,1,-16.86956521739131,10.76923076923077,-39.587500000000006,5,5,interaction_mid,0.48005346605138466,0.4810438817054943
1527688,2026,13,4,1,-16.86956521739131,10.736842105263158,-38.34166666666667,5,5,interaction_mid,0.4893592702879185,0.4898484569519788
1527688,2026,13,5,1,-16.86956521739131,10.378378378378379,-35.09583333333333,5,5,interaction_mid,0.5310998428612789,0.5293415930536173
1527688,2026,13,6,1,-16.86956521739131,10.5,-34.849999999999994,5,5,interaction_mid,0.5269070348361662,0.5253735014197229
1527688,2026,14,1,1,-16.86956521739131,10.8,-35.60416666666666,5,5,interaction_mid,0.5192171230173593,0.5187572293544133
1527688,2026,14,2,1,-16.86956521739131,11.117647058823529,-36.35833333333335,5,5,interaction_mid,0.510228581716244,0.5101733239690949
1527688,2026,14,3,1,-16.86956521739131,10.363636363636363,-31.11250000000001,5,5,interaction_mid,0.5827590908545214,0.579490302811941
1527688,2026,14,4,1,-16.86956521739131,10.6875,-36.69333333333333,6,4,interaction_mid,0.38877160072973144,0.39401333388100274
1527688,2026,14,5,1,-16.86956521739131,10.838709677419354,-36.29666666666665,6,4,interaction_mid,0.3958034459085529,0.4007586281908053
1527688,2026,14,6,1,-16.86956521739131,11.0,-35.900000000000006,6,4,interaction_mid,0.3959351997319056,0.4008849764972823
1527688,2026,15,1,1,-16.86956521739131,11.379310344827587,-36.50333333333333,6,4,interaction_mid,0.3608573582002703,0.36858000742660724
1527688,2026,15,2,1,-16.86956521739131,11.785714285714285,-37.106666666666655,6,4,interaction_mid,0.3492762315616532,0.35738752544269414
1527688,2026,15,3,1,-16.86956521739131,12.222222222222223,-37.71000000000001,6,4,interaction_mid,0.3088006451596994,0.31813415246649235
1527688,2026,15,4,1,-16.86956521739131,12.461538461538463,-37.31333333333333,6,4,interaction_mid,0.27881432245685106,0.28889133921096527
1527688,2026,15,5,1,-16.86956521739131,12.96,-37.91666666666666,6,4,interaction_mid,0.23831109378262932,0.2491205285780419
1527688,2026,15,6,1,-16.86956521739131,13.5,-42.139999999999986,7,3,interaction_mid,0.09504715371501984,0.1045149845327967
1527689,2026,7,1,1,36.71428571428572,6.779220779220779,30.0775,1,9,interaction_mid,0.9610303076661859,0.9392897110302141
1527689,2026,7,2,1,36.71428571428572,6.789473684210526,29.569999999999993,1,9,interaction_mid,0.9630200796213613,0.941900087405554
1527689,2026,7,3,1,36.71428571428572,6.880000000000001,28.0625,1,9,interaction_mid,0.9665325872980735,0.9465691955905449
1527689,2026,7,4,1,36.71428571428572,6.486486486486487,32.55500000000001,1,9,interaction_mid,0.9690117574875536,0.9499156504440359
1527689,2026,7,5,1,36.71428571428572,6.082191780821918,37.0475,1,9,interaction_mid,0.9732510689614857,0.9557476297370485
1527689,2026,7,6,1,36.71428571428572,6.083333333333333,36.540000000000006,1,9,interaction_mid,0.9753795963697256,0.9587340772638006
1527689,2026,8,1,1,36.71428571428572,6.169014084507042,23.140000000000015,2,8,interaction_mid,0.9666306918028261,0.9504386106104872
1527689,2026,8,2,1,36.71428571428572,6.257142857142858,10.075000000000003,3,7,interaction_mid,0.9257270850249844,0.9013733831977715
1527689,2026,8,3,1,36.71428571428572,6.260869565217391,9.90249999999999,3,7,interaction_mid,0.9327437813347239,0.9094076464067479
1527689,2026,8,4,1,36.71428571428572,6.264705882352942,9.72999999999999,3,7,interaction_mid,0.9381357221087827,0.9156706978652821
1527689,2026,8,5,1,36.71428571428572,6.35820895522388,8.557500000000005,3,7,interaction_mid,0.9454357726051075,0.9242878755709396
1527689,2026,8,6,1,36.71428571428572,6.363636363636363,8.385000000000005,3,7,interaction_mid,0.9499980746697541,0.92976270493763
1527689,2026,9,1,1,36.71428571428572,6.36923076923077,8.212499999999991,3,7,interaction_mid,0.9548936766499512,0.9315765956638452
1527689,2026,9,2,1,36.71428571428572,6.46875,7.039999999999992,3,7,interaction_mid,0.9628642714942701,0.941776021099511
1527689,2026,9,3,1,36.71428571428572,6.476190476190476,6.867499999999993,3,7,interaction_mid,0.9632777197586869,0.9423153878258924
1527689,2026,9,4,1,36.71428571428572,6.580645161290322,-4.689999999999998,4,6,interaction_mid,0.8740347748096099,0.8406689893232432
1527689,2026,9,5,1,36.71428571428572,6.491803278688526,-3.6950000000000216,4,6,interaction_mid,0.8735486790061637,0.840166605273393
1527689,2026,9,6,1,36.71428571428572,6.5,-3.6999999999999886,4,6,interaction_mid,0.8800462248569871,0.8469134479189828
1527689,2026,10,1,1,36.71428571428572,6.40677966101695,-2.7050000000000125,4,6,interaction_mid,0.8987378832417903,0.8780379804730318
1527689,2026,10,2,1,36.71428571428572,6.517241379310345,-3.7099999999999795,4,6,interaction_mid,0.9048477986641954,0.8844735452083218
1527689,2026,10,3,1,36.71428571428572,6.631578947368421,-4.715000000000003,4,6,interaction_mid,0.9105266322565526,0.8905061164724267
1527689,2026,10,4,1,36.71428571428572,6.642857142857143,-4.719999999999999,4,6,interaction_mid,0.9223728874326667,0.9032648070360514
1527689,2026,10,5,1,36.71428571428572,6.763636363636364,-5.725000000000023,4,6,interaction_mid,0.9049987324247033,0.8846332286668257
1527689,2026,10,6,1,36.71428571428572,6.777777777777777,-5.72999999999999,4,6,interaction_mid,0.906935034282791,0.8866848919826956
1527689,2026,11,1,1,36.71428571428572,6.7924528301886795,-5.735000000000014,4,6,interaction_mid,0.9069208511644726,0.891901213726459
1527689,2026,11,2,1,36.71428571428572,6.9230769230769225,-6.740000000000009,4,6,interaction_mid,0.902783442662638,0.8876101133410538
1527689,2026,11,3,1,36.71428571428572,7.0588235294117645,-7.7450000000000045,4,6,interaction_mid,0.8864184863743332,0.8708263152043282
1527689,2026,11,4,1,36.71428571428572,6.959999999999999,-6.75,4,6,interaction_mid,0.9145316401601613,0.8998507912602398
1527689,2026,11,5,1,36.71428571428572,7.1020408163265305,-7.7549999999999955,4,6,interaction_mid,0.8938382553565118,0.8784003573590108
1527689,2026,11,6,1,36.71428571428572,7.125,-7.759999999999991,4,6,interaction_mid,0.8995228065191125,0.8842426104970448
1527689,2026,12,1,1,36.71428571428572,6.76595744680851,-4.765000000000015,4,6,interaction_mid,0.9481590130587876,0.9361363122314472
1527689,2026,12,2,1,36.71428571428572,6.782608695652174,-4.77000000000001,4,6,interaction_mid,0.9481533972346396,0.9361300671438717
1527689,2026,12,3,1,36.71428571428572,6.666666666666667,-3.7750000000000057,4,6,interaction_mid,0.9513863664426256,0.939737215012277
1527689,2026,12,4,1,36.71428571428572,6.681818181818182,-3.780000000000001,4,6,interaction_mid,0.9543036612830587,0.9430135457411547
1527689,2026,12,5,1,36.71428571428572,6.837209302325581,-4.784999999999997,4,6,interaction_mid,0.9472819625766666,0.9351618358587381
1527689,2026,12,6,1,36.71428571428572,6.857142857142857,-4.7900000000000205,4,6,interaction_mid,0.9478505876440815,0.9357934313442228
1527689,2026,13,1,1,36.71428571428572,6.878048780487804,-4.795000000000016,4,6,interaction_mid,0.9490978224721367,0.9408905019719168
1527689,2026,13,2,1,36.71428571428572,6.449999999999999,-1.8000000000000114,4,6,interaction_mid,0.9683846444467212,0.962204481054786
1527689,2026,13,3,1,36.71428571428572,6.461538461538462,-1.8049999999999784,4,6,interaction_mid,0.9675441073053035,0.961260712730442
1527689,2026,13,4,1,36.71428571428572,6.473684210526316,-1.8100000000000023,4,6,interaction_mid,0.9664816890401127,0.9600700593178632
1527689,2026,13,5,1,36.71428571428572,6.486486486486487,-1.8149999999999977,4,6,interaction_mid,0.9657598576532127,0.9592624968711626
1527689,2026,13,6,1,36.71428571428572,6.5,-1.8200000000000216,4,6,interaction_mid,0.965618890452679,0.959104916475041
1527689,2026,14,1,1,36.71428571428572,6.514285714285714,-1.8249999999999886,4,6,interaction_mid,0.9654330028941172,0.960124645073176
1527689,2026,14,2,1,36.71428571428572,6.0,1.1699999999999875,4,6,interaction_mid,0.9781725974095996,0.9742402998365972
1527689,2026,14,3,1,36.71428571428572,6.0,1.1650000000000205,4,6,interaction_mid,0.9786500712499308,0.974776550547939
1527689,2026,14,4,1,36.71428571428572,5.4375,4.159999999999997,4,6,interaction_mid,0.9814195652491042,0.9778996396963228
1527689,2026,14,5,1,36.71428571428572,5.419354838709677,4.155000000000001,4,6,interaction_mid,0.9811159706560708,0.9775561778590868
1527689,2026,14,6,1,36.71428571428572,5.4,4.150000000000006,4,6,interaction_mid,0.9812565402914639,0.9777151713898962
1527689,2026,14,7,1,36.71428571428572,5.379310344827586,4.14500000000001,4,6,interaction_mid,0.9821276589227655,0.9787018401335382
1527689,2026,14,8,1,36.71428571428572,5.357142857142858,4.140000000000015,4,6,interaction_mid,0.9826665097572919,0.9793133868159853
1527689,2026,15,1,1,36.71428571428572,4.9655172413793105,6.14500000000001,4,6,interaction_mid,0.9882116828782325,0.9859034312911141
1527689,2026,15,2,1,36.71428571428572,4.928571428571429,6.140000000000015,4,6,interaction_mid,0.9881380959068357,0.9858194189229256
1527689,2026,15,3,1,36.71428571428572,4.888888888888888,6.134999999999991,4,6,interaction_mid,0.9884498289070106,0.9861754857817435
1527689,2026,15,4,1,36.71428571428572,4.846153846153847,6.1299999999999955,4,6,interaction_mid,0.9889327047575688,0.9867279279418326
1527689,2026,15,5,1,36.71428571428572,4.5600000000000005,7.125,4,6,interaction_mid,0.9897140293269707,0.9876242238098554
1527689,2026,15,6,1,36.71428571428572,4.5,7.1200000000000045,4,6,interaction_mid,0.989920689875953,0.9878618151362568
1527690,2026,7,1,1,24.0,9.194805194805195,9.472499999999997,1,9,interaction_mid,0.7319494421206558,0.7008869557867937
1527690,2026,7,2,1,24.0,9.236842105263158,8.829999999999984,1,9,interaction_mid,0.7326944517214065,0.7015698784772099
1527690,2026,7,3,1,24.0,9.36,7.1875,1,9,interaction_mid,0.7150007660073422,0.685431408247485
1527690,2026,7,4,1,24.0,9.405405405405405,6.545000000000016,1,9,interaction_mid,0.7091455017443721,0.6801260910370425
1527690,2026,7,5,1,24.0,9.45205479452055,5.902500000000003,1,9,interaction_mid,0.7093631596536769,0.6803230076007697
1527690,2026,7,6,1,24.0,9.5,5.260000000000005,1,9,interaction_mid,0.707738678333534,0.6788538749026861
1527690,2026,7,7,1,24.0,9.549295774647888,4.617499999999993,1,9,interaction_mid,0.6639028512685783,0.6396413447341643
1527690,2026,7,8,1,24.0,9.514285714285714,4.9750000000000085,1,9,interaction_mid,0.6824804897591839,0.6561641793425351
1527690,2026,8,1,1,24.0,9.295774647887324,7.617499999999993,1,9,interaction_mid,0.743491069109588,0.7172225367994076
1527690,2026,8,2,1,24.0,9.342857142857143,6.9750000000000085,1,9,interaction_mid,0.7342800429304389,0.7086356528895064
1527690,2026,8,3,1,24.0,9.391304347826088,6.332499999999996,1,9,interaction_mid,0.7430685076022758,0.7168276707303793
1527690,2026,8,4,1,24.0,9.441176470588236,5.689999999999998,1,9,interaction_mid,0.731404006964222,0.7059630547628402
1527690,2026,8,5,1,24.0,9.223880597014926,8.047500000000014,1,9,interaction_mid,0.7823693516790617,0.7539816114129182
1527690,2026,8,6,1,24.0,9.363636363636363,-5.639999999999986,2,8,interaction_mid,0.6086533321849954,0.5947505938525948
1527690,2026,8,7,1,24.0,9.415384615384616,-6.099999999999994,2,8,interaction_mid,0.5358424635685208,0.530393213513465
1527690,2026,9,1,1,24.0,9.415384615384616,-6.099999999999994,2,8,interaction_mid,0.5416707139398411,0.5396628235585506
1527690,2026,9,2,1,24.0,9.46875,-6.559999999999988,2,8,interaction_mid,0.5368161031356591,0.5355351430299936
1527690,2026,9,3,1,24.0,9.523809523809524,-7.019999999999996,2,8,interaction_mid,0.5249492569404521,0.5254492875946986
1527690,2026,9,4,1,24.0,9.580645161290322,-7.47999999999999,2,8,interaction_mid,0.5242863249503356,0.5248859727664963
1527690,2026,9,5,1,24.0,9.639344262295083,-7.939999999999998,2,8,interaction_mid,0.5116147552613699,0.5141196938864006
1527690,2026,9,6,1,24.0,9.600000000000001,-7.400000000000006,2,8,interaction_mid,0.5362497981909708,0.53505371034865
1527690,2026,10,1,1,24.0,9.35593220338983,-4.860000000000014,2,8,interaction_mid,0.6459335089842753,0.6373278724610663
1527690,2026,10,2,1,24.0,9.517241379310345,-16.905,3,7,interaction_mid,0.3964530914232762,0.4141775821755011
1527690,2026,10,3,1,24.0,9.578947368421053,-17.182500000000005,3,7,interaction_mid,0.3854954932072133,0.4042607411109412
1527690,2026,10,4,1,24.0,9.642857142857142,-17.460000000000008,3,7,interaction_mid,0.3844886955779814,0.4033482600715367
1527690,2026,10,5,1,24.0,9.818181818181818,-18.73750000000001,3,7,interaction_mid,0.38442877573887335,0.40329394634030175
1527690,2026,10,6,1,24.0,9.333333333333334,-14.015000000000015,3,7,interaction_mid,0.44820160472233617,0.4607156110000862
1527690,2026,11,1,1,24.0,9.39622641509434,-14.292500000000018,3,7,interaction_mid,0.44559244782928337,0.45985186572445547
1527690,2026,11,2,1,24.0,9.461538461538462,-14.569999999999993,3,7,interaction_mid,0.44457901654954574,0.45892425272775406
1527690,2026,11,3,1,24.0,9.529411764705882,-14.847499999999997,3,7,interaction_mid,0.4419093402702285,0.4564799862681891
1527690,2026,11,4,1,24.0,9.600000000000001,-15.124999999999972,3,7,interaction_mid,0.4505808981920802,0.464415934323658
1527690,2026,11,5,1,24.0,9.061224489795919,-10.402499999999975,3,7,interaction_mid,0.5110125384478941,0.519504676313038
1527690,2026,11,6,1,24.0,8.75,-7.680000000000007,3,7,interaction_mid,0.6391335774890279,0.6360537558055667
1527690,2026,12,1,1,24.0,8.936170212765957,-8.95750000000001,3,7,interaction_mid,0.5708770606360399,0.5716805002685598
1527690,2026,12,2,1,24.0,9.0,-9.235000000000014,3,7,interaction_mid,0.5453190008824316,0.548333240648809
1527690,2026,12,3,1,24.0,9.200000000000001,-10.512500000000017,3,7,interaction_mid,0.5274419885815139,0.5320070636745117
1527690,2026,12,4,1,24.0,9.272727272727273,-10.79000000000002,3,7,interaction_mid,0.5243416204264089,0.5291754126235662
1527690,2026,12,5,1,24.0,9.348837209302326,-11.067500000000024,3,7,interaction_mid,0.5165220132366499,0.5220327409059468
1527690,2026,12,6,1,24.0,9.428571428571429,-11.344999999999999,3,7,interaction_mid,0.5020061844473981,0.5087688014049906
1527690,2026,13,1,1,24.0,9.658536585365855,-12.622500000000002,3,7,interaction_mid,0.4988773560463368,0.49885318141830254
1527690,2026,13,2,1,24.0,9.3,-9.900000000000006,3,7,interaction_mid,0.5455321609818538,0.5430041835789918
1527690,2026,13,3,1,24.0,9.384615384615385,-10.17749999999998,3,7,interaction_mid,0.52572311409172,0.5242531064079844
1527690,2026,13,4,1,24.0,9.631578947368421,-11.454999999999984,3,7,interaction_mid,0.5095422386652021,0.5089428518330333
1527690,2026,13,5,1,24.0,9.72972972972973,-11.732500000000016,3,7,interaction_mid,0.5058782563451563,0.5054764306463969
1527690,2026,13,6,1,24.0,9.833333333333332,-12.01000000000002,3,7,interaction_mid,0.5022644341261335,0.5020575345234195
1527690,2026,14,1,1,24.0,9.942857142857143,-12.287500000000023,3,7,interaction_mid,0.49464540711884086,0.4952921232925169
1527690,2026,14,2,1,24.0,10.058823529411764,-12.565000000000026,3,7,interaction_mid,0.4905575909826837,0.4913882904980025
1527690,2026,14,3,1,24.0,10.363636363636363,-13.842500000000001,3,7,interaction_mid,0.4770472143943593,0.4784846264444009
1527690,2026,14,4,1,24.0,9.5625,-9.120000000000005,3,7,interaction_mid,0.5417299388524961,0.540261211466178
1527690,2026,14,5,1,24.0,9.096774193548388,-6.3974999999999795,3,7,interaction_mid,0.6846806128207987,0.6774461663411434
1527690,2026,14,6,1,24.0,8.2,-1.674999999999983,3,7,interaction_mid,0.8804594536382546,0.8708459729424792
1527690,2026,15,1,1,24.0,8.482758620689655,-2.9524999999999864,3,7,interaction_mid,0.864468212141436,0.8559731333130466
1527690,2026,15,2,1,24.0,8.571428571428571,-3.2299999999999898,3,7,interaction_mid,0.8583155151319193,0.8497843506465701
1527690,2026,15,3,1,24.0,8.666666666666666,-3.507499999999993,3,7,interaction_mid,0.8619116338551401,0.8533997260602479
1527690,2026,15,4,1,24.0,8.076923076923077,-0.785000000000025,3,7,interaction_mid,0.879608854176056,0.8712701475565514
1527690,2026,15,5,1,24.0,6.959999999999999,3.9375,3,7,interaction_mid,0.9212271552662903,0.913919927951047
1527690,2026,15,6,1,24.0,7.25,2.6599999999999966,3,7,interaction_mid,0.8936255153819256,0.8855264059321015
1527690,2026,15,7,1,24.0,6.0,7.382499999999993,3,7,interaction_mid,0.928615453044527,0.921606172170251
1527691,2026,7,1,0,46.176470588235304,10.909090909090908,-43.77666666666666,3,7,interaction_mid,0.3065398181072768,0.32955238565925804
1527691,2026,7,2,0,46.176470588235304,11.052631578947368,-45.01333333333332,3,7,interaction_mid,0.2966343919596043,0.3207020781728484
1527691,2026,7,3,0,46.176470588235304,11.12,-45.25,3,7,interaction_mid,0.29317944711534905,0.3176054750765152
1527691,2026,7,4,0,46.176470588235304,11.18918918918919,-45.48666666666668,3,7,interaction_mid,0.288030418544322,0.3129807945769889
1527691,2026,7,5,0,46.176470588235304,11.26027397260274,-45.72333333333334,3,7,interaction_mid,0.28919200312078897,0.3140251220408402
1527691,2026,7,6,0,46.176470588235304,11.416666666666666,-46.96000000000001,3,7,interaction_mid,0.2944425053491526,0.3187381279265307
1527691,2026,7,7,0,46.176470588235304,11.577464788732396,-60.74000000000001,4,6,interaction_mid,0.11282443294303374,0.14445587798692663
1527691,2026,8,1,0,46.176470588235304,11.492957746478872,-59.74000000000001,4,6,interaction_mid,0.11582078428636451,0.14298087143755675
1527691,2026,8,2,0,46.176470588235304,11.571428571428571,-59.79999999999998,4,6,interaction_mid,0.12778059213179555,0.15545772140912298
1527691,2026,8,3,0,46.176470588235304,11.652173913043478,-59.860000000000014,4,6,interaction_mid,0.12997750405346511,0.1577289185858322
1527691,2026,8,4,0,46.176470588235304,11.735294117647058,-59.920000000000016,4,6,interaction_mid,0.13909263486426615,0.16708840936867173
1527691,2026,8,5,0,46.176470588235304,11.82089552238806,-59.98000000000002,4,6,interaction_mid,0.1503102867045777,0.17847449558167705
1527691,2026,8,6,0,46.176470588235304,11.90909090909091,-60.03999999999999,4,6,interaction_mid,0.15142465992024537,0.1795981042977007
1527691,2026,9,1,0,46.176470588235304,12.092307692307692,-61.10000000000002,4,6,interaction_mid,0.16483949792596536,0.20392088630120866
1527691,2026,9,2,0,46.176470588235304,12.1875,-61.16,4,6,interaction_mid,0.16850920785667545,0.20759023744580307
1527691,2026,9,3,0,46.176470588235304,12.285714285714285,-61.22,4,6,interaction_mid,0.18422935180952088,0.2231340592312587
1527691,2026,9,4,0,46.176470588235304,12.483870967741936,-62.28,4,6,interaction_mid,0.17175239626405758,0.21081984344272178
1527691,2026,9,5,0,46.176470588235304,12.098360655737704,-57.34,4,6,interaction_mid,0.26903862058400946,0.3031376315366346
1527691,2026,9,6,0,46.176470588235304,12.2,-57.39999999999998,4,6,interaction_mid,0.2787105102416721,0.3119397115016622
1527691,2026,10,1,0,46.176470588235304,12.406779661016948,-58.46000000000001,4,6,interaction_mid,0.2764796370096038,0.3037305915528801
1527691,2026,10,2,0,46.176470588235304,12.620689655172413,-59.51999999999998,4,6,interaction_mid,0.26553640145155977,0.29339036344727853
1527691,2026,10,3,0,46.176470588235304,12.736842105263158,-59.58000000000001,4,6,interaction_mid,0.2661837225189134,0.2940036065386089
1527691,2026,10,4,0,46.176470588235304,12.75,-58.639999999999986,4,6,interaction_mid,0.2706153905276932,0.2981965331816123
1527691,2026,10,5,0,46.176470588235304,12.872727272727273,-58.70000000000002,4,6,interaction_mid,0.2940325254349175,0.3202032483953486
1527691,2026,10,6,0,46.176470588235304,12.444444444444443,-53.75999999999999,4,6,interaction_mid,0.3351471898928925,0.358313381431416
1527691,2026,10,7,0,46.176470588235304,12.566037735849058,-53.82000000000002,4,6,interaction_mid,0.3293850020737976,0.3530081434407764
1527691,2026,10,8,0,46.176470588235304,12.346153846153845,-50.879999999999995,4,6,interaction_mid,0.3625926088066561,0.38344390255397903
1527691,2026,11,1,0,46.176470588235304,12.0,-48.82000000000002,4,6,interaction_mid,0.3873119135358516,0.40624129970363504
1527691,2026,11,2,0,46.176470588235304,12.115384615384615,-48.879999999999995,4,6,interaction_mid,0.3805389089951141,0.3999694453257528
1527691,2026,11,3,0,46.176470588235304,12.235294117647058,-48.94,4,6,interaction_mid,0.37874703910281116,0.3983084652939135
1527691,2026,11,4,0,46.176470588235304,12.24,-48.0,4,6,interaction_mid,0.38768407047383846,0.4065856321910385
1527691,2026,11,5,0,46.176470588235304,11.755102040816325,-43.06,4,6,interaction_mid,0.42143202154879134,0.4376972473798312
1527691,2026,11,6,0,46.176470588235304,11.75,-42.120000000000005,4,6,interaction_mid,0.4235247034768061,0.4396197239036973
1527691,2026,11,7,0,46.176470588235304,11.74468085106383,-41.18000000000001,4,6,interaction_mid,0.44228372536713056,0.45682281913635975
1527691,2026,12,1,0,46.176470588235304,11.74468085106383,-41.18000000000001,4,6,interaction_mid,0.4340096160313856,0.4464525183980834
1527691,2026,12,2,0,46.176470588235304,12.0,-50.366666666666674,5,5,interaction_mid,0.30515542020911235,0.32637957605417545
1527691,2026,12,3,0,46.176470588235304,12.133333333333333,-50.25,5,5,interaction_mid,0.2942389246179302,0.31601084839480437
1527691,2026,12,4,0,46.176470588235304,12.272727272727273,-50.133333333333326,5,5,interaction_mid,0.30222090705673316,0.32359619574016896
1527691,2026,12,5,0,46.176470588235304,11.720930232558139,-45.01666666666665,5,5,interaction_mid,0.39648695622139807,0.4118365830833409
1527691,2026,12,6,0,46.176470588235304,11.857142857142858,-44.89999999999998,5,5,interaction_mid,0.3647907180639125,0.38240391235372573
1527691,2026,13,1,0,46.176470588235304,12.0,-44.78333333333333,5,5,interaction_mid,0.3587291576322358,0.3658910074593794
1527691,2026,13,2,0,46.176470588235304,12.0,-43.666666666666686,5,5,interaction_mid,0.3949259845961742,0.4003578893443314
1527691,2026,13,3,0,46.176470588235304,11.692307692307692,-40.55000000000001,5,5,interaction_mid,0.4304312652383393,0.4340563265472169
1527691,2026,13,4,0,46.176470588235304,11.842105263157894,-40.43333333333334,5,5,interaction_mid,0.41185678586566393,0.41643822433636946
1527691,2026,13,5,0,46.176470588235304,12.162162162162163,-41.31666666666666,5,5,interaction_mid,0.37985890687430784,0.38602705825250816
1527691,2026,13,6,0,46.176470588235304,12.5,-42.19999999999999,5,5,interaction_mid,0.3676137043547175,0.3743637059879729
1527691,2026,14,1,0,46.176470588235304,12.685714285714287,-42.083333333333314,5,5,interaction_mid,0.34587780575363214,0.3527709001914039
1527691,2026,14,2,0,46.176470588235304,12.352941176470587,-38.96666666666667,5,5,interaction_mid,0.40336134825972375,0.4080043815537614
1527691,2026,14,3,0,46.176470588235304,12.727272727272727,-39.85000000000002,5,5,interaction_mid,0.388597403258146,0.3938461853498498
1527691,2026,14,4,0,46.176470588235304,12.0,-34.73333333333335,5,5,interaction_mid,0.4658750109892224,0.46781166601509616
1527691,2026,14,5,0,46.176470588235304,12.387096774193548,-41.093333333333334,6,4,interaction_mid,0.2554259524487859,0.2650153823671439
1527691,2026,14,6,0,46.176470588235304,12.0,-37.80000000000001,6,4,interaction_mid,0.28465050400210706,0.29351466667614784
1527691,2026,15,1,0,46.176470588235304,12.413793103448278,-38.50666666666666,6,4,interaction_mid,0.2877888038569055,0.2976595838883643
1527691,2026,15,2,0,46.176470588235304,12.857142857142858,-39.21333333333331,6,4,interaction_mid,0.27674064718791247,0.28686321393896597
1527691,2026,15,3,0,46.176470588235304,13.11111111111111,-38.920000000000016,6,4,interaction_mid,0.27738651045417406,0.2874949766600348
1527691,2026,15,4,0,46.176470588235304,13.615384615384615,-44.22,7,3,interaction_mid,0.09594727414416732,0.10545214150706679
1527691,2026,15,5,0,46.176470588235304,13.919999999999998,-43.75,7,3,interaction_mid,0.09400691122334762,0.10343129371329436
1527691,2026,15,6,0,46.176470588235304,14.25,-43.28,7,3,interaction_mid,0.08825682858477962,0.09742820592880588
1527692,2026,7,1,1,-12.090909090909093,7.870129870129871,-5.289999999999992,1,9,interaction_mid,0.8199865495415911,0.7842179050378949
1527692,2026,7,2,1,-12.090909090909093,7.894736842105264,-5.52000000000001,1,9,interaction_mid,0.8161182458913494,0.7804219019765889
1527692,2026,7,3,1,-12.090909090909093,7.92,-5.75,1,9,interaction_mid,0.8072830398529554,0.7718065582056302
1527692,2026,7,4,1,-12.090909090909093,7.945945945945946,-5.97999999999999,1,9,interaction_mid,0.8088432940067731,0.7733225990837009
1527692,2026,7,5,1,-12.090909090909093,7.972602739726027,-6.210000000000008,1,9,interaction_mid,0.7997889877984493,0.7645558345985337
1527692,2026,7,6,1,-12.090909090909093,8.0,-6.439999999999998,1,9,interaction_mid,0.8032547046586577,0.7679027336218911
1527692,2026,8,1,1,-12.090909090909093,7.774647887323944,-3.6700000000000017,1,9,interaction_mid,0.8351482928606189,0.8055611102503611
1527692,2026,8,2,1,-12.090909090909093,7.800000000000001,-3.8999999999999915,1,9,interaction_mid,0.8367169075305289,0.8071306115458475
1527692,2026,8,3,1,-12.090909090909093,7.565217391304348,-1.1300000000000097,1,9,interaction_mid,0.8574769125035824,0.828141248673374
1527692,2026,8,4,1,-12.090909090909093,7.6764705882352935,-2.3599999999999994,1,9,interaction_mid,0.8492385739293427,0.8197482732790529
1527692,2026,8,5,1,-12.090909090909093,7.791044776119403,-3.589999999999989,1,9,interaction_mid,0.8434096260595819,0.8138545509752253
1527692,2026,8,6,1,-12.090909090909093,7.909090909090908,-4.819999999999979,1,9,interaction_mid,0.8330549909756261,0.8034703289041963
1527692,2026,9,1,1,-12.090909090909093,8.03076923076923,-6.049999999999997,1,9,interaction_mid,0.8215877227854607,0.7883167409165533
1527692,2026,9,2,1,-12.090909090909093,8.0625,-6.280000000000001,1,9,interaction_mid,0.8153537722829269,0.7823048963356182
1527692,2026,9,3,1,-12.090909090909093,8.0,-5.509999999999991,1,9,interaction_mid,0.8313870525552478,0.7978471111175898
1527692,2026,9,4,1,-12.090909090909093,8.129032258064516,-6.739999999999981,1,9,interaction_mid,0.8197599209414339,0.7865500740824322
1527692,2026,9,5,1,-12.090909090909093,8.163934426229508,-6.969999999999999,1,9,interaction_mid,0.8216853092243293,0.7884111578866172
1527692,2026,9,6,1,-12.090909090909093,7.9,-4.200000000000003,1,9,interaction_mid,0.8565989750304668,0.8228707085747748
1527692,2026,9,7,1,-12.090909090909093,8.033898305084746,-5.429999999999993,1,9,interaction_mid,0.8368150574905462,0.8031707557312835
1527692,2026,10,1,1,-12.090909090909093,8.033898305084746,-5.429999999999993,1,9,interaction_mid,0.8427987576342822,0.8212243035393818
1527692,2026,10,2,1,-12.090909090909093,8.068965517241379,-5.659999999999997,1,9,interaction_mid,0.8387098658053591,0.8171924841576118
1527692,2026,10,3,1,-12.090909090909093,8.210526315789474,-6.890000000000001,1,9,interaction_mid,0.8264743468895621,0.8052074023468376
1527692,2026,10,4,1,-12.090909090909093,8.142857142857142,-6.11999999999999,1,9,interaction_mid,0.8310101065779504,0.8096368254721866
1527692,2026,10,5,1,-12.090909090909093,7.8545454545454545,-3.3500000000000085,1,9,interaction_mid,0.8656191318473873,0.843998848484142
1527692,2026,10,6,1,-12.090909090909093,7.888888888888889,-3.5799999999999983,1,9,interaction_mid,0.8613648612397597,0.8397157449094408
1527692,2026,11,1,1,-12.090909090909093,7.924528301886792,-3.8100000000000023,1,9,interaction_mid,0.8672565449569758,0.8515082750186759
1527692,2026,11,2,1,-12.090909090909093,7.961538461538462,-4.039999999999992,1,9,interaction_mid,0.8658344762699487,0.8500873372292775
1527692,2026,11,3,1,-12.090909090909093,7.882352941176471,-3.269999999999996,1,9,interaction_mid,0.8762110635077431,0.8604947299421589
1527692,2026,11,4,1,-12.090909090909093,7.5600000000000005,-0.5,1,9,interaction_mid,0.9189460868931753,0.9044973238371713
1527692,2026,11,5,1,-12.090909090909093,7.224489795918368,2.269999999999996,1,9,interaction_mid,0.9534554722738957,0.9419540671857195
1527692,2026,11,6,1,-12.090909090909093,6.875,5.0400000000000205,1,9,interaction_mid,0.9805480077970978,0.97356853283279
1527692,2026,12,1,1,-12.090909090909093,7.0212765957446805,3.8100000000000023,1,9,interaction_mid,0.9718509260960249,0.9632405534661407
1527692,2026,12,2,1,-12.090909090909093,7.043478260869566,3.5799999999999983,1,9,interaction_mid,0.9698444306821606,0.9608742980951629
1527692,2026,12,3,1,-12.090909090909093,7.066666666666666,3.3500000000000085,1,9,interaction_mid,0.9680358710285277,0.958754946119902
1527692,2026,12,4,1,-12.090909090909093,6.681818181818182,6.11999999999999,1,9,interaction_mid,0.9866474322819916,0.9813230891725665
1527692,2026,12,5,1,-12.090909090909093,6.697674418604651,5.890000000000001,1,9,interaction_mid,0.9866903952292183,0.9813777453453223
1527692,2026,12,6,1,-12.090909090909093,6.571428571428572,6.659999999999997,1,9,interaction_mid,0.9885273514962514,0.9837310265091006
1527692,2026,12,7,1,-12.090909090909093,6.439024390243903,7.429999999999993,1,9,interaction_mid,0.9897456369338782,0.9853110296034087
1527692,2026,13,1,1,-12.090909090909093,6.439024390243903,7.429999999999993,1,9,interaction_mid,0.9898814215274951,0.987075421000843
1527692,2026,13,2,1,-12.090909090909093,6.6000000000000005,6.200000000000003,1,9,interaction_mid,0.9889555380887274,0.9859626644388588
1527692,2026,13,3,1,-12.090909090909093,6.615384615384616,5.969999999999999,1,9,interaction_mid,0.988742981740973,0.985708000585065
1527692,2026,13,4,1,-12.090909090909093,6.631578947368421,5.739999999999981,1,9,interaction_mid,0.9885920773722962,0.9855273748418498
1527692,2026,13,5,1,-12.090909090909093,6.162162162162161,8.51000000000002,1,9,interaction_mid,0.9918580992133569,0.9894719335697398
1527692,2026,13,6,1,-12.090909090909093,6.166666666666666,8.280000000000001,1,9,interaction_mid,0.9914914204221141,0.9890250261455811
1527692,2026,14,1,1,-12.090909090909093,6.342857142857143,7.049999999999997,1,9,interaction_mid,0.9904396348490293,0.9882618040214848
1527692,2026,14,2,1,-12.090909090909093,6.529411764705882,5.820000000000007,1,9,interaction_mid,0.9896619512470093,0.9873537437264649
1527692,2026,14,3,1,-12.090909090909093,6.727272727272727,4.590000000000003,1,9,interaction_mid,0.9814079381697776,0.97788648053066
1527692,2026,14,4,1,-12.090909090909093,6.75,4.359999999999999,1,9,interaction_mid,0.9811439286888348,0.9775877954063591
1527692,2026,14,5,1,-12.090909090909093,6.967741935483872,-1.106666666666655,2,8,interaction_mid,0.9635783120625508,0.9580956400116863
1527692,2026,14,6,1,-12.090909090909093,7.0,-1.200000000000017,2,8,interaction_mid,0.9610911578540651,0.9553834655001215
1527692,2026,15,1,1,-12.090909090909093,7.241379310344827,-2.2933333333333223,2,8,interaction_mid,0.9514353661152632,0.9456419791542913
1527692,2026,15,2,1,-12.090909090909093,7.285714285714285,-2.386666666666656,2,8,interaction_mid,0.9471748247371977,0.9411156737535947
1527692,2026,15,3,1,-12.090909090909093,6.666666666666667,0.5200000000000102,2,8,interaction_mid,0.9741726355158926,0.9702074115388413
1527692,2026,15,4,1,-12.090909090909093,6.9230769230769225,-4.126666666666665,3,7,interaction_mid,0.948462663224565,0.9424817472952429
1527692,2026,15,5,1,-12.090909090909093,6.959999999999999,-4.083333333333314,3,7,interaction_mid,0.9416810869192523,0.9353074343654046
1527692,2026,15,6,1,-12.090909090909093,7.25,-5.039999999999992,3,7,interaction_mid,0.9255723282931712,0.9184353430881113
1527693,2026,7,1,0,62.358490566037744,13.168831168831169,-44.79999999999998,2,8,interaction_mid,0.04258185775734324,0.06417321208922887
1527693,2026,7,2,0,62.358490566037744,13.342105263157896,-46.39999999999999,2,8,interaction_mid,0.04603104713868873,0.06850103612965298
1527693,2026,7,3,0,62.358490566037744,13.440000000000001,-47.0,2,8,interaction_mid,0.04270479092452707,0.06432848950006331
1527693,2026,7,4,0,62.358490566037744,13.54054054054054,-47.59999999999998,2,8,interaction_mid,0.04075021568154171,0.06185024191440897
1527693,2026,7,5,0,62.358490566037744,13.726027397260273,-63.80000000000001,3,7,interaction_mid,0.01736475942141706,0.030135006008842155
1527693,2026,7,6,0,62.358490566037744,13.416666666666668,-59.20000000000002,3,7,interaction_mid,0.024482618159609015,0.04028709070741546
1527693,2026,8,1,0,62.358490566037744,13.43661971830986,-58.60000000000002,3,7,interaction_mid,0.025236071037774775,0.03858464342986593
1527693,2026,8,2,0,62.358490566037744,13.542857142857143,-59.0,3,7,interaction_mid,0.0250521010014966,0.03834071246184705
1527693,2026,8,3,0,62.358490566037744,13.652173913043477,-59.400000000000006,3,7,interaction_mid,0.024215819889211464,0.03722862535687538
1527693,2026,8,4,0,62.358490566037744,13.852941176470587,-60.80000000000001,3,7,interaction_mid,0.02323993432606547,0.03592398248448184
1527693,2026,8,5,0,62.358490566037744,13.970149253731343,-61.19999999999999,3,7,interaction_mid,0.024275151899386126,0.03730770249851851
1527693,2026,8,6,0,62.358490566037744,14.181818181818183,-62.599999999999994,3,7,interaction_mid,0.021337509503173268,0.03335803797355253
1527693,2026,9,1,0,62.358490566037744,14.03076923076923,-60.0,3,7,interaction_mid,0.027688462824920358,0.04710002183786313
1527693,2026,9,2,0,62.358490566037744,13.875,-57.400000000000006,3,7,interaction_mid,0.03130955778780056,0.05217256808844639
1527693,2026,9,3,0,62.358490566037744,14.095238095238095,-58.80000000000001,3,7,interaction_mid,0.02948406886536511,0.04962945466594797
1527693,2026,9,4,0,62.358490566037744,14.225806451612904,-59.19999999999999,3,7,interaction_mid,0.028534374221799993,0.04829521269039077
1527693,2026,9,5,0,62.358490566037744,14.065573770491804,-56.60000000000002,3,7,interaction_mid,0.03478084631210091,0.05693573718962296
1527693,2026,9,6,0,62.358490566037744,14.2,-57.0,3,7,interaction_mid,0.03256223917070596,0.053902062204169765
1527693,2026,10,1,0,62.358490566037744,14.033898305084746,-54.400000000000006,3,7,interaction_mid,0.039007039115157904,0.05581718441017425
1527693,2026,10,2,0,62.358490566037744,14.275862068965518,-55.79999999999998,3,7,interaction_mid,0.037253527445710435,0.05361291687663787
1527693,2026,10,3,0,62.358490566037744,14.105263157894738,-53.19999999999999,3,7,interaction_mid,0.0441868439007826,0.0622525574764247
1527693,2026,10,4,0,62.358490566037744,14.357142857142858,-54.599999999999994,3,7,interaction_mid,0.03928469651275926,0.05616497314239517
1527693,2026,10,5,0,62.358490566037744,14.509090909090908,-55.0,3,7,interaction_mid,0.03856117790649405,0.05525800382454978
1527693,2026,10,6,0,62.358490566037744,14.777777777777777,-56.400000000000006,3,7,interaction_mid,0.03412175385935579,0.04964073252802208
1527693,2026,11,1,0,62.358490566037744,14.60377358490566,-53.80000000000001,3,7,interaction_mid,0.04017148386754656,0.05463378921692768
1527693,2026,11,2,0,62.358490566037744,14.884615384615385,-55.19999999999999,3,7,interaction_mid,0.03650041125571113,0.05013355897894269
1527693,2026,11,3,0,62.358490566037744,15.058823529411764,-55.599999999999994,3,7,interaction_mid,0.033314726721419774,0.04618713242223645
1527693,2026,11,4,0,62.358490566037744,15.120000000000001,-54.99999999999997,3,7,interaction_mid,0.03588375268467035,0.04937274835324589
1527693,2026,11,5,0,62.358490566037744,15.42857142857143,-56.39999999999998,3,7,interaction_mid,0.032236947839527706,0.04484264785485975
1527693,2026,11,6,0,62.358490566037744,15.25,-53.79999999999998,3,7,interaction_mid,0.03944077966148746,0.05374188428513364
1527693,2026,12,1,0,62.358490566037744,15.446808510638297,-54.19999999999999,3,7,interaction_mid,0.03256922306738402,0.04423892730463406
1527693,2026,12,2,0,62.358490566037744,15.652173913043478,-54.599999999999994,3,7,interaction_mid,0.029737947954455654,0.04074887435650308
1527693,2026,12,3,0,62.358490566037744,16.0,-65.0,4,6,interaction_mid,0.011944145787613172,0.01782182078452583
1527693,2026,12,4,0,62.358490566037744,16.227272727272727,-65.20000000000002,4,6,interaction_mid,0.012698714765028039,0.01884207484203477
1527693,2026,12,5,0,62.358490566037744,16.46511627906977,-65.4,4,6,interaction_mid,0.012444841007511425,0.018499477387070903
1527693,2026,12,6,0,62.358490566037744,16.857142857142854,-66.60000000000002,4,6,interaction_mid,0.010339138816157185,0.0156305962114437
1527693,2026,12,7,0,62.358490566037744,17.121951219512194,-66.80000000000001,4,6,interaction_mid,0.009345960699538552,0.01425871885277249
1527693,2026,13,1,0,62.358490566037744,16.975609756097562,-65.80000000000001,4,6,interaction_mid,0.009788848955819655,0.012518494792476697
1527693,2026,13,2,0,62.358490566037744,16.799999999999997,-63.0,4,6,interaction_mid,0.012174153657449512,0.015377357966622618
1527693,2026,13,3,0,62.358490566037744,17.076923076923077,-63.19999999999999,4,6,interaction_mid,0.01132872173527719,0.014368239295778969
1527693,2026,13,4,0,62.358490566037744,16.57894736842105,-58.400000000000006,4,6,interaction_mid,0.015833432575073685,0.019700370099851865
1527693,2026,13,5,0,62.358490566037744,16.864864864864867,-58.599999999999994,4,6,interaction_mid,0.01445959341095087,0.018085220152805916
1527693,2026,13,6,0,62.358490566037744,17.166666666666668,-58.80000000000001,4,6,interaction_mid,0.01339413241721747,0.016826281708643673
1527693,2026,14,1,0,62.358490566037744,17.485714285714284,-59.0,4,6,interaction_mid,0.012080568177281216,0.014716071086874205
1527693,2026,14,2,0,62.358490566037744,17.647058823529413,-58.20000000000002,4,6,interaction_mid,0.013140963305250443,0.01594371822724614
1527693,2026,14,3,0,62.358490566037744,17.454545454545453,-55.39999999999998,4,6,interaction_mid,0.01635562950416338,0.01963670437095719
1527693,2026,14,4,0,62.358490566037744,18.0,-56.599999999999994,4,6,interaction_mid,0.013410974832446059,0.01625551386147799
1527693,2026,14,5,0,62.358490566037744,18.58064516129032,-64.0,5,5,interaction_mid,0.006018405100288943,0.007575592343094988
1527693,2026,14,6,0,62.358490566037744,19.0,-64.0,5,5,interaction_mid,0.005776679842969056,0.007285203435942104
1527693,2026,14,7,0,62.358490566037744,19.448275862068964,-64.0,5,5,interaction_mid,0.004850882076387685,0.006167427448192466
1527693,2026,15,1,0,62.358490566037744,18.206896551724135,-58.0,5,5,interaction_mid,0.009619573443659189,0.01181276413647328
1527693,2026,15,2,0,62.358490566037744,18.642857142857142,-58.0,5,5,interaction_mid,0.008221599310913682,0.010167485993677143
1527693,2026,15,3,0,62.358490566037744,19.333333333333336,-64.4,6,4,interaction_mid,0.003993031674445198,0.0050987523220953025
1527693,2026,15,4,0,62.358490566037744,19.846153846153847,-64.19999999999999,6,4,interaction_mid,0.0031784293195752577,0.004099400675106041
1527693,2026,15,5,0,62.358490566037744,20.64,-65.0,6,4,interaction_mid,0.0028899270414632357,0.003742850808457521
1527693,2026,15,6,0,62.358490566037744,21.25,-64.79999999999998,6,4,interaction_mid,0.0026191719377796603,0.0034067938237483638
1527693,2026,15,7,0,62.358490566037744,21.913043478260867,-64.6,6,4,interaction_mid,0.0025549834373406527,0.0033269036611764005
1529264,2026,7,1,0,25.42105263157896,12.857142857142858,-94.70000000000002,5,5,interaction_mid,0.035693687409952685,0.055339711829496804
1529264,2026,7,2,0,25.42105263157896,12.868421052631579,-93.6,5,5,interaction_mid,0.0374156397638266,0.05757368577107691
1529264,2026,7,3,0,25.42105263157896,13.04,-94.5,5,5,interaction_mid,0.031893838441745585,0.05034262803416933
1529264,2026,7,4,0,25.42105263157896,13.135135135135133,-94.4,5,5,interaction_mid,0.03110265709713107,0.04928969799392568
1529264,2026,7,5,0,25.42105263157896,13.315068493150685,-95.29999999999998,5,5,interaction_mid,0.02108692246593043,0.03551483259254151
1529264,2026,7,6,0,25.42105263157896,13.333333333333334,-94.19999999999999,5,5,interaction_mid,0.021701491451878302,0.03638742725236591
1529264,2026,7,7,0,25.42105263157896,13.43661971830986,-94.1,5,5,interaction_mid,0.02099190912851024,0.03537955701248645
1529264,2026,8,1,0,25.42105263157896,13.43661971830986,-94.1,5,5,interaction_mid,0.02111773358325989,0.03305958628718765
1529264,2026,8,2,0,25.42105263157896,13.542857142857143,-93.99999999999997,5,5,interaction_mid,0.020360099575158278,0.03202736609417508
1529264,2026,8,3,0,25.42105263157896,13.73913043478261,-94.9,5,5,interaction_mid,0.017179353322819623,0.027632465608130437
1529264,2026,8,4,0,25.42105263157896,13.852941176470587,-94.80000000000001,5,5,interaction_mid,0.01650612598840076,0.026688387088818363
1529264,2026,8,5,0,25.42105263157896,13.970149253731343,-94.69999999999999,5,5,interaction_mid,0.015278584089043592,0.02495315786120794
1529264,2026,8,6,0,25.42105263157896,14.090909090909092,-94.6,5,5,interaction_mid,0.016086393401624495,0.026097118474991646
1529264,2026,9,1,0,25.42105263157896,14.215384615384615,-94.50000000000003,5,5,interaction_mid,0.01587870430326562,0.029597218575564223
1529264,2026,9,2,0,25.42105263157896,14.34375,-94.4,5,5,interaction_mid,0.015071295863090448,0.028330479407318386
1529264,2026,9,3,0,25.42105263157896,14.476190476190474,-94.30000000000001,5,5,interaction_mid,0.013811969627805046,0.026331213053542777
1529264,2026,9,4,0,25.42105263157896,14.70967741935484,-95.20000000000002,5,5,interaction_mid,0.013880971885871318,0.026441538627222316
1529264,2026,9,5,0,25.42105263157896,14.852459016393443,-95.1,5,5,interaction_mid,0.013791776020636956,0.02629890844951664
1529264,2026,9,6,0,25.42105263157896,14.9,-94.0,5,5,interaction_mid,0.014071469008292087,0.02674563714934562
1529264,2026,9,7,0,25.42105263157896,15.050847457627118,-93.9,5,5,interaction_mid,0.012672128241432861,0.024494819303409868
1529264,2026,9,8,0,25.42105263157896,15.206896551724137,-93.79999999999998,5,5,interaction_mid,0.011676836173590468,0.022868428269940275
1529264,2026,10,1,0,25.42105263157896,14.949152542372882,-92.9,5,5,interaction_mid,0.012990636548832842,0.02120441879403156
1529264,2026,10,2,0,25.42105263157896,14.586206896551722,-87.79999999999998,5,5,interaction_mid,0.01587350732572997,0.025311559573663975
1529264,2026,10,3,0,25.42105263157896,14.736842105263158,-87.69999999999999,5,5,interaction_mid,0.015323385646828017,0.024535460103685198
1529264,2026,10,4,0,25.42105263157896,14.892857142857142,-87.6,5,5,interaction_mid,0.016009544455225795,0.025502959839598906
1529264,2026,10,5,0,25.42105263157896,14.727272727272727,-84.5,5,5,interaction_mid,0.018074772944542433,0.028384876248102566
1529264,2026,10,6,0,25.42105263157896,14.88888888888889,-84.4,5,5,interaction_mid,0.01859216036779738,0.029100241566028962
1529264,2026,11,1,0,25.42105263157896,15.169811320754716,-85.30000000000001,5,5,interaction_mid,0.01932409544354298,0.028287796403931684
1529264,2026,11,2,0,25.42105263157896,15.0,-82.19999999999999,5,5,interaction_mid,0.02627796646783092,0.03731430224895633
1529264,2026,11,3,0,25.42105263157896,14.823529411764707,-79.1,5,5,interaction_mid,0.0334089075677389,0.046304388166004164
1529264,2026,11,4,0,25.42105263157896,14.399999999999999,-74.0,5,5,interaction_mid,0.05145151933843953,0.06818692855542512
1529264,2026,11,5,0,25.42105263157896,14.693877551020408,-74.9,5,5,interaction_mid,0.04582170785472484,0.061470805985934074
1529264,2026,11,6,0,25.42105263157896,15.0,-75.80000000000001,5,5,interaction_mid,0.03894343245144702,0.05313374892265094
1529264,2026,12,1,0,25.42105263157896,15.063829787234042,-74.70000000000002,5,5,interaction_mid,0.04945801241107428,0.06447405919094115
1529264,2026,12,2,0,25.42105263157896,14.869565217391305,-71.6,5,5,interaction_mid,0.06029199907684707,0.07703973679600397
1529264,2026,12,3,0,25.42105263157896,15.066666666666666,-71.5,5,5,interaction_mid,0.05829485625828726,0.07474378530679687
1529264,2026,12,4,0,25.42105263157896,15.40909090909091,-72.4,5,5,interaction_mid,0.03760890892013239,0.05037442407156363
1529264,2026,12,5,0,25.42105263157896,15.209302325581396,-69.29999999999998,5,5,interaction_mid,0.047500128721269096,0.06217226315512027
1529264,2026,12,6,0,25.42105263157896,15.42857142857143,-69.19999999999999,5,5,interaction_mid,0.044669164201711464,0.05882547699650866
1529264,2026,13,1,0,25.42105263157896,15.658536585365855,-69.1,5,5,interaction_mid,0.03954661045195647,0.04661160917342922
1529264,2026,13,2,0,25.42105263157896,15.899999999999999,-69.0,5,5,interaction_mid,0.04404510796659657,0.05157287583916622
1529264,2026,13,3,0,25.42105263157896,16.153846153846153,-68.9,5,5,interaction_mid,0.035286182656295614,0.041878621027982385
1529264,2026,13,4,0,25.42105263157896,16.263157894736842,-67.80000000000001,5,5,interaction_mid,0.04697035221074435,0.05478083536121573
1529264,2026,13,5,0,25.42105263157896,16.54054054054054,-67.69999999999999,5,5,interaction_mid,0.035506021854738196,0.042123720286073335
1529264,2026,13,6,0,25.42105263157896,16.333333333333336,-64.6,5,5,interaction_mid,0.05176171848440444,0.06000683548329643
1529264,2026,13,7,0,25.42105263157896,16.628571428571426,-64.5,5,5,interaction_mid,0.04897982781827311,0.05697675206501002
1529264,2026,14,1,0,25.42105263157896,16.457142857142856,-63.5,5,5,interaction_mid,0.05056376019234841,0.05738353281424417
1529264,2026,14,2,0,25.42105263157896,16.941176470588236,-64.4,5,5,interaction_mid,0.026284928625404134,0.030835065303930792
1529264,2026,14,3,0,25.42105263157896,17.454545454545453,-65.30000000000001,5,5,interaction_mid,0.024169834406846006,0.028471537497340958
1529264,2026,14,4,0,25.42105263157896,17.25,-62.20000000000002,5,5,interaction_mid,0.025935802299883886,0.03044564297323357
1529264,2026,14,5,0,25.42105263157896,17.41935483870968,-61.099999999999994,5,5,interaction_mid,0.02611705555312587,0.03064785066031418
1529264,2026,14,6,0,25.42105263157896,18.0,-67.4,6,4,interaction_mid,0.021106283452755788,0.025028624054925376
1529264,2026,15,1,0,25.42105263157896,18.413793103448278,-67.12,6,4,interaction_mid,0.023182529286957854,0.027341565850832767
1529264,2026,15,2,0,25.42105263157896,18.857142857142858,-66.84,6,4,interaction_mid,0.02164496402160994,0.02561040130632429
1529264,2026,15,3,0,25.42105263157896,19.555555555555554,-72.41999999999999,7,3,interaction_mid,0.01339810091202603,0.016207649520344883
1529264,2026,15,4,0,25.42105263157896,20.307692307692307,-72.96000000000001,7,3,interaction_mid,0.012249372187944741,0.014878635281875066
1529264,2026,15,5,0,25.42105263157896,20.64,-71.5,7,3,interaction_mid,0.01236034156064661,0.01500727095263356
1529264,2026,15,6,0,25.42105263157896,20.0,-66.03999999999999,7,3,interaction_mid,0.016173450131756504,0.019396936719383945
1529265,2026,7,1,0,24.85714285714286,11.376623376623376,-46.43999999999998,2,8,interaction_mid,0.12791672611167257,0.16025006789891635
1529265,2026,7,2,0,24.85714285714286,11.447368421052632,-46.72,2,8,interaction_mid,0.12374836768937134,0.1559241474856934
1529265,2026,7,3,0,24.85714285714286,11.12,-42.0,2,8,interaction_mid,0.1661199357042558,0.19880014939241322
1529265,2026,7,4,0,24.85714285714286,11.108108108108109,-41.27999999999999,2,8,interaction_mid,0.17162626447323795,0.2042143286656173
1529265,2026,7,5,0,24.85714285714286,11.17808219178082,-41.56000000000002,2,8,interaction_mid,0.1653495947238145,0.19804013182115343
1529265,2026,7,6,0,24.85714285714286,11.25,-41.84,2,8,interaction_mid,0.15728717702979397,0.19004645745140483
1529265,2026,8,1,0,24.85714285714286,11.32394366197183,-42.11999999999999,2,8,interaction_mid,0.1556115402803604,0.18380811672141625
1529265,2026,8,2,0,24.85714285714286,10.971428571428572,-37.39999999999998,2,8,interaction_mid,0.20897483861888724,0.23608376868824835
1529265,2026,8,3,0,24.85714285714286,11.130434782608695,-38.68000000000001,2,8,interaction_mid,0.20673420790278577,0.23393377408544183
1529265,2026,8,4,0,24.85714285714286,10.764705882352942,-33.959999999999994,2,8,interaction_mid,0.26381598843998005,0.28775014697194823
1529265,2026,8,5,0,24.85714285714286,10.835820895522389,-34.23999999999998,2,8,interaction_mid,0.2589803267477531,0.2832601219415691
1529265,2026,8,6,0,24.85714285714286,10.636363636363637,-31.519999999999982,2,8,interaction_mid,0.30958197898212714,0.3297425370685678
1529265,2026,8,7,0,24.85714285714286,10.707692307692309,-31.799999999999997,2,8,interaction_mid,0.3183582234858411,0.3377043950563348
1529265,2026,9,1,0,24.85714285714286,10.615384615384615,-30.799999999999997,2,8,interaction_mid,0.3248891573203902,0.35330300722013563
1529265,2026,9,2,0,24.85714285714286,10.6875,-31.079999999999984,2,8,interaction_mid,0.32068613972437277,0.34957863862180855
1529265,2026,9,3,0,24.85714285714286,10.857142857142858,-42.44000000000001,3,7,interaction_mid,0.1759523386120285,0.21498422019879004
1529265,2026,9,4,0,24.85714285714286,11.032258064516128,-43.56,3,7,interaction_mid,0.1946850679379592,0.23332680317727095
1529265,2026,9,5,0,24.85714285714286,11.114754098360656,-43.68000000000002,3,7,interaction_mid,0.19193417391988396,0.23065574477061437
1529265,2026,9,6,0,24.85714285714286,11.2,-43.80000000000001,3,7,interaction_mid,0.19803015084429135,0.2365648958871724
1529265,2026,10,1,0,24.85714285714286,11.288135593220339,-43.920000000000016,3,7,interaction_mid,0.1916011172547185,0.2217748231802602
1529265,2026,10,2,0,24.85714285714286,11.379310344827587,-44.03999999999999,3,7,interaction_mid,0.17579280465084343,0.20597327727248355
1529265,2026,10,3,0,24.85714285714286,11.473684210526315,-44.16,3,7,interaction_mid,0.17660481401698255,0.2067899966841412
1529265,2026,10,4,0,24.85714285714286,11.571428571428571,-44.28,3,7,interaction_mid,0.16904947034394657,0.19916854005524848
1529265,2026,10,5,0,24.85714285714286,11.781818181818181,-54.20000000000002,4,6,interaction_mid,0.097187165630559,0.1235916422703717
1529265,2026,10,6,0,24.85714285714286,12.0,-63.80000000000001,5,5,interaction_mid,0.04234332178578039,0.05997462945554523
1529265,2026,11,1,0,24.85714285714286,12.113207547169813,-63.599999999999994,5,5,interaction_mid,0.040822794193478076,0.055427235038111415
1529265,2026,11,2,0,24.85714285714286,12.23076923076923,-63.400000000000006,5,5,interaction_mid,0.04289885298600559,0.05794686934064052
1529265,2026,11,3,0,24.85714285714286,12.352941176470587,-63.19999999999999,5,5,interaction_mid,0.04618927658116951,0.06191210287213579
1529265,2026,11,4,0,24.85714285714286,12.600000000000001,-64.0,5,5,interaction_mid,0.04066493200873796,0.05523505538629118
1529265,2026,11,5,0,24.85714285714286,12.73469387755102,-63.80000000000001,5,5,interaction_mid,0.038359124440826065,0.052418159030269654
1529265,2026,11,6,0,24.85714285714286,12.875,-63.60000000000002,5,5,interaction_mid,0.04035320320940494,0.05485531104008994
1529265,2026,12,1,0,24.85714285714286,13.148936170212766,-64.4,5,5,interaction_mid,0.03341113438545063,0.04527049497078741
1529265,2026,12,2,0,24.85714285714286,13.434782608695652,-65.19999999999999,5,5,interaction_mid,0.029807497758883836,0.040835009414748116
1529265,2026,12,3,0,24.85714285714286,13.733333333333333,-66.0,5,5,interaction_mid,0.02559362428348203,0.035576663000992555
1529265,2026,12,4,0,24.85714285714286,14.045454545454545,-66.80000000000001,5,5,interaction_mid,0.02219685734283744,0.031273485851288994
1529265,2026,12,5,0,24.85714285714286,14.372093023255813,-74.48000000000002,6,4,interaction_mid,0.008391699408037676,0.01292762500453928
1529265,2026,12,6,0,24.85714285714286,14.57142857142857,-74.12,6,4,interaction_mid,0.009677691142112158,0.014718398776657586
1529265,2026,13,1,0,24.85714285714286,14.926829268292682,-74.75999999999999,6,4,interaction_mid,0.009207925858887071,0.011816352113712835
1529265,2026,13,2,0,24.85714285714286,15.149999999999999,-74.4,6,4,interaction_mid,0.008907481126042022,0.011452206993219598
1529265,2026,13,3,0,24.85714285714286,15.384615384615387,-74.03999999999999,6,4,interaction_mid,0.00843989757299649,0.010884050432550264
1529265,2026,13,4,0,24.85714285714286,15.631578947368421,-73.68,6,4,interaction_mid,0.007966303386493758,0.010306720088256865
1529265,2026,13,5,0,24.85714285714286,15.08108108108108,-68.32,6,4,interaction_mid,0.012431351434363778,0.015683514536071665
1529265,2026,13,6,0,24.85714285714286,15.5,-68.96000000000001,6,4,interaction_mid,0.01075115112303093,0.013676295269012114
1529265,2026,14,1,0,24.85714285714286,15.771428571428572,-68.6,6,4,interaction_mid,0.009896404439095407,0.012169941193796718
1529265,2026,14,2,0,24.85714285714286,16.058823529411764,-68.24000000000001,6,4,interaction_mid,0.009362789785630848,0.011543896097720122
1529265,2026,14,3,0,24.85714285714286,16.363636363636363,-67.88,6,4,interaction_mid,0.008904796189639502,0.011005182646960878
1529265,2026,14,4,0,24.85714285714286,16.6875,-67.51999999999998,6,4,interaction_mid,0.007982587141404257,0.009916262456165685
1529265,2026,14,5,0,24.85714285714286,17.032258064516128,-67.16,6,4,interaction_mid,0.00815504110906074,0.010120335773991232
1529265,2026,14,6,0,24.85714285714286,17.2,-65.80000000000001,6,4,interaction_mid,0.008422577166485477,0.01043651230677492
1529265,2026,15,1,0,24.85714285714286,17.793103448275865,-66.44,6,4,interaction_mid,0.007453129584778947,0.009257656900280192
1529265,2026,15,2,0,24.85714285714286,17.57142857142857,-63.079999999999984,6,4,interaction_mid,0.008723746202050568,0.010759855131619131
1529265,2026,15,3,0,24.85714285714286,16.88888888888889,-57.72,6,4,interaction_mid,0.012492480213965061,0.015160374568613699
1529265,2026,15,4,0,24.85714285714286,17.307692307692307,-57.360000000000014,6,4,interaction_mid,0.011510923903777262,0.014021193088367712
1529265,2026,15,5,0,24.85714285714286,18.0,-58.0,6,4,interaction_mid,0.008638931267855612,0.010659914793229355
1529265,2026,15,6,0,24.85714285714286,18.5,-57.639999999999986,6,4,interaction_mid,0.008611079402424721,0.01062708607171989
1529265,2026,15,7,0,24.85714285714286,19.043478260869563,-57.28,6,4,interaction_mid,0.007632777062649,0.009470722685831332
1529266,2026,7,1,1,-46.52380952380952,6.311688311688312,4.315000000000005,1,9,interaction_mid,0.9662443967568438,0.9461830167240664
1529266,2026,7,2,1,-46.52380952380952,6.394736842105264,-6.026666666666657,2,8,interaction_mid,0.9340808704697658,0.9058326228506528
1529266,2026,7,3,1,-46.52380952380952,6.48,-7.0,2,8,interaction_mid,0.9244713335093555,0.8945605009339382
1529266,2026,7,4,1,-46.52380952380952,6.486486486486487,-6.973333333333329,2,8,interaction_mid,0.9257285024337705,0.8960193275111813
1529266,2026,7,5,1,-46.52380952380952,6.575342465753424,-7.9466666666666725,2,8,interaction_mid,0.9305660340911045,0.9016765175023599
1529266,2026,7,6,1,-46.52380952380952,6.583333333333334,-7.920000000000002,2,8,interaction_mid,0.9295440705214134,0.9004754662879305
1529266,2026,8,1,1,-46.52380952380952,6.67605633802817,-8.89333333333333,2,8,interaction_mid,0.9257961950336631,0.9014519154812558
1529266,2026,8,2,1,-46.52380952380952,6.685714285714286,-8.866666666666646,2,8,interaction_mid,0.9311814054154858,0.9076077500369291
1529266,2026,8,3,1,-46.52380952380952,6.782608695652174,-9.840000000000003,2,8,interaction_mid,0.919374493301359,0.8942024732490068
1529266,2026,8,4,1,-46.52380952380952,6.352941176470589,-4.813333333333333,2,8,interaction_mid,0.9506283401449693,0.9305248933636516
1529266,2026,8,5,1,-46.52380952380952,5.91044776119403,0.21333333333335247,2,8,interaction_mid,0.9707623538165289,0.955791342548069
1529266,2026,8,6,1,-46.52380952380952,6.0,-0.7599999999999909,2,8,interaction_mid,0.9707041999628192,0.9557152711980631
1529266,2026,9,1,1,-46.52380952380952,6.0,-0.7333333333333343,2,8,interaction_mid,0.9738609705973773,0.9565423083456177
1529266,2026,9,2,1,-46.52380952380952,6.0,-0.7066666666666492,2,8,interaction_mid,0.9744083369814143,0.9573033349396495
1529266,2026,9,3,1,-46.52380952380952,6.0,-0.6799999999999926,2,8,interaction_mid,0.9755921048137177,0.9589590888203288
1529266,2026,9,4,1,-46.52380952380952,6.0,-0.653333333333336,2,8,interaction_mid,0.9735581227600125,0.95612245591309
1529266,2026,9,5,1,-46.52380952380952,6.0983606557377055,-1.626666666666651,2,8,interaction_mid,0.9733886276784095,0.9558878475984427
1529266,2026,9,6,1,-46.52380952380952,6.1,-1.5999999999999943,2,8,interaction_mid,0.9739225657391266,0.9566278053808265
1529266,2026,10,1,1,-46.52380952380952,6.203389830508474,-9.75166666666668,3,7,interaction_mid,0.9503336697123408,0.9345470755963574
1529266,2026,10,2,1,-46.52380952380952,6.310344827586206,-10.603333333333325,3,7,interaction_mid,0.9444468962482084,0.927798166107731
1529266,2026,10,3,1,-46.52380952380952,6.421052631578947,-11.454999999999998,3,7,interaction_mid,0.9414147314030092,0.9243596928823126
1529266,2026,10,4,1,-46.52380952380952,6.428571428571429,-11.306666666666672,3,7,interaction_mid,0.9397785939055288,0.9225142845455196
1529266,2026,10,5,1,-46.52380952380952,6.1090909090909085,-8.158333333333331,3,7,interaction_mid,0.9542661595256576,0.9391143096463985
1529266,2026,10,6,1,-46.52380952380952,6.111111111111112,-8.010000000000005,3,7,interaction_mid,0.9568207574995193,0.9421088520003242
1529266,2026,11,1,1,-46.52380952380952,6.113207547169811,-7.861666666666679,3,7,interaction_mid,0.9617996064695481,0.9514083870468661
1529266,2026,11,2,1,-46.52380952380952,6.0,-6.713333333333338,3,7,interaction_mid,0.9654320514201709,0.9555905994134474
1529266,2026,11,3,1,-46.52380952380952,5.411764705882353,-1.5649999999999977,3,7,interaction_mid,0.9803418513461375,0.9733154882273463
1529266,2026,11,4,1,-46.52380952380952,5.04,1.5833333333333428,3,7,interaction_mid,0.9849712958545058,0.9790686119300123
1529266,2026,11,5,1,-46.52380952380952,4.408163265306123,6.731666666666669,3,7,interaction_mid,0.9933038580237972,0.989938446436095
1529266,2026,11,6,1,-46.52380952380952,4.0,9.88000000000001,3,7,interaction_mid,0.9941034936840271,0.9910349474610807
1529266,2026,12,1,1,-46.52380952380952,3.3191489361702127,15.028333333333336,3,7,interaction_mid,0.9953210876709,0.9928138727779888
1529266,2026,12,2,1,-46.52380952380952,3.391304347826087,8.579999999999998,4,6,interaction_mid,0.9922010310746694,0.9885514838010987
1529266,2026,12,3,1,-46.52380952380952,3.3333333333333335,8.849999999999994,4,6,interaction_mid,0.9889030138807795,0.9842164750481678
1529266,2026,12,4,1,-46.52380952380952,3.409090909090909,2.7666666666666657,5,5,interaction_mid,0.9673294000729568,0.9579303718508964
1529266,2026,12,5,1,-46.52380952380952,3.3488372093023253,3.1583333333333314,5,5,interaction_mid,0.9672683964874914,0.9578592546648641
1529266,2026,12,6,1,-46.52380952380952,3.4285714285714284,2.5500000000000114,5,5,interaction_mid,0.9727112460839434,0.9642602127754867
1529266,2026,13,1,1,-46.52380952380952,3.3658536585365857,2.941666666666677,5,5,interaction_mid,0.9745405444914114,0.9691685781509212
1529266,2026,13,2,1,-46.52380952380952,3.4499999999999997,2.3333333333333286,5,5,interaction_mid,0.9784769751218416,0.9736765858331706
1529266,2026,13,3,1,-46.52380952380952,3.5384615384615383,1.7249999999999943,5,5,interaction_mid,0.9819406533790946,0.9776856338322742
1529266,2026,13,4,1,-46.52380952380952,2.6842105263157894,7.11666666666666,5,5,interaction_mid,0.9912974926884572,0.9887891231130898
1529266,2026,13,5,1,-46.52380952380952,2.4324324324324325,8.50833333333334,5,5,interaction_mid,0.9918815830418886,0.9895005949316099
1529266,2026,13,6,1,-46.52380952380952,1.8333333333333335,11.900000000000006,5,5,interaction_mid,0.9930018388570064,0.9908737000432716
1529266,2026,14,1,1,-46.52380952380952,1.8857142857142857,11.291666666666671,5,5,interaction_mid,0.9940574075190669,0.99253948504105
1529266,2026,14,2,1,-46.52380952380952,1.9411764705882355,10.683333333333323,5,5,interaction_mid,0.9946631838728284,0.9932664534730986
1529266,2026,14,3,1,-46.52380952380952,1.8181818181818183,11.074999999999989,5,5,interaction_mid,0.9949415401246572,0.9936017901958871
1529266,2026,14,4,1,-46.52380952380952,1.6875,11.466666666666669,5,5,interaction_mid,0.9953285937957654,0.9940695420511543
1529266,2026,14,5,1,-46.52380952380952,0.5806451612903225,16.858333333333334,5,5,interaction_mid,0.9979083205509204,0.9972447135822604
1529266,2026,14,6,1,-46.52380952380952,0.4,17.25,5,5,interaction_mid,0.9977348427300738,0.9970270440146306
1529266,2026,15,1,1,-46.52380952380952,-0.41379310344827586,20.64166666666668,5,5,interaction_mid,0.9969774254559982,0.9961610100218183
1529267,2026,7,1,1,16.203703703703695,9.74025974025974,-23.899999999999977,2,8,interaction_mid,0.509058789930213,0.5052587243378812
1529267,2026,7,2,1,16.203703703703695,9.394736842105264,-19.19999999999999,2,8,interaction_mid,0.5774810210787725,0.5641270922688335
1529267,2026,7,3,1,16.203703703703695,9.200000000000001,-16.5,2,8,interaction_mid,0.6117813835503063,0.5938809926015103
1529267,2026,7,4,1,16.203703703703695,9.243243243243244,-16.799999999999983,2,8,interaction_mid,0.6081503008806635,0.5907199045137549
1529267,2026,7,5,1,16.203703703703695,9.36986301369863,-18.100000000000023,2,8,interaction_mid,0.5982140230631081,0.5820843827109008
1529267,2026,7,6,1,16.203703703703695,9.416666666666666,-18.400000000000006,2,8,interaction_mid,0.5999152497511214,0.5835614387435434
1529267,2026,8,1,1,16.203703703703695,9.549295774647888,-19.69999999999999,2,8,interaction_mid,0.5825645398008288,0.5716107089865444
1529267,2026,8,2,1,16.203703703703695,9.600000000000001,-19.99999999999997,2,8,interaction_mid,0.5819550095166819,0.5710713604274392
1529267,2026,8,3,1,16.203703703703695,9.652173913043478,-20.30000000000001,2,8,interaction_mid,0.5848538331620248,0.5736368889145553
1529267,2026,8,4,1,16.203703703703695,9.705882352941178,-20.599999999999994,2,8,interaction_mid,0.5780939328146882,0.5676560585095884
1529267,2026,8,5,1,16.203703703703695,9.761194029850746,-20.899999999999977,2,8,interaction_mid,0.5733391206962926,0.5634529638805484
1529267,2026,8,6,1,16.203703703703695,9.818181818181818,-21.19999999999999,2,8,interaction_mid,0.5590550590984409,0.5508428661791372
1529267,2026,9,1,1,16.203703703703695,9.876923076923077,-21.5,2,8,interaction_mid,0.5502576109080806,0.5469672042204847
1529267,2026,9,2,1,16.203703703703695,9.65625,-18.799999999999983,2,8,interaction_mid,0.6015791676477464,0.5907761179985599
1529267,2026,9,3,1,16.203703703703695,9.428571428571429,-16.099999999999994,2,8,interaction_mid,0.6469170456060394,0.6298531477590412
1529267,2026,9,4,1,16.203703703703695,9.483870967741936,-16.400000000000006,2,8,interaction_mid,0.6454475498394964,0.6285788101977048
1529267,2026,9,5,1,16.203703703703695,9.442622950819672,-15.699999999999989,2,8,interaction_mid,0.6459026522819522,0.6289734085612309
1529267,2026,9,6,1,16.203703703703695,9.600000000000001,-17.0,2,8,interaction_mid,0.6353835900305832,0.6198669159185156
1529267,2026,10,1,1,16.203703703703695,9.35593220338983,-14.299999999999997,2,8,interaction_mid,0.6612777018409185,0.6511738187564364
1529267,2026,10,2,1,16.203703703703695,9.413793103448276,-14.599999999999994,2,8,interaction_mid,0.6581971103172031,0.6483902002036656
1529267,2026,10,3,1,16.203703703703695,9.157894736842106,-11.900000000000006,2,8,interaction_mid,0.6920930458281886,0.6791399327068794
1529267,2026,10,4,1,16.203703703703695,9.214285714285715,-12.200000000000003,2,8,interaction_mid,0.6894892456652946,0.6767675649137584
1529267,2026,10,5,1,16.203703703703695,8.727272727272727,-7.5,2,8,interaction_mid,0.7495270344911821,0.7320212840638398
1529267,2026,10,6,1,16.203703703703695,8.777777777777779,-7.799999999999983,2,8,interaction_mid,0.7478523409678773,0.7304620883803967
1529267,2026,10,7,1,16.203703703703695,8.830188679245282,-8.100000000000009,2,8,interaction_mid,0.753095810391018,0.7353479169288548
1529267,2026,11,1,1,16.203703703703695,8.377358490566037,-4.1000000000000085,2,8,interaction_mid,0.8274274398533527,0.8122697727116571
1529267,2026,11,2,1,16.203703703703695,8.423076923076923,-4.3999999999999915,2,8,interaction_mid,0.8173528682646263,0.8025053773830849
1529267,2026,11,3,1,16.203703703703695,8.117647058823529,-1.6999999999999886,2,8,interaction_mid,0.8553768032114889,0.8396870202609064
1529267,2026,11,4,1,16.203703703703695,8.16,-2.0,2,8,interaction_mid,0.8529506522258051,0.8372860068753673
1529267,2026,11,5,1,16.203703703703695,8.204081632653061,-2.3000000000000114,2,8,interaction_mid,0.8420953160645119,0.8265941315806334
1529267,2026,11,6,1,16.203703703703695,8.25,-2.5999999999999943,2,8,interaction_mid,0.8383293234991329,0.8229034190117678
1529267,2026,12,1,1,16.203703703703695,8.170212765957446,-1.9000000000000057,2,8,interaction_mid,0.8788180292986598,0.8628576983583561
1529267,2026,12,2,1,16.203703703703695,8.347826086956522,-3.200000000000017,2,8,interaction_mid,0.860636676176205,0.8445271638036819
1529267,2026,12,3,1,16.203703703703695,8.0,-0.5,2,8,interaction_mid,0.9055313616498893,0.8903472049539358
1529267,2026,12,4,1,16.203703703703695,8.045454545454545,-0.8000000000000114,2,8,interaction_mid,0.8994341618181105,0.884006558766766
1529267,2026,12,5,1,16.203703703703695,7.395348837209302,3.9000000000000057,2,8,interaction_mid,0.9528729486768487,0.941404131498862
1529267,2026,12,6,1,16.203703703703695,7.428571428571429,3.5999999999999943,2,8,interaction_mid,0.9532372736732801,0.9418134767538964
1529267,2026,12,7,1,16.203703703703695,7.463414634146341,3.3000000000000114,2,8,interaction_mid,0.9516238848686316,0.9400031876527641
1529267,2026,12,8,1,16.203703703703695,7.5,3.0,2,8,interaction_mid,0.9525832036916928,0.9410788160214622
1529267,2026,13,1,1,16.203703703703695,6.731707317073171,8.300000000000011,2,8,interaction_mid,0.9859367425801548,0.9823706773938126
1529267,2026,13,2,1,16.203703703703695,6.0,13.0,2,8,interaction_mid,0.9914437753310366,0.9889670396239759
1529267,2026,13,3,1,16.203703703703695,6.0,12.699999999999989,2,8,interaction_mid,0.991541441710921,0.9890859249594464
1529267,2026,13,4,1,16.203703703703695,6.0,12.400000000000006,2,8,interaction_mid,0.9916364040874472,0.9892015954100465
1529267,2026,13,5,1,16.203703703703695,6.0,12.099999999999994,2,8,interaction_mid,0.9917828755057119,0.9893801573581213
1529267,2026,13,6,1,16.203703703703695,6.0,11.800000000000011,2,8,interaction_mid,0.9914780437359907,0.9890087441283785
1529267,2026,13,7,1,16.203703703703695,6.0,11.5,2,8,interaction_mid,0.9916195108473158,0.9891810127666154
1529267,2026,14,1,1,16.203703703703695,5.314285714285714,15.5,2,8,interaction_mid,0.9933863207278568,0.991738249268513
1529267,2026,14,2,1,16.203703703703695,5.294117647058823,15.200000000000017,2,8,interaction_mid,0.9935025435930848,0.9918767222083489
1529267,2026,14,3,1,16.203703703703695,5.2727272727272725,14.900000000000006,2,8,interaction_mid,0.9937160118637152,0.9921313681917836
1529267,2026,14,4,1,16.203703703703695,4.6875,17.599999999999994,2,8,interaction_mid,0.9944432312937004,0.9930020649654727
1529267,2026,14,5,1,16.203703703703695,4.64516129032258,17.30000000000001,2,8,interaction_mid,0.9946385266587028,0.9932367894957274
1529267,2026,14,6,1,16.203703703703695,4.800000000000001,16.0,2,8,interaction_mid,0.9948879381026692,0.9935371490471403
1529267,2026,15,1,1,16.203703703703695,3.724137931034483,20.700000000000017,2,8,interaction_mid,0.9941584862188484,0.9927922966222827
1529267,2026,15,2,1,16.203703703703695,2.571428571428571,25.400000000000006,2,8,interaction_mid,0.9915167380157901,0.9897047456990186
1529267,2026,15,3,1,16.203703703703695,2.6666666666666665,19.712500000000006,3,7,interaction_mid,0.9933221684666788,0.9918090583716757
1529267,2026,15,4,1,16.203703703703695,2.5384615384615383,19.57499999999999,3,7,interaction_mid,0.9806008417128065,0.9773231607025861
1529267,2026,15,5,1,16.203703703703695,2.4000000000000004,19.4375,3,7,interaction_mid,0.9809775964614161,0.9777434705277244
1529267,2026,15,6,1,16.203703703703695,2.25,19.30000000000001,3,7,interaction_mid,0.9849433154714231,0.9821937678923364
1529267,2026,15,7,1,16.203703703703695,2.0869565217391304,19.162499999999994,3,7,interaction_mid,0.9853023010359243,0.982599195679176
