match_id,season,over,ball,is_winner,target_above_par,required_run_rate,score_vs_par,wickets_lost,wickets_remaining,candidate,raw_pred,cal_pred
1473438,2025,7,1,1,-21.625,6.857142857142857,24.650000000000006,0,10,terminal_interaction_mid,0.9681439751078884,0.9485384172816458
1473438,2025,7,2,1,-21.625,6.947368421052632,23.199999999999996,0,10,terminal_interaction_mid,0.9661873286621487,0.945908347390547
1473438,2025,7,3,1,-21.625,6.959999999999999,22.75,0,10,terminal_interaction_mid,0.967005322923522,0.9470045138094936
1473438,2025,7,4,1,-21.625,6.972972972972972,22.30000000000001,0,10,terminal_interaction_mid,0.9674476979759293,0.9475993207678254
1473438,2025,7,5,1,-21.625,6.986301369863014,21.849999999999994,0,10,terminal_interaction_mid,0.9684957005468925,0.9490141738253671
1473438,2025,7,6,1,-21.625,7.0,21.39999999999999,0,10,terminal_interaction_mid,0.9701628380823047,0.9512821169804939
1473438,2025,8,1,1,-21.625,6.76056338028169,23.950000000000003,0,10,terminal_interaction_mid,0.9734219083330748,0.9593596223851731
1473438,2025,8,2,1,-21.625,6.857142857142857,22.5,0,10,terminal_interaction_mid,0.9727358421671752,0.9584539277237133
1473438,2025,8,3,1,-21.625,6.9565217391304355,11.044999999999987,1,9,terminal_interaction_mid,0.96905899060241,0.9536540982195327
1473438,2025,8,4,1,-21.625,7.0588235294117645,9.739999999999995,1,9,terminal_interaction_mid,0.9556716384330026,0.9368150431631319
1473438,2025,8,5,1,-21.625,7.164179104477611,8.435000000000016,1,9,terminal_interaction_mid,0.9512372731399686,0.9314171489601636
1473438,2025,8,6,1,-21.625,7.181818181818182,8.130000000000024,1,9,terminal_interaction_mid,0.9533589208561564,0.9339900518513108
1473438,2025,9,1,1,-21.625,7.199999999999999,7.825000000000003,1,9,terminal_interaction_mid,0.9535482391462973,0.9301489909240787
1473438,2025,9,2,1,-21.625,7.3125,6.519999999999996,1,9,terminal_interaction_mid,0.949036088783815,0.9245670036541449
1473438,2025,9,3,1,-21.625,7.333333333333334,6.215000000000003,1,9,terminal_interaction_mid,0.9519607696961692,0.9281741950218986
1473438,2025,9,4,1,-21.625,7.35483870967742,5.910000000000011,1,9,terminal_interaction_mid,0.9461210771926107,0.921009692769321
1473438,2025,9,5,1,-21.625,7.3770491803278695,5.605000000000004,1,9,terminal_interaction_mid,0.9410349213709823,0.9148869343893177
1473438,2025,9,6,1,-21.625,7.1,8.299999999999997,1,9,terminal_interaction_mid,0.9626831119666293,0.9417706084499994
1473438,2025,10,1,1,-21.625,7.11864406779661,7.9950000000000045,1,9,terminal_interaction_mid,0.9619291191594785,0.9488646985101346
1473438,2025,10,2,1,-21.625,7.137931034482759,7.690000000000012,1,9,terminal_interaction_mid,0.9630633571289882,0.9502123793106476
1473438,2025,10,3,1,-21.625,6.631578947368421,12.385000000000005,1,9,terminal_interaction_mid,0.9806677894476016,0.9719320295751791
1473438,2025,10,4,1,-21.625,6.642857142857143,12.080000000000013,1,9,terminal_interaction_mid,0.9818969583359027,0.9735213308244163
1473438,2025,10,5,1,-21.625,6.654545454545454,11.774999999999991,1,9,terminal_interaction_mid,0.9809115383458276,0.9722462175787199
1473438,2025,10,6,1,-21.625,6.666666666666667,11.469999999999999,1,9,terminal_interaction_mid,0.9818932062042736,0.9735164603207896
1473438,2025,11,1,1,-21.625,6.679245283018868,11.164999999999992,1,9,terminal_interaction_mid,0.9823827274381769,0.9765710858342695
1473438,2025,11,2,1,-21.625,6.6923076923076925,10.86,1,9,terminal_interaction_mid,0.9809342356347269,0.974821044555869
1473438,2025,11,3,1,-21.625,6.705882352941177,10.555000000000007,1,9,terminal_interaction_mid,0.9820545266653726,0.9761734329360154
1473438,2025,11,4,1,-21.625,6.84,2.0,2,8,terminal_interaction_mid,0.9498130522922905,0.9392822799286934
1473438,2025,11,5,1,-21.625,6.979591836734693,0.8400000000000034,2,8,terminal_interaction_mid,0.9448263201412734,0.9338355929087162
1473438,2025,11,6,1,-21.625,7.0,0.6800000000000068,2,8,terminal_interaction_mid,0.944428186592718,0.9334028969549011
1473438,2025,12,1,1,-21.625,7.148936170212766,-0.47999999999998977,2,8,terminal_interaction_mid,0.9366689855935089,0.9245111543775675
1473438,2025,12,2,1,-21.625,7.304347826086957,-1.6400000000000006,2,8,terminal_interaction_mid,0.9162192895646538,0.9027602119131741
1473438,2025,12,3,1,-21.625,7.199999999999999,-0.7999999999999972,2,8,terminal_interaction_mid,0.9335465381095087,0.921148787746884
1473438,2025,12,4,1,-21.625,7.2272727272727275,-0.9599999999999937,2,8,terminal_interaction_mid,0.937170866275868,0.9250531373376258
1473438,2025,12,5,1,-21.625,6.837209302325581,1.8799999999999955,2,8,terminal_interaction_mid,0.96191664312577,0.9524083649347825
1473438,2025,12,6,1,-21.625,6.857142857142857,1.7199999999999989,2,8,terminal_interaction_mid,0.9622089983282603,0.9527403921637794
1473438,2025,13,1,1,-21.625,6.878048780487804,1.5600000000000165,2,8,terminal_interaction_mid,0.9625538869063599,0.9558853725430653
1473438,2025,13,2,1,-21.625,6.1499999999999995,6.3999999999999915,2,8,terminal_interaction_mid,0.985574203690665,0.9820246619259804
1473438,2025,13,3,1,-21.625,6.153846153846153,6.240000000000009,2,8,terminal_interaction_mid,0.9854833400156436,0.9819179564408121
1473438,2025,13,4,1,-21.625,6.157894736842106,6.0800000000000125,2,8,terminal_interaction_mid,0.9861786335966145,0.9827355110446103
1473438,2025,13,5,1,-21.625,6.162162162162161,5.920000000000016,2,8,terminal_interaction_mid,0.9848984750748456,0.9812320706566584
1473438,2025,13,6,1,-21.625,6.166666666666666,5.759999999999991,2,8,terminal_interaction_mid,0.9855648755743629,0.9820137056273037
1473438,2025,14,1,1,-21.625,6.171428571428571,5.600000000000023,2,8,terminal_interaction_mid,0.9849566743457167,0.9817036730205916
1473438,2025,14,2,1,-21.625,5.647058823529411,8.439999999999998,2,8,terminal_interaction_mid,0.9897280669276489,0.9872610558292281
1473438,2025,14,3,1,-21.625,5.090909090909091,11.280000000000001,2,8,terminal_interaction_mid,0.9914353841483021,0.9892803868903238
1473438,2025,14,4,1,-21.625,4.875,12.120000000000005,2,8,terminal_interaction_mid,0.9918438178084183,0.9897664403702521
1473438,2025,14,5,1,-21.625,4.258064516129032,14.960000000000008,2,8,terminal_interaction_mid,0.9925584067402399,0.990619916092741
1473438,2025,14,6,1,-21.625,3.5999999999999996,17.799999999999983,2,8,terminal_interaction_mid,0.992825095689305,0.9909395056942752
1473438,2025,15,1,1,-21.625,3.5172413793103443,17.640000000000015,2,8,terminal_interaction_mid,0.9932032199989161,0.991660179487697
1473438,2025,15,2,1,-21.625,2.7857142857142856,20.47999999999999,2,8,terminal_interaction_mid,0.9927699014389634,0.9911528049229027
1473438,2025,15,3,1,-21.625,2.888888888888889,15.405000000000001,3,7,terminal_interaction_mid,0.991770444620605,0.9899877018156903
1473438,2025,15,4,1,-21.625,2.0769230769230766,18.389999999999986,3,7,terminal_interaction_mid,0.9883752989783692,0.9860745042282104
1473438,2025,15,5,1,-21.625,2.16,17.375,3,7,terminal_interaction_mid,0.9896371691456565,0.9875217332276772
1473438,2025,15,6,1,-21.625,2.0,17.360000000000014,3,7,terminal_interaction_mid,0.990636781191387,0.9886739804231796
1473439,2025,7,1,0,97.61538461538461,15.818181818181817,-73.53833333333333,3,7,terminal_interaction_mid,0.006184861574563694,0.012898465990621976
1473439,2025,7,2,0,97.61538461538461,15.552631578947368,-69.20666666666665,3,7,terminal_interaction_mid,0.008166957124558463,0.01632475072201725
1473439,2025,7,3,0,97.61538461538461,15.759999999999998,-70.875,3,7,terminal_interaction_mid,0.007518423519181854,0.015219908687470652
1473439,2025,7,4,0,97.61538461538461,15.891891891891891,-71.54333333333335,3,7,terminal_interaction_mid,0.007287151865202435,0.01482231073503705
1473439,2025,7,5,0,97.61538461538461,16.027397260273972,-72.21166666666667,3,7,terminal_interaction_mid,0.006955920278325508,0.014249361412078861
1473439,2025,7,6,0,97.61538461538461,15.916666666666666,-69.88000000000002,3,7,terminal_interaction_mid,0.008154588201698081,0.01630381274504435
1473439,2025,8,1,0,97.61538461538461,15.633802816901408,-65.54833333333335,3,7,terminal_interaction_mid,0.009951091372701379,0.017367240456617458
1473439,2025,8,2,0,97.61538461538461,15.857142857142858,-67.21666666666667,3,7,terminal_interaction_mid,0.009142657436309012,0.016131355405952882
1473439,2025,8,3,0,97.61538461538461,16.0,-67.88500000000002,3,7,terminal_interaction_mid,0.00922120935398925,0.016252063665882516
1473439,2025,8,4,0,97.61538461538461,16.235294117647058,-69.55333333333334,3,7,terminal_interaction_mid,0.008605236450630011,0.015301728495039104
1473439,2025,8,5,0,97.61538461538461,16.388059701492537,-70.22166666666666,3,7,terminal_interaction_mid,0.0076533911471801325,0.013815018933911035
1473439,2025,8,6,0,97.61538461538461,16.272727272727273,-67.88999999999999,3,7,terminal_interaction_mid,0.008284187462663987,0.014802841394107782
1473439,2025,9,1,0,97.61538461538461,16.52307692307692,-69.55833333333334,3,7,terminal_interaction_mid,0.008014114533383422,0.016611903078936757
1473439,2025,9,2,0,97.61538461538461,16.6875,-70.22666666666669,3,7,terminal_interaction_mid,0.0073489320392755835,0.015440981826171856
1473439,2025,9,3,0,97.61538461538461,16.38095238095238,-65.89500000000001,3,7,terminal_interaction_mid,0.009149160262399357,0.018574321704171306
1473439,2025,9,4,0,97.61538461538461,16.548387096774196,-66.56333333333333,3,7,terminal_interaction_mid,0.009065357840764902,0.01843085529963472
1473439,2025,9,5,0,97.61538461538461,16.721311475409834,-67.23166666666671,3,7,terminal_interaction_mid,0.008899022913667579,0.01814544957351155
1473439,2025,9,6,0,97.61538461538461,16.900000000000002,-67.9,3,7,terminal_interaction_mid,0.008103297181573143,0.01676766348430815
1473439,2025,10,1,0,97.61538461538461,17.084745762711865,-68.56833333333336,3,7,terminal_interaction_mid,0.007111805050951475,0.012239247157455838
1473439,2025,10,2,0,97.61538461538461,17.275862068965516,-69.23666666666665,3,7,terminal_interaction_mid,0.006327910663228104,0.011030104396578692
1473439,2025,10,3,0,97.61538461538461,17.57894736842105,-70.905,3,7,terminal_interaction_mid,0.005739054920541095,0.010110724807897436
1473439,2025,10,4,0,97.61538461538461,17.892857142857142,-72.57333333333332,3,7,terminal_interaction_mid,0.004893999754628601,0.008772395320077554
1473439,2025,10,5,0,97.61538461538461,18.10909090909091,-73.24166666666667,3,7,terminal_interaction_mid,0.004549129797267909,0.008219000111497584
1473439,2025,10,6,0,97.61538461538461,18.333333333333332,-73.91000000000003,3,7,terminal_interaction_mid,0.004242223764914085,0.0077225991089506256
1473439,2025,11,1,0,97.61538461538461,18.566037735849058,-74.57833333333335,3,7,terminal_interaction_mid,0.0037156451323513418,0.00613690932521826
1473439,2025,11,2,0,97.61538461538461,18.923076923076923,-76.24666666666667,3,7,terminal_interaction_mid,0.0033236375018754123,0.0055416383191036625
1473439,2025,11,3,0,97.61538461538461,19.294117647058826,-77.91499999999999,3,7,terminal_interaction_mid,0.0027176357182910355,0.004609066328474208
1473439,2025,11,4,0,97.61538461538461,19.56,-78.58333333333331,3,7,terminal_interaction_mid,0.002526841192185367,0.0043118971215036946
1473439,2025,11,5,0,97.61538461538461,19.836734693877553,-79.25166666666667,3,7,terminal_interaction_mid,0.002294670154598614,0.003947658978469425
1473439,2025,11,6,0,97.61538461538461,20.25,-80.91999999999999,3,7,terminal_interaction_mid,0.002050465767104888,0.003561111844307322
1473439,2025,12,1,0,97.61538461538461,20.680851063829785,-82.58833333333334,3,7,terminal_interaction_mid,0.0017334169364841717,0.003023738137632503
1473439,2025,12,2,0,97.61538461538461,20.869565217391305,-82.25666666666666,3,7,terminal_interaction_mid,0.0017395934275878041,0.003033609448437484
1473439,2025,12,3,0,97.61538461538461,20.53333333333333,-77.92500000000001,3,7,terminal_interaction_mid,0.0021416702232856123,0.003670286173344373
1473439,2025,12,4,0,97.61538461538461,20.181818181818183,-73.59333333333336,3,7,terminal_interaction_mid,0.0028201592198268243,0.004722542403644169
1473439,2025,12,5,0,97.61538461538461,20.51162790697674,-74.26166666666668,3,7,terminal_interaction_mid,0.002446157536016537,0.00414557562910878
1473439,2025,12,6,0,97.61538461538461,20.142857142857142,-69.93,3,7,terminal_interaction_mid,0.0035005051825031087,0.005755898677599451
1473439,2025,12,7,0,97.61538461538461,20.48780487804878,-70.59833333333333,3,7,terminal_interaction_mid,0.003124603098729168,0.005187333011604143
1473439,2025,12,8,0,97.61538461538461,20.4,-68.26666666666668,3,7,terminal_interaction_mid,0.0034333870709852936,0.00565478291141416
1473439,2025,13,1,0,97.61538461538461,19.756097560975608,-65.59833333333333,3,7,terminal_interaction_mid,0.004227564753782531,0.0056931075741227305
1473439,2025,13,2,0,97.61538461538461,20.1,-66.26666666666668,3,7,terminal_interaction_mid,0.0038446660372829884,0.005204728090396419
1473439,2025,13,3,0,97.61538461538461,20.615384615384613,-67.935,3,7,terminal_interaction_mid,0.0032883926357920143,0.004490226971231233
1473439,2025,13,4,0,97.61538461538461,21.0,-68.60333333333332,3,7,terminal_interaction_mid,0.0026777959781020873,0.003698024757202972
1473439,2025,13,5,0,97.61538461538461,21.405405405405403,-69.27166666666668,3,7,terminal_interaction_mid,0.002258904236515001,0.0031487904242961558
1473439,2025,13,6,0,97.61538461538461,21.0,-64.94,3,7,terminal_interaction_mid,0.003074745901141504,0.004214058987444722
1473439,2025,13,7,0,97.61538461538461,21.6,-74.94999999999999,4,6,terminal_interaction_mid,0.0014676883244159238,0.002094683759151427
1473439,2025,14,1,0,97.61538461538461,21.6,-74.94999999999999,4,6,terminal_interaction_mid,0.0022584316861123032,0.003038081540172491
1473439,2025,14,2,0,97.61538461538461,22.235294117647058,-84.48333333333335,5,5,terminal_interaction_mid,0.0012485284127781175,0.0017289473783584522
1473439,2025,14,3,0,97.61538461538461,22.727272727272727,-84.67500000000001,5,5,terminal_interaction_mid,0.0010481191062812732,0.0014638562483666575
1473439,2025,14,4,0,97.61538461538461,23.4375,-85.86666666666667,5,5,terminal_interaction_mid,0.0009669496857466196,0.0013558035297268243
1473439,2025,14,5,0,97.61538461538461,23.032258064516128,-81.05833333333334,5,5,terminal_interaction_mid,0.0011131617778087344,0.0015501434562121448
1473439,2025,14,6,0,97.61538461538461,23.599999999999998,-81.25,5,5,terminal_interaction_mid,0.0009731431276863703,0.0013640634679511988
1473439,2025,15,1,0,97.61538461538461,24.413793103448274,-82.44166666666666,5,5,terminal_interaction_mid,0.0008346838030909068,0.0011395439874777936
1473439,2025,15,2,0,97.61538461538461,25.071428571428573,-82.63333333333333,5,5,terminal_interaction_mid,0.0007719792948154379,0.0010574967654636317
1473439,2025,15,3,0,97.61538461538461,25.77777777777778,-82.82499999999999,5,5,terminal_interaction_mid,0.0007298681139014797,0.0010022340867767545
1473439,2025,15,4,0,97.61538461538461,26.53846153846154,-83.01666666666665,5,5,terminal_interaction_mid,0.0006936729223656908,0.0009546245648255856
1473439,2025,15,5,0,97.61538461538461,27.36,-83.20833333333337,5,5,terminal_interaction_mid,0.0006691822246563096,0.0009223497707194955
1473439,2025,15,6,0,97.61538461538461,28.5,-84.40000000000003,5,5,terminal_interaction_mid,0.0006277189908049881,0.0008675900117506018
1473440,2025,7,1,1,-9.740740740740733,6.311688311688312,9.512500000000003,1,9,terminal_interaction_mid,0.980385389898401,0.9657381934490871
1473440,2025,7,2,1,-9.740740740740733,6.315789473684211,9.349999999999994,1,9,terminal_interaction_mid,0.9791109053404203,0.9638759124540308
1473440,2025,7,3,1,-9.740740740740733,6.24,10.1875,1,9,terminal_interaction_mid,0.9810422763723576,0.9667059707978805
1473440,2025,7,4,1,-9.740740740740733,6.324324324324324,9.025000000000006,1,9,terminal_interaction_mid,0.9798416254771647,0.9649412128084692
1473440,2025,7,5,1,-9.740740740740733,6.41095890410959,-1.566666666666677,2,8,terminal_interaction_mid,0.9317698632763205,0.9030071633797268
1473440,2025,7,6,1,-9.740740740740733,6.416666666666666,-1.6000000000000085,2,8,terminal_interaction_mid,0.9187811129908419,0.8879853138365644
1473440,2025,8,1,1,-9.740740740740733,6.253521126760563,0.36666666666667425,2,8,terminal_interaction_mid,0.9337180903055511,0.9107612889809276
1473440,2025,8,2,1,-9.740740740740733,6.342857142857143,-0.666666666666643,2,8,terminal_interaction_mid,0.9342380235255842,0.91136089626959
1473440,2025,8,3,1,-9.740740740740733,6.3478260869565215,-0.7000000000000028,2,8,terminal_interaction_mid,0.9314263125324422,0.908127026048676
1473440,2025,8,4,1,-9.740740740740733,6.352941176470589,-0.7333333333333343,2,8,terminal_interaction_mid,0.9367904106881773,0.9143153153680148
1473440,2025,8,5,1,-9.740740740740733,6.35820895522388,-0.7666666666666515,2,8,terminal_interaction_mid,0.9398093303590214,0.9178339594877589
1473440,2025,8,6,1,-9.740740740740733,6.363636363636363,-0.7999999999999972,2,8,terminal_interaction_mid,0.9432569339802621,0.9218860645205837
1473440,2025,8,7,1,-9.740740740740733,5.907692307692308,4.166666666666671,2,8,terminal_interaction_mid,0.9610531728919165,0.943477581719508
1473440,2025,9,1,1,-9.740740740740733,5.723076923076923,6.166666666666671,2,8,terminal_interaction_mid,0.9821623911143695,0.9685791785089242
1473440,2025,9,2,1,-9.740740740740733,5.71875,6.13333333333334,2,8,terminal_interaction_mid,0.9822113349592201,0.9686515250351916
1473440,2025,9,3,1,-9.740740740740733,5.809523809523809,5.1000000000000085,2,8,terminal_interaction_mid,0.9804816862473451,0.9661146690993867
1473440,2025,9,4,1,-9.740740740740733,5.903225806451613,-3.941666666666663,3,7,terminal_interaction_mid,0.9381444669507031,0.9114517278622732
1473440,2025,9,5,1,-9.740740740740733,5.9016393442622945,-3.8458333333333456,3,7,terminal_interaction_mid,0.9359902364521735,0.90891111611337
1473440,2025,9,6,1,-9.740740740740733,6.0,-4.75,3,7,terminal_interaction_mid,0.9384159856992718,0.9117731161577775
1473440,2025,10,1,1,-9.740740740740733,6.0,-4.654166666666669,3,7,terminal_interaction_mid,0.9327140289405547,0.9155539452977677
1473440,2025,10,2,1,-9.740740740740733,6.1034482758620685,-5.558333333333323,3,7,terminal_interaction_mid,0.9362075404656045,0.9194196031528613
1473440,2025,10,3,1,-9.740740740740733,6.105263157894737,-5.4624999999999915,3,7,terminal_interaction_mid,0.9385385525412524,0.922014175822738
1473440,2025,10,4,1,-9.740740740740733,6.107142857142857,-5.366666666666674,3,7,terminal_interaction_mid,0.9414240089300486,0.9252436432758664
1473440,2025,10,5,1,-9.740740740740733,6.218181818181819,-6.270833333333343,3,7,terminal_interaction_mid,0.9397386325171173,0.9233548963421727
1473440,2025,10,6,1,-9.740740740740733,6.222222222222221,-6.175000000000011,3,7,terminal_interaction_mid,0.9360541215485192,0.919249273679745
1473440,2025,11,1,1,-9.740740740740733,5.660377358490566,-1.07916666666668,3,7,terminal_interaction_mid,0.9640323678506946,0.9551303787830152
1473440,2025,11,2,1,-9.740740740740733,5.653846153846153,-0.9833333333333343,3,7,terminal_interaction_mid,0.9649447693493642,0.956166074638223
1473440,2025,11,3,1,-9.740740740740733,5.764705882352941,-1.8875000000000028,3,7,terminal_interaction_mid,0.9596967071544329,0.9502424055514189
1473440,2025,11,4,1,-9.740740740740733,5.88,-9.25,4,6,terminal_interaction_mid,0.9235276949854339,0.9110729697067919
1473440,2025,11,5,1,-9.740740740740733,5.877551020408163,-9.025000000000006,4,6,terminal_interaction_mid,0.9228853670414581,0.9103973459128186
1473440,2025,11,6,1,-9.740740740740733,6.0,-9.799999999999997,4,6,terminal_interaction_mid,0.9223025580834872,0.9097848163506456
1473440,2025,12,1,1,-9.740740740740733,6.127659574468085,-10.575000000000003,4,6,terminal_interaction_mid,0.9245866265146983,0.9115862575168436
1473440,2025,12,2,1,-9.740740740740733,6.260869565217391,-11.350000000000009,4,6,terminal_interaction_mid,0.911317116412971,0.8976314720194964
1473440,2025,12,3,1,-9.740740740740733,6.2666666666666675,-11.125,4,6,terminal_interaction_mid,0.9133857242334187,0.8997920660319922
1473440,2025,12,4,1,-9.740740740740733,6.136363636363637,-9.900000000000006,4,6,terminal_interaction_mid,0.9383348653405283,0.926311829127572
1473440,2025,12,5,1,-9.740740740740733,6.279069767441861,-10.675000000000011,4,6,terminal_interaction_mid,0.9258382910747363,0.9129148645976879
1473440,2025,12,6,1,-9.740740740740733,6.2857142857142865,-10.450000000000003,4,6,terminal_interaction_mid,0.9281381253652041,0.9153620420377363
1473440,2025,13,1,1,-9.740740740740733,6.2926829268292686,-10.225000000000009,4,6,terminal_interaction_mid,0.9261593375398953,0.9165995941231682
1473440,2025,13,2,1,-9.740740740740733,6.449999999999999,-11.0,4,6,terminal_interaction_mid,0.9171000785912675,0.907058664277813
1473440,2025,13,3,1,-9.740740740740733,6.461538461538462,-10.774999999999991,4,6,terminal_interaction_mid,0.915438277455475,0.9053166225833957
1473440,2025,13,4,1,-9.740740740740733,6.473684210526316,-10.550000000000011,4,6,terminal_interaction_mid,0.9259437769822374,0.916371664904185
1473440,2025,13,5,1,-9.740740740740733,6.648648648648649,-11.324999999999989,4,6,terminal_interaction_mid,0.9136956551971349,0.9034924252015071
1473440,2025,13,6,1,-9.740740740740733,6.666666666666667,-11.100000000000009,4,6,terminal_interaction_mid,0.9135473205806874,0.9033372665144587
1473440,2025,14,1,1,-9.740740740740733,6.857142857142857,-16.395833333333314,5,5,terminal_interaction_mid,0.8296195134909528,0.8189783490223322
1473440,2025,14,2,1,-9.740740740740733,7.0588235294117645,-17.041666666666686,5,5,terminal_interaction_mid,0.8232828206723088,0.8126606998963232
1473440,2025,14,3,1,-9.740740740740733,7.272727272727273,-17.6875,5,5,terminal_interaction_mid,0.8068950496255345,0.7963863392749692
1473440,2025,14,4,1,-9.740740740740733,7.3125,-17.333333333333343,5,5,terminal_interaction_mid,0.8089538994888539,0.7984260895537778
1473440,2025,14,5,1,-9.740740740740733,7.35483870967742,-16.979166666666657,5,5,terminal_interaction_mid,0.8190900438980504,0.8084883386962798
1473440,2025,14,6,1,-9.740740740740733,7.4,-16.625,5,5,terminal_interaction_mid,0.8100129568332638,0.7994758493456415
1473440,2025,15,1,1,-9.740740740740733,7.448275862068966,-16.270833333333343,5,5,terminal_interaction_mid,0.8162724468153142,0.8076749380784963
1473440,2025,15,2,1,-9.740740740740733,7.5,-15.916666666666657,5,5,terminal_interaction_mid,0.8250726711846531,0.8164103762571906
1473440,2025,15,3,1,-9.740740740740733,7.555555555555555,-15.5625,5,5,terminal_interaction_mid,0.814680976352204,0.8060976064339049
1473440,2025,15,4,1,-9.740740740740733,7.615384615384615,-15.208333333333314,5,5,terminal_interaction_mid,0.8249079083161144,0.8162466129619423
1473440,2025,15,5,1,-9.740740740740733,7.68,-14.854166666666686,5,5,terminal_interaction_mid,0.8136606736061198,0.8050867484187283
1473440,2025,15,6,1,-9.740740740740733,7.75,-14.5,5,5,terminal_interaction_mid,0.8259722509362442,0.8173046453492939
1473441,2025,7,1,1,-22.5,11.142857142857142,-74.94583333333333,5,5,terminal_interaction_mid,0.07051994274584124,0.09951925786724121
1473441,2025,7,2,1,-22.5,11.210526315789474,-74.81666666666666,5,5,terminal_interaction_mid,0.07923783145245762,0.10958222978117796
1473441,2025,7,3,1,-22.5,11.040000000000001,-71.6875,5,5,terminal_interaction_mid,0.08988801633994004,0.12159517009223553
1473441,2025,7,4,1,-22.5,11.18918918918919,-72.55833333333334,5,5,terminal_interaction_mid,0.09111764328372379,0.1229640749681883
1473441,2025,7,5,1,-22.5,11.342465753424658,-73.42916666666667,5,5,terminal_interaction_mid,0.089827612994015,0.12152783299813824
1473441,2025,7,6,1,-22.5,11.5,-74.29999999999998,5,5,terminal_interaction_mid,0.0889976681926503,0.12060173829931756
1473441,2025,8,1,1,-22.5,11.154929577464788,-69.17083333333332,5,5,terminal_interaction_mid,0.11647759894605354,0.14469940184269564
1473441,2025,8,2,1,-22.5,11.228571428571428,-69.04166666666666,5,5,terminal_interaction_mid,0.11364819606787824,0.14170721884818827
1473441,2025,8,3,1,-22.5,11.043478260869565,-65.9125,5,5,terminal_interaction_mid,0.12567185838930403,0.15434295725946884
1473441,2025,8,4,1,-22.5,11.205882352941178,-66.78333333333333,5,5,terminal_interaction_mid,0.12531881033040376,0.15397482321559344
1473441,2025,8,5,1,-22.5,11.373134328358208,-67.65416666666667,5,5,terminal_interaction_mid,0.12374854295009906,0.15233540908004062
1473441,2025,8,6,1,-22.5,11.545454545454547,-68.525,5,5,terminal_interaction_mid,0.11718031580240469,0.14544070888641195
1473441,2025,9,1,1,-22.5,11.63076923076923,-68.39583333333334,5,5,terminal_interaction_mid,0.11508559269279893,0.1522574738239106
1473441,2025,9,2,1,-22.5,11.625,-67.26666666666668,5,5,terminal_interaction_mid,0.12131385022122215,0.15893705240024636
1473441,2025,9,3,1,-22.5,11.714285714285714,-67.13750000000002,5,5,terminal_interaction_mid,0.11801088495315212,0.15540357962260845
1473441,2025,9,4,1,-22.5,11.903225806451612,-68.00833333333333,5,5,terminal_interaction_mid,0.1099188168719169,0.14666094098763807
1473441,2025,9,5,1,-22.5,12.098360655737704,-68.87916666666666,5,5,terminal_interaction_mid,0.10021963049156807,0.13600900656693804
1473441,2025,9,6,1,-22.5,12.2,-68.75,5,5,terminal_interaction_mid,0.09609876197813493,0.1314215124682062
1473441,2025,10,1,1,-22.5,12.305084745762711,-68.62083333333334,5,5,terminal_interaction_mid,0.08998608077597808,0.1149573256409308
1473441,2025,10,2,1,-22.5,12.517241379310345,-69.49166666666667,5,5,terminal_interaction_mid,0.08681122642516444,0.11141742428324754
1473441,2025,10,3,1,-22.5,12.631578947368421,-69.36249999999998,5,5,terminal_interaction_mid,0.08247236880372903,0.10654948200136742
1473441,2025,10,4,1,-22.5,12.857142857142858,-70.23333333333332,5,5,terminal_interaction_mid,0.0764828964191686,0.09976902864155614
1473441,2025,10,5,1,-22.5,12.654545454545453,-67.10416666666669,5,5,terminal_interaction_mid,0.09160361981390573,0.11675392686966778
1473441,2025,10,6,1,-22.5,12.777777777777779,-66.975,5,5,terminal_interaction_mid,0.08878945255631623,0.11362524589822501
1473441,2025,11,1,1,-22.5,12.90566037735849,-66.84583333333333,5,5,terminal_interaction_mid,0.08821157397215354,0.10901779624948266
1473441,2025,11,2,1,-22.5,13.038461538461537,-66.71666666666667,5,5,terminal_interaction_mid,0.09229557817497222,0.11352985954529717
1473441,2025,11,3,1,-22.5,13.176470588235295,-66.5875,5,5,terminal_interaction_mid,0.09131672173146535,0.11245057238996586
1473441,2025,11,4,1,-22.5,13.440000000000001,-67.45833333333331,5,5,terminal_interaction_mid,0.08491175598557654,0.10535432342734811
1473441,2025,11,5,1,-22.5,13.591836734693878,-67.32916666666668,5,5,terminal_interaction_mid,0.08654139762899687,0.10716558937213398
1473441,2025,11,6,1,-22.5,13.75,-67.20000000000002,5,5,terminal_interaction_mid,0.08386061306596776,0.10418389256451363
1473441,2025,11,7,1,-22.5,13.914893617021276,-67.07083333333333,5,5,terminal_interaction_mid,0.0816688281633344,0.10173787930058124
1473441,2025,12,1,1,-22.5,13.148936170212766,-61.070833333333326,5,5,terminal_interaction_mid,0.095049542933342,0.11566595867320431
1473441,2025,12,2,1,-22.5,12.652173913043478,-55.94166666666666,5,5,terminal_interaction_mid,0.1158721985779416,0.13811714698942332
1473441,2025,12,3,1,-22.5,12.933333333333334,-64.65,6,4,terminal_interaction_mid,0.049768344834722714,0.06461055983513132
1473441,2025,12,4,1,-22.5,13.09090909090909,-64.34666666666666,6,4,terminal_interaction_mid,0.056820272036827026,0.07281944957977612
1473441,2025,12,5,1,-22.5,13.25581395348837,-64.04333333333335,6,4,terminal_interaction_mid,0.0681370691325047,0.08576781389921335
1473441,2025,12,6,1,-22.5,13.428571428571429,-63.74000000000001,6,4,terminal_interaction_mid,0.06509971893518954,0.08231756814682231
1473441,2025,13,1,1,-22.5,13.170731707317074,-60.43666666666667,6,4,terminal_interaction_mid,0.07646956381396564,0.08686644656253258
1473441,2025,13,2,1,-22.5,13.350000000000001,-60.133333333333326,6,4,terminal_interaction_mid,0.07673208735541365,0.08714536039888135
1473441,2025,13,3,1,-22.5,13.538461538461538,-59.83000000000001,6,4,terminal_interaction_mid,0.07569222483267926,0.08604017703606189
1473441,2025,13,4,1,-22.5,13.263157894736842,-56.52666666666667,6,4,terminal_interaction_mid,0.0839174324399844,0.0947538158191877
1473441,2025,13,5,1,-22.5,12.648648648648647,-51.22333333333333,6,4,terminal_interaction_mid,0.10942070040862419,0.12140761910988936
1473441,2025,13,6,1,-22.5,12.833333333333332,-50.91999999999999,6,4,terminal_interaction_mid,0.09511141593607715,0.10651582910628725
1473441,2025,14,1,1,-22.5,12.514285714285716,-47.616666666666674,6,4,terminal_interaction_mid,0.1029981536023502,0.11337170219801113
1473441,2025,14,2,1,-22.5,12.705882352941178,-47.31333333333333,6,4,terminal_interaction_mid,0.09756546813453273,0.10773685977109641
1473441,2025,14,3,1,-22.5,12.909090909090908,-47.00999999999999,6,4,terminal_interaction_mid,0.10425723536999805,0.11467485413340407
1473441,2025,14,4,1,-22.5,13.125,-46.70666666666665,6,4,terminal_interaction_mid,0.10402883366947341,0.11443853404971152
1473441,2025,14,5,1,-22.5,12.387096774193548,-41.403333333333336,6,4,terminal_interaction_mid,0.13086094018495523,0.14198868118639957
1473441,2025,14,6,1,-22.5,12.600000000000001,-41.099999999999994,6,4,terminal_interaction_mid,0.12849791139070998,0.13957842350445032
1473441,2025,14,7,1,-22.5,12.827586206896552,-40.79666666666665,6,4,terminal_interaction_mid,0.12120716645698826,0.13212342960206092
1473441,2025,15,1,1,-22.5,11.586206896551724,-34.79666666666665,6,4,terminal_interaction_mid,0.1758916506676313,0.18685897937714455
1473441,2025,15,2,1,-22.5,11.142857142857142,-31.49333333333331,6,4,terminal_interaction_mid,0.23062383030561798,0.24131635917916494
1473441,2025,15,3,1,-22.5,11.333333333333332,-31.189999999999998,6,4,terminal_interaction_mid,0.2243677430865184,0.23513325738574123
1473441,2025,15,4,1,-22.5,10.846153846153847,-27.886666666666656,6,4,terminal_interaction_mid,0.2896095303884285,0.29919069878832605
1473441,2025,15,5,1,-22.5,10.32,-24.583333333333314,6,4,terminal_interaction_mid,0.3819509672965714,0.3886496651557742
1473441,2025,15,6,1,-22.5,10.5,-24.279999999999973,6,4,terminal_interaction_mid,0.3923067969943139,0.39862095922972635
1473442,2025,7,1,0,67.25,13.09090909090909,-26.66749999999999,1,9,terminal_interaction_mid,0.13523550992163696,0.17008294459084336
1473442,2025,7,2,0,67.25,12.947368421052632,-24.49000000000001,1,9,terminal_interaction_mid,0.15308076411527238,0.18825161636641652
1473442,2025,7,3,0,67.25,13.12,-26.3125,1,9,terminal_interaction_mid,0.14699866753893154,0.18210731832385302
1473442,2025,7,4,0,67.25,13.216216216216216,-27.13499999999999,1,9,terminal_interaction_mid,0.1448898778345595,0.1799656902656098
1473442,2025,7,5,0,67.25,13.397260273972602,-28.95750000000001,1,9,terminal_interaction_mid,0.13415905344559703,0.16897277971030722
1473442,2025,7,6,0,67.25,13.5,-29.779999999999987,1,9,terminal_interaction_mid,0.12053525123038511,0.15476830593529914
1473442,2025,8,1,0,67.25,13.35211267605634,-27.602500000000006,1,9,terminal_interaction_mid,0.13800808056575292,0.1671046467893261
1473442,2025,8,2,0,67.25,13.200000000000001,-25.424999999999997,1,9,terminal_interaction_mid,0.15246885000575344,0.1818315892197181
1473442,2025,8,3,0,67.25,13.391304347826088,-27.247500000000016,1,9,terminal_interaction_mid,0.14978470721706583,0.17911574102501251
1473442,2025,8,4,0,67.25,13.588235294117647,-29.069999999999993,1,9,terminal_interaction_mid,0.13200653894857323,0.16092031220763153
1473442,2025,8,5,0,67.25,13.701492537313435,-29.892499999999984,1,9,terminal_interaction_mid,0.1278585448230385,0.15661936369896054
1473442,2025,8,6,0,67.25,13.81818181818182,-30.714999999999975,1,9,terminal_interaction_mid,0.1251177630268543,0.15376510979756056
1473442,2025,8,7,0,67.25,13.938461538461539,-31.537499999999994,1,9,terminal_interaction_mid,0.1223924436571969,0.15091687487286232
1473442,2025,9,1,0,67.25,13.384615384615385,-25.537499999999994,1,9,terminal_interaction_mid,0.1562067215852545,0.19519103570689703
1473442,2025,9,2,0,67.25,13.5,-26.36,1,9,terminal_interaction_mid,0.14435982453374122,0.1830850124158063
1473442,2025,9,3,0,67.25,13.619047619047619,-27.182500000000005,1,9,terminal_interaction_mid,0.13637228523330408,0.17481022983038005
1473442,2025,9,4,0,67.25,13.741935483870968,-28.004999999999967,1,9,terminal_interaction_mid,0.14220392268582283,0.18086087161451375
1473442,2025,9,5,0,67.25,13.868852459016395,-28.827499999999986,1,9,terminal_interaction_mid,0.13009288683957737,0.16823638593040482
1473442,2025,9,6,0,67.25,14.0,-29.650000000000006,1,9,terminal_interaction_mid,0.12837863348688464,0.16643073708623543
1473442,2025,10,1,0,67.25,14.135593220338983,-30.472499999999997,1,9,terminal_interaction_mid,0.11849575392265912,0.1460119124734457
1473442,2025,10,2,0,67.25,14.172413793103448,-30.294999999999987,1,9,terminal_interaction_mid,0.11301877894970098,0.1401393792762495
1473442,2025,10,3,0,67.25,14.315789473684209,-31.117500000000007,1,9,terminal_interaction_mid,0.10255191495465263,0.12879840135075935
1473442,2025,10,4,0,67.25,13.92857142857143,-26.939999999999998,1,9,terminal_interaction_mid,0.13985211123100516,0.16854861897139226
1473442,2025,10,5,0,67.25,14.07272727272727,-27.762500000000017,1,9,terminal_interaction_mid,0.14828151307881232,0.1773004899450629
1473442,2025,10,6,0,67.25,13.666666666666666,-23.58499999999998,1,9,terminal_interaction_mid,0.16957975280607326,0.19909765964845821
1473442,2025,11,1,0,67.25,13.471698113207548,-21.4075,1,9,terminal_interaction_mid,0.2049067920105037,0.23110159625738755
1473442,2025,11,2,0,67.25,13.615384615384615,-22.22999999999999,1,9,terminal_interaction_mid,0.20289525902450992,0.2290879478358712
1473442,2025,11,3,0,67.25,13.76470588235294,-23.05249999999998,1,9,terminal_interaction_mid,0.1913109484786136,0.21744311982156894
1473442,2025,11,4,0,67.25,13.919999999999998,-23.875,1,9,terminal_interaction_mid,0.17702030642381072,0.2029576870233635
1473442,2025,11,5,0,67.25,13.46938775510204,-19.69750000000002,1,9,terminal_interaction_mid,0.2372462424154777,0.2631631501147046
1473442,2025,11,6,0,67.25,13.25,-17.519999999999982,1,9,terminal_interaction_mid,0.2543503266651429,0.2799047344671144
1473442,2025,11,7,0,67.25,13.53191489361702,-19.3425,1,9,terminal_interaction_mid,0.24727029587246352,0.2729914462076698
1473442,2025,12,1,0,67.25,12.76595744680851,-13.342500000000001,1,9,terminal_interaction_mid,0.2922739889747805,0.31476693993812654
1473442,2025,12,2,0,67.25,12.913043478260867,-14.16500000000002,1,9,terminal_interaction_mid,0.2852442333381776,0.30803258745199025
1473442,2025,12,3,0,67.25,13.200000000000001,-25.099999999999994,2,8,terminal_interaction_mid,0.19000656466640303,0.21469023752800928
1473442,2025,12,4,0,67.25,13.363636363636363,-25.72,2,8,terminal_interaction_mid,0.20103516369978663,0.22573797514355592
1473442,2025,12,5,0,67.25,13.11627906976744,-23.340000000000003,2,8,terminal_interaction_mid,0.2225384800159819,0.2470769115126941
1473442,2025,12,6,0,67.25,13.142857142857144,-22.95999999999998,2,8,terminal_interaction_mid,0.2347234750792631,0.25906043662473477
1473442,2025,13,1,0,67.25,12.585365853658537,-18.579999999999984,2,8,terminal_interaction_mid,0.26879469903848346,0.28041954405108005
1473442,2025,13,2,0,67.25,12.299999999999999,-16.200000000000017,2,8,terminal_interaction_mid,0.2906387849739394,0.30158285377886673
1473442,2025,13,3,0,67.25,12.615384615384617,-17.819999999999993,2,8,terminal_interaction_mid,0.2847988462626313,0.29593496264097596
1473442,2025,13,4,0,67.25,12.0,-13.43999999999997,2,8,terminal_interaction_mid,0.33596306093781675,0.34519950622671364
1473442,2025,13,5,0,67.25,12.324324324324323,-15.060000000000002,2,8,terminal_interaction_mid,0.3236651097724706,0.33339985585842413
1473442,2025,13,6,0,67.25,12.5,-15.680000000000007,2,8,terminal_interaction_mid,0.31577495270678807,0.32581643847174446
1473442,2025,14,1,0,67.25,12.685714285714287,-16.299999999999983,2,8,terminal_interaction_mid,0.30553510377465365,0.314665523250504
1473442,2025,14,2,0,67.25,12.882352941176471,-16.919999999999987,2,8,terminal_interaction_mid,0.30063677604144345,0.3099257199591129
1473442,2025,14,3,0,67.25,13.272727272727272,-18.54000000000002,2,8,terminal_interaction_mid,0.2946265899534456,0.3041044512525442
1473442,2025,14,4,0,67.25,13.5,-19.159999999999997,2,8,terminal_interaction_mid,0.28674162808967396,0.2964576186041796
1473442,2025,14,5,0,67.25,13.935483870967744,-20.78,2,8,terminal_interaction_mid,0.27466944222008627,0.28472746536950094
1473442,2025,14,6,0,67.25,14.2,-21.400000000000006,2,8,terminal_interaction_mid,0.2676341669147839,0.27787821817827046
1473442,2025,14,7,0,67.25,14.482758620689655,-22.019999999999982,2,8,terminal_interaction_mid,0.25527669068018655,0.26582223548812495
1473442,2025,15,1,0,67.25,14.068965517241377,-20.019999999999982,2,8,terminal_interaction_mid,0.27739331985976245,0.2872613637733662
1473442,2025,15,2,0,67.25,14.357142857142858,-20.640000000000015,2,8,terminal_interaction_mid,0.26123258622576356,0.2714373098193815
1473442,2025,15,3,0,67.25,14.666666666666668,-21.25999999999999,2,8,terminal_interaction_mid,0.23810384037182186,0.24869667322898537
1473442,2025,15,4,0,67.25,15.0,-21.879999999999995,2,8,terminal_interaction_mid,0.22581544285064117,0.23656493027951295
1473442,2025,15,5,0,67.25,15.36,-22.49999999999997,2,8,terminal_interaction_mid,0.21347686021627216,0.22434572767258418
1473442,2025,15,6,0,67.25,15.5,-22.120000000000005,2,8,terminal_interaction_mid,0.22006167126738044,0.23087172304443865
1473443,2025,7,1,1,-29.0,8.103896103896105,-15.7975,1,9,terminal_interaction_mid,0.8219968791422287,0.7867356200298109
1473443,2025,7,2,1,-29.0,8.131578947368421,-15.930000000000007,1,9,terminal_interaction_mid,0.8210278655921741,0.7857874008402078
1473443,2025,7,3,1,-29.0,8.24,-17.0625,1,9,terminal_interaction_mid,0.8061129843271486,0.7713099347516341
1473443,2025,7,4,1,-29.0,8.27027027027027,-17.194999999999993,1,9,terminal_interaction_mid,0.8027789890142596,0.7681024641909304
1473443,2025,7,5,1,-29.0,8.301369863013699,-17.3275,1,9,terminal_interaction_mid,0.8077804140562097,0.772917899318396
1473443,2025,7,6,1,-29.0,8.083333333333334,-14.459999999999994,1,9,terminal_interaction_mid,0.8229171600881684,0.7876370502339026
1473443,2025,8,1,1,-29.0,8.112676056338028,-14.592500000000001,1,9,terminal_interaction_mid,0.8418063483403762,0.8128418860668416
1473443,2025,8,2,1,-29.0,8.142857142857142,-14.724999999999994,1,9,terminal_interaction_mid,0.8369337613849028,0.8079686087890801
1473443,2025,8,3,1,-29.0,8.173913043478262,-14.857500000000002,1,9,terminal_interaction_mid,0.8411797517362058,0.8122138729322228
1473443,2025,8,4,1,-29.0,8.205882352941178,-14.989999999999995,1,9,terminal_interaction_mid,0.8289438003692902,0.800027209395392
1473443,2025,8,5,1,-29.0,8.238805970149254,-15.122499999999988,1,9,terminal_interaction_mid,0.836793673385658,0.8078288473938066
1473443,2025,8,6,1,-29.0,8.272727272727273,-15.254999999999981,1,9,terminal_interaction_mid,0.8314755061326542,0.8025370221717147
1473443,2025,9,1,1,-29.0,8.399999999999999,-16.38749999999999,1,9,terminal_interaction_mid,0.824732000834641,0.7918057862558178
1473443,2025,9,2,1,-29.0,8.53125,-17.519999999999996,1,9,terminal_interaction_mid,0.8216605590931221,0.7888307053414721
1473443,2025,9,3,1,-29.0,8.095238095238095,-12.65249999999999,1,9,terminal_interaction_mid,0.8564059183176937,0.8230973451782995
1473443,2025,9,4,1,-29.0,8.032258064516128,-11.784999999999982,1,9,terminal_interaction_mid,0.8658221081813198,0.8326431100755128
1473443,2025,9,5,1,-29.0,8.065573770491802,-11.917500000000004,1,9,terminal_interaction_mid,0.8660362279258481,0.8328616351863639
1473443,2025,9,6,1,-29.0,8.2,-13.050000000000011,1,9,terminal_interaction_mid,0.8644999412788412,0.8312952133569302
1473443,2025,10,1,1,-29.0,8.338983050847459,-21.60666666666667,2,8,terminal_interaction_mid,0.8032605625475076,0.7840251434136019
1473443,2025,10,2,1,-29.0,8.379310344827587,-21.61333333333333,2,8,terminal_interaction_mid,0.81761415175412,0.7978551477827406
1473443,2025,10,3,1,-29.0,8.421052631578947,-21.620000000000005,2,8,terminal_interaction_mid,0.8302805766419057,0.810172497673712
1473443,2025,10,4,1,-29.0,8.464285714285715,-21.62666666666668,2,8,terminal_interaction_mid,0.8212084780539167,0.8013391633463519
1473443,2025,10,5,1,-29.0,7.963636363636365,-16.633333333333326,2,8,terminal_interaction_mid,0.8686975648840609,0.8483017125920257
1473443,2025,10,6,1,-29.0,8.0,-16.639999999999986,2,8,terminal_interaction_mid,0.8671886881180063,0.8467790815183273
1473443,2025,11,1,1,-29.0,7.471698113207546,-11.646666666666675,2,8,terminal_interaction_mid,0.8979248959542601,0.8845384321337779
1473443,2025,11,2,1,-29.0,7.5,-11.653333333333336,2,8,terminal_interaction_mid,0.8994633172917104,0.8861120494282824
1473443,2025,11,3,1,-29.0,7.529411764705882,-11.659999999999982,2,8,terminal_interaction_mid,0.8912901808582637,0.8777787632783822
1473443,2025,11,4,1,-29.0,7.68,-12.666666666666657,2,8,terminal_interaction_mid,0.8955313630866488,0.882094869065107
1473443,2025,11,5,1,-29.0,7.714285714285715,-12.673333333333332,2,8,terminal_interaction_mid,0.8927277784511287,0.8792398274141411
1473443,2025,11,6,1,-29.0,7.75,-12.679999999999993,2,8,terminal_interaction_mid,0.88359492456457,0.8699901713283046
1473443,2025,12,1,1,-29.0,7.404255319148936,-9.686666666666667,2,8,terminal_interaction_mid,0.9052230437907127,0.8912957825082014
1473443,2025,12,2,1,-29.0,7.434782608695652,-9.693333333333342,2,8,terminal_interaction_mid,0.912522824346597,0.8988901623213729
1473443,2025,12,3,1,-29.0,7.066666666666666,-6.699999999999989,2,8,terminal_interaction_mid,0.9359443570566978,0.9237293870568125
1473443,2025,12,4,1,-29.0,7.090909090909092,-6.7066666666666634,2,8,terminal_interaction_mid,0.9355722797982924,0.9233283173494962
1473443,2025,12,5,1,-29.0,7.116279069767442,-6.713333333333338,2,8,terminal_interaction_mid,0.9313944919364636,0.9188406989972298
1473443,2025,12,6,1,-29.0,7.0,-5.719999999999999,2,8,terminal_interaction_mid,0.9428209319537862,0.9311856496247787
1473443,2025,13,1,1,-29.0,7.024390243902438,-5.7266666666666595,2,8,terminal_interaction_mid,0.937242962205876,0.9283844806824187
1473443,2025,13,2,1,-29.0,7.050000000000001,-5.7333333333333485,2,8,terminal_interaction_mid,0.9401346957230019,0.9314817525075486
1473443,2025,13,3,1,-29.0,7.076923076923077,-5.739999999999995,2,8,terminal_interaction_mid,0.9371981598078508,0.9283365714655406
1473443,2025,13,4,1,-29.0,7.105263157894736,-5.7466666666666555,2,8,terminal_interaction_mid,0.9383789412093209,0.9296000183016901
1473443,2025,13,5,1,-29.0,7.135135135135135,-5.75333333333333,2,8,terminal_interaction_mid,0.9318514005119367,0.9226353453328141
1473443,2025,13,6,1,-29.0,7.166666666666666,-5.760000000000005,2,8,terminal_interaction_mid,0.9342423719025319,0.9251808908874808
1473443,2025,14,1,1,-29.0,7.199999999999999,-5.7666666666666515,2,8,terminal_interaction_mid,0.9324686329601957,0.9242386651299432
1473443,2025,14,2,1,-29.0,7.235294117647058,-5.773333333333326,2,8,terminal_interaction_mid,0.928364950872293,0.919903992279505
1473443,2025,14,3,1,-29.0,7.272727272727273,-5.780000000000001,2,8,terminal_interaction_mid,0.9323470991400098,0.9241100612682068
1473443,2025,14,4,1,-29.0,7.3125,-5.786666666666662,2,8,terminal_interaction_mid,0.928908351288431,0.9204770788938637
1473443,2025,14,5,1,-29.0,7.35483870967742,-5.7933333333333366,2,8,terminal_interaction_mid,0.9326683060757283,0.924449984897865
1473443,2025,14,6,1,-29.0,6.8,-2.8000000000000114,2,8,terminal_interaction_mid,0.9539573736682512,0.9472290401233902
1473443,2025,15,1,1,-29.0,6.206896551724139,0.19333333333334224,2,8,terminal_interaction_mid,0.9792551987346362,0.9757978815962728
1473443,2025,15,2,1,-29.0,6.428571428571429,-0.8133333333333326,2,8,terminal_interaction_mid,0.9731154226793788,0.9690114348293712
1473443,2025,15,3,1,-29.0,6.444444444444445,-0.8199999999999932,2,8,terminal_interaction_mid,0.9702105405063668,0.9658285427526934
1473443,2025,15,4,1,-29.0,6.6923076923076925,-1.826666666666668,2,8,terminal_interaction_mid,0.9584701031082784,0.9531104067676924
1473443,2025,15,5,1,-29.0,6.720000000000001,-1.8333333333333286,2,8,terminal_interaction_mid,0.9585294776627737,0.9531742122723593
1473443,2025,15,6,1,-29.0,6.75,-1.8399999999999892,2,8,terminal_interaction_mid,0.9599828424460752,0.9547375271955366
1473444,2025,7,1,1,-5.357142857142861,7.324675324675324,16.72500000000001,1,9,terminal_interaction_mid,0.9361305629229766,0.9081680107712241
1473444,2025,7,2,1,-5.357142857142861,7.342105263157894,16.299999999999997,1,9,terminal_interaction_mid,0.9377921598250121,0.9101517023063316
1473444,2025,7,3,1,-5.357142857142861,7.120000000000001,18.875,1,9,terminal_interaction_mid,0.9521217115400145,0.9277060381669185
1473444,2025,7,4,1,-5.357142857142861,7.135135135135135,18.450000000000003,1,9,terminal_interaction_mid,0.9509877382762075,0.9262846822574844
1473444,2025,7,5,1,-5.357142857142861,7.15068493150685,18.02499999999999,1,9,terminal_interaction_mid,0.9529146445466751,0.9287035756098073
1473444,2025,7,6,1,-5.357142857142861,7.166666666666666,17.60000000000001,1,9,terminal_interaction_mid,0.9560096437315599,0.9326270965875015
1473444,2025,7,7,1,-5.357142857142861,7.183098591549296,17.174999999999997,1,9,terminal_interaction_mid,0.9567250759587772,0.9335410762027451
1473444,2025,7,8,1,-5.357142857142861,6.942857142857143,19.75,1,9,terminal_interaction_mid,0.967102021385603,0.9471344114474233
1473444,2025,7,9,1,-5.357142857142861,6.9565217391304355,19.32499999999999,1,9,terminal_interaction_mid,0.96732486647261,0.947434022246006
1473444,2025,8,1,1,-5.357142857142861,6.507042253521128,25.174999999999997,1,9,terminal_interaction_mid,0.9738072105504934,0.959869747675937
1473444,2025,8,2,1,-5.357142857142861,6.514285714285714,24.75,1,9,terminal_interaction_mid,0.973954825052364,0.9600654697039805
1473444,2025,8,3,1,-5.357142857142861,6.260869565217391,27.32499999999999,1,9,terminal_interaction_mid,0.9730735548406533,0.958899334474322
1473444,2025,8,4,1,-5.357142857142861,6.264705882352942,26.900000000000006,1,9,terminal_interaction_mid,0.9738329858950241,0.9599039117131665
1473444,2025,8,5,1,-5.357142857142861,6.35820895522388,14.866666666666688,2,8,terminal_interaction_mid,0.964171696510971,0.9474009071532558
1473444,2025,8,6,1,-5.357142857142861,6.454545454545454,13.600000000000009,2,8,terminal_interaction_mid,0.9468270321592867,0.926122550833665
1473444,2025,8,7,1,-5.357142857142861,6.553846153846154,12.333333333333343,2,8,terminal_interaction_mid,0.951774760255396,0.9320673117771957
1473444,2025,9,1,1,-5.357142857142861,6.184615384615384,16.333333333333343,2,8,terminal_interaction_mid,0.957421977151017,0.9350210976082357
1473444,2025,9,2,1,-5.357142857142861,6.1875,16.066666666666677,2,8,terminal_interaction_mid,0.9594473840447904,0.937600485967599
1473444,2025,9,3,1,-5.357142857142861,6.190476190476192,15.800000000000011,2,8,terminal_interaction_mid,0.9607611512836044,0.9392860866103895
1473444,2025,9,4,1,-5.357142857142861,6.193548387096774,15.533333333333331,2,8,terminal_interaction_mid,0.9660787459138132,0.9462177357017169
1473444,2025,9,5,1,-5.357142857142861,6.19672131147541,15.26666666666668,2,8,terminal_interaction_mid,0.9675222137678208,0.9481320601193128
1473444,2025,9,6,1,-5.357142857142861,6.200000000000001,15.0,2,8,terminal_interaction_mid,0.9697821795019819,0.9511601253493803
1473444,2025,10,1,1,-5.357142857142861,6.305084745762713,13.733333333333334,2,8,terminal_interaction_mid,0.9708379554749138,0.9595990879616045
1473444,2025,10,2,1,-5.357142857142861,6.310344827586206,13.466666666666669,2,8,terminal_interaction_mid,0.9711599515050744,0.9599940346009658
1473444,2025,10,3,1,-5.357142857142861,6.0,16.200000000000003,2,8,terminal_interaction_mid,0.9781875323701399,0.968760739575853
1473444,2025,10,4,1,-5.357142857142861,5.678571428571429,18.933333333333323,2,8,terminal_interaction_mid,0.9820084081532214,0.9736660542552794
1473444,2025,10,5,1,-5.357142857142861,5.781818181818181,17.66666666666667,2,8,terminal_interaction_mid,0.9822229810026718,0.9739449874018312
1473444,2025,10,6,1,-5.357142857142861,5.888888888888889,7.849999999999994,3,7,terminal_interaction_mid,0.9684038973090159,0.9566304233335339
1473444,2025,10,7,1,-5.357142857142861,6.0,6.741666666666646,3,7,terminal_interaction_mid,0.9619813555212595,0.9489266534978993
1473444,2025,11,1,1,-5.357142857142861,5.320754716981132,12.741666666666646,3,7,terminal_interaction_mid,0.968402499674406,0.9601152923423053
1473444,2025,11,2,1,-5.357142857142861,5.423076923076923,11.633333333333326,3,7,terminal_interaction_mid,0.9712766731947758,0.9634295069974825
1473444,2025,11,3,1,-5.357142857142861,5.529411764705882,10.525000000000006,3,7,terminal_interaction_mid,0.9735969264122101,0.9661279897306616
1473444,2025,11,4,1,-5.357142857142861,5.5200000000000005,10.416666666666686,3,7,terminal_interaction_mid,0.9747620259186107,0.9674913867742165
1473444,2025,11,5,1,-5.357142857142861,5.142857142857142,13.308333333333337,3,7,terminal_interaction_mid,0.9786966184963577,0.9721413976946658
1473444,2025,11,6,1,-5.357142857142861,5.25,12.200000000000017,3,7,terminal_interaction_mid,0.9798268134665892,0.9734914056306458
1473444,2025,12,1,1,-5.357142857142861,5.23404255319149,12.091666666666669,3,7,terminal_interaction_mid,0.9861338612557811,0.9810376196986487
1473444,2025,12,2,1,-5.357142857142861,5.217391304347826,11.98333333333332,3,7,terminal_interaction_mid,0.9862315051733334,0.9811595440598463
1473444,2025,12,3,1,-5.357142857142861,5.2,11.875,3,7,terminal_interaction_mid,0.9870322558656244,0.982162427148615
1473444,2025,12,4,1,-5.357142857142861,5.181818181818182,11.766666666666652,3,7,terminal_interaction_mid,0.9865272118815591,0.9815292633749884
1473444,2025,12,5,1,-5.357142857142861,5.162790697674419,11.658333333333303,3,7,terminal_interaction_mid,0.9877107392379936,0.9830165628277744
1473444,2025,12,6,1,-5.357142857142861,5.285714285714286,3.9000000000000057,4,6,terminal_interaction_mid,0.9607021316747455,0.9510316805020353
1473444,2025,13,1,1,-5.357142857142861,5.2682926829268295,3.9499999999999886,4,6,terminal_interaction_mid,0.9550202406942463,0.9475984864398164
1473444,2025,13,2,1,-5.357142857142861,5.25,4.0,4,6,terminal_interaction_mid,0.9533305696314294,0.945752980895764
1473444,2025,13,3,1,-5.357142857142861,5.230769230769231,4.050000000000011,4,6,terminal_interaction_mid,0.9552674024705292,0.9478688242697983
1473444,2025,13,4,1,-5.357142857142861,4.7368421052631575,7.099999999999994,4,6,terminal_interaction_mid,0.9762348171721457,0.9712331623723448
1473444,2025,13,5,1,-5.357142857142861,4.702702702702703,7.150000000000006,4,6,terminal_interaction_mid,0.9770268520777012,0.9721364548819245
1473444,2025,13,6,1,-5.357142857142861,4.666666666666667,7.199999999999989,4,6,terminal_interaction_mid,0.9787346181669401,0.9740907965975882
1473444,2025,14,1,1,-5.357142857142861,4.628571428571429,7.25,4,6,terminal_interaction_mid,0.9802048302039572,0.9762641920934291
1473444,2025,14,2,1,-5.357142857142861,4.764705882352941,0.9166666666666572,5,5,terminal_interaction_mid,0.9390796143575865,0.9312564228539835
1473444,2025,14,3,1,-5.357142857142861,4.727272727272727,1.125,5,5,terminal_interaction_mid,0.9337689805318607,0.9256155562244667
1473444,2025,14,4,1,-5.357142857142861,4.6875,1.3333333333333144,5,5,terminal_interaction_mid,0.9370926038544465,0.9291424599063255
1473444,2025,14,5,1,-5.357142857142861,4.064516129032258,4.541666666666657,5,5,terminal_interaction_mid,0.9420579211893869,0.9344329514446191
1473444,2025,14,6,1,-5.357142857142861,4.199999999999999,3.75,5,5,terminal_interaction_mid,0.9530853293766829,0.9462850977740916
1473444,2025,14,7,1,-5.357142857142861,3.1034482758620694,8.958333333333343,5,5,terminal_interaction_mid,0.9708202645153836,0.9657198802054435
1473444,2025,15,1,1,-5.357142857142861,2.896551724137931,9.958333333333343,5,5,terminal_interaction_mid,0.9710724921946332,0.9667712952746356
1473444,2025,15,2,1,-5.357142857142861,1.7142857142857142,15.166666666666686,5,5,terminal_interaction_mid,0.9802699422059515,0.9769283322696659
1473444,2025,15,3,1,-5.357142857142861,0.8888888888888888,18.375,5,5,terminal_interaction_mid,0.9906385428985035,0.98867601600167
1473444,2025,15,4,1,-5.357142857142861,0.6923076923076923,18.583333333333343,5,5,terminal_interaction_mid,0.991021460480739,0.9891188876455372
1473444,2025,15,5,1,-5.357142857142861,0.48,18.791666666666657,5,5,terminal_interaction_mid,0.991404865750777,0.989563198312748
1473444,2025,15,6,1,-5.357142857142861,0.5,18.0,5,5,terminal_interaction_mid,0.9910306024786364,0.9891294715478874
1473445,2025,7,1,0,31.60714285714286,12.233766233766232,-67.96333333333332,3,7,terminal_interaction_mid,0.046552128175732344,0.07050793251628189
1473445,2025,7,2,0,31.60714285714286,12.315789473684212,-68.10666666666665,3,7,terminal_interaction_mid,0.04342673457836382,0.06654319344808972
1473445,2025,7,3,0,31.60714285714286,12.400000000000002,-68.25,3,7,terminal_interaction_mid,0.04184254934486065,0.0645139745912802
1473445,2025,7,4,0,31.60714285714286,12.486486486486488,-68.39333333333335,3,7,terminal_interaction_mid,0.042288559525177044,0.06508666004281782
1473445,2025,7,5,0,31.60714285714286,12.493150684931507,-67.53666666666668,3,7,terminal_interaction_mid,0.04356425968878486,0.06671871533265074
1473445,2025,7,6,0,31.60714285714286,12.666666666666668,-68.68,3,7,terminal_interaction_mid,0.04106645603676982,0.06351482321252605
1473445,2025,8,1,0,31.60714285714286,12.760563380281688,-68.82333333333335,3,7,terminal_interaction_mid,0.04146424308877485,0.0598176864188223
1473445,2025,8,2,0,31.60714285714286,12.857142857142858,-68.96666666666667,3,7,terminal_interaction_mid,0.04010758499658083,0.05812873821074299
1473445,2025,8,3,0,31.60714285714286,12.695652173913043,-66.11,3,7,terminal_interaction_mid,0.052102368390705825,0.0727935466584134
1473445,2025,8,4,0,31.60714285714286,12.794117647058822,-66.25333333333334,3,7,terminal_interaction_mid,0.05529362986345328,0.07660339590686481
1473445,2025,8,5,0,31.60714285714286,12.985074626865671,-78.34,4,6,terminal_interaction_mid,0.023144478952747394,0.03615541472228858
1473445,2025,8,6,0,31.60714285714286,13.09090909090909,-78.32,4,6,terminal_interaction_mid,0.0260858476345455,0.04009965375447231
1473445,2025,9,1,0,31.60714285714286,13.292307692307693,-79.30000000000001,4,6,terminal_interaction_mid,0.025951963072098183,0.04454318107343491
1473445,2025,9,2,0,31.60714285714286,12.9375,-74.28,4,6,terminal_interaction_mid,0.03648114586722696,0.05914628157439005
1473445,2025,9,3,0,31.60714285714286,13.142857142857144,-75.26000000000002,4,6,terminal_interaction_mid,0.03635571374874032,0.05897729495365864
1473445,2025,9,4,0,31.60714285714286,12.96774193548387,-72.23999999999998,4,6,terminal_interaction_mid,0.04500008798187481,0.07039223742963106
1473445,2025,9,5,0,31.60714285714286,13.081967213114755,-72.22,4,6,terminal_interaction_mid,0.04313173544222328,0.0679624680196878
1473445,2025,9,6,0,31.60714285714286,13.200000000000001,-72.19999999999999,4,6,terminal_interaction_mid,0.042198146142257295,0.06674101048351079
1473445,2025,10,1,0,31.60714285714286,13.322033898305083,-72.18,4,6,terminal_interaction_mid,0.0419078746568689,0.05890123774342937
1473445,2025,10,2,0,31.60714285714286,13.551724137931036,-73.16,4,6,terminal_interaction_mid,0.03881212898196102,0.055056498065411304
1473445,2025,10,3,0,31.60714285714286,13.68421052631579,-73.14000000000001,4,6,terminal_interaction_mid,0.036291370160263514,0.05189617726920703
1473445,2025,10,4,0,31.60714285714286,13.82142857142857,-73.12,4,6,terminal_interaction_mid,0.03647497242625428,0.052127306377157845
1473445,2025,10,5,0,31.60714285714286,13.963636363636363,-73.10000000000002,4,6,terminal_interaction_mid,0.035515198795417494,0.05091739939291709
1473445,2025,10,6,0,31.60714285714286,13.777777777777779,-70.07999999999998,4,6,terminal_interaction_mid,0.050598178387213186,0.06950270356283568
1473445,2025,11,1,0,31.60714285714286,14.037735849056602,-71.06000000000003,4,6,terminal_interaction_mid,0.04195327528798433,0.055834591047136714
1473445,2025,11,2,0,31.60714285714286,14.307692307692307,-72.03999999999999,4,6,terminal_interaction_mid,0.03596978492539645,0.04857896289233766
1473445,2025,11,3,0,31.60714285714286,14.470588235294116,-72.02000000000001,4,6,terminal_interaction_mid,0.031745895532864096,0.04338205563482043
1473445,2025,11,4,0,31.60714285714286,14.76,-73.0,4,6,terminal_interaction_mid,0.027041123323455634,0.03750916655801183
1473445,2025,11,5,0,31.60714285714286,14.938775510204081,-72.97999999999999,4,6,terminal_interaction_mid,0.02620985966384312,0.03646124962589715
1473445,2025,11,6,0,31.60714285714286,15.25,-73.96000000000001,4,6,terminal_interaction_mid,0.022991698997711696,0.032371997520563696
1473445,2025,12,1,0,31.60714285714286,15.574468085106382,-82.61666666666667,5,5,terminal_interaction_mid,0.011575765375812194,0.017175893303114587
1473445,2025,12,2,0,31.60714285714286,15.913043478260867,-83.43333333333334,5,5,terminal_interaction_mid,0.008977931895661186,0.013619818448179761
1473445,2025,12,3,0,31.60714285714286,16.133333333333333,-83.25,5,5,terminal_interaction_mid,0.008767719354439507,0.013328279631168633
1473445,2025,12,4,0,31.60714285714286,15.954545454545455,-80.06666666666666,5,5,terminal_interaction_mid,0.012157022744113184,0.017960953558620405
1473445,2025,12,5,0,31.60714285714286,16.325581395348838,-87.90666666666667,6,4,terminal_interaction_mid,0.006320615553441872,0.00988324674634098
1473445,2025,12,6,0,31.60714285714286,16.57142857142857,-87.56,6,4,terminal_interaction_mid,0.00648621716216025,0.0101197104775717
1473445,2025,13,1,0,31.60714285714286,16.829268292682926,-87.21333333333331,6,4,terminal_interaction_mid,0.006328692803880245,0.008333558781173964
1473445,2025,13,2,0,31.60714285714286,16.950000000000003,-85.86666666666667,6,4,terminal_interaction_mid,0.006506954384131658,0.008554999224478521
1473445,2025,13,3,0,31.60714285714286,17.23076923076923,-85.52000000000001,6,4,terminal_interaction_mid,0.006483671754557453,0.0085260970334934
1473445,2025,13,4,0,31.60714285714286,17.526315789473685,-85.17333333333332,6,4,terminal_interaction_mid,0.00627546040955659,0.00826736326949781
1473445,2025,13,5,0,31.60714285714286,17.83783783783784,-84.82666666666668,6,4,terminal_interaction_mid,0.006221394863295478,0.008200098707269803
1473445,2025,13,6,0,31.60714285714286,18.166666666666664,-84.47999999999999,6,4,terminal_interaction_mid,0.0061367818932613625,0.008094761715408606
1473445,2025,14,1,0,31.60714285714286,18.514285714285716,-84.13333333333333,6,4,terminal_interaction_mid,0.00634008781508298,0.008104127624095809
1473445,2025,14,2,0,31.60714285714286,18.705882352941178,-82.78666666666669,6,4,terminal_interaction_mid,0.006342604580300678,0.008107183716889408
1473445,2025,14,3,0,31.60714285714286,19.272727272727273,-83.44,6,4,terminal_interaction_mid,0.006076418157950052,0.007783604838144873
1473445,2025,14,4,0,31.60714285714286,19.6875,-83.09333333333333,6,4,terminal_interaction_mid,0.006021253484291341,0.007716456083847461
1473445,2025,14,5,0,31.60714285714286,19.935483870967744,-81.74666666666667,6,4,terminal_interaction_mid,0.0061919874375270375,0.007924179586837552
1473445,2025,14,6,0,31.60714285714286,19.799999999999997,-78.4,6,4,terminal_interaction_mid,0.006527148938587911,0.008331106589094866
1473445,2025,15,1,0,31.60714285714286,20.275862068965516,-78.05333333333334,6,4,terminal_interaction_mid,0.006467205058442338,0.00807442345433545
1473445,2025,15,2,0,31.60714285714286,21.0,-83.28,7,3,terminal_interaction_mid,0.005846276218290934,0.007331953393717336
1473445,2025,15,3,0,31.60714285714286,21.77777777777778,-83.77000000000001,7,3,terminal_interaction_mid,0.005778353931957485,0.007250524254913804
1473445,2025,15,4,0,31.60714285714286,22.153846153846153,-82.26000000000002,7,3,terminal_interaction_mid,0.005776694089183104,0.007248533797117795
1473445,2025,15,5,0,31.60714285714286,23.04,-82.75,7,3,terminal_interaction_mid,0.0057719186904167585,0.007242807067658125
1473445,2025,15,6,0,31.60714285714286,24.0,-83.23999999999998,7,3,terminal_interaction_mid,0.005768614853643207,0.0072388449312126395
1473446,2025,7,1,0,17.560000000000002,11.064935064935064,-40.386666666666656,2,8,terminal_interaction_mid,0.16789172736714555,0.2030245227327833
1473446,2025,7,2,0,17.560000000000002,10.894736842105264,-37.69333333333333,2,8,terminal_interaction_mid,0.18712980922464018,0.2218523693424612
1473446,2025,7,3,0,17.560000000000002,10.96,-38.0,2,8,terminal_interaction_mid,0.18755862520700364,0.22226779345196898
1473446,2025,7,4,0,17.560000000000002,11.027027027027028,-38.30666666666666,2,8,terminal_interaction_mid,0.18285778271967534,0.21770402093506097
1473446,2025,7,5,0,17.560000000000002,10.684931506849315,-33.613333333333344,2,8,terminal_interaction_mid,0.2364144465561392,0.26856793823382674
1473446,2025,7,6,0,17.560000000000002,10.75,-33.92,2,8,terminal_interaction_mid,0.21562182709616268,0.2490961567270187
1473446,2025,7,7,0,17.560000000000002,10.816901408450704,-34.22666666666666,2,8,terminal_interaction_mid,0.2149252708750708,0.2484382474188632
1473446,2025,8,1,0,17.560000000000002,10.563380281690142,-31.22666666666666,2,8,terminal_interaction_mid,0.27311015594579796,0.29783020081598954
1473446,2025,8,2,0,17.560000000000002,10.628571428571428,-31.533333333333303,2,8,terminal_interaction_mid,0.27056005844008363,0.29547111878716864
1473446,2025,8,3,0,17.560000000000002,10.695652173913043,-31.840000000000003,2,8,terminal_interaction_mid,0.2732422009801975,0.29795227298002086
1473446,2025,8,4,0,17.560000000000002,10.764705882352942,-32.14666666666666,2,8,terminal_interaction_mid,0.2514815147471464,0.2777213791073564
1473446,2025,8,5,0,17.560000000000002,10.835820895522389,-32.45333333333332,2,8,terminal_interaction_mid,0.2502858838090339,0.27660283058386737
1473446,2025,8,6,0,17.560000000000002,10.636363636363637,-29.75999999999999,2,8,terminal_interaction_mid,0.30861465584322545,0.33038546298295385
1473446,2025,9,1,0,17.560000000000002,10.707692307692309,-30.066666666666663,2,8,terminal_interaction_mid,0.30801256294961005,0.33843155391036805
1473446,2025,9,2,0,17.560000000000002,10.78125,-30.37333333333332,2,8,terminal_interaction_mid,0.30442266033437754,0.33522048919858444
1473446,2025,9,3,0,17.560000000000002,10.857142857142858,-30.679999999999993,2,8,terminal_interaction_mid,0.3013816308415192,0.33249565824040933
1473446,2025,9,4,0,17.560000000000002,10.838709677419354,-29.986666666666665,2,8,terminal_interaction_mid,0.3170326689521391,0.3464740816583069
1473446,2025,9,5,0,17.560000000000002,10.918032786885245,-30.293333333333322,2,8,terminal_interaction_mid,0.30511997184576717,0.33584468225865455
1473446,2025,9,6,0,17.560000000000002,11.100000000000001,-31.599999999999994,2,8,terminal_interaction_mid,0.30003297675144325,0.3312858240485732
1473446,2025,10,1,0,17.560000000000002,11.1864406779661,-31.906666666666666,2,8,terminal_interaction_mid,0.2839902305612873,0.3105134614807051
1473446,2025,10,2,0,17.560000000000002,11.275862068965518,-32.213333333333324,2,8,terminal_interaction_mid,0.2876755935090253,0.3139838524281331
1473446,2025,10,3,0,17.560000000000002,10.842105263157896,-27.519999999999996,2,8,terminal_interaction_mid,0.407558583454356,0.4243859349580602
1473446,2025,10,4,0,17.560000000000002,10.928571428571429,-27.826666666666668,2,8,terminal_interaction_mid,0.3907583208386087,0.40914421847353316
1473446,2025,10,5,0,17.560000000000002,11.01818181818182,-28.133333333333326,2,8,terminal_interaction_mid,0.3872080786335015,0.405915891949811
1473446,2025,10,6,0,17.560000000000002,11.222222222222223,-29.439999999999984,2,8,terminal_interaction_mid,0.3799884984236257,0.39934234265548607
1473446,2025,10,7,0,17.560000000000002,11.320754716981131,-29.746666666666684,2,8,terminal_interaction_mid,0.34694797316989756,0.36909435915544575
1473446,2025,11,1,0,17.560000000000002,11.320754716981131,-29.746666666666684,2,8,terminal_interaction_mid,0.3500242139032602,0.3714274285590232
1473446,2025,11,2,0,17.560000000000002,11.538461538461538,-31.05333333333334,2,8,terminal_interaction_mid,0.32550217643767443,0.3482609815217023
1473446,2025,11,3,0,17.560000000000002,11.76470588235294,-40.69,3,7,terminal_interaction_mid,0.1843947555835454,0.2104498631072102
1473446,2025,11,4,0,17.560000000000002,12.0,-41.833333333333314,3,7,terminal_interaction_mid,0.19199999588843997,0.21813813125192943
1473446,2025,11,5,0,17.560000000000002,12.0,-40.97666666666666,3,7,terminal_interaction_mid,0.2035601383068158,0.22975379444747593
1473446,2025,11,6,0,17.560000000000002,12.25,-42.120000000000005,3,7,terminal_interaction_mid,0.19244797173792846,0.21858982070809393
1473446,2025,12,1,0,17.560000000000002,12.382978723404255,-42.26333333333332,3,7,terminal_interaction_mid,0.19704984722232988,0.221754257708325
1473446,2025,12,2,0,17.560000000000002,12.652173913043478,-43.406666666666666,3,7,terminal_interaction_mid,0.16491439880837835,0.18926005360441986
1473446,2025,12,3,0,17.560000000000002,12.8,-43.55000000000001,3,7,terminal_interaction_mid,0.16090432436866073,0.18515461319809343
1473446,2025,12,4,0,17.560000000000002,12.272727272727273,-38.69333333333336,3,7,terminal_interaction_mid,0.22368662030841666,0.24820926543758906
1473446,2025,12,5,0,17.560000000000002,12.418604651162791,-38.83666666666667,3,7,terminal_interaction_mid,0.21896925623277724,0.24355238364377735
1473446,2025,12,6,0,17.560000000000002,12.714285714285715,-46.84,4,6,terminal_interaction_mid,0.11840140240903153,0.14081022983631472
1473446,2025,13,1,0,17.560000000000002,13.02439024390244,-47.82000000000002,4,6,terminal_interaction_mid,0.12637943063371204,0.13887495875144718
1473446,2025,13,2,0,17.560000000000002,13.200000000000001,-47.80000000000001,4,6,terminal_interaction_mid,0.12069923720576695,0.1330447043363862
1473446,2025,13,3,0,17.560000000000002,13.538461538461538,-48.78,4,6,terminal_interaction_mid,0.11669142773831416,0.1289189778339883
1473446,2025,13,4,0,17.560000000000002,13.578947368421051,-47.76000000000002,4,6,terminal_interaction_mid,0.12033716958059255,0.13267240035088074
1473446,2025,13,5,0,17.560000000000002,13.945945945945944,-48.73999999999998,4,6,terminal_interaction_mid,0.10539281454832992,0.11723089916841414
1473446,2025,13,6,0,17.560000000000002,14.166666666666668,-48.72,4,6,terminal_interaction_mid,0.09458939656739966,0.10596962621765088
1473446,2025,14,1,0,17.560000000000002,14.57142857142857,-49.69999999999999,4,6,terminal_interaction_mid,0.06792249455725294,0.07659877977177125
1473446,2025,14,2,0,17.560000000000002,15.0,-50.68000000000001,4,6,terminal_interaction_mid,0.0593350349373395,0.06743051418282944
1473446,2025,14,3,0,17.560000000000002,14.727272727272727,-47.66,4,6,terminal_interaction_mid,0.07800434149622057,0.08727078287886328
1473446,2025,14,4,0,17.560000000000002,15.1875,-48.639999999999986,4,6,terminal_interaction_mid,0.06300511960588956,0.07135826123449197
1473446,2025,14,5,0,17.560000000000002,15.483870967741936,-48.620000000000005,4,6,terminal_interaction_mid,0.05754943299984224,0.06551417780560935
1473446,2025,14,6,0,17.560000000000002,15.8,-48.599999999999994,4,6,terminal_interaction_mid,0.05738254910159469,0.06533489010242796
1473446,2025,15,1,0,17.560000000000002,16.137931034482758,-48.579999999999984,4,6,terminal_interaction_mid,0.05363377867723414,0.06067139352515198
1473446,2025,15,2,0,17.560000000000002,16.714285714285715,-49.56,4,6,terminal_interaction_mid,0.03738970708740449,0.0430540164403479
1473446,2025,15,3,0,17.560000000000002,17.333333333333332,-50.53999999999999,4,6,terminal_interaction_mid,0.03212308617079514,0.0372614553964003
1473446,2025,15,4,0,17.560000000000002,18.0,-51.52000000000001,4,6,terminal_interaction_mid,0.02750114338335942,0.032137498857419275
1473446,2025,15,5,0,17.560000000000002,18.48,-51.5,4,6,terminal_interaction_mid,0.025298745251346514,0.029680816267778118
1473446,2025,15,6,0,17.560000000000002,19.25,-56.400000000000006,5,5,terminal_interaction_mid,0.014517519893338963,0.017477141975557515
1473447,2025,7,1,1,-61.0,7.558441558441559,8.591666666666676,0,10,terminal_interaction_mid,0.9137518430682263,0.8822947345114012
1473447,2025,7,2,1,-61.0,7.5,9.233333333333327,0,10,terminal_interaction_mid,0.9156994993511857,0.8844907706511375
1473447,2025,7,3,1,-61.0,7.5200000000000005,8.875,0,10,terminal_interaction_mid,0.9159122773655666,0.8847312675085621
1473447,2025,7,4,1,-61.0,7.621621621621621,7.516666666666673,0,10,terminal_interaction_mid,0.9095953212283474,0.8776394851278737
1473447,2025,7,5,1,-61.0,7.397260273972603,10.158333333333324,0,10,terminal_interaction_mid,0.9356883644659197,0.9076417293032912
1473447,2025,7,6,1,-61.0,7.5,8.799999999999997,0,10,terminal_interaction_mid,0.9176147095853349,0.8866596905282644
1473447,2025,8,1,1,-61.0,7.521126760563381,8.441666666666663,0,10,terminal_interaction_mid,0.9154341866835383,0.8901047401600828
1473447,2025,8,2,1,-61.0,7.542857142857143,8.083333333333343,0,10,terminal_interaction_mid,0.9129610251699617,0.8873685219617702
1473447,2025,8,3,1,-61.0,7.565217391304348,7.724999999999994,0,10,terminal_interaction_mid,0.9133807010388076,0.8878319517265866
1473447,2025,8,4,1,-61.0,7.6764705882352935,6.36666666666666,0,10,terminal_interaction_mid,0.9038746201024139,0.8774193441707963
1473447,2025,8,5,1,-61.0,7.611940298507463,7.00833333333334,0,10,terminal_interaction_mid,0.9143950086447936,0.8889534939735562
1473447,2025,8,6,1,-61.0,7.545454545454545,7.650000000000006,0,10,terminal_interaction_mid,0.9265184371694675,0.9025315622522635
1473447,2025,9,1,1,-61.0,7.661538461538461,-2.5374999999999943,1,9,terminal_interaction_mid,0.885441918439795,0.8529620275808316
1473447,2025,9,2,1,-61.0,7.6875,-2.760000000000005,1,9,terminal_interaction_mid,0.8845421710224532,0.8520163300862761
1473447,2025,9,3,1,-61.0,7.428571428571429,0.017499999999998295,1,9,terminal_interaction_mid,0.9168861006381104,0.8870224244354082
1473447,2025,9,4,1,-61.0,7.161290322580646,2.795000000000016,1,9,terminal_interaction_mid,0.9426076818960393,0.916769303801235
1473447,2025,9,5,1,-61.0,6.688524590163934,7.572500000000005,1,9,terminal_interaction_mid,0.9728796803241471,0.9553768089217839
1473447,2025,9,6,1,-61.0,6.8,-1.7999999999999972,2,8,terminal_interaction_mid,0.9416338719732009,0.9156026718792255
1473447,2025,10,1,1,-61.0,6.813559322033899,-1.8866666666666703,2,8,terminal_interaction_mid,0.9360500441104047,0.9192447475316318
1473447,2025,10,2,1,-61.0,6.517241379310345,1.0266666666666708,2,8,terminal_interaction_mid,0.9516328128862295,0.9368431112233426
1473447,2025,10,3,1,-61.0,6.526315789473685,0.9399999999999977,2,8,terminal_interaction_mid,0.952847334614537,0.9382428590684936
1473447,2025,10,4,1,-61.0,6.0,5.853333333333325,2,8,terminal_interaction_mid,0.9775203317486568,0.9679151966392412
1473447,2025,10,5,1,-61.0,5.672727272727273,8.766666666666666,2,8,terminal_interaction_mid,0.9806948937608592,0.9719669432068984
1473447,2025,10,6,1,-61.0,5.666666666666666,8.680000000000021,2,8,terminal_interaction_mid,0.9820081989075558,0.9736657824397235
1473447,2025,10,7,1,-61.0,5.660377358490566,8.59333333333332,2,8,terminal_interaction_mid,0.982611628615094,0.9744512247531334
1473447,2025,11,1,1,-61.0,5.547169811320755,9.59333333333332,2,8,terminal_interaction_mid,0.9832686433004351,0.9776479221252279
1473447,2025,11,2,1,-61.0,5.653846153846153,1.443333333333328,3,7,terminal_interaction_mid,0.9641396376150126,0.9552520113335795
1473447,2025,11,3,1,-61.0,5.647058823529411,1.4924999999999926,3,7,terminal_interaction_mid,0.9637952206708936,0.9548616031736957
1473447,2025,11,4,1,-61.0,5.64,1.5416666666666856,3,7,terminal_interaction_mid,0.9637203616173338,0.954776795500862
1473447,2025,11,5,1,-61.0,5.63265306122449,1.590833333333336,3,7,terminal_interaction_mid,0.9656971686852092,0.9570221018041263
1473447,2025,11,6,1,-61.0,5.625,1.6400000000000006,3,7,terminal_interaction_mid,0.9674526226760253,0.9590264429231341
1473447,2025,12,1,1,-61.0,5.617021276595745,1.6891666666666652,3,7,terminal_interaction_mid,0.9683033269371086,0.9597218826136623
1473447,2025,12,2,1,-61.0,5.608695652173913,1.7383333333333297,3,7,terminal_interaction_mid,0.9701325168592463,0.9618416753694441
1473447,2025,12,3,1,-61.0,5.6,1.7874999999999943,3,7,terminal_interaction_mid,0.9712766668215091,0.9631738783449459
1473447,2025,12,4,1,-61.0,5.590909090909091,1.836666666666659,3,7,terminal_interaction_mid,0.9706984548482613,0.9625000102847688
1473447,2025,12,5,1,-61.0,5.162790697674419,4.8858333333333235,3,7,terminal_interaction_mid,0.9779976940302845,0.9711096619719414
1473447,2025,12,6,1,-61.0,5.142857142857142,4.935000000000002,3,7,terminal_interaction_mid,0.9785136749020409,0.971727603595771
1473447,2025,13,1,1,-61.0,5.121951219512195,4.984166666666667,3,7,terminal_interaction_mid,0.9797141116704724,0.9752160537530945
1473447,2025,13,2,1,-61.0,5.1,5.033333333333331,3,7,terminal_interaction_mid,0.9851720109579061,0.9815526504804488
1473447,2025,13,3,1,-61.0,4.3076923076923075,10.08250000000001,3,7,terminal_interaction_mid,0.9866872994502721,0.9833351751451924
1473447,2025,13,4,1,-61.0,4.2631578947368425,10.131666666666675,3,7,terminal_interaction_mid,0.9869214782446085,0.9836117045791658
1473447,2025,13,5,1,-61.0,4.216216216216217,10.180833333333325,3,7,terminal_interaction_mid,0.9870096967956812,0.9837159535081111
1473447,2025,13,6,1,-61.0,3.666666666666667,13.22999999999999,3,7,terminal_interaction_mid,0.9876105550812857,0.9844271320566624
1473447,2025,14,1,1,-61.0,3.5999999999999996,13.279166666666669,3,7,terminal_interaction_mid,0.987584959213792,0.9847509485019051
1473447,2025,14,2,1,-61.0,3.5294117647058822,13.328333333333319,3,7,terminal_interaction_mid,0.9879254371821333,0.9851480888958293
1473447,2025,14,3,1,-61.0,3.6363636363636367,12.377499999999998,3,7,terminal_interaction_mid,0.9881757234732237,0.9854404063955996
1473447,2025,14,4,1,-61.0,3.5625,12.426666666666677,3,7,terminal_interaction_mid,0.9882968807430487,0.9855820273876416
1473447,2025,14,5,1,-61.0,3.483870967741936,12.475833333333355,3,7,terminal_interaction_mid,0.9884543490443604,0.9857662086611718
1473447,2025,14,6,1,-61.0,2.8,15.525000000000006,3,7,terminal_interaction_mid,0.9883514230359568,0.9856458073054077
1473447,2025,15,1,1,-61.0,2.689655172413793,15.574166666666656,3,7,terminal_interaction_mid,0.9884332234384416,0.9861407702565207
1473447,2025,15,2,1,-61.0,1.9285714285714288,18.623333333333335,3,7,terminal_interaction_mid,0.9886287481027423,0.9863645672049685
1473447,2025,15,3,1,-61.0,2.0,17.672499999999985,3,7,terminal_interaction_mid,0.9890304165356119,0.9868248841553275
1473447,2025,15,4,1,-61.0,1.153846153846154,20.721666666666664,3,7,terminal_interaction_mid,0.9900480229202496,0.9879946677798639
1473447,2025,15,5,1,-61.0,0.96,20.770833333333343,3,7,terminal_interaction_mid,0.9900868194259005,0.9880393728294933
1473447,2025,15,6,1,-61.0,-0.5,25.819999999999993,3,7,terminal_interaction_mid,0.9863282387114045,0.9837420679676244
1473448,2025,7,1,0,9.25,10.675324675324676,-42.57333333333332,2,8,terminal_interaction_mid,0.13660111336688008,0.1714888713763179
1473448,2025,7,2,0,9.25,10.736842105263158,-42.78666666666666,2,8,terminal_interaction_mid,0.16931188158704494,0.20442774099243086
1473448,2025,7,3,0,9.25,10.8,-43.0,2,8,terminal_interaction_mid,0.16145375358428837,0.19663481788836618
1473448,2025,7,4,0,9.25,10.45945945945946,-38.213333333333324,2,8,terminal_interaction_mid,0.19032465787754377,0.22494323687112722
1473448,2025,7,5,0,9.25,10.602739726027398,-39.42666666666668,2,8,terminal_interaction_mid,0.18606989448982722,0.22082479664090054
1473448,2025,7,6,0,9.25,10.75,-40.64,2,8,terminal_interaction_mid,0.18359464142664622,0.21842082252641884
1473448,2025,8,1,0,9.25,10.563380281690142,-37.853333333333325,2,8,terminal_interaction_mid,0.21504294534020557,0.2432610657148219
1473448,2025,8,2,0,9.25,10.628571428571428,-38.06666666666665,2,8,terminal_interaction_mid,0.21203171359623046,0.2403759638675338
1473448,2025,8,3,0,9.25,10.782608695652174,-39.28,2,8,terminal_interaction_mid,0.19717441137403446,0.22604681306929503
1473448,2025,8,4,0,9.25,10.852941176470589,-39.493333333333325,2,8,terminal_interaction_mid,0.19893434159199658,0.22775266380731146
1473448,2025,8,5,0,9.25,10.925373134328357,-39.70666666666665,2,8,terminal_interaction_mid,0.19703811990642808,0.22591461115187514
1473448,2025,8,6,0,9.25,11.0,-39.91999999999999,2,8,terminal_interaction_mid,0.19169915699195683,0.22072452365632858
1473448,2025,9,1,0,9.25,10.8,-37.133333333333326,2,8,terminal_interaction_mid,0.23682215027316125,0.27344936032600686
1473448,2025,9,2,0,9.25,10.40625,-32.34666666666665,2,8,terminal_interaction_mid,0.3079216323164677,0.33835029242702525
1473448,2025,9,3,0,9.25,10.571428571428571,-43.11500000000001,3,7,terminal_interaction_mid,0.18042125400671036,0.21938474983639672
1473448,2025,9,4,0,9.25,10.741935483870968,-44.17666666666666,3,7,terminal_interaction_mid,0.18177392745868848,0.22071650139619173
1473448,2025,9,5,0,9.25,10.819672131147541,-44.23833333333336,3,7,terminal_interaction_mid,0.1782805593393178,0.21727312870331675
1473448,2025,9,6,0,9.25,10.9,-44.3,3,7,terminal_interaction_mid,0.18052152770143245,0.21948354000481843
1473448,2025,10,1,0,9.25,10.677966101694915,-41.36166666666668,3,7,terminal_interaction_mid,0.2085096761939536,0.23794486593871736
1473448,2025,10,2,0,9.25,10.758620689655173,-41.42333333333333,3,7,terminal_interaction_mid,0.2120996124914457,0.24147117668588175
1473448,2025,10,3,0,9.25,10.842105263157896,-41.485,3,7,terminal_interaction_mid,0.2010155203389744,0.23055511680681903
1473448,2025,10,4,0,9.25,11.035714285714285,-42.54666666666667,3,7,terminal_interaction_mid,0.20041377288098394,0.229960044497348
1473448,2025,10,5,0,9.25,11.236363636363636,-43.608333333333334,3,7,terminal_interaction_mid,0.19851808853418143,0.22808369302584713
1473448,2025,10,6,0,9.25,11.0,-40.670000000000016,3,7,terminal_interaction_mid,0.2324206246771489,0.2612763065943832
1473448,2025,11,1,0,9.25,11.09433962264151,-40.73166666666668,3,7,terminal_interaction_mid,0.21388033230814313,0.24005564637202434
1473448,2025,11,2,0,9.25,11.307692307692307,-41.79333333333334,3,7,terminal_interaction_mid,0.21371932179758985,0.23989539323117726
1473448,2025,11,3,0,9.25,11.411764705882351,-41.855000000000004,3,7,terminal_interaction_mid,0.2268715738318274,0.25293872138599316
1473448,2025,11,4,0,9.25,10.92,-36.91666666666666,3,7,terminal_interaction_mid,0.2586816374098179,0.2841228632617895
1473448,2025,11,5,0,9.25,11.142857142857142,-45.41,4,6,terminal_interaction_mid,0.1672636661153522,0.1929859394201159
1473448,2025,11,6,0,9.25,11.25,-45.31999999999999,4,6,terminal_interaction_mid,0.17882014917637296,0.2047897376141892
1473448,2025,12,1,0,9.25,11.361702127659575,-45.22999999999999,4,6,terminal_interaction_mid,0.1588395742653616,0.18303599803635284
1473448,2025,12,2,0,9.25,11.478260869565219,-45.140000000000015,4,6,terminal_interaction_mid,0.16249030360059635,0.18677975687877127
1473448,2025,12,3,0,9.25,11.6,-45.05000000000001,4,6,terminal_interaction_mid,0.15291268610746422,0.17693599627582454
1473448,2025,12,4,0,9.25,11.727272727272727,-44.96000000000001,4,6,terminal_interaction_mid,0.15877780514148382,0.18297256690268254
1473448,2025,12,5,0,9.25,11.86046511627907,-44.870000000000005,4,6,terminal_interaction_mid,0.14713848387797474,0.17096588064293183
1473448,2025,12,6,0,9.25,12.0,-44.78,4,6,terminal_interaction_mid,0.15270777163557878,0.1767245964598228
1473448,2025,13,1,0,9.25,11.707317073170731,-41.69,4,6,terminal_interaction_mid,0.17926022280378476,0.19233507060862526
1473448,2025,13,2,0,9.25,11.7,-40.599999999999994,4,6,terminal_interaction_mid,0.182693825923434,0.19576243075974212
1473448,2025,13,3,0,9.25,11.846153846153847,-40.50999999999999,4,6,terminal_interaction_mid,0.18090468965870604,0.19397713372701209
1473448,2025,13,4,0,9.25,12.0,-40.420000000000016,4,6,terminal_interaction_mid,0.16282606065131372,0.1758630332005672
1473448,2025,13,5,0,9.25,12.0,-39.329999999999984,4,6,terminal_interaction_mid,0.19524404815506924,0.20825108267230297
1473448,2025,13,6,0,9.25,12.0,-38.24000000000001,4,6,terminal_interaction_mid,0.20215525874759763,0.21510364888862302
1473448,2025,14,1,0,9.25,12.17142857142857,-38.150000000000006,4,6,terminal_interaction_mid,0.18600135038354534,0.19752017839516176
1473448,2025,14,2,0,9.25,12.529411764705884,-39.06,4,6,terminal_interaction_mid,0.17970704279542196,0.1912421851844153
1473448,2025,14,3,0,9.25,12.545454545454545,-37.97,4,6,terminal_interaction_mid,0.18930824637832983,0.20081300655325338
1473448,2025,14,4,0,9.25,12.1875,-34.879999999999995,4,6,terminal_interaction_mid,0.21981929088361668,0.23103003531708452
1473448,2025,14,5,0,9.25,12.387096774193548,-34.78999999999999,4,6,terminal_interaction_mid,0.21782500801119464,0.22906343882414007
1473448,2025,14,6,0,9.25,12.600000000000001,-34.69999999999999,4,6,terminal_interaction_mid,0.21318782123508329,0.22448627412042427
1473448,2025,14,7,0,9.25,13.03448275862069,-35.609999999999985,4,6,terminal_interaction_mid,0.21984791762466055,0.23105825654568504
1473448,2025,14,8,0,9.25,13.07142857142857,-34.52000000000001,4,6,terminal_interaction_mid,0.22957572868387274,0.24063531911603545
1473448,2025,15,1,0,9.25,12.620689655172413,-33.609999999999985,4,6,terminal_interaction_mid,0.23832589346921762,0.24891556530714892
1473448,2025,15,2,0,9.25,13.07142857142857,-34.52000000000001,4,6,terminal_interaction_mid,0.22423788861944,0.23500481478678645
1473448,2025,15,3,0,9.25,13.333333333333334,-34.43000000000001,4,6,terminal_interaction_mid,0.2138003412741899,0.22466658726223795
1473448,2025,15,4,0,9.25,12.461538461538463,-29.340000000000003,4,6,terminal_interaction_mid,0.3324083021897931,0.34079285598989756
1473448,2025,15,5,0,9.25,12.96,-34.041666666666686,5,5,terminal_interaction_mid,0.1956718581339253,0.20664020230222954
1473448,2025,15,6,0,9.25,13.5,-34.80000000000001,5,5,terminal_interaction_mid,0.17641754389016615,0.1873865382594057
1473449,2025,7,1,1,-61.111111111111114,4.207792207792208,13.990000000000002,1,9,terminal_interaction_mid,0.9919303035390648,0.9838118959483555
1473449,2025,7,2,1,-61.111111111111114,4.2631578947368425,13.119999999999997,1,9,terminal_interaction_mid,0.9928197193533674,0.9853365700475866
1473449,2025,7,3,1,-61.111111111111114,3.84,18.25,1,9,terminal_interaction_mid,0.993313013961904,0.9861949479785784
1473449,2025,7,4,1,-61.111111111111114,3.8108108108108105,18.380000000000003,1,9,terminal_interaction_mid,0.9934366219648896,0.9864115776075385
1473449,2025,7,5,1,-61.111111111111114,3.8630136986301373,17.509999999999998,1,9,terminal_interaction_mid,0.9938853537356734,0.9872035093262639
1473449,2025,7,6,1,-61.111111111111114,3.916666666666667,16.64,1,9,terminal_interaction_mid,0.99420711834478,0.987776969067311
1473449,2025,8,1,1,-61.111111111111114,3.971830985915493,15.769999999999996,1,9,terminal_interaction_mid,0.9943270856327369,0.9893924812215318
1473449,2025,8,2,1,-61.111111111111114,3.942857142857143,15.900000000000006,1,9,terminal_interaction_mid,0.9943032602952114,0.989353588203224
1473449,2025,8,3,1,-61.111111111111114,3.9130434782608696,16.029999999999994,1,9,terminal_interaction_mid,0.9945012439571602,0.9896774345910269
1473449,2025,8,4,1,-61.111111111111114,3.9705882352941178,15.160000000000004,1,9,terminal_interaction_mid,0.9947267090623713,0.9900480903556969
1473449,2025,8,5,1,-61.111111111111114,3.9402985074626864,15.290000000000006,1,9,terminal_interaction_mid,0.994671383482123,0.9899569496314974
1473449,2025,8,6,1,-61.111111111111114,4.0,14.420000000000016,1,9,terminal_interaction_mid,0.9950922752728095,0.9906535022628216
1473449,2025,9,1,1,-61.111111111111114,3.5076923076923077,19.550000000000004,1,9,terminal_interaction_mid,0.9951236567535477,0.9894687361026834
1473449,2025,9,2,1,-61.111111111111114,3.5625,18.68,1,9,terminal_interaction_mid,0.9951436462672564,0.9895052652846936
1473449,2025,9,3,1,-61.111111111111114,3.0476190476190474,23.810000000000002,1,9,terminal_interaction_mid,0.995355014756679,0.9898930015989198
1473449,2025,9,4,1,-61.111111111111114,3.0,23.940000000000012,1,9,terminal_interaction_mid,0.9953962107398822,0.9899688931536322
1473449,2025,9,5,1,-61.111111111111114,2.8524590163934427,25.07,1,9,terminal_interaction_mid,0.9953323500517721,0.9898512938691276
1473449,2025,9,6,1,-61.111111111111114,2.8,25.199999999999996,1,9,terminal_interaction_mid,0.995286996638711,0.9897679300788276
1473449,2025,10,1,1,-61.111111111111114,2.7457627118644066,25.33,1,9,terminal_interaction_mid,0.9952022988020881,0.9918801034006165
1473449,2025,10,2,1,-61.111111111111114,2.689655172413793,25.460000000000008,1,9,terminal_interaction_mid,0.9953326592690346,0.9920772299228625
1473449,2025,10,3,1,-61.111111111111114,2.7368421052631575,24.590000000000003,1,9,terminal_interaction_mid,0.9952616609571323,0.9919697945247249
1473449,2025,10,4,1,-61.111111111111114,2.7857142857142856,18.306666666666658,2,8,terminal_interaction_mid,0.9948088541124934,0.9912886620226299
1473449,2025,10,5,1,-61.111111111111114,2.8363636363636364,17.53333333333333,2,8,terminal_interaction_mid,0.9928691095187453,0.9884385702430338
1473449,2025,10,6,1,-61.111111111111114,2.2222222222222223,22.760000000000005,2,8,terminal_interaction_mid,0.992929708229406,0.9885261640291465
1473449,2025,11,1,1,-61.111111111111114,2.150943396226415,22.986666666666665,2,8,terminal_interaction_mid,0.9934388098953119,0.9904945524567139
1473449,2025,11,2,1,-61.111111111111114,1.7307692307692306,26.21333333333334,2,8,terminal_interaction_mid,0.9933857505719581,0.9904242763892107
1473449,2025,11,3,1,-61.111111111111114,1.647058823529412,26.440000000000012,2,8,terminal_interaction_mid,0.9936050982788243,0.9907151229265438
1473449,2025,11,4,1,-61.111111111111114,1.6800000000000002,25.66666666666667,2,8,terminal_interaction_mid,0.9942284644294043,0.9915465685724588
1473449,2025,11,5,1,-61.111111111111114,1.5918367346938775,25.89333333333333,2,8,terminal_interaction_mid,0.9947288815958335,0.9922196842166867
1473449,2025,11,6,1,-61.111111111111114,1.5,26.120000000000005,2,8,terminal_interaction_mid,0.994727021914821,0.9922171727487156
1473449,2025,12,1,1,-61.111111111111114,1.0212765957446808,29.346666666666664,2,8,terminal_interaction_mid,0.995599530349123,0.9933601271356916
1473449,2025,12,2,1,-61.111111111111114,0.5217391304347826,32.57333333333332,2,8,terminal_interaction_mid,0.9957052890641238,0.9935063689741623
1473449,2025,12,3,1,-61.111111111111114,0.4,32.80000000000001,2,8,terminal_interaction_mid,0.995609820739342,0.9933743431378333
1473449,2025,12,4,1,-61.111111111111114,0.2727272727272727,33.02666666666667,2,8,terminal_interaction_mid,0.9959439787313447,0.9938375807275747
1473449,2025,12,5,1,-61.111111111111114,-0.5581395348837209,38.25333333333333,2,8,terminal_interaction_mid,0.9919566577602725,0.988470452294107
1473450,2025,7,1,1,2.461538461538453,7.1688311688311686,7.752499999999998,1,9,terminal_interaction_mid,0.9524780081176076,0.9281538956878889
1473450,2025,7,2,1,2.461538461538453,7.184210526315789,7.469999999999985,1,9,terminal_interaction_mid,0.9521632381108257,0.9277582048052104
1473450,2025,7,3,1,2.461538461538453,7.199999999999999,7.1875,1,9,terminal_interaction_mid,0.9514811088056294,0.9269023404225527
1473450,2025,7,4,1,2.461538461538453,7.297297297297297,5.905000000000015,1,9,terminal_interaction_mid,0.9473436368261612,0.9217569933685793
1473450,2025,7,5,1,2.461538461538453,7.068493150684931,8.622500000000002,1,9,terminal_interaction_mid,0.9627237569466134,0.9413174238052204
1473450,2025,7,6,1,2.461538461538453,6.833333333333333,11.340000000000003,1,9,terminal_interaction_mid,0.9700761673550182,0.9511636741337227
1473450,2025,8,1,1,2.461538461538453,6.845070422535212,11.05749999999999,1,9,terminal_interaction_mid,0.970273038368964,0.9552292436313319
1473450,2025,8,2,1,2.461538461538453,6.6000000000000005,13.775000000000006,1,9,terminal_interaction_mid,0.97725973140555,0.9644912406603159
1473450,2025,8,3,1,2.461538461538453,6.608695652173913,13.492499999999993,1,9,terminal_interaction_mid,0.9773248055603546,0.9645792704700863
1473450,2025,8,4,1,2.461538461538453,6.61764705882353,13.210000000000008,1,9,terminal_interaction_mid,0.9768881277815998,0.9639892338489119
1473450,2025,8,5,1,2.461538461538453,6.6268656716417915,12.927500000000009,1,9,terminal_interaction_mid,0.9781138543560236,0.9656495621185807
1473450,2025,8,6,1,2.461538461538453,6.636363636363636,12.645000000000024,1,9,terminal_interaction_mid,0.9778724930671072,0.9653215980428235
1473450,2025,9,1,1,2.461538461538453,6.6461538461538465,12.362500000000011,1,9,terminal_interaction_mid,0.9780186155390278,0.9625672856305603
1473450,2025,9,2,1,2.461538461538453,6.65625,12.079999999999998,1,9,terminal_interaction_mid,0.9788604217938086,0.9637715808228045
1473450,2025,9,3,1,2.461538461538453,6.666666666666667,11.7975,1,9,terminal_interaction_mid,0.979168542531371,0.9642144348963999
1473450,2025,9,4,1,2.461538461538453,6.193548387096774,16.515000000000015,1,9,terminal_interaction_mid,0.983744362988836,0.9709352644856691
1473450,2025,9,5,1,2.461538461538453,6.295081967213115,15.232500000000002,1,9,terminal_interaction_mid,0.9837627648355717,0.9709628930802586
1473450,2025,9,6,1,2.461538461538453,6.300000000000001,14.949999999999989,1,9,terminal_interaction_mid,0.9838488441407305,0.9710922032059659
1473450,2025,9,7,1,2.461538461538453,6.305084745762713,14.667500000000004,1,9,terminal_interaction_mid,0.9844791395420092,0.9720426388584176
1473450,2025,10,1,1,2.461538461538453,6.305084745762713,6.259999999999991,2,8,terminal_interaction_mid,0.9750614417208766,0.9648243352290131
1473450,2025,10,2,1,2.461538461538453,6.206896551724139,7.1200000000000045,2,8,terminal_interaction_mid,0.9684792319887663,0.9567218715184396
1473450,2025,10,3,1,2.461538461538453,6.315789473684211,5.980000000000004,2,8,terminal_interaction_mid,0.9688370697478301,0.9571566169547543
1473450,2025,10,4,1,2.461538461538453,6.428571428571429,4.839999999999989,2,8,terminal_interaction_mid,0.945606566394028,0.9299617533850553
1473450,2025,10,5,1,2.461538461538453,6.545454545454545,3.700000000000003,2,8,terminal_interaction_mid,0.9468026602156512,0.9313194522234458
1473450,2025,10,6,1,2.461538461538453,6.222222222222221,6.5600000000000165,2,8,terminal_interaction_mid,0.9775003030271949,0.9678898612276677
1473450,2025,11,1,1,2.461538461538453,6.226415094339623,6.4199999999999875,2,8,terminal_interaction_mid,0.9804888073219251,0.9742853977391814
1473450,2025,11,2,1,2.461538461538453,6.346153846153847,5.280000000000001,2,8,terminal_interaction_mid,0.9797164299754955,0.9733592495255554
1473450,2025,11,3,1,2.461538461538453,6.470588235294118,4.140000000000015,2,8,terminal_interaction_mid,0.9610722363712046,0.9517873634123019
1473450,2025,11,4,1,2.461538461538453,6.48,4.0,2,8,terminal_interaction_mid,0.9597852414868835,0.9503416887374241
1473450,2025,11,5,1,2.461538461538453,6.4897959183673475,3.8599999999999994,2,8,terminal_interaction_mid,0.961595475500215,0.9523764355208321
1473450,2025,11,6,1,2.461538461538453,6.5,3.720000000000013,2,8,terminal_interaction_mid,0.9607351760951905,0.9514083023988256
1473450,2025,12,1,1,2.461538461538453,6.638297872340425,2.5799999999999983,2,8,terminal_interaction_mid,0.9707315276313706,0.9625385199924622
1473450,2025,12,2,1,2.461538461538453,6.6521739130434785,2.4399999999999977,2,8,terminal_interaction_mid,0.9703637296749998,0.962110491464134
1473450,2025,12,3,1,2.461538461538453,6.2666666666666675,5.300000000000011,2,8,terminal_interaction_mid,0.986522148163905,0.9815229261074443
1473450,2025,12,4,1,2.461538461538453,6.409090909090908,4.159999999999997,2,8,terminal_interaction_mid,0.9753493288897568,0.9679586128651795
1473450,2025,12,5,1,2.461538461538453,6.41860465116279,4.019999999999996,2,8,terminal_interaction_mid,0.9743474508078338,0.9667750497823201
1473450,2025,12,6,1,2.461538461538453,6.428571428571429,3.8800000000000097,2,8,terminal_interaction_mid,0.9727280307300443,0.9648711116635433
1473450,2025,13,1,1,2.461538461538453,6.585365853658537,2.740000000000009,2,8,terminal_interaction_mid,0.9715525831592722,0.9659296588565155
1473450,2025,13,2,1,2.461538461538453,5.85,7.599999999999994,2,8,terminal_interaction_mid,0.9913398060083154,0.9888915474207347
1473450,2025,13,3,1,2.461538461538453,5.384615384615385,10.460000000000008,2,8,terminal_interaction_mid,0.9929525198917506,0.9908550194316663
1473450,2025,13,4,1,2.461538461538453,5.526315789473684,9.320000000000007,2,8,terminal_interaction_mid,0.9929526389592793,0.9908551652902878
1473450,2025,13,5,1,2.461538461538453,5.675675675675675,8.180000000000007,2,8,terminal_interaction_mid,0.992785735384628,0.9906508453523738
1473450,2025,13,6,1,2.461538461538453,4.833333333333334,13.039999999999992,2,8,terminal_interaction_mid,0.9949081328478993,0.9932718925101772
1473450,2025,14,1,1,2.461538461538453,4.9714285714285715,11.900000000000006,2,8,terminal_interaction_mid,0.9948947842033063,0.9934426663281298
1473450,2025,14,2,1,2.461538461538453,4.9411764705882355,11.759999999999991,2,8,terminal_interaction_mid,0.9950215875255324,0.9935975390538567
1473450,2025,14,3,1,2.461538461538453,4.909090909090909,11.620000000000005,2,8,terminal_interaction_mid,0.9951433656369029,0.9937464629170484
1473450,2025,14,4,1,2.461538461538453,4.3125,14.480000000000018,2,8,terminal_interaction_mid,0.9953469456777786,0.9939958493882998
1473450,2025,14,5,1,2.461538461538453,4.451612903225806,13.340000000000003,2,8,terminal_interaction_mid,0.9953955005298096,0.9940554101658603
1473450,2025,14,6,1,2.461538461538453,3.4,18.19999999999999,2,8,terminal_interaction_mid,0.9958367304182958,0.9945981567240479
1473450,2025,15,1,1,2.461538461538453,3.5172413793103443,17.060000000000002,2,8,terminal_interaction_mid,0.9958152012297059,0.9947540608241394
1473450,2025,15,2,1,2.461538461538453,3.6428571428571423,15.919999999999987,2,8,terminal_interaction_mid,0.9960374453062872,0.9950207482622745
1473450,2025,15,3,1,2.461538461538453,2.444444444444444,20.78,2,8,terminal_interaction_mid,0.9946034386890636,0.993310338223864
1473450,2025,15,4,1,2.461538461538453,1.153846153846154,25.640000000000015,2,8,terminal_interaction_mid,0.9957014005709932,0.9946177501269695
1473450,2025,15,5,1,2.461538461538453,0.24,28.5,2,8,terminal_interaction_mid,0.9960376791624965,0.9950210292298639
1473450,2025,15,6,1,2.461538461538453,0.25,27.360000000000014,2,8,terminal_interaction_mid,0.996176341371547,0.9951877575762466
1473451,2025,7,1,1,-27.214285714285722,9.194805194805195,-19.402500000000003,1,9,terminal_interaction_mid,0.8047158933681651,0.7699646349235114
1473451,2025,7,2,1,-27.214285714285722,9.0,-16.67,1,9,terminal_interaction_mid,0.8277451632306811,0.7923807366856549
1473451,2025,7,3,1,-27.214285714285722,9.120000000000001,-17.9375,1,9,terminal_interaction_mid,0.8197466491158086,0.7845351553143536
1473451,2025,7,4,1,-27.214285714285722,9.243243243243244,-19.205,1,9,terminal_interaction_mid,0.8179671881858741,0.7827986936518431
1473451,2025,7,5,1,-27.214285714285722,9.287671232876711,-19.472499999999997,1,9,terminal_interaction_mid,0.8197828400900612,0.7845705049814365
1473451,2025,7,6,1,-27.214285714285722,9.416666666666666,-20.739999999999995,1,9,terminal_interaction_mid,0.808542568945974,0.7736537322996859
1473451,2025,8,1,1,-27.214285714285722,9.464788732394366,-21.007500000000007,1,9,terminal_interaction_mid,0.8083558968831097,0.7798261054018699
1473451,2025,8,2,1,-27.214285714285722,9.257142857142858,-18.27499999999999,1,9,terminal_interaction_mid,0.8213675058666516,0.792551095648884
1473451,2025,8,3,1,-27.214285714285722,8.869565217391305,-13.542500000000004,1,9,terminal_interaction_mid,0.859060193034161,0.8302981811425703
1473451,2025,8,4,1,-27.214285714285722,9.0,-14.810000000000002,1,9,terminal_interaction_mid,0.8552730219465132,0.8264384961029448
1473451,2025,8,5,1,-27.214285714285722,8.597014925373134,-10.077499999999986,1,9,terminal_interaction_mid,0.8896150217973842,0.8621029955483077
1473451,2025,8,6,1,-27.214285714285722,8.636363636363637,-10.344999999999985,1,9,terminal_interaction_mid,0.8882724923667927,0.86067802651688
1473451,2025,9,1,1,-27.214285714285722,8.676923076923076,-10.612499999999997,1,9,terminal_interaction_mid,0.8856559409909504,0.8531871902868503
1473451,2025,9,2,1,-27.214285714285722,8.8125,-11.88000000000001,1,9,terminal_interaction_mid,0.8808653345355428,0.8481663002535813
1473451,2025,9,3,1,-27.214285714285722,8.571428571428571,-9.147499999999994,1,9,terminal_interaction_mid,0.8967316145299079,0.8649544909499801
1473451,2025,9,4,1,-27.214285714285722,8.612903225806452,-9.414999999999992,1,9,terminal_interaction_mid,0.8916404322547284,0.8595167017679483
1473451,2025,9,5,1,-27.214285714285722,8.655737704918034,-9.68249999999999,1,9,terminal_interaction_mid,0.8887060793168547,0.8564049944384551
1473451,2025,9,6,1,-27.214285714285722,8.799999999999999,-10.950000000000003,1,9,terminal_interaction_mid,0.8849588335148755,0.8524540946033157
1473451,2025,10,1,1,-27.214285714285722,8.949152542372882,-12.217500000000001,1,9,terminal_interaction_mid,0.8754316294693916,0.8551255980210606
1473451,2025,10,2,1,-27.214285714285722,9.103448275862068,-13.484999999999985,1,9,terminal_interaction_mid,0.8699425040461348,0.8495597267465861
1473451,2025,10,3,1,-27.214285714285722,8.842105263157894,-10.752499999999998,1,9,terminal_interaction_mid,0.8913909922905879,0.8714983723907886
1473451,2025,10,4,1,-27.214285714285722,8.892857142857142,-11.019999999999996,1,9,terminal_interaction_mid,0.8889148536880531,0.8689383462652904
1473451,2025,10,5,1,-27.214285714285722,8.945454545454545,-11.287500000000009,1,9,terminal_interaction_mid,0.8888746536765709,0.8688968469221148
1473451,2025,10,6,1,-27.214285714285722,9.11111111111111,-12.554999999999993,1,9,terminal_interaction_mid,0.8809577937542812,0.8607617111658857
1473451,2025,11,1,1,-27.214285714285722,9.169811320754718,-12.822500000000005,1,9,terminal_interaction_mid,0.8830403394515542,0.8694308922957505
1473451,2025,11,2,1,-27.214285714285722,8.653846153846153,-8.090000000000003,1,9,terminal_interaction_mid,0.9088406961698974,0.8957580555392742
1473451,2025,11,3,1,-27.214285714285722,8.705882352941176,-8.357499999999987,1,9,terminal_interaction_mid,0.9033945652019647,0.890144361927754
1473451,2025,11,4,1,-27.214285714285722,8.399999999999999,-5.625,1,9,terminal_interaction_mid,0.9226837180933622,0.9101853612464094
1473451,2025,11,5,1,-27.214285714285722,8.081632653061224,-2.8925000000000125,1,9,terminal_interaction_mid,0.9353023128228604,0.9235648706860506
1473451,2025,11,6,1,-27.214285714285722,8.125,-3.1599999999999824,1,9,terminal_interaction_mid,0.9328974903825923,0.9209962307659318
1473451,2025,12,1,1,-27.214285714285722,8.170212765957446,-3.427499999999995,1,9,terminal_interaction_mid,0.9295427815692343,0.9168605841275674
1473451,2025,12,2,1,-27.214285714285722,8.217391304347826,-3.6950000000000074,1,9,terminal_interaction_mid,0.9253711116382292,0.9124187024047967
1473451,2025,12,3,1,-27.214285714285722,8.399999999999999,-11.299999999999997,2,8,terminal_interaction_mid,0.8882833703717508,0.8738939266411866
1473451,2025,12,4,1,-27.214285714285722,8.590909090909092,-12.426666666666662,2,8,terminal_interaction_mid,0.8873137120148904,0.8729063477048233
1473451,2025,12,5,1,-27.214285714285722,8.790697674418604,-13.553333333333342,2,8,terminal_interaction_mid,0.8850935151779119,0.8706483615983868
1473451,2025,12,6,1,-27.214285714285722,8.428571428571427,-10.679999999999993,2,8,terminal_interaction_mid,0.9049536052928429,0.8910166402260445
1473451,2025,13,1,1,-27.214285714285722,8.487804878048781,-10.806666666666644,2,8,terminal_interaction_mid,0.9105940311573568,0.9002519497443596
1473451,2025,13,2,1,-27.214285714285722,8.55,-10.933333333333337,2,8,terminal_interaction_mid,0.9035988934094421,0.8929721704108571
1473451,2025,13,3,1,-27.214285714285722,8.615384615384615,-11.060000000000002,2,8,terminal_interaction_mid,0.9109254002692087,0.9005977726210507
1473451,2025,13,4,1,-27.214285714285722,8.68421052631579,-11.186666666666653,2,8,terminal_interaction_mid,0.9041680195754395,0.8935630295775056
1473451,2025,13,5,1,-27.214285714285722,8.756756756756756,-11.313333333333333,2,8,terminal_interaction_mid,0.9063623681507278,0.8958435004536663
1473451,2025,13,6,1,-27.214285714285722,8.0,-6.439999999999998,2,8,terminal_interaction_mid,0.9369995676425167,0.9281242359996061
1473451,2025,14,1,1,-27.214285714285722,8.057142857142857,-6.566666666666663,2,8,terminal_interaction_mid,0.9396056652379718,0.9318167837546619
1473451,2025,14,2,1,-27.214285714285722,8.294117647058822,-7.693333333333328,2,8,terminal_interaction_mid,0.9303833887172599,0.9220340714885168
1473451,2025,14,3,1,-27.214285714285722,8.545454545454547,-8.819999999999993,2,8,terminal_interaction_mid,0.9308298548439665,0.92250574412613
1473451,2025,14,4,1,-27.214285714285722,8.625,-8.946666666666658,2,8,terminal_interaction_mid,0.9269965082971453,0.9184619793182203
1473451,2025,14,5,1,-27.214285714285722,8.129032258064516,-6.0733333333333235,2,8,terminal_interaction_mid,0.9424457252914771,0.9348472867447796
1473451,2025,14,6,1,-27.214285714285722,7.199999999999999,-1.200000000000017,2,8,terminal_interaction_mid,0.9673114248573856,0.9618303901900668
1473451,2025,15,1,1,-27.214285714285722,7.241379310344827,-1.3266666666666538,2,8,terminal_interaction_mid,0.9650849024663364,0.9602494965156799
1473451,2025,15,2,1,-27.214285714285722,7.5,-2.4533333333333474,2,8,terminal_interaction_mid,0.9627416600203348,0.9577132045089035
1473451,2025,15,3,1,-27.214285714285722,7.555555555555555,-2.579999999999984,2,8,terminal_interaction_mid,0.9634495183934159,0.9584784969288963
1473451,2025,15,4,1,-27.214285714285722,7.846153846153847,-3.7066666666666777,2,8,terminal_interaction_mid,0.9578174906634929,0.9524094013553979
1473451,2025,15,5,1,-27.214285714285722,7.92,-3.8333333333333144,2,8,terminal_interaction_mid,0.9573665475036837,0.9519253482000515
1473451,2025,15,6,1,-27.214285714285722,7.25,-0.960000000000008,2,8,terminal_interaction_mid,0.9706877431385077,0.9663503075520652
1473452,2025,7,1,0,5.64705882352942,11.61038961038961,-71.0,4,6,terminal_interaction_mid,0.06788105817339413,0.09642788958825145
1473452,2025,7,2,0,5.64705882352942,11.68421052631579,-71.00000000000003,4,6,terminal_interaction_mid,0.06663314295247498,0.0949581645000588
1473452,2025,7,3,0,5.64705882352942,11.84,-72.0,4,6,terminal_interaction_mid,0.059223017846918184,0.08612050478244224
1473452,2025,7,4,0,5.64705882352942,11.91891891891892,-72.0,4,6,terminal_interaction_mid,0.05383006765827061,0.07955931254056543
1473452,2025,7,5,0,5.64705882352942,12.0,-72.0,4,6,terminal_interaction_mid,0.05367562907415195,0.07936967925826599
1473452,2025,7,6,0,5.64705882352942,12.083333333333332,-72.0,4,6,terminal_interaction_mid,0.05211672928886031,0.07744983892535252
1473452,2025,8,1,0,5.64705882352942,12.169014084507042,-72.0,4,6,terminal_interaction_mid,0.049115652151291114,0.06919521611768312
1473452,2025,8,2,0,5.64705882352942,12.257142857142856,-71.99999999999997,4,6,terminal_interaction_mid,0.04855899179333121,0.06852090550829772
1473452,2025,8,3,0,5.64705882352942,12.08695652173913,-69.0,4,6,terminal_interaction_mid,0.05968677711344789,0.08179304686904774
1473452,2025,8,4,0,5.64705882352942,12.176470588235293,-69.0,4,6,terminal_interaction_mid,0.0650804370338337,0.08808404286862327
1473452,2025,8,5,0,5.64705882352942,12.358208955223882,-70.0,4,6,terminal_interaction_mid,0.06408431718945312,0.08692854829062381
1473452,2025,8,6,0,5.64705882352942,12.545454545454545,-71.0,4,6,terminal_interaction_mid,0.05863368550915587,0.08055459979097504
1473452,2025,9,1,0,5.64705882352942,12.646153846153847,-71.0,4,6,terminal_interaction_mid,0.05378138980629031,0.08157258625566165
1473452,2025,9,2,0,5.64705882352942,12.65625,-70.0,4,6,terminal_interaction_mid,0.058043790105719556,0.08687167999661609
1473452,2025,9,3,0,5.64705882352942,12.857142857142858,-81.5,5,5,terminal_interaction_mid,0.02482034564873705,0.04291600742346424
1473452,2025,9,4,0,5.64705882352942,13.064516129032256,-82.33333333333334,5,5,terminal_interaction_mid,0.024286900546664388,0.042144421865605436
1473452,2025,9,5,0,5.64705882352942,12.885245901639344,-79.16666666666666,5,5,terminal_interaction_mid,0.03150658430860888,0.05235814116084092
1473452,2025,9,6,0,5.64705882352942,13.0,-79.0,5,5,terminal_interaction_mid,0.029786277098274905,0.049966440841017035
1473452,2025,9,7,0,5.64705882352942,13.118644067796609,-78.83333333333334,5,5,terminal_interaction_mid,0.028949481888325326,0.04879411897503707
1473452,2025,10,1,0,5.64705882352942,13.118644067796609,-78.83333333333334,5,5,terminal_interaction_mid,0.029457133211799175,0.04317727927290633
1473452,2025,10,2,0,5.64705882352942,13.241379310344827,-78.66666666666666,5,5,terminal_interaction_mid,0.027818460318406263,0.041050060470442615
1473452,2025,10,3,0,5.64705882352942,13.368421052631579,-78.5,5,5,terminal_interaction_mid,0.026853366054667687,0.03978986627812599
1473452,2025,10,4,0,5.64705882352942,13.5,-78.33333333333331,5,5,terminal_interaction_mid,0.02476362823922793,0.03704127914170349
1473452,2025,10,5,0,5.64705882352942,13.745454545454546,-88.33333333333334,6,4,terminal_interaction_mid,0.00955966717971466,0.015924995767015535
1473452,2025,10,6,0,5.64705882352942,13.555555555555554,-85.0,6,4,terminal_interaction_mid,0.013741176473275097,0.021983391066488448
1473452,2025,10,7,0,5.64705882352942,13.69811320754717,-84.66666666666669,6,4,terminal_interaction_mid,0.013308232475739968,0.021367430387005046
1473452,2025,11,1,0,5.64705882352942,13.69811320754717,-84.66666666666669,6,4,terminal_interaction_mid,0.01421746588937768,0.020904742143718354
1473452,2025,11,2,0,5.64705882352942,13.73076923076923,-83.33333333333334,6,4,terminal_interaction_mid,0.014496143866739966,0.021277708623632006
1473452,2025,11,3,0,5.64705882352942,14.0,-84.0,6,4,terminal_interaction_mid,0.013211744642098237,0.01955292146263674
1473452,2025,11,4,0,5.64705882352942,14.28,-84.66666666666666,6,4,terminal_interaction_mid,0.010375179517032335,0.015685445272315378
1473452,2025,11,5,0,5.64705882352942,14.448979591836736,-84.33333333333334,6,4,terminal_interaction_mid,0.010032952865114832,0.015212685510295136
1473452,2025,11,6,0,5.64705882352942,14.625,-84.0,6,4,terminal_interaction_mid,0.009809510591092533,0.014903222993202769
1473452,2025,12,1,0,5.64705882352942,14.808510638297872,-83.66666666666666,6,4,terminal_interaction_mid,0.008988522547140245,0.013634489951339363
1473452,2025,12,2,0,5.64705882352942,15.130434782608695,-84.33333333333334,6,4,terminal_interaction_mid,0.007530435552214143,0.01159897621206855
1473452,2025,12,3,0,5.64705882352942,15.466666666666669,-85.0,6,4,terminal_interaction_mid,0.007153424469177917,0.011067141911162136
1473452,2025,12,4,0,5.64705882352942,15.272727272727273,-81.66666666666666,6,4,terminal_interaction_mid,0.009372688803796759,0.014165644535757018
1473452,2025,12,5,0,5.64705882352942,15.488372093023257,-81.33333333333334,6,4,terminal_interaction_mid,0.0085064959698379,0.012965113860396475
1473452,2025,12,6,0,5.64705882352942,15.714285714285715,-81.0,6,4,terminal_interaction_mid,0.00850315394005935,0.012960461157744296
1473452,2025,13,1,0,5.64705882352942,15.21951219512195,-75.66666666666666,6,4,terminal_interaction_mid,0.01295679511087171,0.016384421500736046
1473452,2025,13,2,0,5.64705882352942,14.700000000000001,-70.33333333333334,6,4,terminal_interaction_mid,0.022357257910446182,0.027391229180581206
1473452,2025,13,3,0,5.64705882352942,15.076923076923077,-71.0,6,4,terminal_interaction_mid,0.016938820756844143,0.02109179747500934
1473452,2025,13,4,0,5.64705882352942,15.315789473684212,-70.66666666666666,6,4,terminal_interaction_mid,0.015499979358468354,0.019399527795133313
1473452,2025,13,5,0,5.64705882352942,15.567567567567568,-70.33333333333334,6,4,terminal_interaction_mid,0.014623471952840437,0.01836400947656111
1473452,2025,13,6,0,5.64705882352942,15.833333333333332,-70.0,6,4,terminal_interaction_mid,0.013882359095172958,0.017485528134387127
1473452,2025,14,1,0,5.64705882352942,15.600000000000001,-66.66666666666666,6,4,terminal_interaction_mid,0.017459963889285227,0.021197012669190902
1473452,2025,14,2,0,5.64705882352942,15.882352941176471,-66.33333333333334,6,4,terminal_interaction_mid,0.0158442865536042,0.019332555633632155
1473452,2025,14,3,0,5.64705882352942,16.18181818181818,-66.0,6,4,terminal_interaction_mid,0.013568741299336566,0.016688783096334276
1473452,2025,14,4,0,5.64705882352942,16.6875,-72.0,7,3,terminal_interaction_mid,0.0048710224208379435,0.006308671070425723
1473452,2025,14,5,0,5.64705882352942,17.032258064516128,-71.5,7,3,terminal_interaction_mid,0.0049377555504252066,0.006390776099091623
1473452,2025,14,6,0,5.64705882352942,17.4,-71.0,7,3,terminal_interaction_mid,0.004963241309062764,0.0064221175420366965
1473452,2025,15,1,0,5.64705882352942,18.0,-76.33333333333334,8,2,terminal_interaction_mid,0.004071506172658004,0.005188359756736402
1473452,2025,15,2,0,5.64705882352942,18.642857142857142,-81.33333333333334,9,1,terminal_interaction_mid,0.003836778867001064,0.004902017633288419
1473452,2025,15,3,0,5.64705882352942,19.333333333333336,-81.5,9,1,terminal_interaction_mid,0.0038460022931136846,0.004913283739049345
1473452,2025,15,4,0,5.64705882352942,20.076923076923077,-81.66666666666666,9,1,terminal_interaction_mid,0.003796908943060289,0.004853303869659301
1473452,2025,15,5,0,5.64705882352942,20.64,-80.83333333333331,9,1,terminal_interaction_mid,0.0037963801505572757,0.00485265762848164
1473452,2025,15,6,0,5.64705882352942,21.25,-80.0,9,1,terminal_interaction_mid,0.003795943631628546,0.004852124152477064
1473452,2025,15,7,0,5.64705882352942,21.913043478260867,-79.16666666666666,9,1,terminal_interaction_mid,0.004072240949412921,0.005189254921127254
1473453,2025,7,1,0,34.28571428571428,10.051948051948052,-23.793333333333322,2,8,terminal_interaction_mid,0.4227042702251103,0.4336450151742264
1473453,2025,7,2,0,34.28571428571428,10.105263157894736,-24.14666666666666,2,8,terminal_interaction_mid,0.42603757484581617,0.4365084911685093
1473453,2025,7,3,0,34.28571428571428,9.92,-21.5,2,8,terminal_interaction_mid,0.4908604211361074,0.49197554930403237
1473453,2025,7,4,0,34.28571428571428,9.972972972972972,-21.853333333333325,2,8,terminal_interaction_mid,0.48438205661168265,0.486443550889635
1473453,2025,7,5,0,34.28571428571428,9.78082191780822,-19.206666666666678,2,8,terminal_interaction_mid,0.5538368509646152,0.5457945562363832
1473453,2025,7,6,0,34.28571428571428,9.833333333333332,-19.560000000000002,2,8,terminal_interaction_mid,0.5502229211801816,0.5426996660479269
1473453,2025,8,1,0,34.28571428571428,9.971830985915492,-32.92416666666668,3,7,terminal_interaction_mid,0.17499995732630358,0.20434061643037754
1473453,2025,8,2,0,34.28571428571428,10.114285714285714,-34.108333333333334,3,7,terminal_interaction_mid,0.16471206114622905,0.1941242382129787
1473453,2025,8,3,0,34.28571428571428,10.173913043478262,-34.292500000000004,3,7,terminal_interaction_mid,0.16431233943845835,0.193725275022618
1473453,2025,8,4,0,34.28571428571428,10.323529411764707,-35.476666666666674,3,7,terminal_interaction_mid,0.16305032722828627,0.19246463542034944
1473453,2025,8,5,0,34.28571428571428,10.388059701492537,-35.66083333333333,3,7,terminal_interaction_mid,0.1608193384094885,0.1902322362092986
1473453,2025,8,6,0,34.28571428571428,10.454545454545455,-35.845,3,7,terminal_interaction_mid,0.15544200824894938,0.18483089057956043
1473453,2025,9,1,0,34.28571428571428,10.523076923076923,-36.02916666666667,3,7,terminal_interaction_mid,0.15217093214539504,0.19108837818301555
1473453,2025,9,2,0,34.28571428571428,10.3125,-33.21333333333334,3,7,terminal_interaction_mid,0.20681181891239087,0.24503399512820997
1473453,2025,9,3,0,34.28571428571428,10.380952380952381,-33.39750000000001,3,7,terminal_interaction_mid,0.20471370288901752,0.24301914536036703
1473453,2025,9,4,0,34.28571428571428,10.451612903225806,-33.58166666666665,3,7,terminal_interaction_mid,0.19867159136331314,0.23719435121574717
1473453,2025,9,5,0,34.28571428571428,10.524590163934427,-33.76583333333335,3,7,terminal_interaction_mid,0.18345980413388477,0.22237357245429643
1473453,2025,9,6,0,34.28571428571428,10.299999999999999,-30.950000000000017,3,7,terminal_interaction_mid,0.2464576436327401,0.2824268314959885
1473453,2025,10,1,0,34.28571428571428,10.474576271186441,-32.13416666666669,3,7,terminal_interaction_mid,0.24220008190111278,0.27071943467497567
1473453,2025,10,2,0,34.28571428571428,10.241379310344827,-29.318333333333328,3,7,terminal_interaction_mid,0.31687875309476443,0.34129135970587143
1473453,2025,10,3,0,34.28571428571428,10.0,-26.502499999999998,3,7,terminal_interaction_mid,0.4393825966944607,0.4531200053317422
1473453,2025,10,4,0,34.28571428571428,10.071428571428571,-26.686666666666667,3,7,terminal_interaction_mid,0.4073240575004617,0.42417354437756916
1473453,2025,10,5,0,34.28571428571428,10.145454545454545,-26.870833333333337,3,7,terminal_interaction_mid,0.39166953123125026,0.4099723692280458
1473453,2025,10,6,0,34.28571428571428,10.333333333333334,-28.055000000000007,3,7,terminal_interaction_mid,0.3559599922313894,0.37737341379955514
1473453,2025,11,1,0,34.28571428571428,10.528301886792454,-29.239166666666677,3,7,terminal_interaction_mid,0.32417185915076774,0.34699918085316145
1473453,2025,11,2,0,34.28571428571428,10.730769230769232,-30.423333333333318,3,7,terminal_interaction_mid,0.2894503502552619,0.31386119377206056
1473453,2025,11,3,0,34.28571428571428,10.941176470588236,-31.607500000000016,3,7,terminal_interaction_mid,0.27804462887792747,0.30288176111145476
1473453,2025,11,4,0,34.28571428571428,11.040000000000001,-31.791666666666657,3,7,terminal_interaction_mid,0.2800112070893666,0.3047784222153194
1473453,2025,11,5,0,34.28571428571428,11.26530612244898,-32.97583333333333,3,7,terminal_interaction_mid,0.2619353735999752,0.28728614319851103
1473453,2025,11,6,0,34.28571428571428,11.375,-33.16,3,7,terminal_interaction_mid,0.2555081389622983,0.28103311013027593
1473453,2025,12,1,0,34.28571428571428,11.48936170212766,-33.344166666666666,3,7,terminal_interaction_mid,0.23151107367668466,0.2559083137868439
1473453,2025,12,2,0,34.28571428571428,11.608695652173912,-33.528333333333336,3,7,terminal_interaction_mid,0.21921882806447937,0.24379904754973789
1473453,2025,12,3,0,34.28571428571428,11.733333333333333,-33.712500000000006,3,7,terminal_interaction_mid,0.21680896227152724,0.24141587951923996
1473453,2025,12,4,0,34.28571428571428,11.863636363636363,-33.896666666666675,3,7,terminal_interaction_mid,0.19614027425450967,0.22084371610846715
1473453,2025,12,5,0,34.28571428571428,12.0,-34.080833333333345,3,7,terminal_interaction_mid,0.18709439005235773,0.21176043674635925
1473453,2025,12,6,0,34.28571428571428,12.142857142857142,-34.265000000000015,3,7,terminal_interaction_mid,0.1780338818921129,0.2026098374489672
1473453,2025,12,7,0,34.28571428571428,11.853658536585366,-31.449166666666684,3,7,terminal_interaction_mid,0.24433966640743987,0.26846677586930995
1473453,2025,12,8,0,34.28571428571428,11.850000000000001,-30.633333333333354,3,7,terminal_interaction_mid,0.24855602259004586,0.27257765634861875
1473453,2025,13,1,0,34.28571428571428,11.560975609756097,-29.449166666666684,3,7,terminal_interaction_mid,0.29094796399648715,0.3018816701944709
1473453,2025,13,2,0,34.28571428571428,11.7,-29.633333333333354,3,7,terminal_interaction_mid,0.2907604656960866,0.30170045849953453
1473453,2025,13,3,0,34.28571428571428,12.0,-30.817499999999995,3,7,terminal_interaction_mid,0.244622446989257,0.2568708010676022
1473453,2025,13,4,0,34.28571428571428,11.68421052631579,-28.001666666666665,3,7,terminal_interaction_mid,0.3327196132411052,0.34208977988763734
1473453,2025,13,5,0,34.28571428571428,11.675675675675677,-27.185833333333335,3,7,terminal_interaction_mid,0.36991510353889534,0.37766290644253586
1473453,2025,13,6,0,34.28571428571428,11.833333333333334,-27.370000000000005,3,7,terminal_interaction_mid,0.36755617329076445,0.37541221766929206
1473453,2025,14,1,0,34.28571428571428,12.0,-27.554166666666674,3,7,terminal_interaction_mid,0.36502197050651897,0.37194616891509025
1473453,2025,14,2,0,34.28571428571428,12.176470588235293,-27.738333333333344,3,7,terminal_interaction_mid,0.34550743334851636,0.3532069843917057
1473453,2025,14,3,0,34.28571428571428,12.363636363636363,-27.922499999999985,3,7,terminal_interaction_mid,0.31723552967474944,0.3259715050925929
1473453,2025,14,4,0,34.28571428571428,12.0,-25.106666666666683,3,7,terminal_interaction_mid,0.4458437230142257,0.4491844012617913
1473453,2025,14,5,0,34.28571428571428,12.0,-24.290833333333325,3,7,terminal_interaction_mid,0.4613902733124391,0.4639957315446995
1473453,2025,14,6,0,34.28571428571428,12.400000000000002,-25.474999999999994,3,7,terminal_interaction_mid,0.4289926348166182,0.433117927875606
1473453,2025,14,7,0,34.28571428571428,12.620689655172413,-25.659166666666664,3,7,terminal_interaction_mid,0.4149416720534264,0.4197089098533443
1473453,2025,15,1,0,34.28571428571428,12.413793103448278,-24.659166666666664,3,7,terminal_interaction_mid,0.4326173995679034,0.4373540333498252
1473453,2025,15,2,0,34.28571428571428,12.42857142857143,-23.843333333333334,3,7,terminal_interaction_mid,0.43002200362554566,0.43486352579009796
1473453,2025,15,3,0,34.28571428571428,12.666666666666668,-24.027500000000003,3,7,terminal_interaction_mid,0.4189092728751381,0.4241951957684347
1473453,2025,15,4,0,34.28571428571428,13.153846153846155,-25.211666666666673,3,7,terminal_interaction_mid,0.39986985205929804,0.4058973011806998
1473453,2025,15,5,0,34.28571428571428,12.72,-22.395833333333314,3,7,terminal_interaction_mid,0.46403744743858877,0.46747670649797807
1473453,2025,15,6,0,34.28571428571428,13.0,-22.579999999999984,3,7,terminal_interaction_mid,0.4552327527717954,0.4590401539488349
1473454,2025,7,1,0,17.51724137931035,10.51948051948052,-51.802499999999995,3,7,terminal_interaction_mid,0.09978674549123388,0.132517889378431
1473454,2025,7,2,0,17.51724137931035,10.578947368421051,-51.86999999999999,3,7,terminal_interaction_mid,0.09730399749237534,0.12979865205395716
1473454,2025,7,3,0,17.51724137931035,10.719999999999999,-52.9375,3,7,terminal_interaction_mid,0.09776522840636001,0.13030481455030687
1473454,2025,7,4,0,17.51724137931035,10.783783783783784,-53.00500000000001,3,7,terminal_interaction_mid,0.09382212067853396,0.12596253608531358
1473454,2025,7,5,0,17.51724137931035,10.84931506849315,-53.072500000000005,3,7,terminal_interaction_mid,0.09242872892513626,0.12441977689569166
1473454,2025,7,6,0,17.51724137931035,11.0,-54.140000000000015,3,7,terminal_interaction_mid,0.08813970864661619,0.11964264605579153
1473454,2025,8,1,0,17.51724137931035,11.070422535211268,-54.20750000000001,3,7,terminal_interaction_mid,0.0833077668944713,0.10877858835967791
1473454,2025,8,2,0,17.51724137931035,11.057142857142857,-53.275000000000006,3,7,terminal_interaction_mid,0.08713377512174408,0.11302573885208983
1473454,2025,8,3,0,17.51724137931035,11.130434782608695,-53.3425,3,7,terminal_interaction_mid,0.08576871312590079,0.1115139181962068
1473454,2025,8,4,0,17.51724137931035,11.205882352941178,-53.41000000000001,3,7,terminal_interaction_mid,0.08241143095101452,0.10777911682814628
1473454,2025,8,5,0,17.51724137931035,11.28358208955224,-53.47749999999999,3,7,terminal_interaction_mid,0.08284750957332407,0.10826558825916369
1473454,2025,8,6,0,17.51724137931035,11.363636363636363,-53.545,3,7,terminal_interaction_mid,0.08178650399819985,0.10708125537438495
1473454,2025,9,1,0,17.51724137931035,10.984615384615385,-48.6125,3,7,terminal_interaction_mid,0.11666481567936664,0.15395787783693435
1473454,2025,9,2,0,17.51724137931035,11.15625,-59.43999999999998,4,6,terminal_interaction_mid,0.056760664310945924,0.08528456943490421
1473454,2025,9,3,0,17.51724137931035,11.238095238095237,-59.355000000000004,4,6,terminal_interaction_mid,0.063690723207557,0.09377856473064576
1473454,2025,9,4,0,17.51724137931035,11.322580645161292,-59.269999999999996,4,6,terminal_interaction_mid,0.06630263888189437,0.09693272193670106
1473454,2025,9,5,0,17.51724137931035,11.40983606557377,-59.18500000000002,4,6,terminal_interaction_mid,0.0690484847592151,0.10022266816913361
1473454,2025,9,6,0,17.51724137931035,11.5,-59.099999999999994,4,6,terminal_interaction_mid,0.07010592009889863,0.10148279172561435
1473454,2025,10,1,0,17.51724137931035,11.491525423728813,-58.015000000000015,4,6,terminal_interaction_mid,0.07555753494142543,0.09871488073704358
1473454,2025,10,2,0,17.51724137931035,11.482758620689655,-56.93000000000001,4,6,terminal_interaction_mid,0.08267253636664373,0.1067748487720976
1473454,2025,10,3,0,17.51724137931035,11.578947368421053,-56.84500000000003,4,6,terminal_interaction_mid,0.08146593513758865,0.10541516290424918
1473454,2025,10,4,0,17.51724137931035,11.785714285714285,-66.29999999999998,5,5,terminal_interaction_mid,0.02698478416867489,0.03996179976329332
1473454,2025,10,5,0,17.51724137931035,11.89090909090909,-66.0625,5,5,terminal_interaction_mid,0.028590647275139557,0.04205438518164788
1473454,2025,10,6,0,17.51724137931035,12.0,-65.82500000000002,5,5,terminal_interaction_mid,0.03148237914750247,0.045785708063954184
1473454,2025,11,1,0,17.51724137931035,12.113207547169813,-65.5875,5,5,terminal_interaction_mid,0.028579875062562675,0.0394405332861101
1473454,2025,11,2,0,17.51724137931035,12.115384615384615,-64.35,5,5,terminal_interaction_mid,0.03384125190601705,0.04596844145556746
1473454,2025,11,3,0,17.51724137931035,12.352941176470587,-65.11249999999998,5,5,terminal_interaction_mid,0.03332457420384792,0.0453322494673096
1473454,2025,11,4,0,17.51724137931035,12.600000000000001,-65.875,5,5,terminal_interaction_mid,0.029836644314616852,0.0410101855005796
1473454,2025,11,5,0,17.51724137931035,12.73469387755102,-65.63750000000002,5,5,terminal_interaction_mid,0.030443740165801446,0.04176601097449344
1473454,2025,11,6,0,17.51724137931035,13.0,-66.4,5,5,terminal_interaction_mid,0.029780251735787994,0.0409398988698177
1473454,2025,12,1,0,17.51724137931035,13.148936170212766,-66.1625,5,5,terminal_interaction_mid,0.021299158729018983,0.029933487380172562
1473454,2025,12,2,0,17.51724137931035,13.304347826086957,-65.92500000000001,5,5,terminal_interaction_mid,0.02177658443616299,0.03054302846978632
1473454,2025,12,3,0,17.51724137931035,13.466666666666667,-65.6875,5,5,terminal_interaction_mid,0.019893594268075698,0.028131160649123133
1473454,2025,12,4,0,17.51724137931035,13.636363636363637,-65.44999999999999,5,5,terminal_interaction_mid,0.021762749674711302,0.030525383662226756
1473454,2025,12,5,0,17.51724137931035,13.813953488372093,-65.2125,5,5,terminal_interaction_mid,0.019771347396584885,0.027973836910790056
1473454,2025,12,6,0,17.51724137931035,14.0,-64.975,5,5,terminal_interaction_mid,0.019986749720202448,0.028250983166866278
1473454,2025,13,1,0,17.51724137931035,14.195121951219512,-64.73749999999998,5,5,terminal_interaction_mid,0.019819712341170095,0.02445446059885569
1473454,2025,13,2,0,17.51724137931035,14.399999999999999,-64.5,5,5,terminal_interaction_mid,0.017505040550465124,0.021755305922444568
1473454,2025,13,3,0,17.51724137931035,14.46153846153846,-63.26250000000002,5,5,terminal_interaction_mid,0.018870393300481687,0.023349936330355356
1473454,2025,13,4,0,17.51724137931035,14.842105263157896,-64.025,5,5,terminal_interaction_mid,0.013457203790639341,0.016980302930716326
1473454,2025,13,5,0,17.51724137931035,15.08108108108108,-63.787499999999994,5,5,terminal_interaction_mid,0.01260746401209382,0.015967627682877135
1473454,2025,13,6,0,17.51724137931035,14.833333333333334,-60.54999999999998,5,5,terminal_interaction_mid,0.018854137583754427,0.023330993582171364
1473454,2025,13,7,0,17.51724137931035,15.085714285714285,-60.3125,5,5,terminal_interaction_mid,0.016199432604221832,0.02022331947242419
1473454,2025,14,1,0,17.51724137931035,15.085714285714285,-60.3125,5,5,terminal_interaction_mid,0.01641330013622444,0.019990315510751085
1473454,2025,14,2,0,17.51724137931035,15.176470588235293,-59.07500000000002,5,5,terminal_interaction_mid,0.01742891682799015,0.021161276587413454
1473454,2025,14,3,0,17.51724137931035,14.90909090909091,-55.837500000000006,5,5,terminal_interaction_mid,0.026259565821357092,0.0312039076630286
1473454,2025,14,4,0,17.51724137931035,15.375,-56.599999999999994,5,5,terminal_interaction_mid,0.020642024620297714,0.024842214922782845
1473454,2025,14,5,0,17.51724137931035,15.870967741935484,-57.36250000000001,5,5,terminal_interaction_mid,0.0173863210384659,0.021112241912243205
1473454,2025,14,6,0,17.51724137931035,15.600000000000001,-54.125,5,5,terminal_interaction_mid,0.02489813726406084,0.029669845334538703
1473454,2025,15,1,0,17.51724137931035,15.931034482758623,-53.88749999999999,5,5,terminal_interaction_mid,0.019774868833745525,0.023469367109621886
1473454,2025,15,2,0,17.51724137931035,16.285714285714285,-53.650000000000006,5,5,terminal_interaction_mid,0.019188494026248046,0.022805311321412947
1473454,2025,15,3,0,17.51724137931035,16.666666666666664,-53.412499999999994,5,5,terminal_interaction_mid,0.016477373177042932,0.01972156664091783
1473454,2025,15,4,0,17.51724137931035,17.307692307692307,-54.17499999999998,5,5,terminal_interaction_mid,0.012675119811999999,0.015353916480590781
1473454,2025,15,5,0,17.51724137931035,18.0,-54.9375,5,5,terminal_interaction_mid,0.010043104372605745,0.012294513719335333
1473454,2025,15,6,0,17.51724137931035,18.5,-54.70000000000002,5,5,terminal_interaction_mid,0.008961407903128271,0.011026699275721185
1473454,2025,15,7,0,17.51724137931035,19.043478260869563,-54.462500000000006,5,5,terminal_interaction_mid,0.007953861490369151,0.009839378919296699
1473454,2025,15,8,0,17.51724137931035,19.636363636363637,-54.224999999999994,5,5,terminal_interaction_mid,0.007645708126940409,0.009474889212964806
1473455,2025,7,1,0,37.599999999999994,12.545454545454545,-81.075,4,6,terminal_interaction_mid,0.0295409851799704,0.04823145557956874
1473455,2025,7,2,0,37.599999999999994,12.394736842105264,-78.10000000000002,4,6,terminal_interaction_mid,0.0466503013113166,0.07063167180306497
1473455,2025,7,3,0,37.599999999999994,12.559999999999999,-79.125,4,6,terminal_interaction_mid,0.04182525223317007,0.0644917426746718
1473455,2025,7,4,0,37.599999999999994,12.72972972972973,-80.15,4,6,terminal_interaction_mid,0.030944937142247865,0.05014301197856837
1473455,2025,7,5,0,37.599999999999994,12.82191780821918,-80.17500000000001,4,6,terminal_interaction_mid,0.029316918469438194,0.04792492325479879
1473455,2025,7,6,0,37.599999999999994,13.0,-81.19999999999999,4,6,terminal_interaction_mid,0.026496018043827632,0.044029634162793624
1473455,2025,8,1,0,37.599999999999994,13.098591549295776,-81.225,4,6,terminal_interaction_mid,0.024683735383010906,0.03822792594604695
1473455,2025,8,2,0,37.599999999999994,13.200000000000001,-81.24999999999997,4,6,terminal_interaction_mid,0.024538344055130713,0.03803297579814771
1473455,2025,8,3,0,37.599999999999994,13.043478260869565,-78.275,4,6,terminal_interaction_mid,0.03004503835606185,0.045309276966819065
1473455,2025,8,4,0,37.599999999999994,13.147058823529413,-78.30000000000001,4,6,terminal_interaction_mid,0.030121367671454246,0.045408689398544005
1473455,2025,8,5,0,37.599999999999994,13.253731343283583,-78.32500000000002,4,6,terminal_interaction_mid,0.028793569426791878,0.043674004154668725
1473455,2025,8,6,0,37.599999999999994,13.363636363636363,-78.35,4,6,terminal_interaction_mid,0.02848558225414162,0.04326998829433632
1473455,2025,9,1,0,37.599999999999994,13.476923076923077,-78.375,4,6,terminal_interaction_mid,0.02994858961969462,0.05019314445897806
1473455,2025,9,2,0,37.599999999999994,13.125,-73.39999999999998,4,6,terminal_interaction_mid,0.0542628911188839,0.08217511621257718
1473455,2025,9,3,0,37.599999999999994,12.952380952380953,-70.42500000000001,4,6,terminal_interaction_mid,0.07468717597701999,0.10690010298048912
1473455,2025,9,4,0,37.599999999999994,13.064516129032256,-70.44999999999999,4,6,terminal_interaction_mid,0.0675887908370689,0.09847696994658858
1473455,2025,9,5,0,37.599999999999994,12.688524590163933,-65.47500000000002,4,6,terminal_interaction_mid,0.11456122577135575,0.15169183319061583
1473455,2025,9,6,0,37.599999999999994,12.8,-65.5,4,6,terminal_interaction_mid,0.11103448297690557,0.14787380589197985
1473455,2025,10,1,0,37.599999999999994,12.915254237288135,-65.525,4,6,terminal_interaction_mid,0.10529465164458973,0.13178585121186778
1473455,2025,10,2,0,37.599999999999994,13.03448275862069,-65.54999999999998,4,6,terminal_interaction_mid,0.10052123930468801,0.12657907007820543
1473455,2025,10,3,0,37.599999999999994,13.157894736842106,-65.57500000000002,4,6,terminal_interaction_mid,0.10915097818295233,0.1359671951711896
1473455,2025,10,4,0,37.599999999999994,13.392857142857142,-66.6,4,6,terminal_interaction_mid,0.09310884059324452,0.11842167943544958
1473455,2025,10,5,0,37.599999999999994,13.527272727272727,-66.62500000000003,4,6,terminal_interaction_mid,0.0936427595410978,0.11901231451272393
1473455,2025,10,6,0,37.599999999999994,13.666666666666666,-66.65,4,6,terminal_interaction_mid,0.09631930627931004,0.12196592444750655
1473455,2025,11,1,0,37.599999999999994,13.245283018867926,-61.67500000000001,4,6,terminal_interaction_mid,0.18975735129801483,0.2158749487187062
1473455,2025,11,2,0,37.599999999999994,13.5,-62.69999999999999,4,6,terminal_interaction_mid,0.15097593651282248,0.17617690847514955
1473455,2025,11,3,0,37.599999999999994,13.647058823529411,-62.724999999999994,4,6,terminal_interaction_mid,0.15024402790610297,0.1754165130754296
1473455,2025,11,4,0,37.599999999999994,13.799999999999999,-62.75,4,6,terminal_interaction_mid,0.1507332406699073,0.17592481674072927
1473455,2025,11,5,0,37.599999999999994,13.714285714285714,-60.775000000000006,4,6,terminal_interaction_mid,0.16715124576196466,0.1928706315911478
1473455,2025,11,6,0,37.599999999999994,13.875,-60.80000000000001,4,6,terminal_interaction_mid,0.1549822683707358,0.1803312368384683
1473455,2025,12,1,0,37.599999999999994,14.170212765957448,-61.82499999999999,4,6,terminal_interaction_mid,0.1314571715998982,0.15460723489829395
1473455,2025,12,2,0,37.599999999999994,14.217391304347824,-60.849999999999994,4,6,terminal_interaction_mid,0.1320605240420793,0.1552407903078105
1473455,2025,12,3,0,37.599999999999994,14.0,-57.875,4,6,terminal_interaction_mid,0.1537839234806334,0.17783442974622685
1473455,2025,12,4,0,37.599999999999994,14.181818181818183,-57.900000000000006,4,6,terminal_interaction_mid,0.14784964676797518,0.17170266424389058
1473455,2025,12,5,0,37.599999999999994,14.372093023255813,-57.92500000000001,4,6,terminal_interaction_mid,0.13282564124386828,0.15604371345613646
1473455,2025,12,6,0,37.599999999999994,14.57142857142857,-57.95000000000002,4,6,terminal_interaction_mid,0.114227285115268,0.13636193929767632
1473455,2025,12,7,0,37.599999999999994,14.78048780487805,-57.974999999999994,4,6,terminal_interaction_mid,0.10152094895134486,0.12269976041670676
1473455,2025,12,8,0,37.599999999999994,15.0,-58.0,4,6,terminal_interaction_mid,0.09183664570036168,0.11215342474161559
1473455,2025,12,9,0,37.599999999999994,14.76923076923077,-55.02499999999998,4,6,terminal_interaction_mid,0.13487540519019112,0.15819205868341019
1473455,2025,13,1,0,37.599999999999994,13.756097560975608,-50.974999999999994,4,6,terminal_interaction_mid,0.2574275986822362,0.269363794069837
1473455,2025,13,2,0,37.599999999999994,14.100000000000001,-52.0,4,6,terminal_interaction_mid,0.2200935863207686,0.23281395734554033
1473455,2025,13,3,0,37.599999999999994,13.538461538461538,-47.02499999999998,4,6,terminal_interaction_mid,0.3460787515558004,0.35488809292470463
1473455,2025,13,4,0,37.599999999999994,13.736842105263158,-47.05000000000001,4,6,terminal_interaction_mid,0.32880851056376303,0.33833775882555567
1473455,2025,13,5,0,37.599999999999994,13.945945945945944,-47.07499999999999,4,6,terminal_interaction_mid,0.32017647900753865,0.33004814365644314
1473455,2025,13,6,0,37.599999999999994,14.166666666666668,-47.10000000000002,4,6,terminal_interaction_mid,0.3011755736266235,0.3117557895615703
1473455,2025,14,1,0,37.599999999999994,13.885714285714286,-44.125,4,6,terminal_interaction_mid,0.33720494974269666,0.34522023525207973
1473455,2025,14,2,0,37.599999999999994,13.588235294117647,-41.150000000000006,4,6,terminal_interaction_mid,0.3760924471478108,0.3825580006267615
1473455,2025,14,3,0,37.599999999999994,14.0,-42.17499999999998,4,6,terminal_interaction_mid,0.3320732581083168,0.3402791295479096
1473455,2025,14,4,0,37.599999999999994,14.4375,-43.19999999999999,4,6,terminal_interaction_mid,0.2937617870805108,0.3032663119935501
1473455,2025,14,5,0,37.599999999999994,14.70967741935484,-43.224999999999994,4,6,terminal_interaction_mid,0.28949036286435564,0.2991246218859048
1473455,2025,14,6,0,37.599999999999994,15.0,-43.25,4,6,terminal_interaction_mid,0.2704432217533981,0.28061420901102496
1473455,2025,14,7,0,37.599999999999994,15.517241379310345,-49.22916666666666,5,5,terminal_interaction_mid,0.115216522557091,0.1259759382419489
1473455,2025,15,1,0,37.599999999999994,15.517241379310345,-54.18333333333334,6,4,terminal_interaction_mid,0.06087512480742864,0.06842568347396347
1473455,2025,15,2,0,37.599999999999994,15.857142857142858,-53.866666666666646,6,4,terminal_interaction_mid,0.053522971246380016,0.06055230805018209
1473455,2025,15,3,0,37.599999999999994,16.22222222222222,-53.55000000000001,6,4,terminal_interaction_mid,0.04329757977181944,0.04950119597090929
1473455,2025,15,4,0,37.599999999999994,16.615384615384613,-53.23333333333332,6,4,terminal_interaction_mid,0.03953318369009688,0.04539898104895152
1473455,2025,15,5,0,37.599999999999994,17.04,-52.91666666666666,6,4,terminal_interaction_mid,0.026125194959224027,0.030603906046837777
1473455,2025,15,6,0,37.599999999999994,17.5,-52.599999999999994,6,4,terminal_interaction_mid,0.018348884810863747,0.02185272930535195
1473456,2025,7,1,0,43.33333333333334,11.142857142857142,-19.82666666666664,2,8,terminal_interaction_mid,0.2699797095950248,0.29939706430935165
1473456,2025,7,2,0,43.33333333333334,10.973684210526315,-17.413333333333327,2,8,terminal_interaction_mid,0.323689097225556,0.34750698492956456
1473456,2025,7,3,0,43.33333333333334,11.040000000000001,-18.0,2,8,terminal_interaction_mid,0.31848839501049975,0.34290272762358204
1473456,2025,7,4,0,43.33333333333334,11.108108108108109,-18.586666666666645,2,8,terminal_interaction_mid,0.3092021863472775,0.33465522127437725
1473456,2025,7,5,0,43.33333333333334,11.26027397260274,-20.17333333333336,2,8,terminal_interaction_mid,0.291073678041484,0.3184494660543951
1473456,2025,7,6,0,43.33333333333334,11.333333333333332,-20.760000000000005,2,8,terminal_interaction_mid,0.29002956641937633,0.31751157738667696
1473456,2025,7,7,0,43.33333333333334,11.154929577464788,-18.34666666666665,2,8,terminal_interaction_mid,0.32380373771852056,0.3476083628911704
1473456,2025,8,1,0,43.33333333333334,10.985915492957746,-16.34666666666665,2,8,terminal_interaction_mid,0.3951325620923555,0.4080017644389147
1473456,2025,8,2,0,43.33333333333334,11.057142857142857,-16.93333333333331,2,8,terminal_interaction_mid,0.3861654236664151,0.40004121905642936
1473456,2025,8,3,0,43.33333333333334,11.130434782608695,-17.52000000000001,2,8,terminal_interaction_mid,0.379858859927556,0.3944332406905056
1473456,2025,8,4,0,43.33333333333334,11.294117647058822,-19.106666666666655,2,8,terminal_interaction_mid,0.3619062407447437,0.3784223757935684
1473456,2025,8,5,0,43.33333333333334,11.373134328358208,-19.6933333333333,2,8,terminal_interaction_mid,0.3536563373448049,0.3710392043955673
1473456,2025,8,6,0,43.33333333333334,11.181818181818182,-17.279999999999973,2,8,terminal_interaction_mid,0.3722885368706502,0.38769053662709024
1473456,2025,9,1,0,43.33333333333334,10.984615384615385,-14.866666666666674,2,8,terminal_interaction_mid,0.42725050996634045,0.44249948754422375
1473456,2025,9,2,0,43.33333333333334,11.0625,-15.453333333333319,2,8,terminal_interaction_mid,0.40342335751848485,0.4220127374337505
1473456,2025,9,3,0,43.33333333333334,11.238095238095237,-17.039999999999992,2,8,terminal_interaction_mid,0.377632279947893,0.39969772082550026
1473456,2025,9,4,0,43.33333333333334,11.322580645161292,-17.626666666666665,2,8,terminal_interaction_mid,0.3683568790409868,0.39162993081534736
1473456,2025,9,5,0,43.33333333333334,10.918032786885245,-13.21333333333331,2,8,terminal_interaction_mid,0.4462268900181926,0.45874626913836647
1473456,2025,9,6,0,43.33333333333334,11.100000000000001,-14.799999999999983,2,8,terminal_interaction_mid,0.4176018790405611,0.43421652347043044
1473456,2025,9,7,0,43.33333333333334,11.1864406779661,-15.386666666666684,2,8,terminal_interaction_mid,0.4240710236219202,0.43977183320491364
1473456,2025,10,1,0,43.33333333333334,10.983050847457626,-13.386666666666684,2,8,terminal_interaction_mid,0.45956666694921455,0.47126957071751135
1473456,2025,10,2,0,43.33333333333334,11.172413793103448,-14.97333333333333,2,8,terminal_interaction_mid,0.44025127666283204,0.45390218070839705
1473456,2025,10,3,0,43.33333333333334,11.263157894736842,-15.560000000000002,2,8,terminal_interaction_mid,0.4323095977315601,0.44674742902347747
1473456,2025,10,4,0,43.33333333333334,11.035714285714285,-13.146666666666675,2,8,terminal_interaction_mid,0.47053731806207333,0.481115443279075
1473456,2025,10,5,0,43.33333333333334,11.236363636363636,-14.73333333333332,2,8,terminal_interaction_mid,0.45475830605811485,0.466950269120226
1473456,2025,10,6,0,43.33333333333334,11.444444444444445,-16.319999999999965,2,8,terminal_interaction_mid,0.43477879565942384,0.4489729166668628
1473456,2025,11,1,0,43.33333333333334,11.547169811320755,-16.906666666666666,2,8,terminal_interaction_mid,0.4176445027735996,0.43454880678329943
1473456,2025,11,2,0,43.33333333333334,11.769230769230768,-18.49333333333334,2,8,terminal_interaction_mid,0.3964233377891407,0.4148428775367485
1473456,2025,11,3,0,43.33333333333334,11.529411764705882,-16.079999999999984,2,8,terminal_interaction_mid,0.43577983022678446,0.45132803379952285
1473456,2025,11,4,0,43.33333333333334,11.64,-16.666666666666657,2,8,terminal_interaction_mid,0.4149126255237352,0.43201654958904934
1473456,2025,11,5,0,43.33333333333334,11.63265306122449,-16.25333333333333,2,8,terminal_interaction_mid,0.43252445229863423,0.4483198620945643
1473456,2025,11,6,0,43.33333333333334,11.75,-16.839999999999975,2,8,terminal_interaction_mid,0.4265769200618625,0.4428198044298119
1473456,2025,11,7,0,43.33333333333334,11.48936170212766,-14.426666666666648,2,8,terminal_interaction_mid,0.45183591173925375,0.46614286674453403
1473456,2025,12,1,0,43.33333333333334,11.361702127659575,-13.426666666666648,2,8,terminal_interaction_mid,0.4457205619120232,0.45847170801863657
1473456,2025,12,2,0,43.33333333333334,11.478260869565219,-14.01333333333335,2,8,terminal_interaction_mid,0.44302519347460934,0.4559859619283172
1473456,2025,12,3,0,43.33333333333334,11.6,-14.599999999999994,2,8,terminal_interaction_mid,0.43633215560877164,0.4498095020346444
1473456,2025,12,4,0,43.33333333333334,11.727272727272727,-15.186666666666667,2,8,terminal_interaction_mid,0.42488317973655226,0.439230233078756
1473456,2025,12,5,0,43.33333333333334,11.86046511627907,-15.77333333333334,2,8,terminal_interaction_mid,0.41280622891582025,0.42804983372870503
1473456,2025,12,6,0,43.33333333333334,12.0,-16.359999999999985,2,8,terminal_interaction_mid,0.40671287469014905,0.42240000615365275
1473456,2025,12,7,0,43.33333333333334,12.146341463414634,-16.94666666666666,2,8,terminal_interaction_mid,0.38139216342181814,0.3988514238726794
1473456,2025,12,8,0,43.33333333333334,12.450000000000001,-18.53333333333336,2,8,terminal_interaction_mid,0.36612070770074684,0.38458696236553847
1473456,2025,12,9,0,43.33333333333334,12.153846153846153,-16.120000000000005,2,8,terminal_interaction_mid,0.4102546938272894,0.4256847698052601
1473456,2025,12,10,0,43.33333333333334,12.157894736842104,-15.70666666666665,2,8,terminal_interaction_mid,0.4186336477857987,0.43344745441433663
1473456,2025,12,11,0,43.33333333333334,12.486486486486488,-24.63166666666666,3,7,terminal_interaction_mid,0.2919521448935972,0.314459002709217
1473456,2025,13,1,0,43.33333333333334,11.121951219512196,-18.078333333333347,3,7,terminal_interaction_mid,0.3840220731976211,0.39110934881176485
1473456,2025,13,2,0,43.33333333333334,11.399999999999999,-19.46666666666667,3,7,terminal_interaction_mid,0.37375194804890977,0.381322303467485
1473456,2025,13,3,0,43.33333333333334,11.692307692307692,-20.85499999999999,3,7,terminal_interaction_mid,0.3759587063080603,0.38342624027017114
1473456,2025,13,4,0,43.33333333333334,11.842105263157894,-21.24333333333334,3,7,terminal_interaction_mid,0.3737931098178775,0.38136155239303093
1473456,2025,13,5,0,43.33333333333334,12.0,-21.63166666666666,3,7,terminal_interaction_mid,0.35679862672572465,0.3651396563157706
1473456,2025,13,6,0,43.33333333333334,12.166666666666666,-22.02000000000001,3,7,terminal_interaction_mid,0.3736555014958001,0.38123033816126906
1473456,2025,13,7,0,43.33333333333334,12.514285714285716,-30.349999999999994,4,6,terminal_interaction_mid,0.2475864157325474,0.259766307842945
1473456,2025,14,1,0,43.33333333333334,12.342857142857142,-29.349999999999994,4,6,terminal_interaction_mid,0.2730725827199914,0.2831737133770434
1473456,2025,14,2,0,43.33333333333334,12.529411764705884,-29.54000000000002,4,6,terminal_interaction_mid,0.25006906830329206,0.26073153437876717
1473456,2025,14,3,0,43.33333333333334,12.727272727272727,-29.72999999999999,4,6,terminal_interaction_mid,0.2694821117550302,0.27967828111792065
1473456,2025,14,4,0,43.33333333333334,13.125,-30.919999999999987,4,6,terminal_interaction_mid,0.23742504779425452,0.2483448317394498
1473456,2025,14,5,0,43.33333333333334,12.774193548387096,-28.109999999999985,4,6,terminal_interaction_mid,0.2733307533848091,0.28342494941605234
1473456,2025,14,6,0,43.33333333333334,13.200000000000001,-35.25,5,5,terminal_interaction_mid,0.1583335457727437,0.16981439590200303
1473456,2025,15,1,0,43.33333333333334,12.827586206896552,-32.241666666666674,5,5,terminal_interaction_mid,0.19510160880872862,0.20607162866746204
1473456,2025,15,2,0,43.33333333333334,13.285714285714286,-38.78666666666666,6,4,terminal_interaction_mid,0.07623206110114791,0.08470758427343708
1473456,2025,15,3,0,43.33333333333334,13.555555555555554,-38.58000000000001,6,4,terminal_interaction_mid,0.071478391904299,0.07968927222864915
1473456,2025,15,4,0,43.33333333333334,14.076923076923077,-39.373333333333335,6,4,terminal_interaction_mid,0.06078242880067221,0.0683267565991177
1473456,2025,15,5,0,43.33333333333334,13.200000000000001,-34.16666666666666,6,4,terminal_interaction_mid,0.09896980889721124,0.10848131419385877
1473456,2025,15,6,0,43.33333333333334,13.5,-33.95999999999998,6,4,terminal_interaction_mid,0.09988513196175507,0.10943118000979006
1473457,2025,7,1,1,-43.0,7.48051948051948,-16.973333333333315,2,8,terminal_interaction_mid,0.7745369921734071,0.7413095676928293
1473457,2025,7,2,1,-43.0,7.2631578947368425,-13.986666666666665,2,8,terminal_interaction_mid,0.8072595579160814,0.7724153422893801
1473457,2025,7,3,1,-43.0,7.28,-14.0,2,8,terminal_interaction_mid,0.8042973112407523,0.7695619161676512
1473457,2025,7,4,1,-43.0,7.378378378378379,-15.013333333333321,2,8,terminal_interaction_mid,0.7936992042438336,0.7594170964803475
1473457,2025,7,5,1,-43.0,7.397260273972603,-15.026666666666685,2,8,terminal_interaction_mid,0.7883848657992805,0.7543660414814655
1473457,2025,7,6,1,-43.0,7.416666666666667,-15.040000000000006,2,8,terminal_interaction_mid,0.7841182789762051,0.7503274181246858
1473457,2025,8,1,1,-43.0,7.521126760563381,-16.053333333333327,2,8,terminal_interaction_mid,0.7724982962786274,0.7454151083363584
1473457,2025,8,2,1,-43.0,7.285714285714285,-13.066666666666649,2,8,terminal_interaction_mid,0.7978479266709715,0.7696476759486904
1473457,2025,8,3,1,-43.0,7.217391304347826,-12.080000000000013,2,8,terminal_interaction_mid,0.8098714165525865,0.7813011295045664
1473457,2025,8,4,1,-43.0,7.235294117647058,-12.093333333333334,2,8,terminal_interaction_mid,0.8065575723555505,0.7780781805210627
1473457,2025,8,5,1,-43.0,6.985074626865671,-9.106666666666655,2,8,terminal_interaction_mid,0.8657459829035099,0.8371532022621052
1473457,2025,8,6,1,-43.0,7.0,-9.11999999999999,2,8,terminal_interaction_mid,0.8638714418526703,0.8352257709368479
1473457,2025,9,1,1,-43.0,7.015384615384615,-9.133333333333326,2,8,terminal_interaction_mid,0.868951494259435,0.8358435887249679
1473457,2025,9,2,1,-43.0,7.125,-10.146666666666647,2,8,terminal_interaction_mid,0.8406158532122177,0.8073513014677952
1473457,2025,9,3,1,-43.0,7.142857142857142,-10.159999999999997,2,8,terminal_interaction_mid,0.8393255139391653,0.8060779588011834
1473457,2025,9,4,1,-43.0,7.064516129032258,-9.173333333333332,2,8,terminal_interaction_mid,0.8632589743202304,0.8300323834624325
1473457,2025,9,5,1,-43.0,7.081967213114754,-9.186666666666653,2,8,terminal_interaction_mid,0.8624030494371994,0.8291626559812694
1473457,2025,9,6,1,-43.0,7.1,-9.200000000000003,2,8,terminal_interaction_mid,0.8574497245317197,0.824149491335024
1473457,2025,10,1,1,-43.0,7.016949152542373,-8.213333333333338,2,8,terminal_interaction_mid,0.879236861558374,0.8590029179311411
1473457,2025,10,2,1,-43.0,7.137931034482759,-9.22666666666666,2,8,terminal_interaction_mid,0.8556651810256966,0.83522301965649
1473457,2025,10,3,1,-43.0,7.157894736842104,-9.239999999999995,2,8,terminal_interaction_mid,0.8561047897341137,0.8356616042105729
1473457,2025,10,4,1,-43.0,7.285714285714285,-10.253333333333345,2,8,terminal_interaction_mid,0.8350400006190137,0.8148304252914438
1473457,2025,10,5,1,-43.0,7.3090909090909095,-10.266666666666666,2,8,terminal_interaction_mid,0.8336820058225812,0.8134996679941575
1473457,2025,10,6,1,-43.0,7.0,-7.279999999999987,2,8,terminal_interaction_mid,0.8995840260544763,0.88002515243276
1473457,2025,11,1,1,-43.0,7.018867924528301,-7.2933333333333366,2,8,terminal_interaction_mid,0.8944654960434074,0.8810085422443751
1473457,2025,11,2,1,-43.0,7.038461538461538,-7.306666666666672,2,8,terminal_interaction_mid,0.8899865468160808,0.8764555270963558
1473457,2025,11,3,1,-43.0,7.0588235294117645,-7.319999999999993,2,8,terminal_interaction_mid,0.884762531092117,0.8711685339892308
1473457,2025,11,4,1,-43.0,7.08,-7.333333333333329,2,8,terminal_interaction_mid,0.8857063806318994,0.8721219520597912
1473457,2025,11,5,1,-43.0,7.224489795918368,-8.346666666666664,2,8,terminal_interaction_mid,0.8761076254184008,0.8624614218001696
1473457,2025,11,6,1,-43.0,6.875,-5.359999999999985,2,8,terminal_interaction_mid,0.9380954919702892,0.9265603614586936
1473457,2025,12,1,1,-43.0,6.893617021276596,-5.373333333333335,2,8,terminal_interaction_mid,0.9386882570239867,0.9266944407787179
1473457,2025,12,2,1,-43.0,6.913043478260869,-5.38666666666667,2,8,terminal_interaction_mid,0.9343733649877879,0.9220375633285683
1473457,2025,12,3,1,-43.0,6.533333333333333,-2.3999999999999915,2,8,terminal_interaction_mid,0.9679954783841085,0.9593662974019415
1473457,2025,12,4,1,-43.0,6.681818181818182,-3.413333333333327,2,8,terminal_interaction_mid,0.959162079269928,0.9492919307313527
1473457,2025,12,5,1,-43.0,6.697674418604651,-3.4266666666666765,2,8,terminal_interaction_mid,0.9593246574645145,0.9494752834137589
1473457,2025,12,6,1,-43.0,6.714285714285714,-3.4399999999999977,2,8,terminal_interaction_mid,0.9535852196687417,0.9430438523917795
1473457,2025,13,1,1,-43.0,6.878048780487804,-9.646666666666675,3,7,terminal_interaction_mid,0.8974889318644902,0.886644076321728
1473457,2025,13,2,1,-43.0,7.050000000000001,-10.533333333333346,3,7,terminal_interaction_mid,0.8853590583232418,0.8741584981248608
1473457,2025,13,3,1,-43.0,7.076923076923077,-10.419999999999987,3,7,terminal_interaction_mid,0.8856355966083196,0.8744420648908071
1473457,2025,13,4,1,-43.0,6.631578947368421,-7.306666666666672,3,7,terminal_interaction_mid,0.9207845169671736,0.9109297789114094
1473457,2025,13,5,1,-43.0,6.8108108108108105,-8.193333333333328,3,7,terminal_interaction_mid,0.9158987741890239,0.9057991130020125
1473457,2025,13,6,1,-43.0,7.0,-9.080000000000013,3,7,terminal_interaction_mid,0.8975710617846725,0.8867289582756505
1473457,2025,13,7,1,-43.0,7.0285714285714285,-8.966666666666669,3,7,terminal_interaction_mid,0.9035050280785779,0.8928747443261507
1473457,2025,14,1,1,-43.0,6.342857142857143,-4.966666666666669,3,7,terminal_interaction_mid,0.9562052417551555,0.9496671890971469
1473457,2025,14,2,1,-43.0,5.823529411764706,-1.853333333333353,3,7,terminal_interaction_mid,0.9709421587080677,0.9658554606144971
1473457,2025,14,3,1,-43.0,5.2727272727272725,1.2600000000000051,3,7,terminal_interaction_mid,0.9835645696132912,0.9801015651383278
1473457,2025,14,4,1,-43.0,5.25,1.3733333333333348,3,7,terminal_interaction_mid,0.9842069894073503,0.9808399450038516
1473457,2025,14,5,1,-43.0,4.64516129032258,4.486666666666679,3,7,terminal_interaction_mid,0.9880436537143858,0.9852861173590497
1473457,2025,14,6,1,-43.0,4.800000000000001,3.6000000000000085,3,7,terminal_interaction_mid,0.9882947978717362,0.985579592060785
1473457,2025,14,7,1,-43.0,4.758620689655173,3.7133333333333383,3,7,terminal_interaction_mid,0.988728728174925,0.9860874524692133
1473457,2025,15,1,1,-43.0,4.551724137931034,4.713333333333338,3,7,terminal_interaction_mid,0.9906218424219271,0.9886567200153272
1473457,2025,15,2,1,-43.0,4.714285714285714,3.826666666666668,3,7,terminal_interaction_mid,0.9902021326031318,0.9881722957882358
1473457,2025,15,3,1,-43.0,4.0,6.939999999999998,3,7,terminal_interaction_mid,0.9939747782046748,0.9925673217440881
1473457,2025,15,4,1,-43.0,3.230769230769231,10.053333333333313,3,7,terminal_interaction_mid,0.9946307905914813,0.9933427513422146
1473457,2025,15,5,1,-43.0,3.12,10.166666666666686,3,7,terminal_interaction_mid,0.9947460345206863,0.9934794024150354
1473457,2025,15,6,1,-43.0,3.0,10.280000000000001,3,7,terminal_interaction_mid,0.9946388340822612,0.9933522846230095
1473458,2025,7,1,0,45.217391304347814,12.623376623376624,-47.55333333333331,2,8,terminal_interaction_mid,0.05394316278703874,0.0796981170813616
1473458,2025,7,2,0,45.217391304347814,12.473684210526315,-45.02666666666666,2,8,terminal_interaction_mid,0.0636443122122668,0.09141684646759675
1473458,2025,7,3,0,45.217391304347814,12.32,-42.5,2,8,terminal_interaction_mid,0.07786715443482438,0.10801454952060686
1473458,2025,7,4,0,45.217391304347814,12.405405405405405,-42.973333333333315,2,8,terminal_interaction_mid,0.07310309758100376,0.10252429629094091
1473458,2025,7,5,0,45.217391304347814,12.246575342465754,-40.44666666666669,2,8,terminal_interaction_mid,0.09644947980381594,0.12885967082920094
1473458,2025,7,6,0,45.217391304347814,12.416666666666668,-41.92,2,8,terminal_interaction_mid,0.07602185454079238,0.10589572963373473
1473458,2025,8,1,0,45.217391304347814,12.591549295774648,-43.39333333333332,2,8,terminal_interaction_mid,0.07692120791368033,0.10161840306631738
1473458,2025,8,2,0,45.217391304347814,12.42857142857143,-40.866666666666646,2,8,terminal_interaction_mid,0.09172074018528811,0.11807840688699008
1473458,2025,8,3,0,45.217391304347814,12.608695652173914,-42.34,2,8,terminal_interaction_mid,0.08489795607124513,0.11054753183579628
1473458,2025,8,4,0,45.217391304347814,12.705882352941178,-42.81333333333333,2,8,terminal_interaction_mid,0.0804780469748431,0.10561731920814302
1473458,2025,8,5,0,45.217391304347814,12.895522388059701,-44.28666666666665,2,8,terminal_interaction_mid,0.07798336230368241,0.10281559927168137
1473458,2025,8,6,0,45.217391304347814,13.09090909090909,-45.75999999999999,2,8,terminal_interaction_mid,0.07391480600383506,0.09821535698436461
1473458,2025,9,1,0,45.217391304347814,13.200000000000001,-46.233333333333334,2,8,terminal_interaction_mid,0.07271020392571834,0.10457057172142882
1473458,2025,9,2,0,45.217391304347814,13.40625,-47.70666666666665,2,8,terminal_interaction_mid,0.06516104168373504,0.09555715054885877
1473458,2025,9,3,0,45.217391304347814,13.619047619047619,-49.17999999999998,2,8,terminal_interaction_mid,0.05797786872491801,0.08679030655381254
1473458,2025,9,4,0,45.217391304347814,13.838709677419356,-62.07166666666666,3,7,terminal_interaction_mid,0.026952365926502266,0.04597119286652613
1473458,2025,9,5,0,45.217391304347814,13.672131147540984,-59.360833333333346,3,7,terminal_interaction_mid,0.04014922489764513,0.06404245225202115
1473458,2025,9,6,0,45.217391304347814,13.799999999999999,-59.650000000000006,3,7,terminal_interaction_mid,0.03744082181075577,0.060435689781772474
1473458,2025,10,1,0,45.217391304347814,14.033898305084746,-60.939166666666665,3,7,terminal_interaction_mid,0.03377750927710112,0.04871595329626821
1473458,2025,10,2,0,45.217391304347814,14.172413793103448,-61.228333333333325,3,7,terminal_interaction_mid,0.031050519244690787,0.045231333516965656
1473458,2025,10,3,0,45.217391304347814,14.421052631578947,-62.517499999999984,3,7,terminal_interaction_mid,0.027151016365931674,0.04017912944823985
1473458,2025,10,4,0,45.217391304347814,14.57142857142857,-62.80666666666667,3,7,terminal_interaction_mid,0.028254005300077666,0.04161696781727908
1473458,2025,10,5,0,45.217391304347814,14.836363636363636,-64.09583333333333,3,7,terminal_interaction_mid,0.022803967756548724,0.03443736871393054
1473458,2025,10,6,0,45.217391304347814,14.666666666666668,-61.38500000000002,3,7,terminal_interaction_mid,0.03160288372274002,0.04594022464379676
1473458,2025,10,7,0,45.217391304347814,14.943396226415093,-62.67416666666668,3,7,terminal_interaction_mid,0.026159708790074964,0.038880591875729724
1473458,2025,11,1,0,45.217391304347814,14.830188679245284,-61.67416666666668,3,7,terminal_interaction_mid,0.02754858100484098,0.03814729344267494
1473458,2025,11,2,0,45.217391304347814,15.0,-61.96333333333334,3,7,terminal_interaction_mid,0.026338648704445054,0.03662382003993559
1473458,2025,11,3,0,45.217391304347814,15.294117647058822,-63.2525,3,7,terminal_interaction_mid,0.023573388482491468,0.03311512218374212
1473458,2025,11,4,0,45.217391304347814,14.879999999999999,-58.54166666666666,3,7,terminal_interaction_mid,0.03843838330736542,0.05158661477537957
1473458,2025,11,5,0,45.217391304347814,15.061224489795919,-58.83083333333332,3,7,terminal_interaction_mid,0.03730639589150198,0.050210018348780784
1473458,2025,11,6,0,45.217391304347814,15.375,-68.96000000000001,4,6,terminal_interaction_mid,0.014286509573827806,0.020997209775585047
1473458,2025,12,1,0,45.217391304347814,15.702127659574469,-70.065,4,6,terminal_interaction_mid,0.012693467337394331,0.018682418340598056
1473458,2025,12,2,0,45.217391304347814,15.260869565217392,-65.17000000000002,4,6,terminal_interaction_mid,0.01939216045734581,0.027485250227403918
1473458,2025,12,3,0,45.217391304347814,15.066666666666666,-62.275000000000006,4,6,terminal_interaction_mid,0.027414611847132456,0.03765005167133008
1473458,2025,12,4,0,45.217391304347814,15.136363636363637,-61.379999999999995,4,6,terminal_interaction_mid,0.027483872828668657,0.037736397610943904
1473458,2025,12,5,0,45.217391304347814,14.930232558139535,-58.485000000000014,4,6,terminal_interaction_mid,0.03629831505907387,0.048564503376399656
1473458,2025,12,6,0,45.217391304347814,15.142857142857142,-58.59,4,6,terminal_interaction_mid,0.030986223245599083,0.04207556227087349
1473458,2025,13,1,0,45.217391304347814,15.365853658536587,-58.69500000000002,4,6,terminal_interaction_mid,0.029275540248928165,0.03529817328884789
1473458,2025,13,2,0,45.217391304347814,14.850000000000001,-53.80000000000001,4,6,terminal_interaction_mid,0.046138650099414556,0.054112502497647395
1473458,2025,13,3,0,45.217391304347814,14.615384615384613,-50.90499999999997,4,6,terminal_interaction_mid,0.054938072820280674,0.06373560106815811
1473458,2025,13,4,0,45.217391304347814,14.052631578947368,-46.01000000000002,4,6,terminal_interaction_mid,0.08482681275288734,0.09571335495071248
1473458,2025,13,5,0,45.217391304347814,14.27027027027027,-46.11499999999998,4,6,terminal_interaction_mid,0.08142215629823425,0.09211706827873112
1473458,2025,13,6,0,45.217391304347814,14.0,-43.22000000000003,4,6,terminal_interaction_mid,0.1080235661940392,0.11996014737804285
1473458,2025,13,7,0,45.217391304347814,14.399999999999999,-44.32499999999999,4,6,terminal_interaction_mid,0.09027888123848445,0.10145099592010252
1473458,2025,14,1,0,45.217391304347814,14.228571428571428,-43.32499999999999,4,6,terminal_interaction_mid,0.10171526754268878,0.11204285072915784
1473458,2025,14,2,0,45.217391304347814,13.588235294117647,-38.43000000000001,4,6,terminal_interaction_mid,0.1791803535591367,0.19071622532880703
1473458,2025,14,3,0,45.217391304347814,12.909090909090908,-33.535,4,6,terminal_interaction_mid,0.23603238052583456,0.24697811555806437
1473458,2025,14,4,0,45.217391304347814,13.125,-33.639999999999986,4,6,terminal_interaction_mid,0.23084481906227264,0.24188288072098582
1473458,2025,14,5,0,45.217391304347814,13.354838709677418,-33.745000000000005,4,6,terminal_interaction_mid,0.21950649196170968,0.23072165248153953
1473458,2025,14,6,0,45.217391304347814,13.6,-33.849999999999994,4,6,terminal_interaction_mid,0.2154337468585419,0.226703896773857
1473458,2025,14,7,0,45.217391304347814,13.655172413793103,-32.954999999999984,4,6,terminal_interaction_mid,0.22777644409523554,0.23886583263006447
1473458,2025,14,8,0,45.217391304347814,13.92857142857143,-33.06,4,6,terminal_interaction_mid,0.21843885541212057,0.229668882992378
1473458,2025,15,1,0,45.217391304347814,13.448275862068964,-31.954999999999984,4,6,terminal_interaction_mid,0.2347948561415693,0.24543342876989865
1473458,2025,15,2,0,45.217391304347814,13.714285714285714,-32.06,4,6,terminal_interaction_mid,0.2275066912559101,0.23823679389937025
1473458,2025,15,3,0,45.217391304347814,14.222222222222221,-33.16499999999999,4,6,terminal_interaction_mid,0.2052098915341447,0.21613608211021487
1473458,2025,15,4,0,45.217391304347814,14.538461538461537,-33.27000000000001,4,6,terminal_interaction_mid,0.176246613723126,0.18721507693223186
1473458,2025,15,5,0,45.217391304347814,13.68,-28.375,4,6,terminal_interaction_mid,0.3266767151332646,0.3352371574994205
1473458,2025,15,6,0,45.217391304347814,14.0,-28.47999999999999,4,6,terminal_interaction_mid,0.3095544966057149,0.31861276105734554
1473458,2025,15,7,0,45.217391304347814,13.565217391304348,-25.585000000000008,4,6,terminal_interaction_mid,0.3657700606439459,0.3730491714494999
1473459,2025,7,1,0,45.33333333333334,12.311688311688311,-30.527500000000003,1,9,terminal_interaction_mid,0.16585180679372688,0.20100499807312533
1473459,2025,7,2,0,45.33333333333334,12.473684210526315,-46.03999999999999,2,8,terminal_interaction_mid,0.08089139505767327,0.11146662132828772
1473459,2025,7,3,0,45.33333333333334,12.48,-45.5,2,8,terminal_interaction_mid,0.08614493485233116,0.1174058007951238
1473459,2025,7,4,0,45.33333333333334,12.567567567567568,-45.95999999999998,2,8,terminal_interaction_mid,0.08547239065756002,0.11664942120606832
1473459,2025,7,5,0,45.33333333333334,12.73972602739726,-47.420000000000016,2,8,terminal_interaction_mid,0.08089194156302346,0.11146724290482905
1473459,2025,7,6,0,45.33333333333334,12.583333333333334,-44.88000000000001,2,8,terminal_interaction_mid,0.09947611599660701,0.13217838881588298
1473459,2025,7,7,0,45.33333333333334,12.760563380281688,-46.33999999999999,2,8,terminal_interaction_mid,0.09298674985857089,0.12503814719180467
1473459,2025,8,1,0,45.33333333333334,12.676056338028168,-45.33999999999999,2,8,terminal_interaction_mid,0.1075731524595209,0.13524128590813086
1473459,2025,8,2,0,45.33333333333334,12.685714285714287,-44.79999999999997,2,8,terminal_interaction_mid,0.11730600077813595,0.14557321975712226
1473459,2025,8,3,0,45.33333333333334,12.521739130434781,-42.260000000000005,2,8,terminal_interaction_mid,0.12778453678109328,0.15654242299797244
1473459,2025,8,4,0,45.33333333333334,12.705882352941178,-43.72,2,8,terminal_interaction_mid,0.11768705328237246,0.14597482632448175
1473459,2025,8,5,0,45.33333333333334,12.805970149253731,-44.17999999999998,2,8,terminal_interaction_mid,0.12141218767592594,0.1498898992243214
1473459,2025,8,6,0,45.33333333333334,12.818181818181817,-43.639999999999986,2,8,terminal_interaction_mid,0.11531895676011587,0.14347554362436776
1473459,2025,9,1,0,45.33333333333334,12.830769230769231,-43.099999999999994,2,8,terminal_interaction_mid,0.12695293413367909,0.1649253229104191
1473459,2025,9,2,0,45.33333333333334,12.9375,-43.55999999999999,2,8,terminal_interaction_mid,0.12364529255013641,0.1614195232081539
1473459,2025,9,3,0,45.33333333333334,13.142857142857144,-45.019999999999996,2,8,terminal_interaction_mid,0.13492322841985033,0.17329873943428836
1473459,2025,9,4,0,45.33333333333334,13.258064516129032,-45.47999999999999,2,8,terminal_interaction_mid,0.12792995322953135,0.16595733499378973
1473459,2025,9,5,0,45.33333333333334,13.377049180327868,-45.94,2,8,terminal_interaction_mid,0.12193165857874302,0.15959581090769015
1473459,2025,9,6,0,45.33333333333334,13.0,-41.400000000000006,2,8,terminal_interaction_mid,0.14386128655038416,0.18257129199949806
1473459,2025,9,7,0,45.33333333333334,13.118644067796609,-41.860000000000014,2,8,terminal_interaction_mid,0.14387909072695193,0.18258964454122986
1473459,2025,9,8,0,45.33333333333334,13.344827586206897,-43.31999999999999,2,8,terminal_interaction_mid,0.13422515654613765,0.1725694247211673
1473459,2025,10,1,0,45.33333333333334,13.016949152542374,-40.860000000000014,2,8,terminal_interaction_mid,0.1511069263131934,0.18021738110495183
1473459,2025,10,2,0,45.33333333333334,13.137931034482758,-41.31999999999999,2,8,terminal_interaction_mid,0.14120678080172244,0.16996024899449427
1473459,2025,10,3,0,45.33333333333334,12.947368421052632,-38.78,2,8,terminal_interaction_mid,0.17558942839808117,0.20517318893712583
1473459,2025,10,4,0,45.33333333333334,13.07142857142857,-39.24000000000001,2,8,terminal_interaction_mid,0.17408401420167183,0.20365418702096394
1473459,2025,10,5,0,45.33333333333334,13.200000000000001,-39.69999999999999,2,8,terminal_interaction_mid,0.1655583293177043,0.19501451592832958
1473459,2025,10,6,0,45.33333333333334,13.333333333333334,-40.15999999999997,2,8,terminal_interaction_mid,0.16286370142642018,0.19227036928570673
1473459,2025,10,7,0,45.33333333333334,13.471698113207548,-40.620000000000005,2,8,terminal_interaction_mid,0.15319962183720048,0.1823726390552666
1473459,2025,11,1,0,45.33333333333334,13.245283018867926,-38.620000000000005,2,8,terminal_interaction_mid,0.18057218098674,0.20657094905114223
1473459,2025,11,2,0,45.33333333333334,13.384615384615385,-39.079999999999984,2,8,terminal_interaction_mid,0.17921471539039577,0.20519106134953388
1473459,2025,11,3,0,45.33333333333334,13.529411764705882,-39.53999999999999,2,8,terminal_interaction_mid,0.16206000347196448,0.18763853025612903
1473459,2025,11,4,0,45.33333333333334,13.68,-40.0,2,8,terminal_interaction_mid,0.17568104848478897,0.2015929801436654
1473459,2025,11,5,0,45.33333333333334,13.959183673469386,-41.46000000000001,2,8,terminal_interaction_mid,0.15679629160014397,0.1822079256681289
1473459,2025,11,6,0,45.33333333333334,13.75,-38.91999999999999,2,8,terminal_interaction_mid,0.189261215812193,0.21537382835903254
1473459,2025,12,1,0,45.33333333333334,13.27659574468085,-34.379999999999995,2,8,terminal_interaction_mid,0.2239818707920936,0.24850034660734568
1473459,2025,12,2,0,45.33333333333334,13.565217391304348,-35.84,2,8,terminal_interaction_mid,0.20956850200960436,0.2342367489371239
1473459,2025,12,3,0,45.33333333333334,13.733333333333333,-36.29999999999998,2,8,terminal_interaction_mid,0.1959081858512718,0.22061130034641552
1473459,2025,12,4,0,45.33333333333334,13.90909090909091,-36.75999999999999,2,8,terminal_interaction_mid,0.1897563350521815,0.21443870451490585
1473459,2025,12,5,0,45.33333333333334,14.093023255813954,-37.22,2,8,terminal_interaction_mid,0.19329313095715597,0.21799028583457006
1473459,2025,12,6,0,45.33333333333334,14.428571428571427,-38.68000000000001,2,8,terminal_interaction_mid,0.18682347656928994,0.21148760850960116
1473459,2025,12,7,0,45.33333333333334,14.634146341463413,-39.139999999999986,2,8,terminal_interaction_mid,0.1776344713794094,0.20220519484739766
1473459,2025,13,1,0,45.33333333333334,14.048780487804876,-35.139999999999986,2,8,terminal_interaction_mid,0.2083109313042438,0.221193076014977
1473459,2025,13,2,0,45.33333333333334,13.5,-30.600000000000023,2,8,terminal_interaction_mid,0.28880962431623375,0.299814601975001
1473459,2025,13,3,0,45.33333333333334,13.692307692307692,-31.060000000000002,2,8,terminal_interaction_mid,0.2814764166326076,0.2927186048966909
1473459,2025,13,4,0,45.33333333333334,13.105263157894736,-26.519999999999982,2,8,terminal_interaction_mid,0.32765051209373924,0.3372263981903784
1473459,2025,13,5,0,45.33333333333334,13.297297297297298,-26.97999999999999,2,8,terminal_interaction_mid,0.31773285924129246,0.32769921277383796
1473459,2025,13,6,0,45.33333333333334,13.5,-27.439999999999998,2,8,terminal_interaction_mid,0.3099162451311695,0.3201785545037921
1473459,2025,14,1,0,45.33333333333334,13.714285714285714,-27.899999999999977,2,8,terminal_interaction_mid,0.29172440339590655,0.3012912184896373
1473459,2025,14,2,0,45.33333333333334,13.941176470588236,-28.359999999999985,2,8,terminal_interaction_mid,0.27881922610561904,0.2887628547080685
1473459,2025,14,3,0,45.33333333333334,14.181818181818183,-28.819999999999993,2,8,terminal_interaction_mid,0.2768275950333118,0.2868265496916689
1473459,2025,14,4,0,45.33333333333334,14.4375,-29.28,2,8,terminal_interaction_mid,0.2617206871303332,0.27211313641930396
1473459,2025,14,5,0,45.33333333333334,14.70967741935484,-29.74000000000001,2,8,terminal_interaction_mid,0.24965361668748,0.26032514223653647
1473459,2025,14,6,0,45.33333333333334,15.0,-30.200000000000017,2,8,terminal_interaction_mid,0.2282442347658672,0.23932595838736626
1473459,2025,15,1,0,45.33333333333334,15.310344827586208,-30.659999999999997,2,8,terminal_interaction_mid,0.2125120676580239,0.2233885868924255
1473459,2025,15,2,0,45.33333333333334,15.42857142857143,-30.120000000000005,2,8,terminal_interaction_mid,0.21626785705756219,0.22711318886839726
1473459,2025,15,3,0,45.33333333333334,16.0,-31.579999999999984,2,8,terminal_interaction_mid,0.18901068288774542,0.19999245774930688
1473459,2025,15,4,0,45.33333333333334,16.384615384615387,-32.03999999999999,2,8,terminal_interaction_mid,0.16274419781586502,0.17363867844791098
1473459,2025,15,5,0,45.33333333333334,16.799999999999997,-32.49999999999997,2,8,terminal_interaction_mid,0.1425861808611007,0.1532431648530289
1473459,2025,15,6,0,45.33333333333334,17.25,-32.95999999999998,2,8,terminal_interaction_mid,0.13020664442054608,0.14063376734685804
1473459,2025,15,7,0,45.33333333333334,18.0,-38.61750000000001,3,7,terminal_interaction_mid,0.056190482435712105,0.06341541493699418
1473459,2025,15,8,0,45.33333333333334,18.545454545454547,-38.89500000000001,3,7,terminal_interaction_mid,0.05947658693723202,0.06693224291913193
1473460,2025,7,1,0,37.88461538461539,11.844155844155845,-53.53083333333332,3,7,terminal_interaction_mid,0.13523817412291356,0.17008569010776342
1473460,2025,7,2,0,37.88461538461539,11.921052631578949,-53.79666666666667,3,7,terminal_interaction_mid,0.12134125431611778,0.15561696641779313
1473460,2025,7,3,0,37.88461538461539,12.0,-54.0625,3,7,terminal_interaction_mid,0.12341538985604072,0.15779590593855086
1473460,2025,7,4,0,37.88461538461539,12.162162162162163,-68.71000000000001,4,6,terminal_interaction_mid,0.05007347279982348,0.07491741015115476
1473460,2025,7,5,0,37.88461538461539,12.328767123287673,-69.79500000000002,4,6,terminal_interaction_mid,0.05111988208577216,0.07621665946810502
1473460,2025,7,6,0,37.88461538461539,12.416666666666668,-69.88,4,6,terminal_interaction_mid,0.04870071878130949,0.0732053881131832
1473460,2025,8,1,0,37.88461538461539,12.507042253521126,-69.965,4,6,terminal_interaction_mid,0.04958167377149478,0.06975883170508954
1473460,2025,8,2,0,37.88461538461539,12.600000000000001,-70.04999999999998,4,6,terminal_interaction_mid,0.04788987477224792,0.06770880295699386
1473460,2025,8,3,0,37.88461538461539,12.695652173913043,-70.13500000000002,4,6,terminal_interaction_mid,0.047837887255951575,0.06764563376069337
1473460,2025,8,4,0,37.88461538461539,12.794117647058822,-70.22,4,6,terminal_interaction_mid,0.05342618212649877,0.07437821708091298
1473460,2025,8,5,0,37.88461538461539,12.985074626865671,-71.305,4,6,terminal_interaction_mid,0.051138793822388735,0.07163620350561903
1473460,2025,8,6,0,37.88461538461539,13.09090909090909,-71.38999999999999,4,6,terminal_interaction_mid,0.050284855230404886,0.07060773985496371
1473460,2025,9,1,0,37.88461538461539,12.73846153846154,-66.47500000000002,4,6,terminal_interaction_mid,0.07541724397566077,0.10775729195935366
1473460,2025,9,2,0,37.88461538461539,12.84375,-66.55999999999997,4,6,terminal_interaction_mid,0.07619428307629453,0.10866784048566856
1473460,2025,9,3,0,37.88461538461539,13.047619047619047,-67.64500000000001,4,6,terminal_interaction_mid,0.07619592364674316,0.10866976099745922
1473460,2025,9,4,0,37.88461538461539,13.161290322580644,-67.72999999999999,4,6,terminal_interaction_mid,0.0800615376525066,0.11317280903086967
1473460,2025,9,5,0,37.88461538461539,13.278688524590164,-67.81500000000003,4,6,terminal_interaction_mid,0.07720298604744917,0.10984713706077119
1473460,2025,9,6,0,37.88461538461539,13.4,-67.89999999999998,4,6,terminal_interaction_mid,0.0746550297115125,0.10686232159599957
1473460,2025,9,7,0,37.88461538461539,13.52542372881356,-67.98500000000001,4,6,terminal_interaction_mid,0.07470245347537591,0.10691805744661706
1473460,2025,10,1,0,37.88461538461539,13.423728813559322,-66.98500000000001,4,6,terminal_interaction_mid,0.07643334643963631,0.09971262842666417
1473460,2025,10,2,0,37.88461538461539,13.655172413793103,-68.07,4,6,terminal_interaction_mid,0.07079527137906552,0.09326046225876923
1473460,2025,10,3,0,37.88461538461539,13.473684210526315,-65.15500000000003,4,6,terminal_interaction_mid,0.0837184966578589,0.10795122579079856
1473460,2025,10,4,0,37.88461538461539,13.607142857142858,-65.23999999999998,4,6,terminal_interaction_mid,0.08357344869583057,0.10778821808565073
1473460,2025,10,5,0,37.88461538461539,13.200000000000001,-60.32500000000002,4,6,terminal_interaction_mid,0.15354844239674387,0.1827314638875962
1473460,2025,10,6,0,37.88461538461539,13.0,-57.41,4,6,terminal_interaction_mid,0.18181579169864065,0.21143567683573655
1473460,2025,11,1,0,37.88461538461539,13.132075471698112,-57.49500000000003,4,6,terminal_interaction_mid,0.19465219803995593,0.2208104519267219
1473460,2025,11,2,0,37.88461538461539,13.26923076923077,-57.579999999999984,4,6,terminal_interaction_mid,0.18979503908742387,0.21591300860892176
1473460,2025,11,3,0,37.88461538461539,12.823529411764707,-52.66499999999999,4,6,terminal_interaction_mid,0.23819276102625947,0.2640932657475125
1473460,2025,11,4,0,37.88461538461539,12.600000000000001,-49.75,4,6,terminal_interaction_mid,0.3125485028965746,0.3359508887913071
1473460,2025,11,5,0,37.88461538461539,12.857142857142858,-50.83500000000001,4,6,terminal_interaction_mid,0.266175045919712,0.2914011049399391
1473460,2025,11,6,0,37.88461538461539,13.0,-50.920000000000016,4,6,terminal_interaction_mid,0.2589839478429519,0.28441696399215277
1473460,2025,11,7,0,37.88461538461539,13.148936170212766,-51.004999999999995,4,6,terminal_interaction_mid,0.2550937882228932,0.28062936304600694
1473460,2025,12,1,0,37.88461538461539,13.02127659574468,-50.004999999999995,4,6,terminal_interaction_mid,0.27055083424609655,0.2938977819764868
1473460,2025,12,2,0,37.88461538461539,13.304347826086957,-59.40833333333333,5,5,terminal_interaction_mid,0.11760654458919012,0.1399646073960755
1473460,2025,12,3,0,37.88461538461539,13.466666666666667,-59.3125,5,5,terminal_interaction_mid,0.1173281613018348,0.13966828555105676
1473460,2025,12,4,0,37.88461538461539,13.772727272727273,-60.21666666666667,5,5,terminal_interaction_mid,0.08875035724294404,0.10876595531892307
1473460,2025,12,5,0,37.88461538461539,13.813953488372093,-59.12083333333334,5,5,terminal_interaction_mid,0.11027719974589652,0.13213474837142922
1473460,2025,12,6,0,37.88461538461539,14.142857142857142,-60.02499999999998,5,5,terminal_interaction_mid,0.08223730998411759,0.10157226845131001
1473460,2025,13,1,0,37.88461538461539,14.487804878048781,-60.929166666666646,5,5,terminal_interaction_mid,0.07009032835428272,0.08006752766382093
1473460,2025,13,2,0,37.88461538461539,14.850000000000001,-69.06666666666666,6,4,terminal_interaction_mid,0.03439584864655871,0.04107161939954523
1473460,2025,13,3,0,37.88461538461539,15.076923076923077,-68.78999999999999,6,4,terminal_interaction_mid,0.03352943454262623,0.04009883784770969
1473460,2025,13,4,0,37.88461538461539,14.842105263157896,-65.51333333333332,6,4,terminal_interaction_mid,0.0414424852915802,0.048927235844420616
1473460,2025,13,5,0,37.88461538461539,15.08108108108108,-65.23666666666668,6,4,terminal_interaction_mid,0.04107306254405707,0.048517729182294064
1473460,2025,13,6,0,37.88461538461539,15.166666666666666,-63.96000000000001,6,4,terminal_interaction_mid,0.04102106378569393,0.04846006876600408
1473460,2025,14,1,0,37.88461538461539,15.42857142857143,-63.68333333333334,6,4,terminal_interaction_mid,0.03988170068371401,0.04633520306508708
1473460,2025,14,2,0,37.88461538461539,15.529411764705884,-62.406666666666666,6,4,terminal_interaction_mid,0.041989362499156344,0.04864636590469139
1473460,2025,14,3,0,37.88461538461539,16.0,-63.129999999999995,6,4,terminal_interaction_mid,0.03949566474539443,0.04591112119766567
1473460,2025,14,4,0,37.88461538461539,15.375,-57.853333333333325,6,4,terminal_interaction_mid,0.061361963681519485,0.0696015462421293
1473460,2025,14,5,0,37.88461538461539,15.677419354838708,-57.576666666666654,6,4,terminal_interaction_mid,0.060218331492975334,0.06837716229401072
1473460,2025,14,6,0,37.88461538461539,16.0,-57.30000000000001,6,4,terminal_interaction_mid,0.05763586193086676,0.06560701808556903
1473460,2025,14,7,0,37.88461538461539,16.344827586206897,-57.02333333333334,6,4,terminal_interaction_mid,0.0580341094020666,0.06603469741963969
1473460,2025,15,1,0,37.88461538461539,15.517241379310345,-53.02333333333334,6,4,terminal_interaction_mid,0.07485850122371697,0.0832594308452212
1473460,2025,15,2,0,37.88461538461539,15.857142857142858,-52.74666666666667,6,4,terminal_interaction_mid,0.07347534826111572,0.08179963723223128
1473460,2025,15,3,0,37.88461538461539,16.444444444444446,-58.35249999999999,7,3,terminal_interaction_mid,0.03882351866132097,0.044623366924810726
1473460,2025,15,4,0,37.88461538461539,16.846153846153847,-57.89500000000001,7,3,terminal_interaction_mid,0.028725571912091644,0.03349893138147166
1473460,2025,15,5,0,37.88461538461539,17.52,-58.4375,7,3,terminal_interaction_mid,0.017130119993429588,0.020466148909192964
1473460,2025,15,6,0,37.88461538461539,18.25,-63.31999999999999,8,2,terminal_interaction_mid,0.007288719538037282,0.009051786904856385
1473461,2025,7,1,1,-31.400000000000006,9.428571428571429,-46.78583333333333,3,7,terminal_interaction_mid,0.32229813520654993,0.3462765492074254
1473461,2025,7,2,1,-31.400000000000006,9.473684210526315,-46.736666666666665,3,7,terminal_interaction_mid,0.3200837357567028,0.34431620072326447
1473461,2025,7,3,1,-31.400000000000006,9.52,-46.6875,3,7,terminal_interaction_mid,0.3208017681361525,0.34495205958149977
1473461,2025,7,4,1,-31.400000000000006,9.567567567567567,-46.638333333333335,3,7,terminal_interaction_mid,0.3124684727189321,0.33756010649899854
1473461,2025,7,5,1,-31.400000000000006,9.205479452054794,-41.58916666666667,3,7,terminal_interaction_mid,0.400650955421958,0.4146558946628601
1473461,2025,7,6,1,-31.400000000000006,9.333333333333334,-42.540000000000006,3,7,terminal_interaction_mid,0.3895463448330966,0.40506054553954896
1473461,2025,8,1,1,-31.400000000000006,9.464788732394366,-43.49083333333334,3,7,terminal_interaction_mid,0.3764290874430869,0.3913799502331187
1473461,2025,8,2,1,-31.400000000000006,9.257142857142858,-40.44166666666666,3,7,terminal_interaction_mid,0.4083137143074107,0.4196775153163159
1473461,2025,8,3,1,-31.400000000000006,9.217391304347826,-39.3925,3,7,terminal_interaction_mid,0.43154404064590557,0.44019156128607084
1473461,2025,8,4,1,-31.400000000000006,9.352941176470589,-49.58,4,6,terminal_interaction_mid,0.2410256425340335,0.2679132220671839
1473461,2025,8,5,1,-31.400000000000006,9.402985074626866,-49.39500000000001,4,6,terminal_interaction_mid,0.26611798044312696,0.29135446904216084
1473461,2025,8,6,1,-31.400000000000006,9.454545454545453,-49.209999999999994,4,6,terminal_interaction_mid,0.27785938425907103,0.3022157404156306
1473461,2025,9,1,1,-31.400000000000006,9.507692307692308,-49.025000000000006,4,6,terminal_interaction_mid,0.2913468334629188,0.3234723983340254
1473461,2025,9,2,1,-31.400000000000006,9.5625,-48.83999999999999,4,6,terminal_interaction_mid,0.28859301867526393,0.3209873231443821
1473461,2025,9,3,1,-31.400000000000006,9.61904761904762,-48.655000000000015,4,6,terminal_interaction_mid,0.31922612729309974,0.3484244433944486
1473461,2025,9,4,1,-31.400000000000006,9.677419354838708,-48.469999999999985,4,6,terminal_interaction_mid,0.32320598050946564,0.35195803148964433
1473461,2025,9,5,1,-31.400000000000006,9.737704918032787,-48.28500000000001,4,6,terminal_interaction_mid,0.33690912384777044,0.3640757579790432
1473461,2025,9,6,1,-31.400000000000006,9.8,-48.099999999999994,4,6,terminal_interaction_mid,0.32312842886788606,0.3518892387870658
1473461,2025,10,1,1,-31.400000000000006,9.966101694915254,-48.915000000000006,4,6,terminal_interaction_mid,0.31209865127545133,0.3368436203571793
1473461,2025,10,2,1,-31.400000000000006,10.034482758620689,-48.72999999999999,4,6,terminal_interaction_mid,0.31440356117776613,0.3389892899762905
1473461,2025,10,3,1,-31.400000000000006,10.210526315789473,-49.545000000000016,4,6,terminal_interaction_mid,0.3133833258093446,0.33803977629426746
1473461,2025,10,4,1,-31.400000000000006,10.392857142857142,-50.36,4,6,terminal_interaction_mid,0.3224470128724247,0.3464623113161889
1473461,2025,10,5,1,-31.400000000000006,10.581818181818182,-51.17500000000001,4,6,terminal_interaction_mid,0.30100649987783595,0.3264903240157091
1473461,2025,10,6,1,-31.400000000000006,10.777777777777779,-51.989999999999995,4,6,terminal_interaction_mid,0.29730550062256134,0.32302537235898815
1473461,2025,11,1,1,-31.400000000000006,10.528301886792454,-48.80500000000002,4,6,terminal_interaction_mid,0.33480323274267243,0.35706813696136797
1473461,2025,11,2,1,-31.400000000000006,10.615384615384615,-48.620000000000005,4,6,terminal_interaction_mid,0.3363718844242226,0.35855098652980405
1473461,2025,11,3,1,-31.400000000000006,10.117647058823529,-43.435,4,6,terminal_interaction_mid,0.42285140924633147,0.4393717478969137
1473461,2025,11,4,1,-31.400000000000006,10.2,-43.25,4,6,terminal_interaction_mid,0.42740009931458056,0.4435813787557291
1473461,2025,11,5,1,-31.400000000000006,10.408163265306122,-44.065,4,6,terminal_interaction_mid,0.41236628883167825,0.42965510925093264
1473461,2025,11,6,1,-31.400000000000006,10.5,-43.879999999999995,4,6,terminal_interaction_mid,0.41213756958620285,0.4294429420980473
1473461,2025,12,1,1,-31.400000000000006,10.595744680851064,-43.69500000000001,4,6,terminal_interaction_mid,0.3898710173531259,0.40675032769311054
1473461,2025,12,2,1,-31.400000000000006,10.304347826086957,-40.510000000000005,4,6,terminal_interaction_mid,0.4386390880399662,0.4519390326574976
1473461,2025,12,3,1,-31.400000000000006,9.733333333333334,-35.325,4,6,terminal_interaction_mid,0.4896948464488644,0.49891912895708973
1473461,2025,12,4,1,-31.400000000000006,9.818181818181818,-35.14,4,6,terminal_interaction_mid,0.47999932132861595,0.49001608642502176
1473461,2025,12,5,1,-31.400000000000006,9.906976744186046,-34.955,4,6,terminal_interaction_mid,0.4631163496313535,0.4744945390884973
1473461,2025,12,6,1,-31.400000000000006,10.0,-34.77000000000001,4,6,terminal_interaction_mid,0.4688813291579296,0.4797975473901367
1473461,2025,13,1,1,-31.400000000000006,10.097560975609756,-34.58500000000001,4,6,terminal_interaction_mid,0.47538271279462907,0.4777972421498147
1473461,2025,13,2,1,-31.400000000000006,10.2,-34.400000000000006,4,6,terminal_interaction_mid,0.46386332792233675,0.46689251770196544
1473461,2025,13,3,1,-31.400000000000006,10.307692307692307,-34.215,4,6,terminal_interaction_mid,0.4766365100290564,0.4789838967510837
1473461,2025,13,4,1,-31.400000000000006,10.421052631578949,-34.03,4,6,terminal_interaction_mid,0.47093342878070393,0.4735858649371401
1473461,2025,13,5,1,-31.400000000000006,10.702702702702702,-34.845,4,6,terminal_interaction_mid,0.4615703064296215,0.46472130752875157
1473461,2025,13,6,1,-31.400000000000006,10.833333333333334,-34.66,4,6,terminal_interaction_mid,0.47252340797821335,0.47509089343057154
1473461,2025,14,1,1,-31.400000000000006,10.457142857142857,-31.474999999999994,4,6,terminal_interaction_mid,0.5804392320572866,0.5773474803649673
1473461,2025,14,2,1,-31.400000000000006,10.058823529411764,-28.29000000000002,4,6,terminal_interaction_mid,0.6790009605500149,0.6717217686409807
1473461,2025,14,3,1,-31.400000000000006,10.0,-27.10499999999999,4,6,terminal_interaction_mid,0.7135414487957525,0.7050672362895333
1473461,2025,14,4,1,-31.400000000000006,9.9375,-25.919999999999987,4,6,terminal_interaction_mid,0.7284524320394123,0.7195239340128131
1473461,2025,14,5,1,-31.400000000000006,9.483870967741936,-22.734999999999985,4,6,terminal_interaction_mid,0.7870429635328542,0.7767845036981658
1473461,2025,14,6,1,-31.400000000000006,8.6,-17.549999999999983,4,6,terminal_interaction_mid,0.8446907871646012,0.8340649567336955
1473461,2025,15,1,1,-31.400000000000006,8.689655172413794,-17.36500000000001,4,6,terminal_interaction_mid,0.8386672995751825,0.8299520992589434
1473461,2025,15,2,1,-31.400000000000006,9.0,-18.180000000000007,4,6,terminal_interaction_mid,0.8334852628060171,0.8247831966041378
1473461,2025,15,3,1,-31.400000000000006,9.11111111111111,-17.995000000000005,4,6,terminal_interaction_mid,0.8302735065758609,0.821583983231611
1473461,2025,15,4,1,-31.400000000000006,8.538461538461538,-14.810000000000002,4,6,terminal_interaction_mid,0.8621919843816415,0.8535365476707724
1473461,2025,15,5,1,-31.400000000000006,7.4399999999999995,-9.625,4,6,terminal_interaction_mid,0.9216684249739129,0.9142870059568756
1473461,2025,15,6,1,-31.400000000000006,7.5,-9.439999999999998,4,6,terminal_interaction_mid,0.9192743292815333,0.9118018031000255
1473462,2025,7,1,1,-63.06666666666666,1.4805194805194806,34.87333333333334,2,8,terminal_interaction_mid,0.9975656481895956,0.9941486070566866
1473462,2025,7,2,1,-63.06666666666666,1.5,34.186666666666675,2,8,terminal_interaction_mid,0.9969279513141052,0.9928680613275997
1473462,2025,7,3,1,-63.06666666666666,1.52,33.5,2,8,terminal_interaction_mid,0.9972031697145594,0.993415203747447
1473462,2025,7,4,1,-63.06666666666666,1.4594594594594597,33.81333333333334,2,8,terminal_interaction_mid,0.9970385718050432,0.9930870404512002
1473462,2025,7,5,1,-63.06666666666666,1.3972602739726026,34.12666666666666,2,8,terminal_interaction_mid,0.9972582833440242,0.9935257361082345
1473462,2025,7,6,1,-63.06666666666666,1.4166666666666665,33.44,2,8,terminal_interaction_mid,0.997474008333363,0.993961712540222
1473462,2025,8,1,1,-63.06666666666666,1.436619718309859,32.75333333333334,2,8,terminal_interaction_mid,0.9978262967526976,0.9954155137508799
1473462,2025,8,2,1,-63.06666666666666,1.2857142857142856,34.06666666666668,2,8,terminal_interaction_mid,0.9979066621759728,0.9955642582212115
1473462,2025,8,3,1,-63.06666666666666,1.3043478260869565,33.379999999999995,2,8,terminal_interaction_mid,0.9981080065226755,0.9959401620221053
1473462,2025,8,4,1,-63.06666666666666,1.2352941176470589,33.693333333333335,2,8,terminal_interaction_mid,0.9982961018809319,0.9962959101085074
1473462,2025,8,5,1,-63.06666666666666,1.164179104477612,34.006666666666675,2,8,terminal_interaction_mid,0.9983185573715951,0.9963387013759207
1473462,2025,8,6,1,-63.06666666666666,1.0909090909090908,34.32000000000001,2,8,terminal_interaction_mid,0.9982272790144882,0.9961651978477689
1473462,2025,9,1,1,-63.06666666666666,1.0153846153846153,34.63333333333333,2,8,terminal_interaction_mid,0.9982893541988622,0.9956649148600512
1473462,2025,9,2,1,-63.06666666666666,1.03125,33.94666666666667,2,8,terminal_interaction_mid,0.9982791548273955,0.9956429941404005
1473462,2025,9,3,1,-63.06666666666666,1.0476190476190474,33.260000000000005,2,8,terminal_interaction_mid,0.998251464987002,0.9955835826603232
1473462,2025,9,4,1,-63.06666666666666,0.6774193548387096,36.57333333333333,2,8,terminal_interaction_mid,0.9983978711622572,0.9958994127276238
1473462,2025,9,5,1,-63.06666666666666,0.6885245901639344,35.88666666666667,2,8,terminal_interaction_mid,0.998499320776856,0.9961208501778314
1473462,2025,9,6,1,-63.06666666666666,0.6000000000000001,36.2,2,8,terminal_interaction_mid,0.9984644387195654,0.996044460674723
1473462,2025,10,1,1,-63.06666666666666,0.3050847457627119,38.51333333333333,2,8,terminal_interaction_mid,0.9985479689513324,0.9972077242568556
1473462,2025,10,2,1,-63.06666666666666,-0.3103448275862069,43.82666666666667,2,8,terminal_interaction_mid,0.9970882143857875,0.9948004570711513
1473463,2025,7,1,1,9.0,8.805194805194805,-8.049999999999997,1,9,terminal_interaction_mid,0.7416468158777443,0.7108419043174217
1473463,2025,7,2,1,9.0,8.921052631578949,-9.400000000000006,1,9,terminal_interaction_mid,0.7419597196873217,0.7111285220540772
1473463,2025,7,3,1,9.0,8.56,-4.75,1,9,terminal_interaction_mid,0.7664427001515766,0.7337440916139598
1473463,2025,7,4,1,9.0,8.675675675675677,-6.099999999999994,1,9,terminal_interaction_mid,0.7601366345891838,0.7278817600992992
1473463,2025,7,5,1,9.0,8.63013698630137,-5.450000000000003,1,9,terminal_interaction_mid,0.7687195166277138,0.7358674385527281
1473463,2025,7,6,1,9.0,8.583333333333334,-4.799999999999997,1,9,terminal_interaction_mid,0.7764594594865506,0.7431134217183106
1473463,2025,8,1,1,9.0,8.366197183098592,-2.1500000000000057,1,9,terminal_interaction_mid,0.7984970541284355,0.7702740413564807
1473463,2025,8,2,1,9.0,8.399999999999999,-2.5,1,9,terminal_interaction_mid,0.8074517523189775,0.7789469836679447
1473463,2025,8,3,1,9.0,8.521739130434783,-3.8500000000000085,1,9,terminal_interaction_mid,0.7909460379769627,0.763006611321856
1473463,2025,8,4,1,9.0,8.117647058823529,0.7999999999999972,1,9,terminal_interaction_mid,0.838388254632715,0.8094208450735714
1473463,2025,8,5,1,9.0,8.238805970149254,-0.549999999999983,1,9,terminal_interaction_mid,0.8274103669202393,0.7985099007604978
1473463,2025,8,6,1,9.0,8.272727272727273,-0.8999999999999773,1,9,terminal_interaction_mid,0.8238432823873432,0.7949885275545462
1473463,2025,9,1,1,9.0,7.846153846153847,3.750000000000014,1,9,terminal_interaction_mid,0.876536884248357,0.8436630928543891
1473463,2025,9,2,1,9.0,7.875,3.3999999999999915,1,9,terminal_interaction_mid,0.8717474895133472,0.838715505014515
1473463,2025,9,3,1,9.0,7.619047619047619,6.050000000000011,1,9,terminal_interaction_mid,0.9433686755651459,0.9176835551135624
1473463,2025,9,4,1,9.0,7.64516129032258,5.700000000000017,1,9,terminal_interaction_mid,0.9334814819373491,0.9059725841940979
1473463,2025,9,5,1,9.0,7.1803278688524586,10.350000000000009,1,9,terminal_interaction_mid,0.9680410470623959,0.9488238204965863
1473463,2025,9,6,1,9.0,6.7,14.999999999999986,1,9,terminal_interaction_mid,0.9762446949287007,0.9600551263838462
1473463,2025,10,1,1,9.0,6.711864406779661,14.650000000000006,1,9,terminal_interaction_mid,0.9778917868700316,0.9683855642612663
1473463,2025,10,2,1,9.0,6.724137931034482,14.300000000000011,1,9,terminal_interaction_mid,0.9780442567797681,0.9685789081257026
1473463,2025,10,3,1,9.0,6.421052631578947,16.950000000000003,1,9,terminal_interaction_mid,0.9816149803569956,0.9731556363331172
1473463,2025,10,4,1,9.0,6.321428571428571,17.60000000000001,1,9,terminal_interaction_mid,0.9833037915070786,0.9753561381867994
1473463,2025,10,5,1,9.0,6.327272727272726,17.25,1,9,terminal_interaction_mid,0.982343669404399,0.9741020503125384
1473463,2025,10,6,1,9.0,6.444444444444445,15.900000000000006,1,9,terminal_interaction_mid,0.9814941703525178,0.9729991625853066
1473463,2025,11,1,1,9.0,6.566037735849056,6.599999999999994,2,8,terminal_interaction_mid,0.9745141362889806,0.9672008181855404
1473463,2025,11,2,1,9.0,6.5769230769230775,6.400000000000006,2,8,terminal_interaction_mid,0.9694258058381222,0.9612918285563262
1473463,2025,11,3,1,9.0,6.705882352941177,5.200000000000017,2,8,terminal_interaction_mid,0.9713126215308668,0.9634711532560923
1473463,2025,11,4,1,9.0,6.720000000000001,5.0,2,8,terminal_interaction_mid,0.9451947938146992,0.9342363303176796
1473463,2025,11,5,1,9.0,6.857142857142857,3.799999999999997,2,8,terminal_interaction_mid,0.9425804743442302,0.931398773792702
1473463,2025,11,6,1,9.0,7.0,2.6000000000000085,2,8,terminal_interaction_mid,0.940668298240966,0.9293314707837651
1473463,2025,12,1,1,9.0,6.382978723404255,7.400000000000006,2,8,terminal_interaction_mid,0.9854926534226374,0.9802388778017029
1473463,2025,12,2,1,9.0,6.391304347826088,7.199999999999989,2,8,terminal_interaction_mid,0.9857021581985519,0.9804994943230413
1473463,2025,12,3,1,9.0,6.4,7.000000000000014,2,8,terminal_interaction_mid,0.9852229353213431,0.9799038615272812
1473463,2025,12,4,1,9.0,6.0,9.799999999999997,2,8,terminal_interaction_mid,0.9883228171957239,0.9837907534442979
1473463,2025,12,5,1,9.0,6.0,9.599999999999994,2,8,terminal_interaction_mid,0.9882824517025799,0.9837395863743461
1473463,2025,12,6,1,9.0,5.857142857142857,10.400000000000006,2,8,terminal_interaction_mid,0.9880176977046543,0.9834043760272868
1473463,2025,13,1,1,9.0,5.853658536585366,10.200000000000017,2,8,terminal_interaction_mid,0.9892699116724906,0.9864021366472203
1473463,2025,13,2,1,9.0,6.0,9.0,2,8,terminal_interaction_mid,0.9887684411338342,0.9858034889378736
1473463,2025,13,3,1,9.0,6.0,8.800000000000011,2,8,terminal_interaction_mid,0.9887021001583376,0.9857244116754725
1473463,2025,13,4,1,9.0,6.0,8.600000000000023,2,8,terminal_interaction_mid,0.9891588493126606,0.9862694126036013
1473463,2025,13,5,1,9.0,5.837837837837839,9.400000000000006,2,8,terminal_interaction_mid,0.9894260148563536,0.9865888232513671
1473463,2025,13,6,1,9.0,6.0,8.199999999999989,2,8,terminal_interaction_mid,0.9892220452540312,0.9863449244577828
1473463,2025,13,7,1,9.0,6.0,8.0,2,8,terminal_interaction_mid,0.9891800712751637,0.9862947675004664
1473463,2025,14,1,1,9.0,5.828571428571428,9.0,2,8,terminal_interaction_mid,0.9898393631707745,0.9873921220982251
1473463,2025,14,2,1,9.0,5.823529411764706,8.800000000000011,2,8,terminal_interaction_mid,0.9896473421948258,0.9871660383603572
1473463,2025,14,3,1,9.0,6.0,7.599999999999994,2,8,terminal_interaction_mid,0.9898434717912583,0.9873969619893748
1473463,2025,14,4,1,9.0,6.1875,6.400000000000006,2,8,terminal_interaction_mid,0.9896517070095918,0.9871711749894249
1473463,2025,14,5,1,9.0,5.225806451612903,11.199999999999989,2,8,terminal_interaction_mid,0.9934646644697219,0.9917084856154945
1473463,2025,14,6,1,9.0,5.4,10.0,2,8,terminal_interaction_mid,0.9932042389558682,0.9913949180428127
1473463,2025,15,1,1,9.0,5.379310344827586,9.800000000000011,2,8,terminal_interaction_mid,0.9927783808711459,0.9911627199355698
1473463,2025,15,2,1,9.0,5.571428571428571,4.400000000000006,3,7,terminal_interaction_mid,0.9825049751983217,0.9794284020773079
1473463,2025,15,3,1,9.0,5.555555555555555,4.349999999999994,3,7,terminal_interaction_mid,0.9785548431582991,0.9750192455229951
1473463,2025,15,4,1,9.0,5.538461538461538,4.299999999999983,3,7,terminal_interaction_mid,0.9793893583664346,0.9759471816600783
1473463,2025,15,5,1,9.0,5.76,3.25,3,7,terminal_interaction_mid,0.9762213925525721,0.9724337313911684
1473463,2025,15,6,1,9.0,6.0,2.1999999999999886,3,7,terminal_interaction_mid,0.9745688240438468,0.9706102719622832
1473464,2025,7,1,1,52.6875,11.844155844155845,6.208333333333343,0,10,terminal_interaction_mid,0.6089582043531885,0.5932192363748167
1473464,2025,7,2,1,52.6875,11.921052631578949,5.166666666666657,0,10,terminal_interaction_mid,0.595483194645837,0.5815791787892471
1473464,2025,7,3,1,52.6875,11.6,9.125,0,10,terminal_interaction_mid,0.6332418986898374,0.6142976027284648
1473464,2025,7,4,1,52.6875,11.513513513513512,10.083333333333343,0,10,terminal_interaction_mid,0.6326487988720566,0.613781042267156
1473464,2025,7,5,1,52.6875,11.342465753424658,12.041666666666657,0,10,terminal_interaction_mid,0.6565455661125368,0.6346733814424426
1473464,2025,7,6,1,52.6875,11.416666666666666,11.0,0,10,terminal_interaction_mid,0.6534932603429722,0.6319952356464352
1473464,2025,8,1,1,52.6875,11.492957746478872,9.958333333333329,0,10,terminal_interaction_mid,0.6448463243199859,0.6282951943132338
1473464,2025,8,2,1,52.6875,11.571428571428571,8.916666666666671,0,10,terminal_interaction_mid,0.6467036849671927,0.6299578571751276
1473464,2025,8,3,1,52.6875,11.217391304347826,12.874999999999986,0,10,terminal_interaction_mid,0.6759021535994105,0.6562204629763422
1473464,2025,8,4,1,52.6875,10.852941176470589,16.83333333333333,0,10,terminal_interaction_mid,0.7122107119745751,0.6892667420613307
1473464,2025,8,5,1,52.6875,11.014925373134329,14.791666666666671,0,10,terminal_interaction_mid,0.7153532948823055,0.6921507216953954
1473464,2025,8,6,1,52.6875,11.181818181818182,12.750000000000014,0,10,terminal_interaction_mid,0.704650107363354,0.6823448297242288
1473464,2025,9,1,1,52.6875,11.353846153846153,10.708333333333329,0,10,terminal_interaction_mid,0.6931067758701087,0.6707035064800457
1473464,2025,9,2,1,52.6875,10.96875,14.666666666666671,0,10,terminal_interaction_mid,0.7437916869996005,0.7160540816996922
1473464,2025,9,3,1,52.6875,10.571428571428571,18.625,0,10,terminal_interaction_mid,0.7816698091620728,0.7508831523033954
1473464,2025,9,4,1,52.6875,10.741935483870968,16.583333333333343,0,10,terminal_interaction_mid,0.7812742561124175,0.7505143786651861
1473464,2025,9,5,1,52.6875,10.524590163934427,18.541666666666657,0,10,terminal_interaction_mid,0.7922200557264947,0.7607632532824127
1473464,2025,9,6,1,52.6875,10.299999999999999,20.5,0,10,terminal_interaction_mid,0.791521189005505,0.7601060826146673
1473464,2025,10,1,1,52.6875,10.474576271186441,18.458333333333343,0,10,terminal_interaction_mid,0.7962078639055263,0.7772754734627302
1473464,2025,10,2,1,52.6875,10.241379310344827,20.416666666666686,0,10,terminal_interaction_mid,0.794462574655975,0.7756095689810776
1473464,2025,10,3,1,52.6875,10.31578947368421,19.375,0,10,terminal_interaction_mid,0.8073533496113747,0.7879555554052907
1473464,2025,10,4,1,52.6875,10.392857142857142,18.333333333333343,0,10,terminal_interaction_mid,0.8013605596381184,0.7822039265258157
1473464,2025,10,5,1,52.6875,10.145454545454545,20.291666666666657,0,10,terminal_interaction_mid,0.8158119779565398,0.7961115179723253
1473464,2025,10,6,1,52.6875,10.222222222222221,19.25,0,10,terminal_interaction_mid,0.805384059462611,0.7860631304421726
1473464,2025,11,1,1,52.6875,10.30188679245283,18.208333333333343,0,10,terminal_interaction_mid,0.7965665330703395,0.7847698545778312
1473464,2025,11,2,1,52.6875,10.269230769230768,18.166666666666657,0,10,terminal_interaction_mid,0.8108690071927078,0.798488581372737
1473464,2025,11,3,1,52.6875,10.470588235294118,16.125,0,10,terminal_interaction_mid,0.8031630314906217,0.79108593757001
1473464,2025,11,4,1,52.6875,10.2,18.083333333333343,0,10,terminal_interaction_mid,0.816055392845827,0.8034862740401395
1473464,2025,11,5,1,52.6875,9.918367346938776,20.041666666666657,0,10,terminal_interaction_mid,0.8279747653443019,0.8150222616122761
1473464,2025,11,6,1,52.6875,10.125,18.0,0,10,terminal_interaction_mid,0.8285406798924986,0.8155717977193051
1473464,2025,12,1,1,52.6875,9.574468085106382,21.958333333333314,0,10,terminal_interaction_mid,0.876258495946485,0.8617059578569072
1473464,2025,12,2,1,52.6875,9.782608695652174,10.525000000000006,1,9,terminal_interaction_mid,0.8488953479672389,0.8343977630785642
1473464,2025,12,3,1,52.6875,9.866666666666667,9.6875,1,9,terminal_interaction_mid,0.8346174969879121,0.8203493277691309
1473464,2025,12,4,1,52.6875,9.954545454545455,8.849999999999994,1,9,terminal_interaction_mid,0.8425791635597529,0.828167649961412
1473464,2025,12,5,1,52.6875,10.046511627906977,8.012499999999989,1,9,terminal_interaction_mid,0.8369718718262785,0.822657395025091
1473464,2025,12,6,1,52.6875,10.142857142857142,7.174999999999983,1,9,terminal_interaction_mid,0.8446419099302933,0.8301995238186374
1473464,2025,13,1,1,52.6875,10.24390243902439,6.337500000000006,1,9,terminal_interaction_mid,0.8483758994550922,0.8366294463277317
1473464,2025,13,2,1,52.6875,10.350000000000001,5.5,1,9,terminal_interaction_mid,0.8397276938262439,0.8279532648659732
1473464,2025,13,3,1,52.6875,9.692307692307693,9.662499999999994,1,9,terminal_interaction_mid,0.8918829341041556,0.8808613847365231
1473464,2025,13,4,1,52.6875,9.947368421052632,7.824999999999989,1,9,terminal_interaction_mid,0.8920902908418875,0.8810748924973265
1473464,2025,13,5,1,52.6875,10.054054054054054,6.987500000000011,1,9,terminal_interaction_mid,0.8915134318600444,0.8804809934124882
1473464,2025,13,6,1,52.6875,10.166666666666666,6.150000000000006,1,9,terminal_interaction_mid,0.8864621154858119,0.8752898808594592
1473464,2025,13,7,1,52.6875,10.285714285714285,5.3125,1,9,terminal_interaction_mid,0.872153669915334,0.8606718191065398
1473464,2025,14,1,1,52.6875,10.285714285714285,5.3125,1,9,terminal_interaction_mid,0.8770425903193203,0.8667791514680021
1473464,2025,14,2,1,52.6875,10.411764705882353,4.474999999999994,1,9,terminal_interaction_mid,0.8200538697786334,0.8094469324890453
1473464,2025,14,3,1,52.6875,9.636363636363637,8.637500000000017,1,9,terminal_interaction_mid,0.9117301850733902,0.9024821322729001
1473464,2025,14,4,1,52.6875,9.75,7.800000000000011,1,9,terminal_interaction_mid,0.9125623894408579,0.9033484804506843
1473464,2025,14,5,1,52.6875,9.29032258064516,9.962500000000006,1,9,terminal_interaction_mid,0.9196561247096705,0.9107548419688837
1473464,2025,14,6,1,52.6875,8.399999999999999,14.125,1,9,terminal_interaction_mid,0.9405550005881194,0.9328287918802954
1473464,2025,14,7,1,52.6875,8.482758620689655,13.287499999999994,1,9,terminal_interaction_mid,0.9402602795228165,0.9325145093532381
1473464,2025,15,1,1,52.6875,8.482758620689655,13.287499999999994,1,9,terminal_interaction_mid,0.9471386848269157,0.9410131070178798
1473464,2025,15,2,1,52.6875,7.5,17.44999999999999,1,9,terminal_interaction_mid,0.9509351198053403,0.945049380832967
1473464,2025,15,3,1,52.6875,6.888888888888889,19.61250000000001,1,9,terminal_interaction_mid,0.9542482524644381,0.9485852197886651
1473464,2025,15,4,1,52.6875,6.9230769230769225,18.775000000000006,1,9,terminal_interaction_mid,0.9562802456945831,0.9507603707137361
1473464,2025,15,5,1,52.6875,6.959999999999999,17.9375,1,9,terminal_interaction_mid,0.9555577547264728,0.9499863880250398
1473464,2025,15,6,1,52.6875,7.0,17.100000000000023,1,9,terminal_interaction_mid,0.954228382548926,0.9485639752239201
1473465,2025,7,1,1,-6.5,8.103896103896105,8.00833333333334,0,10,terminal_interaction_mid,0.9188288586465394,0.888039653994125
1473465,2025,7,2,1,-6.5,7.894736842105264,10.566666666666663,0,10,terminal_interaction_mid,0.9388437344895215,0.9114122308299412
1473465,2025,7,3,1,-6.5,7.92,10.125,0,10,terminal_interaction_mid,0.9380873648906776,0.9105051617586545
1473465,2025,7,4,1,-6.5,7.945945945945946,9.683333333333337,0,10,terminal_interaction_mid,0.934042742737635,0.9056891079175002
1473465,2025,7,5,1,-6.5,7.561643835616438,14.24166666666666,0,10,terminal_interaction_mid,0.9603066296846909,0.9381587953363463
1473465,2025,7,6,1,-6.5,7.666666666666666,12.799999999999997,0,10,terminal_interaction_mid,0.954035117835455,0.930118415098498
1473465,2025,8,1,1,-6.5,7.690140845070423,12.358333333333334,0,10,terminal_interaction_mid,0.9513443038791621,0.9315465294209722
1473465,2025,8,2,1,-6.5,7.628571428571428,12.916666666666671,0,10,terminal_interaction_mid,0.9552723815634463,0.9363257841470394
1473465,2025,8,3,1,-6.5,7.652173913043478,12.474999999999994,0,10,terminal_interaction_mid,0.9514030221848487,0.9316175274953411
1473465,2025,8,4,1,-6.5,7.235294117647058,17.03333333333333,0,10,terminal_interaction_mid,0.9737101010515927,0.95974107698658
1473465,2025,8,5,1,-6.5,7.343283582089552,5.9325000000000045,1,9,terminal_interaction_mid,0.9665725852823657,0.9504559262652301
1473465,2025,8,6,1,-6.5,7.363636363636363,5.635000000000019,1,9,terminal_interaction_mid,0.9560913233621999,0.9373300547961465
1473465,2025,8,7,1,-6.5,7.384615384615385,5.337500000000006,1,9,terminal_interaction_mid,0.9561904889305844,0.9374518532202809
1473465,2025,9,1,1,-6.5,7.292307692307691,6.337500000000006,1,9,terminal_interaction_mid,0.9611186614197296,0.9397465422520495
1473465,2025,9,2,1,-6.5,7.03125,9.039999999999992,1,9,terminal_interaction_mid,0.9670949927169067,0.947563925596756
1473465,2025,9,3,1,-6.5,7.0476190476190474,8.742500000000007,1,9,terminal_interaction_mid,0.9677018546721435,0.948371350780878
1473465,2025,9,4,1,-6.5,7.161290322580646,7.445000000000007,1,9,terminal_interaction_mid,0.9696744825602104,0.9510149333843781
1473465,2025,9,5,1,-6.5,7.278688524590164,6.147500000000008,1,9,terminal_interaction_mid,0.9670461160339978,0.9474990117788854
1473465,2025,9,6,1,-6.5,7.299999999999999,5.849999999999994,1,9,terminal_interaction_mid,0.9667472556373349,0.9471024639511089
1473465,2025,10,1,1,-6.5,7.322033898305085,5.552499999999995,1,9,terminal_interaction_mid,0.9649669659451253,0.9524859268651648
1473465,2025,10,2,1,-6.5,7.344827586206896,5.25500000000001,1,9,terminal_interaction_mid,0.9651230924217846,0.9526730659728633
1473465,2025,10,3,1,-6.5,7.473684210526317,3.957499999999996,1,9,terminal_interaction_mid,0.9254800791180273,0.9076307049482155
1473465,2025,10,4,1,-6.5,7.5,3.660000000000011,1,9,terminal_interaction_mid,0.9269364957854478,0.9092174946808644
1473465,2025,10,5,1,-6.5,7.636363636363637,2.362499999999997,1,9,terminal_interaction_mid,0.920360041968898,0.9020839871939405
1473465,2025,10,6,1,-6.5,7.666666666666666,2.0649999999999977,1,9,terminal_interaction_mid,0.9170148991241789,0.898485485406123
1473465,2025,10,7,1,-6.5,7.811320754716981,0.7674999999999983,1,9,terminal_interaction_mid,0.9124927335598367,0.8936509281293802
1473465,2025,10,8,1,-6.5,7.846153846153847,0.46999999999999886,1,9,terminal_interaction_mid,0.9110450052028637,0.8921102168731242
1473465,2025,11,1,1,-6.5,7.584905660377358,2.7674999999999983,1,9,terminal_interaction_mid,0.9268671563398523,0.9145948601959123
1473465,2025,11,2,1,-6.5,7.730769230769232,1.4699999999999989,1,9,terminal_interaction_mid,0.9145582999167133,0.9016881359778264
1473465,2025,11,3,1,-6.5,7.764705882352942,1.1725000000000136,1,9,terminal_interaction_mid,0.9104141090239146,0.8973860976216166
1473465,2025,11,4,1,-6.5,7.800000000000001,0.875,1,9,terminal_interaction_mid,0.9117522099463846,0.8987729263871664
1473465,2025,11,5,1,-6.5,7.714285714285715,1.5774999999999864,1,9,terminal_interaction_mid,0.9176914371564684,0.9049545529733355
1473465,2025,11,6,1,-6.5,7.75,1.2800000000000153,1,9,terminal_interaction_mid,0.9262050658079846,0.9138953379891459
1473465,2025,11,7,1,-6.5,7.404255319148936,3.9825000000000017,1,9,terminal_interaction_mid,0.9439559982502449,0.9328901160500823
1473465,2025,12,1,1,-6.5,7.404255319148936,3.9825000000000017,1,9,terminal_interaction_mid,0.9613640254581166,0.9517814340941562
1473465,2025,12,2,1,-6.5,7.434782608695652,3.6850000000000023,1,9,terminal_interaction_mid,0.9593971686044499,0.9495570832399799
1473465,2025,12,3,1,-6.5,7.6,2.387500000000003,1,9,terminal_interaction_mid,0.9514943561556702,0.940720853224669
1473465,2025,12,4,1,-6.5,7.7727272727272725,1.0899999999999892,1,9,terminal_interaction_mid,0.9392330493429492,0.9272847138496007
1473465,2025,12,5,1,-6.5,7.813953488372094,0.792500000000004,1,9,terminal_interaction_mid,0.9385177587550813,0.9265098173631676
1473465,2025,12,6,1,-6.5,7.142857142857142,5.49499999999999,1,9,terminal_interaction_mid,0.9849291443796868,0.9795395777460544
1473465,2025,13,1,1,-6.5,7.170731707317072,5.197500000000005,1,9,terminal_interaction_mid,0.983904152178257,0.9800696371535043
1473465,2025,13,2,1,-6.5,6.75,7.900000000000006,1,9,terminal_interaction_mid,0.9891573397622763,0.9862676091827539
1473465,2025,13,3,1,-6.5,6.769230769230769,7.602499999999992,1,9,terminal_interaction_mid,0.9891756821726041,0.9862895233889966
1473465,2025,13,4,1,-6.5,6.789473684210526,7.304999999999993,1,9,terminal_interaction_mid,0.9885490486275581,0.9855420812799119
1473465,2025,13,5,1,-6.5,6.972972972972972,6.007500000000007,1,9,terminal_interaction_mid,0.9875949638716524,0.9844086527281043
1473465,2025,13,6,1,-6.5,7.0,5.710000000000008,1,9,terminal_interaction_mid,0.9875712161298187,0.9843805085994942
1473465,2025,14,1,1,-6.5,7.0285714285714285,5.412499999999994,1,9,terminal_interaction_mid,0.9871161579377792,0.984205073227885
1473465,2025,14,2,1,-6.5,7.0588235294117645,5.115000000000009,1,9,terminal_interaction_mid,0.9860456909862771,0.9829625220864215
1473465,2025,14,3,1,-6.5,6.181818181818182,9.817499999999995,1,9,terminal_interaction_mid,0.9930286329687187,0.9911838284011902
1473465,2025,14,4,1,-6.5,6.0,10.52000000000001,1,9,terminal_interaction_mid,0.993276662456092,0.9914820571283272
1473465,2025,14,5,1,-6.5,6.193548387096774,9.222499999999997,1,9,terminal_interaction_mid,0.9929847271285386,0.9911310938263973
1473465,2025,14,6,1,-6.5,5.6,11.924999999999983,1,9,terminal_interaction_mid,0.994708361431837,0.993215330335989
1473465,2025,15,1,1,-6.5,4.9655172413793105,14.627499999999998,1,9,terminal_interaction_mid,0.9958538584629612,0.9948004020915827
1473465,2025,15,2,1,-6.5,5.142857142857142,13.329999999999984,1,9,terminal_interaction_mid,0.9957306728345572,0.9946527969062646
1473465,2025,15,3,1,-6.5,4.0,18.0325,1,9,terminal_interaction_mid,0.9966446705039222,0.9957529384209293
1473465,2025,15,4,1,-6.5,3.6923076923076925,18.735000000000014,1,9,terminal_interaction_mid,0.9968456399445683,0.9959965209149902
1473465,2025,15,5,1,-6.5,3.84,17.4375,1,9,terminal_interaction_mid,0.9967858245103582,0.9959239522241196
1473465,2025,15,6,1,-6.5,3.75,17.140000000000015,1,9,terminal_interaction_mid,0.9967710748388692,0.9959060670311571
1473466,2025,7,1,0,5.9375,9.662337662337663,-4.612499999999997,1,9,terminal_interaction_mid,0.6798475701721358,0.6552236854015557
1473466,2025,7,2,0,5.9375,9.710526315789474,-5.150000000000006,1,9,terminal_interaction_mid,0.6758729201077626,0.6517045437345937
1473466,2025,7,3,0,5.9375,9.84,-6.6875,1,9,terminal_interaction_mid,0.67210549471613,0.6483743403134126
1473466,2025,7,4,0,5.9375,9.486486486486488,-2.2249999999999943,1,9,terminal_interaction_mid,0.6975043411602664,0.6709329951258896
1473466,2025,7,5,0,5.9375,9.616438356164384,-3.762500000000003,1,9,terminal_interaction_mid,0.6964040888136085,0.669950287590105
1473466,2025,7,6,0,5.9375,9.75,-5.299999999999997,1,9,terminal_interaction_mid,0.7048542766991919,0.6775114637127262
1473466,2025,8,1,0,5.9375,9.802816901408452,-5.837500000000006,1,9,terminal_interaction_mid,0.7022293472754946,0.6801333577434979
1473466,2025,8,2,0,5.9375,9.428571428571429,-1.375,1,9,terminal_interaction_mid,0.736746947315789,0.7118991656149577
1473466,2025,8,3,0,5.9375,9.565217391304348,-2.9125000000000085,1,9,terminal_interaction_mid,0.7311326989168156,0.7066963758229796
1473466,2025,8,4,0,5.9375,9.529411764705882,-2.450000000000003,1,9,terminal_interaction_mid,0.7437332393417377,0.7183949025875385
1473466,2025,8,5,0,5.9375,9.582089552238806,-2.987499999999983,1,9,terminal_interaction_mid,0.7383470577748075,0.7133847871257607
1473466,2025,8,6,0,5.9375,9.636363636363637,-3.5249999999999773,1,9,terminal_interaction_mid,0.7259868823008852,0.701940664716503
1473466,2025,9,1,0,5.9375,9.784615384615385,-5.062499999999986,1,9,terminal_interaction_mid,0.7303023638418229,0.7038607819889942
1473466,2025,9,2,0,5.9375,9.84375,-5.6000000000000085,1,9,terminal_interaction_mid,0.7326410519279022,0.705967737590813
1473466,2025,9,3,0,5.9375,9.904761904761905,-6.137499999999989,1,9,terminal_interaction_mid,0.7289210956909756,0.7026177177217355
1473466,2025,9,4,0,5.9375,9.967741935483872,-6.674999999999983,1,9,terminal_interaction_mid,0.7154500567100194,0.6905446138522575
1473466,2025,9,5,0,5.9375,9.540983606557377,-2.2124999999999915,1,9,terminal_interaction_mid,0.7429274379913942,0.7152698519658816
1473466,2025,9,6,0,5.9375,9.3,0.2499999999999858,1,9,terminal_interaction_mid,0.771917636312484,0.7418244294773595
1473466,2025,10,1,0,5.9375,8.847457627118644,4.712500000000006,1,9,terminal_interaction_mid,0.8153030717643708,0.795619529112504
1473466,2025,10,2,0,5.9375,9.0,-6.73333333333332,2,8,terminal_interaction_mid,0.7312108143291949,0.7162309618355226
1473466,2025,10,3,0,5.9375,9.157894736842106,-8.099999999999994,2,8,terminal_interaction_mid,0.7197712413381012,0.7056646467017028
1473466,2025,10,4,0,5.9375,9.214285714285715,-8.466666666666669,2,8,terminal_interaction_mid,0.7107597254715374,0.6973712796944938
1473466,2025,10,5,0,5.9375,8.945454545454545,-5.833333333333314,2,8,terminal_interaction_mid,0.7537978517507631,0.7372339822035422
1473466,2025,10,6,0,5.9375,8.666666666666666,-3.1999999999999886,2,8,terminal_interaction_mid,0.7809584186373989,0.762775528812718
1473466,2025,11,1,0,5.9375,8.60377358490566,-2.5666666666666913,2,8,terminal_interaction_mid,0.7766283188221932,0.7657860199232038
1473466,2025,11,2,0,5.9375,8.653846153846153,-2.933333333333337,2,8,terminal_interaction_mid,0.7713414989581363,0.7607771161825664
1473466,2025,11,3,0,5.9375,8.352941176470587,-0.29999999999998295,2,8,terminal_interaction_mid,0.833018108876164,0.8199257387997698
1473466,2025,11,4,0,5.9375,8.52,-10.208333333333314,3,7,terminal_interaction_mid,0.7370237893614608,0.7284816928589769
1473466,2025,11,5,0,5.9375,8.204081632653061,-7.404166666666669,3,7,terminal_interaction_mid,0.771166858995053,0.7606118232781272
1473466,2025,11,6,0,5.9375,8.25,-7.599999999999994,3,7,terminal_interaction_mid,0.7658818902399496,0.7556146225123614
1473466,2025,12,1,0,5.9375,8.425531914893618,-8.79583333333332,3,7,terminal_interaction_mid,0.7593750169203912,0.7480005621123611
1473466,2025,12,2,0,5.9375,8.08695652173913,-5.991666666666674,3,7,terminal_interaction_mid,0.8271934324022756,0.8130919746884867
1473466,2025,12,3,0,5.9375,8.266666666666666,-7.1875,3,7,terminal_interaction_mid,0.8106332347270586,0.7970094377684951
1473466,2025,12,4,0,5.9375,8.454545454545455,-15.900000000000006,4,6,terminal_interaction_mid,0.6846175460690938,0.6780128977396562
1473466,2025,12,5,0,5.9375,8.511627906976745,-15.925000000000011,4,6,terminal_interaction_mid,0.6779826034994303,0.671861575521725
1473466,2025,12,6,0,5.9375,8.714285714285714,-16.950000000000017,4,6,terminal_interaction_mid,0.6701008234045102,0.6645641161616479
1473466,2025,13,1,0,5.9375,8.926829268292682,-17.974999999999994,4,6,terminal_interaction_mid,0.6600448003160868,0.6529543520424602
1473466,2025,13,2,0,5.9375,9.149999999999999,-19.0,4,6,terminal_interaction_mid,0.638986570330342,0.63286286076151
1473466,2025,13,3,0,5.9375,9.384615384615385,-26.6875,5,5,terminal_interaction_mid,0.5018562395696633,0.5028463822766753
1473466,2025,13,4,0,5.9375,9.473684210526315,-26.541666666666657,5,5,terminal_interaction_mid,0.5181351285670845,0.5182462549557656
1473466,2025,13,5,0,5.9375,9.08108108108108,-23.395833333333343,5,5,terminal_interaction_mid,0.549412662634742,0.5478427876153492
1473466,2025,13,6,0,5.9375,9.166666666666666,-23.25,5,5,terminal_interaction_mid,0.552836458020708,0.5510840129477975
1473466,2025,14,1,0,5.9375,9.257142857142858,-23.104166666666657,5,5,terminal_interaction_mid,0.5410999726401455,0.5398680199203362
1473466,2025,14,2,0,5.9375,9.352941176470589,-22.958333333333343,5,5,terminal_interaction_mid,0.5427940942583576,0.5414809571938584
1473466,2025,14,3,0,5.9375,9.272727272727273,-21.8125,5,5,terminal_interaction_mid,0.5736324463565625,0.5708578508892005
1473466,2025,14,4,0,5.9375,9.375,-21.666666666666686,5,5,terminal_interaction_mid,0.5864922156188428,0.5831205047614404
1473466,2025,14,5,0,5.9375,9.483870967741936,-21.520833333333343,5,5,terminal_interaction_mid,0.5865989772017135,0.5832223470790197
1473466,2025,14,6,0,5.9375,9.600000000000001,-21.375,5,5,terminal_interaction_mid,0.5824146560893959,0.5792313145569234
1473466,2025,15,1,0,5.9375,9.724137931034482,-21.229166666666657,5,5,terminal_interaction_mid,0.5739876870979039,0.572728861092749
1473466,2025,15,2,0,5.9375,9.857142857142858,-21.083333333333314,5,5,terminal_interaction_mid,0.5671034955391129,0.5661357380284047
1473466,2025,15,3,0,5.9375,10.222222222222221,-26.55000000000001,6,4,terminal_interaction_mid,0.4347339431012879,0.4393847505364453
1473466,2025,15,4,0,5.9375,10.384615384615385,-26.23333333333332,6,4,terminal_interaction_mid,0.4456074165681808,0.4498134417722476
1473466,2025,15,5,0,5.9375,10.56,-25.916666666666657,6,4,terminal_interaction_mid,0.42584639172384087,0.43085581366531334
1473466,2025,15,6,0,5.9375,10.75,-25.599999999999994,6,4,terminal_interaction_mid,0.4178233333885804,0.42315225222703523
1473466,2025,15,7,0,5.9375,10.956521739130434,-25.28333333333333,6,4,terminal_interaction_mid,0.4166629409900025,0.42203771481982305
1473467,2025,7,1,1,-5.5625,7.714285714285715,-2.134999999999991,1,9,terminal_interaction_mid,0.767234706488022,0.7344823002963933
1473467,2025,7,2,1,-5.5625,7.657894736842106,-1.3800000000000097,1,9,terminal_interaction_mid,0.7775277690834201,0.7441170067577177
1473467,2025,7,3,1,-5.5625,7.68,-1.625,1,9,terminal_interaction_mid,0.7755597331691915,0.7422688663813514
1473467,2025,7,4,1,-5.5625,7.702702702702703,-1.8699999999999903,1,9,terminal_interaction_mid,0.76670500106822,0.7339885270526114
1473467,2025,7,5,1,-5.5625,7.643835616438356,-1.115000000000009,1,9,terminal_interaction_mid,0.7841281407742235,0.7503367363488334
1473467,2025,7,6,1,-5.5625,7.75,-12.320000000000007,2,8,terminal_interaction_mid,0.6843618358891548,0.659227993657194
1473467,2025,8,1,1,-5.5625,7.859154929577465,-13.426666666666662,2,8,terminal_interaction_mid,0.6699293910650916,0.650827885064732
1473467,2025,8,2,1,-5.5625,7.885714285714286,-13.533333333333317,2,8,terminal_interaction_mid,0.6685834247821459,0.6496141903737099
1473467,2025,8,3,1,-5.5625,8.0,-14.64,2,8,terminal_interaction_mid,0.6513642866281422,0.6341338281418236
1473467,2025,8,4,1,-5.5625,8.029411764705882,-14.746666666666655,2,8,terminal_interaction_mid,0.638177943239763,0.6223328978283418
1473467,2025,8,5,1,-5.5625,8.149253731343283,-25.121666666666655,3,7,terminal_interaction_mid,0.47223864082908507,0.47599112009461686
1473467,2025,8,6,1,-5.5625,8.272727272727273,-26.090000000000003,3,7,terminal_interaction_mid,0.4627065433205023,0.467616702375546
1473467,2025,9,1,1,-5.5625,8.399999999999999,-27.058333333333337,3,7,terminal_interaction_mid,0.46456179117740415,0.47439947054783405
1473467,2025,9,2,1,-5.5625,8.4375,-27.02666666666667,3,7,terminal_interaction_mid,0.46226033106336106,0.4724365994730438
1473467,2025,9,3,1,-5.5625,8.476190476190476,-26.995000000000005,3,7,terminal_interaction_mid,0.46189198060331205,0.47212239283112656
1473467,2025,9,4,1,-5.5625,8.516129032258064,-26.963333333333324,3,7,terminal_interaction_mid,0.4666014132663576,0.47613860963306376
1473467,2025,9,5,1,-5.5625,8.557377049180328,-26.931666666666686,3,7,terminal_interaction_mid,0.4794703523075382,0.4871037115956152
1473467,2025,9,6,1,-5.5625,8.6,-26.900000000000006,3,7,terminal_interaction_mid,0.4921803916820934,0.4979227992189987
1473467,2025,10,1,1,-5.5625,8.64406779661017,-26.86833333333334,3,7,terminal_interaction_mid,0.4870159500917042,0.4958847297444943
1473467,2025,10,2,1,-5.5625,8.689655172413794,-26.83666666666666,3,7,terminal_interaction_mid,0.4846281743306324,0.49374591430820913
1473467,2025,10,3,1,-5.5625,8.736842105263158,-26.804999999999993,3,7,terminal_interaction_mid,0.4817483024133289,0.49116577731183686
1473467,2025,10,4,1,-5.5625,8.892857142857142,-27.77333333333334,3,7,terminal_interaction_mid,0.4624513961011101,0.47385970218323936
1473467,2025,10,5,1,-5.5625,8.836363636363636,-26.741666666666674,3,7,terminal_interaction_mid,0.5025646851774603,0.509803859877424
1473467,2025,10,6,1,-5.5625,8.88888888888889,-26.710000000000008,3,7,terminal_interaction_mid,0.49610017942916873,0.5040184879575933
1473467,2025,11,1,1,-5.5625,9.056603773584907,-27.67833333333334,3,7,terminal_interaction_mid,0.4743720124205139,0.48688252431503837
1473467,2025,11,2,1,-5.5625,8.538461538461538,-22.64666666666666,3,7,terminal_interaction_mid,0.5671041352333335,0.5718339064060296
1473467,2025,11,3,1,-5.5625,8.705882352941176,-23.61500000000001,3,7,terminal_interaction_mid,0.5454345251577681,0.5520102716774502
1473467,2025,11,4,1,-5.5625,8.76,-23.583333333333314,3,7,terminal_interaction_mid,0.5450512467570521,0.55165960838116
1473467,2025,11,5,1,-5.5625,8.816326530612246,-23.551666666666662,3,7,terminal_interaction_mid,0.5455731452368151,0.5521370952601121
1473467,2025,11,6,1,-5.5625,9.0,-24.519999999999996,3,7,terminal_interaction_mid,0.5419929708748457,0.5488614805148446
1473467,2025,12,1,1,-5.5625,9.191489361702128,-25.48833333333333,3,7,terminal_interaction_mid,0.5212005266315292,0.5278107277293822
1473467,2025,12,2,1,-5.5625,9.26086956521739,-25.456666666666663,3,7,terminal_interaction_mid,0.5207417141127731,0.5273902978408851
1473467,2025,12,3,1,-5.5625,9.466666666666667,-32.650000000000006,4,6,terminal_interaction_mid,0.37599064660901327,0.39381177612110185
1473467,2025,12,4,1,-5.5625,9.136363636363637,-29.480000000000018,4,6,terminal_interaction_mid,0.4503648679918493,0.46275277577928037
1473467,2025,12,5,1,-5.5625,9.209302325581396,-29.310000000000002,4,6,terminal_interaction_mid,0.44880231710560803,0.46131271758191655
1473467,2025,12,6,1,-5.5625,9.285714285714286,-29.140000000000015,4,6,terminal_interaction_mid,0.453557586965966,0.46569433987994563
1473467,2025,12,7,1,-5.5625,9.365853658536587,-28.97,4,6,terminal_interaction_mid,0.4424906662914254,0.4554928993144532
1473467,2025,12,8,1,-5.5625,9.45,-28.80000000000001,4,6,terminal_interaction_mid,0.43250369316442056,0.44627388546674035
1473467,2025,13,1,1,-5.5625,9.073170731707318,-26.97,4,6,terminal_interaction_mid,0.47186244051637877,0.4744652499832677
1473467,2025,13,2,1,-5.5625,9.149999999999999,-26.80000000000001,4,6,terminal_interaction_mid,0.4779617912339369,0.48023816213883197
1473467,2025,13,3,1,-5.5625,9.230769230769232,-26.629999999999995,4,6,terminal_interaction_mid,0.47084582822431836,0.47350294252742764
1473467,2025,13,4,1,-5.5625,9.31578947368421,-26.460000000000008,4,6,terminal_interaction_mid,0.4713539967235939,0.47398396992064135
1473467,2025,13,5,1,-5.5625,9.405405405405405,-26.289999999999992,4,6,terminal_interaction_mid,0.46274640386678484,0.46583495227023375
1473467,2025,13,6,1,-5.5625,9.666666666666668,-27.120000000000005,4,6,terminal_interaction_mid,0.45224843866135994,0.4558924539437224
1473467,2025,14,1,1,-5.5625,9.771428571428572,-26.94999999999999,4,6,terminal_interaction_mid,0.4619646026557678,0.4645427288917681
1473467,2025,14,2,1,-5.5625,10.058823529411764,-27.78,4,6,terminal_interaction_mid,0.4397088472108458,0.44333683262205115
1473467,2025,14,3,1,-5.5625,10.363636363636363,-28.609999999999985,4,6,terminal_interaction_mid,0.42315732445769455,0.4275507088085056
1473467,2025,14,4,1,-5.5625,10.6875,-29.439999999999998,4,6,terminal_interaction_mid,0.4167097762678976,0.42139692956295766
1473467,2025,14,5,1,-5.5625,10.838709677419354,-29.269999999999982,4,6,terminal_interaction_mid,0.41675488534162136,0.4214399927224511
1473467,2025,14,6,1,-5.5625,11.2,-34.25,5,5,terminal_interaction_mid,0.2674288615611362,0.27767818865884664
1473467,2025,15,1,1,-5.5625,11.379310344827587,-33.94166666666666,5,5,terminal_interaction_mid,0.28391851045793093,0.2936366395910352
1473467,2025,15,2,1,-5.5625,11.571428571428571,-33.633333333333326,5,5,terminal_interaction_mid,0.2918076758759249,0.3013344372325337
1473467,2025,15,3,1,-5.5625,11.777777777777779,-33.32499999999999,5,5,terminal_interaction_mid,0.28105398928978165,0.29083888255244844
1473467,2025,15,4,1,-5.5625,12.0,-33.01666666666665,5,5,terminal_interaction_mid,0.2806659855612583,0.29045980823236506
1473467,2025,15,5,1,-5.5625,12.48,-33.70833333333334,5,5,terminal_interaction_mid,0.2387490846673003,0.24933270054181944
1473467,2025,15,6,1,-5.5625,12.0,-30.400000000000006,5,5,terminal_interaction_mid,0.3025233771032906,0.3117733213565562
1473467,2025,15,7,1,-5.5625,11.478260869565219,-27.09166666666667,5,5,terminal_interaction_mid,0.387813288470585,0.3942954861958801
1473468,2025,7,1,0,-69.14285714285714,3.974025974025974,6.980000000000011,2,8,terminal_interaction_mid,0.9942720871768373,0.9878933561309767
1473468,2025,7,2,0,-69.14285714285714,3.947368421052632,7.240000000000002,2,8,terminal_interaction_mid,0.9943827769074289,0.9880921261059193
1473468,2025,7,3,0,-69.14285714285714,4.0,6.5,2,8,terminal_interaction_mid,0.9944270944947257,0.9881718799893953
1473468,2025,7,4,0,-69.14285714285714,4.054054054054054,-1.0850000000000009,3,7,terminal_interaction_mid,0.9851892373292196,0.9729562198240755
1473468,2025,7,5,0,-69.14285714285714,3.6986301369863015,3.2674999999999983,3,7,terminal_interaction_mid,0.9832749834826797,0.9700390675392887
1473468,2025,7,6,0,-69.14285714285714,3.666666666666667,3.6199999999999903,3,7,terminal_interaction_mid,0.9851810234485576,0.9729435741157757
1473468,2025,8,1,0,-69.14285714285714,3.633802816901408,3.9724999999999966,3,7,terminal_interaction_mid,0.984288099500793,0.974233645767987
1473468,2025,8,2,0,-69.14285714285714,3.5999999999999996,4.325000000000003,3,7,terminal_interaction_mid,0.9843740548916056,0.9743561376593688
1473468,2025,8,3,0,-69.14285714285714,3.6521739130434785,3.677499999999995,3,7,terminal_interaction_mid,0.9863909630764849,0.9772583776913178
1473468,2025,8,4,0,-69.14285714285714,3.7058823529411766,3.029999999999987,3,7,terminal_interaction_mid,0.9875312753869847,0.9789250280769016
1473468,2025,8,5,0,-69.14285714285714,3.7611940298507465,2.3825000000000074,3,7,terminal_interaction_mid,0.9880707609466282,0.9797206836036343
1473468,2025,8,6,0,-69.14285714285714,3.7272727272727275,2.7349999999999994,3,7,terminal_interaction_mid,0.9887260701758245,0.9806937763635363
1473468,2025,9,1,0,-69.14285714285714,3.6923076923076925,3.0874999999999915,3,7,terminal_interaction_mid,0.9893444862425037,0.9796252623737417
1473468,2025,9,2,0,-69.14285714285714,3.75,-3.4799999999999898,4,6,terminal_interaction_mid,0.9743803344976059,0.9574498002353664
1473468,2025,9,3,0,-69.14285714285714,3.8095238095238093,-4.035000000000011,4,6,terminal_interaction_mid,0.9726857577188952,0.9551104157935142
1473468,2025,9,4,0,-69.14285714285714,3.870967741935484,-4.589999999999989,4,6,terminal_interaction_mid,0.9754330642734226,0.9589166977966477
1473468,2025,9,5,0,-69.14285714285714,3.9344262295081966,-5.14500000000001,4,6,terminal_interaction_mid,0.9743039756835354,0.957343814563385
1473468,2025,9,6,0,-69.14285714285714,4.0,-5.699999999999989,4,6,terminal_interaction_mid,0.9753092471453804,0.9587436072146968
1473468,2025,9,7,0,-69.14285714285714,4.067796610169491,-6.25500000000001,4,6,terminal_interaction_mid,0.9746002192293692,0.9577553085680984
1473468,2025,10,1,0,-69.14285714285714,3.9661016949152543,-5.25500000000001,4,6,terminal_interaction_mid,0.978162594685384,0.9687290808292649
1473468,2025,10,2,0,-69.14285714285714,4.0344827586206895,-5.810000000000002,4,6,terminal_interaction_mid,0.9768032252347677,0.9670097596356243
1473468,2025,10,3,0,-69.14285714285714,4.0,-5.365000000000009,4,6,terminal_interaction_mid,0.9781410025248463,0.9687016727722852
1473468,2025,10,4,0,-69.14285714285714,4.071428571428571,-11.099999999999994,5,5,terminal_interaction_mid,0.9430875482951969,0.9271148126114761
1473468,2025,10,5,0,-69.14285714285714,4.1454545454545455,-11.5625,5,5,terminal_interaction_mid,0.9437087798481596,0.9278153809714844
1473468,2025,10,6,0,-69.14285714285714,4.222222222222222,-12.025000000000006,5,5,terminal_interaction_mid,0.9459968379511623,0.9304043294208492
1473468,2025,11,1,0,-69.14285714285714,4.188679245283018,-11.487499999999997,5,5,terminal_interaction_mid,0.9513343658246898,0.9409543549620254
1473468,2025,11,2,0,-69.14285714285714,4.153846153846153,-10.950000000000003,5,5,terminal_interaction_mid,0.9535861812094216,0.9434388422921921
1473468,2025,11,3,0,-69.14285714285714,4.235294117647059,-16.129999999999995,6,4,terminal_interaction_mid,0.9177929671312488,0.905060609146436
1473468,2025,11,4,0,-69.14285714285714,4.32,-21.125,7,3,terminal_interaction_mid,0.685896846910369,0.6809251985170398
1473468,2025,11,5,0,-69.14285714285714,4.285714285714286,-20.40249999999999,7,3,terminal_interaction_mid,0.6888851644785894,0.6836902745476606
1473468,2025,11,6,0,-69.14285714285714,4.375,-20.680000000000007,7,3,terminal_interaction_mid,0.682417254613515,0.6777074721422324
1473468,2025,12,1,0,-69.14285714285714,4.212765957446809,-18.95750000000001,7,3,terminal_interaction_mid,0.7227734003469888,0.7135591338750803
1473468,2025,12,2,0,-69.14285714285714,4.304347826086956,-19.235,7,3,terminal_interaction_mid,0.716958705388621,0.7081211153998892
1473468,2025,12,3,0,-69.14285714285714,4.3999999999999995,-19.51249999999999,7,3,terminal_interaction_mid,0.7117997855916408,0.7033031820987473
1473468,2025,12,4,0,-69.14285714285714,4.5,-19.790000000000006,7,3,terminal_interaction_mid,0.7343606317969602,0.724421396709874
1473468,2025,12,5,0,-69.14285714285714,4.604651162790698,-24.045,8,2,terminal_interaction_mid,0.5193705854376283,0.5261338320496678
1473468,2025,12,6,0,-69.14285714285714,4.714285714285714,-24.230000000000004,8,2,terminal_interaction_mid,0.5185867830329485,0.5254155480270061
1473468,2025,13,1,0,-69.14285714285714,4.829268292682928,-24.414999999999992,8,2,terminal_interaction_mid,0.5145935368051174,0.5148958689696587
1473468,2025,13,2,0,-69.14285714285714,4.050000000000001,-18.60000000000001,8,2,terminal_interaction_mid,0.699062983148461,0.69034202489044
1473468,2025,13,3,0,-69.14285714285714,4.153846153846153,-18.78500000000001,8,2,terminal_interaction_mid,0.6990748838633907,0.6903534651578733
1473468,2025,13,4,0,-69.14285714285714,3.3157894736842106,-12.969999999999999,8,2,terminal_interaction_mid,0.8094239661099938,0.7977978615922628
1473468,2025,13,5,0,-69.14285714285714,2.756756756756757,-9.155000000000001,8,2,terminal_interaction_mid,0.8632449331773022,0.8516296949699506
1473468,2025,13,6,0,-69.14285714285714,2.833333333333333,-9.33999999999999,8,2,terminal_interaction_mid,0.8661488554873478,0.8545723716638023
1473468,2025,14,1,0,-69.14285714285714,2.914285714285714,-9.524999999999991,8,2,terminal_interaction_mid,0.8684434226196265,0.8580352854048622
1473468,2025,14,2,0,-69.14285714285714,3.0,-9.710000000000008,8,2,terminal_interaction_mid,0.876182084315732,0.8659024507645905
1473468,2025,14,3,0,-69.14285714285714,3.090909090909091,-9.894999999999996,8,2,terminal_interaction_mid,0.8816373708510805,0.8714671071487052
1473468,2025,14,4,0,-69.14285714285714,3.1875,-10.079999999999998,8,2,terminal_interaction_mid,0.8663905651158121,0.8559533649411393
1473468,2025,14,5,0,-69.14285714285714,3.290322580645161,-10.265,8,2,terminal_interaction_mid,0.8788150115377089,0.8685861670824574
1473468,2025,14,6,0,-69.14285714285714,3.4,-13.224999999999994,9,1,terminal_interaction_mid,0.6607244745627591,0.6541467520794233
1473468,2025,15,1,0,-69.14285714285714,3.5172413793103443,-16.0,10,0,terminal_interaction_mid,0.5544576136732682,0.5540280405336133
1473470,2025,7,1,1,-14.744680851063833,8.025974025974026,-8.444999999999993,1,9,terminal_interaction_mid,0.7437391583096006,0.7127595783877998
1473470,2025,7,2,1,-14.744680851063833,8.052631578947368,-8.66000000000001,1,9,terminal_interaction_mid,0.7468244913082597,0.7155921318730836
1473470,2025,7,3,1,-14.744680851063833,7.84,-5.875,1,9,terminal_interaction_mid,0.7987626616385888,0.7642517667852997
1473470,2025,7,4,1,-14.744680851063833,7.621621621621621,-3.089999999999989,1,9,terminal_interaction_mid,0.8327314560392067,0.7973063744124961
1473470,2025,7,5,1,-14.744680851063833,7.726027397260275,-14.16000000000001,2,8,terminal_interaction_mid,0.732528159799047,0.7025141242640802
1473470,2025,7,6,1,-14.744680851063833,7.75,-14.240000000000009,2,8,terminal_interaction_mid,0.718274858583591,0.6895883450191881
1473470,2025,8,1,1,-14.744680851063833,7.774647887323944,-14.319999999999993,2,8,terminal_interaction_mid,0.7118136163304634,0.6889026151958405
1473470,2025,8,2,1,-14.744680851063833,7.542857142857143,-11.399999999999977,2,8,terminal_interaction_mid,0.7473196044418664,0.7217390226756116
1473470,2025,8,3,1,-14.744680851063833,7.652173913043478,-12.480000000000004,2,8,terminal_interaction_mid,0.730662096788802,0.7062609414055265
1473470,2025,8,4,1,-14.744680851063833,7.6764705882352935,-12.559999999999988,2,8,terminal_interaction_mid,0.7314414393761417,0.7069821006725568
1473470,2025,8,5,1,-14.744680851063833,7.791044776119403,-13.639999999999986,2,8,terminal_interaction_mid,0.7351479960387225,0.7104158632770052
1473470,2025,8,6,1,-14.744680851063833,7.363636363636363,-8.719999999999985,2,8,terminal_interaction_mid,0.7981676426715256,0.7699561422736266
1473470,2025,9,1,1,-14.744680851063833,7.476923076923077,-9.799999999999997,2,8,terminal_interaction_mid,0.790898037203506,0.7595204392594443
1473470,2025,9,2,1,-14.744680851063833,7.03125,-4.879999999999981,2,8,terminal_interaction_mid,0.8966843528011856,0.8649037779320663
1473470,2025,9,3,1,-14.744680851063833,7.142857142857142,-5.959999999999994,2,8,terminal_interaction_mid,0.8800115663810943,0.8472756063302179
1473470,2025,9,4,1,-14.744680851063833,7.161290322580646,-6.040000000000006,2,8,terminal_interaction_mid,0.8806052475147039,0.8478948348037909
1473470,2025,9,5,1,-14.744680851063833,7.1803278688524586,-6.11999999999999,2,8,terminal_interaction_mid,0.8807356621370501,0.8480309406500163
1473470,2025,9,6,1,-14.744680851063833,7.199999999999999,-6.200000000000003,2,8,terminal_interaction_mid,0.8843222136257815,0.8517853554653096
1473470,2025,10,1,1,-14.744680851063833,6.711864406779661,-1.2800000000000011,2,8,terminal_interaction_mid,0.9373289610214045,0.9206662563395578
1473470,2025,10,2,1,-14.744680851063833,6.827586206896552,-2.359999999999985,2,8,terminal_interaction_mid,0.9359779636412937,0.9191647410049808
1473470,2025,10,3,1,-14.744680851063833,6.842105263157895,-2.4399999999999977,2,8,terminal_interaction_mid,0.9331733718728616,0.9160607000148762
1473470,2025,10,4,1,-14.744680851063833,6.75,-1.5200000000000102,2,8,terminal_interaction_mid,0.938631298844953,0.9221176696406596
1473470,2025,10,5,1,-14.744680851063833,6.872727272727273,-2.5999999999999943,2,8,terminal_interaction_mid,0.93471677912293,0.9177667555850086
1473470,2025,10,6,1,-14.744680851063833,6.333333333333334,2.3200000000000216,2,8,terminal_interaction_mid,0.9638165152686813,0.9511101158699137
1473470,2025,11,1,1,-14.744680851063833,6.339622641509434,2.239999999999995,2,8,terminal_interaction_mid,0.9636636578922709,0.954712567220587
1473470,2025,11,2,1,-14.744680851063833,6.461538461538462,1.1599999999999966,2,8,terminal_interaction_mid,0.9615214607115268,0.9522930612695752
1473470,2025,11,3,1,-14.744680851063833,6.117647058823529,4.0800000000000125,2,8,terminal_interaction_mid,0.969161143035086,0.960987179063853
1473470,2025,11,4,1,-14.744680851063833,6.12,4.0,2,8,terminal_interaction_mid,0.9696347690037743,0.9615325409166507
1473470,2025,11,5,1,-14.744680851063833,6.244897959183674,2.9200000000000017,2,8,terminal_interaction_mid,0.9712447858837728,0.9633925695975653
1473470,2025,11,6,1,-14.744680851063833,6.25,2.8400000000000034,2,8,terminal_interaction_mid,0.9704704304332638,0.9624967626778823
1473470,2025,11,7,1,-14.744680851063833,5.872340425531915,5.760000000000005,2,8,terminal_interaction_mid,0.9868844315074654,0.9821008180087321
1473470,2025,12,1,1,-14.744680851063833,5.361702127659575,9.760000000000005,2,8,terminal_interaction_mid,0.9921186223667476,0.9886829108993329
1473470,2025,12,2,1,-14.744680851063833,5.478260869565217,8.679999999999993,2,8,terminal_interaction_mid,0.9921198916093361,0.9886845773512297
1473470,2025,12,3,1,-14.744680851063833,5.6,7.6000000000000085,2,8,terminal_interaction_mid,0.9916669752936724,0.988091394245634
1473470,2025,12,4,1,-14.744680851063833,5.7272727272727275,0.5799999999999841,3,7,terminal_interaction_mid,0.9755339625860844,0.9681772192747548
1473470,2025,12,5,1,-14.744680851063833,5.8604651162790695,-0.3650000000000091,3,7,terminal_interaction_mid,0.9690870257706519,0.960628611381291
1473470,2025,12,6,1,-14.744680851063833,5.857142857142857,-0.3100000000000023,3,7,terminal_interaction_mid,0.9686428990888434,0.9601144956672266
1473470,2025,13,1,1,-14.744680851063833,5.853658536585366,-0.25500000000000966,3,7,terminal_interaction_mid,0.9681966427757969,0.9621628938890433
1473470,2025,13,2,1,-14.744680851063833,5.85,-0.20000000000000284,3,7,terminal_interaction_mid,0.9700428896299335,0.9642318397294445
1473470,2025,13,3,1,-14.744680851063833,6.0,-1.144999999999996,3,7,terminal_interaction_mid,0.9673566494583072,0.9612241442329781
1473470,2025,13,4,1,-14.744680851063833,6.0,-1.0900000000000034,3,7,terminal_interaction_mid,0.969194753359955,0.963280418102616
1473470,2025,13,5,1,-14.744680851063833,6.0,-1.0349999999999966,3,7,terminal_interaction_mid,0.9703523277154285,0.9645793856181791
1473470,2025,13,6,1,-14.744680851063833,6.0,-0.980000000000004,3,7,terminal_interaction_mid,0.9684191326068449,0.9624118057224498
1473470,2025,14,1,1,-14.744680851063833,6.171428571428571,-1.9250000000000114,3,7,terminal_interaction_mid,0.9645757906318749,0.9588147317072362
1473470,2025,14,2,1,-14.744680851063833,6.1764705882352935,-1.8700000000000045,3,7,terminal_interaction_mid,0.9629539394468953,0.9570332879416071
1473470,2025,14,3,1,-14.744680851063833,6.363636363636363,-7.269999999999982,4,6,terminal_interaction_mid,0.9211548639299023,0.9123247625814693
1473470,2025,14,4,1,-14.744680851063833,6.5625,-8.079999999999984,4,6,terminal_interaction_mid,0.9136010152147942,0.904430447637195
1473470,2025,14,5,1,-14.744680851063833,6.0,-4.889999999999986,4,6,terminal_interaction_mid,0.9486611414526946,0.9415118550653703
1473470,2025,14,6,1,-14.744680851063833,6.0,-4.699999999999989,4,6,terminal_interaction_mid,0.9499774251066595,0.9429293181510229
1473470,2025,14,7,1,-14.744680851063833,5.379310344827586,-1.509999999999991,4,6,terminal_interaction_mid,0.9687024423455773,0.9633693016372177
1473470,2025,15,1,1,-14.744680851063833,5.172413793103448,-0.5099999999999909,4,6,terminal_interaction_mid,0.9729398064350325,0.9688185409346676
1473470,2025,15,2,1,-14.744680851063833,5.142857142857142,-0.3199999999999932,4,6,terminal_interaction_mid,0.9736883313833729,0.9696411462422774
1473470,2025,15,3,1,-14.744680851063833,5.111111111111111,-0.12999999999999545,4,6,terminal_interaction_mid,0.9748642452423724,0.9709358012327803
1473470,2025,15,4,1,-14.744680851063833,5.076923076923077,0.060000000000002274,4,6,terminal_interaction_mid,0.9751598437614465,0.9712617155056985
1473470,2025,15,5,1,-14.744680851063833,4.32,3.25,4,6,terminal_interaction_mid,0.9803286700012304,0.9769938417600093
1473470,2025,15,6,1,-14.744680851063833,4.25,3.4399999999999977,4,6,terminal_interaction_mid,0.9802784247985352,0.9769377938189078
1473471,2025,7,1,1,-97.4375,3.5064935064935066,4.766666666666673,2,8,terminal_interaction_mid,0.9933369371579206,0.9862368251170638
1473471,2025,7,2,1,-97.4375,3.473684210526316,5.13333333333334,2,8,terminal_interaction_mid,0.9952567895918706,0.9896843296973231
1473471,2025,7,3,1,-97.4375,3.52,4.5,2,8,terminal_interaction_mid,0.9936691550898288,0.9868208573202849
1473471,2025,7,4,1,-97.4375,3.5675675675675675,-1.9916666666666671,3,7,terminal_interaction_mid,0.9881742107077238,0.9776347721006431
1473471,2025,7,5,1,-97.4375,3.5342465753424657,-1.5458333333333343,3,7,terminal_interaction_mid,0.9862238712111928,0.9745586023254066
1473471,2025,7,6,1,-97.4375,3.583333333333333,-7.800000000000004,4,6,terminal_interaction_mid,0.9660180268524565,0.9456820606696961
1473471,2025,8,1,1,-97.4375,3.633802816901408,-8.274999999999999,4,6,terminal_interaction_mid,0.9653133109387169,0.9488496533982932
1473471,2025,8,2,1,-97.4375,3.685714285714286,-8.749999999999993,4,6,terminal_interaction_mid,0.9638684017385108,0.9470171744859961
1473471,2025,8,3,1,-97.4375,3.7391304347826084,-9.225000000000001,4,6,terminal_interaction_mid,0.964159033156704,0.9473848756878236
1473471,2025,8,4,1,-97.4375,3.7941176470588234,-9.700000000000003,4,6,terminal_interaction_mid,0.966504468613544,0.9503688140476476
1473471,2025,8,5,1,-97.4375,3.4925373134328357,-6.175000000000004,4,6,terminal_interaction_mid,0.9750070680612012,0.9614653304777439
1473471,2025,8,6,1,-97.4375,3.0,-0.6499999999999915,4,6,terminal_interaction_mid,0.9804927988514471,0.9689106028361993
1473471,2025,9,1,1,-97.4375,3.046153846153846,-1.125,4,6,terminal_interaction_mid,0.9840173088892553,0.9713456120555354
1473471,2025,9,2,1,-97.4375,3.09375,-1.5999999999999943,4,6,terminal_interaction_mid,0.9858002748028318,0.9740563388830034
1473471,2025,9,3,1,-97.4375,3.0476190476190474,-1.0750000000000028,4,6,terminal_interaction_mid,0.9863776596817779,0.9749461448823507
1473471,2025,9,4,1,-97.4375,3.096774193548387,-1.5499999999999972,4,6,terminal_interaction_mid,0.9877083572169697,0.9770214626547503
1473471,2025,9,5,1,-97.4375,3.0491803278688527,-1.0250000000000057,4,6,terminal_interaction_mid,0.9882261508571746,0.9778389258910877
1473471,2025,9,6,1,-97.4375,3.1000000000000005,-1.5,4,6,terminal_interaction_mid,0.9895585445411603,0.979970620313457
1473471,2025,10,1,1,-97.4375,2.542372881355932,4.0249999999999915,4,6,terminal_interaction_mid,0.9910006361992516,0.9857754269429467
1473471,2025,10,2,1,-97.4375,2.1724137931034484,7.549999999999997,4,6,terminal_interaction_mid,0.9933434636336038,0.9891265272158796
1473471,2025,10,3,1,-97.4375,1.789473684210526,11.074999999999989,4,6,terminal_interaction_mid,0.9942965659188359,0.9905259240965769
1473471,2025,10,4,1,-97.4375,1.8214285714285712,10.600000000000009,4,6,terminal_interaction_mid,0.9947554273497097,0.9912087390840708
1473471,2025,10,5,1,-97.4375,1.8545454545454545,10.124999999999986,4,6,terminal_interaction_mid,0.9954916382050085,0.9923184570565724
1473471,2025,10,6,1,-97.4375,1.7777777777777777,10.650000000000006,4,6,terminal_interaction_mid,0.9958083323191546,0.9928018278300276
1473471,2025,11,1,1,-97.4375,1.8113207547169812,10.174999999999997,4,6,terminal_interaction_mid,0.9959040601947141,0.993823508562039
1473471,2025,11,2,1,-97.4375,1.7307692307692306,10.700000000000003,4,6,terminal_interaction_mid,0.9957873853035506,0.9936626562301506
1473471,2025,11,3,1,-97.4375,1.7647058823529411,6.1875,5,5,terminal_interaction_mid,0.9906106455084238,0.9868093640206572
1473471,2025,11,4,1,-97.4375,1.6800000000000002,6.791666666666671,5,5,terminal_interaction_mid,0.9871188135041359,0.982393039182826
1473471,2025,11,5,1,-97.4375,0.9795918367346939,12.395833333333329,5,5,terminal_interaction_mid,0.9916447876243967,0.9881436461522796
1473471,2025,11,6,1,-97.4375,0.5,16.0,5,5,terminal_interaction_mid,0.9924432916590467,0.9891838774407569
1473471,2025,12,1,1,-97.4375,-0.2553191489361702,21.604166666666657,5,5,terminal_interaction_mid,0.9949717701629406,0.9924980590936289
1473472,2025,7,1,1,22.481481481481495,10.207792207792208,-12.767499999999998,1,9,terminal_interaction_mid,0.5273015014707939,0.5230955192262846
1473472,2025,7,2,1,22.481481481481495,10.263157894736842,-13.290000000000006,1,9,terminal_interaction_mid,0.5169757136080211,0.5142743972207425
1473472,2025,7,3,1,22.481481481481495,10.4,-27.5,2,8,terminal_interaction_mid,0.2723267404878241,0.30152824834468217
1473472,2025,7,4,1,22.481481481481495,10.54054054054054,-28.853333333333325,2,8,terminal_interaction_mid,0.2587557835338742,0.2891632620267586
1473472,2025,7,5,1,22.481481481481495,10.684931506849315,-30.206666666666678,2,8,terminal_interaction_mid,0.22305741003753857,0.25609587191544775
1473472,2025,7,6,1,22.481481481481495,10.75,-30.560000000000002,2,8,terminal_interaction_mid,0.2254221001993286,0.25831322144807795
1473472,2025,8,1,1,22.481481481481495,10.816901408450704,-30.913333333333327,2,8,terminal_interaction_mid,0.22215716427653742,0.2500531576071125
1473472,2025,8,2,1,22.481481481481495,10.885714285714286,-31.266666666666637,2,8,terminal_interaction_mid,0.22583365027256885,0.25355028667574836
1473472,2025,8,3,1,22.481481481481495,10.956521739130434,-31.620000000000005,2,8,terminal_interaction_mid,0.2192114195637707,0.24724484266578325
1473472,2025,8,4,1,22.481481481481495,10.588235294117647,-26.97333333333333,2,8,terminal_interaction_mid,0.35581481619739636,0.3729725763250405
1473472,2025,8,5,1,22.481481481481495,10.656716417910449,-27.32666666666664,2,8,terminal_interaction_mid,0.35228334548576784,0.36980877230997283
1473472,2025,8,6,1,22.481481481481495,10.818181818181818,-28.679999999999993,2,8,terminal_interaction_mid,0.3076373552429235,0.32949600290809244
1473472,2025,9,1,1,22.481481481481495,10.8,-28.03333333333333,2,8,terminal_interaction_mid,0.3235127498436642,0.3522301289809236
1473472,2025,9,2,1,22.481481481481495,10.875,-28.386666666666656,2,8,terminal_interaction_mid,0.3277851573944944,0.3560156690289393
1473472,2025,9,3,1,22.481481481481495,10.666666666666666,-25.739999999999995,2,8,terminal_interaction_mid,0.3927287200056262,0.41277912341099154
1473472,2025,9,4,1,22.481481481481495,10.741935483870968,-26.093333333333334,2,8,terminal_interaction_mid,0.38374128471615643,0.40499838396829413
1473472,2025,9,5,1,22.481481481481495,10.918032786885245,-27.44666666666666,2,8,terminal_interaction_mid,0.36819869510004055,0.3914921265572669
1473472,2025,9,6,1,22.481481481481495,11.0,-27.799999999999997,2,8,terminal_interaction_mid,0.36469213197382555,0.3884354150685338
1473472,2025,10,1,1,22.481481481481495,10.983050847457626,-27.153333333333336,2,8,terminal_interaction_mid,0.3919376127948237,0.4102159808180174
1473472,2025,10,2,1,22.481481481481495,11.068965517241379,-27.50666666666666,2,8,terminal_interaction_mid,0.39002191128768265,0.40847480566429434
1473472,2025,10,3,1,22.481481481481495,11.263157894736842,-28.86,2,8,terminal_interaction_mid,0.3550082105859192,0.3765001184499675
1473472,2025,10,4,1,22.481481481481495,11.464285714285715,-30.21333333333334,2,8,terminal_interaction_mid,0.3012095502072062,0.32668026885855406
1473472,2025,10,5,1,22.481481481481495,11.563636363636363,-30.566666666666663,2,8,terminal_interaction_mid,0.3012113152554871,0.3266819199150878
1473472,2025,10,6,1,22.481481481481495,11.777777777777779,-31.919999999999987,2,8,terminal_interaction_mid,0.2802205723539025,0.306957647551769
1473472,2025,11,1,1,22.481481481481495,11.88679245283019,-32.27333333333334,2,8,terminal_interaction_mid,0.2673547885840315,0.2925447893617628
1473472,2025,11,2,1,22.481481481481495,12.0,-32.626666666666665,2,8,terminal_interaction_mid,0.27201872704919927,0.29706050123617533
1473472,2025,11,3,1,22.481481481481495,12.117647058823529,-32.97999999999999,2,8,terminal_interaction_mid,0.25538637307911616,0.2809144683304764
1473472,2025,11,4,1,22.481481481481495,12.24,-33.333333333333314,2,8,terminal_interaction_mid,0.25291440853866864,0.2785044854476447
1473472,2025,11,5,1,22.481481481481495,12.367346938775508,-33.68666666666667,2,8,terminal_interaction_mid,0.23537498624617587,0.2613230168073086
1473472,2025,11,6,1,22.481481481481495,11.875,-29.039999999999992,2,8,terminal_interaction_mid,0.35409599171198985,0.3752580510302966
1473472,2025,11,7,1,22.481481481481495,12.0,-29.393333333333317,2,8,terminal_interaction_mid,0.3490760153125627,0.37053476087078335
1473472,2025,12,1,1,22.481481481481495,11.23404255319149,-23.393333333333317,2,8,terminal_interaction_mid,0.44071926498703146,0.45385865420982857
1473472,2025,12,2,1,22.481481481481495,10.695652173913043,-18.74666666666667,2,8,terminal_interaction_mid,0.529562328474551,0.535471955039669
1473472,2025,12,3,1,22.481481481481495,10.933333333333334,-20.099999999999994,2,8,terminal_interaction_mid,0.5131998567285263,0.5204783100420387
1473472,2025,12,4,1,22.481481481481495,11.045454545454545,-20.45333333333332,2,8,terminal_interaction_mid,0.5097478835543984,0.5173138854232258
1473472,2025,12,5,1,22.481481481481495,10.74418604651163,-17.806666666666672,2,8,terminal_interaction_mid,0.5577512755369269,0.5612918411042961
1473472,2025,12,6,1,22.481481481481495,10.857142857142858,-18.159999999999997,2,8,terminal_interaction_mid,0.5487064127330072,0.5530074257298562
1473472,2025,13,1,1,22.481481481481495,10.975609756097562,-18.51333333333332,2,8,terminal_interaction_mid,0.5457059723915951,0.5443341710620013
1473472,2025,13,2,1,22.481481481481495,10.649999999999999,-15.866666666666674,2,8,terminal_interaction_mid,0.5983262124193476,0.5941993935222707
1473472,2025,13,3,1,22.481481481481495,10.923076923076923,-17.22,2,8,terminal_interaction_mid,0.5789216235611419,0.5757938964633345
1473472,2025,13,4,1,22.481481481481495,11.052631578947368,-17.573333333333323,2,8,terminal_interaction_mid,0.5758358446076468,0.5728691044014449
1473472,2025,13,5,1,22.481481481481495,11.35135135135135,-18.926666666666648,2,8,terminal_interaction_mid,0.5596584477023195,0.5575434670444893
1473472,2025,13,6,1,22.481481481481495,11.0,-16.28,2,8,terminal_interaction_mid,0.6007960194834454,0.5965438701453998
1473472,2025,13,7,1,22.481481481481495,11.314285714285713,-17.633333333333326,2,8,terminal_interaction_mid,0.5779392550234506,0.5748627218503786
1473472,2025,14,1,1,22.481481481481495,10.628571428571428,-13.633333333333326,2,8,terminal_interaction_mid,0.6731363305468411,0.6660775033426154
1473472,2025,14,2,1,22.481481481481495,10.235294117647058,-10.98666666666665,2,8,terminal_interaction_mid,0.7235874789916001,0.714802706076401
1473472,2025,14,3,1,22.481481481481495,9.818181818181818,-8.340000000000003,2,8,terminal_interaction_mid,0.836645109229252,0.8260001354788507
1473472,2025,14,4,1,22.481481481481495,9.375,-5.693333333333328,2,8,terminal_interaction_mid,0.86216533764914,0.851674702690903
1473472,2025,14,5,1,22.481481481481495,8.903225806451612,-3.046666666666681,2,8,terminal_interaction_mid,0.902027332490686,0.8924179210098596
1473472,2025,14,6,1,22.481481481481495,9.200000000000001,-4.400000000000006,2,8,terminal_interaction_mid,0.893764557743659,0.8838973543633415
1473472,2025,15,1,1,22.481481481481495,9.310344827586206,-4.75333333333333,2,8,terminal_interaction_mid,0.8855305155326509,0.8771561003840485
1473472,2025,15,2,1,22.481481481481495,9.642857142857142,-6.106666666666683,2,8,terminal_interaction_mid,0.871768227711227,0.8631989354913894
1473472,2025,15,3,1,22.481481481481495,9.11111111111111,-3.4599999999999795,2,8,terminal_interaction_mid,0.9002067963531162,0.8921435926267886
1473472,2025,15,4,1,22.481481481481495,9.461538461538462,-4.813333333333333,2,8,terminal_interaction_mid,0.8889413994726505,0.8806292863969045
1473472,2025,15,5,1,22.481481481481495,9.600000000000001,-5.166666666666657,2,8,terminal_interaction_mid,0.8820857051223323,0.873654188005122
1473472,2025,15,6,1,22.481481481481495,9.75,-5.519999999999982,2,8,terminal_interaction_mid,0.8704040599980858,0.8618201223465779
1473473,2025,7,1,0,1.0909090909090935,8.493506493506493,7.500000000000014,0,10,terminal_interaction_mid,0.9254001083199013,0.8955784347730384
1473473,2025,7,2,0,1.0909090909090935,8.526315789473685,7.0,0,10,terminal_interaction_mid,0.9183156917712038,0.8874559280741349
1473473,2025,7,3,0,1.0909090909090935,8.64,5.5,0,10,terminal_interaction_mid,0.91352746796246,0.8820423577899149
1473473,2025,7,4,0,1.0909090909090935,8.594594594594595,6.0,0,10,terminal_interaction_mid,0.9156016819782307,0.8843802493950437
1473473,2025,7,5,0,1.0909090909090935,8.63013698630137,5.499999999999986,0,10,terminal_interaction_mid,0.911349640699485,0.8795991913546675
1473473,2025,7,6,0,1.0909090909090935,8.25,10.0,0,10,terminal_interaction_mid,0.9343347710729382,0.9060349425162223
1473473,2025,8,1,0,1.0909090909090935,8.28169014084507,9.5,0,10,terminal_interaction_mid,0.9324647226251539,0.9093188754903444
1473473,2025,8,2,0,1.0909090909090935,8.314285714285713,9.0,0,10,terminal_interaction_mid,0.9301460209619562,0.9066614518586849
1473473,2025,8,3,0,1.0909090909090935,8.347826086956522,8.499999999999986,0,10,terminal_interaction_mid,0.9321218641270237,0.9089250385458176
1473473,2025,8,4,0,1.0909090909090935,8.470588235294118,-3.200000000000003,1,9,terminal_interaction_mid,0.8240229301934274,0.7951656022442912
1473473,2025,8,5,0,1.0909090909090935,8.597014925373134,-4.549999999999983,1,9,terminal_interaction_mid,0.8310753629366356,0.8021399436511649
1473473,2025,8,6,0,1.0909090909090935,8.636363636363637,-4.899999999999977,1,9,terminal_interaction_mid,0.8193463544359751,0.7905651888425494
1473473,2025,9,1,0,1.0909090909090935,8.769230769230768,-6.249999999999986,1,9,terminal_interaction_mid,0.818503083740661,0.7857821463360012
1473473,2025,9,2,0,1.0909090909090935,8.8125,-6.6000000000000085,1,9,terminal_interaction_mid,0.8187055389863649,0.7859773227592565
1473473,2025,9,3,0,1.0909090909090935,8.857142857142858,-6.949999999999989,1,9,terminal_interaction_mid,0.8224123520204867,0.7895580293467069
1473473,2025,9,4,0,1.0909090909090935,9.0,-8.299999999999983,1,9,terminal_interaction_mid,0.8155120288213142,0.782903267229502
1473473,2025,9,5,0,1.0909090909090935,8.557377049180328,-3.6499999999999915,1,9,terminal_interaction_mid,0.8548231198590949,0.8215046726391934
1473473,2025,9,6,0,1.0909090909090935,8.7,-14.0,2,8,terminal_interaction_mid,0.770244322895609,0.7402768815772246
1473473,2025,10,1,0,1.0909090909090935,8.745762711864407,-14.200000000000003,2,8,terminal_interaction_mid,0.7828152023472088,0.7645344913622236
1473473,2025,10,2,0,1.0909090909090935,8.793103448275861,-14.399999999999991,2,8,terminal_interaction_mid,0.7691827897848265,0.7516599844845733
1473473,2025,10,3,0,1.0909090909090935,8.842105263157894,-14.599999999999994,2,8,terminal_interaction_mid,0.7849117550628185,0.7665227191152465
1473473,2025,10,4,0,1.0909090909090935,8.892857142857142,-14.800000000000011,2,8,terminal_interaction_mid,0.7849420025333906,0.7665514204295668
1473473,2025,10,5,0,1.0909090909090935,9.054545454545455,-16.0,2,8,terminal_interaction_mid,0.7736755960621936,0.7558930270806922
1473473,2025,10,6,0,1.0909090909090935,9.222222222222221,-17.19999999999999,2,8,terminal_interaction_mid,0.7716249961648578,0.7539598028513601
1473473,2025,10,7,0,1.0909090909090935,9.283018867924529,-17.400000000000006,2,8,terminal_interaction_mid,0.7647686394811652,0.7475102059948238
1473473,2025,11,1,0,1.0909090909090935,8.60377358490566,-11.400000000000006,2,8,terminal_interaction_mid,0.8307596924683474,0.8177282468165042
1473473,2025,11,2,0,1.0909090909090935,8.653846153846153,-11.599999999999994,2,8,terminal_interaction_mid,0.8306264220187477,0.817598658719286
1473473,2025,11,3,0,1.0909090909090935,8.705882352941176,-11.799999999999983,2,8,terminal_interaction_mid,0.8351182610692566,0.8219717696584568
1473473,2025,11,4,0,1.0909090909090935,8.879999999999999,-13.0,2,8,terminal_interaction_mid,0.8168055852014477,0.8042102389126515
1473473,2025,11,5,0,1.0909090909090935,8.816326530612246,-12.200000000000003,2,8,terminal_interaction_mid,0.8354295552885382,0.822275252167416
1473473,2025,11,6,0,1.0909090909090935,8.5,-9.399999999999991,2,8,terminal_interaction_mid,0.8575597190461417,0.8439991174588288
1473473,2025,12,1,0,1.0909090909090935,8.425531914893618,-8.599999999999994,2,8,terminal_interaction_mid,0.8922988587429662,0.8779930199634014
1473473,2025,12,2,0,1.0909090909090935,8.08695652173913,-5.800000000000011,2,8,terminal_interaction_mid,0.9205444728059131,0.9073107090366479
1473473,2025,12,3,0,1.0909090909090935,8.133333333333333,-5.999999999999986,2,8,terminal_interaction_mid,0.9195228413119765,0.9062336309954258
1473473,2025,12,4,0,1.0909090909090935,8.181818181818182,-6.200000000000003,2,8,terminal_interaction_mid,0.9091095874731675,0.8953314402253609
1473473,2025,12,5,0,1.0909090909090935,8.232558139534884,-6.400000000000006,2,8,terminal_interaction_mid,0.9084562257997768,0.8946517992216388
1473473,2025,12,6,0,1.0909090909090935,8.428571428571427,-7.599999999999994,2,8,terminal_interaction_mid,0.9004563723947985,0.8863691737164825
1473473,2025,13,1,0,1.0909090909090935,8.634146341463413,-8.799999999999983,2,8,terminal_interaction_mid,0.893245462297982,0.882264864226045
1473473,2025,13,2,0,1.0909090909090935,8.850000000000001,-10.0,2,8,terminal_interaction_mid,0.8894239014682527,0.8783316021312693
1473473,2025,13,3,0,1.0909090909090935,8.923076923076923,-10.199999999999989,2,8,terminal_interaction_mid,0.8894770052666509,0.8783861913915645
1473473,2025,13,4,0,1.0909090909090935,8.842105263157894,-9.399999999999977,2,8,terminal_interaction_mid,0.8876761941976673,0.8765360376052785
1473473,2025,13,5,0,1.0909090909090935,8.91891891891892,-9.599999999999994,2,8,terminal_interaction_mid,0.8890738044616213,0.8779717583757862
1473473,2025,13,6,0,1.0909090909090935,9.166666666666666,-10.800000000000011,2,8,terminal_interaction_mid,0.8884785445451312,0.8773601109136804
1473473,2025,14,1,0,1.0909090909090935,9.257142857142858,-11.0,2,8,terminal_interaction_mid,0.876462321127264,0.8661879187947769
1473473,2025,14,2,0,1.0909090909090935,9.176470588235293,-10.199999999999989,2,8,terminal_interaction_mid,0.8890510367587228,0.8790558339683346
1473473,2025,14,3,0,1.0909090909090935,9.454545454545453,-11.400000000000006,2,8,terminal_interaction_mid,0.8816492024549752,0.8714791934841887
1473473,2025,14,4,0,1.0909090909090935,9.5625,-11.599999999999994,2,8,terminal_interaction_mid,0.8799131463509721,0.8697065803941506
1473473,2025,14,5,0,1.0909090909090935,9.096774193548388,-8.800000000000011,2,8,terminal_interaction_mid,0.9041577863729962,0.8946220952774159
1473473,2025,14,6,0,1.0909090909090935,9.200000000000001,-9.0,2,8,terminal_interaction_mid,0.898270621832517,0.8885385692193727
1473473,2025,15,1,0,1.0909090909090935,9.517241379310345,-10.199999999999989,2,8,terminal_interaction_mid,0.8869539349735702,0.8786048119653468
1473473,2025,15,2,0,1.0909090909090935,8.571428571428571,-5.400000000000006,2,8,terminal_interaction_mid,0.9259017348574388,0.9186916502353438
1473473,2025,15,3,0,1.0909090909090935,8.666666666666666,-5.599999999999994,2,8,terminal_interaction_mid,0.9239246660509091,0.9166329038574224
1473473,2025,15,4,0,1.0909090909090935,8.076923076923077,-2.8000000000000114,2,8,terminal_interaction_mid,0.9493275900684353,0.9433383574049279
1473473,2025,15,5,0,1.0909090909090935,8.16,-3.0,2,8,terminal_interaction_mid,0.9468722658512274,0.9407304443257096
1473473,2025,15,6,0,1.0909090909090935,8.25,-3.1999999999999886,2,8,terminal_interaction_mid,0.9379549246964871,0.9313105640373542
1473474,2025,7,1,1,-14.5,7.246753246753247,-1.332499999999996,1,9,terminal_interaction_mid,0.8734823385924777,0.838719165328615
1473474,2025,7,2,1,-14.5,7.342105263157894,-2.510000000000005,1,9,terminal_interaction_mid,0.8412755621558902,0.8058120432084867
1473474,2025,7,3,1,-14.5,7.359999999999999,-2.6875,1,9,terminal_interaction_mid,0.8390393219172192,0.8035776300851225
1473474,2025,7,4,1,-14.5,7.378378378378379,-2.864999999999995,1,9,terminal_interaction_mid,0.8384408561338765,0.8029806585780955
1473474,2025,7,5,1,-14.5,7.397260273972603,-3.042500000000004,1,9,terminal_interaction_mid,0.83518216333334,0.7997374300074303
1473474,2025,7,6,1,-14.5,7.5,-4.219999999999999,1,9,terminal_interaction_mid,0.8064281655903011,0.7716136791576045
1473474,2025,7,7,1,-14.5,7.521126760563381,-4.397500000000008,1,9,terminal_interaction_mid,0.800589257250787,0.7660012688200617
1473474,2025,8,1,1,-14.5,7.436619718309858,-3.397500000000008,1,9,terminal_interaction_mid,0.8256579898333704,0.7967785581790019
1473474,2025,8,2,1,-14.5,7.542857142857143,-4.575000000000003,1,9,terminal_interaction_mid,0.7999117624880041,0.7716402176538524
1473474,2025,8,3,1,-14.5,7.652173913043478,-5.752500000000012,1,9,terminal_interaction_mid,0.7917145734289253,0.7637444291965686
1473474,2025,8,4,1,-14.5,7.6764705882352935,-5.929999999999993,1,9,terminal_interaction_mid,0.7899755092434717,0.7620754624132118
1473474,2025,8,5,1,-14.5,7.791044776119403,-7.1074999999999875,1,9,terminal_interaction_mid,0.7507001993706552,0.7248974063391831
1473474,2025,8,6,1,-14.5,7.545454545454545,-4.284999999999982,1,9,terminal_interaction_mid,0.8126214282796298,0.7839823470306054
1473474,2025,9,1,1,-14.5,7.569230769230769,-4.4624999999999915,1,9,terminal_interaction_mid,0.8098510657361482,0.777477871520671
1473474,2025,9,2,1,-14.5,7.125,0.35999999999999943,1,9,terminal_interaction_mid,0.9320146539388344,0.9042641888374298
1473474,2025,9,3,1,-14.5,7.142857142857142,0.18250000000000455,1,9,terminal_interaction_mid,0.9271808357396989,0.8986826450621763
1473474,2025,9,4,1,-14.5,7.161290322580646,0.005000000000009663,1,9,terminal_interaction_mid,0.921632645852513,0.8923621394642214
1473474,2025,9,5,1,-14.5,6.885245901639344,2.8275000000000006,1,9,terminal_interaction_mid,0.9579609383093766,0.9357052476450226
1473474,2025,9,6,1,-14.5,7.0,1.6499999999999915,1,9,terminal_interaction_mid,0.9457615684255949,0.9205734799065842
1473474,2025,10,1,1,-14.5,7.016949152542373,1.4724999999999966,1,9,terminal_interaction_mid,0.9473890804377247,0.931986530932004
1473474,2025,10,2,1,-14.5,7.034482758620689,1.2950000000000017,1,9,terminal_interaction_mid,0.946398505233082,0.9308602575481475
1473474,2025,10,3,1,-14.5,6.947368421052632,2.1174999999999926,1,9,terminal_interaction_mid,0.9556212854285571,0.9414572899958422
1473474,2025,10,4,1,-14.5,6.964285714285715,1.940000000000012,1,9,terminal_interaction_mid,0.9538690658422702,0.9394239651497442
1473474,2025,10,5,1,-14.5,6.9818181818181815,1.7625000000000028,1,9,terminal_interaction_mid,0.9518503568867017,0.937093500670652
1473474,2025,10,6,1,-14.5,7.0,1.585000000000008,1,9,terminal_interaction_mid,0.9516211993798724,0.9368297483133381
1473474,2025,11,1,1,-14.5,7.132075471698113,0.40749999999999886,1,9,terminal_interaction_mid,0.9434656228879774,0.932358038623259
1473474,2025,11,2,1,-14.5,7.038461538461538,1.230000000000004,1,9,terminal_interaction_mid,0.9557461899335529,0.9458331851134569
1473474,2025,11,3,1,-14.5,7.0588235294117645,1.052500000000009,1,9,terminal_interaction_mid,0.9555861720986782,0.94565542084312
1473474,2025,11,4,1,-14.5,6.48,5.875,1,9,terminal_interaction_mid,0.9868922347452358,0.9821105392261862
1473474,2025,11,5,1,-14.5,6.122448979591837,8.697499999999991,1,9,terminal_interaction_mid,0.9911369896833957,0.9874867432179574
1473474,2025,11,6,1,-14.5,6.25,7.52000000000001,1,9,terminal_interaction_mid,0.9890014754498173,0.9847585846533066
1473474,2025,12,1,1,-14.5,6.382978723404255,6.342500000000001,1,9,terminal_interaction_mid,0.9902428604327977,0.9862440780327344
1473474,2025,12,2,1,-14.5,6.391304347826088,6.164999999999992,1,9,terminal_interaction_mid,0.9900372279013985,0.9859794012367594
1473474,2025,12,3,1,-14.5,6.533333333333333,-0.8999999999999915,2,8,terminal_interaction_mid,0.973192854304709,0.9654164756008506
1473474,2025,12,4,1,-14.5,6.545454545454545,-0.9466666666666725,2,8,terminal_interaction_mid,0.9696849201501411,0.9613218476466293
1473474,2025,12,5,1,-14.5,6.55813953488372,-0.9933333333333394,2,8,terminal_interaction_mid,0.972104305775831,0.9641406967848712
1473474,2025,12,6,1,-14.5,6.571428571428572,-1.039999999999992,2,8,terminal_interaction_mid,0.9703073498636867,0.9620449239039253
1473474,2025,13,1,1,-14.5,6.146341463414634,1.9133333333333553,2,8,terminal_interaction_mid,0.9779476896060995,0.9731890844099976
1473474,2025,13,2,1,-14.5,6.300000000000001,0.86666666666666,2,8,terminal_interaction_mid,0.9758808814204945,0.970830118885955
1473474,2025,13,3,1,-14.5,6.307692307692308,0.8200000000000074,2,8,terminal_interaction_mid,0.9769258051052887,0.9720211072726528
1473474,2025,13,4,1,-14.5,6.315789473684211,0.7733333333333405,2,8,terminal_interaction_mid,0.9780038300457383,0.9732533468529554
1473474,2025,13,5,1,-14.5,6.486486486486487,-0.2733333333333263,2,8,terminal_interaction_mid,0.9741231664445085,0.9688338923318026
1473474,2025,13,6,1,-14.5,6.666666666666667,-1.3200000000000074,2,8,terminal_interaction_mid,0.9683093017802281,0.9622889178570968
1473474,2025,14,1,1,-14.5,6.685714285714286,-1.36666666666666,2,8,terminal_interaction_mid,0.9688511066006202,0.9635340009539092
1473474,2025,14,2,1,-14.5,6.705882352941177,-1.413333333333327,2,8,terminal_interaction_mid,0.9665365465996496,0.9609747668872526
1473474,2025,14,3,1,-14.5,6.90909090909091,-2.460000000000008,2,8,terminal_interaction_mid,0.9622713933244085,0.9562849441551425
1473474,2025,14,4,1,-14.5,7.125,-3.5066666666666606,2,8,terminal_interaction_mid,0.9538329007454995,0.9470942401124699
1473474,2025,14,5,1,-14.5,7.161290322580646,-3.5533333333333275,2,8,terminal_interaction_mid,0.9536911959076102,0.9469408048011958
1473474,2025,14,6,1,-14.5,7.199999999999999,-3.6000000000000085,2,8,terminal_interaction_mid,0.9511129756916485,0.9441539503051235
1473474,2025,15,1,1,-14.5,7.448275862068966,-4.646666666666661,2,8,terminal_interaction_mid,0.9233078129697552,0.9159911666332596
1473474,2025,15,2,1,-14.5,7.285714285714285,-3.6933333333333422,2,8,terminal_interaction_mid,0.9440180632987382,0.9377068518046097
1473474,2025,15,3,1,-14.5,7.333333333333334,-3.7399999999999807,2,8,terminal_interaction_mid,0.9352735331987324,0.9284926978982174
1473474,2025,15,4,1,-14.5,7.153846153846153,-2.7866666666666617,2,8,terminal_interaction_mid,0.956919621294003,0.9514458688593539
1473474,2025,15,5,1,-14.5,6.48,0.16666666666668561,2,8,terminal_interaction_mid,0.9781618262585023,0.9745828466120535
1473474,2025,15,6,1,-14.5,6.5,0.12000000000000455,2,8,terminal_interaction_mid,0.9780844063955982,0.9744969264920855
1473475,2025,7,1,1,-0.4375,8.649350649350648,-8.36,1,9,terminal_interaction_mid,0.7029060221434477,0.6757653360622236
1473475,2025,7,2,1,-0.4375,8.68421052631579,-8.680000000000007,1,9,terminal_interaction_mid,0.6867095319027128,0.661313670005174
1473475,2025,7,3,1,-0.4375,8.32,-4.0,1,9,terminal_interaction_mid,0.742768820295908,0.7118699209531641
1473475,2025,7,4,1,-0.4375,8.35135135135135,-4.319999999999993,1,9,terminal_interaction_mid,0.7476377875817954,0.7163397574990589
1473475,2025,7,5,1,-0.4375,8.383561643835616,-4.640000000000001,1,9,terminal_interaction_mid,0.7310091467104072,0.7011314131039738
1473475,2025,7,6,1,-0.4375,8.416666666666666,-4.959999999999994,1,9,terminal_interaction_mid,0.7309943523925171,0.7011179525346036
1473475,2025,8,1,1,-0.4375,8.450704225352112,-5.280000000000001,1,9,terminal_interaction_mid,0.7235327639059238,0.6996768387690819
1473475,2025,8,2,1,-0.4375,8.571428571428571,-6.599999999999994,1,9,terminal_interaction_mid,0.7007657193985166,0.6787973668451519
1473475,2025,8,3,1,-0.4375,8.347826086956522,-3.9200000000000017,1,9,terminal_interaction_mid,0.7274529302453677,0.7032943326630821
1473475,2025,8,4,1,-0.4375,7.9411764705882355,0.7600000000000051,1,9,terminal_interaction_mid,0.8066247367892554,0.7781434171640728
1473475,2025,8,5,1,-0.4375,8.059701492537314,-0.5599999999999881,1,9,terminal_interaction_mid,0.7789847118320266,0.7515751806416102
1473475,2025,8,6,1,-0.4375,8.09090909090909,-0.8799999999999812,1,9,terminal_interaction_mid,0.7854814994214829,0.7577722458563884
1473475,2025,9,1,1,-0.4375,8.123076923076923,-1.1999999999999886,1,9,terminal_interaction_mid,0.7857519796306504,0.754695830259047
1473475,2025,9,2,1,-0.4375,8.15625,-1.5200000000000102,1,9,terminal_interaction_mid,0.7950035153573531,0.7633845633012376
1473475,2025,9,3,1,-0.4375,8.19047619047619,-1.8399999999999892,1,9,terminal_interaction_mid,0.7827179990394479,0.7518609435797959
1473475,2025,9,4,1,-0.4375,8.225806451612902,-2.1599999999999824,1,9,terminal_interaction_mid,0.7888680717293519,0.757614798737221
1473475,2025,9,5,1,-0.4375,8.360655737704917,-3.4799999999999898,1,9,terminal_interaction_mid,0.7756438099135574,0.7452775797420421
1473475,2025,9,6,1,-0.4375,8.399999999999999,-3.8000000000000114,1,9,terminal_interaction_mid,0.7847179272045997,0.753728847540854
1473475,2025,10,1,1,-0.4375,7.932203389830509,0.8799999999999955,1,9,terminal_interaction_mid,0.8558805740215285,0.8354378891233032
1473475,2025,10,2,1,-0.4375,7.965517241379311,0.5600000000000023,1,9,terminal_interaction_mid,0.8371237324674217,0.8168750859714814
1473475,2025,10,3,1,-0.4375,8.0,0.23999999999999488,1,9,terminal_interaction_mid,0.8373925095540733,0.8171390657437668
1473475,2025,10,4,1,-0.4375,8.142857142857142,-1.0799999999999983,1,9,terminal_interaction_mid,0.8183779875858292,0.7985948175234057
1473475,2025,10,5,1,-0.4375,7.8545454545454545,1.5999999999999943,1,9,terminal_interaction_mid,0.8572780833362803,0.8368330192655163
1473475,2025,10,6,1,-0.4375,7.888888888888889,1.2800000000000011,1,9,terminal_interaction_mid,0.8567250636799202,0.8362807296143534
1473475,2025,11,1,1,-0.4375,7.924528301886792,0.9599999999999937,1,9,terminal_interaction_mid,0.8489291400889682,0.8354906665198015
1473475,2025,11,2,1,-0.4375,7.961538461538462,0.6400000000000006,1,9,terminal_interaction_mid,0.850675462713921,0.8372083672657361
1473475,2025,11,3,1,-0.4375,8.0,0.3200000000000074,1,9,terminal_interaction_mid,0.8464708504966327,0.8330759250505813
1473475,2025,11,4,1,-0.4375,8.040000000000001,0.0,1,9,terminal_interaction_mid,0.8483562213502494,0.8349275587562297
1473475,2025,11,5,1,-0.4375,8.081632653061224,-0.3200000000000074,1,9,terminal_interaction_mid,0.8372291497026896,0.8240307639426944
1473475,2025,11,6,1,-0.4375,8.125,-0.6399999999999864,1,9,terminal_interaction_mid,0.8443249848693581,0.8309711314319747
1473475,2025,12,1,1,-0.4375,8.042553191489361,0.04000000000000625,1,9,terminal_interaction_mid,0.8816126924907681,0.867117180355614
1473475,2025,12,2,1,-0.4375,8.217391304347826,-1.2800000000000011,1,9,terminal_interaction_mid,0.8729391809006404,0.8583632527080008
1473475,2025,12,3,1,-0.4375,8.266666666666666,-1.5999999999999943,1,9,terminal_interaction_mid,0.882324970944213,0.8678388949358271
1473475,2025,12,4,1,-0.4375,7.909090909090908,1.0799999999999983,1,9,terminal_interaction_mid,0.9008043348877769,0.8867279830293125
1473475,2025,12,5,1,-0.4375,7.534883720930233,3.760000000000005,1,9,terminal_interaction_mid,0.9394780288086101,0.9275503179697255
1473475,2025,12,6,1,-0.4375,7.142857142857142,6.439999999999998,1,9,terminal_interaction_mid,0.9786888600908383,0.9719377201715272
1473475,2025,13,1,1,-0.4375,7.317073170731707,5.1200000000000045,1,9,terminal_interaction_mid,0.9732667012102376,0.9678643254033543
1473475,2025,13,2,1,-0.4375,7.3500000000000005,4.800000000000011,1,9,terminal_interaction_mid,0.9546010652456749,0.9471402296752193
1473475,2025,13,3,1,-0.4375,6.9230769230769225,7.47999999999999,1,9,terminal_interaction_mid,0.9842468675617204,0.9804697923721633
1473475,2025,13,4,1,-0.4375,6.947368421052632,7.159999999999982,1,9,terminal_interaction_mid,0.9839489790814633,0.9801219476464863
1473475,2025,13,5,1,-0.4375,6.972972972972972,6.840000000000018,1,9,terminal_interaction_mid,0.982959085050034,0.9789688098883763
1473475,2025,13,6,1,-0.4375,7.166666666666666,5.52000000000001,1,9,terminal_interaction_mid,0.9808670037283557,0.976544817489004
1473475,2025,13,7,1,-0.4375,7.199999999999999,5.199999999999989,1,9,terminal_interaction_mid,0.9805129719731772,0.9761362691879664
1473475,2025,13,8,1,-0.4375,6.352941176470589,9.879999999999995,1,9,terminal_interaction_mid,0.9906312378275824,0.9880358221359429
1473475,2025,14,1,1,-0.4375,5.485714285714286,15.199999999999989,1,9,terminal_interaction_mid,0.9936062292038641,0.9918792058292496
1473475,2025,14,2,1,-0.4375,5.470588235294118,14.879999999999995,1,9,terminal_interaction_mid,0.9937040634885157,0.9919973024087754
1473475,2025,14,3,1,-0.4375,4.909090909090909,17.560000000000002,1,9,terminal_interaction_mid,0.9950193742937091,0.9935948341924404
1473475,2025,14,4,1,-0.4375,4.875,17.24000000000001,1,9,terminal_interaction_mid,0.9951104725062225,0.9937062190285486
1473475,2025,14,5,1,-0.4375,3.870967741935484,21.920000000000016,1,9,terminal_interaction_mid,0.9940912194711113,0.9924655799253063
1473475,2025,14,6,1,-0.4375,4.0,20.599999999999994,1,9,terminal_interaction_mid,0.9944649502109582,0.992919110259103
1473475,2025,15,1,1,-0.4375,3.9310344827586206,20.28,1,9,terminal_interaction_mid,0.9948056251093962,0.9935501151223266
1473475,2025,15,2,1,-0.4375,2.7857142857142856,24.95999999999998,1,9,terminal_interaction_mid,0.9943827607226108,0.9930490939349934
1473475,2025,15,3,1,-0.4375,2.6666666666666665,24.640000000000015,1,9,terminal_interaction_mid,0.9943036419926412,0.9929555450250209
1473475,2025,15,4,1,-0.4375,1.3846153846153846,29.32000000000002,1,9,terminal_interaction_mid,0.9948191650694529,0.9935661872955078
1473475,2025,15,5,1,-0.4375,0.0,34.0,1,9,terminal_interaction_mid,0.9939822277437466,0.9925761050891769
1473476,2025,7,1,0,1.05263157894737,11.61038961038961,-46.359999999999985,2,8,terminal_interaction_mid,0.23536479130403976,0.26759236206474324
1473476,2025,7,2,0,1.05263157894737,11.68421052631579,-46.67999999999999,2,8,terminal_interaction_mid,0.24469649698957877,0.27623965995881605
1473476,2025,7,3,0,1.05263157894737,11.84,-48.0,2,8,terminal_interaction_mid,0.23956380360312202,0.271490560310369
1473476,2025,7,4,0,1.05263157894737,11.91891891891892,-48.31999999999999,2,8,terminal_interaction_mid,0.23033038793272126,0.26290268762301544
1473476,2025,7,5,0,1.05263157894737,12.082191780821919,-49.640000000000015,2,8,terminal_interaction_mid,0.2057921730870353,0.2397758384213195
1473476,2025,7,6,0,1.05263157894737,12.166666666666666,-49.96000000000001,2,8,terminal_interaction_mid,0.18866977288988743,0.22334342232956747
1473476,2025,8,1,0,1.05263157894737,12.253521126760564,-50.27999999999999,2,8,terminal_interaction_mid,0.16164374969753367,0.1910577435711276
1473476,2025,8,2,0,1.05263157894737,12.342857142857142,-50.59999999999998,2,8,terminal_interaction_mid,0.15263129913561108,0.18199570856909517
1473476,2025,8,3,0,1.05263157894737,12.434782608695652,-50.92,2,8,terminal_interaction_mid,0.1466898373861631,0.17597454005464744
1473476,2025,8,4,0,1.05263157894737,12.441176470588236,-50.239999999999995,2,8,terminal_interaction_mid,0.15456959012308125,0.18395176674685698
1473476,2025,8,5,0,1.05263157894737,12.53731343283582,-50.559999999999974,2,8,terminal_interaction_mid,0.1519511362453633,0.18130836435742526
1473476,2025,8,6,0,1.05263157894737,12.545454545454545,-49.879999999999995,2,8,terminal_interaction_mid,0.16450525119872,0.19391784008467727
1473476,2025,9,1,0,1.05263157894737,12.646153846153847,-50.2,2,8,terminal_interaction_mid,0.17715420782339308,0.21616006530451778
1473476,2025,9,2,0,1.05263157894737,12.75,-50.51999999999998,2,8,terminal_interaction_mid,0.17045120985542717,0.20950676418347736
1473476,2025,9,3,0,1.05263157894737,12.761904761904763,-49.83999999999999,2,8,terminal_interaction_mid,0.17923631852868321,0.21821652256426682
1473476,2025,9,4,0,1.05263157894737,12.870967741935484,-50.16,2,8,terminal_interaction_mid,0.17675985420282864,0.21577003362391706
1473476,2025,9,5,0,1.05263157894737,13.081967213114755,-51.47999999999999,2,8,terminal_interaction_mid,0.15278159800645108,0.1917105493533784
1473476,2025,9,6,0,1.05263157894737,13.099999999999998,-50.8,2,8,terminal_interaction_mid,0.16406963890582593,0.2031240339246853
1473476,2025,10,1,0,1.05263157894737,12.915254237288135,-48.120000000000005,2,8,terminal_interaction_mid,0.2181578028335584,0.24740270996367406
1473476,2025,10,2,0,1.05263157894737,13.03448275862069,-48.44,2,8,terminal_interaction_mid,0.20853252889808266,0.23796734106023698
1473476,2025,10,3,0,1.05263157894737,13.263157894736842,-49.760000000000005,2,8,terminal_interaction_mid,0.17949042427195672,0.20910055378014097
1473476,2025,10,4,0,1.05263157894737,13.392857142857142,-50.08000000000001,2,8,terminal_interaction_mid,0.1684347890610834,0.19793658886626228
1473476,2025,10,5,0,1.05263157894737,12.98181818181818,-45.39999999999999,2,8,terminal_interaction_mid,0.26634110696166374,0.2938105573849699
1473476,2025,10,6,0,1.05263157894737,13.11111111111111,-45.719999999999985,2,8,terminal_interaction_mid,0.260503857521846,0.2882542617033334
1473476,2025,11,1,0,1.05263157894737,13.245283018867926,-46.04000000000002,2,8,terminal_interaction_mid,0.2675857725889258,0.2927686450536092
1473476,2025,11,2,0,1.05263157894737,13.26923076923077,-45.359999999999985,2,8,terminal_interaction_mid,0.2701889354815094,0.2952899351644825
1473476,2025,11,3,0,1.05263157894737,13.529411764705882,-55.095,3,7,terminal_interaction_mid,0.15732116870162377,0.18275043689820025
1473476,2025,11,4,0,1.05263157894737,13.68,-55.24999999999997,3,7,terminal_interaction_mid,0.16948042400208363,0.195257699365715
1473476,2025,11,5,0,1.05263157894737,13.836734693877553,-55.405,3,7,terminal_interaction_mid,0.1668103928421016,0.19252096575737704
1473476,2025,11,6,0,1.05263157894737,14.125,-56.56,3,7,terminal_interaction_mid,0.12770164848752696,0.151762088725387
1473476,2025,12,1,0,1.05263157894737,14.170212765957448,-55.715,3,7,terminal_interaction_mid,0.14453037905781557,0.16826015422141474
1473476,2025,12,2,0,1.05263157894737,14.347826086956522,-55.870000000000005,3,7,terminal_interaction_mid,0.12679637656967235,0.1497013433469611
1473476,2025,12,3,0,1.05263157894737,14.533333333333331,-56.025000000000006,3,7,terminal_interaction_mid,0.11032149620825714,0.1321822498077089
1473476,2025,12,4,0,1.05263157894737,14.727272727272727,-63.44,4,6,terminal_interaction_mid,0.06304317497143447,0.07997137870760729
1473476,2025,12,5,0,1.05263157894737,15.069767441860465,-64.43,4,6,terminal_interaction_mid,0.04868067160193162,0.06333370646032258
1473476,2025,12,6,0,1.05263157894737,14.857142857142858,-61.420000000000016,4,6,terminal_interaction_mid,0.06044098735437324,0.07699056376266897
1473476,2025,12,7,0,1.05263157894737,14.341463414634145,-56.41,4,6,terminal_interaction_mid,0.11732171996623544,0.1396614281654654
1473476,2025,13,1,0,1.05263157894737,14.195121951219512,-55.41,4,6,terminal_interaction_mid,0.13293392511534088,0.14557885639778287
1473476,2025,13,2,0,1.05263157894737,14.399999999999999,-55.400000000000006,4,6,terminal_interaction_mid,0.12611790231185635,0.13860694902109968
1473476,2025,13,3,0,1.05263157894737,14.615384615384613,-55.389999999999986,4,6,terminal_interaction_mid,0.11514408065936185,0.1273233524933638
1473476,2025,13,4,0,1.05263157894737,14.842105263157896,-55.380000000000024,4,6,terminal_interaction_mid,0.10233053624765666,0.11404771967628075
1473476,2025,13,5,0,1.05263157894737,15.243243243243242,-56.369999999999976,4,6,terminal_interaction_mid,0.07356690986405726,0.08377799880259984
1473476,2025,13,6,0,1.05263157894737,15.5,-56.360000000000014,4,6,terminal_interaction_mid,0.06746041772542226,0.0772521211105269
1473476,2025,13,7,0,1.05263157894737,15.771428571428572,-56.349999999999994,4,6,terminal_interaction_mid,0.06285223285301211,0.0723001894090286
1473476,2025,13,8,0,1.05263157894737,16.058823529411764,-56.34,4,6,terminal_interaction_mid,0.05777828824314727,0.06681843146317103
1473476,2025,14,1,0,1.05263157894737,15.600000000000001,-55.349999999999994,4,6,terminal_interaction_mid,0.07583202540803638,0.08497906234194631
1473476,2025,14,2,0,1.05263157894737,15.882352941176471,-55.34,4,6,terminal_interaction_mid,0.06856272101379615,0.07727930089261974
1473476,2025,14,3,0,1.05263157894737,16.363636363636363,-56.329999999999984,4,6,terminal_interaction_mid,0.057299877532500106,0.0652460620286554
1473476,2025,14,4,0,1.05263157894737,16.875,-57.31999999999999,4,6,terminal_interaction_mid,0.045704255960222914,0.05270337207295536
1473476,2025,14,5,0,1.05263157894737,16.645161290322584,-54.31,4,6,terminal_interaction_mid,0.05779026248366611,0.06577285087178916
1473476,2025,14,6,0,1.05263157894737,17.0,-54.29999999999998,4,6,terminal_interaction_mid,0.049364403122377526,0.05668127109549128
1473476,2025,15,1,0,1.05263157894737,17.586206896551722,-55.28999999999999,4,6,terminal_interaction_mid,0.041966334283928965,0.0480527376918937
1473476,2025,15,2,0,1.05263157894737,18.214285714285715,-56.28,4,6,terminal_interaction_mid,0.03276182370878818,0.03796646183505535
1473476,2025,15,3,0,1.05263157894737,18.0,-53.27000000000001,4,6,terminal_interaction_mid,0.04364174930586114,0.04987527965758661
1473476,2025,15,4,0,1.05263157894737,18.692307692307693,-54.25999999999999,4,6,terminal_interaction_mid,0.03050840589985513,0.035475991406394215
1473476,2025,15,5,0,1.05263157894737,19.44,-59.375,5,5,terminal_interaction_mid,0.013606503155273796,0.01642898345416605
1473476,2025,15,6,0,1.05263157894737,20.0,-59.20000000000002,5,5,terminal_interaction_mid,0.01396340321862028,0.01683999862673284
1473477,2025,7,1,1,-12.235294117647072,7.792207792207792,-7.177499999999995,1,9,terminal_interaction_mid,0.8303339550827289,0.7949346214421829
1473477,2025,7,2,1,-12.235294117647072,7.815789473684211,-7.3700000000000045,1,9,terminal_interaction_mid,0.823261160001983,0.7879742296227238
1473477,2025,7,3,1,-12.235294117647072,7.76,-6.5625,1,9,terminal_interaction_mid,0.8392143863716379,0.8037523372321479
1473477,2025,7,4,1,-12.235294117647072,7.783783783783784,-6.7549999999999955,1,9,terminal_interaction_mid,0.8347471394891113,0.7993053967163252
1473477,2025,7,5,1,-12.235294117647072,7.808219178082192,-6.947500000000005,1,9,terminal_interaction_mid,0.8311778862225899,0.7957687610970129
1473477,2025,7,6,1,-12.235294117647072,7.833333333333334,-7.140000000000001,1,9,terminal_interaction_mid,0.8244673753504913,0.7891575063872893
1473477,2025,8,1,1,-12.235294117647072,7.943661971830986,-8.33250000000001,1,9,terminal_interaction_mid,0.8172606198008068,0.7885194798806057
1473477,2025,8,2,1,-12.235294117647072,7.9714285714285715,-8.524999999999991,1,9,terminal_interaction_mid,0.8123347090756332,0.7837025154472423
1473477,2025,8,3,1,-12.235294117647072,8.0,-8.717500000000001,1,9,terminal_interaction_mid,0.8087037374675765,0.7801644906806058
1473477,2025,8,4,1,-12.235294117647072,8.029411764705882,-8.909999999999997,1,9,terminal_interaction_mid,0.8008447400042986,0.7725420015588044
1473477,2025,8,5,1,-12.235294117647072,8.149253731343283,-10.102499999999992,1,9,terminal_interaction_mid,0.7949802882904364,0.7668842658145435
1473477,2025,8,6,1,-12.235294117647072,8.272727272727273,-11.294999999999987,1,9,terminal_interaction_mid,0.7849943362877713,0.7573065885772265
1473477,2025,9,1,1,-12.235294117647072,8.215384615384615,-10.487499999999997,1,9,terminal_interaction_mid,0.8000390978490594,0.7681430487129162
1473477,2025,9,2,1,-12.235294117647072,7.96875,-7.680000000000007,1,9,terminal_interaction_mid,0.8304972997335672,0.7974165528212004
1473477,2025,9,3,1,-12.235294117647072,8.0,-7.872499999999988,1,9,terminal_interaction_mid,0.8285289811128524,0.7954970582111034
1473477,2025,9,4,1,-12.235294117647072,7.935483870967742,-7.0649999999999835,1,9,terminal_interaction_mid,0.8416511298160452,0.8083743448386751
1473477,2025,9,5,1,-12.235294117647072,7.967213114754098,-7.257499999999993,1,9,terminal_interaction_mid,0.8375214870940453,0.8043009126196277
1473477,2025,9,6,1,-12.235294117647072,8.0,-7.450000000000003,1,9,terminal_interaction_mid,0.8399566521206864,0.8067005420865159
1473477,2025,10,1,1,-12.235294117647072,7.525423728813559,-2.6424999999999983,1,9,terminal_interaction_mid,0.8915484632311736,0.8716614371482004
1473477,2025,10,2,1,-12.235294117647072,7.551724137931034,-2.8349999999999937,1,9,terminal_interaction_mid,0.8901473081312457,0.8702116018188489
1473477,2025,10,3,1,-12.235294117647072,7.052631578947369,1.9724999999999966,1,9,terminal_interaction_mid,0.9508819851414494,0.9359800186868169
1473477,2025,10,4,1,-12.235294117647072,6.964285714285715,2.780000000000001,1,9,terminal_interaction_mid,0.9600509768815124,0.9466440723621445
1473477,2025,10,5,1,-12.235294117647072,6.9818181818181815,2.5874999999999915,1,9,terminal_interaction_mid,0.9575248677061274,0.943677820377182
1473477,2025,10,6,1,-12.235294117647072,7.111111111111111,1.3950000000000102,1,9,terminal_interaction_mid,0.950952539677083,0.9360610506563886
1473477,2025,11,1,1,-12.235294117647072,6.566037735849056,6.202500000000001,1,9,terminal_interaction_mid,0.9854009689221915,0.9802618921203456
1473477,2025,11,2,1,-12.235294117647072,6.5769230769230775,6.010000000000005,1,9,terminal_interaction_mid,0.9851393653884963,0.9799394140620413
1473477,2025,11,3,1,-12.235294117647072,6.588235294117648,5.81750000000001,1,9,terminal_interaction_mid,0.9855158635357206,0.9804036883226817
1473477,2025,11,4,1,-12.235294117647072,6.6000000000000005,5.625,1,9,terminal_interaction_mid,0.9852501748287967,0.9800759449194455
1473477,2025,11,5,1,-12.235294117647072,6.73469387755102,-2.0600000000000023,2,8,terminal_interaction_mid,0.9583303642899169,0.9487128390181614
1473477,2025,11,6,1,-12.235294117647072,6.875,-3.1199999999999903,2,8,terminal_interaction_mid,0.951683535432194,0.9413388488225085
1473477,2025,12,1,1,-12.235294117647072,6.893617021276596,-3.1799999999999926,2,8,terminal_interaction_mid,0.9641708286448385,0.9549750066360998
1473477,2025,12,2,1,-12.235294117647072,7.043478260869566,-4.240000000000009,2,8,terminal_interaction_mid,0.9549049487289119,0.9445154049038931
1473477,2025,12,3,1,-12.235294117647072,7.199999999999999,-5.299999999999997,2,8,terminal_interaction_mid,0.9489254504475815,0.9378802465012513
1473477,2025,12,4,1,-12.235294117647072,7.363636363636363,-6.359999999999999,2,8,terminal_interaction_mid,0.9386285445365239,0.9266297754680175
1473477,2025,12,5,1,-12.235294117647072,7.395348837209302,-6.420000000000002,2,8,terminal_interaction_mid,0.9408356883639563,0.9290242488286847
1473477,2025,12,6,1,-12.235294117647072,7.428571428571429,-6.47999999999999,2,8,terminal_interaction_mid,0.9411468154819222,0.9293624967281214
1473477,2025,13,1,1,-12.235294117647072,7.609756097560975,-7.539999999999992,2,8,terminal_interaction_mid,0.9307540887669272,0.9214691588952785
1473477,2025,13,2,1,-12.235294117647072,7.800000000000001,-8.600000000000009,2,8,terminal_interaction_mid,0.9189748562019779,0.9090268969738783
1473477,2025,13,3,1,-12.235294117647072,7.846153846153847,-8.659999999999997,2,8,terminal_interaction_mid,0.9133035306123887,0.9030823015593143
1473477,2025,13,4,1,-12.235294117647072,7.105263157894736,-3.7199999999999847,2,8,terminal_interaction_mid,0.9566798602998701,0.9494156371429273
1473477,2025,13,5,1,-12.235294117647072,7.297297297297297,-4.780000000000001,2,8,terminal_interaction_mid,0.9542227858567321,0.9467269222527327
1473477,2025,13,6,1,-12.235294117647072,6.5,0.1599999999999966,2,8,terminal_interaction_mid,0.9794636668956171,0.9749280265240169
1473477,2025,14,1,1,-12.235294117647072,6.685714285714286,-0.8999999999999915,2,8,terminal_interaction_mid,0.9770362099890525,0.9726780207107093
1473477,2025,14,2,1,-12.235294117647072,6.88235294117647,-1.9599999999999937,2,8,terminal_interaction_mid,0.9709863737191954,0.9659046480493035
1473477,2025,14,3,1,-12.235294117647072,6.90909090909091,-2.0200000000000102,2,8,terminal_interaction_mid,0.9699375854900742,0.9647390475154156
1473477,2025,14,4,1,-12.235294117647072,7.125,-3.0799999999999983,2,8,terminal_interaction_mid,0.9620917646292464,0.9560881308186521
1473477,2025,14,5,1,-12.235294117647072,6.580645161290322,-0.14000000000000057,2,8,terminal_interaction_mid,0.9786804081227767,0.9745352080376295
1473477,2025,14,6,1,-12.235294117647072,6.6000000000000005,-0.20000000000000284,2,8,terminal_interaction_mid,0.9787115059240301,0.9745704089608668
1473477,2025,14,7,1,-12.235294117647072,6.827586206896552,-1.259999999999991,2,8,terminal_interaction_mid,0.971187553816593,0.9661285067713775
1473477,2025,15,1,1,-12.235294117647072,6.0,2.740000000000009,2,8,terminal_interaction_mid,0.9863146743155771,0.9837266703922297
1473477,2025,15,2,1,-12.235294117647072,6.0,2.680000000000007,2,8,terminal_interaction_mid,0.986880597269626,0.9843696979306047
1473477,2025,15,3,1,-12.235294117647072,4.888888888888888,7.6200000000000045,2,8,terminal_interaction_mid,0.9963518543804293,0.9953991841655
1473477,2025,15,4,1,-12.235294117647072,5.076923076923077,6.560000000000002,2,8,terminal_interaction_mid,0.9959122994929349,0.994870496417954
1473477,2025,15,5,1,-12.235294117647072,5.04,6.5,2,8,terminal_interaction_mid,0.9959753032978345,0.9949461135823806
1473477,2025,15,6,1,-12.235294117647072,4.75,7.439999999999998,2,8,terminal_interaction_mid,0.9966450712875096,0.9957534235275196
1473478,2025,7,1,1,-52.41176470588235,6.545454545454545,-0.4174999999999969,1,9,terminal_interaction_mid,0.9660657145861968,0.9457457792823888
1473478,2025,7,2,1,-52.41176470588235,6.157894736842106,4.509999999999991,1,9,terminal_interaction_mid,0.9782073457325553,0.9625673260971008
1473478,2025,7,3,1,-52.41176470588235,6.16,4.4375,1,9,terminal_interaction_mid,0.9771791213542388,0.9610893709927658
1473478,2025,7,4,1,-52.41176470588235,6.243243243243244,3.365000000000009,1,9,terminal_interaction_mid,0.9767056030264629,0.9604125897553232
1473478,2025,7,5,1,-52.41176470588235,6.2465753424657535,3.292500000000004,1,9,terminal_interaction_mid,0.977652042772538,0.9617676990236583
1473478,2025,7,6,1,-52.41176470588235,6.25,3.219999999999999,1,9,terminal_interaction_mid,0.9788836742517669,0.9635459337328902
1473478,2025,8,1,1,-52.41176470588235,6.253521126760563,3.1474999999999937,1,9,terminal_interaction_mid,0.9790484638371708,0.966924423160704
1473478,2025,8,2,1,-52.41176470588235,6.257142857142858,3.075000000000003,1,9,terminal_interaction_mid,0.9788866556454192,0.9667031401333226
1473478,2025,8,3,1,-52.41176470588235,6.3478260869565215,2.0024999999999977,1,9,terminal_interaction_mid,0.9790793198279151,0.9669666481053715
1473478,2025,8,4,1,-52.41176470588235,6.088235294117647,4.930000000000007,1,9,terminal_interaction_mid,0.9830791848505093,0.9725204446210649
1473478,2025,8,5,1,-52.41176470588235,6.08955223880597,4.857500000000002,1,9,terminal_interaction_mid,0.9824805213652106,0.971678412163164
1473478,2025,8,6,1,-52.41176470588235,6.181818181818182,3.785000000000011,1,9,terminal_interaction_mid,0.9821257781914672,0.9711813576130911
1473478,2025,9,1,1,-52.41176470588235,6.184615384615384,3.7125000000000057,1,9,terminal_interaction_mid,0.98199289563039,0.9683288983731145
1473478,2025,9,2,1,-52.41176470588235,6.28125,-4.98666666666665,2,8,terminal_interaction_mid,0.965594181322668,0.9455783983724856
1473478,2025,9,3,1,-52.41176470588235,6.2857142857142865,-4.939999999999998,2,8,terminal_interaction_mid,0.9647240955458745,0.9444344314611498
1473478,2025,9,4,1,-52.41176470588235,6.387096774193548,-5.893333333333331,2,8,terminal_interaction_mid,0.9643709712735549,0.9439716029300973
1473478,2025,9,5,1,-52.41176470588235,6.491803278688526,-6.846666666666664,2,8,terminal_interaction_mid,0.9621243663303027,0.9410459818730974
1473478,2025,9,6,1,-52.41176470588235,6.5,-6.799999999999997,2,8,terminal_interaction_mid,0.9638890486487656,0.9433412902272272
1473478,2025,10,1,1,-52.41176470588235,6.610169491525424,-7.75333333333333,2,8,terminal_interaction_mid,0.9627152276577351,0.94979819564347
1473478,2025,10,2,1,-52.41176470588235,6.310344827586206,-4.7066666666666634,2,8,terminal_interaction_mid,0.9760506911212893,0.9660632051030315
1473478,2025,10,3,1,-52.41176470588235,6.315789473684211,-4.659999999999997,2,8,terminal_interaction_mid,0.97544737747953,0.9653069358335107
1473478,2025,10,4,1,-52.41176470588235,6.321428571428571,-4.613333333333344,2,8,terminal_interaction_mid,0.9732342796392006,0.962551544243419
1473478,2025,10,5,1,-52.41176470588235,6.4363636363636365,-5.566666666666663,2,8,terminal_interaction_mid,0.9741944071303626,0.9637434065036647
1473478,2025,10,6,1,-52.41176470588235,6.555555555555555,-6.519999999999982,2,8,terminal_interaction_mid,0.9691524155355729,0.9575402474249955
1473478,2025,11,1,1,-52.41176470588235,6.566037735849056,-6.473333333333343,2,8,terminal_interaction_mid,0.9677988101309327,0.959422922167668
1473478,2025,11,2,1,-52.41176470588235,6.230769230769232,-3.4266666666666623,2,8,terminal_interaction_mid,0.9821689721601149,0.9763120200551817
1473478,2025,11,3,1,-52.41176470588235,6.23529411764706,-3.3799999999999955,2,8,terminal_interaction_mid,0.9826479749158834,0.9768929619419869
1473478,2025,11,4,1,-52.41176470588235,5.88,-0.3333333333333286,2,8,terminal_interaction_mid,0.9854507845516336,0.9803233591288332
1473478,2025,11,5,1,-52.41176470588235,5.510204081632653,2.7133333333333383,2,8,terminal_interaction_mid,0.9889108258742338,0.9846438940888165
1473478,2025,11,6,1,-52.41176470588235,5.5,2.760000000000005,2,8,terminal_interaction_mid,0.9893939310235818,0.9852561103576828
1473478,2025,12,1,1,-52.41176470588235,5.1063829787234045,5.806666666666672,2,8,terminal_interaction_mid,0.995853160703102,0.9937113667478007
1473478,2025,12,2,1,-52.41176470588235,5.217391304347826,4.853333333333325,2,8,terminal_interaction_mid,0.9922849352915786,0.988901474530611
1473478,2025,12,3,1,-52.41176470588235,5.066666666666666,5.900000000000006,2,8,terminal_interaction_mid,0.9964230104314742,0.9945074845806925
1473478,2025,12,4,1,-52.41176470588235,5.181818181818182,4.9466666666666725,2,8,terminal_interaction_mid,0.9934695053299576,0.9904708202226398
1473478,2025,12,5,1,-52.41176470588235,5.302325581395349,3.993333333333325,2,8,terminal_interaction_mid,0.992939466248755,0.9897657680624176
1473478,2025,12,6,1,-52.41176470588235,5.428571428571429,3.0400000000000063,2,8,terminal_interaction_mid,0.9922178919165361,0.9888133186090058
1473478,2025,13,1,1,-52.41176470588235,4.975609756097561,6.086666666666673,2,8,terminal_interaction_mid,0.9972108507745845,0.9961900601518465
1473478,2025,13,2,1,-52.41176470588235,4.949999999999999,6.133333333333326,2,8,terminal_interaction_mid,0.9972541777612836,0.9962460174942183
1473478,2025,13,3,1,-52.41176470588235,4.923076923076923,6.180000000000007,2,8,terminal_interaction_mid,0.9971719187694379,0.996139820324511
1473478,2025,13,4,1,-52.41176470588235,4.421052631578947,9.226666666666674,2,8,terminal_interaction_mid,0.9980714436378113,0.9973118092151053
1473478,2025,13,5,1,-52.41176470588235,3.891891891891892,12.27333333333334,2,8,terminal_interaction_mid,0.9983309960186627,0.997655148613153
1473478,2025,13,6,1,-52.41176470588235,3.833333333333333,12.319999999999993,2,8,terminal_interaction_mid,0.9983884498598155,0.9977315335959601
1473478,2025,14,1,1,-52.41176470588235,3.7714285714285714,12.366666666666674,2,8,terminal_interaction_mid,0.9984357192979962,0.9978703169850691
1473478,2025,14,2,1,-52.41176470588235,3.7058823529411766,12.413333333333341,2,8,terminal_interaction_mid,0.9983344595952262,0.9977393985066593
1473478,2025,14,3,1,-52.41176470588235,2.727272727272727,17.459999999999994,2,8,terminal_interaction_mid,0.9985494389965397,0.9980178458885675
1473478,2025,14,4,1,-52.41176470588235,2.625,17.506666666666675,2,8,terminal_interaction_mid,0.9984960690281979,0.9979485404752959
1473478,2025,14,5,1,-52.41176470588235,2.7096774193548385,12.859166666666681,3,7,terminal_interaction_mid,0.9980999616287076,0.9974376853998118
1473478,2025,14,6,1,-52.41176470588235,2.6,13.025000000000006,3,7,terminal_interaction_mid,0.9963064250596083,0.9951791308233179
1473478,2025,14,7,1,-52.41176470588235,1.4482758620689655,18.19083333333333,3,7,terminal_interaction_mid,0.9977938220240564,0.9970465346941532
1473478,2025,15,1,1,-52.41176470588235,1.2413793103448276,19.19083333333333,3,7,terminal_interaction_mid,0.9979621448655462,0.9973638620309506
1473478,2025,15,2,1,-52.41176470588235,0.42857142857142855,22.35666666666667,3,7,terminal_interaction_mid,0.9982737198724787,0.9977507610976455
1473478,2025,15,3,1,-52.41176470588235,0.4444444444444444,21.522499999999994,3,7,terminal_interaction_mid,0.9983613095060592,0.997860056537581
1473478,2025,15,4,1,-52.41176470588235,-0.46153846153846156,24.688333333333333,3,7,terminal_interaction_mid,0.9980196663897629,0.9974350814087555
1473479,2025,7,1,0,18.294117647058812,9.194805194805195,-11.766666666666652,2,8,terminal_interaction_mid,0.5947269368197634,0.5809269471421402
1473479,2025,7,2,0,18.294117647058812,8.842105263157894,-7.133333333333326,2,8,terminal_interaction_mid,0.6400050383018149,0.6201947331225801
1473479,2025,7,3,0,18.294117647058812,8.96,-8.5,2,8,terminal_interaction_mid,0.6435619475653024,0.623301338867198
1473479,2025,7,4,0,18.294117647058812,8.756756756756756,-5.866666666666646,2,8,terminal_interaction_mid,0.6686714656160555,0.6453433476031155
1473479,2025,7,5,0,18.294117647058812,8.876712328767123,-7.2333333333333485,2,8,terminal_interaction_mid,0.6712478641921168,0.6476169679465777
1473479,2025,7,6,0,18.294117647058812,8.916666666666668,-7.6000000000000085,2,8,terminal_interaction_mid,0.6653256701450062,0.6423942597553268
1473479,2025,8,1,0,18.294117647058812,8.95774647887324,-7.966666666666654,2,8,terminal_interaction_mid,0.6500277073699963,0.6329356516485655
1473479,2025,8,2,0,18.294117647058812,9.085714285714285,-9.333333333333314,2,8,terminal_interaction_mid,0.6517775464733996,0.634504390767482
1473479,2025,8,3,0,18.294117647058812,9.043478260869566,-8.700000000000003,2,8,terminal_interaction_mid,0.6605777268054288,0.6424064021260182
1473479,2025,8,4,0,18.294117647058812,8.823529411764707,-6.066666666666663,2,8,terminal_interaction_mid,0.6903996860391974,0.6693582414436001
1473479,2025,8,5,0,18.294117647058812,8.597014925373134,-3.4333333333333087,2,8,terminal_interaction_mid,0.7167822813598206,0.6934634880560048
1473479,2025,8,6,0,18.294117647058812,8.727272727272727,-4.799999999999983,2,8,terminal_interaction_mid,0.7083616961869519,0.685740004798055
1473479,2025,9,1,0,18.294117647058812,8.861538461538462,-17.270833333333343,3,7,terminal_interaction_mid,0.5895234153609599,0.5808487184385022
1473479,2025,9,2,0,18.294117647058812,8.90625,-17.46666666666667,3,7,terminal_interaction_mid,0.5797108523344694,0.5724567568893302
1473479,2025,9,3,0,18.294117647058812,8.952380952380953,-17.662500000000023,3,7,terminal_interaction_mid,0.5780465753870496,0.5710346867425153
1473479,2025,9,4,0,18.294117647058812,9.096774193548388,-18.85833333333332,3,7,terminal_interaction_mid,0.544744899901143,0.5426391725650693
1473479,2025,9,5,0,18.294117647058812,9.245901639344261,-20.054166666666703,3,7,terminal_interaction_mid,0.5150582524740077,0.5173827960252484
1473479,2025,9,6,0,18.294117647058812,9.3,-20.25,3,7,terminal_interaction_mid,0.5142758450214716,0.5167173895825996
1473479,2025,10,1,0,18.294117647058812,9.457627118644067,-21.445833333333354,3,7,terminal_interaction_mid,0.520673973554006,0.5260020010049454
1473479,2025,10,2,0,18.294117647058812,9.413793103448276,-20.64166666666665,3,7,terminal_interaction_mid,0.5242916871007659,0.5292369192291643
1473479,2025,10,3,0,18.294117647058812,9.368421052631579,-19.837500000000006,3,7,terminal_interaction_mid,0.5408725391874469,0.5440621083757388
1473479,2025,10,4,0,18.294117647058812,9.428571428571429,-20.03333333333333,3,7,terminal_interaction_mid,0.5367164082885058,0.5403460395060328
1473479,2025,10,5,0,18.294117647058812,9.49090909090909,-20.229166666666686,3,7,terminal_interaction_mid,0.5360761242681934,0.5397735596739659
1473479,2025,10,6,0,18.294117647058812,9.555555555555555,-20.42500000000001,3,7,terminal_interaction_mid,0.5240636433799115,0.5290330110467641
1473479,2025,11,1,0,18.294117647058812,9.622641509433963,-20.620833333333337,3,7,terminal_interaction_mid,0.534136103984691,0.5416719730724191
1473479,2025,11,2,0,18.294117647058812,9.692307692307693,-20.816666666666663,3,7,terminal_interaction_mid,0.5385983409369828,0.5457553804503825
1473479,2025,11,3,0,18.294117647058812,9.882352941176471,-22.01249999999999,3,7,terminal_interaction_mid,0.5277048143694238,0.5357855988851525
1473479,2025,11,4,0,18.294117647058812,9.600000000000001,-19.208333333333314,3,7,terminal_interaction_mid,0.5549797894604166,0.5607426572452257
1473479,2025,11,5,0,18.294117647058812,9.673469387755102,-19.40416666666667,3,7,terminal_interaction_mid,0.550736605302123,0.55686094727598
1473479,2025,11,6,0,18.294117647058812,9.75,-19.599999999999994,3,7,terminal_interaction_mid,0.5534226648392415,0.5593181993248423
1473479,2025,12,1,0,18.294117647058812,9.829787234042554,-19.79583333333332,3,7,terminal_interaction_mid,0.5589860272164217,0.5624228327031716
1473479,2025,12,2,0,18.294117647058812,10.043478260869566,-20.991666666666674,3,7,terminal_interaction_mid,0.523140280286177,0.5295881360565368
1473479,2025,12,3,0,18.294117647058812,10.133333333333333,-21.1875,3,7,terminal_interaction_mid,0.5192312951008031,0.5260061865870627
1473479,2025,12,4,0,18.294117647058812,10.363636363636363,-22.383333333333354,3,7,terminal_interaction_mid,0.5168330421093822,0.5238083249168175
1473479,2025,12,5,0,18.294117647058812,10.465116279069768,-22.57916666666668,3,7,terminal_interaction_mid,0.5134843091275371,0.5207390451727502
1473479,2025,12,6,0,18.294117647058812,10.571428571428571,-22.775000000000006,3,7,terminal_interaction_mid,0.5060184585572982,0.5138945161353798
1473479,2025,13,1,0,18.294117647058812,10.829268292682928,-23.97083333333333,3,7,terminal_interaction_mid,0.48621829917271103,0.4880513111207208
1473479,2025,13,2,0,18.294117647058812,11.100000000000001,-25.166666666666686,3,7,terminal_interaction_mid,0.47626120778330866,0.4786286969033306
1473479,2025,13,3,0,18.294117647058812,11.076923076923077,-24.362499999999983,3,7,terminal_interaction_mid,0.4794528488298472,0.4816492675608663
1473479,2025,13,4,0,18.294117647058812,11.368421052631579,-32.05000000000001,4,6,terminal_interaction_mid,0.3532189264357234,0.36171806236317705
1473479,2025,13,5,0,18.294117647058812,11.513513513513512,-32.07499999999999,4,6,terminal_interaction_mid,0.3613438932984418,0.36948177392460246
1473479,2025,13,6,0,18.294117647058812,11.666666666666666,-32.10000000000002,4,6,terminal_interaction_mid,0.3646640397599671,0.37265188189142723
1473479,2025,13,7,0,18.294117647058812,11.314285714285713,-29.125,4,6,terminal_interaction_mid,0.40171026480504957,0.4079402693192824
1473479,2025,14,1,0,18.294117647058812,11.314285714285713,-29.125,4,6,terminal_interaction_mid,0.4058228356156568,0.4109996315247409
1473479,2025,14,2,0,18.294117647058812,11.470588235294118,-29.150000000000006,4,6,terminal_interaction_mid,0.40567754535983724,0.4108608177763247
1473479,2025,14,3,0,18.294117647058812,11.636363636363637,-29.174999999999983,4,6,terminal_interaction_mid,0.39933734840550705,0.4048016637076344
1473479,2025,14,4,0,18.294117647058812,12.0,-30.19999999999999,4,6,terminal_interaction_mid,0.37774297802699797,0.3841390822385844
1473479,2025,14,5,0,18.294117647058812,12.387096774193548,-31.224999999999994,4,6,terminal_interaction_mid,0.37190270346001747,0.37854332689941056
1473479,2025,14,6,0,18.294117647058812,11.6,-26.25,4,6,terminal_interaction_mid,0.45812197845607017,0.4608827596577587
1473479,2025,15,1,0,18.294117647058812,12.0,-27.275000000000006,4,6,terminal_interaction_mid,0.43247115030073136,0.4372137049952742
1473479,2025,15,2,0,18.294117647058812,12.214285714285714,-27.30000000000001,4,6,terminal_interaction_mid,0.4268439066725299,0.4318133163190497
1473479,2025,15,3,0,18.294117647058812,11.333333333333332,-22.32499999999999,4,6,terminal_interaction_mid,0.5290077161343536,0.5296702096216155
1473479,2025,15,4,0,18.294117647058812,11.538461538461538,-22.349999999999994,4,6,terminal_interaction_mid,0.5250161704311416,0.5258504912878373
1473479,2025,15,5,0,18.294117647058812,11.52,-21.375,4,6,terminal_interaction_mid,0.5255034751846104,0.5263168160085859
1473479,2025,15,6,0,18.294117647058812,11.5,-20.400000000000006,4,6,terminal_interaction_mid,0.5341495363614419,0.5345908015411023
1473480,2025,7,1,1,-10.032258064516128,8.727272727272727,-31.94666666666666,2,8,terminal_interaction_mid,0.5666390702703432,0.5567694536227009
1473480,2025,7,2,1,-10.032258064516128,8.526315789473685,-28.97333333333333,2,8,terminal_interaction_mid,0.6481034735892168,0.6272732888668753
1473480,2025,7,3,1,-10.032258064516128,8.56,-29.0,2,8,terminal_interaction_mid,0.6634719473290287,0.640762005460733
1473480,2025,7,4,1,-10.032258064516128,8.35135135135135,-26.026666666666657,2,8,terminal_interaction_mid,0.6984558785986287,0.6717833017457182
1473480,2025,7,5,1,-10.032258064516128,8.465753424657535,-27.05333333333334,2,8,terminal_interaction_mid,0.6884985366487496,0.6629045047239959
1473480,2025,7,6,1,-10.032258064516128,8.416666666666666,-26.08,2,8,terminal_interaction_mid,0.6947158161079459,0.6684433991436606
1473480,2025,8,1,1,-10.032258064516128,8.535211267605634,-36.21833333333335,3,7,terminal_interaction_mid,0.5289150780867454,0.5257434221554118
1473480,2025,8,2,1,-10.032258064516128,8.657142857142857,-37.116666666666674,3,7,terminal_interaction_mid,0.5349968621798594,0.5310854908193579
1473480,2025,8,3,1,-10.032258064516128,8.782608695652174,-38.015,3,7,terminal_interaction_mid,0.5336750716242749,0.5299243082999706
1473480,2025,8,4,1,-10.032258064516128,8.911764705882353,-38.91333333333334,3,7,terminal_interaction_mid,0.5258943197866338,0.5230907083582025
1473480,2025,8,5,1,-10.032258064516128,9.044776119402984,-39.81166666666667,3,7,terminal_interaction_mid,0.5186673904700624,0.5167456809355482
1473480,2025,8,6,1,-10.032258064516128,9.09090909090909,-39.709999999999994,3,7,terminal_interaction_mid,0.5096587185790934,0.5088383091945944
1473480,2025,9,1,1,-10.032258064516128,9.138461538461538,-39.608333333333334,3,7,terminal_interaction_mid,0.5192339363029626,0.5209340902821208
1473480,2025,9,2,1,-10.032258064516128,8.90625,-36.506666666666675,3,7,terminal_interaction_mid,0.5806552457292241,0.5732638656682241
1473480,2025,9,3,1,-10.032258064516128,8.952380952380953,-36.405000000000015,3,7,terminal_interaction_mid,0.5781357543630434,0.5711108785067747
1473480,2025,9,4,1,-10.032258064516128,8.516129032258064,-31.303333333333327,3,7,terminal_interaction_mid,0.6914094120518196,0.6692047698317056
1473480,2025,9,5,1,-10.032258064516128,8.557377049180328,-31.201666666666682,3,7,terminal_interaction_mid,0.6831274837315922,0.6619079648960642
1473480,2025,9,6,1,-10.032258064516128,8.6,-31.10000000000001,3,7,terminal_interaction_mid,0.6889579007459377,0.6670421301219244
1473480,2025,10,1,1,-10.032258064516128,8.64406779661017,-30.998333333333335,3,7,terminal_interaction_mid,0.7009102058684293,0.6883349471210485
1473480,2025,10,2,1,-10.032258064516128,8.689655172413794,-30.89666666666666,3,7,terminal_interaction_mid,0.6790310286982761,0.6683572451170643
1473480,2025,10,3,1,-10.032258064516128,8.631578947368421,-29.795,3,7,terminal_interaction_mid,0.7051872006298003,0.692255336405516
1473480,2025,10,4,1,-10.032258064516128,8.785714285714285,-30.693333333333328,3,7,terminal_interaction_mid,0.681737783495076,0.6708221850470105
1473480,2025,10,5,1,-10.032258064516128,8.836363636363636,-30.59166666666667,3,7,terminal_interaction_mid,0.679893449595841,0.6691424293083442
1473480,2025,10,6,1,-10.032258064516128,8.333333333333332,-25.49000000000001,3,7,terminal_interaction_mid,0.7449759503170701,0.7290072339434771
1473480,2025,11,1,1,-10.032258064516128,8.377358490566037,-25.38833333333335,3,7,terminal_interaction_mid,0.7550662415014148,0.7454163175468784
1473480,2025,11,2,1,-10.032258064516128,8.423076923076923,-25.28666666666666,3,7,terminal_interaction_mid,0.7456060541229572,0.7365254592106776
1473480,2025,11,3,1,-10.032258064516128,8.470588235294118,-25.185000000000002,3,7,terminal_interaction_mid,0.7625913593261456,0.7525079559096137
1473480,2025,11,4,1,-10.032258064516128,8.52,-25.08333333333333,3,7,terminal_interaction_mid,0.7489151081754184,0.7396323874817109
1473480,2025,11,5,1,-10.032258064516128,7.959183673469387,-19.981666666666655,3,7,terminal_interaction_mid,0.8267790564679174,0.8138617176399864
1473480,2025,11,6,1,-10.032258064516128,8.125,-27.040000000000006,4,6,terminal_interaction_mid,0.7325696089365681,0.7243147737275922
1473480,2025,12,1,1,-10.032258064516128,8.170212765957446,-26.810000000000002,4,6,terminal_interaction_mid,0.7310697792686935,0.7213328395107206
1473480,2025,12,2,1,-10.032258064516128,8.347826086956522,-27.58,4,6,terminal_interaction_mid,0.7212404248838411,0.7121246577066741
1473480,2025,12,3,1,-10.032258064516128,8.533333333333333,-28.35000000000001,4,6,terminal_interaction_mid,0.7150691594365182,0.7063557356765524
1473480,2025,12,4,1,-10.032258064516128,8.454545454545455,-27.120000000000005,4,6,terminal_interaction_mid,0.7156834205554305,0.7069295393199672
1473480,2025,12,5,1,-10.032258064516128,8.511627906976745,-26.89,4,6,terminal_interaction_mid,0.7149472010128181,0.7062418204849393
1473480,2025,12,6,1,-10.032258064516128,8.714285714285714,-27.66000000000001,4,6,terminal_interaction_mid,0.7142155407189456,0.7055584871201356
1473480,2025,12,7,1,-10.032258064516128,8.926829268292682,-28.430000000000007,4,6,terminal_interaction_mid,0.7001819301104465,0.6924752502315581
1473480,2025,12,8,1,-10.032258064516128,9.149999999999999,-29.200000000000003,4,6,terminal_interaction_mid,0.6903482432625739,0.6833323492773999
1473480,2025,13,1,1,-10.032258064516128,8.195121951219512,-23.430000000000007,4,6,terminal_interaction_mid,0.7672837887617978,0.7563954569397446
1473480,2025,13,2,1,-10.032258064516128,8.399999999999999,-24.200000000000003,4,6,terminal_interaction_mid,0.7643334359274765,0.7535163537171151
1473480,2025,13,3,1,-10.032258064516128,8.307692307692307,-22.969999999999985,4,6,terminal_interaction_mid,0.7721391487672259,0.7611387064652257
1473480,2025,13,4,1,-10.032258064516128,7.894736842105264,-19.74000000000001,4,6,terminal_interaction_mid,0.8386209045016719,0.8268453069579814
1473480,2025,13,5,1,-10.032258064516128,7.945945945945946,-19.50999999999999,4,6,terminal_interaction_mid,0.8388592436640232,0.8270838525977584
1473480,2025,13,6,1,-10.032258064516128,8.166666666666668,-24.900000000000006,5,5,terminal_interaction_mid,0.716710760848239,0.7073351173348625
1473480,2025,13,7,1,-10.032258064516128,8.399999999999999,-25.541666666666657,5,5,terminal_interaction_mid,0.6987245413417271,0.6900166879311321
1473480,2025,14,1,1,-10.032258064516128,8.399999999999999,-25.541666666666657,5,5,terminal_interaction_mid,0.7024736176188175,0.6943618630104559
1473480,2025,14,2,1,-10.032258064516128,7.9411764705882355,-22.183333333333337,5,5,terminal_interaction_mid,0.7454615142318862,0.7360671430737059
1473480,2025,14,3,1,-10.032258064516128,8.181818181818182,-22.825000000000017,5,5,terminal_interaction_mid,0.737313995416691,0.7281354662900412
1473480,2025,14,4,1,-10.032258064516128,8.0625,-21.46666666666667,5,5,terminal_interaction_mid,0.7447445314142487,0.7353685957719983
1473480,2025,14,5,1,-10.032258064516128,8.129032258064516,-21.10833333333335,5,5,terminal_interaction_mid,0.7476298971379025,0.7381804415167098
1473480,2025,14,6,1,-10.032258064516128,8.2,-20.75,5,5,terminal_interaction_mid,0.7446051550269732,0.7352328158261136
1473480,2025,14,7,1,-10.032258064516128,8.482758620689655,-21.39166666666665,5,5,terminal_interaction_mid,0.7198888049029992,0.711216253272324
1473480,2025,15,1,1,-10.032258064516128,8.275862068965518,-20.39166666666665,5,5,terminal_interaction_mid,0.7333686328079412,0.7263191034047615
1473480,2025,15,2,1,-10.032258064516128,8.142857142857142,-19.03333333333333,5,5,terminal_interaction_mid,0.7646754125661938,0.7568673418908156
1473480,2025,15,3,1,-10.032258064516128,8.444444444444445,-19.674999999999983,5,5,terminal_interaction_mid,0.7606147896749277,0.7528946046783133
1473480,2025,15,4,1,-10.032258064516128,7.846153846153847,-16.316666666666663,5,5,terminal_interaction_mid,0.8412906026393723,0.8325721871267181
1473480,2025,15,5,1,-10.032258064516128,7.68,-14.958333333333343,5,5,terminal_interaction_mid,0.8530302682587565,0.844327136521142
1473480,2025,15,6,1,-10.032258064516128,7.75,-14.599999999999994,5,5,terminal_interaction_mid,0.8467900707306342,0.8380726534285229
1473480,2025,15,7,1,-10.032258064516128,7.826086956521739,-14.241666666666674,5,5,terminal_interaction_mid,0.8474229746062099,0.8387063592293436
1473480,2025,15,8,1,-10.032258064516128,7.636363636363637,-12.883333333333326,5,5,terminal_interaction_mid,0.8576922017234292,0.8490092542754151
1473482,2025,7,1,0,38.571428571428584,11.532467532467532,-50.42916666666666,3,7,terminal_interaction_mid,0.1965659364905591,0.23095395878171254
1473482,2025,7,2,0,38.571428571428584,11.605263157894736,-50.68333333333332,3,7,terminal_interaction_mid,0.1984263259951336,0.2327387956268845
1473482,2025,7,3,0,38.571428571428584,11.6,-49.9375,3,7,terminal_interaction_mid,0.22093396046381183,0.25410118760753675
1473482,2025,7,4,0,38.571428571428584,11.675675675675677,-50.19166666666668,3,7,terminal_interaction_mid,0.2129063542335754,0.24652918150170222
1473482,2025,7,5,0,38.571428571428584,11.753424657534246,-50.44583333333334,3,7,terminal_interaction_mid,0.20976780819512614,0.24355492743047993
1473482,2025,7,6,0,38.571428571428584,11.916666666666668,-51.70000000000002,3,7,terminal_interaction_mid,0.20577311958203992,0.2397576952314601
1473482,2025,8,1,0,38.571428571428584,11.746478873239436,-48.95416666666668,3,7,terminal_interaction_mid,0.224666648352301,0.25244114787364
1473482,2025,8,2,0,38.571428571428584,11.571428571428571,-46.20833333333333,3,7,terminal_interaction_mid,0.19377019917680863,0.22274045846349896
1473482,2025,8,3,0,38.571428571428584,11.73913043478261,-47.462500000000006,3,7,terminal_interaction_mid,0.1947451549696243,0.22368830615535396
1473482,2025,8,4,0,38.571428571428584,11.823529411764707,-47.71666666666667,3,7,terminal_interaction_mid,0.190942525472458,0.21998717741330862
1473482,2025,8,5,0,38.571428571428584,11.91044776119403,-47.97083333333333,3,7,terminal_interaction_mid,0.18740373363624646,0.2165324701779004
1473482,2025,8,6,0,38.571428571428584,12.09090909090909,-49.224999999999994,3,7,terminal_interaction_mid,0.2102919882680666,0.23870626502630274
1473482,2025,9,1,0,38.571428571428584,11.723076923076922,-44.47916666666666,3,7,terminal_interaction_mid,0.22012249261886724,0.25772720929049814
1473482,2025,9,2,0,38.571428571428584,11.34375,-39.73333333333335,3,7,terminal_interaction_mid,0.261361559530696,0.29618915317218053
1473482,2025,9,3,0,38.571428571428584,11.428571428571427,-39.98750000000001,3,7,terminal_interaction_mid,0.26599661574186284,0.3004404142635963
1473482,2025,9,4,0,38.571428571428584,11.516129032258064,-40.241666666666674,3,7,terminal_interaction_mid,0.27235609237161135,0.3062523191500376
1473482,2025,9,5,0,38.571428571428584,11.311475409836067,-37.495833333333366,3,7,terminal_interaction_mid,0.30907594651082176,0.33938158203034186
1473482,2025,9,6,0,38.571428571428584,11.3,-36.75,3,7,terminal_interaction_mid,0.3127140203402586,0.3426279804261163
1473482,2025,10,1,0,38.571428571428584,11.491525423728813,-38.00416666666666,3,7,terminal_interaction_mid,0.3122470958243353,0.336981867091325
1473482,2025,10,2,0,38.571428571428584,11.586206896551724,-38.258333333333326,3,7,terminal_interaction_mid,0.31083251624793734,0.33566414006814965
1473482,2025,10,3,0,38.571428571428584,11.789473684210526,-39.51249999999999,3,7,terminal_interaction_mid,0.29059349596116374,0.316727489996719
1473482,2025,10,4,0,38.571428571428584,12.0,-40.76666666666668,3,7,terminal_interaction_mid,0.2868104437718565,0.3131696859729611
1473482,2025,10,5,0,38.571428571428584,11.781818181818181,-38.02083333333334,3,7,terminal_interaction_mid,0.32504965734694924,0.3488756058519302
1473482,2025,10,6,0,38.571428571428584,11.88888888888889,-38.275000000000006,3,7,terminal_interaction_mid,0.31927541521129776,0.34351833301757556
1473482,2025,11,1,0,38.571428571428584,12.0,-38.5291666666667,3,7,terminal_interaction_mid,0.32118330753902796,0.3441625620511821
1473482,2025,11,2,0,38.571428571428584,12.23076923076923,-49.099999999999994,4,6,terminal_interaction_mid,0.21609974342502092,0.24226313253403758
1473482,2025,11,3,0,38.571428571428584,12.47058823529412,-50.17500000000001,4,6,terminal_interaction_mid,0.22879239562382142,0.2548358847843479
1473482,2025,11,4,0,38.571428571428584,12.72,-51.25,4,6,terminal_interaction_mid,0.2229695168880627,0.249078749710724
1473482,2025,11,5,0,38.571428571428584,12.857142857142858,-51.32499999999999,4,6,terminal_interaction_mid,0.21817243116989432,0.2443222041539475
1473482,2025,11,6,0,38.571428571428584,13.0,-51.400000000000006,4,6,terminal_interaction_mid,0.2202221019579713,0.24635608350638502
1473482,2025,12,1,0,38.571428571428584,13.148936170212766,-51.474999999999994,4,6,terminal_interaction_mid,0.19187446660104396,0.2165666273948157
1473482,2025,12,2,0,38.571428571428584,12.913043478260867,-48.55000000000001,4,6,terminal_interaction_mid,0.21800331124971106,0.2425973827515796
1473482,2025,12,3,0,38.571428571428584,13.200000000000001,-49.625,4,6,terminal_interaction_mid,0.21555325331611985,0.24017285261091867
1473482,2025,12,4,0,38.571428571428584,13.227272727272727,-48.70000000000002,4,6,terminal_interaction_mid,0.2102464313366385,0.23491015972183463
1473482,2025,12,5,0,38.571428571428584,13.534883720930232,-49.775000000000006,4,6,terminal_interaction_mid,0.19011164310650275,0.2147958515422266
1473482,2025,12,6,0,38.571428571428584,13.285714285714286,-46.849999999999994,4,6,terminal_interaction_mid,0.2218838266324977,0.24643095407503346
1473482,2025,13,1,0,38.571428571428584,13.463414634146343,-46.92500000000001,4,6,terminal_interaction_mid,0.21439935726070264,0.22720350163491082
1473482,2025,13,2,0,38.571428571428584,13.5,-46.0,4,6,terminal_interaction_mid,0.23594940261642477,0.2483843881820342
1473482,2025,13,3,0,38.571428571428584,13.538461538461538,-45.07499999999999,4,6,terminal_interaction_mid,0.24084136671418488,0.25317362888629225
1473482,2025,13,4,0,38.571428571428584,13.263157894736842,-42.150000000000006,4,6,terminal_interaction_mid,0.26554481402998176,0.2772618267803813
1473482,2025,13,5,0,38.571428571428584,13.45945945945946,-42.224999999999994,4,6,terminal_interaction_mid,0.25838032226254026,0.2702916247544386
1473482,2025,13,6,0,38.571428571428584,13.666666666666666,-42.30000000000001,4,6,terminal_interaction_mid,0.24908145989858954,0.2612259381182874
1473482,2025,13,7,0,38.571428571428584,14.057142857142857,-43.375,4,6,terminal_interaction_mid,0.22844690111270022,0.24102621097817878
1473482,2025,14,1,0,38.571428571428584,13.885714285714286,-42.375,4,6,terminal_interaction_mid,0.24429545596665742,0.25508019231185247
1473482,2025,14,2,0,38.571428571428584,14.294117647058822,-49.541666666666686,5,5,terminal_interaction_mid,0.11000149128376757,0.12060740928937243
1473482,2025,14,3,0,38.571428571428584,14.545454545454547,-49.4375,5,5,terminal_interaction_mid,0.11292213858304256,0.12361601460116452
1473482,2025,14,4,0,38.571428571428584,14.8125,-49.33333333333334,5,5,terminal_interaction_mid,0.10791616264002322,0.11845610543615005
1473482,2025,14,5,0,38.571428571428584,15.096774193548388,-49.22916666666666,5,5,terminal_interaction_mid,0.0962232795849905,0.10634164333475092
1473482,2025,14,6,0,38.571428571428584,15.2,-48.125,5,5,terminal_interaction_mid,0.10322009314876962,0.11360148463467173
1473482,2025,15,1,0,38.571428571428584,15.517241379310345,-48.02083333333334,5,5,terminal_interaction_mid,0.09561676411248099,0.10499731337407694
1473482,2025,15,2,0,38.571428571428584,16.07142857142857,-53.93333333333334,6,4,terminal_interaction_mid,0.04817660686920126,0.05479000131844497
1473482,2025,15,3,0,38.571428571428584,16.666666666666664,-54.650000000000006,6,4,terminal_interaction_mid,0.03537895225553325,0.04084782979558785
1473482,2025,15,4,0,38.571428571428584,17.076923076923077,-54.366666666666674,6,4,terminal_interaction_mid,0.024743789239199863,0.029060116486971314
1473482,2025,15,5,0,38.571428571428584,17.759999999999998,-59.5625,7,3,terminal_interaction_mid,0.01876687365028423,0.022327221344400176
1473482,2025,15,6,0,38.571428571428584,18.5,-64.4,8,2,terminal_interaction_mid,0.00836567503859175,0.010325466638818732
1473483,2025,7,1,1,-37.41176470588235,8.96103896103896,-41.234999999999985,3,7,terminal_interaction_mid,0.33630611639081265,0.3586358844188813
1473483,2025,7,2,1,-37.41176470588235,9.078947368421051,-42.17999999999999,3,7,terminal_interaction_mid,0.3179241399713788,0.34240256204810404
1473483,2025,7,3,1,-37.41176470588235,9.200000000000001,-43.125,3,7,terminal_interaction_mid,0.3062457078177927,0.33202206313511834
1473483,2025,7,4,1,-37.41176470588235,9.324324324324323,-44.07000000000001,3,7,terminal_interaction_mid,0.2971067051492683,0.3238588161475578
1473483,2025,7,5,1,-37.41176470588235,9.45205479452055,-45.015000000000015,3,7,terminal_interaction_mid,0.28901243481258754,0.31659742843155425
1473483,2025,7,6,1,-37.41176470588235,9.416666666666666,-43.96000000000001,3,7,terminal_interaction_mid,0.2981957532785758,0.3248335156642251
1473483,2025,8,1,1,-37.41176470588235,9.464788732394366,-43.905000000000015,3,7,terminal_interaction_mid,0.29926120759956176,0.3218581574077886
1473483,2025,8,2,1,-37.41176470588235,9.514285714285714,-43.849999999999994,3,7,terminal_interaction_mid,0.29754634386849244,0.3202911509577503
1473483,2025,8,3,1,-37.41176470588235,9.565217391304348,-43.795,3,7,terminal_interaction_mid,0.29244726622545214,0.31562487023511254
1473483,2025,8,4,1,-37.41176470588235,9.617647058823529,-43.74000000000001,3,7,terminal_interaction_mid,0.29373384664349794,0.3168032281903619
1473483,2025,8,5,1,-37.41176470588235,9.671641791044776,-43.68499999999999,3,7,terminal_interaction_mid,0.29702060466145586,0.31981051164889596
1473483,2025,8,6,1,-37.41176470588235,9.727272727272727,-43.629999999999995,3,7,terminal_interaction_mid,0.29707725978586763,0.31986231189403613
1473483,2025,9,1,1,-37.41176470588235,9.692307692307693,-42.575,3,7,terminal_interaction_mid,0.3061335116812881,0.33675154070389224
1473483,2025,9,2,1,-37.41176470588235,9.75,-42.52000000000001,3,7,terminal_interaction_mid,0.30103074708226085,0.3321809757046833
1473483,2025,9,3,1,-37.41176470588235,9.904761904761905,-43.465,3,7,terminal_interaction_mid,0.2789647408304683,0.31226717482562044
1473483,2025,9,4,1,-37.41176470588235,10.064516129032258,-44.41,3,7,terminal_interaction_mid,0.26933743663047965,0.3034965549777974
1473483,2025,9,5,1,-37.41176470588235,9.836065573770492,-41.35500000000002,3,7,terminal_interaction_mid,0.3058555177975335,0.33650285489623616
1473483,2025,9,6,1,-37.41176470588235,9.899999999999999,-41.3,3,7,terminal_interaction_mid,0.3017793429732989,0.33285226663897366
1473483,2025,10,1,1,-37.41176470588235,9.966101694915254,-41.245000000000005,3,7,terminal_interaction_mid,0.30189109251321683,0.32731770550854383
1473483,2025,10,2,1,-37.41176470588235,9.517241379310345,-36.19,3,7,terminal_interaction_mid,0.3695576564086544,0.38982341040220275
1473483,2025,10,3,1,-37.41176470588235,9.68421052631579,-37.13499999999999,3,7,terminal_interaction_mid,0.35862561136467674,0.3798179018159554
1473483,2025,10,4,1,-37.41176470588235,9.75,-37.08,3,7,terminal_interaction_mid,0.3608090330906115,0.3818187662714341
1473483,2025,10,5,1,-37.41176470588235,9.927272727272728,-38.025000000000006,3,7,terminal_interaction_mid,0.3618101639875462,0.3827357677793554
1473483,2025,10,6,1,-37.41176470588235,10.0,-37.97000000000001,3,7,terminal_interaction_mid,0.3595077144738146,0.3806264052674301
1473483,2025,11,1,1,-37.41176470588235,9.962264150943398,-36.915000000000006,3,7,terminal_interaction_mid,0.3697609128622425,0.38995608912600743
1473483,2025,11,2,1,-37.41176470588235,10.038461538461538,-36.86,3,7,terminal_interaction_mid,0.36992347738709574,0.39010830700118726
1473483,2025,11,3,1,-37.41176470588235,10.117647058823529,-36.80500000000001,3,7,terminal_interaction_mid,0.36049676435886685,0.3812710950930189
1473483,2025,11,4,1,-37.41176470588235,10.2,-36.749999999999986,3,7,terminal_interaction_mid,0.3549085555984725,0.3760219729912887
1473483,2025,11,5,1,-37.41176470588235,10.408163265306122,-37.69499999999999,3,7,terminal_interaction_mid,0.34278341013259284,0.36460454242377727
1473483,2025,11,6,1,-37.41176470588235,10.625,-38.64,3,7,terminal_interaction_mid,0.33647612562475027,0.3586495008611673
1473483,2025,12,1,1,-37.41176470588235,10.72340425531915,-38.584999999999994,3,7,terminal_interaction_mid,0.322265063954891,0.3433117838399258
1473483,2025,12,2,1,-37.41176470588235,10.956521739130434,-39.53,3,7,terminal_interaction_mid,0.30142555240075986,0.3235081669912016
1473483,2025,12,3,1,-37.41176470588235,10.4,-34.47500000000001,3,7,terminal_interaction_mid,0.3662135591174438,0.3846738450244943
1473483,2025,12,4,1,-37.41176470588235,9.818181818181818,-29.420000000000016,3,7,terminal_interaction_mid,0.47985286248634024,0.4898815438670175
1473483,2025,12,5,1,-37.41176470588235,10.046511627906977,-30.36500000000001,3,7,terminal_interaction_mid,0.42580004221912937,0.44007812985693473
1473483,2025,12,6,1,-37.41176470588235,10.0,-29.310000000000002,3,7,terminal_interaction_mid,0.4734325964755913,0.4839819103356165
1473483,2025,13,1,1,-37.41176470588235,9.951219512195122,-28.25500000000001,3,7,terminal_interaction_mid,0.4830338243504301,0.4850380127552412
1473483,2025,13,2,1,-37.41176470588235,10.05,-28.200000000000003,3,7,terminal_interaction_mid,0.4734943185235734,0.4760098922347474
1473483,2025,13,3,1,-37.41176470588235,9.384615384615385,-23.144999999999996,3,7,terminal_interaction_mid,0.5639833514611741,0.561639486515849
1473483,2025,13,4,1,-37.41176470588235,9.473684210526315,-23.090000000000003,3,7,terminal_interaction_mid,0.5642904252004237,0.5619303394548222
1473483,2025,13,5,1,-37.41176470588235,9.567567567567567,-23.034999999999997,3,7,terminal_interaction_mid,0.5635388980406011,0.5612185181003305
1473483,2025,13,6,1,-37.41176470588235,9.666666666666668,-22.980000000000004,3,7,terminal_interaction_mid,0.5534004776295853,0.5516179948100314
1473483,2025,14,1,1,-37.41176470588235,9.771428571428572,-22.92500000000001,3,7,terminal_interaction_mid,0.5637549721386181,0.5614445272357419
1473483,2025,14,2,1,-37.41176470588235,9.882352941176471,-22.870000000000005,3,7,terminal_interaction_mid,0.5562580495252782,0.5543025943388088
1473483,2025,14,3,1,-37.41176470588235,10.0,-22.814999999999998,3,7,terminal_interaction_mid,0.5493837210027129,0.5477555284609108
1473483,2025,14,4,1,-37.41176470588235,10.125,-22.75999999999999,3,7,terminal_interaction_mid,0.5422192824088443,0.540933683007508
1473483,2025,14,5,1,-37.41176470588235,10.451612903225806,-23.704999999999984,3,7,terminal_interaction_mid,0.5010144556954691,0.5017159658267383
1473483,2025,14,6,1,-37.41176470588235,10.6,-23.650000000000006,3,7,terminal_interaction_mid,0.49917204357996703,0.4999625917977273
1473483,2025,14,7,1,-37.41176470588235,10.137931034482758,-20.595,3,7,terminal_interaction_mid,0.5720436560438749,0.5693434199121128
1473483,2025,15,1,1,-37.41176470588235,9.931034482758621,-19.595,3,7,terminal_interaction_mid,0.5861491515065763,0.5843802408564516
1473483,2025,15,2,1,-37.41176470588235,10.071428571428571,-19.539999999999992,3,7,terminal_interaction_mid,0.5735803373491439,0.5723386912890991
1473483,2025,15,3,1,-37.41176470588235,9.555555555555555,-16.485000000000014,3,7,terminal_interaction_mid,0.6342116340371425,0.6305006326670529
1473483,2025,15,4,1,-37.41176470588235,9.461538461538462,-15.430000000000007,3,7,terminal_interaction_mid,0.6586972065371484,0.6540602444945265
1473483,2025,15,5,1,-37.41176470588235,9.600000000000001,-15.375,3,7,terminal_interaction_mid,0.6540306464110417,0.649566060618368
1473483,2025,15,6,1,-37.41176470588235,9.5,-14.319999999999993,3,7,terminal_interaction_mid,0.6637577801880891,0.6589362620560898
1473484,2025,7,1,1,30.0,9.272727272727273,16.10833333333335,0,10,terminal_interaction_mid,0.8598706371726665,0.8246355884398582
1473484,2025,7,2,1,30.0,9.078947368421051,18.36666666666666,0,10,terminal_interaction_mid,0.8778133809487303,0.8432605663445135
1473484,2025,7,3,1,30.0,8.879999999999999,20.625,0,10,terminal_interaction_mid,0.8965560712386451,0.8632915670679314
1473484,2025,7,4,1,30.0,8.837837837837839,20.88333333333334,0,10,terminal_interaction_mid,0.8961511814206126,0.862851828371701
1473484,2025,7,5,1,30.0,8.876712328767123,20.14166666666665,0,10,terminal_interaction_mid,0.8976401929011002,0.8644706368615229
1473484,2025,7,6,1,30.0,8.5,24.39999999999999,0,10,terminal_interaction_mid,0.9307532600309139,0.9018130585405848
1473484,2025,8,1,1,30.0,8.535211267605634,23.65833333333333,0,10,terminal_interaction_mid,0.9283503493357875,0.9046130121340775
1473484,2025,8,2,1,30.0,8.657142857142857,21.91666666666667,0,10,terminal_interaction_mid,0.9158882824543584,0.8906085150012545
1473484,2025,8,3,1,30.0,8.434782608695652,24.174999999999997,0,10,terminal_interaction_mid,0.934189638644429,0.911305065654157
1473484,2025,8,4,1,30.0,8.470588235294118,23.433333333333337,0,10,terminal_interaction_mid,0.934370899379134,0.9115142529367897
1473484,2025,8,5,1,30.0,8.597014925373134,21.691666666666663,0,10,terminal_interaction_mid,0.9226897492579618,0.8982075332522904
1473484,2025,8,6,1,30.0,8.727272727272727,19.950000000000003,0,10,terminal_interaction_mid,0.9063592886052703,0.8801243351569386
1473484,2025,9,1,1,30.0,8.307692307692307,24.20833333333333,0,10,terminal_interaction_mid,0.942333538280118,0.9164405059813402
1473484,2025,9,2,1,30.0,8.0625,26.46666666666667,0,10,terminal_interaction_mid,0.9524978664815129,0.9288409739333735
1473484,2025,9,3,1,30.0,7.619047619047619,30.72500000000001,0,10,terminal_interaction_mid,0.9718679620064492,0.9539906289599333
1473484,2025,9,4,1,30.0,7.35483870967742,32.98333333333335,0,10,terminal_interaction_mid,0.9753668102567192,0.9588240588933411
1473484,2025,9,5,1,30.0,7.081967213114754,35.24166666666666,0,10,terminal_interaction_mid,0.9790478636595807,0.9640408527742483
1473484,2025,9,6,1,30.0,6.6000000000000005,39.5,0,10,terminal_interaction_mid,0.9832449759637767,0.9701874791523345
1473484,2025,10,1,1,30.0,6.610169491525424,38.75833333333334,0,10,terminal_interaction_mid,0.9854772259417732,0.9782273299488247
1473484,2025,10,2,1,30.0,6.1034482758620685,43.01666666666668,0,10,terminal_interaction_mid,0.9873861955171821,0.9807906794960036
1473484,2025,10,3,1,30.0,6.105263157894737,42.27499999999999,0,10,terminal_interaction_mid,0.98805309633058,0.981696501327499
1473484,2025,10,4,1,30.0,6.214285714285715,40.53333333333333,0,10,terminal_interaction_mid,0.9880709156165843,0.9817207830943138
1473484,2025,10,5,1,30.0,6.1090909090909085,40.79166666666666,0,10,terminal_interaction_mid,0.98800594873295,0.9816322749093498
1473484,2025,10,6,1,30.0,6.111111111111112,40.05,0,10,terminal_interaction_mid,0.9877619907319917,0.9813004068683128
1473484,2025,11,1,1,30.0,5.773584905660377,42.30833333333334,0,10,terminal_interaction_mid,0.9883276318021316,0.9839080127721342
1473484,2025,11,2,1,30.0,5.1923076923076925,46.56666666666666,0,10,terminal_interaction_mid,0.9892767536896669,0.9851073917095027
1473484,2025,11,3,1,30.0,5.176470588235294,45.825,0,10,terminal_interaction_mid,0.9896588416311225,0.985592873556908
1473484,2025,11,4,1,30.0,5.28,44.08333333333334,0,10,terminal_interaction_mid,0.9901263326771659,0.9861890606526857
1473484,2025,11,5,1,30.0,5.387755102040816,33.807499999999976,1,9,terminal_interaction_mid,0.9906141295042938,0.9868138364486222
1473484,2025,11,6,1,30.0,5.0,36.24000000000001,1,9,terminal_interaction_mid,0.9850221965590691,0.9797951485582506
1473484,2025,12,1,1,30.0,5.1063829787234045,34.672500000000014,1,9,terminal_interaction_mid,0.9884772111785844,0.983986609646665
1473484,2025,12,2,1,30.0,5.086956521739131,34.10499999999999,1,9,terminal_interaction_mid,0.9893263684288853,0.9850681150027173
1473484,2025,12,3,1,30.0,5.2,24.700000000000017,2,8,terminal_interaction_mid,0.9869631705301647,0.9820756862819883
1473484,2025,12,4,1,30.0,5.045454545454546,25.306666666666672,2,8,terminal_interaction_mid,0.9865595627375985,0.9815697557297718
1473484,2025,12,5,1,30.0,5.023255813953488,24.913333333333327,2,8,terminal_interaction_mid,0.9877886955527521,0.9831149697581512
1473484,2025,12,6,1,30.0,5.142857142857142,23.52000000000001,2,8,terminal_interaction_mid,0.989210768752872,0.9849204440581566
1473484,2025,13,1,1,30.0,4.975609756097561,24.126666666666694,2,8,terminal_interaction_mid,0.989145293019668,0.9862532177803061
1473484,2025,13,2,1,30.0,4.800000000000001,24.73333333333332,2,8,terminal_interaction_mid,0.989654545673649,0.98686242051951
1473484,2025,13,3,1,30.0,4.923076923076923,23.340000000000003,2,8,terminal_interaction_mid,0.9903335443497141,0.9876774455376737
1473484,2025,13,4,1,30.0,4.894736842105263,22.946666666666687,2,8,terminal_interaction_mid,0.9903516691826684,0.9876992463649613
1473484,2025,13,5,1,30.0,4.54054054054054,24.55333333333334,2,8,terminal_interaction_mid,0.9914694206903201,0.9890485129198844
1473484,2025,13,6,1,30.0,4.5,24.159999999999997,2,8,terminal_interaction_mid,0.9913522766022126,0.9889066435425325
1473484,2025,14,1,1,30.0,3.942857142857143,26.76666666666668,2,8,terminal_interaction_mid,0.9913956250672156,0.9892331371842685
1473484,2025,14,2,1,30.0,4.0588235294117645,25.373333333333335,2,8,terminal_interaction_mid,0.99178880432331,0.9897008996096127
1473484,2025,14,3,1,30.0,3.090909090909091,29.97999999999999,2,8,terminal_interaction_mid,0.9920676682479124,0.9900333647813141
1473484,2025,14,4,1,30.0,2.8125,30.586666666666673,2,8,terminal_interaction_mid,0.9921305282843158,0.9901083903408449
1473484,2025,14,5,1,30.0,2.903225806451613,29.193333333333328,2,8,terminal_interaction_mid,0.9924074030812086,0.990439222832043
1473484,2025,14,6,1,30.0,2.1999999999999997,31.799999999999983,2,8,terminal_interaction_mid,0.9924325185799232,0.9904692634347202
1473484,2025,15,1,1,30.0,2.0689655172413794,31.406666666666666,2,8,terminal_interaction_mid,0.9926923939517294,0.991062199851119
1473484,2025,15,2,1,30.0,1.9285714285714288,31.01333333333332,2,8,terminal_interaction_mid,0.9927768482619856,0.9911609278140299
1473484,2025,15,3,1,30.0,1.1111111111111112,33.620000000000005,2,8,terminal_interaction_mid,0.992934452732916,0.9913453106583678
1473484,2025,15,4,1,30.0,0.9230769230769231,33.22666666666666,2,8,terminal_interaction_mid,0.9929457891854836,0.9913585804652989
1473484,2025,15,5,1,30.0,-0.48,37.83333333333334,2,8,terminal_interaction_mid,0.9894771153863463,0.9873377329161727
1473485,2025,7,1,0,6.666666666666657,11.064935064935064,-49.36999999999999,3,7,terminal_interaction_mid,0.09585509382399737,0.12820559261067668
1473485,2025,7,2,0,6.666666666666657,11.210526315789474,-50.56,3,7,terminal_interaction_mid,0.09047010502553318,0.12224363465828747
1473485,2025,7,3,0,6.666666666666657,10.879999999999999,-45.75,3,7,terminal_interaction_mid,0.11689467184570035,0.1509212909309721
1473485,2025,7,4,0,6.666666666666657,10.945945945945946,-45.94,3,7,terminal_interaction_mid,0.11398881828663994,0.14783408878079332
1473485,2025,7,5,0,6.666666666666657,11.095890410958905,-47.13000000000001,3,7,terminal_interaction_mid,0.11760095063808151,0.1516694022551592
1473485,2025,7,6,0,6.666666666666657,11.166666666666668,-47.32000000000002,3,7,terminal_interaction_mid,0.11502922775881468,0.14894115107529915
1473485,2025,8,1,0,6.666666666666657,11.23943661971831,-47.51000000000002,3,7,terminal_interaction_mid,0.11592910897661186,0.1441202867353355
1473485,2025,8,2,0,6.666666666666657,11.314285714285713,-47.7,3,7,terminal_interaction_mid,0.11022606051510189,0.13807198477671587
1473485,2025,8,3,0,6.666666666666657,11.130434782608695,-44.89,3,7,terminal_interaction_mid,0.14329604513931243,0.172517599424009
1473485,2025,8,4,0,6.666666666666657,10.941176470588236,-42.08000000000001,3,7,terminal_interaction_mid,0.14923089582257235,0.17855441478013104
1473485,2025,8,5,0,6.666666666666657,11.104477611940299,-43.269999999999996,3,7,terminal_interaction_mid,0.148680670236625,0.17799638991249328
1473485,2025,8,6,0,6.666666666666657,10.727272727272727,-38.459999999999994,3,7,terminal_interaction_mid,0.18528726689192135,0.21446140462211977
1473485,2025,9,1,0,6.666666666666657,10.8,-38.650000000000006,3,7,terminal_interaction_mid,0.1767269956227942,0.21573752739428725
1473485,2025,9,2,0,6.666666666666657,10.875,-38.84,3,7,terminal_interaction_mid,0.17941419083486274,0.21839198380683925
1473485,2025,9,3,0,6.666666666666657,10.952380952380953,-39.03,3,7,terminal_interaction_mid,0.1679005222722984,0.20696142094449604
1473485,2025,9,4,0,6.666666666666657,11.032258064516128,-39.22,3,7,terminal_interaction_mid,0.17759115640389125,0.21659202462999264
1473485,2025,9,5,0,6.666666666666657,11.213114754098362,-40.410000000000025,3,7,terminal_interaction_mid,0.16155623829199592,0.20059666693638228
1473485,2025,9,6,0,6.666666666666657,10.8,-35.599999999999994,3,7,terminal_interaction_mid,0.20347934621115676,0.24183191724778583
1473485,2025,10,1,0,6.666666666666657,10.881355932203391,-35.79000000000002,3,7,terminal_interaction_mid,0.21155772013234486,0.24093944097859193
1473485,2025,10,2,0,6.666666666666657,10.655172413793103,-32.97999999999999,3,7,terminal_interaction_mid,0.23811446654786084,0.26678092634517914
1473485,2025,10,3,0,6.666666666666657,10.842105263157896,-34.16999999999999,3,7,terminal_interaction_mid,0.22283667914560246,0.2519676765135065
1473485,2025,10,4,0,6.666666666666657,10.928571428571429,-34.360000000000014,3,7,terminal_interaction_mid,0.21917908321083843,0.2484003055891672
1473485,2025,10,5,0,6.666666666666657,10.690909090909091,-31.55000000000001,3,7,terminal_interaction_mid,0.26172558211829144,0.2894185580401809
1473485,2025,10,6,0,6.666666666666657,10.777777777777779,-31.74000000000001,3,7,terminal_interaction_mid,0.25694886091894054,0.284862153102783
1473485,2025,11,1,0,6.666666666666657,10.754716981132075,-30.930000000000007,3,7,terminal_interaction_mid,0.26617771143658364,0.29140368964692703
1473485,2025,11,2,0,6.666666666666657,10.5,-28.120000000000005,3,7,terminal_interaction_mid,0.29819266489273544,0.3222438525894214
1473485,2025,11,3,0,6.666666666666657,10.588235294117647,-28.310000000000002,3,7,terminal_interaction_mid,0.2986494304789852,0.3226810707534836
1473485,2025,11,4,0,6.666666666666657,10.8,-29.49999999999997,3,7,terminal_interaction_mid,0.30669131457846305,0.3303668783337958
1473485,2025,11,5,0,6.666666666666657,10.89795918367347,-29.689999999999998,3,7,terminal_interaction_mid,0.30010876528282326,0.3240774592804841
1473485,2025,11,6,0,6.666666666666657,11.0,-29.879999999999995,3,7,terminal_interaction_mid,0.2680897796570838,0.29325702065055786
1473485,2025,11,7,0,6.666666666666657,11.23404255319149,-31.069999999999993,3,7,terminal_interaction_mid,0.2564910184432755,0.28199053008526803
1473485,2025,11,8,0,6.666666666666657,10.956521739130434,-28.25999999999999,3,7,terminal_interaction_mid,0.2965424789114651,0.3206636690860401
1473485,2025,12,1,0,6.666666666666657,10.595744680851064,-26.069999999999993,3,7,terminal_interaction_mid,0.3107355257469229,0.3323721853221663
1473485,2025,12,2,0,6.666666666666657,10.695652173913043,-26.25999999999999,3,7,terminal_interaction_mid,0.3031292900201388,0.3251324004203169
1473485,2025,12,3,0,6.666666666666657,10.8,-26.450000000000017,3,7,terminal_interaction_mid,0.3088180851262027,0.3305488707214855
1473485,2025,12,4,0,6.666666666666657,11.045454545454545,-27.640000000000015,3,7,terminal_interaction_mid,0.28786511552569294,0.3105453976512968
1473485,2025,12,5,0,6.666666666666657,11.162790697674419,-27.830000000000013,3,7,terminal_interaction_mid,0.27814938859727034,0.3012176675179529
1473485,2025,12,6,0,6.666666666666657,10.857142857142858,-25.02000000000001,3,7,terminal_interaction_mid,0.31296620306147505,0.3344919045102872
1473485,2025,12,7,0,6.666666666666657,10.975609756097562,-25.210000000000008,3,7,terminal_interaction_mid,0.3135506971406169,0.33504706823784497
1473485,2025,13,1,0,6.666666666666657,10.097560975609756,-19.210000000000008,3,7,terminal_interaction_mid,0.4221108130935095,0.4273179589347214
1473485,2025,13,2,0,6.666666666666657,10.350000000000001,-27.200000000000017,4,6,terminal_interaction_mid,0.2811120049537307,0.29236568400820073
1473485,2025,13,3,0,6.666666666666657,10.615384615384615,-28.22,4,6,terminal_interaction_mid,0.27802347893894025,0.289373392527483
1473485,2025,13,4,0,6.666666666666657,10.736842105263158,-28.24000000000001,4,6,terminal_interaction_mid,0.2680493825319987,0.27969558324233323
1473485,2025,13,5,0,6.666666666666657,10.864864864864865,-28.25999999999999,4,6,terminal_interaction_mid,0.2818189053806532,0.2930502681366306
1473485,2025,13,6,0,6.666666666666657,11.166666666666668,-35.400000000000006,5,5,terminal_interaction_mid,0.16283583429483484,0.17587286420463763
1473485,2025,14,1,0,6.666666666666657,11.314285714285713,-35.25,5,5,terminal_interaction_mid,0.17987047136360515,0.19140536720269571
1473485,2025,14,2,0,6.666666666666657,11.470588235294118,-35.10000000000002,5,5,terminal_interaction_mid,0.16105609152417183,0.17255381786172738
1473485,2025,14,3,0,6.666666666666657,11.818181818181818,-35.95000000000002,5,5,terminal_interaction_mid,0.16209189531678347,0.17359524752887687
1473485,2025,14,4,0,6.666666666666657,12.0,-35.80000000000001,5,5,terminal_interaction_mid,0.16247776534731495,0.1739831024617171
1473485,2025,14,5,0,6.666666666666657,12.387096774193548,-36.650000000000006,5,5,terminal_interaction_mid,0.14909027052781595,0.16049053671559727
1473485,2025,14,6,0,6.666666666666657,12.600000000000001,-36.5,5,5,terminal_interaction_mid,0.15342532409894288,0.16486794563571472
1473485,2025,14,7,0,6.666666666666657,12.206896551724137,-33.349999999999994,5,5,terminal_interaction_mid,0.16598603608343965,0.17750668871800115
1473485,2025,15,1,0,6.666666666666657,12.206896551724137,-33.349999999999994,5,5,terminal_interaction_mid,0.19663430184749206,0.20759959795925662
1473485,2025,15,2,0,6.666666666666657,12.642857142857142,-38.95999999999998,6,4,terminal_interaction_mid,0.07324544725875434,0.08155684707021243
1473485,2025,15,3,0,6.666666666666657,13.11111111111111,-39.640000000000015,6,4,terminal_interaction_mid,0.06373392156216964,0.07147259610829758
1473485,2025,15,4,0,6.666666666666657,13.615384615384615,-40.31999999999999,6,4,terminal_interaction_mid,0.05737882930738968,0.06468847374509219
1473485,2025,15,5,0,6.666666666666657,13.919999999999998,-40.0,6,4,terminal_interaction_mid,0.06290879158655796,0.07059396688669341
1473485,2025,15,6,0,6.666666666666657,14.25,-39.67999999999998,6,4,terminal_interaction_mid,0.05759411918236141,0.06491895442363112
1473486,2025,7,1,1,26.28125,10.441558441558442,-23.27499999999999,1,9,terminal_interaction_mid,0.6050043663863822,0.5898000257079111
1473486,2025,7,2,1,26.28125,10.263157894736842,-20.700000000000003,1,9,terminal_interaction_mid,0.6542853373462354,0.6326899319714477
1473486,2025,7,3,1,26.28125,10.32,-21.125,1,9,terminal_interaction_mid,0.6466481055441451,0.6259997770491381
1473486,2025,7,4,1,26.28125,10.378378378378379,-21.549999999999997,1,9,terminal_interaction_mid,0.6447960858246738,0.6243800926675077
1473486,2025,7,5,1,26.28125,10.438356164383562,-21.97500000000001,1,9,terminal_interaction_mid,0.6386003884318809,0.618968904473947
1473486,2025,7,6,1,26.28125,10.25,-19.39999999999999,1,9,terminal_interaction_mid,0.6642343883049487,0.6414332129228417
1473486,2025,8,1,1,26.28125,10.394366197183098,-20.825000000000003,1,9,terminal_interaction_mid,0.6535905972769691,0.6361306606101771
1473486,2025,8,2,1,26.28125,10.457142857142857,-21.25,1,9,terminal_interaction_mid,0.648654937193912,0.6317055206171225
1473486,2025,8,3,1,26.28125,10.26086956521739,-18.67500000000001,1,9,terminal_interaction_mid,0.6829065507712346,0.6625590536651729
1473486,2025,8,4,1,26.28125,9.882352941176471,-14.099999999999994,1,9,terminal_interaction_mid,0.7234234607570807,0.699576073680349
1473486,2025,8,5,1,26.28125,9.940298507462686,-14.524999999999991,1,9,terminal_interaction_mid,0.723685442836306,0.6998176003054353
1473486,2025,8,6,1,26.28125,10.0,-14.949999999999974,1,9,terminal_interaction_mid,0.7189039868574496,0.6954142394831957
1473486,2025,9,1,1,26.28125,10.153846153846153,-16.374999999999986,1,9,terminal_interaction_mid,0.7101398053424193,0.6858092289374768
1473486,2025,9,2,1,26.28125,10.21875,-16.799999999999997,1,9,terminal_interaction_mid,0.7044325991079927,0.6807340142375213
1473486,2025,9,3,1,26.28125,10.380952380952381,-18.224999999999994,1,9,terminal_interaction_mid,0.7053949525509743,0.6815887977149014
1473486,2025,9,4,1,26.28125,10.451612903225806,-18.64999999999999,1,9,terminal_interaction_mid,0.7040795882162494,0.6804205627198138
1473486,2025,9,5,1,26.28125,10.22950819672131,-16.075000000000003,1,9,terminal_interaction_mid,0.7239948163011041,0.6981922750376097
1473486,2025,9,6,1,26.28125,10.299999999999999,-16.500000000000014,1,9,terminal_interaction_mid,0.7166103223605098,0.6915810134294202
1473486,2025,10,1,1,26.28125,10.372881355932204,-16.924999999999997,1,9,terminal_interaction_mid,0.7112409852263787,0.6978135459808754
1473486,2025,10,2,1,26.28125,10.448275862068966,-17.349999999999994,1,9,terminal_interaction_mid,0.7085332329988463,0.6953261005936502
1473486,2025,10,3,1,26.28125,10.0,-12.775000000000006,1,9,terminal_interaction_mid,0.7526710784992462,0.7361814574992479
1473486,2025,10,4,1,26.28125,10.178571428571429,-14.199999999999989,1,9,terminal_interaction_mid,0.7454074042989062,0.7294088555524385
1473486,2025,10,5,1,26.28125,10.254545454545454,-14.625,1,9,terminal_interaction_mid,0.7442692751424935,0.7283495784500483
1473486,2025,10,6,1,26.28125,10.333333333333334,-15.049999999999997,1,9,terminal_interaction_mid,0.7362149233932853,0.7208674457397215
1473486,2025,10,7,1,26.28125,10.075471698113208,-12.475000000000009,1,9,terminal_interaction_mid,0.760495603062506,0.7435014682423297
1473486,2025,11,1,1,26.28125,9.962264150943398,-11.475000000000009,1,9,terminal_interaction_mid,0.7624499717081445,0.752374547534261
1473486,2025,11,2,1,26.28125,10.153846153846153,-12.899999999999991,1,9,terminal_interaction_mid,0.7534071239751112,0.7438551303880349
1473486,2025,11,3,1,26.28125,10.235294117647058,-13.324999999999989,1,9,terminal_interaction_mid,0.7512620364780498,0.7418378846721622
1473486,2025,11,4,1,26.28125,10.32,-13.75,1,9,terminal_interaction_mid,0.7422795248358125,0.7334052517607709
1473486,2025,11,5,1,26.28125,10.408163265306122,-14.175000000000011,1,9,terminal_interaction_mid,0.7423755855408134,0.7334953112334908
1473486,2025,11,6,1,26.28125,10.5,-14.59999999999998,1,9,terminal_interaction_mid,0.7388351083143843,0.7301776891774752
1473486,2025,12,1,1,26.28125,10.72340425531915,-16.02499999999999,1,9,terminal_interaction_mid,0.7246705185935618,0.7153351715172453
1473486,2025,12,2,1,26.28125,10.826086956521738,-16.450000000000003,1,9,terminal_interaction_mid,0.7112546041939871,0.7027943971348892
1473486,2025,12,3,1,26.28125,10.933333333333334,-16.875,1,9,terminal_interaction_mid,0.7119518287497799,0.7034450869927914
1473486,2025,12,4,1,26.28125,10.363636363636363,-12.300000000000011,1,9,terminal_interaction_mid,0.765308615144309,0.7536226396957221
1473486,2025,12,5,1,26.28125,10.465116279069768,-12.724999999999994,1,9,terminal_interaction_mid,0.7603671210049084,0.7489397575543318
1473486,2025,12,6,1,26.28125,10.714285714285715,-20.799999999999983,2,8,terminal_interaction_mid,0.6733910203568406,0.6676091404531868
1473486,2025,13,1,1,26.28125,10.829268292682928,-21.066666666666663,2,8,terminal_interaction_mid,0.7167080644530264,0.7073325164971513
1473486,2025,13,2,1,26.28125,10.95,-21.333333333333343,2,8,terminal_interaction_mid,0.6935091371539375,0.685005710296706
1473486,2025,13,3,1,26.28125,10.307692307692307,-16.599999999999994,2,8,terminal_interaction_mid,0.7649174994389805,0.7540861276441586
1473486,2025,13,4,1,26.28125,10.263157894736842,-15.866666666666646,2,8,terminal_interaction_mid,0.7781037282463983,0.7669745834709408
1473486,2025,13,5,1,26.28125,9.891891891891891,-13.133333333333326,2,8,terminal_interaction_mid,0.797733335001002,0.7862556009607988
1473486,2025,13,6,1,26.28125,10.0,-13.400000000000006,2,8,terminal_interaction_mid,0.797785229217918,0.7863067346537472
1473486,2025,14,1,1,26.28125,10.114285714285714,-13.666666666666657,2,8,terminal_interaction_mid,0.7913570387801394,0.7810343935738258
1473486,2025,14,2,1,26.28125,9.705882352941178,-10.933333333333337,2,8,terminal_interaction_mid,0.8230672661895216,0.8124460454997238
1473486,2025,14,3,1,26.28125,10.0,-17.42500000000001,3,7,terminal_interaction_mid,0.7340523609367026,0.7249640533005931
1473486,2025,14,4,1,26.28125,10.3125,-18.53333333333333,3,7,terminal_interaction_mid,0.7277283032397391,0.7188209139898041
1473486,2025,14,5,1,26.28125,10.451612903225806,-18.64166666666665,3,7,terminal_interaction_mid,0.7263231921571949,0.7174570478707175
1473486,2025,14,6,1,26.28125,10.4,-17.75,3,7,terminal_interaction_mid,0.7629601588190351,0.7531511320584653
1473486,2025,15,1,1,26.28125,9.517241379310345,-12.85833333333332,3,7,terminal_interaction_mid,0.8144701967116218,0.8058887536895507
1473486,2025,15,2,1,26.28125,9.857142857142858,-13.966666666666669,3,7,terminal_interaction_mid,0.8097592071321651,0.8012240967248901
1473486,2025,15,3,1,26.28125,10.0,-14.075000000000017,3,7,terminal_interaction_mid,0.8095009769042986,0.8009685848280285
1473486,2025,15,4,1,26.28125,10.153846153846153,-14.183333333333337,3,7,terminal_interaction_mid,0.8110541977175103,0.8025057330837055
1473486,2025,15,5,1,26.28125,10.08,-13.291666666666657,3,7,terminal_interaction_mid,0.8067761725436525,0.7982735758860173
1473486,2025,15,6,1,26.28125,10.25,-13.400000000000006,3,7,terminal_interaction_mid,0.8064852542115875,0.7979859578593694
1473487,2025,7,1,0,35.69230769230768,12.0,-97.30333333333331,6,4,terminal_interaction_mid,0.008082487289430907,0.01618166029265491
1473487,2025,7,2,0,35.69230769230768,12.157894736842104,-98.02666666666664,6,4,terminal_interaction_mid,0.00859850402380953,0.017052169268586655
1473487,2025,7,3,0,35.69230769230768,12.32,-98.75,6,4,terminal_interaction_mid,0.008177290008994514,0.01634223824897058
1473487,2025,7,4,0,35.69230769230768,12.486486486486488,-99.47333333333333,6,4,terminal_interaction_mid,0.007498667770575004,0.015186021381817991
1473487,2025,7,5,0,35.69230769230768,12.575342465753424,-99.19666666666669,6,4,terminal_interaction_mid,0.007062798321468179,0.014434695490302537
1473487,2025,7,6,0,35.69230769230768,12.666666666666668,-98.92000000000002,6,4,terminal_interaction_mid,0.006870439590085704,0.014100808551661502
1473487,2025,8,1,0,35.69230769230768,12.760563380281688,-98.64333333333332,6,4,terminal_interaction_mid,0.0066827858964504,0.012273510913484989
1473487,2025,8,2,0,35.69230769230768,12.857142857142858,-98.36666666666665,6,4,terminal_interaction_mid,0.006598580182198676,0.012138438354425825
1473487,2025,8,3,0,35.69230769230768,12.521739130434781,-93.09,6,4,terminal_interaction_mid,0.008097104377547439,0.014510946427509108
1473487,2025,8,4,0,35.69230769230768,12.617647058823529,-92.81333333333333,6,4,terminal_interaction_mid,0.007829414086767367,0.014091719624714154
1473487,2025,8,5,0,35.69230769230768,12.71641791044776,-92.53666666666666,6,4,terminal_interaction_mid,0.007466537056264237,0.013520368641281694
1473487,2025,8,6,0,35.69230769230768,12.909090909090908,-105.195,7,3,terminal_interaction_mid,0.0047051082569458304,0.009034301666896819
1473487,2025,9,1,0,35.69230769230768,13.107692307692307,-105.73750000000001,7,3,terminal_interaction_mid,0.0047898040449739585,0.010755524457011724
1473487,2025,9,2,0,35.69230769230768,13.3125,-106.28,7,3,terminal_interaction_mid,0.004837785780802992,0.010846561856537524
1473487,2025,9,3,0,35.69230769230768,13.142857142857144,-102.82250000000002,7,3,terminal_interaction_mid,0.004833331140224074,0.010838115972378402
1473487,2025,9,4,0,35.69230769230768,13.258064516129032,-102.36499999999998,7,3,terminal_interaction_mid,0.004926347134435035,0.011014217187034925
1473487,2025,9,5,0,35.69230769230768,13.475409836065573,-102.9075,7,3,terminal_interaction_mid,0.004800304527923952,0.010775459714382995
1473487,2025,9,6,0,35.69230769230768,13.6,-102.44999999999999,7,3,terminal_interaction_mid,0.004791624694809176,0.010758981473248629
1473487,2025,10,1,0,35.69230769230768,13.830508474576272,-102.9925,7,3,terminal_interaction_mid,0.004635843488252282,0.00835857092703229
1473487,2025,10,2,0,35.69230769230768,14.068965517241377,-103.535,7,3,terminal_interaction_mid,0.0044184061484375085,0.008008031873329846
1473487,2025,10,3,0,35.69230769230768,14.315789473684209,-104.07750000000001,7,3,terminal_interaction_mid,0.004537114893319663,0.008199638228018037
1473487,2025,10,4,0,35.69230769230768,14.142857142857142,-100.62,7,3,terminal_interaction_mid,0.004666919477790083,0.00840851874332051
1473487,2025,10,5,0,35.69230769230768,14.399999999999999,-101.16250000000002,7,3,terminal_interaction_mid,0.004321234455687795,0.007850763433988333
1473487,2025,10,6,0,35.69230769230768,14.555555555555557,-100.70499999999998,7,3,terminal_interaction_mid,0.004276690855445305,0.007778540868270553
1473487,2025,11,1,0,35.69230769230768,14.830188679245284,-110.83166666666665,8,2,terminal_interaction_mid,0.0037660603360776955,0.00621305823662754
1473487,2025,11,2,0,35.69230769230768,15.115384615384615,-111.19333333333333,8,2,terminal_interaction_mid,0.002651999289245004,0.004507044039044732
1473487,2025,11,3,0,35.69230769230768,15.176470588235293,-109.555,8,2,terminal_interaction_mid,0.0035699778021227513,0.00591637892157523
1473487,2025,11,4,0,35.69230769230768,15.24,-107.91666666666666,8,2,terminal_interaction_mid,0.003574521629088211,0.005923269611050575
1473487,2025,11,5,0,35.69230769230768,15.551020408163264,-117.13916666666668,9,1,terminal_interaction_mid,0.002434396234992723,0.004167225249714156
1473487,2025,11,6,0,35.69230769230768,15.875,-117.32,9,1,terminal_interaction_mid,0.0017719476169522342,0.003115387698661681
1473487,2025,12,1,0,35.69230769230768,16.212765957446805,-117.50083333333333,9,1,terminal_interaction_mid,0.0016772085990305115,0.0029337672163063083
1473487,2025,12,2,0,35.69230769230768,15.782608695652176,-111.68166666666667,9,1,terminal_interaction_mid,0.001943924130040344,0.003358562483439796
1473487,2025,12,3,0,35.69230769230768,15.333333333333332,-105.86250000000001,9,1,terminal_interaction_mid,0.003754210781287718,0.006136631161787454
1473487,2025,12,4,0,35.69230769230768,15.681818181818183,-106.04333333333335,9,1,terminal_interaction_mid,0.0033797859231794476,0.005573908495381758
1473487,2025,12,5,0,35.69230769230768,15.906976744186046,-105.22416666666666,9,1,terminal_interaction_mid,0.0025998501155017487,0.00438352813908846
1473487,2025,12,6,0,35.69230769230768,16.285714285714285,-105.405,9,1,terminal_interaction_mid,0.0019240900723289727,0.0033271517915388783
1473487,2025,13,1,0,35.69230769230768,16.68292682926829,-105.58583333333334,9,1,terminal_interaction_mid,0.001564604315102594,0.0022252233906516167
1473487,2025,13,2,0,35.69230769230768,16.950000000000003,-104.76666666666668,9,1,terminal_interaction_mid,0.0015397855188661242,0.0021918376311593785
1473487,2025,13,3,0,35.69230769230768,17.23076923076923,-103.94750000000002,9,1,terminal_interaction_mid,0.0015270756671681973,0.002174729129570977
1473487,2025,13,4,0,35.69230769230768,17.05263157894737,-100.12833333333333,9,1,terminal_interaction_mid,0.0016094321864859994,0.0022854513262352666
1473487,2025,13,5,0,35.69230769230768,17.351351351351354,-99.30916666666667,9,1,terminal_interaction_mid,0.0015821357259849292,0.0022487886847028906
1473487,2025,13,6,0,35.69230769230768,17.833333333333336,-99.48999999999998,9,1,terminal_interaction_mid,0.0015671157775271171,0.0022286001267258116
1473487,2025,14,1,0,35.69230769230768,18.17142857142857,-98.67083333333332,9,1,terminal_interaction_mid,0.0015679263435257214,0.002147230127616297
1473487,2025,14,2,0,35.69230769230768,18.529411764705884,-97.85166666666666,9,1,terminal_interaction_mid,0.0015274421524595389,0.0020944640990426125
1473487,2025,14,3,0,35.69230769230768,19.09090909090909,-98.0325,9,1,terminal_interaction_mid,0.0016493109174491932,0.0022531030729130742
1473487,2025,14,4,0,35.69230769230768,19.6875,-98.21333333333334,9,1,terminal_interaction_mid,0.0016112473369740935,0.0022036191822687257
1473487,2025,14,5,0,35.69230769230768,20.322580645161292,-98.39416666666665,9,1,terminal_interaction_mid,0.0016110897077818412,0.002203414140081438
1473487,2025,14,6,0,35.69230769230768,21.0,-98.57499999999999,9,1,terminal_interaction_mid,0.0017519041356794805,0.0023862004618944097
1473487,2025,15,1,0,35.69230769230768,21.724137931034484,-98.75583333333333,9,1,terminal_interaction_mid,0.0019836162083326377,0.00260844488781226
1473487,2025,15,2,0,35.69230769230768,22.5,-98.93666666666667,9,1,terminal_interaction_mid,0.0022266566123365014,0.0029133508060644672
1473487,2025,15,3,0,35.69230769230768,23.11111111111111,-98.1175,9,1,terminal_interaction_mid,0.002362803290319603,0.003083501925248713
1473487,2025,15,4,0,35.69230769230768,23.76923076923077,-97.29833333333332,9,1,terminal_interaction_mid,0.0024783384519677424,0.003227553097992925
1473487,2025,15,5,0,35.69230769230768,24.48,-96.47916666666666,9,1,terminal_interaction_mid,0.002478323867499571,0.003227534932859775
1473487,2025,15,6,0,35.69230769230768,25.25,-95.66,9,1,terminal_interaction_mid,0.0023540951184154346,0.0030726319975178215
1473488,2025,7,1,0,42.678571428571416,12.545454545454545,-30.64,1,9,terminal_interaction_mid,0.12682579461609933,0.16136339248769518
1473488,2025,7,2,0,42.678571428571416,12.394736842105264,-28.320000000000007,1,9,terminal_interaction_mid,0.1497462741789619,0.18488892136217
1473488,2025,7,3,0,42.678571428571416,12.400000000000002,-28.0,1,9,terminal_interaction_mid,0.15565173009902963,0.19083479139783457
1473488,2025,7,4,0,42.678571428571416,12.567567567567568,-29.679999999999993,1,9,terminal_interaction_mid,0.1432580173106578,0.1783043216814776
1473488,2025,7,5,0,42.678571428571416,12.493150684931507,-28.36,1,9,terminal_interaction_mid,0.1637980743963406,0.19896704887626937
1473488,2025,7,6,0,42.678571428571416,12.583333333333334,-29.039999999999992,1,9,terminal_interaction_mid,0.1528613332986976,0.18803076220559845
1473488,2025,8,1,0,42.678571428571416,12.676056338028168,-29.72,1,9,terminal_interaction_mid,0.15148203216574463,0.18083401840469515
1473488,2025,8,2,0,42.678571428571416,12.771428571428572,-30.39999999999999,1,9,terminal_interaction_mid,0.1502567998233461,0.17959397519057563
1473488,2025,8,3,0,42.678571428571416,12.956521739130434,-32.08000000000001,1,9,terminal_interaction_mid,0.13561680741254162,0.16464587423067664
1473488,2025,8,4,0,42.678571428571416,13.058823529411764,-32.75999999999999,1,9,terminal_interaction_mid,0.13455296542767184,0.16354974907989683
1473488,2025,8,5,0,42.678571428571416,13.164179104477611,-33.43999999999998,1,9,terminal_interaction_mid,0.12609605903336518,0.15478506231599437
1473488,2025,8,6,0,42.678571428571416,13.272727272727272,-34.119999999999976,1,9,terminal_interaction_mid,0.1171408558031602,0.14539910107433682
1473488,2025,8,7,0,42.678571428571416,13.384615384615385,-34.79999999999998,1,9,terminal_interaction_mid,0.11106152397121873,0.13896114141923768
1473488,2025,9,1,0,42.678571428571416,13.384615384615385,-34.79999999999998,1,9,terminal_interaction_mid,0.10912082534881722,0.14579190869164088
1473488,2025,9,2,0,42.678571428571416,13.40625,-34.480000000000004,1,9,terminal_interaction_mid,0.1149848862464204,0.15214888094708742
1473488,2025,9,3,0,42.678571428571416,13.619047619047619,-47.91999999999999,2,8,terminal_interaction_mid,0.0548769860921646,0.08294208949728284
1473488,2025,9,4,0,42.678571428571416,13.741935483870968,-48.41333333333333,2,8,terminal_interaction_mid,0.06315530080051263,0.09312891522023281
1473488,2025,9,5,0,42.678571428571416,13.868852459016395,-48.90666666666664,2,8,terminal_interaction_mid,0.06539827951522278,0.0958433939774854
1473488,2025,9,6,0,42.678571428571416,14.0,-49.400000000000006,2,8,terminal_interaction_mid,0.05928390806250103,0.08839919857052518
1473488,2025,10,1,0,42.678571428571416,14.23728813559322,-50.893333333333345,2,8,terminal_interaction_mid,0.055158824461370146,0.07496611399396859
1473488,2025,10,2,0,42.678571428571416,14.379310344827587,-51.386666666666656,2,8,terminal_interaction_mid,0.050844270601803576,0.06979916240211616
1473488,2025,10,3,0,42.678571428571416,14.0,-46.879999999999995,2,8,terminal_interaction_mid,0.08494060975731114,0.10932306768899878
1473488,2025,10,4,0,42.678571428571416,14.142857142857142,-47.373333333333335,2,8,terminal_interaction_mid,0.08079608166133137,0.1046590881311895
1473488,2025,10,5,0,42.678571428571416,13.745454545454546,-42.866666666666674,2,8,terminal_interaction_mid,0.10770967284348977,0.13440697528198012
1473488,2025,10,6,0,42.678571428571416,13.88888888888889,-43.359999999999985,2,8,terminal_interaction_mid,0.10493594952908103,0.13139579428695802
1473488,2025,11,1,0,42.678571428571416,14.150943396226417,-44.85333333333335,2,8,terminal_interaction_mid,0.09464732680837996,0.11611744289050382
1473488,2025,11,2,0,42.678571428571416,14.307692307692307,-45.346666666666664,2,8,terminal_interaction_mid,0.09173314873420742,0.11290988963977477
1473488,2025,11,3,0,42.678571428571416,13.882352941176471,-40.839999999999975,2,8,terminal_interaction_mid,0.14634572764973786,0.17135878366018034
1473488,2025,11,4,0,42.678571428571416,14.16,-42.333333333333314,2,8,terminal_interaction_mid,0.13735892115380327,0.1619533462653407
1473488,2025,11,5,0,42.678571428571416,14.326530612244898,-42.826666666666654,2,8,terminal_interaction_mid,0.13241617216855056,0.15674857854117014
1473488,2025,11,6,0,42.678571428571416,14.5,-43.31999999999999,2,8,terminal_interaction_mid,0.12482331730002873,0.14870677341997174
1473488,2025,12,1,0,42.678571428571416,14.680851063829786,-43.81333333333333,2,8,terminal_interaction_mid,0.10834458239603575,0.13006010819871275
1473488,2025,12,2,0,42.678571428571416,14.478260869565219,-41.30666666666667,2,8,terminal_interaction_mid,0.12960520853856905,0.15266039793654979
1473488,2025,12,3,0,42.678571428571416,14.0,-36.79999999999998,2,8,terminal_interaction_mid,0.17624340592320573,0.200795056492206
1473488,2025,12,4,0,42.678571428571416,14.181818181818183,-37.29333333333332,2,8,terminal_interaction_mid,0.16977690806068527,0.194222226186387
1473488,2025,12,5,0,42.678571428571416,14.372093023255813,-37.78666666666669,2,8,terminal_interaction_mid,0.15132718932662026,0.17529943300541462
1473488,2025,12,6,0,42.678571428571416,14.57142857142857,-38.28,2,8,terminal_interaction_mid,0.15421861962619152,0.17828246726808109
1473488,2025,13,1,0,42.678571428571416,14.926829268292682,-39.77333333333331,2,8,terminal_interaction_mid,0.13651666863872197,0.14923296068473982
1473488,2025,13,2,0,42.678571428571416,15.149999999999999,-40.26666666666668,2,8,terminal_interaction_mid,0.13045021036616727,0.14304144328401913
1473488,2025,13,3,0,42.678571428571416,15.384615384615387,-40.75999999999999,2,8,terminal_interaction_mid,0.11206614372252416,0.12414470537852927
1473488,2025,13,4,0,42.678571428571416,15.631578947368421,-41.25333333333333,2,8,terminal_interaction_mid,0.10812237529119953,0.12006256104558288
1473488,2025,13,5,0,42.678571428571416,15.891891891891891,-41.74666666666667,2,8,terminal_interaction_mid,0.08610485988183347,0.09706065506385246
1473488,2025,13,6,0,42.678571428571416,16.333333333333336,-43.24000000000001,2,8,terminal_interaction_mid,0.08149941413223363,0.0921987918332524
1473488,2025,14,1,0,42.678571428571416,16.628571428571426,-43.73333333333332,2,8,terminal_interaction_mid,0.07228970809748385,0.08123307542586841
1473488,2025,14,2,0,42.678571428571416,16.941176470588236,-44.22666666666666,2,8,terminal_interaction_mid,0.06251777838579739,0.07083753920361377
1473488,2025,14,3,0,42.678571428571416,16.727272727272727,-41.72,2,8,terminal_interaction_mid,0.07185424819358208,0.08077179081709282
1473488,2025,14,4,0,42.678571428571416,17.0625,-42.21333333333331,2,8,terminal_interaction_mid,0.0619657324187112,0.0702473762736905
1473488,2025,14,5,0,42.678571428571416,17.41935483870968,-42.70666666666668,2,8,terminal_interaction_mid,0.057192633227811214,0.06513081956862075
1473488,2025,14,6,0,42.678571428571416,17.2,-40.20000000000002,2,8,terminal_interaction_mid,0.07667191616917417,0.0858656050689104
1473488,2025,14,7,0,42.678571428571416,17.793103448275865,-47.106666666666655,3,7,terminal_interaction_mid,0.031647744457223015,0.03723311829893287
1473488,2025,15,1,0,42.678571428571416,17.586206896551722,-46.106666666666655,3,7,terminal_interaction_mid,0.04011135748843479,0.04603034053755408
1473488,2025,15,2,0,42.678571428571416,18.0,-46.41333333333333,3,7,terminal_interaction_mid,0.034062916595669714,0.03940035791506375
1473488,2025,15,3,0,42.678571428571416,18.666666666666668,-52.75999999999999,4,6,terminal_interaction_mid,0.014686276424690415,0.017670950577132808
1473488,2025,15,4,0,42.678571428571416,19.153846153846153,-52.879999999999995,4,6,terminal_interaction_mid,0.012380576973712133,0.015013164228847733
1473488,2025,15,5,0,42.678571428571416,19.44,-52.0,4,6,terminal_interaction_mid,0.011791258368870159,0.014330225413720527
1473488,2025,15,6,0,42.678571428571416,20.0,-52.120000000000005,4,6,terminal_interaction_mid,0.009803961192511576,0.01201479733651826
1473489,2025,7,1,0,25.27777777777777,11.064935064935064,-31.659999999999982,2,8,terminal_interaction_mid,0.2646881655268644,0.29458114095334426
1473489,2025,7,2,0,25.27777777777777,11.210526315789474,-33.079999999999984,2,8,terminal_interaction_mid,0.24620889820847902,0.27763577747303103
1473489,2025,7,3,0,25.27777777777777,11.28,-33.5,2,8,terminal_interaction_mid,0.24160080280434812,0.27337738650278176
1473489,2025,7,4,0,25.27777777777777,11.35135135135135,-33.91999999999999,2,8,terminal_interaction_mid,0.24962674473459182,0.28078550321397394
1473489,2025,7,5,0,25.27777777777777,11.17808219178082,-31.340000000000018,2,8,terminal_interaction_mid,0.2830543044556846,0.3112325436175605
1473489,2025,7,6,0,25.27777777777777,11.25,-31.760000000000005,2,8,terminal_interaction_mid,0.2803309199682292,0.30877450565213066
1473489,2025,8,1,0,25.27777777777777,11.32394366197183,-32.17999999999999,2,8,terminal_interaction_mid,0.2719216303031733,0.2967310777202984
1473489,2025,8,2,0,25.27777777777777,11.399999999999999,-32.59999999999998,2,8,terminal_interaction_mid,0.2692591854055629,0.2942665175601539
1473489,2025,8,3,0,25.27777777777777,11.217391304347826,-30.02000000000001,2,8,terminal_interaction_mid,0.30482286197730807,0.32693252146877216
1473489,2025,8,4,0,25.27777777777777,11.294117647058822,-30.439999999999998,2,8,terminal_interaction_mid,0.2977563908583538,0.32048314906098013
1473489,2025,8,5,0,25.27777777777777,11.373134328358208,-30.859999999999985,2,8,terminal_interaction_mid,0.3003798462196169,0.3228797320450389
1473489,2025,8,6,0,25.27777777777777,11.454545454545455,-31.279999999999987,2,8,terminal_interaction_mid,0.2905826614796808,0.3139159177346846
1473489,2025,9,1,0,25.27777777777777,11.538461538461538,-31.700000000000003,2,8,terminal_interaction_mid,0.28821989426454947,0.32065030940092404
1473489,2025,9,2,0,25.27777777777777,11.15625,-27.119999999999976,2,8,terminal_interaction_mid,0.4005821476001864,0.419562197883026
1473489,2025,9,3,0,25.27777777777777,11.333333333333332,-28.539999999999992,2,8,terminal_interaction_mid,0.37320250394871957,0.3958477313154157
1473489,2025,9,4,0,25.27777777777777,10.935483870967742,-23.959999999999994,2,8,terminal_interaction_mid,0.4676689557020429,0.47704872876489945
1473489,2025,9,5,0,25.27777777777777,10.721311475409836,-21.37999999999998,2,8,terminal_interaction_mid,0.5082433303695366,0.5115869154844127
1473489,2025,9,6,0,25.27777777777777,10.8,-21.799999999999997,2,8,terminal_interaction_mid,0.505522003457784,0.5092724018796452
1473489,2025,10,1,0,25.27777777777777,10.881355932203391,-22.22,2,8,terminal_interaction_mid,0.5044420666011469,0.5114836462633825
1473489,2025,10,2,0,25.27777777777777,10.448275862068966,-17.639999999999986,2,8,terminal_interaction_mid,0.5536822119860805,0.555517033060063
1473489,2025,10,3,0,25.27777777777777,10.421052631578949,-17.060000000000002,2,8,terminal_interaction_mid,0.5632113722483056,0.5640412962744452
1473489,2025,10,4,0,25.27777777777777,10.178571428571429,-14.480000000000018,2,8,terminal_interaction_mid,0.5811622165134556,0.5801107267108762
1473489,2025,10,5,0,25.27777777777777,10.254545454545454,-14.900000000000006,2,8,terminal_interaction_mid,0.5817078169977781,0.5805994504165441
1473489,2025,10,6,0,25.27777777777777,10.333333333333334,-15.319999999999993,2,8,terminal_interaction_mid,0.5992981973396323,0.5963687115773311
1473489,2025,11,1,0,25.27777777777777,10.30188679245283,-14.740000000000009,2,8,terminal_interaction_mid,0.6012036027596562,0.6030419766600082
1473489,2025,11,2,0,25.27777777777777,10.5,-16.159999999999997,2,8,terminal_interaction_mid,0.5964596644341149,0.598697860438888
1473489,2025,11,3,0,25.27777777777777,10.588235294117647,-16.579999999999984,2,8,terminal_interaction_mid,0.5853862045370931,0.5885613969502005
1473489,2025,11,4,0,25.27777777777777,10.68,-17.0,2,8,terminal_interaction_mid,0.5743034279067323,0.5784202507008191
1473489,2025,11,5,0,25.27777777777777,10.775510204081632,-17.419999999999987,2,8,terminal_interaction_mid,0.5762612131675974,0.5802114900401245
1473489,2025,11,6,0,25.27777777777777,10.875,-17.839999999999975,2,8,terminal_interaction_mid,0.5643242790712204,0.5692908774712557
1473489,2025,12,1,0,25.27777777777777,10.595744680851064,-15.259999999999991,2,8,terminal_interaction_mid,0.5865034215637857,0.5876370483385108
1473489,2025,12,2,0,25.27777777777777,10.695652173913043,-15.680000000000007,2,8,terminal_interaction_mid,0.5757237439200596,0.5777568698667398
1473489,2025,12,3,0,25.27777777777777,10.666666666666666,-15.099999999999994,2,8,terminal_interaction_mid,0.5938198483101791,0.594345919950521
1473489,2025,12,4,0,25.27777777777777,10.636363636363637,-14.52000000000001,2,8,terminal_interaction_mid,0.5924141242197245,0.5930567128624356
1473489,2025,12,5,0,25.27777777777777,10.883720930232558,-15.939999999999998,2,8,terminal_interaction_mid,0.5916005260155109,0.592310600254141
1473489,2025,12,6,0,25.27777777777777,10.571428571428571,-13.359999999999985,2,8,terminal_interaction_mid,0.6440163442978142,0.6404802545105521
1473489,2025,13,1,0,25.27777777777777,10.682926829268293,-13.779999999999973,2,8,terminal_interaction_mid,0.6328583405035173,0.6270255178355624
1473489,2025,13,2,0,25.27777777777777,10.8,-14.200000000000017,2,8,terminal_interaction_mid,0.5962649289055686,0.5922430501974897
1473489,2025,13,3,0,25.27777777777777,10.923076923076923,-14.620000000000005,2,8,terminal_interaction_mid,0.5773698443543558,0.5743230092219572
1473489,2025,13,4,0,25.27777777777777,11.052631578947368,-15.039999999999992,2,8,terminal_interaction_mid,0.5902306784038439,0.5865177092567512
1473489,2025,13,5,0,25.27777777777777,10.702702702702702,-12.45999999999998,2,8,terminal_interaction_mid,0.6347912882192708,0.6288662829146006
1473489,2025,13,6,0,25.27777777777777,10.666666666666666,-11.879999999999995,2,8,terminal_interaction_mid,0.6443590379744126,0.6379837005559251
1473489,2025,14,1,0,25.27777777777777,10.8,-12.299999999999983,2,8,terminal_interaction_mid,0.6396696335422472,0.6339494718910214
1473489,2025,14,2,0,25.27777777777777,11.117647058823529,-13.719999999999999,2,8,terminal_interaction_mid,0.6226157345703889,0.6176235175501993
1473489,2025,14,3,0,25.27777777777777,11.272727272727273,-14.140000000000015,2,8,terminal_interaction_mid,0.5873056306303108,0.5838964567318337
1473489,2025,14,4,0,25.27777777777777,11.4375,-14.560000000000002,2,8,terminal_interaction_mid,0.5853589618839625,0.5820395087383722
1473489,2025,14,5,0,25.27777777777777,11.612903225806452,-14.97999999999999,2,8,terminal_interaction_mid,0.5726344519494819,0.5699065510480535
1473489,2025,14,6,0,25.27777777777777,10.8,-10.400000000000006,2,8,terminal_interaction_mid,0.6751525789160324,0.6680174691059941
1473489,2025,15,1,0,25.27777777777777,10.758620689655173,-9.819999999999993,2,8,terminal_interaction_mid,0.7158958060944773,0.7093430411954477
1473489,2025,15,2,0,25.27777777777777,10.928571428571429,-10.240000000000009,2,8,terminal_interaction_mid,0.7061311462111879,0.6998760632936946
1473489,2025,15,3,0,25.27777777777777,10.88888888888889,-9.659999999999997,2,8,terminal_interaction_mid,0.7183906009793029,0.7117640094070822
1473489,2025,15,4,0,25.27777777777777,11.076923076923077,-10.080000000000013,2,8,terminal_interaction_mid,0.7088774130885237,0.702537234503203
1473489,2025,15,5,0,25.27777777777777,10.56,-7.499999999999972,2,8,terminal_interaction_mid,0.7793526750950492,0.7712557654871907
1473489,2025,15,6,0,25.27777777777777,10.75,-7.9199999999999875,2,8,terminal_interaction_mid,0.7703188902614999,0.762394302951559
1473490,2025,7,1,0,9.0,10.675324675324676,-43.471666666666664,3,7,terminal_interaction_mid,0.1200590118814918,0.15426634823692037
1473490,2025,7,2,0,9.0,10.736842105263158,-43.67333333333333,3,7,terminal_interaction_mid,0.12470381711548764,0.1591458813634962
1473490,2025,7,3,0,9.0,10.879999999999999,-57.75,4,6,terminal_interaction_mid,0.05424022170613753,0.08006244991498693
1473490,2025,7,4,0,9.0,11.027027027027028,-58.78,4,6,terminal_interaction_mid,0.05268543409829093,0.0781514273539374
1473490,2025,7,5,0,9.0,11.17808219178082,-72.34166666666667,5,5,terminal_interaction_mid,0.025463890996180783,0.04258673111118132
1473490,2025,7,6,0,9.0,11.25,-72.19999999999999,5,5,terminal_interaction_mid,0.028076266322297677,0.046220161049476086
1473490,2025,8,1,0,9.0,11.408450704225352,-73.05833333333331,5,5,terminal_interaction_mid,0.02707731818969236,0.04141441819518149
1473490,2025,8,2,0,9.0,11.485714285714286,-72.91666666666666,5,5,terminal_interaction_mid,0.02685164181506351,0.041115775543010866
1473490,2025,8,3,0,9.0,11.565217391304348,-72.775,5,5,terminal_interaction_mid,0.02632142367604886,0.04041268983137318
1473490,2025,8,4,0,9.0,11.735294117647058,-73.63333333333333,5,5,terminal_interaction_mid,0.025261623863322258,0.03900117609014437
1473490,2025,8,5,0,9.0,11.82089552238806,-73.49166666666667,5,5,terminal_interaction_mid,0.025701643738947785,0.03958824141935502
1473490,2025,8,6,0,9.0,12.0,-74.35,5,5,terminal_interaction_mid,0.026126139586825827,0.040153222993884956
1473490,2025,9,1,0,9.0,12.0,-73.20833333333334,5,5,terminal_interaction_mid,0.02645461766541457,0.04526189098006774
1473490,2025,9,2,0,9.0,12.1875,-74.06666666666669,5,5,terminal_interaction_mid,0.023954898731763284,0.04166269748775362
1473490,2025,9,3,0,9.0,12.19047619047619,-72.92500000000001,5,5,terminal_interaction_mid,0.02795838748015286,0.04739771920794011
1473490,2025,9,4,0,9.0,12.29032258064516,-72.78333333333333,5,5,terminal_interaction_mid,0.02585162770171985,0.04439942353418255
1473490,2025,9,5,0,9.0,12.295081967213115,-71.64166666666668,5,5,terminal_interaction_mid,0.03170714243218633,0.05263541339549188
1473490,2025,9,6,0,9.0,12.5,-72.5,5,5,terminal_interaction_mid,0.030016655850167145,0.0502881473562922
1473490,2025,10,1,0,9.0,12.305084745762711,-69.35833333333332,5,5,terminal_interaction_mid,0.036011263944775426,0.051543270376458984
1473490,2025,10,2,0,9.0,12.413793103448278,-69.21666666666667,5,5,terminal_interaction_mid,0.03544360566150249,0.05082697914368681
1473490,2025,10,3,0,9.0,12.526315789473683,-69.07499999999999,5,5,terminal_interaction_mid,0.03562591108924627,0.05105717962197045
1473490,2025,10,4,0,9.0,12.642857142857142,-68.93333333333331,5,5,terminal_interaction_mid,0.03275271153545241,0.04741083751408914
1473490,2025,10,5,0,9.0,12.763636363636365,-68.79166666666669,5,5,terminal_interaction_mid,0.03346334963419065,0.048316408850574075
1473490,2025,10,6,0,9.0,13.0,-69.65,5,5,terminal_interaction_mid,0.029442184226116372,0.04315794248905209
1473490,2025,11,1,0,9.0,13.245283018867926,-70.50833333333333,5,5,terminal_interaction_mid,0.028512631539265875,0.03935635503594872
1473490,2025,11,2,0,9.0,13.038461538461537,-67.36666666666667,5,5,terminal_interaction_mid,0.03666392302376105,0.04942678526978877
1473490,2025,11,3,0,9.0,12.823529411764707,-64.225,5,5,terminal_interaction_mid,0.04650218638402758,0.061277021469473954
1473490,2025,11,4,0,9.0,12.96,-64.08333333333331,5,5,terminal_interaction_mid,0.046739803494264945,0.061559704237950694
1473490,2025,11,5,0,9.0,12.979591836734695,-62.94166666666669,5,5,terminal_interaction_mid,0.049811292562036015,0.06520012459412118
1473490,2025,11,6,0,9.0,13.125,-62.80000000000001,5,5,terminal_interaction_mid,0.04629756636046836,0.061033469906247674
1473490,2025,12,1,0,9.0,13.27659574468085,-62.65833333333333,5,5,terminal_interaction_mid,0.03905251177453893,0.05188978246294664
1473490,2025,12,2,0,9.0,12.782608695652176,-57.51666666666668,5,5,terminal_interaction_mid,0.06772466976271181,0.08530037079423906
1473490,2025,12,3,0,9.0,12.266666666666666,-52.375,5,5,terminal_interaction_mid,0.10074402907899384,0.12185813757372814
1473490,2025,12,4,0,9.0,11.727272727272727,-47.23333333333332,5,5,terminal_interaction_mid,0.14421980714807509,0.16793757080263624
1473490,2025,12,5,0,9.0,11.162790697674419,-42.09166666666667,5,5,terminal_interaction_mid,0.17338117203786904,0.19788937845271976
1473490,2025,12,6,0,9.0,11.285714285714285,-41.94999999999999,5,5,terminal_interaction_mid,0.16748411990411555,0.1918845935628216
1473490,2025,12,7,0,9.0,10.682926829268293,-36.80833333333331,5,5,terminal_interaction_mid,0.19401165156558686,0.21871086142116955
1473490,2025,13,1,0,9.0,10.536585365853659,-35.80833333333331,5,5,terminal_interaction_mid,0.19394149091827526,0.20695765740468303
1473490,2025,13,2,0,9.0,9.899999999999999,-30.666666666666686,5,5,terminal_interaction_mid,0.2583372896464148,0.2702497213456443
1473490,2025,13,3,0,9.0,10.153846153846153,-31.525000000000006,5,5,terminal_interaction_mid,0.2570778599001434,0.2690231367900565
1473490,2025,13,4,0,9.0,10.421052631578949,-32.383333333333326,5,5,terminal_interaction_mid,0.2402376893664686,0.2525829870676997
1473490,2025,13,5,0,9.0,10.54054054054054,-32.241666666666674,5,5,terminal_interaction_mid,0.24208262741285164,0.2543877724499362
1473490,2025,13,6,0,9.0,10.5,-31.099999999999994,5,5,terminal_interaction_mid,0.26057558381631346,0.2724286767111324
1473490,2025,14,1,0,9.0,10.457142857142857,-29.958333333333314,5,5,terminal_interaction_mid,0.29006710125938945,0.2996840356815134
1473490,2025,14,2,0,9.0,10.588235294117647,-29.81666666666669,5,5,terminal_interaction_mid,0.28665759961085857,0.2963760666828907
1473490,2025,14,3,0,9.0,9.818181818181818,-24.67500000000001,5,5,terminal_interaction_mid,0.41602467618086614,0.42074288535795884
1473490,2025,14,4,0,9.0,9.9375,-24.53333333333333,5,5,terminal_interaction_mid,0.4090439664105411,0.4140767732466022
1473490,2025,14,5,0,9.0,10.064516129032258,-24.39166666666668,5,5,terminal_interaction_mid,0.4187511394064727,0.4233455723051039
1473490,2025,14,6,0,9.0,10.4,-25.25,5,5,terminal_interaction_mid,0.39411549403654855,0.399808866416376
1473490,2025,15,1,0,9.0,9.931034482758621,-22.10833333333332,5,5,terminal_interaction_mid,0.4566619484218587,0.4604098069057238
1473490,2025,15,2,0,9.0,10.071428571428571,-21.96666666666667,5,5,terminal_interaction_mid,0.4487510202528623,0.4528273303123776
1473490,2025,15,3,0,9.0,10.222222222222221,-21.82499999999999,5,5,terminal_interaction_mid,0.42060802006055176,0.42582652492128564
1473490,2025,15,4,0,9.0,10.384615384615385,-21.68333333333331,5,5,terminal_interaction_mid,0.40193014048310255,0.4078786720294215
1473490,2025,15,5,0,9.0,10.56,-21.541666666666686,5,5,terminal_interaction_mid,0.405608069078982,0.4114148889572996
1473490,2025,15,6,0,9.0,11.0,-26.519999999999982,6,4,terminal_interaction_mid,0.2240794091345103,0.23484805264998948
1473490,2025,15,7,0,9.0,11.217391304347826,-26.206666666666678,6,4,terminal_interaction_mid,0.2481228550905482,0.25856188480973474
1473491,2025,7,1,0,34.0,14.415584415584416,-77.99666666666667,3,7,terminal_interaction_mid,0.01948317408599649,0.0340104769912499
1473491,2025,7,2,0,34.0,14.526315789473685,-78.37333333333333,3,7,terminal_interaction_mid,0.01872760599405101,0.03289738030985406
1473491,2025,7,3,0,34.0,14.56,-77.75,3,7,terminal_interaction_mid,0.020208484424255612,0.03507216839624284
1473491,2025,7,4,0,34.0,14.675675675675677,-78.12666666666667,3,7,terminal_interaction_mid,0.018895162630144496,0.033144865435241276
1473491,2025,7,5,0,34.0,14.712328767123289,-77.50333333333333,3,7,terminal_interaction_mid,0.019279859410459503,0.03371168187094014
1473491,2025,7,6,0,34.0,14.916666666666668,-93.03999999999999,4,6,terminal_interaction_mid,0.007885343138200152,0.01584677110019951
1473491,2025,7,7,0,34.0,15.126760563380284,-94.22,4,6,terminal_interaction_mid,0.008494406309392695,0.01687724467697673
1473491,2025,8,1,0,34.0,15.042253521126762,-93.22,4,6,terminal_interaction_mid,0.009099252304534407,0.016064596704078865
1473491,2025,8,2,0,34.0,15.085714285714285,-92.39999999999998,4,6,terminal_interaction_mid,0.009393674728553555,0.016516605509012596
1473491,2025,8,3,0,34.0,14.782608695652172,-87.58000000000001,4,6,terminal_interaction_mid,0.012761614813696826,0.02156591163768835
1473491,2025,8,4,0,34.0,14.911764705882353,-87.76000000000002,4,6,terminal_interaction_mid,0.012196336563076081,0.02073247977838492
1473491,2025,8,5,0,34.0,15.044776119402986,-87.94,4,6,terminal_interaction_mid,0.012097051601604587,0.02058555955579291
1473491,2025,8,6,0,34.0,15.181818181818182,-88.11999999999998,4,6,terminal_interaction_mid,0.011217399387648685,0.01927652822406087
1473491,2025,8,7,0,34.0,15.323076923076922,-88.30000000000001,4,6,terminal_interaction_mid,0.010585417067825304,0.018327502315177775
1473491,2025,9,1,0,34.0,15.323076923076922,-88.30000000000001,4,6,terminal_interaction_mid,0.010736618123641097,0.02125354314929143
1473491,2025,9,2,0,34.0,15.46875,-88.47999999999999,4,6,terminal_interaction_mid,0.010644602734025916,0.021100124790742848
1473491,2025,9,3,0,34.0,15.714285714285715,-89.66000000000003,4,6,terminal_interaction_mid,0.009373369777641312,0.018957105955491323
1473491,2025,9,4,0,34.0,15.870967741935484,-89.83999999999997,4,6,terminal_interaction_mid,0.00903676792332241,0.01838186081599011
1473491,2025,9,5,0,34.0,16.131147540983605,-103.01666666666668,5,5,terminal_interaction_mid,0.003813751091568963,0.008869618962471942
1473491,2025,9,6,0,34.0,16.3,-103.0,5,5,terminal_interaction_mid,0.003986980456285832,0.009209417010049339
1473491,2025,10,1,0,34.0,16.576271186440678,-103.98333333333332,5,5,terminal_interaction_mid,0.0037760780329817926,0.006960887230599032
1473491,2025,10,2,0,34.0,16.862068965517242,-104.96666666666667,5,5,terminal_interaction_mid,0.003260527043436942,0.006106198849362662
1473491,2025,10,3,0,34.0,16.736842105263158,-101.94999999999999,5,5,terminal_interaction_mid,0.0036325133482213593,0.0067242521196844264
1473491,2025,10,4,0,34.0,17.035714285714285,-102.93333333333331,5,5,terminal_interaction_mid,0.0033320891042724213,0.006225675326337316
1473491,2025,10,5,0,34.0,17.345454545454547,-103.91666666666669,5,5,terminal_interaction_mid,0.0032110850718694876,0.006023485213357334
1473491,2025,10,6,0,34.0,17.555555555555557,-103.9,5,5,terminal_interaction_mid,0.003171455615335093,0.005957086604996722
1473491,2025,11,1,0,34.0,17.20754716981132,-98.88333333333333,5,5,terminal_interaction_mid,0.00404557149812371,0.006633668224332545
1473491,2025,11,2,0,34.0,17.423076923076923,-98.86666666666667,5,5,terminal_interaction_mid,0.0037747138422252087,0.0062261198599421665
1473491,2025,11,3,0,34.0,17.058823529411764,-93.85,5,5,terminal_interaction_mid,0.005936515649134931,0.009420286311950975
1473491,2025,11,4,0,34.0,16.919999999999998,-90.83333333333331,5,5,terminal_interaction_mid,0.007302668996106936,0.011383065050358281
1473491,2025,11,5,0,34.0,17.26530612244898,-91.81666666666669,5,5,terminal_interaction_mid,0.006776064372275315,0.010630733098733577
1473491,2025,11,6,0,34.0,17.125,-88.80000000000001,5,5,terminal_interaction_mid,0.008554975848740076,0.013153291265368214
1473491,2025,12,1,0,34.0,17.361702127659576,-88.78333333333333,5,5,terminal_interaction_mid,0.006625393499186075,0.010318027332346123
1473491,2025,12,2,0,34.0,16.956521739130437,-83.76666666666668,5,5,terminal_interaction_mid,0.00987811864215481,0.014861474157874746
1473491,2025,12,3,0,34.0,17.333333333333332,-84.75,5,5,terminal_interaction_mid,0.008316214653650653,0.012699944181327735
1473491,2025,12,4,0,34.0,16.90909090909091,-79.73333333333332,5,5,terminal_interaction_mid,0.012377122773437478,0.018257314908624693
1473491,2025,12,5,0,34.0,17.16279069767442,-79.71666666666667,5,5,terminal_interaction_mid,0.011227251326298681,0.01670345183093196
1473491,2025,12,6,0,34.0,17.285714285714285,-78.69999999999999,5,5,terminal_interaction_mid,0.011313823987621497,0.016820932780621398
1473491,2025,12,7,0,34.0,17.70731707317073,-79.68333333333331,5,5,terminal_interaction_mid,0.009423831199824949,0.014236204568641275
1473491,2025,13,1,0,34.0,17.414634146341463,-77.68333333333331,5,5,terminal_interaction_mid,0.011397554068899068,0.014518598207772664
1473491,2025,13,2,0,34.0,17.700000000000003,-77.66666666666669,5,5,terminal_interaction_mid,0.009832680074857162,0.012630701510808712
1473491,2025,13,3,0,34.0,17.538461538461537,-74.65,5,5,terminal_interaction_mid,0.012447357849868822,0.01577637233921891
1473491,2025,13,4,0,34.0,17.842105263157897,-74.63333333333333,5,5,terminal_interaction_mid,0.01085465731444882,0.013865485688488584
1473491,2025,13,5,0,34.0,18.16216216216216,-74.61666666666667,5,5,terminal_interaction_mid,0.00929560626388112,0.011978805771796894
1473491,2025,13,6,0,34.0,18.5,-74.6,5,5,terminal_interaction_mid,0.008255049456764942,0.010709373140009344
1473491,2025,14,1,0,34.0,18.857142857142858,-74.58333333333331,5,5,terminal_interaction_mid,0.007206219338375738,0.009152342722941742
1473491,2025,14,2,0,34.0,19.235294117647058,-74.56666666666669,5,5,terminal_interaction_mid,0.0058949808719930795,0.007562632511164387
1473491,2025,14,3,0,34.0,19.636363636363637,-74.55000000000001,5,5,terminal_interaction_mid,0.005163765911618407,0.00666843300687721
1473491,2025,14,4,0,34.0,20.0625,-74.53333333333333,5,5,terminal_interaction_mid,0.004850807087789018,0.006283787905927894
1473491,2025,14,5,0,34.0,20.516129032258064,-74.51666666666668,5,5,terminal_interaction_mid,0.00439595924095928,0.0057224752132213645
1473491,2025,14,6,0,34.0,20.4,-71.5,5,5,terminal_interaction_mid,0.0049949015432059745,0.006461040729647261
1473491,2025,14,7,0,34.0,19.862068965517242,-66.48333333333332,5,5,terminal_interaction_mid,0.007251183427732206,0.009206574954396744
1473491,2025,14,8,0,34.0,20.142857142857142,-65.46666666666667,5,5,terminal_interaction_mid,0.0072241506849299916,0.009173972227739153
1473491,2025,15,1,0,34.0,19.03448275862069,-62.48333333333332,5,5,terminal_interaction_mid,0.010391348395574018,0.012701285714925714
1473491,2025,15,2,0,34.0,19.5,-62.46666666666667,5,5,terminal_interaction_mid,0.009204168239689427,0.011311821661418232
1473491,2025,15,3,0,34.0,20.0,-62.44999999999999,5,5,terminal_interaction_mid,0.007799774050934507,0.009657204395179829
1473491,2025,15,4,0,34.0,20.538461538461537,-62.43333333333331,5,5,terminal_interaction_mid,0.0071367891159545985,0.00887143248241275
1473491,2025,15,5,0,34.0,21.12,-62.416666666666686,5,5,terminal_interaction_mid,0.006143894684079296,0.007688254593979242
1473491,2025,15,6,0,34.0,22.0,-63.400000000000006,5,5,terminal_interaction_mid,0.00557898857421811,0.007011260205803646
1473493,2025,7,1,1,-22.19999999999999,8.96103896103896,-24.487499999999997,1,9,terminal_interaction_mid,0.6985400682450209,0.6718585538694213
1473493,2025,7,2,1,-22.19999999999999,8.763157894736842,-21.650000000000006,1,9,terminal_interaction_mid,0.7531486422128839,0.7214164328353222
1473493,2025,7,3,1,-22.19999999999999,8.799999999999999,-21.8125,1,9,terminal_interaction_mid,0.7460539099919317,0.7148841444384886
1473493,2025,7,4,1,-22.19999999999999,8.837837837837839,-21.974999999999994,1,9,terminal_interaction_mid,0.7515516577660908,0.7199433109387132
1473493,2025,7,5,1,-22.19999999999999,8.876712328767123,-22.137500000000003,1,9,terminal_interaction_mid,0.7567357549939208,0.7247312727641192
1473493,2025,7,6,1,-22.19999999999999,8.916666666666668,-22.299999999999997,1,9,terminal_interaction_mid,0.7536910659596632,0.7219171544858666
1473493,2025,7,7,1,-22.19999999999999,8.95774647887324,-22.462500000000006,1,9,terminal_interaction_mid,0.7435958950092896,0.7126281916709821
1473493,2025,7,8,1,-22.19999999999999,8.571428571428571,-17.625,1,9,terminal_interaction_mid,0.7942210245070418,0.7599143299197461
1473493,2025,7,9,1,-22.19999999999999,8.608695652173912,-17.78750000000001,1,9,terminal_interaction_mid,0.7910022673429957,0.7568508608510026
1473493,2025,7,10,1,-22.19999999999999,8.647058823529411,-17.950000000000003,1,9,terminal_interaction_mid,0.7863756015963264,0.7524623228931921
1473493,2025,7,11,1,-22.19999999999999,8.776119402985074,-19.112499999999997,1,9,terminal_interaction_mid,0.7811523998203608,0.7475284598739066
1473493,2025,8,1,1,-22.19999999999999,8.197183098591548,-13.462500000000006,1,9,terminal_interaction_mid,0.8155817343705649,0.786875471562577
1473493,2025,8,2,1,-22.19999999999999,8.314285714285713,-14.625,1,9,terminal_interaction_mid,0.80795238890356,0.7794336854097237
1473493,2025,8,3,1,-22.19999999999999,8.347826086956522,-14.787500000000009,1,9,terminal_interaction_mid,0.801347251545095,0.773027981258496
1473493,2025,8,4,1,-22.19999999999999,8.382352941176471,-14.950000000000003,1,9,terminal_interaction_mid,0.8064862828049021,0.7780089410034785
1473493,2025,8,5,1,-22.19999999999999,8.417910447761194,-15.112499999999997,1,9,terminal_interaction_mid,0.8028926154281507,0.7745236951259996
1473493,2025,8,6,1,-22.19999999999999,8.454545454545455,-15.274999999999977,1,9,terminal_interaction_mid,0.8060016019101176,0.7775383025093899
1473493,2025,9,1,1,-22.19999999999999,8.492307692307692,-15.4375,1,9,terminal_interaction_mid,0.8017292500482217,0.7697449967924758
1473493,2025,9,2,1,-22.19999999999999,8.53125,-15.600000000000009,1,9,terminal_interaction_mid,0.7976094137339677,0.7658444174345453
1473493,2025,9,3,1,-22.19999999999999,8.571428571428571,-15.762499999999989,1,9,terminal_interaction_mid,0.7904638760028528,0.7591125938282615
1473493,2025,9,4,1,-22.19999999999999,8.70967741935484,-16.924999999999983,1,9,terminal_interaction_mid,0.7807474760576572,0.7500234428292794
1473493,2025,9,5,1,-22.19999999999999,8.754098360655739,-17.08749999999999,1,9,terminal_interaction_mid,0.7803257556897263,0.7496305661954299
1473493,2025,9,6,1,-22.19999999999999,8.799999999999999,-17.25,1,9,terminal_interaction_mid,0.7786530748370245,0.7480735788984398
1473493,2025,10,1,1,-22.19999999999999,8.542372881355933,-14.412499999999994,1,9,terminal_interaction_mid,0.8102473020783275,0.7907408771686606
1473493,2025,10,2,1,-22.19999999999999,8.689655172413794,-15.574999999999989,1,9,terminal_interaction_mid,0.8008606569497321,0.7817251061678983
1473493,2025,10,3,1,-22.19999999999999,8.736842105263158,-15.737499999999997,1,9,terminal_interaction_mid,0.7939382583091459,0.775109434293023
1473493,2025,10,4,1,-22.19999999999999,8.892857142857142,-16.89999999999999,1,9,terminal_interaction_mid,0.7831261458427456,0.76482922570065
1473493,2025,10,5,1,-22.19999999999999,8.945454545454545,-17.0625,1,9,terminal_interaction_mid,0.7859731091088559,0.7675301058592182
1473493,2025,10,6,1,-22.19999999999999,8.88888888888889,-16.224999999999994,1,9,terminal_interaction_mid,0.8035544563128882,0.7843070415971318
1473493,2025,11,1,1,-22.19999999999999,8.943396226415093,-16.387500000000003,1,9,terminal_interaction_mid,0.7974506772170264,0.7856153402781825
1473493,2025,11,2,1,-22.19999999999999,9.0,-16.549999999999997,1,9,terminal_interaction_mid,0.801038716586608,0.789049888622283
1473493,2025,11,3,1,-22.19999999999999,9.176470588235293,-24.299999999999983,2,8,terminal_interaction_mid,0.7071401671411639,0.7006173505892048
1473493,2025,11,4,1,-22.19999999999999,9.36,-25.33333333333333,2,8,terminal_interaction_mid,0.755688211276464,0.7460017909033057
1473493,2025,11,5,1,-22.19999999999999,9.428571428571429,-25.366666666666674,2,8,terminal_interaction_mid,0.7593348442263537,0.749436846577865
1473493,2025,11,6,1,-22.19999999999999,9.625,-26.39999999999999,2,8,terminal_interaction_mid,0.7656277584094022,0.7553745641807029
1473493,2025,12,1,1,-22.19999999999999,9.829787234042554,-27.433333333333337,2,8,terminal_interaction_mid,0.7234012095842794,0.7141467736593935
1473493,2025,12,2,1,-22.19999999999999,10.043478260869566,-28.46666666666667,2,8,terminal_interaction_mid,0.6739529608705852,0.668129384452706
1473493,2025,12,3,1,-22.19999999999999,10.266666666666666,-29.5,2,8,terminal_interaction_mid,0.6646217237315597,0.6594971135735465
1473493,2025,12,4,1,-22.19999999999999,10.363636363636363,-29.53333333333333,2,8,terminal_interaction_mid,0.6541927594363086,0.6498649107194048
1473493,2025,12,5,1,-22.19999999999999,10.046511627906977,-26.566666666666677,2,8,terminal_interaction_mid,0.7437729820570951,0.7332717799830135
1473493,2025,12,6,1,-22.19999999999999,9.714285714285715,-23.599999999999994,2,8,terminal_interaction_mid,0.7800946759214931,0.7676863360122824
1473493,2025,12,7,1,-22.19999999999999,9.073170731707318,-18.633333333333326,2,8,terminal_interaction_mid,0.8424045622909975,0.8279957827646539
1473493,2025,13,1,1,-22.19999999999999,8.926829268292682,-17.633333333333326,2,8,terminal_interaction_mid,0.8577070019712061,0.8460300393894412
1473493,2025,13,2,1,-22.19999999999999,9.0,-17.66666666666667,2,8,terminal_interaction_mid,0.855748146366687,0.8440530734601286
1473493,2025,13,3,1,-22.19999999999999,9.076923076923077,-17.700000000000003,2,8,terminal_interaction_mid,0.8655362860313662,0.8539512536607743
1473493,2025,13,4,1,-22.19999999999999,8.368421052631579,-12.73333333333332,2,8,terminal_interaction_mid,0.9023837391327592,0.8917114340778538
1473493,2025,13,5,1,-22.19999999999999,8.27027027027027,-11.766666666666666,2,8,terminal_interaction_mid,0.902723163293629,0.8920634785656079
1473493,2025,13,6,1,-22.19999999999999,8.166666666666668,-10.799999999999997,2,8,terminal_interaction_mid,0.9050385164278889,0.8944672465000385
1473493,2025,14,1,1,-22.19999999999999,8.399999999999999,-11.833333333333329,2,8,terminal_interaction_mid,0.9054365850380506,0.8959466300356329
1473493,2025,14,2,1,-22.19999999999999,7.9411764705882355,-8.86666666666666,2,8,terminal_interaction_mid,0.9176730657920269,0.9086804065306416
1473493,2025,14,3,1,-22.19999999999999,8.0,-8.900000000000006,2,8,terminal_interaction_mid,0.918089175369323,0.9091154280367599
1473493,2025,14,4,1,-22.19999999999999,8.0625,-8.933333333333323,2,8,terminal_interaction_mid,0.9124443705197987,0.903225587968096
1473493,2025,14,5,1,-22.19999999999999,8.322580645161292,-13.970833333333317,3,7,terminal_interaction_mid,0.884599699887711,0.8744956418185312
1473493,2025,14,6,1,-22.19999999999999,8.6,-14.875,3,7,terminal_interaction_mid,0.8727305991127225,0.8623898874860956
1473493,2025,15,1,1,-22.19999999999999,8.689655172413794,-14.779166666666669,3,7,terminal_interaction_mid,0.8739660405662535,0.8654220573802115
1473493,2025,15,2,1,-22.19999999999999,8.785714285714285,-14.683333333333337,3,7,terminal_interaction_mid,0.872277162198239,0.863713541489735
1473493,2025,15,3,1,-22.19999999999999,9.11111111111111,-19.07499999999999,4,6,terminal_interaction_mid,0.80802053064256,0.7995040760259304
1473493,2025,15,4,1,-22.19999999999999,9.230769230769232,-18.849999999999994,4,6,terminal_interaction_mid,0.7921032735835836,0.7837947063252734
1473493,2025,15,5,1,-22.19999999999999,9.36,-18.625,4,6,terminal_interaction_mid,0.7825480399451614,0.7743945255204187
1473493,2025,15,6,1,-22.19999999999999,9.5,-18.400000000000006,4,6,terminal_interaction_mid,0.7693335182861549,0.7614287945830162
1473494,2025,7,1,1,-18.428571428571416,8.25974025974026,-47.57083333333334,5,5,terminal_interaction_mid,0.14581216047258394,0.18090306378914542
1473494,2025,7,2,1,-18.428571428571416,8.289473684210526,-47.31666666666666,5,5,terminal_interaction_mid,0.15262781877064802,0.18779566655732471
1473494,2025,7,3,1,-18.428571428571416,8.399999999999999,-48.0625,5,5,terminal_interaction_mid,0.14976711411919352,0.18490998167709585
1473494,2025,7,4,1,-18.428571428571416,8.35135135135135,-46.80833333333334,5,5,terminal_interaction_mid,0.16811376719309393,0.2032440619209229
1473494,2025,7,5,1,-18.428571428571416,8.383561643835616,-46.55416666666666,5,5,terminal_interaction_mid,0.16505312523759913,0.2002130251755057
1473494,2025,7,6,1,-18.428571428571416,8.416666666666666,-46.3,5,5,terminal_interaction_mid,0.15952971524168535,0.19471590086260396
1473494,2025,8,1,1,-18.428571428571416,8.535211267605634,-47.04583333333332,5,5,terminal_interaction_mid,0.15935213600639728,0.1887614000938726
1473494,2025,8,2,1,-18.428571428571416,8.571428571428571,-46.79166666666666,5,5,terminal_interaction_mid,0.16187829850041663,0.19129248069886612
1473494,2025,8,3,1,-18.428571428571416,8.173913043478262,-41.53750000000001,5,5,terminal_interaction_mid,0.2236515283894681,0.25147565841373115
1473494,2025,8,4,1,-18.428571428571416,8.294117647058822,-42.28333333333333,5,5,terminal_interaction_mid,0.21939860173866796,0.24742346068608406
1473494,2025,8,5,1,-18.428571428571416,8.417910447761194,-43.02916666666667,5,5,terminal_interaction_mid,0.21001543302513584,0.23844064744004795
1473494,2025,8,6,1,-18.428571428571416,8.363636363636363,-41.775000000000006,5,5,terminal_interaction_mid,0.22219095794422766,0.2500853420081677
1473494,2025,9,1,1,-18.428571428571416,8.399999999999999,-41.52083333333334,5,5,terminal_interaction_mid,0.21574370077672594,0.2535681292186254
1473494,2025,9,2,1,-18.428571428571416,8.53125,-42.26666666666668,5,5,terminal_interaction_mid,0.21224216102387153,0.25023072646727545
1473494,2025,9,3,1,-18.428571428571416,8.666666666666666,-43.01250000000002,5,5,terminal_interaction_mid,0.2040779331064192,0.2424078227135994
1473494,2025,9,4,1,-18.428571428571416,8.806451612903226,-43.758333333333326,5,5,terminal_interaction_mid,0.20151648598959312,0.23994113011837168
1473494,2025,9,5,1,-18.428571428571416,8.852459016393443,-43.50416666666666,5,5,terminal_interaction_mid,0.2046329666328467,0.24294153395886461
1473494,2025,9,6,1,-18.428571428571416,8.9,-43.25,5,5,terminal_interaction_mid,0.20424717037723572,0.2425705881675678
1473494,2025,9,7,1,-18.428571428571416,8.847457627118644,-41.99583333333334,5,5,terminal_interaction_mid,0.21634860383014767,0.25414362773329835
1473494,2025,10,1,1,-18.428571428571416,8.23728813559322,-35.99583333333334,5,5,terminal_interaction_mid,0.28921831584169616,0.31543488167308287
1473494,2025,10,2,1,-18.428571428571416,7.965517241379311,-32.741666666666674,5,5,terminal_interaction_mid,0.3403236031384036,0.3629937500185202
1473494,2025,10,3,1,-18.428571428571416,7.684210526315789,-29.487499999999983,5,5,terminal_interaction_mid,0.4266465198661376,0.44163987320610276
1473494,2025,10,4,1,-18.428571428571416,7.178571428571429,-24.23333333333332,5,5,terminal_interaction_mid,0.5402998757206399,0.5435500717652813
1473494,2025,10,5,1,-18.428571428571416,6.654545454545454,-18.979166666666686,5,5,terminal_interaction_mid,0.6502012276541815,0.642202942398637
1473494,2025,10,6,1,-18.428571428571416,6.333333333333334,-15.724999999999994,5,5,terminal_interaction_mid,0.6901465728007643,0.6784912501488991
1473494,2025,11,1,1,-18.428571428571416,6.339622641509434,-15.470833333333331,5,5,terminal_interaction_mid,0.6929091484091097,0.6874161406852621
1473494,2025,11,2,1,-18.428571428571416,6.346153846153847,-15.216666666666669,5,5,terminal_interaction_mid,0.720810427445421,0.7133379026928501
1473494,2025,11,3,1,-18.428571428571416,6.470588235294118,-15.962500000000006,5,5,terminal_interaction_mid,0.7146046411036011,0.707558146347975
1473494,2025,11,4,1,-18.428571428571416,6.6000000000000005,-16.708333333333314,5,5,terminal_interaction_mid,0.7149917929550638,0.7079184664846263
1473494,2025,11,5,1,-18.428571428571416,6.612244897959183,-16.45416666666668,5,5,terminal_interaction_mid,0.7172545344555818,0.7100250560371286
1473494,2025,11,6,1,-18.428571428571416,6.625,-16.200000000000017,5,5,terminal_interaction_mid,0.7303678914726022,0.7222569369283267
1473494,2025,12,1,1,-18.428571428571416,6.76595744680851,-23.95666666666665,6,4,terminal_interaction_mid,0.47510925301474055,0.4855229388044988
1473494,2025,12,2,1,-18.428571428571416,6.782608695652174,-23.55333333333334,6,4,terminal_interaction_mid,0.44559733971034904,0.4583580882861326
1473494,2025,12,3,1,-18.428571428571416,6.933333333333333,-24.150000000000006,6,4,terminal_interaction_mid,0.4576973911016108,0.46950680406813106
1473494,2025,12,4,1,-18.428571428571416,7.090909090909092,-24.74666666666667,6,4,terminal_interaction_mid,0.4489200469465607,0.46142122814775516
1473494,2025,12,5,1,-18.428571428571416,7.116279069767442,-24.343333333333334,6,4,terminal_interaction_mid,0.4685877144320807,0.4795275377730093
1473494,2025,12,6,1,-18.428571428571416,7.285714285714285,-24.939999999999998,6,4,terminal_interaction_mid,0.4685012983916421,0.47944806760602104
1473494,2025,13,1,1,-18.428571428571416,7.317073170731707,-24.53666666666666,6,4,terminal_interaction_mid,0.492126892993332,0.49364181291028497
1473494,2025,13,2,1,-18.428571428571416,7.3500000000000005,-24.133333333333326,6,4,terminal_interaction_mid,0.48274458605687753,0.4847643116948782
1473494,2025,13,3,1,-18.428571428571416,7.538461538461538,-24.72999999999999,6,4,terminal_interaction_mid,0.4736771519040853,0.476182946976538
1473494,2025,13,4,1,-18.428571428571416,7.7368421052631575,-25.326666666666654,6,4,terminal_interaction_mid,0.43615682314937027,0.4406420911738069
1473494,2025,13,5,1,-18.428571428571416,7.783783783783784,-24.923333333333346,6,4,terminal_interaction_mid,0.4293813116327049,0.43421640162506786
1473494,2025,13,6,1,-18.428571428571416,8.0,-25.52000000000001,6,4,terminal_interaction_mid,0.4068239648352701,0.41280074884910534
1473494,2025,14,1,1,-18.428571428571416,8.228571428571428,-26.116666666666674,6,4,terminal_interaction_mid,0.4152917431019896,0.42004314153254385
1473494,2025,14,2,1,-18.428571428571416,8.294117647058822,-25.71333333333334,6,4,terminal_interaction_mid,0.41462659584886874,0.419408082509658
1473494,2025,14,3,1,-18.428571428571416,8.545454545454547,-26.310000000000002,6,4,terminal_interaction_mid,0.3903776805127137,0.39623360596190565
1473494,2025,14,4,1,-18.428571428571416,8.625,-25.906666666666666,6,4,terminal_interaction_mid,0.38665325813379264,0.39266993983081533
1473494,2025,14,5,1,-18.428571428571416,7.741935483870968,-20.50333333333333,6,4,terminal_interaction_mid,0.5357392754515666,0.5347646549527104
1473494,2025,14,6,1,-18.428571428571416,8.0,-21.099999999999994,6,4,terminal_interaction_mid,0.49976518672927905,0.5005270721898537
1473494,2025,15,1,1,-18.428571428571416,8.275862068965518,-21.69666666666666,6,4,terminal_interaction_mid,0.47231789575359134,0.4754082898190255
1473494,2025,15,2,1,-18.428571428571416,8.357142857142858,-21.293333333333322,6,4,terminal_interaction_mid,0.4778280531105021,0.48068506457596827
1473494,2025,15,3,1,-18.428571428571416,8.666666666666666,-21.890000000000015,6,4,terminal_interaction_mid,0.4679686897540901,0.4712426166911639
1473494,2025,15,4,1,-18.428571428571416,8.076923076923077,-18.48666666666668,6,4,terminal_interaction_mid,0.5963330664997241,0.5941418085658587
1473494,2025,15,5,1,-18.428571428571416,8.16,-18.083333333333314,6,4,terminal_interaction_mid,0.5909832489353569,0.5890132635004643
1473494,2025,15,6,1,-18.428571428571416,8.25,-17.67999999999998,6,4,terminal_interaction_mid,0.602012349146981,0.5995877483208812
1473497,2025,7,1,0,35.14285714285714,9.74025974025974,2.4724999999999966,1,9,terminal_interaction_mid,0.584874252991957,0.5724387979450504
1473497,2025,7,2,0,35.14285714285714,9.868421052631579,0.8299999999999841,1,9,terminal_interaction_mid,0.5521101381625044,0.5443156763523557
1473497,2025,7,3,0,35.14285714285714,9.52,5.1875,1,9,terminal_interaction_mid,0.6789365799705391,0.6544165663824656
1473497,2025,7,4,0,35.14285714285714,9.486486486486488,5.545000000000016,1,9,terminal_interaction_mid,0.6835461152583718,0.6585038287041413
1473497,2025,7,5,0,35.14285714285714,9.534246575342465,4.902500000000003,1,9,terminal_interaction_mid,0.6291051364869364,0.6106966221628808
1473497,2025,7,6,0,35.14285714285714,9.583333333333334,4.260000000000005,1,9,terminal_interaction_mid,0.6293883877608522,0.6109430449208152
1473497,2025,8,1,0,35.14285714285714,9.633802816901408,3.6174999999999926,1,9,terminal_interaction_mid,0.6288196863669606,0.6139832920694949
1473497,2025,8,2,0,35.14285714285714,9.600000000000001,3.9750000000000085,1,9,terminal_interaction_mid,0.6354103574101493,0.6198615070551952
1473497,2025,8,3,0,35.14285714285714,9.652173913043478,3.332499999999996,1,9,terminal_interaction_mid,0.6316645187101714,0.6165193918271212
1473497,2025,8,4,0,35.14285714285714,9.794117647058822,-10.719999999999999,2,8,terminal_interaction_mid,0.4480286878123886,0.45470983255611247
1473497,2025,8,5,0,35.14285714285714,9.940298507462686,-12.179999999999978,2,8,terminal_interaction_mid,0.4042959314621403,0.4161216449621772
1473497,2025,8,6,0,35.14285714285714,10.0,-12.639999999999986,2,8,terminal_interaction_mid,0.4060871268977341,0.4177072289655504
1473497,2025,9,1,0,35.14285714285714,10.153846153846153,-14.099999999999994,2,8,terminal_interaction_mid,0.4048427658520169,0.42323631708980414
1473497,2025,9,2,0,35.14285714285714,10.21875,-14.559999999999988,2,8,terminal_interaction_mid,0.38920033264208553,0.40972687251396167
1473497,2025,9,3,0,35.14285714285714,10.285714285714285,-15.019999999999996,2,8,terminal_interaction_mid,0.3784953129908811,0.40044716523084267
1473497,2025,9,4,0,35.14285714285714,10.451612903225806,-16.47999999999999,2,8,terminal_interaction_mid,0.3784310180405434,0.4003913394971876
1473497,2025,9,5,0,35.14285714285714,10.524590163934427,-16.939999999999998,2,8,terminal_interaction_mid,0.3817916237212795,0.4033077797006296
1473497,2025,9,6,0,35.14285714285714,10.6,-17.400000000000006,2,8,terminal_interaction_mid,0.3829746424783525,0.4043337263065715
1473497,2025,10,1,0,35.14285714285714,10.779661016949152,-18.860000000000014,2,8,terminal_interaction_mid,0.37232060263295047,0.392347370160549
1473497,2025,10,2,0,35.14285714285714,10.965517241379311,-30.905,3,7,terminal_interaction_mid,0.2736742704401641,0.3007677677724583
1473497,2025,10,3,0,35.14285714285714,11.157894736842106,-32.182500000000005,3,7,terminal_interaction_mid,0.2705211518488837,0.2977793785577878
1473497,2025,10,4,0,35.14285714285714,11.142857142857142,-31.460000000000008,3,7,terminal_interaction_mid,0.2965897509226575,0.3223546486651871
1473497,2025,10,5,0,35.14285714285714,11.236363636363636,-31.73750000000001,3,7,terminal_interaction_mid,0.28704153677025845,0.3133871915770483
1473497,2025,10,6,0,35.14285714285714,11.222222222222223,-31.015000000000015,3,7,terminal_interaction_mid,0.30008799077857806,0.32563089791865
1473497,2025,11,1,0,35.14285714285714,11.433962264150944,-32.29250000000002,3,7,terminal_interaction_mid,0.28868303812896,0.3131241113973858
1473497,2025,11,2,0,35.14285714285714,11.192307692307693,-29.569999999999993,3,7,terminal_interaction_mid,0.3037718412066029,0.3275792548870713
1473497,2025,11,3,0,35.14285714285714,11.294117647058822,-29.847499999999997,3,7,terminal_interaction_mid,0.31226779824593703,0.33568353559090597
1473497,2025,11,4,0,35.14285714285714,11.399999999999999,-30.12499999999997,3,7,terminal_interaction_mid,0.306330122799624,0.330022156109634
1473497,2025,11,5,0,35.14285714285714,11.63265306122449,-31.402499999999975,3,7,terminal_interaction_mid,0.3042241173875929,0.32801129598817325
1473497,2025,11,6,0,35.14285714285714,11.75,-31.680000000000007,3,7,terminal_interaction_mid,0.3015218528890205,0.3254288832277912
1473497,2025,12,1,0,35.14285714285714,11.23404255319149,-26.95750000000001,3,7,terminal_interaction_mid,0.3144289828019636,0.3358810819960679
1473497,2025,12,2,0,35.14285714285714,11.347826086956522,-27.235000000000014,3,7,terminal_interaction_mid,0.3227486786137705,0.34376977879163967
1473497,2025,12,3,0,35.14285714285714,11.466666666666667,-27.512500000000017,3,7,terminal_interaction_mid,0.3108006404460344,0.3324340831895662
1473497,2025,12,4,0,35.14285714285714,11.454545454545455,-26.79000000000002,3,7,terminal_interaction_mid,0.32178975023783346,0.3428615829462375
1473497,2025,12,5,0,35.14285714285714,11.58139534883721,-27.067500000000024,3,7,terminal_interaction_mid,0.3185026883678196,0.3397463537134495
1473497,2025,12,6,0,35.14285714285714,11.0,-22.345,3,7,terminal_interaction_mid,0.37974032267962365,0.397310888271453
1473497,2025,13,1,0,35.14285714285714,11.121951219512196,-22.622500000000002,3,7,terminal_interaction_mid,0.37065466627563637,0.37836839855817417
1473497,2025,13,2,0,35.14285714285714,11.399999999999999,-31.200000000000017,4,6,terminal_interaction_mid,0.2788604234131272,0.29018446392445496
1473497,2025,13,3,0,35.14285714285714,11.692307692307692,-32.29499999999999,4,6,terminal_interaction_mid,0.2863683753191206,0.2974535720665498
1473497,2025,13,4,0,35.14285714285714,11.842105263157894,-32.390000000000015,4,6,terminal_interaction_mid,0.2813515542200212,0.2925976829163439
1473497,2025,13,5,0,35.14285714285714,12.162162162162163,-33.484999999999985,4,6,terminal_interaction_mid,0.2714864649554721,0.2830331132461722
1473497,2025,13,6,0,35.14285714285714,12.333333333333332,-33.58000000000001,4,6,terminal_interaction_mid,0.2659272941785821,0.27763358847548175
1473497,2025,14,1,0,35.14285714285714,12.514285714285716,-33.67499999999998,4,6,terminal_interaction_mid,0.25703455669779995,0.2675392487689461
1473497,2025,14,2,0,35.14285714285714,12.705882352941178,-33.77000000000001,4,6,terminal_interaction_mid,0.27078366436236606,0.2809456861797768
1473497,2025,14,3,0,35.14285714285714,12.0,-28.86499999999998,4,6,terminal_interaction_mid,0.3015021798794607,0.3107634100272716
1473497,2025,14,4,0,35.14285714285714,12.375,-29.95999999999998,4,6,terminal_interaction_mid,0.2996353427742876,0.30895619761659326
1473497,2025,14,5,0,35.14285714285714,12.774193548387096,-31.055000000000007,4,6,terminal_interaction_mid,0.29640053346754136,0.30582328778306994
1473497,2025,14,6,0,35.14285714285714,13.200000000000001,-32.150000000000006,4,6,terminal_interaction_mid,0.29268415446088114,0.3022217189564146
1473497,2025,15,1,0,35.14285714285714,13.655172413793103,-33.245000000000005,4,6,terminal_interaction_mid,0.2612012062650032,0.271406533501435
1473497,2025,15,2,0,35.14285714285714,13.285714285714286,-30.340000000000003,4,6,terminal_interaction_mid,0.3038542048533781,0.3130684647067808
1473497,2025,15,3,0,35.14285714285714,13.555555555555554,-30.435000000000002,4,6,terminal_interaction_mid,0.285812133104557,0.2954853220109962
1473497,2025,15,4,0,35.14285714285714,13.153846153846155,-27.53,4,6,terminal_interaction_mid,0.31382961429081335,0.322767609051984
1473497,2025,15,5,0,35.14285714285714,13.440000000000001,-27.625,4,6,terminal_interaction_mid,0.29491486808661527,0.30436332101753727
1473497,2025,15,6,0,35.14285714285714,13.75,-27.72,4,6,terminal_interaction_mid,0.2712711601337178,0.28127269183269865
1473498,2025,7,1,1,1.3157894736842195,10.597402597402597,-7.308333333333323,0,10,terminal_interaction_mid,0.6326685755417911,0.6137982652523565
1473498,2025,7,2,1,1.3157894736842195,10.578947368421051,-6.966666666666669,0,10,terminal_interaction_mid,0.6278315028727769,0.6095888422268767
1473498,2025,7,3,1,1.3157894736842195,10.64,-7.625,0,10,terminal_interaction_mid,0.6198508898779022,0.6026567038417603
1473498,2025,7,4,1,1.3157894736842195,10.702702702702702,-8.283333333333331,0,10,terminal_interaction_mid,0.6124552432441999,0.596246191261242
1473498,2025,7,5,1,1.3157894736842195,10.767123287671232,-8.941666666666677,0,10,terminal_interaction_mid,0.6071740547877381,0.5916759295585736
1473498,2025,7,6,1,1.3157894736842195,10.833333333333334,-9.600000000000009,0,10,terminal_interaction_mid,0.603654196570317,0.5886331627548086
1473498,2025,8,1,1,1.3157894736842195,10.647887323943662,-7.258333333333326,0,10,terminal_interaction_mid,0.6278339349883355,0.6131049356859354
1473498,2025,8,2,1,1.3157894736842195,10.714285714285715,-7.916666666666657,0,10,terminal_interaction_mid,0.6234349668463489,0.6091877777450204
1473498,2025,8,3,1,1.3157894736842195,10.347826086956523,-3.575000000000003,0,10,terminal_interaction_mid,0.6646121351588182,0.646036351716091
1473498,2025,8,4,1,1.3157894736842195,10.5,-5.233333333333334,0,10,terminal_interaction_mid,0.6541138703324729,0.6366001906830965
1473498,2025,8,5,1,1.3157894736842195,10.567164179104477,-5.891666666666666,0,10,terminal_interaction_mid,0.6570147080912243,0.6392044536839868
1473498,2025,8,6,1,1.3157894736842195,10.727272727272727,-7.549999999999997,0,10,terminal_interaction_mid,0.6492983949640474,0.6322820578881824
1473498,2025,9,1,1,1.3157894736842195,10.8,-8.208333333333343,0,10,terminal_interaction_mid,0.6419148790483062,0.6259435659797304
1473498,2025,9,2,1,1.3157894736842195,10.875,-8.866666666666674,0,10,terminal_interaction_mid,0.6444507663453067,0.6281418906202584
1473498,2025,9,3,1,1.3157894736842195,10.476190476190476,-4.5249999999999915,0,10,terminal_interaction_mid,0.6829717117167351,0.6617709692053636
1473498,2025,9,4,1,1.3157894736842195,10.548387096774194,-5.183333333333323,0,10,terminal_interaction_mid,0.6801983488450085,0.6593333861213618
1473498,2025,9,5,1,1.3157894736842195,10.62295081967213,-5.841666666666669,0,10,terminal_interaction_mid,0.680100554022764,0.6592474826043088
1473498,2025,9,6,1,1.3157894736842195,10.700000000000001,-6.5,0,10,terminal_interaction_mid,0.6753436004685465,0.6550730592616201
1473498,2025,9,7,1,1.3157894736842195,10.881355932203391,-8.158333333333331,0,10,terminal_interaction_mid,0.6672808812660711,0.6480154827684479
1473498,2025,10,1,1,1.3157894736842195,10.779661016949152,-7.158333333333331,0,10,terminal_interaction_mid,0.6728930350914095,0.6627739680435129
1473498,2025,10,2,1,1.3157894736842195,10.862068965517242,-7.816666666666649,0,10,terminal_interaction_mid,0.6592909984754075,0.6504307164189616
1473498,2025,10,3,1,1.3157894736842195,10.94736842105263,-8.475000000000009,0,10,terminal_interaction_mid,0.6502953491945168,0.6422880587701613
1473498,2025,10,4,1,1.3157894736842195,10.5,-4.133333333333326,0,10,terminal_interaction_mid,0.6841685565822833,0.6730373094803687
1473498,2025,10,5,1,1.3157894736842195,10.581818181818182,-4.791666666666686,0,10,terminal_interaction_mid,0.6709611067036536,0.6610184083041079
1473498,2025,10,6,1,1.3157894736842195,10.666666666666666,-5.450000000000003,0,10,terminal_interaction_mid,0.6697880508178019,0.6599528455133178
1473498,2025,11,1,1,1.3157894736842195,10.18867924528302,-1.1083333333333343,0,10,terminal_interaction_mid,0.711693516568243,0.7048498320916494
1473498,2025,11,2,1,1.3157894736842195,10.269230769230768,-1.7666666666666657,0,10,terminal_interaction_mid,0.7008336897623729,0.6947623498378993
1473498,2025,11,3,1,1.3157894736842195,10.352941176470589,-2.424999999999997,0,10,terminal_interaction_mid,0.6935047800437675,0.6879678936930357
1473498,2025,11,4,1,1.3157894736842195,10.44,-3.0833333333333144,0,10,terminal_interaction_mid,0.6949465908309284,0.6893037607210255
1473498,2025,11,5,1,1.3157894736842195,10.53061224489796,-3.7416666666666742,0,10,terminal_interaction_mid,0.6903754945319573,0.6850698548913735
1473498,2025,11,6,1,1.3157894736842195,10.625,-4.3999999999999915,0,10,terminal_interaction_mid,0.6832735938976793,0.6784991767325896
1473498,2025,12,1,1,1.3157894736842195,10.72340425531915,-5.058333333333351,0,10,terminal_interaction_mid,0.7019402313115297,0.6941121199878477
1473498,2025,12,2,1,1.3157894736842195,10.695652173913043,-4.716666666666669,0,10,terminal_interaction_mid,0.7018391793500965,0.6940180291816016
1473498,2025,12,3,1,1.3157894736842195,10.8,-5.375,0,10,terminal_interaction_mid,0.6949808559362772,0.6876371199878701
1473498,2025,12,4,1,1.3157894736842195,10.5,-3.0333333333333314,0,10,terminal_interaction_mid,0.7085441180969364,0.7002658677343592
1473498,2025,12,5,1,1.3157894736842195,9.906976744186046,1.3083333333333513,0,10,terminal_interaction_mid,0.7989506532921029,0.7857441257362604
1473498,2025,12,6,1,1.3157894736842195,10.0,0.6500000000000057,0,10,terminal_interaction_mid,0.7968689760395914,0.7837432609857728
1473498,2025,12,7,1,1.3157894736842195,9.658536585365855,2.9916666666666742,0,10,terminal_interaction_mid,0.8205201794833666,0.8065942618071822
1473498,2025,13,1,1,1.3157894736842195,9.073170731707318,6.991666666666674,0,10,terminal_interaction_mid,0.9195753427103932,0.9096579850304304
1473498,2025,13,2,1,1.3157894736842195,9.149999999999999,6.333333333333314,0,10,terminal_interaction_mid,0.9127462592023214,0.9024996738934628
1473498,2025,13,3,1,1.3157894736842195,9.076923076923077,6.674999999999983,0,10,terminal_interaction_mid,0.9200521072919872,0.9101592798027128
1473498,2025,13,4,1,1.3157894736842195,9.31578947368421,5.0166666666666515,0,10,terminal_interaction_mid,0.9034201494651855,0.8927866516167104
1473498,2025,13,5,1,1.3157894736842195,9.405405405405405,4.3583333333333485,0,10,terminal_interaction_mid,0.8455619628087139,0.8338026768327553
1473498,2025,13,6,1,1.3157894736842195,9.5,3.700000000000017,0,10,terminal_interaction_mid,0.8358673074024895,0.8240911055536454
1473498,2025,14,1,1,1.3157894736842195,8.742857142857142,8.041666666666686,0,10,terminal_interaction_mid,0.9372163912130744,0.9292740355744311
1473498,2025,14,2,1,1.3157894736842195,8.823529411764707,7.383333333333326,0,10,terminal_interaction_mid,0.9317930689077236,0.923523981212323
1473498,2025,14,3,1,1.3157894736842195,8.90909090909091,6.724999999999994,0,10,terminal_interaction_mid,0.9289025478038637,0.9204709569331697
1473498,2025,14,4,1,1.3157894736842195,9.0,6.066666666666663,0,10,terminal_interaction_mid,0.9247602779589785,0.9161091182160269
1473498,2025,14,5,1,1.3157894736842195,9.096774193548388,5.408333333333331,0,10,terminal_interaction_mid,0.9215894926612376,0.9127803808216
1473498,2025,14,6,1,1.3157894736842195,9.200000000000001,4.75,0,10,terminal_interaction_mid,0.8574832554532748,0.8469431559862641
1473498,2025,14,7,1,1.3157894736842195,9.517241379310345,3.0916666666666686,0,10,terminal_interaction_mid,0.8331422187884008,0.8224968172398546
1473498,2025,15,1,1,1.3157894736842195,8.689655172413794,7.091666666666669,0,10,terminal_interaction_mid,0.9416159184364716,0.9351685044804612
1473498,2025,15,2,1,1.3157894736842195,8.142857142857142,9.433333333333337,0,10,terminal_interaction_mid,0.9611306234322201,0.9559742064169655
1473498,2025,15,3,1,1.3157894736842195,8.222222222222223,8.775000000000006,0,10,terminal_interaction_mid,0.9559192612299057,0.9503735765050829
1473498,2025,15,4,1,1.3157894736842195,8.307692307692307,8.116666666666674,0,10,terminal_interaction_mid,0.951323769156259,0.945463490567263
1473498,2025,15,5,1,1.3157894736842195,8.399999999999999,7.458333333333343,0,10,terminal_interaction_mid,0.9499560363068291,0.9440069183406042
1473498,2025,15,6,1,1.3157894736842195,8.75,5.799999999999983,0,10,terminal_interaction_mid,0.933534864666433,0.9266689056550405
1473499,2025,7,1,1,34.44444444444446,8.415584415584416,11.387500000000003,1,9,terminal_interaction_mid,0.9114183526659231,0.8796760980873423
1473499,2025,7,2,1,34.44444444444446,8.447368421052632,10.849999999999994,1,9,terminal_interaction_mid,0.9104693289282653,0.8786148976068119
1473499,2025,7,3,1,34.44444444444446,8.56,-3.5,2,8,terminal_interaction_mid,0.7954779105303469,0.7611129390872878
1473499,2025,7,4,1,34.44444444444446,8.594594594594595,-3.866666666666646,2,8,terminal_interaction_mid,0.7748821937464321,0.7416332695445627
1473499,2025,7,5,1,34.44444444444446,8.63013698630137,-4.2333333333333485,2,8,terminal_interaction_mid,0.7911060241517416,0.756949477660274
1473499,2025,7,6,1,34.44444444444446,8.583333333333334,-3.6000000000000085,2,8,terminal_interaction_mid,0.8037355189020012,0.7690216640453607
1473499,2025,8,1,1,34.44444444444446,8.704225352112676,-4.966666666666654,2,8,terminal_interaction_mid,0.8031048799636098,0.7747292809832489
1473499,2025,8,2,1,34.44444444444446,8.485714285714286,-2.3333333333333144,2,8,terminal_interaction_mid,0.8223819925043213,0.7935492223594957
1473499,2025,8,3,1,34.44444444444446,8.521739130434783,-2.700000000000003,2,8,terminal_interaction_mid,0.827073197319098,0.7981765632828265
1473499,2025,8,4,1,34.44444444444446,8.470588235294118,-2.066666666666663,2,8,terminal_interaction_mid,0.8259138692844649,0.797031194116214
1473499,2025,8,5,1,34.44444444444446,8.507462686567164,-2.4333333333333087,2,8,terminal_interaction_mid,0.8257760676722525,0.7968951319870946
1473499,2025,8,6,1,34.44444444444446,8.09090909090909,2.200000000000017,2,8,terminal_interaction_mid,0.8764551374996863,0.848250158104714
1473499,2025,9,1,1,34.44444444444446,8.123076923076923,1.8333333333333428,2,8,terminal_interaction_mid,0.867132824966593,0.8339818447305982
1473499,2025,9,2,1,34.44444444444446,8.25,0.4666666666666828,2,8,terminal_interaction_mid,0.8654670095987734,0.8322808525883402
1473499,2025,9,3,1,34.44444444444446,8.38095238095238,-0.8999999999999915,2,8,terminal_interaction_mid,0.8639647958464338,0.8307503699187235
1473499,2025,9,4,1,34.44444444444446,8.516129032258064,-2.2666666666666657,2,8,terminal_interaction_mid,0.8596293341402093,0.8263512684261249
1473499,2025,9,5,1,34.44444444444446,8.557377049180328,-2.6333333333333258,2,8,terminal_interaction_mid,0.8630196195317055,0.8297890643405553
1473499,2025,9,6,1,34.44444444444446,8.6,-3.0,2,8,terminal_interaction_mid,0.8558242007300847,0.8225116121448934
1473499,2025,10,1,1,34.44444444444446,8.338983050847459,-0.36666666666667425,2,8,terminal_interaction_mid,0.8710571851222948,0.8506874552167626
1473499,2025,10,2,1,34.44444444444446,8.379310344827587,-0.7333333333333201,2,8,terminal_interaction_mid,0.8680015360156608,0.8475990557495757
1473499,2025,10,3,1,34.44444444444446,8.421052631578947,-1.0999999999999943,2,8,terminal_interaction_mid,0.8724551209332347,0.852103564836762
1473499,2025,10,4,1,34.44444444444446,8.142857142857142,1.5333333333333314,2,8,terminal_interaction_mid,0.8975609639605211,0.8779114056694302
1473499,2025,10,5,1,34.44444444444446,8.181818181818182,1.1666666666666856,2,8,terminal_interaction_mid,0.8982671123138997,0.8786485753844366
1473499,2025,10,6,1,34.44444444444446,8.11111111111111,1.8000000000000114,2,8,terminal_interaction_mid,0.900317783366563,0.8807931861765073
1473499,2025,11,1,1,34.44444444444446,7.584905660377358,6.433333333333309,2,8,terminal_interaction_mid,0.9419108713762688,0.9306740804684701
1473499,2025,11,2,1,34.44444444444446,7.615384615384615,6.066666666666663,2,8,terminal_interaction_mid,0.9425764749499148,0.9313944428692933
1473499,2025,11,3,1,34.44444444444446,7.764705882352942,-4.012499999999989,3,7,terminal_interaction_mid,0.865711997731219,0.8520825353952144
1473499,2025,11,4,1,34.44444444444446,7.92,-5.208333333333314,3,7,terminal_interaction_mid,0.8438213058696109,0.8304775001341432
1473499,2025,11,5,1,34.44444444444446,8.081632653061224,-6.404166666666669,3,7,terminal_interaction_mid,0.843902031535558,0.8305566050891895
1473499,2025,11,6,1,34.44444444444446,8.0,-5.599999999999994,3,7,terminal_interaction_mid,0.8510581643229389,0.8375850565813447
1473499,2025,12,1,1,34.44444444444446,8.042553191489361,-5.79583333333332,3,7,terminal_interaction_mid,0.8473631291246262,0.8328840980820837
1473499,2025,12,2,1,34.44444444444446,8.08695652173913,-5.991666666666674,3,7,terminal_interaction_mid,0.8482383047544688,0.8337484907839392
1473499,2025,12,3,1,34.44444444444446,8.133333333333333,-6.1875,3,7,terminal_interaction_mid,0.8619487266706625,0.847356856939644
1473499,2025,12,4,1,34.44444444444446,8.045454545454545,-5.383333333333354,3,7,terminal_interaction_mid,0.871180777766412,0.8565960490495858
1473499,2025,12,5,1,34.44444444444446,8.232558139534884,-6.57916666666668,3,7,terminal_interaction_mid,0.8634345635403223,0.8488395368792958
1473499,2025,12,6,1,34.44444444444446,8.285714285714285,-6.775000000000006,3,7,terminal_interaction_mid,0.8648838519550142,0.8502873078095602
1473499,2025,13,1,1,34.44444444444446,7.902439024390244,-3.9708333333333314,3,7,terminal_interaction_mid,0.8892384461480696,0.8781409736707407
1473499,2025,13,2,1,34.44444444444446,7.5,-1.1666666666666856,3,7,terminal_interaction_mid,0.9174992668283408,0.9074774889561756
1473499,2025,13,3,1,34.44444444444446,7.076923076923077,1.637500000000017,3,7,terminal_interaction_mid,0.9425609241982182,0.9340882694924315
1473499,2025,13,4,1,34.44444444444446,6.947368421052632,2.441666666666663,3,7,terminal_interaction_mid,0.9456056447483762,0.9373698366891242
1473499,2025,13,5,1,34.44444444444446,6.972972972972972,2.245833333333337,3,7,terminal_interaction_mid,0.9426695955577769,0.9342051883798915
1473499,2025,13,6,1,34.44444444444446,7.0,2.049999999999983,3,7,terminal_interaction_mid,0.9412218238854553,0.9326487595886399
1473499,2025,13,7,1,34.44444444444446,7.0285714285714285,1.8541666666666572,3,7,terminal_interaction_mid,0.9421332414750538,0.9336282732586044
1473499,2025,14,1,1,34.44444444444446,7.0285714285714285,1.8541666666666572,3,7,terminal_interaction_mid,0.9444463262998537,0.9369874749102692
1473499,2025,14,2,1,34.44444444444446,7.0588235294117645,1.658333333333303,3,7,terminal_interaction_mid,0.9452075333304903,0.9378030109507479
1473499,2025,14,3,1,34.44444444444446,6.90909090909091,2.4625000000000057,3,7,terminal_interaction_mid,0.9487055928353942,0.941559687428694
1473499,2025,14,4,1,34.44444444444446,6.9375,2.2666666666666515,3,7,terminal_interaction_mid,0.9471791741056628,0.9399185800169707
1473499,2025,14,5,1,34.44444444444446,6.967741935483872,2.070833333333354,3,7,terminal_interaction_mid,0.9473257868680349,0.940076083495314
1473499,2025,14,6,1,34.44444444444446,7.0,1.875,3,7,terminal_interaction_mid,0.9475355003961478,0.9403014208995553
1473499,2025,15,1,1,34.44444444444446,7.034482758620689,1.6791666666666742,3,7,terminal_interaction_mid,0.9471261855135673,0.9409998439327414
1473499,2025,15,2,1,34.44444444444446,7.071428571428571,1.48333333333332,3,7,terminal_interaction_mid,0.9460837879680242,0.9398943304160842
1473499,2025,15,3,1,34.44444444444446,6.888888888888889,2.2874999999999943,3,7,terminal_interaction_mid,0.9497022069068803,0.9437368337161944
1473499,2025,15,4,1,34.44444444444446,6.9230769230769225,2.0916666666666686,3,7,terminal_interaction_mid,0.9509625206107105,0.9450785710029015
1473499,2025,15,5,1,34.44444444444446,6.720000000000001,2.895833333333343,3,7,terminal_interaction_mid,0.9568224023398908,0.9513416029616946
1473499,2025,15,6,1,34.44444444444446,6.75,2.6999999999999886,3,7,terminal_interaction_mid,0.9574455263850123,0.9520101067661275
1473500,2025,7,1,1,-10.75,9.506493506493507,-13.007499999999993,1,9,terminal_interaction_mid,0.5476701660153078,0.5405142976172214
1473500,2025,7,2,1,-10.75,9.552631578947368,-13.41000000000001,1,9,terminal_interaction_mid,0.5468369858680446,0.5398011559023014
1473500,2025,7,3,1,-10.75,9.600000000000001,-13.8125,1,9,terminal_interaction_mid,0.5345279233630471,0.5292720879012475
1473500,2025,7,4,1,-10.75,9.243243243243244,-9.21499999999999,1,9,terminal_interaction_mid,0.5986852132203171,0.5843419304185069
1473500,2025,7,5,1,-10.75,9.04109589041096,-6.617500000000007,1,9,terminal_interaction_mid,0.6230464525810008,0.6054305641468274
1473500,2025,7,6,1,-10.75,8.833333333333334,-4.019999999999996,1,9,terminal_interaction_mid,0.6504528010683046,0.6293304111443268
1473500,2025,8,1,1,-10.75,8.873239436619718,-4.422499999999999,1,9,terminal_interaction_mid,0.6451138040352926,0.62853458156515
1473500,2025,8,2,1,-10.75,9.0,-5.825000000000003,1,9,terminal_interaction_mid,0.6384332240104933,0.6225609490592786
1473500,2025,8,3,1,-10.75,9.043478260869566,-6.227500000000006,1,9,terminal_interaction_mid,0.6392488445001951,0.6232896758599193
1473500,2025,8,4,1,-10.75,9.176470588235293,-7.6299999999999955,1,9,terminal_interaction_mid,0.6273300559694694,0.6126560348379039
1473500,2025,8,5,1,-10.75,9.313432835820896,-9.032499999999985,1,9,terminal_interaction_mid,0.6152924887667155,0.6019476962032579
1473500,2025,8,6,1,-10.75,9.363636363636363,-9.434999999999974,1,9,terminal_interaction_mid,0.6087236169708669,0.5961162386794775
1473500,2025,9,1,1,-10.75,8.953846153846154,-4.8374999999999915,1,9,terminal_interaction_mid,0.6540266314833014,0.636458958560721
1473500,2025,9,2,1,-10.75,9.0,-5.240000000000009,1,9,terminal_interaction_mid,0.6590508739446668,0.6408333004290622
1473500,2025,9,3,1,-10.75,9.047619047619047,-5.642499999999998,1,9,terminal_interaction_mid,0.65502920777961,0.6373312504209618
1473500,2025,9,4,1,-10.75,9.193548387096774,-7.0449999999999875,1,9,terminal_interaction_mid,0.640369425209184,0.6246046633609998
1473500,2025,9,5,1,-10.75,9.245901639344261,-7.447499999999991,1,9,terminal_interaction_mid,0.6340003969959981,0.6190932808803936
1473500,2025,9,6,1,-10.75,9.3,-7.8500000000000085,1,9,terminal_interaction_mid,0.630028991777581,0.6156616998795182
1473500,2025,10,1,1,-10.75,9.35593220338983,-8.252499999999998,1,9,terminal_interaction_mid,0.6292570088820414,0.6233000276472466
1473500,2025,10,2,1,-10.75,9.413793103448276,-8.654999999999987,1,9,terminal_interaction_mid,0.6237802655370868,0.6183682614068337
1473500,2025,10,3,1,-10.75,8.947368421052632,-4.0575000000000045,1,9,terminal_interaction_mid,0.6799180377948673,0.6691648180307379
1473500,2025,10,4,1,-10.75,9.107142857142858,-5.459999999999994,1,9,terminal_interaction_mid,0.6707489881379957,0.6608257048294972
1473500,2025,10,5,1,-10.75,8.618181818181817,-0.8624999999999972,1,9,terminal_interaction_mid,0.717151704751124,0.7032512147953186
1473500,2025,10,6,1,-10.75,8.666666666666666,-1.2650000000000006,1,9,terminal_interaction_mid,0.7139471700920459,0.7003017922389184
1473500,2025,11,1,1,-10.75,8.60377358490566,-0.667500000000004,1,9,terminal_interaction_mid,0.719841850669533,0.7124352404453005
1473500,2025,11,2,1,-10.75,8.653846153846153,-1.0699999999999932,1,9,terminal_interaction_mid,0.7170623793883036,0.7098461169569141
1473500,2025,11,3,1,-10.75,8.823529411764707,-2.4724999999999824,1,9,terminal_interaction_mid,0.7109653597500112,0.7041726915341583
1473500,2025,11,4,1,-10.75,8.879999999999999,-2.875,1,9,terminal_interaction_mid,0.6993616368510804,0.6933968203909707
1473500,2025,11,5,1,-10.75,8.938775510204081,-3.2775000000000176,1,9,terminal_interaction_mid,0.6980692775375803,0.6921983275515959
1473500,2025,11,6,1,-10.75,8.375,1.3200000000000216,1,9,terminal_interaction_mid,0.787811053470401,0.7764144626071587
1473500,2025,11,7,1,-10.75,8.553191489361701,-0.08249999999999602,1,9,terminal_interaction_mid,0.7654487299109209,0.7552054628657139
1473500,2025,12,1,1,-10.75,8.042553191489361,3.917500000000004,1,9,terminal_interaction_mid,0.8780421110966895,0.8635058806324217
1473500,2025,12,2,1,-10.75,8.08695652173913,3.5150000000000006,1,9,terminal_interaction_mid,0.8782645381734386,0.8637305277614663
1473500,2025,12,3,1,-10.75,8.133333333333333,3.112499999999997,1,9,terminal_interaction_mid,0.8660489742632788,0.8514523421704587
1473500,2025,12,4,1,-10.75,8.181818181818182,2.7099999999999937,1,9,terminal_interaction_mid,0.8629553355686108,0.8483611510080233
1473500,2025,12,5,1,-10.75,8.232558139534884,2.3075000000000045,1,9,terminal_interaction_mid,0.8620439292778439,0.8474518090687316
1473500,2025,12,6,1,-10.75,8.285714285714285,1.9050000000000011,1,9,terminal_interaction_mid,0.8395046365482112,0.8251439873602111
1473500,2025,12,7,1,-10.75,7.902439024390244,4.502499999999998,1,9,terminal_interaction_mid,0.90754004660098,0.8936996022722711
1473500,2025,13,1,1,-10.75,7.7560975609756095,5.502499999999998,1,9,terminal_interaction_mid,0.944893060000479,0.9366007339552989
1473500,2025,13,2,1,-10.75,7.949999999999999,-2.133333333333354,2,8,terminal_interaction_mid,0.8588159417956085,0.8471500841182782
1473500,2025,13,3,1,-10.75,8.0,-2.3799999999999955,2,8,terminal_interaction_mid,0.8436880761811595,0.831922259782697
1473500,2025,13,4,1,-10.75,8.052631578947368,-2.626666666666665,2,8,terminal_interaction_mid,0.8318063340091912,0.8200351239660822
1473500,2025,13,5,1,-10.75,8.108108108108109,-2.873333333333335,2,8,terminal_interaction_mid,0.8120438069102408,0.8003909814980807
1473500,2025,13,6,1,-10.75,8.333333333333332,-9.730000000000018,3,7,terminal_interaction_mid,0.6846626001626381,0.6765162331915673
1473500,2025,14,1,1,-10.75,8.399999999999999,-9.820833333333354,3,7,terminal_interaction_mid,0.6872312982317041,0.6796508784451325
1473500,2025,14,2,1,-10.75,8.647058823529411,-10.91166666666669,3,7,terminal_interaction_mid,0.6809276021102604,0.6735770395463703
1473500,2025,14,3,1,-10.75,8.90909090909091,-12.002499999999998,3,7,terminal_interaction_mid,0.6688416151728416,0.6619470517059768
1473500,2025,14,4,1,-10.75,8.0625,-7.093333333333334,3,7,terminal_interaction_mid,0.7542666751047156,0.7446550104272895
1473500,2025,14,5,1,-10.75,7.548387096774194,-4.184166666666641,3,7,terminal_interaction_mid,0.8771311752966879,0.8668694257992116
1473500,2025,14,6,1,-10.75,7.6,-4.275000000000006,3,7,terminal_interaction_mid,0.8811415972214969,0.8709607288102028
1473500,2025,15,1,1,-10.75,7.448275862068966,-3.3658333333333417,3,7,terminal_interaction_mid,0.9011082287192875,0.893067951945635
1473500,2025,15,2,1,-10.75,6.857142857142857,-0.45666666666667766,3,7,terminal_interaction_mid,0.9600207482744141,0.9547783394536529
1473500,2025,15,3,1,-10.75,6.888888888888889,-0.5475000000000136,3,7,terminal_interaction_mid,0.959409892515552,0.9541208880551686
1473500,2025,15,4,1,-10.75,6.9230769230769225,-0.6383333333333496,3,7,terminal_interaction_mid,0.9585062492200498,0.9531492497961629
1473500,2025,15,5,1,-10.75,7.199999999999999,-5.625,4,6,terminal_interaction_mid,0.9000459632327372,0.8919787175268546
1473500,2025,15,6,1,-10.75,6.25,-1.5600000000000023,4,6,terminal_interaction_mid,0.9513324312675542,0.9454727221052458
1473500,2025,15,7,1,-10.75,6.521739130434782,-2.4950000000000045,4,6,terminal_interaction_mid,0.9449734332294799,0.9387179891821676
1473500,2025,15,8,1,-10.75,6.545454545454545,-2.430000000000007,4,6,terminal_interaction_mid,0.9432662366261142,0.9369117843204434
1473501,2025,7,1,0,3.235294117647072,9.896103896103895,-45.14999999999999,3,7,terminal_interaction_mid,0.39573902120772964,0.41041462262799877
1473501,2025,7,2,0,3.235294117647072,10.026315789473685,-46.19999999999999,3,7,terminal_interaction_mid,0.3921805096811112,0.40733897030171856
1473501,2025,7,3,0,3.235294117647072,10.08,-46.25,3,7,terminal_interaction_mid,0.37718372800763084,0.39434699947222956
1473501,2025,7,4,0,3.235294117647072,10.216216216216216,-47.30000000000001,3,7,terminal_interaction_mid,0.3610233913584172,0.3802860943518895
1473501,2025,7,5,0,3.235294117647072,10.356164383561644,-48.35000000000001,3,7,terminal_interaction_mid,0.3400104136266124,0.36189279311471084
1473501,2025,7,6,0,3.235294117647072,10.5,-60.2,4,6,terminal_interaction_mid,0.15122421830016752,0.18638111183347458
1473501,2025,8,1,0,3.235294117647072,10.647887323943662,-61.10000000000001,4,6,terminal_interaction_mid,0.15925448592347968,0.18866343119907367
1473501,2025,8,2,0,3.235294117647072,10.714285714285715,-60.999999999999986,4,6,terminal_interaction_mid,0.16534798670027334,0.19475863789889142
1473501,2025,8,3,0,3.235294117647072,10.782608695652174,-60.900000000000006,4,6,terminal_interaction_mid,0.16209852627535548,0.1915128356605623
1473501,2025,8,4,0,3.235294117647072,10.852941176470589,-60.80000000000001,4,6,terminal_interaction_mid,0.18879283560653132,0.2178897752026883
1473501,2025,8,5,0,3.235294117647072,10.925373134328357,-60.7,4,6,terminal_interaction_mid,0.19281871064751144,0.22181470777350948
1473501,2025,8,6,0,3.235294117647072,10.545454545454545,-55.599999999999994,4,6,terminal_interaction_mid,0.27431661470326973,0.298945242526895
1473501,2025,9,1,0,3.235294117647072,10.707692307692309,-56.500000000000014,4,6,terminal_interaction_mid,0.2618912673722092,0.2966756675128992
1473501,2025,9,2,0,3.235294117647072,10.875,-67.0,5,5,terminal_interaction_mid,0.10953999976557836,0.14624855860815114
1473501,2025,9,3,0,3.235294117647072,11.047619047619047,-67.75,5,5,terminal_interaction_mid,0.10304822475655197,0.13913600242896132
1473501,2025,9,4,0,3.235294117647072,11.225806451612902,-68.5,5,5,terminal_interaction_mid,0.10179134571174264,0.1377486818540265
1473501,2025,9,5,0,3.235294117647072,11.40983606557377,-69.25,5,5,terminal_interaction_mid,0.08805953902126278,0.12235641205986376
1473501,2025,9,6,0,3.235294117647072,11.5,-69.0,5,5,terminal_interaction_mid,0.09140621857492356,0.1261493925449298
1473501,2025,10,1,0,3.235294117647072,11.694915254237287,-69.75,5,5,terminal_interaction_mid,0.08051484121060627,0.10434138205597018
1473501,2025,10,2,0,3.235294117647072,11.482758620689655,-66.5,5,5,terminal_interaction_mid,0.11544994379402487,0.142751156347348
1473501,2025,10,3,0,3.235294117647072,11.578947368421053,-66.25,5,5,terminal_interaction_mid,0.10704326568975572,0.13368455897114742
1473501,2025,10,4,0,3.235294117647072,11.357142857142858,-63.0,5,5,terminal_interaction_mid,0.1406499583004805,0.16938025649696428
1473501,2025,10,5,0,3.235294117647072,11.454545454545455,-62.75,5,5,terminal_interaction_mid,0.14205798321285956,0.1708462192031154
1473501,2025,10,6,0,3.235294117647072,11.0,-57.5,5,5,terminal_interaction_mid,0.24972896646770054,0.27795328130614205
1473501,2025,11,1,0,3.235294117647072,11.09433962264151,-57.25,5,5,terminal_interaction_mid,0.25529859275939915,0.28082893603045705
1473501,2025,11,2,0,3.235294117647072,11.307692307692307,-58.0,5,5,terminal_interaction_mid,0.2581187744717757,0.2835751786991044
1473501,2025,11,3,0,3.235294117647072,11.529411764705882,-58.75,5,5,terminal_interaction_mid,0.22448368535146898,0.2505775459218359
1473501,2025,11,4,0,3.235294117647072,11.64,-58.5,5,5,terminal_interaction_mid,0.23976674643837204,0.2656389999237095
1473501,2025,11,5,0,3.235294117647072,11.877551020408163,-59.25,5,5,terminal_interaction_mid,0.21042475634829952,0.23661308920160395
1473501,2025,11,6,0,3.235294117647072,12.125,-60.0,5,5,terminal_interaction_mid,0.17286776426357986,0.19872206255608013
1473501,2025,12,1,0,3.235294117647072,12.127659574468087,-58.75,5,5,terminal_interaction_mid,0.17292442138849556,0.19742516662074447
1473501,2025,12,2,0,3.235294117647072,12.260869565217392,-58.5,5,5,terminal_interaction_mid,0.16310504367587508,0.18740916603319438
1473501,2025,12,3,0,3.235294117647072,12.533333333333335,-59.25,5,5,terminal_interaction_mid,0.15264057903863404,0.17665526989637834
1473501,2025,12,4,0,3.235294117647072,12.272727272727273,-56.0,5,5,terminal_interaction_mid,0.20353662693878083,0.2282336470210232
1473501,2025,12,5,0,3.235294117647072,12.558139534883722,-56.75,5,5,terminal_interaction_mid,0.18531697969323108,0.20996960160025346
1473501,2025,12,6,0,3.235294117647072,12.285714285714285,-53.5,5,5,terminal_interaction_mid,0.22457673769131759,0.24908667738283216
1473501,2025,13,1,0,3.235294117647072,12.439024390243903,-53.25,5,5,terminal_interaction_mid,0.2073064829676749,0.22020031608443758
1473501,2025,13,2,0,3.235294117647072,12.149999999999999,-50.0,5,5,terminal_interaction_mid,0.2911374208631984,0.30206476755222245
1473501,2025,13,3,0,3.235294117647072,12.461538461538463,-50.75,5,5,terminal_interaction_mid,0.24577743085799392,0.25799938506206055
1473501,2025,13,4,0,3.235294117647072,12.631578947368421,-50.5,5,5,terminal_interaction_mid,0.24284652301647586,0.25513477077137775
1473501,2025,13,5,0,3.235294117647072,12.81081081081081,-50.25,5,5,terminal_interaction_mid,0.22875708182267845,0.24133074965564807
1473501,2025,13,6,0,3.235294117647072,13.0,-50.0,5,5,terminal_interaction_mid,0.2195846989930964,0.23231297267897022
1473501,2025,14,1,0,3.235294117647072,13.371428571428572,-50.75,5,5,terminal_interaction_mid,0.18822130760282088,0.19973110180431106
1473501,2025,14,2,0,3.235294117647072,13.76470588235294,-56.60000000000002,6,4,terminal_interaction_mid,0.04493513515095737,0.05186509315486459
1473501,2025,14,3,0,3.235294117647072,14.181818181818183,-57.19999999999999,6,4,terminal_interaction_mid,0.0354878812159168,0.04149343881060205
1473501,2025,14,4,0,3.235294117647072,14.4375,-56.79999999999998,6,4,terminal_interaction_mid,0.03598959173706614,0.04204800119422758
1473501,2025,14,5,0,3.235294117647072,14.903225806451612,-62.05000000000001,7,3,terminal_interaction_mid,0.007881604446883798,0.009965156543068954
1473501,2025,14,6,0,3.235294117647072,15.2,-61.5,7,3,terminal_interaction_mid,0.007114285051397681,0.009041404059990247
1473501,2025,15,1,0,3.235294117647072,15.517241379310345,-60.94999999999999,7,3,terminal_interaction_mid,0.006402671179283049,0.007997414652388296
1473501,2025,15,2,0,3.235294117647072,15.642857142857142,-59.400000000000006,7,3,terminal_interaction_mid,0.006631618448723384,0.008270461391885043
1473501,2025,15,3,0,3.235294117647072,16.22222222222222,-63.900000000000006,8,2,terminal_interaction_mid,0.005179491633679135,0.0065306283419429
1473501,2025,15,4,0,3.235294117647072,16.615384615384613,-63.19999999999999,8,2,terminal_interaction_mid,0.005131141266703267,0.006472346823152661
1473501,2025,15,5,0,3.235294117647072,17.04,-62.5,8,2,terminal_interaction_mid,0.005075828862695136,0.006405642770322716
1473501,2025,15,6,0,3.235294117647072,17.75,-62.79999999999998,8,2,terminal_interaction_mid,0.005146636075263849,0.006491026956243676
1473502,2025,7,1,0,52.20689655172413,12.38961038961039,-22.287499999999994,1,9,terminal_interaction_mid,0.25311260293492055,0.28399043083670567
1473502,2025,7,2,0,52.20689655172413,12.236842105263158,-20.05000000000001,1,9,terminal_interaction_mid,0.2736066979757086,0.3026892527474954
1473502,2025,7,3,0,52.20689655172413,12.32,-20.8125,1,9,terminal_interaction_mid,0.2643002073780537,0.29422744199995055
1473502,2025,7,4,0,52.20689655172413,12.324324324324323,-20.57499999999999,1,9,terminal_interaction_mid,0.2646896123980358,0.2945824598982224
1473502,2025,7,5,0,52.20689655172413,12.410958904109588,-21.337500000000006,1,9,terminal_interaction_mid,0.2605335530565501,0.29078896995149284
1473502,2025,7,6,0,52.20689655172413,12.583333333333334,-37.2,2,8,terminal_interaction_mid,0.14805061655217094,0.18317344762671028
1473502,2025,8,1,0,52.20689655172413,12.676056338028168,-37.76666666666665,2,8,terminal_interaction_mid,0.16036672967007135,0.1897787371601941
1473502,2025,8,2,0,52.20689655172413,12.771428571428572,-38.3333333333333,2,8,terminal_interaction_mid,0.1509450306943347,0.1802907254555855
1473502,2025,8,3,0,52.20689655172413,12.869565217391305,-38.900000000000006,2,8,terminal_interaction_mid,0.14779394495601103,0.17709639308332273
1473502,2025,8,4,0,52.20689655172413,12.970588235294116,-39.46666666666667,2,8,terminal_interaction_mid,0.13652918328332997,0.16558482662654853
1473502,2025,8,5,0,52.20689655172413,12.805970149253731,-37.0333333333333,2,8,terminal_interaction_mid,0.1574643024327323,0.18686568571335943
1473502,2025,8,6,0,52.20689655172413,12.909090909090908,-37.599999999999994,2,8,terminal_interaction_mid,0.1520248925066856,0.18138292329210298
1473502,2025,9,1,0,52.20689655172413,13.015384615384615,-38.16666666666666,2,8,terminal_interaction_mid,0.14565226472304554,0.18441515542712641
1473502,2025,9,2,0,52.20689655172413,13.125,-38.73333333333332,2,8,terminal_interaction_mid,0.13629462075916354,0.17472930146932128
1473502,2025,9,3,0,52.20689655172413,13.333333333333334,-52.63750000000002,3,7,terminal_interaction_mid,0.06714961484224152,0.0979503117668817
1473502,2025,9,4,0,52.20689655172413,13.548387096774196,-54.008333333333326,3,7,terminal_interaction_mid,0.06388985845247641,0.09401991318604579
1473502,2025,9,5,0,52.20689655172413,13.770491803278688,-55.37916666666669,3,7,terminal_interaction_mid,0.06033406584008522,0.08968792626475074
1473502,2025,9,6,0,52.20689655172413,13.900000000000002,-55.75,3,7,terminal_interaction_mid,0.06681347767121802,0.09754676420321783
1473502,2025,10,1,0,52.20689655172413,14.033898305084746,-56.12083333333334,3,7,terminal_interaction_mid,0.06464884618374193,0.08614372858145845
1473502,2025,10,2,0,52.20689655172413,14.172413793103448,-56.491666666666646,3,7,terminal_interaction_mid,0.06307116179681706,0.08430209085459002
1473502,2025,10,3,0,52.20689655172413,14.315789473684209,-56.86249999999998,3,7,terminal_interaction_mid,0.06400372225210596,0.08539143412072651
1473502,2025,10,4,0,52.20689655172413,14.357142857142858,-56.23333333333335,3,7,terminal_interaction_mid,0.06651908076310828,0.08831880740966096
1473502,2025,10,5,0,52.20689655172413,14.509090909090908,-56.604166666666686,3,7,terminal_interaction_mid,0.061438924557219624,0.08239004911682694
1473502,2025,10,6,0,52.20689655172413,14.333333333333332,-53.97500000000002,3,7,terminal_interaction_mid,0.07696424885342529,0.1003166593286724
1473502,2025,11,1,0,52.20689655172413,13.924528301886793,-49.34583333333336,3,7,terminal_interaction_mid,0.1111658392742971,0.13408950041733028
1473502,2025,11,2,0,52.20689655172413,14.192307692307693,-50.71666666666667,3,7,terminal_interaction_mid,0.10274975643582704,0.12497570067025238
1473502,2025,11,3,0,52.20689655172413,14.352941176470587,-51.087500000000006,3,7,terminal_interaction_mid,0.10554207742973387,0.12800903467139585
1473502,2025,11,4,0,52.20689655172413,13.919999999999998,-46.458333333333314,3,7,terminal_interaction_mid,0.14109969342911505,0.16587723131900625
1473502,2025,11,5,0,52.20689655172413,14.081632653061225,-46.82916666666665,3,7,terminal_interaction_mid,0.1325410937720125,0.15688041002918093
1473502,2025,11,6,0,52.20689655172413,14.25,-47.19999999999999,3,7,terminal_interaction_mid,0.12885209894567523,0.15298093563857104
1473502,2025,12,1,0,52.20689655172413,14.297872340425531,-46.570833333333326,3,7,terminal_interaction_mid,0.12498676747153033,0.14779083925154907
1473502,2025,12,2,0,52.20689655172413,14.478260869565219,-46.94166666666666,3,7,terminal_interaction_mid,0.120066366108736,0.14257936302910215
1473502,2025,12,3,0,52.20689655172413,14.666666666666668,-47.3125,3,7,terminal_interaction_mid,0.11618675939373505,0.13845246416715135
1473502,2025,12,4,0,52.20689655172413,14.863636363636363,-47.68333333333334,3,7,terminal_interaction_mid,0.11020394034266173,0.13205618353032036
1473502,2025,12,5,0,52.20689655172413,15.069767441860465,-48.054166666666674,3,7,terminal_interaction_mid,0.10763143380696334,0.12929346030159788
1473502,2025,12,6,0,52.20689655172413,15.285714285714285,-48.42500000000001,3,7,terminal_interaction_mid,0.09655633019473378,0.11730852145717585
1473502,2025,12,7,0,52.20689655172413,15.658536585365855,-49.79583333333335,3,7,terminal_interaction_mid,0.08443562949717003,0.104007352271056
1473502,2025,13,1,0,52.20689655172413,15.073170731707318,-45.79583333333335,3,7,terminal_interaction_mid,0.11246579344560588,0.12455778773699742
1473502,2025,13,2,0,52.20689655172413,15.149999999999999,-45.166666666666686,3,7,terminal_interaction_mid,0.11565368461188937,0.12784902829282216
1473502,2025,13,3,0,52.20689655172413,14.923076923076923,-42.537499999999994,3,7,terminal_interaction_mid,0.13518172268749498,0.14787225687335606
1473502,2025,13,4,0,52.20689655172413,15.315789473684212,-43.90833333333333,3,7,terminal_interaction_mid,0.12493752513123166,0.13739681115863184
1473502,2025,13,5,0,52.20689655172413,15.567567567567568,-44.27916666666667,3,7,terminal_interaction_mid,0.1191107441197126,0.13141069130009755
1473502,2025,13,6,0,52.20689655172413,15.0,-39.650000000000006,3,7,terminal_interaction_mid,0.16237889873412908,0.175413200858751
1473502,2025,14,1,0,52.20689655172413,14.399999999999999,-35.02083333333334,3,7,terminal_interaction_mid,0.2222129572091286,0.23338901019973327
1473502,2025,14,2,0,52.20689655172413,14.647058823529413,-35.39166666666668,3,7,terminal_interaction_mid,0.21370271212115244,0.22499480484057388
1473502,2025,14,3,0,52.20689655172413,14.727272727272727,-34.76249999999999,3,7,terminal_interaction_mid,0.21682903537654147,0.22808087447458977
1473502,2025,14,4,0,52.20689655172413,14.4375,-32.133333333333326,3,7,terminal_interaction_mid,0.2421691908155686,0.25299695463630745
1473502,2025,14,5,0,52.20689655172413,13.741935483870968,-27.504166666666663,3,7,terminal_interaction_mid,0.2984728791771892,0.3078305608222979
1473502,2025,14,6,0,52.20689655172413,14.2,-28.875,3,7,terminal_interaction_mid,0.2748330744439526,0.2848866514459935
1473502,2025,15,1,0,52.20689655172413,13.862068965517242,-26.245833333333337,3,7,terminal_interaction_mid,0.29508351888684237,0.30452767496866184
1473502,2025,15,2,0,52.20689655172413,13.07142857142857,-21.616666666666674,3,7,terminal_interaction_mid,0.36596013078392897,0.3732325782766432
1473502,2025,15,3,0,52.20689655172413,12.666666666666668,-18.98750000000001,3,7,terminal_interaction_mid,0.3864940111087424,0.39302520378958594
1473502,2025,15,4,0,52.20689655172413,12.923076923076923,-19.35833333333335,3,7,terminal_interaction_mid,0.3714395124291267,0.3785182476294276
1473502,2025,15,5,0,52.20689655172413,13.440000000000001,-20.729166666666657,3,7,terminal_interaction_mid,0.3562510239111892,0.36385884180292266
1473502,2025,15,6,0,52.20689655172413,13.75,-21.099999999999994,3,7,terminal_interaction_mid,0.34719412019302665,0.35510516659233066
1473502,2025,15,7,0,52.20689655172413,14.086956521739133,-21.47083333333333,3,7,terminal_interaction_mid,0.3339244992289301,0.34226178804160773
1473503,2025,7,1,0,58.63157894736841,11.532467532467532,-13.597499999999997,1,9,terminal_interaction_mid,0.2828253527553327,0.31102604180812093
1473503,2025,7,2,0,58.63157894736841,11.605263157894736,-14.330000000000013,1,9,terminal_interaction_mid,0.2801694528746844,0.30862865377411264
1473503,2025,7,3,0,58.63157894736841,11.76,-16.0625,1,9,terminal_interaction_mid,0.26322353479535343,0.2932454020579303
1473503,2025,7,4,0,58.63157894736841,11.594594594594595,-13.794999999999987,1,9,terminal_interaction_mid,0.2781038724038416,0.3067616642182926
1473503,2025,7,5,0,58.63157894736841,11.67123287671233,-14.527500000000003,1,9,terminal_interaction_mid,0.2705546658574555,0.2999194183423669
1473503,2025,7,6,0,58.63157894736841,11.333333333333332,-10.259999999999991,1,9,terminal_interaction_mid,0.3158735604730373,0.3405838469344894
1473503,2025,8,1,0,58.63157894736841,11.408450704225352,-10.992500000000007,1,9,terminal_interaction_mid,0.2971148728817121,0.31989670116020036
1473503,2025,8,2,0,58.63157894736841,11.057142857142857,-6.724999999999994,1,9,terminal_interaction_mid,0.36410737620678535,0.3803894177258092
1473503,2025,8,3,0,58.63157894736841,11.130434782608695,-7.45750000000001,1,9,terminal_interaction_mid,0.35754279834728736,0.37451948887336484
1473503,2025,8,4,0,58.63157894736841,11.117647058823529,-7.189999999999998,1,9,terminal_interaction_mid,0.354675985983905,0.37195266395244114
1473503,2025,8,5,0,58.63157894736841,11.194029850746269,-7.922499999999985,1,9,terminal_interaction_mid,0.3495029525704207,0.3673155481947951
1473503,2025,8,6,0,58.63157894736841,11.272727272727273,-8.654999999999973,1,9,terminal_interaction_mid,0.3505230766771609,0.3682305491510451
1473503,2025,9,1,0,58.63157894736841,11.26153846153846,-8.387499999999989,1,9,terminal_interaction_mid,0.37382921650265366,0.3963927510541331
1473503,2025,9,2,0,58.63157894736841,11.34375,-9.120000000000005,1,9,terminal_interaction_mid,0.3531528761381482,0.37834954297154655
1473503,2025,9,3,0,58.63157894736841,11.428571428571427,-9.852499999999992,1,9,terminal_interaction_mid,0.33673034410867836,0.36391813063724
1473503,2025,9,4,0,58.63157894736841,11.225806451612902,-7.5849999999999795,1,9,terminal_interaction_mid,0.376193140672587,0.3984475405648588
1473503,2025,9,5,0,58.63157894736841,11.40983606557377,-9.317499999999995,1,9,terminal_interaction_mid,0.35781837243793696,0.3824325310186391
1473503,2025,9,6,0,58.63157894736841,11.399999999999999,-9.050000000000011,1,9,terminal_interaction_mid,0.36343821835805296,0.38734146166059724
1473503,2025,10,1,0,58.63157894736841,11.491525423728813,-9.782499999999999,1,9,terminal_interaction_mid,0.35682100200719286,0.37816320842456225
1473503,2025,10,2,0,58.63157894736841,11.586206896551724,-10.514999999999986,1,9,terminal_interaction_mid,0.35940457833130834,0.3805318852314796
1473503,2025,10,3,0,58.63157894736841,11.789473684210526,-12.247500000000002,1,9,terminal_interaction_mid,0.34300044395101154,0.3654605196520306
1473503,2025,10,4,0,58.63157894736841,12.0,-24.76000000000002,2,8,terminal_interaction_mid,0.23724186568348124,0.2659385293881087
1473503,2025,10,5,0,58.63157894736841,12.10909090909091,-25.299999999999983,2,8,terminal_interaction_mid,0.24942253510190462,0.2776594508571932
1473503,2025,10,6,0,58.63157894736841,11.666666666666666,-20.839999999999975,2,8,terminal_interaction_mid,0.3071454906561135,0.33222609746769255
1473503,2025,11,1,0,58.63157894736841,11.773584905660378,-21.380000000000024,2,8,terminal_interaction_mid,0.2908924541970254,0.31524589160495914
1473503,2025,11,2,0,58.63157894736841,11.884615384615385,-21.919999999999987,2,8,terminal_interaction_mid,0.3017584074387578,0.3256550470366215
1473503,2025,11,3,0,58.63157894736841,12.117647058823529,-33.2775,3,7,terminal_interaction_mid,0.19965880020152674,0.22584295984395597
1473503,2025,11,4,0,58.63157894736841,11.64,-28.62499999999997,3,7,terminal_interaction_mid,0.22633257701755918,0.2524060168141319
1473503,2025,11,5,0,58.63157894736841,11.755102040816325,-28.972499999999997,3,7,terminal_interaction_mid,0.21699523590866182,0.24315303430926785
1473503,2025,11,6,0,58.63157894736841,11.875,-29.319999999999993,3,7,terminal_interaction_mid,0.21454285203005066,0.24071489585988246
1473503,2025,11,7,0,58.63157894736841,12.0,-29.66749999999999,3,7,terminal_interaction_mid,0.210566934878307,0.23675486679306101
1473503,2025,11,8,0,58.63157894736841,12.260869565217392,-31.015000000000015,3,7,terminal_interaction_mid,0.20637869223132305,0.23257351761290782
1473503,2025,12,1,0,58.63157894736841,11.48936170212766,-25.66749999999999,3,7,terminal_interaction_mid,0.23625338758377892,0.26055988499376315
1473503,2025,12,2,0,58.63157894736841,11.73913043478261,-27.015000000000015,3,7,terminal_interaction_mid,0.25114775537436484,0.27510060628386235
1473503,2025,12,3,0,58.63157894736841,11.733333333333333,-26.36250000000001,3,7,terminal_interaction_mid,0.2610583046084547,0.2847212627061954
1473503,2025,12,4,0,58.63157894736841,11.727272727272727,-25.710000000000008,3,7,terminal_interaction_mid,0.2608523437931334,0.2845217500812838
1473503,2025,12,5,0,58.63157894736841,11.86046511627907,-26.057500000000033,3,7,terminal_interaction_mid,0.2587313328902441,0.2824661121578273
1473503,2025,12,6,0,58.63157894736841,12.0,-26.405,3,7,terminal_interaction_mid,0.25383080348480636,0.27770933707624273
1473503,2025,13,1,0,58.63157894736841,11.707317073170731,-23.752499999999998,3,7,terminal_interaction_mid,0.28799035897973524,0.29902239491179095
1473503,2025,13,2,0,58.63157894736841,11.100000000000001,-19.100000000000023,3,7,terminal_interaction_mid,0.33345527325993496,0.3427952512901994
1473503,2025,13,3,0,58.63157894736841,11.23076923076923,-19.44749999999999,3,7,terminal_interaction_mid,0.33140293044929914,0.340826919498808
1473503,2025,13,4,0,58.63157894736841,11.210526315789474,-18.794999999999987,3,7,terminal_interaction_mid,0.3404125294208298,0.34946295153685947
1473503,2025,13,5,0,58.63157894736841,11.35135135135135,-19.142500000000013,3,7,terminal_interaction_mid,0.33843778539309516,0.34757113097547815
1473503,2025,13,6,0,58.63157894736841,11.5,-19.49000000000001,3,7,terminal_interaction_mid,0.32658054157018857,0.33619932956494236
1473503,2025,14,1,0,58.63157894736841,11.657142857142857,-19.837500000000006,3,7,terminal_interaction_mid,0.3229327683477543,0.3314690027692248
1473503,2025,14,2,0,58.63157894736841,11.823529411764707,-20.18500000000003,3,7,terminal_interaction_mid,0.30969947333742076,0.31869200483882526
1473503,2025,14,3,0,58.63157894736841,12.181818181818182,-21.5325,3,7,terminal_interaction_mid,0.30143950218126214,0.3107027437897778
1473503,2025,14,4,0,58.63157894736841,12.375,-21.879999999999995,3,7,terminal_interaction_mid,0.29570200114200057,0.30514652110673846
1473503,2025,14,5,0,58.63157894736841,12.774193548387096,-23.227499999999992,3,7,terminal_interaction_mid,0.2843645374355417,0.29415007924715614
1473503,2025,14,6,0,58.63157894736841,13.0,-23.57499999999999,3,7,terminal_interaction_mid,0.28151813270307474,0.2913855562246378
1473503,2025,15,1,0,58.63157894736841,12.620689655172413,-20.922499999999985,3,7,terminal_interaction_mid,0.3216903525464638,0.33040013798783896
1473503,2025,15,2,0,58.63157894736841,12.857142857142858,-21.27000000000001,3,7,terminal_interaction_mid,0.3117653486595244,0.32076176132945766
1473503,2025,15,3,0,58.63157894736841,13.11111111111111,-21.617500000000007,3,7,terminal_interaction_mid,0.30108087637745823,0.310369179654529
1473503,2025,15,4,0,58.63157894736841,13.615384615384615,-27.97,4,6,terminal_interaction_mid,0.21534432661367112,0.22619767537800536
1473503,2025,15,5,0,58.63157894736841,13.919999999999998,-28.125,4,6,terminal_interaction_mid,0.2307412175832125,0.24143228516742374
1473503,2025,15,6,0,58.63157894736841,14.5,-33.900000000000006,5,5,terminal_interaction_mid,0.12113157921809023,0.1313451680185456
1473504,2025,7,1,0,45.46666666666667,14.493506493506494,-81.69166666666666,3,7,terminal_interaction_mid,0.01577709527552656,0.028474786100163744
1473504,2025,7,2,0,45.46666666666667,14.605263157894736,-82.03333333333333,3,7,terminal_interaction_mid,0.014174954403617223,0.026016511563975053
1473504,2025,7,3,0,45.46666666666667,14.8,-83.375,3,7,terminal_interaction_mid,0.013213974837091053,0.024520197301776986
1473504,2025,7,4,0,45.46666666666667,14.594594594594595,-79.71666666666667,3,7,terminal_interaction_mid,0.01834907864747901,0.0323369096579719
1473504,2025,7,5,0,45.46666666666667,14.712328767123289,-80.05833333333334,3,7,terminal_interaction_mid,0.01797216616440593,0.03177689883820331
1473504,2025,7,6,0,45.46666666666667,14.416666666666666,-75.4,3,7,terminal_interaction_mid,0.026118946451681502,0.04350363743316406
1473504,2025,7,7,0,45.46666666666667,14.535211267605632,-75.74166666666667,3,7,terminal_interaction_mid,0.02603725258545469,0.04338950599720362
1473504,2025,8,1,0,45.46666666666667,14.450704225352112,-74.74166666666667,3,7,terminal_interaction_mid,0.027108689707719548,0.0414559042380604
1473504,2025,8,2,0,45.46666666666667,14.57142857142857,-75.08333333333334,3,7,terminal_interaction_mid,0.02642446583577925,0.04054948601282402
1473504,2025,8,3,0,45.46666666666667,14.695652173913045,-75.42500000000001,3,7,terminal_interaction_mid,0.025708559783684824,0.039597457040322075
1473504,2025,8,4,0,45.46666666666667,14.558823529411764,-72.76666666666668,3,7,terminal_interaction_mid,0.033923774425661364,0.050316281560176646
1473504,2025,8,5,0,45.46666666666667,14.686567164179104,-73.10833333333332,3,7,terminal_interaction_mid,0.03339164850680242,0.04963457577629913
1473504,2025,8,6,0,45.46666666666667,14.90909090909091,-74.44999999999999,3,7,terminal_interaction_mid,0.03045177965788637,0.04583859927227018
1473504,2025,9,1,0,45.46666666666667,14.76923076923077,-71.79166666666666,3,7,terminal_interaction_mid,0.03836033111268764,0.06166543279308225
1473504,2025,9,2,0,45.46666666666667,14.625,-69.13333333333335,3,7,terminal_interaction_mid,0.04487457134003067,0.07022960460000925
1473504,2025,9,3,0,45.46666666666667,14.761904761904763,-69.47500000000002,3,7,terminal_interaction_mid,0.041837167731617435,0.06626738006756469
1473504,2025,9,4,0,45.46666666666667,14.419354838709678,-64.81666666666666,3,7,terminal_interaction_mid,0.05934734761668719,0.08847717412283485
1473504,2025,9,5,0,45.46666666666667,14.557377049180328,-65.15833333333336,3,7,terminal_interaction_mid,0.05499387940782159,0.08308789701085002
1473504,2025,9,6,0,45.46666666666667,14.599999999999998,-64.5,3,7,terminal_interaction_mid,0.059480139735768156,0.08864034116368799
1473504,2025,10,1,0,45.46666666666667,14.847457627118644,-77.15,4,6,terminal_interaction_mid,0.026525695260495852,0.039360714392320646
1473504,2025,10,2,0,45.46666666666667,15.0,-77.29999999999998,4,6,terminal_interaction_mid,0.03338378732467107,0.048215145948646024
1473504,2025,10,3,0,45.46666666666667,15.263157894736842,-78.45000000000002,4,6,terminal_interaction_mid,0.030747807313142115,0.044842158218704305
1473504,2025,10,4,0,45.46666666666667,15.535714285714286,-90.33333333333331,5,5,terminal_interaction_mid,0.012220030076570104,0.019808558324010045
1473504,2025,10,5,0,45.46666666666667,15.818181818181817,-91.29166666666669,5,5,terminal_interaction_mid,0.010224634123473127,0.016906310492521996
1473504,2025,10,6,0,45.46666666666667,16.11111111111111,-92.25,5,5,terminal_interaction_mid,0.00931142078804139,0.01555665271746752
1473504,2025,11,1,0,45.46666666666667,16.41509433962264,-93.20833333333334,5,5,terminal_interaction_mid,0.007324923399129744,0.011414749323595959
1473504,2025,11,2,0,45.46666666666667,16.5,-92.16666666666666,5,5,terminal_interaction_mid,0.00769826158376844,0.011945016029053833
1473504,2025,11,3,0,45.46666666666667,16.588235294117645,-91.125,5,5,terminal_interaction_mid,0.008495893083090848,0.013070326849120644
1473504,2025,11,4,0,45.46666666666667,16.799999999999997,-91.08333333333331,5,5,terminal_interaction_mid,0.007310683885098644,0.011394477088794364
1473504,2025,11,5,0,45.46666666666667,17.020408163265305,-91.04166666666669,5,5,terminal_interaction_mid,0.006810440958753525,0.010680000512426157
1473504,2025,11,6,0,45.46666666666667,16.875,-88.0,5,5,terminal_interaction_mid,0.008834305526202619,0.013544831907414144
1473504,2025,11,7,0,45.46666666666667,17.106382978723403,-87.95833333333334,5,5,terminal_interaction_mid,0.00917416157917763,0.01401970434769018
1473504,2025,12,1,0,45.46666666666667,16.340425531914892,-81.95833333333334,5,5,terminal_interaction_mid,0.015946320229044277,0.02300072789779882
1473504,2025,12,2,0,45.46666666666667,16.695652173913043,-82.91666666666666,5,5,terminal_interaction_mid,0.013174974660384971,0.01932759549250655
1473504,2025,12,3,0,45.46666666666667,16.933333333333334,-82.875,5,5,terminal_interaction_mid,0.012536381870735885,0.018471451061144412
1473504,2025,12,4,0,45.46666666666667,17.181818181818183,-82.83333333333334,5,5,terminal_interaction_mid,0.011272234823933192,0.01676450572785659
1473504,2025,12,5,0,45.46666666666667,17.58139534883721,-92.03333333333333,6,4,terminal_interaction_mid,0.004541309688531308,0.007304315028619573
1473504,2025,12,6,0,45.46666666666667,17.857142857142858,-91.79999999999998,6,4,terminal_interaction_mid,0.004520576340845418,0.007273796309286222
1473504,2025,13,1,0,45.46666666666667,18.29268292682927,-92.56666666666666,6,4,terminal_interaction_mid,0.004254437140009564,0.00572728629828768
1473504,2025,13,2,0,45.46666666666667,18.15,-89.33333333333334,6,4,terminal_interaction_mid,0.0048401176537025544,0.006469303288880545
1473504,2025,13,3,0,45.46666666666667,18.615384615384617,-90.1,6,4,terminal_interaction_mid,0.004472068198862992,0.0060036462244112245
1473504,2025,13,4,0,45.46666666666667,19.105263157894736,-98.15,7,3,terminal_interaction_mid,0.00235972810616465,0.0032814685551456296
1473504,2025,13,5,0,45.46666666666667,19.62162162162162,-98.725,7,3,terminal_interaction_mid,0.0025059882689462093,0.0034733821008962698
1473504,2025,13,6,0,45.46666666666667,20.166666666666668,-99.30000000000001,7,3,terminal_interaction_mid,0.0025781973460152073,0.00356789844271024
1473504,2025,14,1,0,45.46666666666667,20.057142857142857,-95.875,7,3,terminal_interaction_mid,0.0028457404535108984,0.003784900469472234
1473504,2025,14,2,0,45.46666666666667,20.294117647058822,-94.45000000000002,7,3,terminal_interaction_mid,0.0029452057213059085,0.003910571537734603
1473504,2025,14,3,0,45.46666666666667,20.727272727272727,-94.025,7,3,terminal_interaction_mid,0.002934392052672897,0.0038969192370674477
1473504,2025,14,4,0,45.46666666666667,21.375,-94.60000000000002,7,3,terminal_interaction_mid,0.0027066967008924276,0.0036088531624948843
1473504,2025,14,5,0,45.46666666666667,21.870967741935484,-94.17499999999998,7,3,terminal_interaction_mid,0.002959093564934002,0.00392810132034415
1473504,2025,14,6,0,45.46666666666667,21.400000000000002,-88.75,7,3,terminal_interaction_mid,0.003400317745942971,0.004482987516176658
1473504,2025,14,7,0,45.46666666666667,21.931034482758623,-88.32499999999999,7,3,terminal_interaction_mid,0.003550535872667055,0.004671054367052742
1473504,2025,15,1,0,45.46666666666667,21.931034482758623,-88.32499999999999,7,3,terminal_interaction_mid,0.0034616433198952712,0.004442739684732704
1473504,2025,15,2,0,45.46666666666667,22.5,-87.9,7,3,terminal_interaction_mid,0.0034489779681729014,0.004427195963835916
1473504,2025,15,3,0,45.46666666666667,23.333333333333332,-93.64999999999998,8,2,terminal_interaction_mid,0.0029118778210431564,0.0037655572449030055
1473504,2025,15,4,0,45.46666666666667,24.23076923076923,-94.03333333333333,8,2,terminal_interaction_mid,0.0028441705076823376,0.0036817836613746804
1473504,2025,15,5,0,45.46666666666667,25.200000000000003,-94.41666666666669,8,2,terminal_interaction_mid,0.002704109449480645,0.0035082039581553
1473504,2025,15,6,0,45.46666666666667,26.0,-93.79999999999998,8,2,terminal_interaction_mid,0.0026145809937036823,0.0033970423132116865
1473505,2025,7,1,0,80.76190476190476,16.90909090909091,-91.13166666666666,3,7,terminal_interaction_mid,0.002629633099200214,0.006237455033089174
1473505,2025,7,2,0,80.76190476190476,16.973684210526315,-90.75333333333333,3,7,terminal_interaction_mid,0.0026491132920189063,0.006276741125155861
1473505,2025,7,3,0,80.76190476190476,17.2,-92.375,3,7,terminal_interaction_mid,0.0027444321509853364,0.006468346331744409
1473505,2025,7,4,0,80.76190476190476,16.945945945945944,-87.99666666666667,3,7,terminal_interaction_mid,0.0037392351718202065,0.008413987551777021
1473505,2025,7,5,0,80.76190476190476,17.17808219178082,-106.53,4,6,terminal_interaction_mid,0.0015298081403290202,0.003933177390238453
1473505,2025,7,6,0,80.76190476190476,17.416666666666664,-124.6,5,5,terminal_interaction_mid,0.0010106882771081227,0.0027628780454891917
1473505,2025,8,1,0,80.76190476190476,17.661971830985916,-125.75833333333333,5,5,terminal_interaction_mid,0.0009604819874008788,0.002248028525786626
1473505,2025,8,2,0,80.76190476190476,17.82857142857143,-125.91666666666666,5,5,terminal_interaction_mid,0.0009314087353282008,0.0021882730628648888
1473505,2025,8,3,0,80.76190476190476,18.0,-126.07500000000002,5,5,terminal_interaction_mid,0.0009041191042101254,0.002131972005111386
1473505,2025,8,4,0,80.76190476190476,18.176470588235293,-126.23333333333335,5,5,terminal_interaction_mid,0.0008819612935380051,0.002086102840336857
1473505,2025,8,5,0,80.76190476190476,18.35820895522388,-126.39166666666665,5,5,terminal_interaction_mid,0.0008699015294210928,0.0020610776856269967
1473505,2025,8,6,0,80.76190476190476,18.545454545454547,-126.54999999999998,5,5,terminal_interaction_mid,0.0007992704123355903,0.001913621637770886
1473505,2025,8,7,0,80.76190476190476,18.73846153846154,-126.70833333333334,5,5,terminal_interaction_mid,0.0007973685508400994,0.0019096293183453812
1473505,2025,9,1,0,80.76190476190476,18.73846153846154,-126.70833333333334,5,5,terminal_interaction_mid,0.0007945504431244013,0.0023447766798970916
1473505,2025,9,2,0,80.76190476190476,19.03125,-127.86666666666667,5,5,terminal_interaction_mid,0.0007558850578548955,0.0022474918858467257
1473505,2025,9,3,0,80.76190476190476,19.23809523809524,-128.025,5,5,terminal_interaction_mid,0.0007702312012771997,0.002283673920217051
1473505,2025,9,4,0,80.76190476190476,19.354838709677416,-127.18333333333334,5,5,terminal_interaction_mid,0.0007819560014278142,0.002313168796510468
1473505,2025,9,5,0,80.76190476190476,19.573770491803277,-127.34166666666667,5,5,terminal_interaction_mid,0.0007814421964472711,0.0023118776831267058
1473505,2025,9,6,0,80.76190476190476,19.799999999999997,-127.5,5,5,terminal_interaction_mid,0.0007172055779459427,0.002149412959759703
1473505,2025,10,1,0,80.76190476190476,20.033898305084747,-127.65833333333333,5,5,terminal_interaction_mid,0.0006922255904863906,0.0015286934985751296
1473505,2025,10,2,0,80.76190476190476,20.379310344827587,-128.81666666666666,5,5,terminal_interaction_mid,0.0006415721156682896,0.0014282485473464071
1473505,2025,10,3,0,80.76190476190476,20.63157894736842,-128.975,5,5,terminal_interaction_mid,0.0006291373580613813,0.001403464019206425
1473505,2025,10,4,0,80.76190476190476,20.892857142857142,-129.13333333333333,5,5,terminal_interaction_mid,0.0006190302789355317,0.0013832806178491826
1473505,2025,10,5,0,80.76190476190476,21.272727272727273,-130.29166666666669,5,5,terminal_interaction_mid,0.000547981894261167,0.0012403736456512657
1473505,2025,10,6,0,80.76190476190476,21.22222222222222,-127.45000000000002,5,5,terminal_interaction_mid,0.000653180051323433,0.001451339052715386
1473505,2025,11,1,0,80.76190476190476,21.50943396226415,-127.60833333333335,5,5,terminal_interaction_mid,0.000671959650918778,0.0012811539018691357
1473505,2025,11,2,0,80.76190476190476,21.923076923076923,-128.76666666666665,5,5,terminal_interaction_mid,0.0006483689018387629,0.0012398605859367268
1473505,2025,11,3,0,80.76190476190476,22.235294117647058,-128.92499999999998,5,5,terminal_interaction_mid,0.0006128988502622033,0.0011775348318397447
1473505,2025,11,4,0,80.76190476190476,22.56,-129.08333333333331,5,5,terminal_interaction_mid,0.0006029373189966283,0.0011599774001986812
1473505,2025,11,5,0,80.76190476190476,22.53061224489796,-126.24166666666667,5,5,terminal_interaction_mid,0.0006739357341591065,0.0012846072736980537
1473505,2025,11,6,0,80.76190476190476,23.0,-127.4,5,5,terminal_interaction_mid,0.0006157144734198075,0.0011824930878581304
1473505,2025,12,1,0,80.76190476190476,23.48936170212766,-128.55833333333334,5,5,terminal_interaction_mid,0.0006137620531183142,0.001167319035360281
1473505,2025,12,2,0,80.76190476190476,24.0,-140.37333333333333,6,4,terminal_interaction_mid,0.0004806382736432686,0.0009328543114409777
1473505,2025,12,3,0,80.76190476190476,24.4,-140.29999999999998,6,4,terminal_interaction_mid,0.0005078505559274729,0.000981180029109051
1473505,2025,12,4,0,80.76190476190476,24.954545454545453,-141.22666666666666,6,4,terminal_interaction_mid,0.0005234978997723257,0.0010088695285177952
1473505,2025,12,5,0,80.76190476190476,25.395348837209305,-141.15333333333334,6,4,terminal_interaction_mid,0.0005484984662969993,0.0010529684061160826
1473505,2025,12,6,0,80.76190476190476,26.0,-142.07999999999998,6,4,terminal_interaction_mid,0.000560647875158844,0.001074338030422324
1473505,2025,13,1,0,80.76190476190476,26.634146341463417,-143.00666666666666,6,4,terminal_interaction_mid,0.0005881370480947729,0.0008821868682846705
1473505,2025,13,2,0,80.76190476190476,27.150000000000002,-142.93333333333334,6,4,terminal_interaction_mid,0.0005548651500849053,0.0008349128795645791
1473505,2025,13,3,0,80.76190476190476,26.923076923076923,-137.85999999999999,6,4,terminal_interaction_mid,0.0005714701700682437,0.0008585246729519771
1473505,2025,13,4,0,80.76190476190476,26.68421052631579,-132.78666666666666,6,4,terminal_interaction_mid,0.0006284129666236436,0.0009392184508165017
1473505,2025,13,5,0,80.76190476190476,27.405405405405403,-142.285,7,3,terminal_interaction_mid,0.0005741829189242885,0.0008623785333476548
1473505,2025,13,6,0,80.76190476190476,28.0,-141.98000000000002,7,3,terminal_interaction_mid,0.0005811087779427578,0.0008722132519878561
1473505,2025,14,1,0,80.76190476190476,28.114285714285714,-138.67499999999998,7,3,terminal_interaction_mid,0.0006122554894651882,0.0008777638561727405
1473505,2025,14,2,0,80.76190476190476,28.941176470588232,-139.37,7,3,terminal_interaction_mid,0.0006083928180899592,0.0008724943087173956
1473505,2025,14,3,0,80.76190476190476,28.727272727272727,-134.065,7,3,terminal_interaction_mid,0.0006244935716613054,0.0008944486757615652
1473505,2025,14,4,0,80.76190476190476,28.5,-128.76000000000002,7,3,terminal_interaction_mid,0.0006541204334122239,0.000934775099622473
1473505,2025,14,5,0,80.76190476190476,29.032258064516128,-127.45499999999998,7,3,terminal_interaction_mid,0.0006540284469986571,0.0009346500329589009
1473505,2025,14,6,0,80.76190476190476,29.8,-127.15000000000003,7,3,terminal_interaction_mid,0.000653940490520418,0.0009345304446769435
1473505,2025,15,1,0,80.76190476190476,30.620689655172416,-126.84499999999997,7,3,terminal_interaction_mid,0.0006538838140370566,0.0009021630471457209
1473505,2025,15,2,0,80.76190476190476,30.428571428571427,-121.54000000000002,7,3,terminal_interaction_mid,0.0006598700345258777,0.000910064461111492
1473505,2025,15,3,0,80.76190476190476,31.333333333333336,-121.23500000000001,7,3,terminal_interaction_mid,0.0006688750057914848,0.0009219445843052556
1473505,2025,15,4,0,80.76190476190476,32.30769230769231,-120.93,7,3,terminal_interaction_mid,0.0006853279562253976,0.0009436328814120275
1473505,2025,15,5,0,80.76190476190476,32.160000000000004,-115.625,7,3,terminal_interaction_mid,0.0007456502387345532,0.0010229608309012368
1473505,2025,15,6,0,80.76190476190476,32.0,-110.32,7,3,terminal_interaction_mid,0.0007710155155915768,0.0010562334841353908
1473506,2025,7,1,1,-3.4375,9.350649350649352,-12.739999999999995,1,9,terminal_interaction_mid,0.6791846498030945,0.6546363197089647
1473506,2025,7,2,1,-3.4375,9.473684210526315,-14.120000000000005,1,9,terminal_interaction_mid,0.6738116896596094,0.6498818768415393
1473506,2025,7,3,1,-3.4375,9.52,-14.5,1,9,terminal_interaction_mid,0.6759188114229082,0.6517451416716119
1473506,2025,7,4,1,-3.4375,9.162162162162161,-9.879999999999995,1,9,terminal_interaction_mid,0.7143490228090759,0.6860465492433415
1473506,2025,7,5,1,-3.4375,9.123287671232877,-9.260000000000005,1,9,terminal_interaction_mid,0.721669703600406,0.692657343023097
1473506,2025,7,6,1,-3.4375,9.166666666666666,-9.639999999999986,1,9,terminal_interaction_mid,0.7219641212775127,0.6929237794998966
1473506,2025,8,1,1,-3.4375,9.211267605633802,-10.02000000000001,1,9,terminal_interaction_mid,0.7168704309267063,0.6935444967444863
1473506,2025,8,2,1,-3.4375,9.257142857142858,-10.399999999999991,1,9,terminal_interaction_mid,0.7126199956273083,0.6896421131147611
1473506,2025,8,3,1,-3.4375,9.043478260869566,-7.780000000000001,1,9,terminal_interaction_mid,0.7361055127687625,0.7113039762386397
1473506,2025,8,4,1,-3.4375,9.088235294117647,-8.159999999999997,1,9,terminal_interaction_mid,0.7245636822095001,0.7006274905211435
1473506,2025,8,5,1,-3.4375,9.134328358208954,-8.539999999999992,1,9,terminal_interaction_mid,0.7230946885087287,0.6992730150264508
1473506,2025,8,6,1,-3.4375,9.181818181818182,-8.919999999999987,1,9,terminal_interaction_mid,0.721067433867635,0.6974053698989046
1473506,2025,8,7,1,-3.4375,9.323076923076924,-10.299999999999997,1,9,terminal_interaction_mid,0.7157019513175886,0.6924709420618089
1473506,2025,9,1,1,-3.4375,9.323076923076924,-10.299999999999997,1,9,terminal_interaction_mid,0.7151462799103359,0.6902733715333681
1473506,2025,9,2,1,-3.4375,9.375,-10.680000000000007,1,9,terminal_interaction_mid,0.7158524228091582,0.6909039530661758
1473506,2025,9,3,1,-3.4375,9.142857142857142,-8.059999999999988,1,9,terminal_interaction_mid,0.7303404947048512,0.7038951116643862
1473506,2025,9,4,1,-3.4375,9.29032258064516,-9.439999999999984,1,9,terminal_interaction_mid,0.7243206839862926,0.6984846355274368
1473506,2025,9,5,1,-3.4375,9.442622950819672,-10.819999999999993,1,9,terminal_interaction_mid,0.7160431403724203,0.6910743028423438
1473506,2025,9,6,1,-3.4375,9.600000000000001,-12.200000000000003,1,9,terminal_interaction_mid,0.7138982422734975,0.6891594498849802
1473506,2025,10,1,1,-3.4375,9.661016949152541,-12.579999999999998,1,9,terminal_interaction_mid,0.7138506842452487,0.7002130377088385
1473506,2025,10,2,1,-3.4375,9.413793103448276,-9.959999999999994,1,9,terminal_interaction_mid,0.7334853659163085,0.7183372934594179
1473506,2025,10,3,1,-3.4375,9.157894736842106,-7.340000000000003,1,9,terminal_interaction_mid,0.7581932155021753,0.7413448185132048
1473506,2025,10,4,1,-3.4375,8.892857142857142,-4.719999999999999,1,9,terminal_interaction_mid,0.7837279552305814,0.7653998047572335
1473506,2025,10,5,1,-3.4375,8.945454545454545,-5.1000000000000085,1,9,terminal_interaction_mid,0.7867484589180738,0.7682664045178714
1473506,2025,10,6,1,-3.4375,9.0,-5.47999999999999,1,9,terminal_interaction_mid,0.7801338065672112,0.7619949211245385
1473506,2025,10,7,1,-3.4375,9.056603773584907,-5.860000000000014,1,9,terminal_interaction_mid,0.7696353007420438,0.7520859016261535
1473506,2025,11,1,1,-3.4375,8.943396226415093,-4.860000000000014,1,9,terminal_interaction_mid,0.781083654663125,0.7700149236032153
1473506,2025,11,2,1,-3.4375,9.0,-5.239999999999995,1,9,terminal_interaction_mid,0.7769304791963061,0.7660725957514658
1473506,2025,11,3,1,-3.4375,9.058823529411764,-5.61999999999999,1,9,terminal_interaction_mid,0.7650463278749454,0.7548254127158256
1473506,2025,11,4,1,-3.4375,9.120000000000001,-6.0,1,9,terminal_interaction_mid,0.7580239442256469,0.7482015286884424
1473506,2025,11,5,1,-3.4375,9.183673469387754,-6.38000000000001,1,9,terminal_interaction_mid,0.7525940633088252,0.7430903642932354
1473506,2025,11,6,1,-3.4375,8.875,-3.7599999999999767,1,9,terminal_interaction_mid,0.7818746258027333,0.7707664586160964
1473506,2025,11,7,1,-3.4375,8.297872340425533,0.8600000000000136,1,9,terminal_interaction_mid,0.8538803743417231,0.8403658578063123
1473506,2025,12,1,1,-3.4375,7.787234042553191,4.860000000000014,1,9,terminal_interaction_mid,0.9366224291728215,0.9244608998836987
1473506,2025,12,2,1,-3.4375,7.826086956521739,4.47999999999999,1,9,terminal_interaction_mid,0.9358168725519533,0.9235919425186172
1473506,2025,12,3,1,-3.4375,8.0,3.1000000000000085,1,9,terminal_interaction_mid,0.9294419721050309,0.9167529365417001
1473506,2025,12,4,1,-3.4375,8.181818181818182,1.7199999999999989,1,9,terminal_interaction_mid,0.914824421483311,0.9012978367756124
1473506,2025,12,5,1,-3.4375,8.372093023255815,0.3400000000000034,1,9,terminal_interaction_mid,0.8958576867527303,0.8816389738718183
1473506,2025,12,6,1,-3.4375,7.714285714285715,4.959999999999994,1,9,terminal_interaction_mid,0.9539853551677795,0.9434895785920322
1473506,2025,13,1,1,-3.4375,7.317073170731707,7.579999999999998,1,9,terminal_interaction_mid,0.9846877774692988,0.9809853747791649
1473506,2025,13,2,1,-3.4375,7.3500000000000005,7.200000000000017,1,9,terminal_interaction_mid,0.9842642612721273,0.9804901152318588
1473506,2025,13,3,1,-3.4375,6.9230769230769225,9.819999999999993,1,9,terminal_interaction_mid,0.9910288191033423,0.9885154903665482
1473506,2025,13,4,1,-3.4375,7.105263157894736,8.439999999999998,1,9,terminal_interaction_mid,0.9897177379887809,0.9869381367696495
1473506,2025,13,5,1,-3.4375,7.135135135135135,8.060000000000002,1,9,terminal_interaction_mid,0.9894654585459268,0.9866360202387278
1473506,2025,13,6,1,-3.4375,7.0,8.680000000000007,1,9,terminal_interaction_mid,0.9907660721509189,0.9881983594803846
1473506,2025,14,1,1,-3.4375,7.199999999999999,1.9333333333333371,2,8,terminal_interaction_mid,0.9696098284820761,0.9643752643272686
1473506,2025,14,2,1,-3.4375,7.235294117647058,1.7066666666666777,2,8,terminal_interaction_mid,0.9635316726608323,0.9576673413376513
1473506,2025,14,3,1,-3.4375,7.454545454545455,0.47999999999998977,2,8,terminal_interaction_mid,0.9475183409805632,0.9402829810560318
1473506,2025,14,4,1,-3.4375,7.5,0.2533333333333303,2,8,terminal_interaction_mid,0.9451616016715996,0.9377537817209503
1473506,2025,14,5,1,-3.4375,7.741935483870968,-0.9733333333333292,2,8,terminal_interaction_mid,0.9284541437545131,0.9199980392861596
1473506,2025,14,6,1,-3.4375,7.800000000000001,-1.200000000000017,2,8,terminal_interaction_mid,0.923632813479535,0.9149245066150444
1473506,2025,15,1,1,-3.4375,7.655172413793104,-0.4266666666666765,2,8,terminal_interaction_mid,0.9356838699314818,0.9289235065410927
1473506,2025,15,2,1,-3.4375,7.5,0.346666666666664,2,8,terminal_interaction_mid,0.9493032171294402,0.9433124375328209
1473506,2025,15,3,1,-3.4375,7.555555555555555,0.12000000000000455,2,8,terminal_interaction_mid,0.9482314849580569,0.942173328098554
1473506,2025,15,4,1,-3.4375,7.846153846153847,-1.106666666666655,2,8,terminal_interaction_mid,0.9299581369471386,0.9229250773402412
1473506,2025,15,5,1,-3.4375,7.199999999999999,1.6666666666666856,2,8,terminal_interaction_mid,0.9660413248256783,0.961287179408189
1473506,2025,15,6,1,-3.4375,7.0,2.4399999999999977,2,8,terminal_interaction_mid,0.9745332757479784,0.9705711134026377
1473506,2025,15,7,1,-3.4375,7.043478260869566,2.2133333333333383,2,8,terminal_interaction_mid,0.9750638382079126,0.971155842962871
1473507,2025,7,1,1,51.69999999999999,11.766233766233768,-18.9075,1,9,terminal_interaction_mid,0.2829084332464469,0.3111009788368403
1473507,2025,7,2,1,51.69999999999999,11.447368421052632,-14.610000000000014,1,9,terminal_interaction_mid,0.37553484461740816,0.3929153707242144
1473507,2025,7,3,1,51.69999999999999,11.52,-15.3125,1,9,terminal_interaction_mid,0.3617477856132455,0.38091786201224964
1473507,2025,7,4,1,51.69999999999999,11.35135135135135,-13.014999999999986,1,9,terminal_interaction_mid,0.40388955159170337,0.4174497739010717
1473507,2025,7,5,1,51.69999999999999,11.342465753424658,-12.717500000000001,1,9,terminal_interaction_mid,0.4203035486198781,0.43158167843025846
1473507,2025,7,6,1,51.69999999999999,11.5,-28.040000000000006,2,8,terminal_interaction_mid,0.2016979628268367,0.23587016601883382
1473507,2025,7,7,1,51.69999999999999,11.661971830985916,-42.98416666666668,3,7,terminal_interaction_mid,0.10052630281887565,0.13332536849858836
1473507,2025,8,1,1,51.69999999999999,11.577464788732396,-41.98416666666668,3,7,terminal_interaction_mid,0.10845949685657603,0.1361882761647735
1473507,2025,8,2,1,51.69999999999999,11.657142857142857,-42.30833333333334,3,7,terminal_interaction_mid,0.11058213462482996,0.13845107605824836
1473507,2025,8,3,1,51.69999999999999,11.82608695652174,-43.63249999999999,3,7,terminal_interaction_mid,0.1133257846097779,0.1413654962504107
1473507,2025,8,4,1,51.69999999999999,12.0,-44.95666666666668,3,7,terminal_interaction_mid,0.11853906959601879,0.1468720383055349
1473507,2025,8,5,1,51.69999999999999,11.82089552238806,-42.280833333333334,3,7,terminal_interaction_mid,0.1234942009406539,0.15206955024588806
1473507,2025,8,6,1,51.69999999999999,11.90909090909091,-42.60499999999999,3,7,terminal_interaction_mid,0.1310210675874866,0.15990051384721693
1473507,2025,9,1,1,51.69999999999999,11.723076923076922,-39.929166666666674,3,7,terminal_interaction_mid,0.13529846420239158,0.17369045493215524
1473507,2025,9,2,1,51.69999999999999,11.8125,-40.25333333333333,3,7,terminal_interaction_mid,0.13482834108794717,0.17319965006312374
1473507,2025,9,3,1,51.69999999999999,11.619047619047619,-37.577500000000015,3,7,terminal_interaction_mid,0.1425985604476647,0.18126850486295187
1473507,2025,9,4,1,51.69999999999999,11.419354838709678,-34.90166666666667,3,7,terminal_interaction_mid,0.1679359616143264,0.20699683848324094
1473507,2025,9,5,1,51.69999999999999,11.213114754098362,-32.225833333333355,3,7,terminal_interaction_mid,0.21201138407139744,0.2500103998865061
1473507,2025,9,6,1,51.69999999999999,11.3,-32.55000000000001,3,7,terminal_interaction_mid,0.22378194268988505,0.26119103741327904
1473507,2025,10,1,1,51.69999999999999,11.491525423728813,-33.87416666666667,3,7,terminal_interaction_mid,0.21150690313820258,0.24088956643164058
1473507,2025,10,2,1,51.69999999999999,11.689655172413794,-35.19833333333332,3,7,terminal_interaction_mid,0.20424886889940488,0.23374821048792332
1473507,2025,10,3,1,51.69999999999999,11.473684210526315,-32.52250000000001,3,7,terminal_interaction_mid,0.24626567627102847,0.27462950289983384
1473507,2025,10,4,1,51.69999999999999,11.571428571428571,-32.846666666666664,3,7,terminal_interaction_mid,0.23444758251886902,0.263238043881377
1473507,2025,10,5,1,51.69999999999999,11.672727272727274,-33.17083333333335,3,7,terminal_interaction_mid,0.24092099656868332,0.2694874049026483
1473507,2025,10,6,1,51.69999999999999,11.777777777777779,-33.495000000000005,3,7,terminal_interaction_mid,0.23564111790507666,0.26439206272397964
1473507,2025,11,1,1,51.69999999999999,11.88679245283019,-33.81916666666669,3,7,terminal_interaction_mid,0.2166051828929933,0.24276547124382913
1473507,2025,11,2,1,51.69999999999999,12.115384615384615,-44.97999999999999,4,6,terminal_interaction_mid,0.1276071991119669,0.15166196516969616
1473507,2025,11,3,1,51.69999999999999,11.882352941176471,-42.11500000000001,4,6,terminal_interaction_mid,0.14725025781878903,0.17230147249149771
1473507,2025,11,4,1,51.69999999999999,12.0,-42.25,4,6,terminal_interaction_mid,0.14792223969940305,0.1730013439880624
1473507,2025,11,5,1,51.69999999999999,12.0,-41.38499999999999,4,6,terminal_interaction_mid,0.16348456401371414,0.18910451076569706
1473507,2025,11,6,1,51.69999999999999,12.0,-40.52000000000001,4,6,terminal_interaction_mid,0.1743633734005975,0.20024901923811766
1473507,2025,12,1,1,51.69999999999999,12.127659574468087,-40.655,4,6,terminal_interaction_mid,0.15184244400335184,0.1758315072077319
1473507,2025,12,2,1,51.69999999999999,12.260869565217392,-40.78999999999999,4,6,terminal_interaction_mid,0.15171622421009195,0.1757011872036865
1473507,2025,12,3,1,51.69999999999999,12.266666666666666,-39.92500000000001,4,6,terminal_interaction_mid,0.1548856283004074,0.17896965369577783
1473507,2025,12,4,1,51.69999999999999,12.40909090909091,-40.06,4,6,terminal_interaction_mid,0.1563190918584143,0.18044528539871799
1473507,2025,12,5,1,51.69999999999999,12.558139534883722,-40.19499999999999,4,6,terminal_interaction_mid,0.15922326940562656,0.18342995111075094
1473507,2025,12,6,1,51.69999999999999,12.714285714285715,-40.33000000000001,4,6,terminal_interaction_mid,0.1534300614184147,0.17746959533687387
1473507,2025,13,1,1,51.69999999999999,12.878048780487806,-40.465,4,6,terminal_interaction_mid,0.1519341499611949,0.16487975233063473
1473507,2025,13,2,1,51.69999999999999,12.75,-38.60000000000002,4,6,terminal_interaction_mid,0.1889536572631971,0.20199899989785206
1473507,2025,13,3,1,51.69999999999999,12.153846153846153,-33.734999999999985,4,6,terminal_interaction_mid,0.25679173922286685,0.26874442302726415
1473507,2025,13,4,1,51.69999999999999,11.842105263157894,-30.870000000000005,4,6,terminal_interaction_mid,0.29082522777696174,0.3017630499870228
1473507,2025,13,5,1,51.69999999999999,12.0,-31.004999999999995,4,6,terminal_interaction_mid,0.28725678384839515,0.2983129304103131
1473507,2025,13,6,1,51.69999999999999,12.0,-30.140000000000015,4,6,terminal_interaction_mid,0.30083949083836603,0.3114316456051083
1473507,2025,14,1,1,51.69999999999999,11.657142857142857,-27.274999999999977,4,6,terminal_interaction_mid,0.3416786669122831,0.3495249309355365
1473507,2025,14,2,1,51.69999999999999,11.647058823529411,-26.410000000000025,4,6,terminal_interaction_mid,0.35723097794213365,0.36447004776888803
1473507,2025,14,3,1,51.69999999999999,10.909090909090908,-21.544999999999987,4,6,terminal_interaction_mid,0.4427931372670217,0.44627690091911565
1473507,2025,14,4,1,51.69999999999999,10.5,-18.680000000000007,4,6,terminal_interaction_mid,0.47521710494797276,0.4771618206017647
1473507,2025,14,5,1,51.69999999999999,10.64516129032258,-18.814999999999998,4,6,terminal_interaction_mid,0.468179478253584,0.4704611772254008
1473507,2025,14,6,1,51.69999999999999,10.2,-15.949999999999989,4,6,terminal_interaction_mid,0.5272009067674412,0.526637318056864
1473507,2025,15,1,1,51.69999999999999,10.344827586206897,-16.085000000000008,4,6,terminal_interaction_mid,0.5180868515711436,0.5192195203383453
1473507,2025,15,2,1,51.69999999999999,10.5,-16.22,4,6,terminal_interaction_mid,0.5130507441193393,0.5144001879743965
1473507,2025,15,3,1,51.69999999999999,10.666666666666666,-16.35499999999999,4,6,terminal_interaction_mid,0.5029203913326574,0.5047053732737969
1473507,2025,15,4,1,51.69999999999999,10.153846153846153,-13.490000000000009,4,6,terminal_interaction_mid,0.5556669996713226,0.5551857890482236
1473507,2025,15,5,1,51.69999999999999,9.600000000000001,-10.625,4,6,terminal_interaction_mid,0.6201886499462235,0.6170295112074249
1473507,2025,15,6,1,51.69999999999999,10.0,-11.759999999999991,4,6,terminal_interaction_mid,0.5877508371486047,0.5859151901973676
1473507,2025,15,7,1,51.69999999999999,10.173913043478262,-11.89500000000001,4,6,terminal_interaction_mid,0.5830636269301537,0.5814235840363311
1473508,2025,7,1,1,-68.88888888888889,2.25974025974026,30.3275,1,9,terminal_interaction_mid,0.9954946869017254,0.9901253362675447
1473508,2025,7,2,1,-68.88888888888889,2.2105263157894735,30.569999999999993,1,9,terminal_interaction_mid,0.9958305616865468,0.990754186266367
1473508,2025,7,3,1,-68.88888888888889,1.76,35.8125,1,9,terminal_interaction_mid,0.9966433724046673,0.9923101304661058
1473508,2025,7,4,1,-68.88888888888889,1.4594594594594597,39.05500000000001,1,9,terminal_interaction_mid,0.9969157536933017,0.9928439898938376
1473508,2025,7,5,1,-68.88888888888889,1.4794520547945205,32.15333333333332,2,8,terminal_interaction_mid,0.9966850668016325,0.9923914073416057
1473508,2025,7,6,1,-68.88888888888889,1.4166666666666665,32.48,2,8,terminal_interaction_mid,0.9953149642131047,0.9897918488721206
1473508,2025,8,1,1,-68.88888888888889,1.352112676056338,32.80666666666667,2,8,terminal_interaction_mid,0.9955692377383009,0.9914523124677913
1473508,2025,8,2,1,-68.88888888888889,1.2857142857142856,33.13333333333335,2,8,terminal_interaction_mid,0.9957549569947364,0.9917663081243228
1473508,2025,8,3,1,-68.88888888888889,1.3043478260869565,32.459999999999994,2,8,terminal_interaction_mid,0.9959483534028184,0.9920951726894196
1473508,2025,8,4,1,-68.88888888888889,1.2352941176470589,32.78666666666667,2,8,terminal_interaction_mid,0.9960935779818871,0.9923434491693696
1473508,2025,8,5,1,-68.88888888888889,0.8955223880597014,36.113333333333344,2,8,terminal_interaction_mid,0.9966825731470652,0.9933631399806023
1473508,2025,8,6,1,-68.88888888888889,0.9090909090909092,35.440000000000005,2,8,terminal_interaction_mid,0.996960055530676,0.9938513893280024
1473508,2025,9,1,1,-68.88888888888889,0.8307692307692308,35.766666666666666,2,8,terminal_interaction_mid,0.996979051288926,0.9929786181851401
1473508,2025,9,2,1,-68.88888888888889,0.75,36.09333333333334,2,8,terminal_interaction_mid,0.9970312429314391,0.9930815398689784
1473508,2025,9,3,1,-68.88888888888889,0.38095238095238093,39.42,2,8,terminal_interaction_mid,0.9971809209757682,0.9933782876092506
1473508,2025,9,4,1,-68.88888888888889,0.29032258064516125,39.74666666666667,2,8,terminal_interaction_mid,0.9972065760039572,0.9934293933435916
1473508,2025,9,5,1,-68.88888888888889,0.19672131147540983,40.07333333333334,2,8,terminal_interaction_mid,0.9974906915941121,0.9940004184988778
1473508,2025,9,6,1,-68.88888888888889,-0.4,45.400000000000006,2,8,terminal_interaction_mid,0.9938356377863746,0.9871606622012425
1473509,2025,7,1,0,62.20896079904773,11.922077922077923,-34.95999999999998,2,8,terminal_interaction_mid,0.09884546399008934,0.13148849433315848
1473509,2025,7,2,0,62.20896079904773,12.0,-35.47999999999999,2,8,terminal_interaction_mid,0.09917387002108617,0.1318478554637448
1473509,2025,7,3,0,62.20896079904773,12.0,-35.0,2,8,terminal_interaction_mid,0.10691517091752775,0.1402545109952923
1473509,2025,7,4,0,62.20896079904773,11.837837837837839,-32.51999999999998,2,8,terminal_interaction_mid,0.12272616999809426,0.1570726487321319
1473509,2025,7,5,0,62.20896079904773,11.917808219178081,-33.04000000000002,2,8,terminal_interaction_mid,0.12137910682518178,0.15565679550941183
1473509,2025,7,6,0,62.20896079904773,12.0,-33.56,2,8,terminal_interaction_mid,0.11410884173585674,0.1479619004237445
1473509,2025,8,1,0,62.20896079904773,12.0,-33.079999999999984,2,8,terminal_interaction_mid,0.12240542157358957,0.1509304623464031
1473509,2025,8,2,0,62.20896079904773,11.82857142857143,-30.599999999999966,2,8,terminal_interaction_mid,0.15315877002497646,0.18252840874869933
1473509,2025,8,3,0,62.20896079904773,11.91304347826087,-31.120000000000005,2,8,terminal_interaction_mid,0.1465622911044756,0.1758448560930874
1473509,2025,8,4,0,62.20896079904773,12.0,-31.639999999999986,2,8,terminal_interaction_mid,0.156040143035617,0.18543316386353764
1473509,2025,8,5,0,62.20896079904773,12.089552238805968,-32.15999999999998,2,8,terminal_interaction_mid,0.13558868271569588,0.16461691405310855
1473509,2025,8,6,0,62.20896079904773,12.181818181818182,-32.67999999999999,2,8,terminal_interaction_mid,0.13816397991108786,0.1672647058412099
1473509,2025,9,1,0,62.20896079904773,12.0,-30.19999999999999,2,8,terminal_interaction_mid,0.15804077341159595,0.1970484363534915
1473509,2025,9,2,0,62.20896079904773,12.09375,-30.71999999999997,2,8,terminal_interaction_mid,0.16066566580939073,0.19969926646082542
1473509,2025,9,3,0,62.20896079904773,11.904761904761905,-28.23999999999998,2,8,terminal_interaction_mid,0.17655184274720356,0.2155642325408175
1473509,2025,9,4,0,62.20896079904773,12.0,-28.75999999999999,2,8,terminal_interaction_mid,0.17393190661087563,0.21296800290595133
1473509,2025,9,5,0,62.20896079904773,12.098360655737704,-29.279999999999973,2,8,terminal_interaction_mid,0.18385753117373907,0.22276406582374578
1473509,2025,9,6,0,62.20896079904773,12.299999999999999,-30.799999999999983,2,8,terminal_interaction_mid,0.16631724844728737,0.20537759698343216
1473509,2025,10,1,0,62.20896079904773,12.305084745762711,-30.319999999999993,2,8,terminal_interaction_mid,0.1923197553066578,0.22193026022815904
1473509,2025,10,2,0,62.20896079904773,12.413793103448278,-30.839999999999975,2,8,terminal_interaction_mid,0.18453304701323267,0.21415880247416322
1473509,2025,10,3,0,62.20896079904773,12.210526315789474,-28.359999999999985,2,8,terminal_interaction_mid,0.20520032979504207,0.23468643128193215
1473509,2025,10,4,0,62.20896079904773,12.42857142857143,-29.879999999999995,2,8,terminal_interaction_mid,0.20065063626384141,0.23019431118550024
1473509,2025,10,5,0,62.20896079904773,12.654545454545453,-31.400000000000006,2,8,terminal_interaction_mid,0.18955733751053924,0.2191786019036381
1473509,2025,10,6,0,62.20896079904773,12.222222222222223,-26.919999999999987,2,8,terminal_interaction_mid,0.25789372624810547,0.28576434244260335
1473509,2025,11,1,0,62.20896079904773,12.226415094339622,-26.440000000000026,2,8,terminal_interaction_mid,0.26845974912331266,0.29361544823398206
1473509,2025,11,2,0,62.20896079904773,12.23076923076923,-25.960000000000008,2,8,terminal_interaction_mid,0.284814926170605,0.30940502505896983
1473509,2025,11,3,0,62.20896079904773,12.352941176470587,-26.47999999999999,2,8,terminal_interaction_mid,0.2778459488624355,0.3026900598970402
1473509,2025,11,4,0,62.20896079904773,12.48,-27.0,2,8,terminal_interaction_mid,0.2651331890790637,0.290390603894666
1473509,2025,11,5,0,62.20896079904773,12.612244897959183,-27.52000000000001,2,8,terminal_interaction_mid,0.2717551396615515,0.2968055301432719
1473509,2025,11,6,0,62.20896079904773,12.375,-25.039999999999992,2,8,terminal_interaction_mid,0.2735826295565309,0.29857269941916925
1473509,2025,12,1,0,62.20896079904773,12.638297872340424,-26.560000000000002,2,8,terminal_interaction_mid,0.2671959077610139,0.2906587022060071
1473509,2025,12,2,0,62.20896079904773,12.782608695652176,-27.080000000000013,2,8,terminal_interaction_mid,0.2626098787965372,0.28622369473438597
1473509,2025,12,3,0,62.20896079904773,13.066666666666666,-28.599999999999994,2,8,terminal_interaction_mid,0.23486593374567186,0.2592001061479851
1473509,2025,12,4,0,62.20896079904773,12.545454545454545,-24.120000000000005,2,8,terminal_interaction_mid,0.28366143748415795,0.30651385146227816
1473509,2025,12,5,0,62.20896079904773,12.0,-19.640000000000015,2,8,terminal_interaction_mid,0.34805552319161825,0.3676445966181713
1473509,2025,12,6,0,62.20896079904773,12.142857142857142,-20.159999999999997,2,8,terminal_interaction_mid,0.3380200948878584,0.35819783793487087
1473509,2025,12,7,0,62.20896079904773,11.853658536585366,-17.67999999999998,2,8,terminal_interaction_mid,0.3904035706869732,0.407245984525877
1473509,2025,13,1,0,62.20896079904773,11.707317073170731,-16.67999999999998,2,8,terminal_interaction_mid,0.4121994119673554,0.4179076445190276
1473509,2025,13,2,0,62.20896079904773,11.850000000000001,-17.200000000000017,2,8,terminal_interaction_mid,0.3968050093610053,0.40327573710479836
1473509,2025,13,3,0,62.20896079904773,12.0,-17.72,2,8,terminal_interaction_mid,0.40450434912269584,0.4105962756245859
1473509,2025,13,4,0,62.20896079904773,12.315789473684212,-26.460000000000008,3,7,terminal_interaction_mid,0.24993913818326133,0.2620630362108525
1473509,2025,13,5,0,62.20896079904773,12.648648648648647,-27.789999999999992,3,7,terminal_interaction_mid,0.260705968644091,0.272555567135079
1473509,2025,13,6,0,62.20896079904773,12.833333333333332,-28.120000000000005,3,7,terminal_interaction_mid,0.24260267655657042,0.25489633539891254
1473509,2025,14,1,0,62.20896079904773,13.028571428571428,-28.450000000000017,3,7,terminal_interaction_mid,0.23620266594923534,0.24714525404114887
1473509,2025,14,2,0,62.20896079904773,13.23529411764706,-28.78000000000003,3,7,terminal_interaction_mid,0.24103949660660048,0.2518896748773628
1473509,2025,14,3,0,62.20896079904773,13.454545454545453,-29.109999999999985,3,7,terminal_interaction_mid,0.21139149712677452,0.22271153573352945
1473509,2025,14,4,0,62.20896079904773,13.6875,-29.439999999999998,3,7,terminal_interaction_mid,0.21719096735331989,0.22843796637428884
1473509,2025,14,5,0,62.20896079904773,13.354838709677418,-26.769999999999982,3,7,terminal_interaction_mid,0.23860928502491208,0.24950661991520856
1473509,2025,14,6,0,62.20896079904773,13.6,-27.099999999999994,3,7,terminal_interaction_mid,0.2271500247087842,0.2382495864340093
1473509,2025,15,1,0,62.20896079904773,13.241379310344827,-24.430000000000007,3,7,terminal_interaction_mid,0.2588832892288136,0.2691326490158794
1473509,2025,15,2,0,62.20896079904773,12.857142857142858,-21.75999999999999,3,7,terminal_interaction_mid,0.30322127341293603,0.31245253964602643
1473509,2025,15,3,0,62.20896079904773,13.11111111111111,-22.090000000000003,3,7,terminal_interaction_mid,0.29376720035754844,0.3032447667732945
1473509,2025,15,4,0,62.20896079904773,13.615384615384615,-28.359999999999985,4,6,terminal_interaction_mid,0.21700780312534523,0.2278465492625247
1473509,2025,15,5,0,62.20896079904773,13.919999999999998,-28.5,4,6,terminal_interaction_mid,0.19420554813363433,0.2051780042546201
1473509,2025,15,6,0,62.20896079904773,13.5,-25.640000000000015,4,6,terminal_interaction_mid,0.2348371748594473,0.24547517877909664
1473510,2025,7,1,1,17.0,10.441558441558442,-28.793333333333322,2,8,terminal_interaction_mid,0.4591327488551117,0.464866942082397
1473510,2025,7,2,1,17.0,10.578947368421051,-30.14666666666666,2,8,terminal_interaction_mid,0.38812749632728716,0.40383269788419157
1473510,2025,7,3,1,17.0,10.64,-30.5,2,8,terminal_interaction_mid,0.3708545803773703,0.3888481139094808
1473510,2025,7,4,1,17.0,10.702702702702702,-30.853333333333325,2,8,terminal_interaction_mid,0.3520113435949061,0.3724139105031825
1473510,2025,7,5,1,17.0,10.84931506849315,-44.55583333333334,3,7,terminal_interaction_mid,0.2114586650717226,0.24515826147788722
1473510,2025,7,6,1,17.0,11.0,-45.74000000000001,3,7,terminal_interaction_mid,0.20579236222693092,0.2397760185231923
1473510,2025,8,1,1,17.0,11.070422535211268,-45.92416666666668,3,7,terminal_interaction_mid,0.20852090284466182,0.2370042966317097
1473510,2025,8,2,1,17.0,11.142857142857142,-46.108333333333334,3,7,terminal_interaction_mid,0.20801612054111673,0.23651880864840202
1473510,2025,8,3,1,17.0,11.217391304347826,-46.292500000000004,3,7,terminal_interaction_mid,0.2108612929649696,0.23925288586892704
1473510,2025,8,4,1,17.0,11.294117647058822,-46.476666666666674,3,7,terminal_interaction_mid,0.2085186962760499,0.23700217479734811
1473510,2025,8,5,1,17.0,11.373134328358208,-46.66083333333333,3,7,terminal_interaction_mid,0.20794530201267036,0.23645068257527843
1473510,2025,8,6,1,17.0,11.181818181818182,-43.845,3,7,terminal_interaction_mid,0.22727123384213507,0.2549154140224615
1473510,2025,9,1,1,17.0,11.26153846153846,-44.02916666666667,3,7,terminal_interaction_mid,0.22473039023691538,0.2620870363232425
1473510,2025,9,2,1,17.0,10.875,-39.21333333333334,3,7,terminal_interaction_mid,0.24951205822250264,0.2852591993550468
1473510,2025,9,3,1,17.0,10.952380952380953,-39.39750000000001,3,7,terminal_interaction_mid,0.24413304027425262,0.2802669481151747
1473510,2025,9,4,1,17.0,10.741935483870968,-36.58166666666665,3,7,terminal_interaction_mid,0.26315487523054676,0.2978355380242203
1473510,2025,9,5,1,17.0,10.819672131147541,-36.76583333333335,3,7,terminal_interaction_mid,0.2746368564108891,0.3083309538925196
1473510,2025,9,6,1,17.0,10.6,-33.95000000000002,3,7,terminal_interaction_mid,0.29509406961011136,0.3268477404078652
1473510,2025,10,1,1,17.0,10.677966101694915,-34.13416666666669,3,7,terminal_interaction_mid,0.2990261830413906,0.3246369800665355
1473510,2025,10,2,1,17.0,10.862068965517242,-35.31833333333333,3,7,terminal_interaction_mid,0.2931930572046332,0.3191688312167019
1473510,2025,10,3,1,17.0,10.842105263157896,-34.5025,3,7,terminal_interaction_mid,0.3265244484108354,0.3502420912827808
1473510,2025,10,4,1,17.0,11.035714285714285,-35.68666666666667,3,7,terminal_interaction_mid,0.32062421991741663,0.3447707598393186
1473510,2025,10,5,1,17.0,11.236363636363636,-36.87083333333334,3,7,terminal_interaction_mid,0.3140145350906588,0.3386272748748924
1473510,2025,10,6,1,17.0,11.333333333333332,-37.05500000000001,3,7,terminal_interaction_mid,0.3108960737237536,0.3357233615959657
1473510,2025,11,1,1,17.0,11.320754716981131,-36.23916666666668,3,7,terminal_interaction_mid,0.3269273777537802,0.3496121804457739
1473510,2025,11,2,1,17.0,11.538461538461538,-37.42333333333332,3,7,terminal_interaction_mid,0.3086665223005065,0.33225124215139545
1473510,2025,11,3,1,17.0,11.529411764705882,-36.607500000000016,3,7,terminal_interaction_mid,0.32884803309312594,0.3514321359136106
1473510,2025,11,4,1,17.0,11.64,-36.79166666666666,3,7,terminal_interaction_mid,0.32383814246241194,0.3466825667269765
1473510,2025,11,5,1,17.0,11.755102040816325,-36.97583333333333,3,7,terminal_interaction_mid,0.32053884310488123,0.3435504968479376
1473510,2025,11,6,1,17.0,11.875,-37.16,3,7,terminal_interaction_mid,0.31015570183240904,0.3336710666963186
1473510,2025,12,1,1,17.0,12.0,-37.344166666666666,3,7,terminal_interaction_mid,0.2911478562658917,0.3136893086613208
1473510,2025,12,2,1,17.0,11.478260869565219,-32.528333333333336,3,7,terminal_interaction_mid,0.37331952133029367,0.39131733345155095
1473510,2025,12,3,1,17.0,10.933333333333334,-27.712500000000006,3,7,terminal_interaction_mid,0.5271499562194117,0.5332618854769381
1473510,2025,12,4,1,17.0,10.363636363636363,-22.896666666666675,3,7,terminal_interaction_mid,0.6237599771396147,0.6218359430505289
1473510,2025,12,5,1,17.0,10.604651162790699,-24.080833333333345,3,7,terminal_interaction_mid,0.5876164202988547,0.5886574527180842
1473510,2025,12,6,1,17.0,10.857142857142858,-25.265000000000015,3,7,terminal_interaction_mid,0.5826305945621129,0.5840868495710099
1473510,2025,13,1,1,17.0,10.975609756097562,-25.449166666666684,3,7,terminal_interaction_mid,0.5769424940099375,0.5739179593412225
1473510,2025,13,2,1,17.0,10.95,-24.633333333333354,3,7,terminal_interaction_mid,0.5824284876703604,0.5791184556924829
1473510,2025,13,3,1,17.0,11.076923076923077,-24.817499999999995,3,7,terminal_interaction_mid,0.5763220264092911,0.5733298873488331
1473510,2025,13,4,1,17.0,10.736842105263158,-22.001666666666665,3,7,terminal_interaction_mid,0.6397311544326354,0.6335723785183575
1473510,2025,13,5,1,17.0,10.378378378378379,-19.185833333333335,3,7,terminal_interaction_mid,0.6998576066240634,0.6911059578716705
1473510,2025,13,6,1,17.0,10.5,-19.370000000000005,3,7,terminal_interaction_mid,0.6975147358460849,0.6888538893244458
1473510,2025,13,7,1,17.0,10.628571428571428,-19.554166666666674,3,7,terminal_interaction_mid,0.6945126827008626,0.685969562021383
1473510,2025,14,1,1,17.0,10.285714285714285,-17.554166666666674,3,7,terminal_interaction_mid,0.7280845717503099,0.7191667845272743
1473510,2025,14,2,1,17.0,10.588235294117647,-18.738333333333344,3,7,terminal_interaction_mid,0.7013537812352375,0.6932798292863904
1473510,2025,14,3,1,17.0,10.727272727272727,-18.922499999999985,3,7,terminal_interaction_mid,0.6928366976688496,0.685056744358939
1473510,2025,14,4,1,17.0,11.0625,-20.106666666666683,3,7,terminal_interaction_mid,0.6500675946831344,0.6439177965354719
1473510,2025,14,5,1,17.0,11.225806451612902,-20.290833333333325,3,7,terminal_interaction_mid,0.6379330821097299,0.6322857681814161
1473510,2025,14,6,1,17.0,11.399999999999999,-20.474999999999994,3,7,terminal_interaction_mid,0.6348370297597421,0.6293203383618298
1473510,2025,15,1,1,17.0,10.551724137931034,-15.659166666666664,3,7,terminal_interaction_mid,0.7322547935194739,0.7252354733974538
1473510,2025,15,2,1,17.0,10.714285714285715,-15.843333333333334,3,7,terminal_interaction_mid,0.7220978537716255,0.7153632938754082
1473510,2025,15,3,1,17.0,10.88888888888889,-16.027500000000003,3,7,terminal_interaction_mid,0.7135520763155427,0.707069508231629
1473510,2025,15,4,1,17.0,11.076923076923077,-16.211666666666673,3,7,terminal_interaction_mid,0.7059397758188803,0.6996906618460227
1473510,2025,15,5,1,17.0,11.52,-21.625,4,6,terminal_interaction_mid,0.5627634811843103,0.5619799593103231
1473510,2025,15,6,1,17.0,11.75,-21.640000000000015,4,6,terminal_interaction_mid,0.588561781114697,0.5866923876801452
1473510,2025,15,7,1,17.0,10.695652173913043,-16.655,4,6,terminal_interaction_mid,0.7064722562909518,0.7002065465468181
1473511,2025,7,1,0,3.46875,10.51948051948052,-24.27499999999999,1,9,terminal_interaction_mid,0.5867197335860372,0.5740274262464118
1473511,2025,7,2,0,3.46875,10.18421052631579,-19.700000000000003,1,9,terminal_interaction_mid,0.6568336595138465,0.6349263141772163
1473511,2025,7,3,0,3.46875,10.24,-20.125,1,9,terminal_interaction_mid,0.6456106368265074,0.6250923330535656
1473511,2025,7,4,0,3.46875,10.378378378378379,-21.549999999999997,1,9,terminal_interaction_mid,0.6371797826909026,0.6177297130226137
1473511,2025,7,5,0,3.46875,10.027397260273972,-16.97500000000001,1,9,terminal_interaction_mid,0.6676043275222783,0.6444023121727321
1473511,2025,7,6,0,3.46875,10.083333333333334,-17.39999999999999,1,9,terminal_interaction_mid,0.6661591657876619,0.6431285624151021
1473511,2025,8,1,0,3.46875,10.140845070422536,-17.825000000000003,1,9,terminal_interaction_mid,0.6578722408456774,0.6399747595899263
1473511,2025,8,2,0,3.46875,10.2,-18.25,1,9,terminal_interaction_mid,0.6578816808736669,0.6399832405352821
1473511,2025,8,3,0,3.46875,10.347826086956523,-30.60000000000001,2,8,terminal_interaction_mid,0.3762985995599819,0.39126373655757024
1473511,2025,8,4,0,3.46875,10.411764705882353,-30.86666666666666,2,8,terminal_interaction_mid,0.3825471643965888,0.3968247410280204
1473511,2025,8,5,0,3.46875,10.567164179104477,-32.13333333333331,2,8,terminal_interaction_mid,0.34833938546562404,0.36627154443116666
1473511,2025,8,6,0,3.46875,10.636363636363637,-32.39999999999999,2,8,terminal_interaction_mid,0.35403901812884253,0.37138206329434903
1473511,2025,9,1,0,3.46875,10.430769230769231,-29.666666666666657,2,8,terminal_interaction_mid,0.48535008063809537,0.4921097504885884
1473511,2025,9,2,0,3.46875,10.59375,-30.933333333333323,2,8,terminal_interaction_mid,0.414866219859634,0.43186498525807687
1473511,2025,9,3,0,3.46875,10.666666666666666,-31.19999999999999,2,8,terminal_interaction_mid,0.4225107618920515,0.438432660370119
1473511,2025,9,4,0,3.46875,10.838709677419354,-42.28333333333333,3,7,terminal_interaction_mid,0.2320852168042303,0.26901136367109174
1473511,2025,9,5,0,3.46875,10.918032786885245,-42.391666666666694,3,7,terminal_interaction_mid,0.24337085150174087,0.27955795301062364
1473511,2025,9,6,0,3.46875,11.0,-42.5,3,7,terminal_interaction_mid,0.24950138076674389,0.28524930909140317
1473511,2025,10,1,0,3.46875,10.576271186440678,-37.60833333333335,3,7,terminal_interaction_mid,0.3053239074597348,0.33052565404988155
1473511,2025,10,2,0,3.46875,10.758620689655173,-38.716666666666654,3,7,terminal_interaction_mid,0.2950702298064728,0.3209300382331827
1473511,2025,10,3,0,3.46875,10.842105263157896,-38.825,3,7,terminal_interaction_mid,0.312727732557611,0.33742943032052153
1473511,2025,10,4,0,3.46875,11.035714285714285,-39.93333333333334,3,7,terminal_interaction_mid,0.3087197555100949,0.33369466885442617
1473511,2025,10,5,0,3.46875,11.236363636363636,-41.041666666666686,3,7,terminal_interaction_mid,0.29030235834363927,0.3164538990158197
1473511,2025,10,6,0,3.46875,11.444444444444445,-42.150000000000006,3,7,terminal_interaction_mid,0.2835745021179266,0.3101216187348344
1473511,2025,11,1,0,3.46875,11.547169811320755,-42.258333333333354,3,7,terminal_interaction_mid,0.28208792781679104,0.30677966732892437
1473511,2025,11,2,0,3.46875,11.769230769230768,-43.366666666666674,3,7,terminal_interaction_mid,0.26544568737473173,0.2906937454444749
1473511,2025,11,3,0,3.46875,11.882352941176471,-43.474999999999994,3,7,terminal_interaction_mid,0.2657710734956188,0.2910093449877029
1473511,2025,11,4,0,3.46875,12.120000000000001,-44.583333333333314,3,7,terminal_interaction_mid,0.27166333645829227,0.2967167211817552
1473511,2025,11,5,0,3.46875,12.244897959183675,-44.69166666666666,3,7,terminal_interaction_mid,0.2716140213817877,0.2966690131350241
1473511,2025,11,6,0,3.46875,11.75,-39.79999999999998,3,7,terminal_interaction_mid,0.33462677362117826,0.3569012853509141
1473511,2025,11,7,0,3.46875,11.872340425531915,-39.90833333333333,3,7,terminal_interaction_mid,0.32171876862656323,0.34467100511131776
1473511,2025,12,1,0,3.46875,11.872340425531915,-47.349999999999994,4,6,terminal_interaction_mid,0.21581079224321975,0.24042785963878413
1473511,2025,12,2,0,3.46875,12.130434782608695,-48.30000000000001,4,6,terminal_interaction_mid,0.22858942551920153,0.2530370859690665
1473511,2025,12,3,0,3.46875,12.400000000000002,-49.25,4,6,terminal_interaction_mid,0.2103452310915812,0.23500827957503814
1473511,2025,12,4,0,3.46875,12.545454545454545,-49.20000000000002,4,6,terminal_interaction_mid,0.2051845990600317,0.22987581915066613
1473511,2025,12,5,0,3.46875,12.697674418604652,-49.150000000000006,4,6,terminal_interaction_mid,0.19553964443767907,0.22024217189908818
1473511,2025,12,6,0,3.46875,12.857142857142858,-49.099999999999994,4,6,terminal_interaction_mid,0.18902128481705988,0.21369959690633294
1473511,2025,13,1,0,3.46875,13.02439024390244,-49.05000000000001,4,6,terminal_interaction_mid,0.18475802896828,0.1978206384295762
1473511,2025,13,2,0,3.46875,13.350000000000001,-50.0,4,6,terminal_interaction_mid,0.17477747712546426,0.18785330813907192
1473511,2025,13,3,0,3.46875,13.384615384615385,-48.94999999999999,4,6,terminal_interaction_mid,0.1824880779278102,0.1955571887231993
1473511,2025,13,4,0,3.46875,13.736842105263158,-49.900000000000006,4,6,terminal_interaction_mid,0.17743684337138788,0.190513081870209
1473511,2025,13,5,0,3.46875,13.945945945945944,-49.849999999999994,4,6,terminal_interaction_mid,0.16966695586742853,0.18273371458944832
1473511,2025,13,6,0,3.46875,14.166666666666668,-49.80000000000001,4,6,terminal_interaction_mid,0.13906297353560762,0.15182570186548167
1473511,2025,14,1,0,3.46875,13.885714285714286,-46.75,4,6,terminal_interaction_mid,0.19400302344951403,0.20548150540907115
1473511,2025,14,2,0,3.46875,14.117647058823529,-46.70000000000002,4,6,terminal_interaction_mid,0.17264025172503455,0.18417675786177432
1473511,2025,14,3,0,3.46875,13.454545454545453,-41.650000000000006,4,6,terminal_interaction_mid,0.24811712786224982,0.258821809270158
1473511,2025,14,4,0,3.46875,13.6875,-41.599999999999994,4,6,terminal_interaction_mid,0.2397845733315539,0.25065928439626856
1473511,2025,14,5,0,3.46875,14.129032258064516,-42.54999999999998,4,6,terminal_interaction_mid,0.20833507935228868,0.21968966653314295
1473511,2025,14,6,0,3.46875,14.399999999999999,-42.5,4,6,terminal_interaction_mid,0.1837898357067857,0.1953159776529176
1473511,2025,15,1,0,3.46875,14.689655172413792,-42.44999999999999,4,6,terminal_interaction_mid,0.15426890954248418,0.16508301516466825
1473511,2025,15,2,0,3.46875,15.0,-42.400000000000006,4,6,terminal_interaction_mid,0.13575440204492922,0.14629297155911766
1473511,2025,15,3,0,3.46875,14.222222222222221,-37.349999999999994,4,6,terminal_interaction_mid,0.24556967022623688,0.2560500350074824
1473511,2025,15,4,0,3.46875,14.538461538461537,-37.30000000000001,4,6,terminal_interaction_mid,0.21210163479485344,0.22298133315805094
1473511,2025,15,5,0,3.46875,14.879999999999999,-37.25,4,6,terminal_interaction_mid,0.1992499822966361,0.21020561110038208
1473511,2025,15,6,0,3.46875,15.25,-37.19999999999999,4,6,terminal_interaction_mid,0.17080856440825276,0.18175493129422846
1473511,2025,15,7,0,3.46875,14.347826086956522,-32.150000000000006,4,6,terminal_interaction_mid,0.2958888330724517,0.30531240610197713
1485779,2025,7,1,1,19.80000000000001,10.987012987012987,-34.253333333333316,2,8,terminal_interaction_mid,0.27549626333791066,0.3044016302875382
1485779,2025,7,2,1,19.80000000000001,11.052631578947368,-34.62666666666665,2,8,terminal_interaction_mid,0.2748088583917585,0.30377890138650987
1485779,2025,7,3,1,19.80000000000001,11.12,-35.0,2,8,terminal_interaction_mid,0.2862092338839408,0.3140754870493546
1485779,2025,7,4,1,19.80000000000001,10.783783783783784,-30.37333333333332,2,8,terminal_interaction_mid,0.37598524095068303,0.3933064890648799
1485779,2025,7,5,1,19.80000000000001,10.767123287671232,-29.746666666666684,2,8,terminal_interaction_mid,0.3906724730001168,0.4060347711025808
1485779,2025,7,6,1,19.80000000000001,10.833333333333334,-30.120000000000005,2,8,terminal_interaction_mid,0.36257821566740367,0.3816419285843738
1485779,2025,8,1,1,19.80000000000001,10.901408450704226,-30.493333333333325,2,8,terminal_interaction_mid,0.3628675975184414,0.37928163464041825
1485779,2025,8,2,1,19.80000000000001,10.971428571428572,-30.866666666666646,2,8,terminal_interaction_mid,0.3568436433051976,0.3738936872205198
1485779,2025,8,3,1,19.80000000000001,11.043478260869565,-31.24000000000001,2,8,terminal_interaction_mid,0.35866520274516517,0.3755238764714141
1485779,2025,8,4,1,19.80000000000001,11.205882352941178,-32.61333333333333,2,8,terminal_interaction_mid,0.3459629410096632,0.3641381492571361
1485779,2025,8,5,1,19.80000000000001,11.28358208955224,-32.98666666666665,2,8,terminal_interaction_mid,0.3403694016245972,0.35911047604112795
1485779,2025,8,6,1,19.80000000000001,11.454545454545455,-34.359999999999985,2,8,terminal_interaction_mid,0.32320993313641533,0.34362895747061645
1485779,2025,9,1,1,19.80000000000001,11.538461538461538,-34.733333333333334,2,8,terminal_interaction_mid,0.3091891470730752,0.3394826852417154
1485779,2025,9,2,1,19.80000000000001,11.53125,-34.106666666666655,2,8,terminal_interaction_mid,0.3239599697922893,0.35262673363911434
1485779,2025,9,3,1,19.80000000000001,11.523809523809524,-33.47999999999999,2,8,terminal_interaction_mid,0.36005989937440563,0.38439169359448006
1485779,2025,9,4,1,19.80000000000001,11.129032258064516,-28.85333333333334,2,8,terminal_interaction_mid,0.48054698455176886,0.48802052058067696
1485779,2025,9,5,1,19.80000000000001,11.311475409836067,-30.22666666666666,2,8,terminal_interaction_mid,0.4426429040055414,0.4556817851461563
1485779,2025,9,6,1,19.80000000000001,11.399999999999999,-30.599999999999994,2,8,terminal_interaction_mid,0.44357242326068547,0.4564767342090727
1485779,2025,10,1,1,19.80000000000001,11.59322033898305,-42.10166666666669,3,7,terminal_interaction_mid,0.26027857354377903,0.2880394869652793
1485779,2025,10,2,1,19.80000000000001,11.689655172413794,-42.30333333333331,3,7,terminal_interaction_mid,0.26967037496959717,0.29697225912123515
1485779,2025,10,3,1,19.80000000000001,11.473684210526315,-39.504999999999995,3,7,terminal_interaction_mid,0.3083251927548323,0.33332668299654983
1485779,2025,10,4,1,19.80000000000001,11.25,-36.70666666666668,3,7,terminal_interaction_mid,0.3261504103145599,0.349895590418603
1485779,2025,10,5,1,19.80000000000001,11.01818181818182,-33.90833333333333,3,7,terminal_interaction_mid,0.3704563833874971,0.39064460753412517
1485779,2025,10,6,1,19.80000000000001,10.777777777777779,-31.110000000000014,3,7,terminal_interaction_mid,0.4390405856167279,0.4528120241016999
1485779,2025,11,1,1,19.80000000000001,10.867924528301888,-31.311666666666696,3,7,terminal_interaction_mid,0.4391547015157957,0.4544449796227945
1485779,2025,11,2,1,19.80000000000001,10.961538461538462,-31.51333333333332,3,7,terminal_interaction_mid,0.43766521789627255,0.4530695336729837
1485779,2025,11,3,1,19.80000000000001,11.176470588235293,-32.715,3,7,terminal_interaction_mid,0.42114548102225646,0.4377921142135491
1485779,2025,11,4,1,19.80000000000001,11.399999999999999,-33.91666666666666,3,7,terminal_interaction_mid,0.38351820106214063,0.4028163826509994
1485779,2025,11,5,1,19.80000000000001,11.63265306122449,-35.11833333333331,3,7,terminal_interaction_mid,0.3665352550448886,0.3869344380700594
1485779,2025,11,6,1,19.80000000000001,11.75,-35.31999999999999,3,7,terminal_interaction_mid,0.3675232059581047,0.3878601692210716
1485779,2025,11,7,1,19.80000000000001,11.872340425531915,-35.521666666666675,3,7,terminal_interaction_mid,0.3710520106944212,0.39116484218706976
1485779,2025,12,1,1,19.80000000000001,11.74468085106383,-34.521666666666675,3,7,terminal_interaction_mid,0.36820831605063276,0.38653990553885004
1485779,2025,12,2,1,19.80000000000001,11.869565217391305,-34.72333333333333,3,7,terminal_interaction_mid,0.3587046559947524,0.3776412531202702
1485779,2025,12,3,1,19.80000000000001,11.6,-31.92500000000001,3,7,terminal_interaction_mid,0.4063194682208566,0.42203502163681095
1485779,2025,12,4,1,19.80000000000001,11.045454545454545,-27.126666666666694,3,7,terminal_interaction_mid,0.5123235661243322,0.5196750624232702
1485779,2025,12,5,1,19.80000000000001,11.162790697674419,-27.328333333333347,3,7,terminal_interaction_mid,0.5074775810154242,0.5152324089991884
1485779,2025,12,6,1,19.80000000000001,11.285714285714285,-27.53,3,7,terminal_interaction_mid,0.5132771441342419,0.5205491536523806
1485779,2025,13,1,1,19.80000000000001,11.414634146341463,-27.731666666666683,3,7,terminal_interaction_mid,0.5045930109170071,0.5054353992497866
1485779,2025,13,2,1,19.80000000000001,11.55,-27.933333333333337,3,7,terminal_interaction_mid,0.49090930655533593,0.4924898214035644
1485779,2025,13,3,1,19.80000000000001,10.923076923076923,-23.13499999999999,3,7,terminal_interaction_mid,0.5449312594809325,0.5436009076057605
1485779,2025,13,4,1,19.80000000000001,11.052631578947368,-23.336666666666673,3,7,terminal_interaction_mid,0.5361146293525452,0.5352570907283458
1485779,2025,13,5,1,19.80000000000001,11.18918918918919,-23.538333333333327,3,7,terminal_interaction_mid,0.5304253988600229,0.5298738604776512
1485779,2025,13,6,1,19.80000000000001,11.166666666666668,-22.74000000000001,3,7,terminal_interaction_mid,0.5700939750801229,0.5674281296934791
1485779,2025,13,7,1,19.80000000000001,10.457142857142857,-17.94166666666669,3,7,terminal_interaction_mid,0.6787345112039794,0.6708343342779817
1485779,2025,14,1,1,19.80000000000001,10.285714285714285,-16.94166666666669,3,7,terminal_interaction_mid,0.7024732575027322,0.6943615150183743
1485779,2025,14,2,1,19.80000000000001,10.411764705882353,-17.143333333333345,3,7,terminal_interaction_mid,0.6940849054313982,0.686261162239286
1485779,2025,14,3,1,19.80000000000001,10.0,-14.344999999999999,3,7,terminal_interaction_mid,0.7320579118323116,0.7230258181430986
1485779,2025,14,4,1,19.80000000000001,10.125,-14.546666666666681,3,7,terminal_interaction_mid,0.7285831644534426,0.7196508662041141
1485779,2025,14,5,1,19.80000000000001,10.258064516129032,-14.748333333333306,3,7,terminal_interaction_mid,0.7258342355045453,0.7169825315971691
1485779,2025,14,6,1,19.80000000000001,10.4,-14.949999999999989,3,7,terminal_interaction_mid,0.7150073777397461,0.7064867247564335
1485779,2025,14,7,1,19.80000000000001,10.758620689655173,-21.129999999999995,4,6,terminal_interaction_mid,0.5672605544382044,0.5647848852019621
1485779,2025,15,1,1,19.80000000000001,10.551724137931034,-20.129999999999995,4,6,terminal_interaction_mid,0.5945916111012485,0.5924722303512376
1485779,2025,15,2,1,19.80000000000001,10.928571428571429,-21.159999999999997,4,6,terminal_interaction_mid,0.5723519557530987,0.5711621505932121
1485779,2025,15,3,1,19.80000000000001,11.11111111111111,-21.189999999999998,4,6,terminal_interaction_mid,0.569438007048394,0.5683713761899207
1485779,2025,15,4,1,19.80000000000001,11.307692307692307,-21.22,4,6,terminal_interaction_mid,0.5699383947135668,0.5688505928516895
1485779,2025,15,5,1,19.80000000000001,11.76,-22.25,4,6,terminal_interaction_mid,0.5462352836507698,0.5461575474416902
1485779,2025,15,6,1,19.80000000000001,12.0,-22.28,4,6,terminal_interaction_mid,0.548466456848852,0.548293126338223
1527674,2026,7,1,1,11.94736842105263,8.727272727272727,5.077500000000001,1,9,terminal_interaction_mid,0.9141986841303433,0.8827977149332593
1527674,2026,7,2,1,11.94736842105263,8.842105263157894,3.569999999999993,1,9,terminal_interaction_mid,0.8493978981041841,0.8139791159756143
1527674,2026,7,3,1,11.94736842105263,8.879999999999999,3.0625,1,9,terminal_interaction_mid,0.8504566066720588,0.8150497802533294
1527674,2026,7,4,1,11.94736842105263,8.675675675675677,5.555000000000007,1,9,terminal_interaction_mid,0.9239799975075508,0.8939388984405261
1527674,2026,7,5,1,11.94736842105263,8.465753424657535,8.0475,1,9,terminal_interaction_mid,0.9376109228562599,0.9099348561814793
1527674,2026,7,6,1,11.94736842105263,8.583333333333334,6.540000000000006,1,9,terminal_interaction_mid,0.9345323800872629,0.9062691247284623
1527674,2026,8,1,1,11.94736842105263,8.619718309859156,6.032499999999999,1,9,terminal_interaction_mid,0.9352102733571916,0.9124841329375136
1527674,2026,8,2,1,11.94736842105263,8.399999999999999,8.525000000000006,1,9,terminal_interaction_mid,0.945328650921719,0.9243393012081637
1527674,2026,8,3,1,11.94736842105263,8.0,13.017499999999998,1,9,terminal_interaction_mid,0.9602697432629419,0.9424994705670627
1527674,2026,8,4,1,11.94736842105263,8.117647058823529,0.12000000000000455,2,8,terminal_interaction_mid,0.8802174580349085,0.8521850997297645
1527674,2026,8,5,1,11.94736842105263,8.149253731343283,-0.21999999999998465,2,8,terminal_interaction_mid,0.849782452588124,0.8208714543783658
1527674,2026,8,6,1,11.94736842105263,8.272727272727273,-1.559999999999988,2,8,terminal_interaction_mid,0.8389805347386731,0.8100128022711265
1527674,2026,9,1,1,11.94736842105263,8.307692307692307,-1.8999999999999915,2,8,terminal_interaction_mid,0.8383676841371208,0.8051339898056341
1527674,2026,9,2,1,11.94736842105263,7.875,2.7600000000000193,2,8,terminal_interaction_mid,0.8873643862590661,0.8549874851256711
1527674,2026,9,3,1,11.94736842105263,7.904761904761905,2.4200000000000017,2,8,terminal_interaction_mid,0.8894056289206718,0.857145376875515
1527674,2026,9,4,1,11.94736842105263,7.64516129032258,5.079999999999998,2,8,terminal_interaction_mid,0.9492471931930376,0.9248260656784809
1527674,2026,9,5,1,11.94736842105263,7.672131147540984,4.740000000000009,2,8,terminal_interaction_mid,0.9089066183927854,0.8781746323373099
1527674,2026,9,6,1,11.94736842105263,7.700000000000001,4.400000000000006,2,8,terminal_interaction_mid,0.9087958426173017,0.8780528758472373
1527674,2026,9,7,1,11.94736842105263,7.728813559322033,4.060000000000002,2,8,terminal_interaction_mid,0.9102423191523258,0.8796449834087922
1527674,2026,10,1,1,11.94736842105263,7.627118644067796,5.060000000000002,2,8,terminal_interaction_mid,0.9554603618657895,0.9412701313112654
1527674,2026,10,2,1,11.94736842105263,7.137931034482759,9.720000000000013,2,8,terminal_interaction_mid,0.9653475083394509,0.9529422418183239
1527674,2026,10,3,1,11.94736842105263,7.157894736842104,9.379999999999995,2,8,terminal_interaction_mid,0.9689051839264415,0.9572394399026999
1527674,2026,10,4,1,11.94736842105263,7.285714285714285,8.039999999999992,2,8,terminal_interaction_mid,0.9692226793854678,0.9576257917180868
1527674,2026,10,5,1,11.94736842105263,6.763636363636364,12.700000000000003,2,8,terminal_interaction_mid,0.9765282546261862,0.9666634725662291
1527674,2026,10,6,1,11.94736842105263,6.888888888888889,11.360000000000014,2,8,terminal_interaction_mid,0.977238969045402,0.9675595330129257
1527674,2026,11,1,1,11.94736842105263,6.566037735849056,14.019999999999982,2,8,terminal_interaction_mid,0.9806564270969449,0.9744868334518171
1527674,2026,11,2,1,11.94736842105263,6.5769230769230775,13.680000000000007,2,8,terminal_interaction_mid,0.9813598600973173,0.9753339593834531
1527674,2026,11,3,1,11.94736842105263,6.705882352941177,12.340000000000003,2,8,terminal_interaction_mid,0.9818109795146635,0.9758787813897964
1527674,2026,11,4,1,11.94736842105263,6.720000000000001,12.0,2,8,terminal_interaction_mid,0.9821096801132989,0.9762402104860838
1527674,2026,11,5,1,11.94736842105263,6.122448979591837,16.659999999999997,2,8,terminal_interaction_mid,0.9865157714332038,0.9816421349979852
1527674,2026,11,6,1,11.94736842105263,6.125,16.32000000000002,2,8,terminal_interaction_mid,0.9870232750900563,0.9822738668640986
1527674,2026,11,7,1,11.94736842105263,5.48936170212766,20.97999999999999,2,8,terminal_interaction_mid,0.9884141295055815,0.984016943954694
1527674,2026,11,8,1,11.94736842105263,5.478260869565217,20.639999999999986,2,8,terminal_interaction_mid,0.9889221370972457,0.9846582005322355
1527674,2026,11,9,1,11.94736842105263,5.466666666666667,20.30000000000001,2,8,terminal_interaction_mid,0.9902334828556891,0.9863260593438927
1527674,2026,11,10,1,11.94736842105263,5.454545454545454,19.960000000000008,2,8,terminal_interaction_mid,0.9897124651534366,0.9856611348763437
1527674,2026,12,1,1,11.94736842105263,4.9787234042553195,24.97999999999999,2,8,terminal_interaction_mid,0.9903311214222466,0.9863578337355515
1527674,2026,12,2,1,11.94736842105263,5.086956521739131,15.935000000000002,3,7,terminal_interaction_mid,0.9877010031739644,0.9830042766204177
1527674,2026,12,3,1,11.94736842105263,5.2,7.224999999999994,4,6,terminal_interaction_mid,0.9681410639564048,0.9595344171111446
1527674,2026,12,4,1,11.94736842105263,5.318181818181818,6.219999999999999,4,6,terminal_interaction_mid,0.9715765355425602,0.963523863765359
1527674,2026,12,5,1,11.94736842105263,5.441860465116279,5.215000000000003,4,6,terminal_interaction_mid,0.9721560875799667,0.9642012764416135
1527674,2026,12,6,1,11.94736842105263,5.428571428571429,5.2099999999999795,4,6,terminal_interaction_mid,0.9740725002790906,0.9664510090218316
1527674,2026,13,1,1,11.94736842105263,5.414634146341464,5.204999999999984,4,6,terminal_interaction_mid,0.9744267578312666,0.9691780559096789
1527674,2026,13,2,1,11.94736842105263,5.4,5.199999999999989,4,6,terminal_interaction_mid,0.9786474648243815,0.9739908305533107
1527674,2026,13,3,1,11.94736842105263,5.384615384615385,5.195000000000022,4,6,terminal_interaction_mid,0.9811207629404783,0.9768379370662269
1527674,2026,13,4,1,11.94736842105263,5.526315789473684,4.189999999999998,4,6,terminal_interaction_mid,0.9687453656615451,0.9627769839131992
1527674,2026,13,5,1,11.94736842105263,5.513513513513514,4.185000000000002,4,6,terminal_interaction_mid,0.970614399360231,0.9648739121330309
1527674,2026,13,6,1,11.94736842105263,5.5,4.179999999999978,4,6,terminal_interaction_mid,0.9694381730893182,0.9635533084749837
1527674,2026,13,7,1,11.94736842105263,5.485714285714286,4.175000000000011,4,6,terminal_interaction_mid,0.9706029074462387,0.9648609935758142
1527674,2026,14,1,1,11.94736842105263,5.314285714285714,5.175000000000011,4,6,terminal_interaction_mid,0.9862971925373964,0.9832539810743592
1527674,2026,14,2,1,11.94736842105263,5.294117647058823,5.1699999999999875,4,6,terminal_interaction_mid,0.9880121444453948,0.9852493203958791
1527674,2026,14,3,1,11.94736842105263,4.727272727272727,8.16500000000002,4,6,terminal_interaction_mid,0.9880504727473354,0.9852940813974386
1527674,2026,14,4,1,11.94736842105263,4.6875,8.159999999999997,4,6,terminal_interaction_mid,0.9875173944360676,0.9846722089048274
1527674,2026,14,5,1,11.94736842105263,3.67741935483871,13.155000000000001,4,6,terminal_interaction_mid,0.9877338723807787,0.9849245716832846
1527674,2026,14,6,1,11.94736842105263,3.5999999999999996,13.150000000000006,4,6,terminal_interaction_mid,0.9880925988549423,0.9853432863839456
1527674,2026,14,7,1,11.94736842105263,3.5172413793103443,13.14500000000001,4,6,terminal_interaction_mid,0.9891846385515026,0.9866221532283524
1527674,2026,15,1,1,11.94736842105263,2.275862068965517,19.14500000000001,4,6,terminal_interaction_mid,0.9868934475023635,0.9843843139607104
1527674,2026,15,2,1,11.94736842105263,1.5,22.140000000000015,4,6,terminal_interaction_mid,0.9856307893242375,0.9829512821547038
1527674,2026,15,3,1,11.94736842105263,0.6666666666666666,25.13499999999999,4,6,terminal_interaction_mid,0.9920047026378025,0.9902601718740819
1527674,2026,15,4,1,11.94736842105263,-0.23076923076923078,28.129999999999995,4,6,terminal_interaction_mid,0.9958938006662725,0.9948483040578523
1527675,2026,7,1,1,43.173076923076934,10.285714285714285,10.166666666666671,0,10,terminal_interaction_mid,0.7085020988959304,0.6807855407378809
1527675,2026,7,2,1,43.173076923076934,10.342105263157894,9.333333333333329,0,10,terminal_interaction_mid,0.700351002077362,0.673477997803812
1527675,2026,7,3,1,43.173076923076934,10.16,11.5,0,10,terminal_interaction_mid,0.7121873769896603,0.6840996024758799
1527675,2026,7,4,1,43.173076923076934,10.216216216216216,10.666666666666671,0,10,terminal_interaction_mid,0.7039803640517885,0.67672800318763
1527675,2026,7,5,1,43.173076923076934,10.356164383561644,8.833333333333329,0,10,terminal_interaction_mid,0.6980793099742175,0.6714467475305824
1527675,2026,7,6,1,43.173076923076934,10.416666666666668,8.0,0,10,terminal_interaction_mid,0.6947396291144632,0.6684646452127155
1527675,2026,8,1,1,43.173076923076934,10.056338028169014,12.166666666666671,0,10,terminal_interaction_mid,0.747654365225362,0.7220515112813479
1527675,2026,8,2,1,43.173076923076934,10.2,10.333333333333343,0,10,terminal_interaction_mid,0.7189372566322008,0.69544484398202
1527675,2026,8,3,1,43.173076923076934,9.826086956521738,14.499999999999986,0,10,terminal_interaction_mid,0.7828852439875296,0.7552924304707469
1527675,2026,8,4,1,43.173076923076934,9.882352941176471,13.666666666666657,0,10,terminal_interaction_mid,0.778744224605231,0.7513463167314179
1527675,2026,8,5,1,43.173076923076934,9.940298507462686,12.833333333333343,0,10,terminal_interaction_mid,0.7693938000112485,0.7424760459355261
1527675,2026,8,6,1,43.173076923076934,10.090909090909092,11.000000000000014,0,10,terminal_interaction_mid,0.7491401988735402,0.7234391982572099
1527675,2026,9,1,1,43.173076923076934,10.061538461538461,11.166666666666657,0,10,terminal_interaction_mid,0.7557912822813975,0.7269879297875231
1527675,2026,9,2,1,43.173076923076934,10.21875,9.333333333333329,0,10,terminal_interaction_mid,0.7361810574300232,0.7091624916896648
1527675,2026,9,3,1,43.173076923076934,10.19047619047619,9.5,0,10,terminal_interaction_mid,0.7393730530510569,0.7120489940009748
1527675,2026,9,4,1,43.173076923076934,10.258064516129032,8.666666666666671,0,10,terminal_interaction_mid,0.735896761905199,0.7089056745454475
1527675,2026,9,5,1,43.173076923076934,10.032786885245901,10.833333333333329,0,10,terminal_interaction_mid,0.7588962174210736,0.7298313762545122
1527675,2026,9,6,1,43.173076923076934,10.1,10.0,0,10,terminal_interaction_mid,0.7515664435501386,0.7231284920932083
1527675,2026,9,7,1,43.173076923076934,10.067796610169491,10.166666666666671,0,10,terminal_interaction_mid,0.7588694557718765,0.7298068424268671
1527675,2026,10,1,1,43.173076923076934,9.966101694915254,11.166666666666671,0,10,terminal_interaction_mid,0.7632651363615836,0.7460987718423318
1527675,2026,10,2,1,43.173076923076934,9.517241379310345,15.333333333333343,0,10,terminal_interaction_mid,0.8201266162714023,0.8002895901711313
1527675,2026,10,3,1,43.173076923076934,9.68421052631579,13.5,0,10,terminal_interaction_mid,0.8000555369262073,0.7809542473112976
1527675,2026,10,4,1,43.173076923076934,9.75,12.666666666666671,0,10,terminal_interaction_mid,0.796421410790938,0.7774794249090562
1527675,2026,10,5,1,43.173076923076934,9.818181818181818,11.833333333333314,0,10,terminal_interaction_mid,0.7829331728598783,0.7646463063489464
1527675,2026,10,6,1,43.173076923076934,9.555555555555555,13.999999999999986,0,10,terminal_interaction_mid,0.8272764032111716,0.8072409410243357
1527675,2026,11,1,1,43.173076923076934,9.283018867924529,16.166666666666657,0,10,terminal_interaction_mid,0.8491402774423568,0.8356982404588277
1527675,2026,11,2,1,43.173076923076934,8.769230769230768,20.333333333333343,0,10,terminal_interaction_mid,0.9079817998466033,0.8948705361692609
1527675,2026,11,3,1,43.173076923076934,8.823529411764707,19.500000000000014,0,10,terminal_interaction_mid,0.9002860117158431,0.8869545587594412
1527675,2026,11,4,1,43.173076923076934,8.879999999999999,18.666666666666686,0,10,terminal_interaction_mid,0.89323505340135,0.8797558513301532
1527675,2026,11,5,1,43.173076923076934,8.938775510204081,17.833333333333343,0,10,terminal_interaction_mid,0.8859656360024086,0.8723839735367727
1527675,2026,11,6,1,43.173076923076934,9.125,7.200000000000017,1,9,terminal_interaction_mid,0.8630488618178176,0.8494367177857552
1527675,2026,11,7,1,43.173076923076934,8.808510638297872,9.550000000000011,1,9,terminal_interaction_mid,0.8841860933259591,0.8705866373772488
1527675,2026,12,1,1,43.173076923076934,8.808510638297872,9.550000000000011,1,9,terminal_interaction_mid,0.899083059487706,0.8849542960556115
1527675,2026,12,2,1,43.173076923076934,8.869565217391305,8.900000000000006,1,9,terminal_interaction_mid,0.8958498565259372,0.8816309381485676
1527675,2026,12,3,1,43.173076923076934,8.933333333333334,8.25,1,9,terminal_interaction_mid,0.8883459521509249,0.8739576949207791
1527675,2026,12,4,1,43.173076923076934,9.0,7.599999999999994,1,9,terminal_interaction_mid,0.8965053290495402,0.882303826750529
1527675,2026,12,5,1,43.173076923076934,9.069767441860465,6.949999999999989,1,9,terminal_interaction_mid,0.8971838996420655,0.8830008853627862
1527675,2026,12,6,1,43.173076923076934,9.142857142857142,6.299999999999983,1,9,terminal_interaction_mid,0.8935817731785771,0.8793059047332292
1527675,2026,12,7,1,43.173076923076934,8.487804878048781,10.650000000000006,1,9,terminal_interaction_mid,0.9454032048572004,0.9340083614859035
1527675,2026,13,1,1,43.173076923076934,7.902439024390244,14.650000000000006,1,9,terminal_interaction_mid,0.9455920207399228,0.9373551257680535
1527675,2026,13,2,1,43.173076923076934,7.949999999999999,14.0,1,9,terminal_interaction_mid,0.9460924751397296,0.9378956693246621
1527675,2026,13,3,1,43.173076923076934,8.0,13.349999999999994,1,9,terminal_interaction_mid,0.9503496200184947,0.9425078121540309
1527675,2026,13,4,1,43.173076923076934,8.052631578947368,12.699999999999989,1,9,terminal_interaction_mid,0.9485316263508015,0.9405351021240046
1527675,2026,13,5,1,43.173076923076934,8.108108108108109,12.050000000000011,1,9,terminal_interaction_mid,0.9509331610409384,0.9431420296051315
1527675,2026,13,6,1,43.173076923076934,8.333333333333332,10.400000000000006,1,9,terminal_interaction_mid,0.9503841882336013,0.9425453684589952
1527675,2026,13,7,1,43.173076923076934,7.885714285714286,12.75,1,9,terminal_interaction_mid,0.9508250567223199,0.943024499388399
1527675,2026,14,1,1,43.173076923076934,7.199999999999999,16.75,1,9,terminal_interaction_mid,0.9523081524718463,0.9454447247185974
1527675,2026,14,2,1,43.173076923076934,7.411764705882353,8.866666666666674,2,8,terminal_interaction_mid,0.9469723591770749,0.9396964471654681
1527675,2026,14,3,1,43.173076923076934,6.90909090909091,11.400000000000006,2,8,terminal_interaction_mid,0.9484357549283952,0.9412693638310482
1527675,2026,14,4,1,43.173076923076934,7.125,9.933333333333337,2,8,terminal_interaction_mid,0.9489489429556028,0.9418215909738984
1527675,2026,14,5,1,43.173076923076934,7.35483870967742,8.466666666666669,2,8,terminal_interaction_mid,0.9476252876102562,0.9403979139164816
1527675,2026,14,6,1,43.173076923076934,7.6,7.0,2,8,terminal_interaction_mid,0.9461162958971898,0.9387775317289715
1527675,2026,15,1,1,43.173076923076934,7.862068965517241,5.533333333333331,2,8,terminal_interaction_mid,0.9499423579544777,0.9439923621924762
1527675,2026,15,2,1,43.173076923076934,7.928571428571429,-0.06666666666666288,3,7,terminal_interaction_mid,0.8954997391787782,0.8873242178345784
1527675,2026,15,3,1,43.173076923076934,8.0,-0.3499999999999943,3,7,terminal_interaction_mid,0.8856711007800508,0.8772991389770126
1527675,2026,15,4,1,43.173076923076934,7.384615384615385,2.366666666666646,3,7,terminal_interaction_mid,0.910115865162627,0.9023310121016868
1527675,2026,15,5,1,43.173076923076934,6.720000000000001,5.083333333333343,3,7,terminal_interaction_mid,0.9466564997179634,0.9405015777737799
1527675,2026,15,6,1,43.173076923076934,7.0,3.8000000000000114,3,7,terminal_interaction_mid,0.9299806138520977,0.9229485715152931
1527676,2026,7,1,1,-47.599999999999994,3.896103896103896,24.3425,1,9,terminal_interaction_mid,0.9911041623667989,0.9824195298495756
1527676,2026,7,2,1,-47.599999999999994,3.947368421052632,23.389999999999993,1,9,terminal_interaction_mid,0.9915277127221042,0.9831306723424261
1527676,2026,7,3,1,-47.599999999999994,3.6799999999999997,26.4375,1,9,terminal_interaction_mid,0.9927486255590873,0.9852136415856708
1527676,2026,7,4,1,-47.599999999999994,3.4054054054054053,29.485000000000007,1,9,terminal_interaction_mid,0.9928442895778828,0.985379099136967
1527676,2026,7,5,1,-47.599999999999994,3.3698630136986303,29.5325,1,9,terminal_interaction_mid,0.9933970574091151,0.986342169302561
1527676,2026,7,6,1,-47.599999999999994,3.083333333333333,32.580000000000005,1,9,terminal_interaction_mid,0.9935701791381985,0.9866463666092548
1527676,2026,8,1,1,-47.599999999999994,2.788732394366197,35.6275,1,9,terminal_interaction_mid,0.9930990345532036,0.9874135402421756
1527676,2026,8,2,1,-47.599999999999994,2.4857142857142858,38.675000000000004,1,9,terminal_interaction_mid,0.9933887353866273,0.9878758901596555
1527676,2026,8,3,1,-47.599999999999994,2.5217391304347823,30.42,2,8,terminal_interaction_mid,0.9916914223475938,0.9852013960246807
1527676,2026,8,4,1,-47.599999999999994,2.4705882352941178,30.573333333333338,2,8,terminal_interaction_mid,0.9875238126349549,0.9789140549780616
1527676,2026,8,5,1,-47.599999999999994,2.5074626865671643,29.726666666666674,2,8,terminal_interaction_mid,0.9899300471562447,0.9825020038278537
1527676,2026,8,6,1,-47.599999999999994,2.5454545454545454,28.88000000000001,2,8,terminal_interaction_mid,0.9901927550497502,0.9829003262552335
1527676,2026,9,1,1,-47.599999999999994,2.4923076923076923,29.03333333333333,2,8,terminal_interaction_mid,0.9901143192288413,0.9808728019929004
1527676,2026,9,2,1,-47.599999999999994,2.4375,29.18666666666668,2,8,terminal_interaction_mid,0.990126610841809,0.9808928472043448
1527676,2026,9,3,1,-47.599999999999994,2.4761904761904763,28.340000000000003,2,8,terminal_interaction_mid,0.9917498563781229,0.9835782996632216
1527676,2026,9,4,1,-47.599999999999994,2.5161290322580645,27.49333333333334,2,8,terminal_interaction_mid,0.9933923020360363,0.9863847581700796
1527676,2026,9,5,1,-47.599999999999994,2.1639344262295084,30.646666666666675,2,8,terminal_interaction_mid,0.9935494106685935,0.9866587391454088
1527676,2026,9,6,1,-47.599999999999994,2.1999999999999997,29.799999999999997,2,8,terminal_interaction_mid,0.9943017703299573,0.9879861578093527
1527676,2026,10,1,1,-47.599999999999994,2.135593220338983,29.953333333333333,2,8,terminal_interaction_mid,0.9946597974710794,0.9910659073640871
1527676,2026,10,2,1,-47.599999999999994,2.0689655172413794,30.10666666666667,2,8,terminal_interaction_mid,0.9948160553940602,0.9912994416125435
1527676,2026,10,3,1,-47.599999999999994,2.1052631578947367,29.260000000000005,2,8,terminal_interaction_mid,0.9954594028914057,0.9922694699883693
1527676,2026,10,4,1,-47.599999999999994,2.0357142857142856,29.413333333333327,2,8,terminal_interaction_mid,0.9955718748610871,0.9924405585701418
1527676,2026,10,5,1,-47.599999999999994,2.0727272727272728,28.566666666666677,2,8,terminal_interaction_mid,0.9955147167950962,0.9923535526032243
1527676,2026,10,6,1,-47.599999999999994,1.4444444444444444,33.72000000000001,2,8,terminal_interaction_mid,0.9959567057630689,0.9930296572505781
1527676,2026,11,1,1,-47.599999999999994,0.7924528301886793,38.87333333333332,2,8,terminal_interaction_mid,0.996171711883819,0.9941940178424983
1527676,2026,11,2,1,-47.599999999999994,0.576923076923077,40.02666666666667,2,8,terminal_interaction_mid,0.996195912655327,0.9942276267106975
1527676,2026,11,3,1,-47.599999999999994,0.47058823529411764,40.18000000000001,2,8,terminal_interaction_mid,0.9961811988990101,0.9942071907682584
1527676,2026,11,4,1,-47.599999999999994,0.36,40.33333333333334,2,8,terminal_interaction_mid,0.9961406336008745,0.9941508846073778
1527676,2026,11,5,1,-47.599999999999994,0.24489795918367346,40.486666666666665,2,8,terminal_interaction_mid,0.996213625442185,0.9942522370331037
1527676,2026,11,6,1,-47.599999999999994,0.125,40.640000000000015,2,8,terminal_interaction_mid,0.9961780298291738,0.9942027901333798
1527676,2026,11,7,1,-47.599999999999994,0.1276595744680851,39.79333333333334,2,8,terminal_interaction_mid,0.9962262228918684,0.9942697460800992
1527676,2026,12,1,1,-47.599999999999994,0.0,40.79333333333334,2,8,terminal_interaction_mid,0.9909633805699709,0.9871754835761146
1527677,2026,7,1,1,-66.0,7.714285714285715,-4.444999999999993,1,9,terminal_interaction_mid,0.9251819820155032,0.8953262232059555
1527677,2026,7,2,1,-66.0,7.342105263157894,0.3399999999999892,1,9,terminal_interaction_mid,0.9551237909797785,0.9314991238606144
1527677,2026,7,3,1,-66.0,7.359999999999999,0.125,1,9,terminal_interaction_mid,0.9559918288555915,0.9326043722382024
1527677,2026,7,4,1,-66.0,7.45945945945946,-1.0899999999999892,1,9,terminal_interaction_mid,0.9471868151274674,0.9215634662815125
1527677,2026,7,5,1,-66.0,7.561643835616438,-2.305000000000007,1,9,terminal_interaction_mid,0.9383268413454389,0.9107921266453599
1527677,2026,7,6,1,-66.0,7.583333333333333,-2.519999999999996,1,9,terminal_interaction_mid,0.9367049817136527,0.9088526741540651
1527677,2026,8,1,1,-66.0,7.183098591549296,2.2650000000000006,1,9,terminal_interaction_mid,0.9684636167530505,0.9528849611418085
1527677,2026,8,2,1,-66.0,7.199999999999999,2.049999999999997,1,9,terminal_interaction_mid,0.967706155360091,0.9519094983699835
1527677,2026,8,3,1,-66.0,7.304347826086957,0.8349999999999937,1,9,terminal_interaction_mid,0.9595347491595991,0.9415844553490226
1527677,2026,8,4,1,-66.0,7.3235294117647065,0.6200000000000045,1,9,terminal_interaction_mid,0.9607996432932011,0.9431607307897019
1527677,2026,8,5,1,-66.0,7.343283582089552,0.40500000000001535,1,9,terminal_interaction_mid,0.9590746159651142,0.9410128930823103
1527677,2026,8,6,1,-66.0,7.454545454545455,-0.8099999999999881,1,9,terminal_interaction_mid,0.9497184107845826,0.9295857496093916
1527677,2026,9,1,1,-66.0,7.476923076923077,-1.0249999999999915,1,9,terminal_interaction_mid,0.9484501834516107,0.9238490330149574
1527677,2026,9,2,1,-66.0,7.5,-1.240000000000009,1,9,terminal_interaction_mid,0.9485134688695604,0.9239265101022577
1527677,2026,9,3,1,-66.0,7.619047619047619,-10.959999999999994,2,8,terminal_interaction_mid,0.9123760465667293,0.8820025568891234
1527677,2026,9,4,1,-66.0,7.548387096774194,-10.040000000000006,2,8,terminal_interaction_mid,0.9181599946421549,0.8884496613280071
1527677,2026,9,5,1,-66.0,7.573770491803279,-10.11999999999999,2,8,terminal_interaction_mid,0.9146587859487061,0.8845369905257672
1527677,2026,9,6,1,-66.0,7.700000000000001,-11.200000000000003,2,8,terminal_interaction_mid,0.9064984912700152,0.8755341346218946
1527677,2026,10,1,1,-66.0,7.830508474576272,-12.280000000000001,2,8,terminal_interaction_mid,0.9014027116111045,0.8819301662825763
1527677,2026,10,2,1,-66.0,7.344827586206896,-7.359999999999985,2,8,terminal_interaction_mid,0.9422128982064746,0.9261301287686295
1527677,2026,10,3,1,-66.0,6.842105263157895,-2.4399999999999977,2,8,terminal_interaction_mid,0.9725331077576596,0.9616844292678403
1527677,2026,10,4,1,-66.0,6.964285714285715,-3.5200000000000102,2,8,terminal_interaction_mid,0.9713511619774838,0.9602288203367462
1527677,2026,10,5,1,-66.0,7.090909090909092,-4.599999999999994,2,8,terminal_interaction_mid,0.965694705304305,0.9533591145422181
1527677,2026,10,6,1,-66.0,7.111111111111111,-4.679999999999978,2,8,terminal_interaction_mid,0.9660413678624853,0.953775868036246
1527677,2026,11,1,1,-66.0,7.132075471698113,-4.760000000000005,2,8,terminal_interaction_mid,0.9660093126345425,0.9573777660393249
1527677,2026,11,2,1,-66.0,6.5769230769230775,0.1599999999999966,2,8,terminal_interaction_mid,0.98285146348868,0.9771402007437434
1527677,2026,11,3,1,-66.0,6.588235294117648,0.0800000000000125,2,8,terminal_interaction_mid,0.9844466094198911,0.9790879289326532
1527677,2026,11,4,1,-66.0,6.6000000000000005,0.0,2,8,terminal_interaction_mid,0.9840417063856373,0.9785918642004084
1527677,2026,11,5,1,-66.0,6.73469387755102,-1.0799999999999983,2,8,terminal_interaction_mid,0.9838496130370759,0.9783569264881211
1527677,2026,11,6,1,-66.0,6.625,-0.1599999999999966,2,8,terminal_interaction_mid,0.9851466708056487,0.9799484123698448
1527677,2026,12,1,1,-66.0,6.76595744680851,-7.584999999999994,3,7,terminal_interaction_mid,0.9650797259474684,0.9560142731515741
1527677,2026,12,2,1,-66.0,6.913043478260869,-8.530000000000001,3,7,terminal_interaction_mid,0.9560083890022799,0.9457490437414962
1527677,2026,12,3,1,-66.0,7.066666666666666,-9.475000000000009,3,7,terminal_interaction_mid,0.9469880728512337,0.9357473743111533
1527677,2026,12,4,1,-66.0,6.954545454545455,-8.420000000000016,3,7,terminal_interaction_mid,0.9596996079316626,0.9498984194700079
1527677,2026,12,5,1,-66.0,7.116279069767442,-9.365000000000009,3,7,terminal_interaction_mid,0.9502964095105285,0.9393943946354821
1527677,2026,12,6,1,-66.0,7.142857142857142,-9.310000000000002,3,7,terminal_interaction_mid,0.9512950390566621,0.940499930923401
1527677,2026,13,1,1,-66.0,7.317073170731707,-15.79000000000002,4,6,terminal_interaction_mid,0.8938542630327493,0.882892371663937
1527677,2026,13,2,1,-66.0,7.199999999999999,-14.599999999999994,4,6,terminal_interaction_mid,0.901070373647866,0.8903500457900242
1527677,2026,13,3,1,-66.0,7.23076923076923,-14.409999999999997,4,6,terminal_interaction_mid,0.9010403843017326,0.8903189748417678
1527677,2026,13,4,1,-66.0,7.421052631578948,-15.219999999999999,4,6,terminal_interaction_mid,0.9078294298290825,0.8973702336297608
1527677,2026,13,5,1,-66.0,7.45945945945946,-15.030000000000001,4,6,terminal_interaction_mid,0.9057577508816201,0.8952147817995756
1527677,2026,13,6,1,-66.0,7.5,-14.840000000000003,4,6,terminal_interaction_mid,0.9028923476524728,0.8922389857874233
1527677,2026,14,1,1,-66.0,7.714285714285715,-15.650000000000006,4,6,terminal_interaction_mid,0.9107491579979746,0.9014615152485774
1527677,2026,14,2,1,-66.0,7.9411764705882355,-21.05000000000001,5,5,terminal_interaction_mid,0.7609117990286596,0.7511476877049884
1527677,2026,14,3,1,-66.0,8.181818181818182,-21.724999999999994,5,5,terminal_interaction_mid,0.7529725532490437,0.7433917503322067
1527677,2026,14,4,1,-66.0,8.4375,-26.72,6,4,terminal_interaction_mid,0.5819965363839297,0.5788325631188754
1527677,2026,14,5,1,-66.0,8.516129032258064,-26.25999999999999,6,4,terminal_interaction_mid,0.58315939106379,0.5799415755413728
1527677,2026,14,6,1,-66.0,8.6,-25.80000000000001,6,4,terminal_interaction_mid,0.5946282470534654,0.5908836192186531
1527677,2026,14,7,1,-66.0,8.689655172413794,-25.340000000000003,6,4,terminal_interaction_mid,0.612563559710873,0.6080125303802326
1527677,2026,15,1,1,-66.0,7.862068965517241,-21.340000000000003,6,4,terminal_interaction_mid,0.6920206765061416,0.6862188544377161
1527677,2026,15,2,1,-66.0,7.928571428571429,-20.879999999999995,6,4,terminal_interaction_mid,0.692051160181674,0.686248331113758
1527677,2026,15,3,1,-66.0,8.222222222222223,-21.420000000000016,6,4,terminal_interaction_mid,0.6645696173936588,0.6597187288676987
1527677,2026,15,4,1,-66.0,8.307692307692307,-20.960000000000008,6,4,terminal_interaction_mid,0.6724728529624777,0.6673395965198994
1527677,2026,15,5,1,-66.0,8.64,-21.5,6,4,terminal_interaction_mid,0.6877551448595869,0.6820953651950821
1527677,2026,15,6,1,-66.0,7.5,-16.039999999999992,6,4,terminal_interaction_mid,0.8317875925192336,0.823091743334293
1527678,2026,7,1,1,-36.76190476190476,7.870129870129871,-45.715,4,6,terminal_interaction_mid,0.2963667608161366,0.32319626061556606
1527678,2026,7,2,1,-36.76190476190476,7.973684210526316,-46.420000000000016,4,6,terminal_interaction_mid,0.28316897021271537,0.31133595603810305
1527678,2026,7,3,1,-36.76190476190476,8.0,-46.125,4,6,terminal_interaction_mid,0.2825410260115846,0.31076955852510696
1527678,2026,7,4,1,-36.76190476190476,8.027027027027028,-45.83,4,6,terminal_interaction_mid,0.28508347895204805,0.31306161588929793
1527678,2026,7,5,1,-36.76190476190476,7.972602739726027,-44.535,4,6,terminal_interaction_mid,0.3095594891963097,0.33497320313868373
1527678,2026,7,6,1,-36.76190476190476,8.0,-44.239999999999995,4,6,terminal_interaction_mid,0.307378714391615,0.3330315962327447
1527678,2026,7,7,1,-36.76190476190476,8.028169014084508,-43.94500000000001,4,6,terminal_interaction_mid,0.3073467265897698,0.3330031018148566
1527678,2026,7,8,1,-36.76190476190476,7.628571428571428,-38.64999999999999,4,6,terminal_interaction_mid,0.3971177939923276,0.41160561955366476
1527678,2026,8,1,1,-36.76190476190476,7.436619718309858,-36.94500000000001,4,6,terminal_interaction_mid,0.41239792117937146,0.42328960547735806
1527678,2026,8,2,1,-36.76190476190476,7.457142857142857,-36.64999999999999,4,6,terminal_interaction_mid,0.42024243169006315,0.4302205038850338
1527678,2026,8,3,1,-36.76190476190476,7.478260869565217,-36.355000000000004,4,6,terminal_interaction_mid,0.4172298542457657,0.4275598096727631
1527678,2026,8,4,1,-36.76190476190476,7.5,-36.06,4,6,terminal_interaction_mid,0.4323041656892425,0.4408616422265295
1527678,2026,8,5,1,-36.76190476190476,7.611940298507463,-36.765,4,6,terminal_interaction_mid,0.4291316873845143,0.4380645316653851
1527678,2026,8,6,1,-36.76190476190476,7.363636363636363,-33.469999999999985,4,6,terminal_interaction_mid,0.49718537163116194,0.49789135556087605
1527678,2026,9,1,1,-36.76190476190476,7.292307692307691,-32.17500000000001,4,6,terminal_interaction_mid,0.5394396470083365,0.5381233224856428
1527678,2026,9,2,1,-36.76190476190476,7.03125,-28.879999999999995,4,6,terminal_interaction_mid,0.7104434691278043,0.6860796721774406
1527678,2026,9,3,1,-36.76190476190476,7.0476190476190474,-28.585000000000008,4,6,terminal_interaction_mid,0.7166628973194189,0.6916279906681847
1527678,2026,9,4,1,-36.76190476190476,7.064516129032258,-28.289999999999992,4,6,terminal_interaction_mid,0.7170542838134073,0.6919777468123626
1527678,2026,9,5,1,-36.76190476190476,6.786885245901638,-24.995000000000005,4,6,terminal_interaction_mid,0.8180267763034754,0.7853231214900602
1527678,2026,9,6,1,-36.76190476190476,6.5,-21.69999999999999,4,6,terminal_interaction_mid,0.8680986796934773,0.8349699634355466
1527678,2026,10,1,1,-36.76190476190476,6.508474576271187,-21.405000000000015,4,6,terminal_interaction_mid,0.8732361747463103,0.8528956591531831
1527678,2026,10,2,1,-36.76190476190476,6.413793103448276,-20.11,4,6,terminal_interaction_mid,0.8863284652171939,0.866272364763986
1527678,2026,10,3,1,-36.76190476190476,6.421052631578947,-19.815000000000012,4,6,terminal_interaction_mid,0.8874161686042165,0.8673925549014434
1527678,2026,10,4,1,-36.76190476190476,6.428571428571429,-19.519999999999996,4,6,terminal_interaction_mid,0.8875375375626129,0.8675176371655903
1527678,2026,10,5,1,-36.76190476190476,6.545454545454545,-20.22500000000001,4,6,terminal_interaction_mid,0.8806690782013444,0.8604664112217982
1527678,2026,10,6,1,-36.76190476190476,6.555555555555555,-19.929999999999993,4,6,terminal_interaction_mid,0.8776204922443716,0.8573539919846789
1527678,2026,11,1,1,-36.76190476190476,6.566037735849056,-19.63500000000002,4,6,terminal_interaction_mid,0.8788401305316806,0.8652036425084794
1527678,2026,11,2,1,-36.76190476190476,6.6923076923076925,-20.340000000000003,4,6,terminal_interaction_mid,0.8701889720855458,0.8565421536494892
1527678,2026,11,3,1,-36.76190476190476,6.823529411764706,-21.045,4,6,terminal_interaction_mid,0.8641974186759178,0.8505771773213561
1527678,2026,11,4,1,-36.76190476190476,6.84,-20.75,4,6,terminal_interaction_mid,0.8656996701634923,0.8520702761373967
1527678,2026,11,5,1,-36.76190476190476,6.857142857142857,-20.455,4,6,terminal_interaction_mid,0.8713294076545148,0.8576805846456399
1527678,2026,11,6,1,-36.76190476190476,7.0,-21.159999999999997,4,6,terminal_interaction_mid,0.8538393170141156,0.8403253655847287
1527678,2026,11,7,1,-36.76190476190476,7.0212765957446805,-20.864999999999995,4,6,terminal_interaction_mid,0.861567616323508,0.8479673045977936
1527678,2026,12,1,1,-36.76190476190476,7.0212765957446805,-20.864999999999995,4,6,terminal_interaction_mid,0.8534712379133413,0.8389273823812232
1527678,2026,12,2,1,-36.76190476190476,7.043478260869566,-20.570000000000007,4,6,terminal_interaction_mid,0.8541454962352903,0.8395960023659851
1527678,2026,12,3,1,-36.76190476190476,7.066666666666666,-20.275000000000006,4,6,terminal_interaction_mid,0.8514858663098699,0.8369603853912088
1527678,2026,12,4,1,-36.76190476190476,7.2272727272727275,-20.980000000000004,4,6,terminal_interaction_mid,0.8285654315653435,0.8144308500921069
1527678,2026,12,5,1,-36.76190476190476,7.116279069767442,-19.685000000000002,4,6,terminal_interaction_mid,0.8539868369943258,0.8394386422260852
1527678,2026,12,6,1,-36.76190476190476,7.0,-18.39,4,6,terminal_interaction_mid,0.8722070489570706,0.8576271582027043
1527678,2026,13,1,1,-36.76190476190476,7.024390243902438,-18.095,4,6,terminal_interaction_mid,0.8643074680969389,0.8527058911004108
1527678,2026,13,2,1,-36.76190476190476,6.8999999999999995,-16.80000000000001,4,6,terminal_interaction_mid,0.879274041145632,0.8679308872701614
1527678,2026,13,3,1,-36.76190476190476,7.076923076923077,-17.504999999999995,4,6,terminal_interaction_mid,0.8708964716413959,0.8593931563373236
1527678,2026,13,4,1,-36.76190476190476,6.315789473684211,-12.210000000000008,4,6,terminal_interaction_mid,0.9396154961426796,0.9309249130034232
1527678,2026,13,5,1,-36.76190476190476,5.837837837837839,-8.914999999999992,4,6,terminal_interaction_mid,0.9618942846584593,0.9551557477700499
1527678,2026,13,6,1,-36.76190476190476,6.0,-9.620000000000005,4,6,terminal_interaction_mid,0.9587621231983239,0.9517020666570711
1527678,2026,14,1,1,-36.76190476190476,6.0,-9.324999999999989,4,6,terminal_interaction_mid,0.9566186024833987,0.95011633667442
1527678,2026,14,2,1,-36.76190476190476,6.1764705882352935,-10.030000000000015,4,6,terminal_interaction_mid,0.9544957376914367,0.9478123204444557
1527678,2026,14,3,1,-36.76190476190476,6.181818181818182,-9.735,4,6,terminal_interaction_mid,0.9554401737456892,0.9488365444740826
1527678,2026,14,4,1,-36.76190476190476,5.625,-6.439999999999998,4,6,terminal_interaction_mid,0.9714616024550617,0.9664335913601446
1527678,2026,14,5,1,-36.76190476190476,5.806451612903226,-7.144999999999996,4,6,terminal_interaction_mid,0.9673911963991084,0.9619185399886658
1527678,2026,14,6,1,-36.76190476190476,5.8,-6.849999999999994,4,6,terminal_interaction_mid,0.9687653335730546,0.9634389708933738
1527678,2026,15,1,1,-36.76190476190476,5.793103448275862,-6.554999999999993,4,6,terminal_interaction_mid,0.9699163755811405,0.9655071175581055
1527678,2026,15,2,1,-36.76190476190476,5.785714285714286,-6.260000000000005,4,6,terminal_interaction_mid,0.9715073251540307,0.9672474221276128
1527678,2026,15,3,1,-36.76190476190476,5.777777777777778,-5.965000000000003,4,6,terminal_interaction_mid,0.9698716058558411,0.9654582129058902
1527678,2026,15,4,1,-36.76190476190476,5.076923076923077,-2.6700000000000017,4,6,terminal_interaction_mid,0.9849177684764481,0.9821447223939753
1527678,2026,15,5,1,-36.76190476190476,3.84,2.625,4,6,terminal_interaction_mid,0.9950625892870257,0.9938554641456852
1527678,2026,15,6,1,-36.76190476190476,4.0,1.9200000000000017,4,6,terminal_interaction_mid,0.9946989545173324,0.9934235608892592
1527679,2026,7,1,0,29.409090909090907,11.532467532467532,-45.488333333333316,3,7,terminal_interaction_mid,0.13441083552851163,0.16923259905555232
1527679,2026,7,2,0,29.409090909090907,11.605263157894736,-45.80666666666666,3,7,terminal_interaction_mid,0.13227500123219565,0.16702559556323554
1527679,2026,7,3,0,29.409090909090907,11.440000000000001,-43.125,3,7,terminal_interaction_mid,0.14279954615719348,0.1778369092389466
1527679,2026,7,4,0,29.409090909090907,11.432432432432433,-42.44333333333333,3,7,terminal_interaction_mid,0.15136771652377848,0.18652584459473515
1527679,2026,7,5,0,29.409090909090907,11.506849315068493,-42.761666666666684,3,7,terminal_interaction_mid,0.15022228695167178,0.18536982832089002
1527679,2026,7,6,0,29.409090909090907,11.583333333333334,-43.08000000000001,3,7,terminal_interaction_mid,0.15056493247956393,0.18571581663795264
1527679,2026,8,1,0,29.409090909090907,11.661971830985916,-43.39833333333337,3,7,terminal_interaction_mid,0.143730238910395,0.17296060467912944
1527679,2026,8,2,0,29.409090909090907,11.485714285714286,-40.71666666666667,3,7,terminal_interaction_mid,0.1663178883673135,0.1957254615136038
1527679,2026,8,3,0,29.409090909090907,11.652173913043478,-42.035,3,7,terminal_interaction_mid,0.16536478509419322,0.19477539068729127
1527679,2026,8,4,0,29.409090909090907,11.558823529411764,-40.35333333333335,3,7,terminal_interaction_mid,0.1732373182289084,0.20259717803041483
1527679,2026,8,5,0,29.409090909090907,11.373134328358208,-37.67166666666665,3,7,terminal_interaction_mid,0.174615949179026,0.20396103007502706
1527679,2026,8,6,0,29.409090909090907,11.545454545454547,-38.99000000000001,3,7,terminal_interaction_mid,0.17092830028758604,0.20030903382394874
1527679,2026,9,1,0,29.409090909090907,11.63076923076923,-39.30833333333334,3,7,terminal_interaction_mid,0.17143034409201105,0.21048183135291096
1527679,2026,9,2,0,29.409090909090907,11.625,-38.626666666666665,3,7,terminal_interaction_mid,0.1746918289806738,0.21372184179012504
1527679,2026,9,3,0,29.409090909090907,11.714285714285714,-38.94500000000002,3,7,terminal_interaction_mid,0.1702568865619136,0.20931311588046345
1527679,2026,9,4,0,29.409090909090907,11.806451612903226,-39.26333333333332,3,7,terminal_interaction_mid,0.17636068269739066,0.21537506148556182
1527679,2026,9,5,0,29.409090909090907,11.60655737704918,-36.58166666666668,3,7,terminal_interaction_mid,0.19253670984541676,0.23124483224916792
1527679,2026,9,6,0,29.409090909090907,11.7,-36.900000000000006,3,7,terminal_interaction_mid,0.19472079795025868,0.23336710215130116
1527679,2026,10,1,0,29.409090909090907,11.898305084745763,-38.218333333333334,3,7,terminal_interaction_mid,0.19308258607987322,0.2226891028093519
1527679,2026,10,2,0,29.409090909090907,11.689655172413794,-35.53666666666666,3,7,terminal_interaction_mid,0.21206381194485105,0.24143605316233394
1527679,2026,10,3,0,29.409090909090907,11.789473684210526,-35.85499999999999,3,7,terminal_interaction_mid,0.20370263067648914,0.2332092885874804
1527679,2026,10,4,0,29.409090909090907,11.892857142857142,-36.173333333333346,3,7,terminal_interaction_mid,0.20257854242527096,0.23209959890431117
1527679,2026,10,5,0,29.409090909090907,11.672727272727274,-33.491666666666674,3,7,terminal_interaction_mid,0.22944788051326864,0.258394858458824
1527679,2026,10,6,0,29.409090909090907,11.88888888888889,-44.97999999999999,4,6,terminal_interaction_mid,0.14108372953625398,0.1698321065286502
1527679,2026,11,1,0,29.409090909090907,12.113207547169813,-46.110000000000014,4,6,terminal_interaction_mid,0.1492933485054609,0.17442815429880587
1527679,2026,11,2,0,29.409090909090907,12.346153846153845,-57.03333333333333,5,5,terminal_interaction_mid,0.07550773701538363,0.09482081316195005
1527679,2026,11,3,0,29.409090909090907,12.47058823529412,-56.974999999999994,5,5,terminal_interaction_mid,0.07746542239964528,0.09702549605242872
1527679,2026,11,4,0,29.409090909090907,12.600000000000001,-56.91666666666666,5,5,terminal_interaction_mid,0.07859309870502096,0.09829254273919057
1527679,2026,11,5,0,29.409090909090907,12.857142857142858,-57.85833333333335,5,5,terminal_interaction_mid,0.0694073933255766,0.08790805068355886
1527679,2026,11,6,0,29.409090909090907,13.0,-57.80000000000001,5,5,terminal_interaction_mid,0.06791894417258701,0.08621112049634645
1527679,2026,12,1,0,29.409090909090907,12.76595744680851,-54.741666666666674,5,5,terminal_interaction_mid,0.07436509572727279,0.09278990858029731
1527679,2026,12,2,0,29.409090909090907,12.913043478260867,-54.68333333333334,5,5,terminal_interaction_mid,0.07268848310998369,0.0909062358115085
1527679,2026,12,3,0,29.409090909090907,13.066666666666666,-54.625,5,5,terminal_interaction_mid,0.07378125797608905,0.09213451376920698
1527679,2026,12,4,0,29.409090909090907,13.227272727272727,-54.56666666666666,5,5,terminal_interaction_mid,0.07014633818602703,0.08804080071451584
1527679,2026,12,5,0,29.409090909090907,12.697674418604652,-49.508333333333326,5,5,terminal_interaction_mid,0.10446407576328458,0.12588124647983193
1527679,2026,12,6,0,29.409090909090907,12.857142857142858,-49.44999999999999,5,5,terminal_interaction_mid,0.107658962863598,0.12932306555900153
1527679,2026,13,1,0,29.409090909090907,13.170731707317074,-50.39166666666665,5,5,terminal_interaction_mid,0.09683631126357045,0.10831910228089615
1527679,2026,13,2,0,29.409090909090907,13.350000000000001,-50.33333333333334,5,5,terminal_interaction_mid,0.0973976740745633,0.10890547084425413
1527679,2026,13,3,0,29.409090909090907,13.538461538461538,-50.275000000000006,5,5,terminal_interaction_mid,0.0899493101400088,0.1011048830353187
1527679,2026,13,4,0,29.409090909090907,13.894736842105264,-58.373333333333335,6,4,terminal_interaction_mid,0.03222804173107502,0.03863459243481189
1527679,2026,13,5,0,29.409090909090907,13.297297297297298,-53.126666666666665,6,4,terminal_interaction_mid,0.051927142722941674,0.06045552450117456
1527679,2026,13,6,0,29.409090909090907,12.666666666666668,-47.879999999999995,6,4,terminal_interaction_mid,0.0812578024420922,0.09194319593130709
1527679,2026,14,1,0,29.409090909090907,12.857142857142858,-47.633333333333326,6,4,terminal_interaction_mid,0.07658808536375036,0.08577714555737329
1527679,2026,14,2,0,29.409090909090907,13.058823529411764,-47.386666666666684,6,4,terminal_interaction_mid,0.07288734066730312,0.08186586594523558
1527679,2026,14,3,0,29.409090909090907,13.272727272727272,-47.140000000000015,6,4,terminal_interaction_mid,0.06824219840379143,0.07693865510274277
1527679,2026,14,4,0,29.409090909090907,13.6875,-47.89333333333332,6,4,terminal_interaction_mid,0.06421515907341033,0.07265010692374185
1527679,2026,14,5,0,29.409090909090907,14.129032258064516,-54.484999999999985,7,3,terminal_interaction_mid,0.016611451956117903,0.020219078778641097
1527679,2026,14,6,0,29.409090909090907,13.799999999999999,-51.05000000000001,7,3,terminal_interaction_mid,0.019377377622158475,0.023397500255161546
1527679,2026,14,7,0,29.409090909090907,14.068965517241377,-50.61500000000001,7,3,terminal_interaction_mid,0.01768692600210332,0.021458147540601113
1527679,2026,14,8,0,29.409090909090907,14.57142857142857,-56.45333333333335,8,2,terminal_interaction_mid,0.012087691627848299,0.01495543267769096
1527679,2026,15,1,0,29.409090909090907,14.068965517241377,-56.076666666666654,8,2,terminal_interaction_mid,0.011448358866511995,0.01393211331284976
1527679,2026,15,2,0,29.409090909090907,14.357142857142858,-55.45333333333335,8,2,terminal_interaction_mid,0.011706354561018076,0.01423170224619792
1527679,2026,15,3,0,29.409090909090907,14.88888888888889,-55.829999999999984,8,2,terminal_interaction_mid,0.010115657076481783,0.012379313819077453
1527679,2026,15,4,0,29.409090909090907,15.23076923076923,-55.20666666666668,8,2,terminal_interaction_mid,0.010132347503303234,0.01239881766837581
1527679,2026,15,5,0,29.409090909090907,15.84,-60.29166666666666,9,1,terminal_interaction_mid,0.007924741692422212,0.00980496374125016
1527679,2026,15,6,0,29.409090909090907,16.5,-65.0,10,0,terminal_interaction_mid,0.009986378988765891,0.012228192732442399
1527680,2026,7,1,1,44.4848484848485,10.051948051948052,-7.302499999999995,1,9,terminal_interaction_mid,0.7413108114495472,0.7105341908049303
1527680,2026,7,2,1,44.4848484848485,10.18421052631579,-8.870000000000005,1,9,terminal_interaction_mid,0.737812362144701,0.7073342195608369
1527680,2026,7,3,1,44.4848484848485,10.24,-9.4375,1,9,terminal_interaction_mid,0.7178803143172221,0.6892320492019021
1527680,2026,7,4,1,44.4848484848485,10.297297297297298,-10.004999999999995,1,9,terminal_interaction_mid,0.6994733870495732,0.6726930013606978
1527680,2026,7,5,1,44.4848484848485,10.356164383561644,-10.572500000000005,1,9,terminal_interaction_mid,0.7113444373133745,0.6833409988997735
1527680,2026,7,6,1,44.4848484848485,10.166666666666666,-8.139999999999986,1,9,terminal_interaction_mid,0.7252792582990977,0.6959269584943445
1527680,2026,8,1,1,44.4848484848485,10.056338028169014,-6.70750000000001,1,9,terminal_interaction_mid,0.7563124422828827,0.7301542645622744
1527680,2026,8,2,1,44.4848484848485,10.114285714285714,-7.2749999999999915,1,9,terminal_interaction_mid,0.748589334973829,0.7229245864210624
1527680,2026,8,3,1,44.4848484848485,10.173913043478262,-7.842500000000015,1,9,terminal_interaction_mid,0.7517106457765608,0.7258426108347323
1527680,2026,8,4,1,44.4848484848485,10.235294117647058,-8.409999999999997,1,9,terminal_interaction_mid,0.7314351083340563,0.7069762411404932
1527680,2026,8,5,1,44.4848484848485,10.298507462686567,-20.646666666666647,2,8,terminal_interaction_mid,0.6045383302223155,0.5924049065546926
1527680,2026,8,6,1,44.4848484848485,10.454545454545455,-22.039999999999992,2,8,terminal_interaction_mid,0.5999048000236556,0.5882996375444521
1527680,2026,9,1,1,44.4848484848485,10.523076923076923,-22.433333333333337,2,8,terminal_interaction_mid,0.5957977695099445,0.5862219956064778
1527680,2026,9,2,1,44.4848484848485,10.6875,-23.826666666666654,2,8,terminal_interaction_mid,0.5698165597234505,0.5640072541332491
1527680,2026,9,3,1,44.4848484848485,10.761904761904763,-24.219999999999985,2,8,terminal_interaction_mid,0.5674344035797012,0.5619745837519645
1527680,2026,9,4,1,44.4848484848485,10.838709677419354,-24.61333333333333,2,8,terminal_interaction_mid,0.5577958697887835,0.5537557668521189
1527680,2026,9,5,1,44.4848484848485,10.62295081967213,-22.006666666666646,2,8,terminal_interaction_mid,0.6317430770548932,0.6171423314728919
1527680,2026,9,6,1,44.4848484848485,10.700000000000001,-22.39999999999999,2,8,terminal_interaction_mid,0.6291356268037174,0.6148902824904299
1527680,2026,10,1,1,44.4848484848485,10.474576271186441,-19.793333333333337,2,8,terminal_interaction_mid,0.6519249052832511,0.6437619629454077
1527680,2026,10,2,1,44.4848484848485,10.551724137931034,-20.186666666666667,2,8,terminal_interaction_mid,0.6529336647230721,0.644674613818982
1527680,2026,10,3,1,44.4848484848485,10.631578947368421,-20.580000000000013,2,8,terminal_interaction_mid,0.6463519011375912,0.6387232698862138
1527680,2026,10,4,1,44.4848484848485,10.285714285714285,-16.97333333333333,2,8,terminal_interaction_mid,0.6917452417807409,0.6799513211074506
1527680,2026,10,5,1,44.4848484848485,10.254545454545454,-16.366666666666674,2,8,terminal_interaction_mid,0.7254779233516707,0.7109301350433147
1527680,2026,10,6,1,44.4848484848485,10.333333333333334,-16.75999999999999,2,8,terminal_interaction_mid,0.7083098681393645,0.695121007747902
1527680,2026,10,7,1,44.4848484848485,10.528301886792454,-18.153333333333336,2,8,terminal_interaction_mid,0.6942308653065754,0.682222788342023
1527680,2026,11,1,1,44.4848484848485,10.075471698113208,-14.153333333333336,2,8,terminal_interaction_mid,0.7375246569890374,0.7289505838349922
1527680,2026,11,2,1,44.4848484848485,10.153846153846153,-14.546666666666653,2,8,terminal_interaction_mid,0.7314136498493693,0.7232342024393287
1527680,2026,11,3,1,44.4848484848485,10.235294117647058,-14.93999999999997,2,8,terminal_interaction_mid,0.7243653883075982,0.7166528222598008
1527680,2026,11,4,1,44.4848484848485,9.959999999999999,-12.333333333333314,2,8,terminal_interaction_mid,0.7514262349209937,0.7419922488604936
1527680,2026,11,5,1,44.4848484848485,10.16326530612245,-22.260833333333323,3,7,terminal_interaction_mid,0.6453979109239795,0.6435852610488447
1527680,2026,11,6,1,44.4848484848485,10.375,-23.47999999999999,3,7,terminal_interaction_mid,0.6182947671751944,0.6187032008676887
1527680,2026,12,1,1,44.4848484848485,10.595744680851064,-24.699166666666656,3,7,terminal_interaction_mid,0.6088282473217994,0.6081178096740713
1527680,2026,12,2,1,44.4848484848485,10.565217391304348,-23.91833333333335,3,7,terminal_interaction_mid,0.619702845341883,0.6181066753795648
1527680,2026,12,3,1,44.4848484848485,10.0,-19.137500000000017,3,7,terminal_interaction_mid,0.68538538343204,0.6787252783742468
1527680,2026,12,4,1,44.4848484848485,10.090909090909092,-19.356666666666683,3,7,terminal_interaction_mid,0.6850317588308565,0.6783971807169298
1527680,2026,12,5,1,44.4848484848485,10.186046511627907,-19.57583333333335,3,7,terminal_interaction_mid,0.6892734910057549,0.6823342514120173
1527680,2026,12,6,1,44.4848484848485,9.571428571428573,-14.794999999999987,3,7,terminal_interaction_mid,0.7489304195570823,0.7381322193309793
1527680,2026,13,1,1,44.4848484848485,9.658536585365855,-15.014166666666682,3,7,terminal_interaction_mid,0.7427664010479724,0.7325376277048276
1527680,2026,13,2,1,44.4848484848485,9.899999999999999,-16.23333333333335,3,7,terminal_interaction_mid,0.7424221278546531,0.7322036587664273
1527680,2026,13,3,1,44.4848484848485,10.0,-16.452499999999986,3,7,terminal_interaction_mid,0.7328263619588239,0.722905891145841
1527680,2026,13,4,1,44.4848484848485,10.105263157894736,-16.671666666666653,3,7,terminal_interaction_mid,0.7250037684328317,0.7153410738201313
1527680,2026,13,5,1,44.4848484848485,10.216216216216216,-16.890833333333347,3,7,terminal_interaction_mid,0.7289481876226469,0.7191538948534071
1527680,2026,13,6,1,44.4848484848485,10.333333333333334,-17.110000000000014,3,7,terminal_interaction_mid,0.7254244192526373,0.7157475360686977
1527680,2026,13,7,1,44.4848484848485,10.628571428571428,-18.32916666666668,3,7,terminal_interaction_mid,0.7111524220047776,0.7019767405379546
1527680,2026,14,1,1,44.4848484848485,10.285714285714285,-16.32916666666668,3,7,terminal_interaction_mid,0.7406689135818445,0.7313998353096186
1527680,2026,14,2,1,44.4848484848485,10.235294117647058,-15.548333333333346,3,7,terminal_interaction_mid,0.7448896438334179,0.7355099681283043
1527680,2026,14,3,1,44.4848484848485,10.545454545454545,-16.767500000000013,3,7,terminal_interaction_mid,0.7353656448033787,0.7262407530856828
1527680,2026,14,4,1,44.4848484848485,10.125,-13.986666666666679,3,7,terminal_interaction_mid,0.7673726079901899,0.7574702434179104
1527680,2026,14,5,1,44.4848484848485,9.29032258064516,-9.205833333333317,3,7,terminal_interaction_mid,0.8408841822316817,0.8302460820651244
1527680,2026,14,6,1,44.4848484848485,9.4,-9.424999999999983,3,7,terminal_interaction_mid,0.833352243784527,0.8227067363218583
1527680,2026,15,1,1,44.4848484848485,8.896551724137932,-6.644166666666649,3,7,terminal_interaction_mid,0.8779091696122949,0.869416008772367
1527680,2026,15,2,1,44.4848484848485,9.0,-6.863333333333344,3,7,terminal_interaction_mid,0.8727455604574856,0.8641872599231702
1527680,2026,15,3,1,44.4848484848485,8.0,-2.0825000000000102,3,7,terminal_interaction_mid,0.9372431011415168,0.9305618845756741
1527680,2026,15,4,1,44.4848484848485,8.076923076923077,-2.3016666666666765,3,7,terminal_interaction_mid,0.935295802734073,0.9285160746937013
1527680,2026,15,5,1,44.4848484848485,8.16,-2.5208333333333144,3,7,terminal_interaction_mid,0.9350512871967773,0.9282594253208514
1527680,2026,15,6,1,44.4848484848485,8.25,-2.740000000000009,3,7,terminal_interaction_mid,0.9286744107393081,0.9215839250686276
1527680,2026,15,7,1,44.4848484848485,8.608695652173912,-3.9591666666666754,3,7,terminal_interaction_mid,0.9122330008352983,0.9045154343904986
1527681,2026,7,1,1,-38.90909090909091,8.883116883116884,-29.83999999999999,2,8,terminal_interaction_mid,0.4300949072751023,0.4399918700999265
1527681,2026,7,2,1,-38.90909090909091,8.921052631578949,-29.919999999999987,2,8,terminal_interaction_mid,0.3532404014193683,0.3734889078787787
1527681,2026,7,3,1,-38.90909090909091,8.96,-30.0,2,8,terminal_interaction_mid,0.4118661772073012,0.42432299979754456
1527681,2026,7,4,1,-38.90909090909091,9.08108108108108,-31.079999999999984,2,8,terminal_interaction_mid,0.396213193703769,0.41082426005983225
1527681,2026,7,5,1,-38.90909090909091,9.123287671232877,-31.16000000000001,2,8,terminal_interaction_mid,0.39262720653436833,0.4077251970245639
1527681,2026,7,6,1,-38.90909090909091,9.166666666666666,-31.24000000000001,2,8,terminal_interaction_mid,0.3220818029990307,0.346085117930883
1527681,2026,7,7,1,-38.90909090909091,9.211267605633802,-31.319999999999993,2,8,terminal_interaction_mid,0.3894047117127207,0.4049379980660854
1527681,2026,8,1,1,-38.90909090909091,9.126760563380282,-30.319999999999993,2,8,terminal_interaction_mid,0.39255664920412964,0.4057165395575425
1527681,2026,8,2,1,-38.90909090909091,9.17142857142857,-30.399999999999977,2,8,terminal_interaction_mid,0.32268673266564263,0.3431554637961951
1527681,2026,8,3,1,-38.90909090909091,9.217391304347826,-30.480000000000004,2,8,terminal_interaction_mid,0.38128010430462517,0.39569775626670667
1527681,2026,8,4,1,-38.90909090909091,8.823529411764707,-25.559999999999988,2,8,terminal_interaction_mid,0.5035321069543297,0.5034613605053464
1527681,2026,8,5,1,-38.90909090909091,8.865671641791046,-25.639999999999986,2,8,terminal_interaction_mid,0.5056346140163639,0.5053065677081391
1527681,2026,8,6,1,-38.90909090909091,8.90909090909091,-25.719999999999985,2,8,terminal_interaction_mid,0.4363081270083815,0.44439023125918775
1527681,2026,8,7,1,-38.90909090909091,8.953846153846154,-25.799999999999997,2,8,terminal_interaction_mid,0.5075259424142665,0.5069664652887119
1527681,2026,9,1,1,-38.90909090909091,8.584615384615384,-21.799999999999997,2,8,terminal_interaction_mid,0.586439847923022,0.5782101394052935
1527681,2026,9,2,1,-38.90909090909091,8.625,-21.87999999999998,2,8,terminal_interaction_mid,0.5784926390817031,0.5714157996455668
1527681,2026,9,3,1,-38.90909090909091,8.666666666666666,-21.959999999999994,2,8,terminal_interaction_mid,0.5110065222759481,0.513936952625338
1527681,2026,9,4,1,-38.90909090909091,8.70967741935484,-22.040000000000006,2,8,terminal_interaction_mid,0.5810653950994589,0.5736144280709461
1527681,2026,9,5,1,-38.90909090909091,8.852459016393443,-31.355000000000018,3,7,terminal_interaction_mid,0.33131554165979304,0.3591382314877867
1527681,2026,9,6,1,-38.90909090909091,9.0,-32.3,3,7,terminal_interaction_mid,0.40720223163779873,0.4252693100088113
1527681,2026,10,1,1,-38.90909090909091,9.152542372881356,-33.245000000000005,3,7,terminal_interaction_mid,0.40899448924864934,0.4256860930200416
1527681,2026,10,2,1,-38.90909090909091,8.896551724137932,-30.189999999999998,3,7,terminal_interaction_mid,0.4533598211326788,0.46569353906505107
1527681,2026,10,3,1,-38.90909090909091,8.631578947368421,-27.13499999999999,3,7,terminal_interaction_mid,0.5361580913737993,0.5398468466190154
1527681,2026,10,4,1,-38.90909090909091,8.785714285714285,-28.08,3,7,terminal_interaction_mid,0.512039239346666,0.5182798080308801
1527681,2026,10,5,1,-38.90909090909091,8.290909090909091,-23.025000000000006,3,7,terminal_interaction_mid,0.5967099211859599,0.5940467084730728
1527681,2026,10,6,1,-38.90909090909091,7.777777777777778,-17.970000000000013,3,7,terminal_interaction_mid,0.684755633177331,0.6735725206887562
1527681,2026,11,1,1,-38.90909090909091,7.811320754716981,-17.915000000000006,3,7,terminal_interaction_mid,0.6749365670419023,0.6707964653916723
1527681,2026,11,2,1,-38.90909090909091,7.961538461538462,-18.86,3,7,terminal_interaction_mid,0.6719987966795659,0.6680848062200676
1527681,2026,11,3,1,-38.90909090909091,7.411764705882353,-13.805000000000007,3,7,terminal_interaction_mid,0.7693340762451581,0.7588777655703037
1527681,2026,11,4,1,-38.90909090909091,6.84,-8.749999999999986,3,7,terminal_interaction_mid,0.8861621634108368,0.8725826375507834
1527681,2026,11,5,1,-38.90909090909091,6.979591836734693,-9.694999999999993,3,7,terminal_interaction_mid,0.8561144772802824,0.8425708959074175
1527681,2026,11,6,1,-38.90909090909091,7.0,-9.64,3,7,terminal_interaction_mid,0.8488067409804892,0.8353703460633513
1527681,2026,12,1,1,-38.90909090909091,7.148936170212766,-10.584999999999994,3,7,terminal_interaction_mid,0.8295324379429345,0.8153751325109488
1527681,2026,12,2,1,-38.90909090909091,7.304347826086957,-11.530000000000001,3,7,terminal_interaction_mid,0.8027678995053812,0.7894181618005234
1527681,2026,12,3,1,-38.90909090909091,7.333333333333334,-11.475000000000009,3,7,terminal_interaction_mid,0.7992128428062346,0.7859962715132909
1527681,2026,12,4,1,-38.90909090909091,7.5,-12.420000000000016,3,7,terminal_interaction_mid,0.7846473502962072,0.7720330678411768
1527681,2026,12,5,1,-38.90909090909091,7.674418604651163,-13.365000000000009,3,7,terminal_interaction_mid,0.7605768175883029,0.7491383128472129
1527681,2026,12,6,1,-38.90909090909091,7.857142857142858,-14.310000000000002,3,7,terminal_interaction_mid,0.7360226943654637,0.7259824115744864
1527681,2026,13,1,1,-38.90909090909091,7.463414634146341,-11.25500000000001,3,7,terminal_interaction_mid,0.806266711466324,0.7946760453643676
1527681,2026,13,2,1,-38.90909090909091,7.6499999999999995,-12.200000000000003,3,7,terminal_interaction_mid,0.7817008246016222,0.7704990192219442
1527681,2026,13,3,1,-38.90909090909091,6.9230769230769225,-7.144999999999996,3,7,terminal_interaction_mid,0.9014582022343098,0.8907519218210094
1527681,2026,13,4,1,-38.90909090909091,6.789473684210526,-6.090000000000003,3,7,terminal_interaction_mid,0.9295550100002471,0.9201962706792004
1527681,2026,13,5,1,-38.90909090909091,6.972972972972972,-7.034999999999997,3,7,terminal_interaction_mid,0.8940644470364338,0.8831090730937771
1527681,2026,13,6,1,-38.90909090909091,7.0,-6.980000000000004,3,7,terminal_interaction_mid,0.8930221123952289,0.8820347149883558
1527681,2026,14,1,1,-38.90909090909091,6.514285714285714,-3.9250000000000114,3,7,terminal_interaction_mid,0.9464329504590057,0.9391173317405341
1527681,2026,14,2,1,-38.90909090909091,6.529411764705882,-3.8700000000000045,3,7,terminal_interaction_mid,0.945987737096208,0.938639610510845
1527681,2026,14,3,1,-38.90909090909091,6.545454545454545,-3.8149999999999977,3,7,terminal_interaction_mid,0.94630082526431,0.9389755343388039
1527681,2026,14,4,1,-38.90909090909091,6.0,-0.7599999999999909,3,7,terminal_interaction_mid,0.9747480145115222,0.97010561292277
1527681,2026,14,5,1,-38.90909090909091,6.0,-0.7049999999999841,3,7,terminal_interaction_mid,0.9743926305993162,0.9697072887359232
1527681,2026,14,6,1,-38.90909090909091,6.200000000000001,-1.6500000000000057,3,7,terminal_interaction_mid,0.9638798594695624,0.9580497523708917
1527681,2026,14,7,1,-38.90909090909091,5.172413793103448,3.405000000000001,3,7,terminal_interaction_mid,0.9864455852493219,0.9834260838057145
1527681,2026,15,1,1,-38.90909090909091,4.9655172413793105,4.405000000000001,3,7,terminal_interaction_mid,0.9862600002745232,0.9836646146644031
1527681,2026,15,2,1,-38.90909090909091,4.928571428571429,4.460000000000008,3,7,terminal_interaction_mid,0.9872090799880684,0.984743532579742
1527681,2026,15,3,1,-38.90909090909091,4.222222222222222,7.514999999999986,3,7,terminal_interaction_mid,0.9904707753848441,0.9884822467618464
1527681,2026,15,4,1,-38.90909090909091,4.153846153846153,7.569999999999993,3,7,terminal_interaction_mid,0.9907557819590949,0.9888115208151864
1527681,2026,15,5,1,-38.90909090909091,3.3600000000000003,10.625,3,7,terminal_interaction_mid,0.9916442405948541,0.9898410598217745
1527681,2026,15,6,1,-38.90909090909091,3.5,9.680000000000007,3,7,terminal_interaction_mid,0.9918227407942821,0.9900484972533258
1527681,2026,15,7,1,-38.90909090909091,3.6521739130434785,8.734999999999985,3,7,terminal_interaction_mid,0.9909083844801083,0.988988017930751
1527682,2026,7,1,0,23.363636363636374,10.909090909090908,-4.249999999999986,0,10,terminal_interaction_mid,0.6147642246301475,0.598246266761257
1527682,2026,7,2,0,23.363636363636374,11.052631578947368,-6.0,0,10,terminal_interaction_mid,0.576543765085773,0.5652744744616701
1527682,2026,7,3,0,23.363636363636374,11.2,-7.75,0,10,terminal_interaction_mid,0.5782605267539453,0.5667500410490438
1527682,2026,7,4,0,23.363636363636374,10.864864864864865,-3.5,0,10,terminal_interaction_mid,0.6555662317801685,0.6338137715045025
1527682,2026,7,5,0,23.363636363636374,10.931506849315069,-4.250000000000014,0,10,terminal_interaction_mid,0.6372101536814374,0.6177561997112018
1527682,2026,7,6,0,23.363636363636374,11.083333333333334,-18.599999999999994,1,9,terminal_interaction_mid,0.41653002587862387,0.4283367067297478
1527682,2026,8,1,0,23.363636363636374,11.154929577464788,-19.17500000000001,1,9,terminal_interaction_mid,0.4965115112884997,0.4972999552478242
1527682,2026,8,2,0,23.363636363636374,11.228571428571428,-19.75,1,9,terminal_interaction_mid,0.47796617433731525,0.48102088941083043
1527682,2026,8,3,0,23.363636363636374,11.043478260869565,-17.325000000000003,1,9,terminal_interaction_mid,0.5248048885954106,0.522134102894791
1527682,2026,8,4,0,23.363636363636374,11.029411764705882,-16.89999999999999,1,9,terminal_interaction_mid,0.536619765743326,0.5325113293352914
1527682,2026,8,5,0,23.363636363636374,10.656716417910449,-12.474999999999994,1,9,terminal_interaction_mid,0.5972996063768787,0.5859930288083426
1527682,2026,8,6,0,23.363636363636374,10.818181818181818,-14.049999999999983,1,9,terminal_interaction_mid,0.5990593018892953,0.5875509216580707
1527682,2026,9,1,0,23.363636363636374,10.892307692307693,-14.624999999999986,1,9,terminal_interaction_mid,0.5765504133903634,0.5697565573609258
1527682,2026,9,2,0,23.363636363636374,10.96875,-15.200000000000003,1,9,terminal_interaction_mid,0.5770127568229866,0.5701514953454415
1527682,2026,9,3,0,23.363636363636374,10.761904761904763,-12.774999999999991,1,9,terminal_interaction_mid,0.5810511560880297,0.5736022573551016
1527682,2026,9,4,0,23.363636363636374,10.935483870967742,-14.34999999999998,1,9,terminal_interaction_mid,0.5730920310412957,0.5668031783290706
1527682,2026,9,5,0,23.363636363636374,11.01639344262295,-14.924999999999997,1,9,terminal_interaction_mid,0.5677546233392412,0.5622477897684219
1527682,2026,9,6,0,23.363636363636374,10.8,-12.500000000000014,1,9,terminal_interaction_mid,0.6226623222213237,0.6093060470650612
1527682,2026,10,1,0,23.363636363636374,10.881355932203391,-13.075000000000003,1,9,terminal_interaction_mid,0.604586017442849,0.6011145968778141
1527682,2026,10,2,0,23.363636363636374,10.862068965517242,-12.649999999999991,1,9,terminal_interaction_mid,0.6332688889764712,0.6269154569023864
1527682,2026,10,3,0,23.363636363636374,10.94736842105263,-13.225000000000009,1,9,terminal_interaction_mid,0.6169351633241409,0.6122100342976643
1527682,2026,10,4,0,23.363636363636374,11.142857142857142,-14.799999999999997,1,9,terminal_interaction_mid,0.6237188382218477,0.6183129703427838
1527682,2026,10,5,0,23.363636363636374,11.345454545454546,-26.0,2,8,terminal_interaction_mid,0.46990464765324896,0.4805479522493247
1527682,2026,10,6,0,23.363636363636374,11.444444444444445,-26.399999999999977,2,8,terminal_interaction_mid,0.4581936185336685,0.47003643343713025
1527682,2026,10,7,0,23.363636363636374,11.20754716981132,-23.80000000000001,2,8,terminal_interaction_mid,0.48615684438864215,0.4951152431037794
1527682,2026,11,1,0,23.363636363636374,11.09433962264151,-22.80000000000001,2,8,terminal_interaction_mid,0.5122335185690018,0.5216181975310012
1527682,2026,11,2,0,23.363636363636374,10.846153846153847,-20.19999999999999,2,8,terminal_interaction_mid,0.5520797517383836,0.5580896880659453
1527682,2026,11,3,0,23.363636363636374,10.941176470588236,-20.599999999999994,2,8,terminal_interaction_mid,0.5404008696551383,0.5474047341916068
1527682,2026,11,4,0,23.363636363636374,11.040000000000001,-21.0,2,8,terminal_interaction_mid,0.5366563519718566,0.543978327010765
1527682,2026,11,5,0,23.363636363636374,10.775510204081632,-18.400000000000006,2,8,terminal_interaction_mid,0.5725799094534574,0.5768434060278183
1527682,2026,11,6,0,23.363636363636374,10.5,-15.799999999999983,2,8,terminal_interaction_mid,0.6048741555512382,0.606403954819766
1527682,2026,12,1,0,23.363636363636374,10.72340425531915,-25.42500000000001,3,7,terminal_interaction_mid,0.4205913824586963,0.4352596077727401
1527682,2026,12,2,0,23.363636363636374,10.434782608695652,-22.650000000000006,3,7,terminal_interaction_mid,0.49499289468454755,0.5037813451316552
1527682,2026,12,3,0,23.363636363636374,10.666666666666666,-31.75,4,6,terminal_interaction_mid,0.26067832687320625,0.2843531674904426
1527682,2026,12,4,0,23.363636363636374,10.909090909090908,-32.80000000000001,4,6,terminal_interaction_mid,0.25092556180722314,0.2748844259507049
1527682,2026,12,5,0,23.363636363636374,11.023255813953488,-32.849999999999994,4,6,terminal_interaction_mid,0.2532692415051252,0.2771635892886584
1527682,2026,12,6,0,23.363636363636374,11.142857142857142,-32.900000000000006,4,6,terminal_interaction_mid,0.251000888185669,0.27495771620208687
1527682,2026,13,1,0,23.363636363636374,11.414634146341463,-41.125,5,5,terminal_interaction_mid,0.1417238221646192,0.15453136112353452
1527682,2026,13,2,0,23.363636363636374,11.55,-41.0,5,5,terminal_interaction_mid,0.13597441883887323,0.14868036629765863
1527682,2026,13,3,0,23.363636363636374,11.692307692307692,-40.875,5,5,terminal_interaction_mid,0.1365786071662157,0.14929607057444222
1527682,2026,13,4,0,23.363636363636374,11.052631578947368,-35.75,5,5,terminal_interaction_mid,0.1978220239522837,0.21080917240335462
1527682,2026,13,5,0,23.363636363636374,11.35135135135135,-36.625,5,5,terminal_interaction_mid,0.18513500446951925,0.19819633952048912
1527682,2026,13,6,0,23.363636363636374,11.0,-33.5,5,5,terminal_interaction_mid,0.21691277416401805,0.22968120823874064
1527682,2026,14,1,0,23.363636363636374,10.628571428571428,-30.375,5,5,terminal_interaction_mid,0.2920962683412984,0.30165176961563606
1527682,2026,14,2,0,23.363636363636374,9.882352941176471,-25.25,5,5,terminal_interaction_mid,0.4632089395336366,0.46572781147810144
1527682,2026,14,3,0,23.363636363636374,10.181818181818182,-31.900000000000006,6,4,terminal_interaction_mid,0.1962453706786415,0.2077087466308851
1527682,2026,14,4,0,23.363636363636374,9.75,-28.599999999999994,6,4,terminal_interaction_mid,0.2906187272261965,0.3002190348242927
1527682,2026,14,5,0,23.363636363636374,9.677419354838708,-32.724999999999994,7,3,terminal_interaction_mid,0.060234840081505994,0.06839484671032452
1527682,2026,14,6,0,23.363636363636374,10.0,-33.25,7,3,terminal_interaction_mid,0.06283559482197312,0.07117715315294784
1527682,2026,15,1,0,23.363636363636374,10.137931034482758,-32.775000000000006,7,3,terminal_interaction_mid,0.07184814078465186,0.08008026839724747
1527682,2026,15,2,0,23.363636363636374,10.285714285714285,-32.30000000000001,7,3,terminal_interaction_mid,0.07534117598797571,0.08376848885724426
1527682,2026,15,3,0,23.363636363636374,10.444444444444445,-31.82499999999999,7,3,terminal_interaction_mid,0.08272510936695093,0.09153356615997368
1527682,2026,15,4,0,23.363636363636374,9.461538461538462,-26.350000000000023,7,3,terminal_interaction_mid,0.20254193988098576,0.2134825668762796
1527682,2026,15,5,0,23.363636363636374,9.600000000000001,-25.875,7,3,terminal_interaction_mid,0.1992364680445443,0.21019215195641888
1527682,2026,15,6,0,23.363636363636374,10.0,-26.399999999999977,7,3,terminal_interaction_mid,0.19243937079871376,0.2034159198449413
1527683,2026,7,1,1,-36.5,7.714285714285715,-7.909999999999997,1,9,terminal_interaction_mid,0.8135707617311929,0.7785220191618812
1527683,2026,7,2,1,-36.5,7.657894736842106,-7.0800000000000125,1,9,terminal_interaction_mid,0.8156774896124942,0.7805689860183842
1527683,2026,7,3,1,-36.5,7.68,-7.25,1,9,terminal_interaction_mid,0.8138604724038038,0.7788032549196414
1527683,2026,7,4,1,-36.5,7.45945945945946,-4.4199999999999875,1,9,terminal_interaction_mid,0.8415773501217454,0.8061140423406847
1527683,2026,7,5,1,-36.5,7.479452054794521,-4.590000000000003,1,9,terminal_interaction_mid,0.8397296042259599,0.8042667138327132
1527683,2026,7,6,1,-36.5,7.5,-4.759999999999991,1,9,terminal_interaction_mid,0.8348639776159105,0.7994214104200497
1527683,2026,8,1,1,-36.5,7.436619718309858,-3.930000000000007,1,9,terminal_interaction_mid,0.8391911777790136,0.8102234141320597
1527683,2026,8,2,1,-36.5,7.199999999999999,-1.0999999999999943,1,9,terminal_interaction_mid,0.8677594042809027,0.8392282775360532
1527683,2026,8,3,1,-36.5,7.304347826086957,-2.2700000000000102,1,9,terminal_interaction_mid,0.8588189189690669,0.8300517937149949
1527683,2026,8,4,1,-36.5,7.411764705882353,-3.4399999999999977,1,9,terminal_interaction_mid,0.8522503979860355,0.8233696559629452
1527683,2026,8,5,1,-36.5,7.343283582089552,-2.609999999999985,1,9,terminal_interaction_mid,0.8632454962689018,0.8345831201786197
1527683,2026,8,6,1,-36.5,7.363636363636363,-2.779999999999987,1,9,terminal_interaction_mid,0.8589284790827137,0.8301636673419449
1527683,2026,9,1,1,-36.5,7.384615384615385,-2.9499999999999886,1,9,terminal_interaction_mid,0.8564282968896618,0.8231198872381501
1527683,2026,9,2,1,-36.5,7.5,-12.439999999999984,2,8,terminal_interaction_mid,0.7874317366967657,0.7562683892021334
1527683,2026,9,3,1,-36.5,7.523809523809524,-12.47999999999999,2,8,terminal_interaction_mid,0.7842972006190165,0.7533356432833135
1527683,2026,9,4,1,-36.5,7.548387096774194,-12.519999999999996,2,8,terminal_interaction_mid,0.786147170863488,0.7550656054754161
1527683,2026,9,5,1,-36.5,7.573770491803279,-12.559999999999988,2,8,terminal_interaction_mid,0.779567053530975,0.7489240862393896
1527683,2026,9,6,1,-36.5,7.6,-12.599999999999994,2,8,terminal_interaction_mid,0.7836845014466056,0.7527632649886499
1527683,2026,10,1,1,-36.5,7.627118644067796,-12.64,2,8,terminal_interaction_mid,0.7832878506043293,0.7649825206110459
1527683,2026,10,2,1,-36.5,7.344827586206896,-9.679999999999993,2,8,terminal_interaction_mid,0.8158063540435938,0.796106080089201
1527683,2026,10,3,1,-36.5,7.368421052631579,-9.719999999999999,2,8,terminal_interaction_mid,0.8179271485775268,0.7981581952237556
1527683,2026,10,4,1,-36.5,7.5,-10.760000000000005,2,8,terminal_interaction_mid,0.804776104280802,0.7854793800554796
1527683,2026,10,5,1,-36.5,7.527272727272727,-10.799999999999997,2,8,terminal_interaction_mid,0.8065119624715582,0.7871467202177267
1527683,2026,10,6,1,-36.5,7.555555555555555,-10.83999999999999,2,8,terminal_interaction_mid,0.801271690722178,0.7821187947641939
1527683,2026,11,1,1,-36.5,7.471698113207546,-9.88000000000001,2,8,terminal_interaction_mid,0.8304836083785373,0.8174598018259662
1527683,2026,11,2,1,-36.5,7.5,-9.920000000000002,2,8,terminal_interaction_mid,0.8396880311463603,0.8264324185462976
1527683,2026,11,3,1,-36.5,7.529411764705882,-9.959999999999994,2,8,terminal_interaction_mid,0.8438912257195827,0.8305460159904853
1527683,2026,11,4,1,-36.5,7.5600000000000005,-10.0,2,8,terminal_interaction_mid,0.843098051601044,0.8297689420635858
1527683,2026,11,5,1,-36.5,7.224489795918368,-7.040000000000006,2,8,terminal_interaction_mid,0.871092056486656,0.8574435684705137
1527683,2026,11,6,1,-36.5,6.875,-4.079999999999984,2,8,terminal_interaction_mid,0.9327104695687336,0.9207968603907811
1527683,2026,12,1,1,-36.5,7.0212765957446805,-11.230000000000004,3,7,terminal_interaction_mid,0.8474219293388242,0.8329421584197545
1527683,2026,12,2,1,-36.5,7.173913043478261,-12.14,3,7,terminal_interaction_mid,0.8274119316330277,0.8133051298087906
1527683,2026,12,3,1,-36.5,7.199999999999999,-12.050000000000011,3,7,terminal_interaction_mid,0.8301201731672938,0.8159493096570486
1527683,2026,12,4,1,-36.5,7.2272727272727275,-11.960000000000008,3,7,terminal_interaction_mid,0.8327882675410472,0.818558290033224
1527683,2026,12,5,1,-36.5,7.255813953488372,-11.870000000000019,3,7,terminal_interaction_mid,0.8276431826693282,0.8135307532322213
1527683,2026,12,6,1,-36.5,7.428571428571429,-12.780000000000001,3,7,terminal_interaction_mid,0.7863874076542281,0.7736965686416882
1527683,2026,13,1,1,-36.5,7.609756097560975,-19.02000000000001,4,6,terminal_interaction_mid,0.6682290669694209,0.6607780181097831
1527683,2026,13,2,1,-36.5,7.6499999999999995,-18.80000000000001,4,6,terminal_interaction_mid,0.6880567832011972,0.6797719265514336
1527683,2026,13,3,1,-36.5,7.846153846153847,-19.579999999999984,4,6,terminal_interaction_mid,0.6581921291545567,0.6511845450908779
1527683,2026,13,4,1,-36.5,8.052631578947368,-20.360000000000014,4,6,terminal_interaction_mid,0.6511468343739459,0.6444583460173897
1527683,2026,13,5,1,-36.5,8.108108108108109,-20.139999999999986,4,6,terminal_interaction_mid,0.6428321925388258,0.636528036182782
1527683,2026,13,6,1,-36.5,8.166666666666668,-19.920000000000016,4,6,terminal_interaction_mid,0.6263335700318882,0.6208147446215183
1527683,2026,14,1,1,-36.5,8.057142857142857,-18.69999999999999,4,6,terminal_interaction_mid,0.6799047772714875,0.6725920402632907
1527683,2026,14,2,1,-36.5,8.294117647058822,-19.480000000000018,4,6,terminal_interaction_mid,0.6477198126309606,0.6416660143680816
1527683,2026,14,3,1,-36.5,8.363636363636363,-19.25999999999999,4,6,terminal_interaction_mid,0.6474373847896451,0.6413951753902707
1527683,2026,14,4,1,-36.5,8.4375,-19.039999999999992,4,6,terminal_interaction_mid,0.6548773650597719,0.6485328123482911
1527683,2026,14,5,1,-36.5,8.516129032258064,-18.819999999999993,4,6,terminal_interaction_mid,0.6450813796210888,0.6391361785249441
1527683,2026,14,6,1,-36.5,8.6,-18.599999999999994,4,6,terminal_interaction_mid,0.6558936830204483,0.6495083147567328
1527683,2026,15,1,1,-36.5,8.068965517241379,-15.379999999999995,4,6,terminal_interaction_mid,0.7485336826369221,0.7410940895246475
1527683,2026,15,2,1,-36.5,7.928571428571429,-14.159999999999997,4,6,terminal_interaction_mid,0.7623943759167804,0.7546352646490398
1527683,2026,15,3,1,-36.5,7.333333333333334,-10.939999999999998,4,6,terminal_interaction_mid,0.8277516508758705,0.8190742766664671
1527683,2026,15,4,1,-36.5,7.153846153846153,-9.719999999999999,4,6,terminal_interaction_mid,0.8642525298503592,0.85561240233846
1527683,2026,15,5,1,-36.5,7.199999999999999,-9.5,4,6,terminal_interaction_mid,0.864702083787841,0.8560655269308269
1527683,2026,15,6,1,-36.5,7.25,-9.280000000000001,4,6,terminal_interaction_mid,0.86334981611742,0.8547027689041242
1527684,2026,7,1,0,60.349999999999994,12.935064935064936,-84.79166666666669,5,5,terminal_interaction_mid,0.007293327175744421,0.014832952895076225
1527684,2026,7,2,0,60.349999999999994,12.789473684210527,-81.83333333333334,5,5,terminal_interaction_mid,0.008789236183901487,0.017371800975208795
1527684,2026,7,3,0,60.349999999999994,12.879999999999999,-81.875,5,5,terminal_interaction_mid,0.00834235786033052,0.016621128292449303
1527684,2026,7,4,0,60.349999999999994,12.72972972972973,-78.91666666666666,5,5,terminal_interaction_mid,0.009776085765447782,0.019008470156095667
1527684,2026,7,5,0,60.349999999999994,12.904109589041097,-79.95833333333331,5,5,terminal_interaction_mid,0.009956042501956086,0.019303995475301504
1527684,2026,7,6,0,60.349999999999994,13.083333333333332,-81.0,5,5,terminal_interaction_mid,0.009576779189333653,0.018680145995444816
1527684,2026,8,1,0,60.349999999999994,12.929577464788732,-78.04166666666666,5,5,terminal_interaction_mid,0.011706771015151848,0.0200064251527907
1527684,2026,8,2,0,60.349999999999994,13.028571428571428,-78.08333333333331,5,5,terminal_interaction_mid,0.010807944108989217,0.01866251372729251
1527684,2026,8,3,0,60.349999999999994,13.217391304347826,-79.125,5,5,terminal_interaction_mid,0.010296870600246318,0.017891680545968205
1527684,2026,8,4,0,60.349999999999994,13.323529411764707,-79.16666666666666,5,5,terminal_interaction_mid,0.010460287465434127,0.01813870514163966
1527684,2026,8,5,0,60.349999999999994,13.432835820895521,-79.20833333333334,5,5,terminal_interaction_mid,0.01066489039403712,0.0184472563605304
1527684,2026,8,6,0,60.349999999999994,13.272727272727272,-76.25,5,5,terminal_interaction_mid,0.011919377327182049,0.02032222972841714
1527684,2026,9,1,0,60.349999999999994,13.384615384615385,-76.29166666666669,5,5,terminal_interaction_mid,0.011797965867874327,0.023007893237288964
1527684,2026,9,2,0,60.349999999999994,13.5,-76.33333333333334,5,5,terminal_interaction_mid,0.011457182574591185,0.02244757477855477
1527684,2026,9,3,0,60.349999999999994,13.619047619047619,-76.375,5,5,terminal_interaction_mid,0.011283471016460064,0.02216089233021478
1527684,2026,9,4,0,60.349999999999994,13.838709677419356,-77.41666666666669,5,5,terminal_interaction_mid,0.01057838809057263,0.020989588418428747
1527684,2026,9,5,0,60.349999999999994,14.065573770491804,-91.16666666666666,6,4,terminal_interaction_mid,0.004383668836915388,0.009978976757253797
1527684,2026,9,6,0,60.349999999999994,14.2,-91.0,6,4,terminal_interaction_mid,0.004458438023658716,0.010122765930651456
1527684,2026,10,1,0,60.349999999999994,14.338983050847457,-90.83333333333334,6,4,terminal_interaction_mid,0.004616993860304866,0.008328256183207665
1527684,2026,10,2,0,60.349999999999994,14.482758620689655,-90.66666666666666,6,4,terminal_interaction_mid,0.004742024773730931,0.008529081942191366
1527684,2026,10,3,0,60.349999999999994,14.315789473684209,-87.5,6,4,terminal_interaction_mid,0.004643460011565022,0.008370816244817773
1527684,2026,10,4,0,60.349999999999994,14.464285714285714,-87.33333333333334,6,4,terminal_interaction_mid,0.004744507021666877,0.008533062943028094
1527684,2026,10,5,0,60.349999999999994,14.727272727272727,-88.16666666666666,6,4,terminal_interaction_mid,0.004731323340694456,0.008511916451597549
1527684,2026,10,6,0,60.349999999999994,14.88888888888889,-88.0,6,4,terminal_interaction_mid,0.004515473891444972,0.00816474962507865
1527684,2026,11,1,0,60.349999999999994,15.056603773584907,-87.83333333333334,6,4,terminal_interaction_mid,0.00411914401770273,0.006743953005301497
1527684,2026,11,2,0,60.349999999999994,14.653846153846155,-82.66666666666666,6,4,terminal_interaction_mid,0.005676790500355866,0.009042823117474199
1527684,2026,11,3,0,60.349999999999994,14.235294117647058,-77.5,6,4,terminal_interaction_mid,0.007396260472909442,0.0115162560491882
1527684,2026,11,4,0,60.349999999999994,14.04,-74.33333333333331,6,4,terminal_interaction_mid,0.00810716446637819,0.012523151710691764
1527684,2026,11,5,0,60.349999999999994,14.204081632653061,-74.16666666666666,6,4,terminal_interaction_mid,0.008310502831171636,0.012809659854603318
1527684,2026,11,6,0,60.349999999999994,14.375,-74.0,6,4,terminal_interaction_mid,0.00842288600220855,0.01296773764256111
1527684,2026,12,1,0,60.349999999999994,14.680851063829786,-74.83333333333331,6,4,terminal_interaction_mid,0.007184493084543494,0.011111061994885806
1527684,2026,12,2,0,60.349999999999994,15.0,-75.66666666666666,6,4,terminal_interaction_mid,0.0068172872960771186,0.010590858880069406
1527684,2026,12,3,0,60.349999999999994,15.2,-75.5,6,4,terminal_interaction_mid,0.007041291992494909,0.010908484095721763
1527684,2026,12,4,0,60.349999999999994,15.40909090909091,-75.33333333333331,6,4,terminal_interaction_mid,0.006426468532946775,0.010034457371012356
1527684,2026,12,5,0,60.349999999999994,15.767441860465116,-76.16666666666669,6,4,terminal_interaction_mid,0.006717123729347235,0.010448534241527977
1527684,2026,12,6,0,60.349999999999994,16.0,-76.0,6,4,terminal_interaction_mid,0.006541089705121272,0.01019794476065156
1527684,2026,13,1,0,60.349999999999994,15.804878048780488,-72.83333333333331,6,4,terminal_interaction_mid,0.007326300202741134,0.009568464530288005
1527684,2026,13,2,0,60.349999999999994,15.299999999999999,-67.66666666666669,6,4,terminal_interaction_mid,0.010139208290954138,0.013001818697184706
1527684,2026,13,3,0,60.349999999999994,15.076923076923077,-64.5,6,4,terminal_interaction_mid,0.011437349161580408,0.014566398700183378
1527684,2026,13,4,0,60.349999999999994,15.473684210526315,-65.33333333333331,6,4,terminal_interaction_mid,0.010539232027081347,0.013485142075183084
1527684,2026,13,5,0,60.349999999999994,15.243243243243242,-62.166666666666686,6,4,terminal_interaction_mid,0.012184282175091377,0.015461794700870201
1527684,2026,13,6,0,60.349999999999994,15.666666666666668,-63.0,6,4,terminal_interaction_mid,0.010472209744278399,0.013404239845588495
1527684,2026,14,1,0,60.349999999999994,15.942857142857143,-62.833333333333314,6,4,terminal_interaction_mid,0.009190903507998106,0.01153083624652468
1527684,2026,14,2,0,60.349999999999994,16.235294117647058,-62.666666666666686,6,4,terminal_interaction_mid,0.008522679091747766,0.010733330640076186
1527684,2026,14,3,0,60.349999999999994,16.545454545454547,-62.5,6,4,terminal_interaction_mid,0.00786679792361892,0.009947377036178881
1527684,2026,14,4,0,60.349999999999994,16.3125,-59.333333333333314,6,4,terminal_interaction_mid,0.009323625741310472,0.01168886819644885
1527684,2026,14,5,0,60.349999999999994,16.838709677419356,-60.16666666666666,6,4,terminal_interaction_mid,0.007989671930800272,0.010094870436427858
1527684,2026,14,6,0,60.349999999999994,17.2,-60.0,6,4,terminal_interaction_mid,0.007489591517771537,0.009493836478606566
1527684,2026,15,1,0,60.349999999999994,17.793103448275865,-66.875,7,3,terminal_interaction_mid,0.004463276320944812,0.005664649407482015
1527684,2026,15,2,0,60.349999999999994,18.214285714285715,-66.5,7,3,terminal_interaction_mid,0.004500136330937112,0.0057093621457902895
1527684,2026,15,3,0,60.349999999999994,18.0,-63.125,7,3,terminal_interaction_mid,0.004563272194969165,0.005785910369187314
1527684,2026,15,4,0,60.349999999999994,17.538461538461537,-58.75,7,3,terminal_interaction_mid,0.0047468154892661915,0.006008176439805008
1527684,2026,15,5,0,60.349999999999994,18.0,-58.375,7,3,terminal_interaction_mid,0.004697558409198817,0.005948566088014024
1527684,2026,15,6,0,60.349999999999994,18.5,-58.0,7,3,terminal_interaction_mid,0.0045981622912227875,0.005828191890664907
1527684,2026,15,7,0,60.349999999999994,19.043478260869563,-57.625,7,3,terminal_interaction_mid,0.004495570168992186,0.005703824097208486
1527686,2026,7,1,0,-16.666666666666657,5.6103896103896105,-22.875,5,5,terminal_interaction_mid,0.5098967855669545,0.5082291471861524
1527686,2026,7,2,0,-16.666666666666657,5.605263157894737,-22.5,5,5,terminal_interaction_mid,0.52570845801775,0.5217343027495588
1527686,2026,7,3,0,-16.666666666666657,5.2,-17.125,5,5,terminal_interaction_mid,0.5216750195281824,0.5182883676685892
1527686,2026,7,4,0,-16.666666666666657,5.1891891891891895,-16.75,5,5,terminal_interaction_mid,0.5339479935597042,0.5287762933037448
1527686,2026,7,5,0,-16.666666666666657,4.767123287671232,-11.375,5,5,terminal_interaction_mid,0.564426716394959,0.5548715062536536
1527686,2026,7,6,0,-16.666666666666657,4.833333333333334,-21.0,6,4,terminal_interaction_mid,0.43248153112642285,0.44203986634540765
1527686,2026,7,7,0,-16.666666666666657,4.816901408450704,-20.5,6,4,terminal_interaction_mid,0.3893503047621539,0.40489092153436246
1527686,2026,8,1,0,-16.666666666666657,4.47887323943662,-16.5,6,4,terminal_interaction_mid,0.4137306687944924,0.42446775319278424
1527686,2026,8,2,0,-16.666666666666657,4.457142857142857,-15.999999999999986,6,4,terminal_interaction_mid,0.43787693517796333,0.4457723096103485
1527686,2026,8,3,0,-16.666666666666657,4.521739130434783,-16.5,6,4,terminal_interaction_mid,0.46658296514566633,0.47102293759866437
1527686,2026,8,4,0,-16.666666666666657,4.235294117647059,-13.0,6,4,terminal_interaction_mid,0.48784097777096386,0.48968993901290236
1527686,2026,8,5,0,-16.666666666666657,4.298507462686567,-21.875,7,3,terminal_interaction_mid,0.2241202297032273,0.251921525787315
1527686,2026,8,6,0,-16.666666666666657,4.0,-18.25,7,3,terminal_interaction_mid,0.2286366883426067,0.2562108552116573
1527686,2026,9,1,0,-16.666666666666657,4.061538461538461,-18.625,7,3,terminal_interaction_mid,0.24916500697358895,0.2849376951674442
1527686,2026,9,2,0,-16.666666666666657,4.03125,-18.0,7,3,terminal_interaction_mid,0.2584287661959779,0.293492336452945
1527686,2026,9,3,0,-16.666666666666657,4.095238095238095,-18.375,7,3,terminal_interaction_mid,0.27939179843397494,0.3126550175617856
1527686,2026,9,4,0,-16.666666666666657,3.967741935483871,-16.75,7,3,terminal_interaction_mid,0.29035541589042957,0.3225781812558725
1527686,2026,9,5,0,-16.666666666666657,3.9344262295081966,-16.125,7,3,terminal_interaction_mid,0.32646264080018306,0.35484465097293494
1527686,2026,9,6,0,-16.666666666666657,4.0,-24.0,8,2,terminal_interaction_mid,0.16768528521456794,0.20674628433166742
1527686,2026,9,7,0,-16.666666666666657,3.9661016949152543,-23.25,8,2,terminal_interaction_mid,0.17393269976738873,0.2129687900528225
1527686,2026,9,8,0,-16.666666666666657,3.6206896551724137,-19.5,8,2,terminal_interaction_mid,0.2790735000188521,0.3123659567001086
1527686,2026,10,1,0,-16.666666666666657,3.559322033898305,-26.625,9,1,terminal_interaction_mid,0.07568102848161727,0.09885566635484831
1527686,2026,10,2,0,-16.666666666666657,3.6206896551724137,-26.75,9,1,terminal_interaction_mid,0.07549561945762127,0.0986442833673889
1527686,2026,10,3,0,-16.666666666666657,3.578947368421052,-25.875,9,1,terminal_interaction_mid,0.08232284214227471,0.10638108050739574
1527686,2026,10,4,0,-16.666666666666657,3.2142857142857144,-22.0,9,1,terminal_interaction_mid,0.11606167977046267,0.14340706471631223
1527686,2026,10,5,0,-16.666666666666657,3.163636363636363,-21.125,9,1,terminal_interaction_mid,0.1140626901331884,0.14126184024018332
1527686,2026,10,6,0,-16.666666666666657,3.1111111111111107,-20.25,9,1,terminal_interaction_mid,0.11628068650653574,0.14364176232737902
1527687,2026,7,1,0,10.782608695652186,10.831168831168831,-3.249999999999986,0,10,terminal_interaction_mid,0.412924605584863,0.42523419462429995
1527687,2026,7,2,0,10.782608695652186,10.894736842105264,-4.0,0,10,terminal_interaction_mid,0.41093319308916143,0.4235196439491023
1527687,2026,7,3,0,10.782608695652186,10.96,-4.75,0,10,terminal_interaction_mid,0.42135718386737053,0.4324873462281001
1527687,2026,7,4,0,10.782608695652186,11.108108108108109,-6.5,0,10,terminal_interaction_mid,0.4156186368483614,0.4275526417538421
1527687,2026,7,5,0,10.782608695652186,11.17808219178082,-7.250000000000014,0,10,terminal_interaction_mid,0.3585626718162464,0.3781389263455927
1527687,2026,7,6,0,10.782608695652186,11.25,-8.0,0,10,terminal_interaction_mid,0.3549783056896981,0.37500820495738674
1527687,2026,8,1,0,10.782608695652186,11.408450704225352,-22.17500000000001,1,9,terminal_interaction_mid,0.2191183119988292,0.2471559864772501
1527687,2026,8,2,0,10.782608695652186,11.485714285714286,-22.75,1,9,terminal_interaction_mid,0.2421737059521063,0.26899312896015914
1527687,2026,8,3,0,10.782608695652186,11.304347826086957,-20.325000000000003,1,9,terminal_interaction_mid,0.2706797845566262,0.29558194456275777
1527687,2026,8,4,0,10.782608695652186,10.941176470588236,-15.899999999999991,1,9,terminal_interaction_mid,0.3434088998560253,0.36184358075055933
1527687,2026,8,5,0,10.782608695652186,10.567164179104477,-11.474999999999994,1,9,terminal_interaction_mid,0.40985761544006605,0.42104324598582704
1527687,2026,8,6,0,10.782608695652186,10.363636363636363,-9.049999999999983,1,9,terminal_interaction_mid,0.43797367136873405,0.44585752318029076
1527687,2026,9,1,0,10.782608695652186,10.523076923076923,-10.624999999999986,1,9,terminal_interaction_mid,0.4252600722275541,0.4407921097343244
1527687,2026,9,2,0,10.782608695652186,10.6875,-12.200000000000003,1,9,terminal_interaction_mid,0.4041190158938319,0.4226124734469326
1527687,2026,9,3,0,10.782608695652186,10.857142857142858,-13.774999999999991,1,9,terminal_interaction_mid,0.3926900571613334,0.41274569425827634
1527687,2026,9,4,0,10.782608695652186,10.64516129032258,-11.34999999999998,1,9,terminal_interaction_mid,0.4414824205694766,0.45468914405410626
1527687,2026,9,5,0,10.782608695652186,10.819672131147541,-23.59999999999998,2,8,terminal_interaction_mid,0.24990809132824152,0.2856259810654001
1527687,2026,9,6,0,10.782608695652186,11.0,-35.5,3,7,terminal_interaction_mid,0.1470711941161355,0.18587274851653507
1527687,2026,10,1,0,10.782608695652186,10.576271186440678,-30.725000000000023,3,7,terminal_interaction_mid,0.21734282575423314,0.24660615554374118
1527687,2026,10,2,0,10.782608695652186,10.655172413793103,-30.94999999999999,3,7,terminal_interaction_mid,0.21939712195531494,0.24861320186158056
1527687,2026,10,3,0,10.782608695652186,10.736842105263158,-31.174999999999983,3,7,terminal_interaction_mid,0.20324257198349002,0.232755230041411
1527687,2026,10,4,0,10.782608695652186,10.821428571428571,-31.400000000000006,3,7,terminal_interaction_mid,0.21234431055611563,0.24171122452075403
1527687,2026,10,5,0,10.782608695652186,10.8,-30.625,3,7,terminal_interaction_mid,0.20306201029636925,0.23257698271365135
1527687,2026,10,6,0,10.782608695652186,11.0,-31.850000000000023,3,7,terminal_interaction_mid,0.20838488300222643,0.23782212838452788
1527687,2026,11,1,0,10.782608695652186,11.09433962264151,-32.07500000000002,3,7,terminal_interaction_mid,0.21517955834748656,0.2413482267713946
1527687,2026,11,2,0,10.782608695652186,11.307692307692307,-33.30000000000001,3,7,terminal_interaction_mid,0.1936191657461721,0.21977011654065137
1527687,2026,11,3,0,10.782608695652186,11.411764705882351,-33.525000000000006,3,7,terminal_interaction_mid,0.18576672004537692,0.21183963435610573
1527687,2026,11,4,0,10.782608695652186,11.52,-33.74999999999997,3,7,terminal_interaction_mid,0.18260302758488786,0.20863296827147226
1527687,2026,11,5,0,10.782608695652186,11.63265306122449,-33.974999999999994,3,7,terminal_interaction_mid,0.17644578563256694,0.20237240482637384
1527687,2026,11,6,0,10.782608695652186,11.75,-34.19999999999999,3,7,terminal_interaction_mid,0.18749293137877798,0.21358646470205422
1527687,2026,11,7,0,10.782608695652186,11.872340425531915,-34.42500000000001,3,7,terminal_interaction_mid,0.1895111300584787,0.21562627368192322
1527687,2026,12,1,0,10.782608695652186,11.74468085106383,-33.42500000000001,3,7,terminal_interaction_mid,0.1900017433472359,0.2146853914682612
1527687,2026,12,2,0,10.782608695652186,11.478260869565219,-30.650000000000006,3,7,terminal_interaction_mid,0.20747751632196798,0.23215807780387265
1527687,2026,12,3,0,10.782608695652186,11.733333333333333,-31.875,3,7,terminal_interaction_mid,0.20017142020231202,0.22487537918873537
1527687,2026,12,4,0,10.782608695652186,11.727272727272727,-31.100000000000023,3,7,terminal_interaction_mid,0.21440101288034966,0.23903150117608615
1527687,2026,12,5,0,10.782608695652186,11.86046511627907,-31.325000000000017,3,7,terminal_interaction_mid,0.20727236592905735,0.23195400283929016
1527687,2026,12,6,0,10.782608695652186,11.571428571428571,-28.55000000000001,3,7,terminal_interaction_mid,0.254779909372275,0.27863140483363563
1527687,2026,13,1,0,10.782608695652186,11.707317073170731,-28.775000000000006,3,7,terminal_interaction_mid,0.22928549660521788,0.2418494874403974
1527687,2026,13,2,0,10.782608695652186,11.850000000000001,-29.0,3,7,terminal_interaction_mid,0.24222592543705762,0.2545279128320094
1527687,2026,13,3,0,10.782608695652186,12.0,-29.224999999999994,3,7,terminal_interaction_mid,0.22541298830917558,0.23804597446208553
1527687,2026,13,4,0,10.782608695652186,12.315789473684212,-30.44999999999999,3,7,terminal_interaction_mid,0.21976162368000848,0.232487159006791
1527687,2026,13,5,0,10.782608695652186,12.486486486486488,-30.67500000000001,3,7,terminal_interaction_mid,0.21459131213201432,0.22739280065691125
1527687,2026,13,6,0,10.782608695652186,12.833333333333332,-38.20000000000002,4,6,terminal_interaction_mid,0.1288874988919894,0.1414431347774369
1527687,2026,14,1,0,10.782608695652186,13.028571428571428,-38.25,4,6,terminal_interaction_mid,0.16020191585921004,0.1716946746797051
1527687,2026,14,2,0,10.782608695652186,12.705882352941178,-35.30000000000001,4,6,terminal_interaction_mid,0.18055892244041563,0.1920926748116811
1527687,2026,14,3,0,10.782608695652186,12.909090909090908,-35.349999999999994,4,6,terminal_interaction_mid,0.16978289801959945,0.1813146785629589
1527687,2026,14,4,0,10.782608695652186,13.125,-35.400000000000006,4,6,terminal_interaction_mid,0.1487859259008333,0.16018290874888497
1527687,2026,14,5,0,10.782608695652186,13.354838709677418,-35.44999999999999,4,6,terminal_interaction_mid,0.15889557510004465,0.1703801588293858
1527687,2026,14,6,0,10.782608695652186,13.799999999999999,-36.5,4,6,terminal_interaction_mid,0.13174587651344466,0.14289056910322784
1527687,2026,14,7,0,10.782608695652186,14.275862068965518,-37.54999999999998,4,6,terminal_interaction_mid,0.12052277555015246,0.1314221416213735
1527687,2026,15,1,0,10.782608695652186,13.448275862068964,-33.54999999999998,4,6,terminal_interaction_mid,0.18377810463333286,0.1947607833935883
1527687,2026,15,2,0,10.782608695652186,13.714285714285714,-33.599999999999994,4,6,terminal_interaction_mid,0.1793482463457769,0.19032482697061054
1527687,2026,15,3,0,10.782608695652186,14.0,-33.650000000000006,4,6,terminal_interaction_mid,0.16317659695217512,0.1740744559239266
1527687,2026,15,4,0,10.782608695652186,13.384615384615385,-29.69999999999999,4,6,terminal_interaction_mid,0.21528491675380143,0.22613877351181172
1527687,2026,15,5,0,10.782608695652186,12.96,-26.75,4,6,terminal_interaction_mid,0.2641171376204231,0.2742655217571746
1527687,2026,15,6,0,10.782608695652186,13.25,-26.80000000000001,4,6,terminal_interaction_mid,0.27461231021533794,0.28454186700528555
1527687,2026,15,7,0,10.782608695652186,13.826086956521738,-27.849999999999994,4,6,terminal_interaction_mid,0.23034542234641325,0.24104140360013573
1527688,2026,7,1,1,-16.86956521739131,8.805194805194805,-19.086666666666645,2,8,terminal_interaction_mid,0.6931054391251128,0.6670071751538077
1527688,2026,7,2,1,-16.86956521739131,8.921052631578949,-20.293333333333322,2,8,terminal_interaction_mid,0.6951873613344282,0.668864159126981
1527688,2026,7,3,1,-16.86956521739131,8.96,-20.5,2,8,terminal_interaction_mid,0.6982445941950475,0.6715944608854681
1527688,2026,7,4,1,-16.86956521739131,9.0,-20.70666666666665,2,8,terminal_interaction_mid,0.6950599476792272,0.6687504584676791
1527688,2026,7,5,1,-16.86956521739131,9.04109589041096,-20.913333333333355,2,8,terminal_interaction_mid,0.6853781834029151,0.6601306380694527
1527688,2026,7,6,1,-16.86956521739131,9.166666666666666,-22.120000000000005,2,8,terminal_interaction_mid,0.6800409890147141,0.6553950916931931
1527688,2026,8,1,1,-16.86956521739131,9.211267605633802,-22.326666666666654,2,8,terminal_interaction_mid,0.6802666278473323,0.6601681740022084
1527688,2026,8,2,1,-16.86956521739131,9.342857142857143,-34.09166666666667,3,7,terminal_interaction_mid,0.5223376995840807,0.5199678816584469
1527688,2026,8,3,1,-16.86956521739131,9.391304347826088,-34.14750000000001,3,7,terminal_interaction_mid,0.5359618340091845,0.5319332708292173
1527688,2026,8,4,1,-16.86956521739131,9.441176470588236,-34.20333333333335,3,7,terminal_interaction_mid,0.5454608465963253,0.5402816865940189
1527688,2026,8,5,1,-16.86956521739131,9.492537313432836,-34.25916666666666,3,7,terminal_interaction_mid,0.5440803362860867,0.5390680265267711
1527688,2026,8,6,1,-16.86956521739131,9.09090909090909,-29.314999999999998,3,7,terminal_interaction_mid,0.6125394900472988,0.5995027586524594
1527688,2026,8,7,1,-16.86956521739131,9.138461538461538,-29.370833333333337,3,7,terminal_interaction_mid,0.614805893022389,0.6015154448784326
1527688,2026,8,8,1,-16.86956521739131,9.1875,-29.426666666666677,3,7,terminal_interaction_mid,0.6151160089701954,0.6017909208883019
1527688,2026,9,1,1,-16.86956521739131,9.046153846153846,-28.370833333333337,3,7,terminal_interaction_mid,0.6271237174946823,0.6131536827586402
1527688,2026,9,2,1,-16.86956521739131,9.1875,-29.426666666666677,3,7,terminal_interaction_mid,0.6248168518072607,0.6111636220195222
1527688,2026,9,3,1,-16.86956521739131,9.333333333333334,-30.482500000000016,3,7,terminal_interaction_mid,0.6062015885067998,0.5951458047014452
1527688,2026,9,4,1,-16.86956521739131,9.387096774193548,-30.538333333333327,3,7,terminal_interaction_mid,0.6008040539005585,0.5905137999889396
1527688,2026,9,5,1,-16.86956521739131,9.540983606557377,-31.59416666666668,3,7,terminal_interaction_mid,0.6011049519285874,0.5907718881626621
1527688,2026,9,6,1,-16.86956521739131,9.7,-32.650000000000006,3,7,terminal_interaction_mid,0.6105384609045337,0.5988714003262956
1527688,2026,10,1,1,-16.86956521739131,9.864406779661017,-33.705833333333345,3,7,terminal_interaction_mid,0.6038757225338369,0.6004769314610987
1527688,2026,10,2,1,-16.86956521739131,10.034482758620689,-34.761666666666656,3,7,terminal_interaction_mid,0.5945862940923037,0.5921420213832268
1527688,2026,10,3,1,-16.86956521739131,10.105263157894736,-34.817499999999995,3,7,terminal_interaction_mid,0.5945237904588145,0.5920859679275893
1527688,2026,10,4,1,-16.86956521739131,10.071428571428571,-33.873333333333335,3,7,terminal_interaction_mid,0.5914358226545864,0.5893170988802794
1527688,2026,10,5,1,-16.86956521739131,10.254545454545454,-34.929166666666674,3,7,terminal_interaction_mid,0.5903223233160781,0.5883188660551643
1527688,2026,10,6,1,-16.86956521739131,10.444444444444445,-35.985000000000014,3,7,terminal_interaction_mid,0.5820690388150497,0.5809230277470283
1527688,2026,10,7,1,-16.86956521739131,10.415094339622641,-35.04083333333335,3,7,terminal_interaction_mid,0.5904337911891825,0.588418790368361
1527688,2026,11,1,1,-16.86956521739131,10.415094339622641,-35.04083333333335,3,7,terminal_interaction_mid,0.5881594510993291,0.5910995551915563
1527688,2026,11,2,1,-16.86956521739131,10.153846153846153,-32.096666666666664,3,7,terminal_interaction_mid,0.6249192699995423,0.6247788501120735
1527688,2026,11,3,1,-16.86956521739131,10.235294117647058,-32.1525,3,7,terminal_interaction_mid,0.6210795717017139,0.6212568655427662
1527688,2026,11,4,1,-16.86956521739131,10.44,-40.75,4,6,terminal_interaction_mid,0.5113450313212585,0.5208042269226973
1527688,2026,11,5,1,-16.86956521739131,10.653061224489797,-41.655,4,6,terminal_interaction_mid,0.514776100111353,0.5239472948404129
1527688,2026,11,6,1,-16.86956521739131,10.75,-41.56,4,6,terminal_interaction_mid,0.5108152516322769,0.5203188581223105
1527688,2026,12,1,1,-16.86956521739131,10.851063829787234,-41.465,4,6,terminal_interaction_mid,0.4948248423051124,0.5036271449458672
1527688,2026,12,2,1,-16.86956521739131,11.08695652173913,-42.370000000000005,4,6,terminal_interaction_mid,0.49427819080072144,0.5031255405176237
1527688,2026,12,3,1,-16.86956521739131,10.8,-39.275000000000006,4,6,terminal_interaction_mid,0.5250032087663146,0.5312950446153054
1527688,2026,12,4,1,-16.86956521739131,10.909090909090908,-39.18000000000001,4,6,terminal_interaction_mid,0.5253507602918052,0.5316134780631172
1527688,2026,12,5,1,-16.86956521739131,11.023255813953488,-39.08500000000001,4,6,terminal_interaction_mid,0.517379588749887,0.5243092216834325
1527688,2026,12,6,1,-16.86956521739131,11.142857142857142,-38.99000000000001,4,6,terminal_interaction_mid,0.5052959485881264,0.5132319964272912
1527688,2026,12,7,1,-16.86956521739131,11.414634146341463,-46.07916666666665,5,5,terminal_interaction_mid,0.38943812013581286,0.4063473824042331
1527688,2026,12,8,1,-16.86956521739131,11.7,-46.83333333333334,5,5,terminal_interaction_mid,0.3674810509600125,0.3858596648803937
1527688,2026,13,1,1,-16.86956521739131,10.829268292682928,-42.07916666666665,5,5,terminal_interaction_mid,0.45195368186318846,0.4556132243817537
1527688,2026,13,2,1,-16.86956521739131,10.5,-38.83333333333334,5,5,terminal_interaction_mid,0.5083002426783034,0.5089424362983577
1527688,2026,13,3,1,-16.86956521739131,10.76923076923077,-39.587500000000006,5,5,terminal_interaction_mid,0.5007983275369949,0.5018455735877053
1527688,2026,13,4,1,-16.86956521739131,10.736842105263158,-38.34166666666667,5,5,terminal_interaction_mid,0.5100553926698999,0.5106027979304342
1527688,2026,13,5,1,-16.86956521739131,10.378378378378379,-35.09583333333333,5,5,terminal_interaction_mid,0.55212940223582,0.5504146280270097
1527688,2026,13,6,1,-16.86956521739131,10.5,-34.849999999999994,5,5,terminal_interaction_mid,0.5449338839674569,0.5436033916457191
1527688,2026,14,1,1,-16.86956521739131,10.8,-35.60416666666666,5,5,terminal_interaction_mid,0.5368683451886708,0.5358394730928298
1527688,2026,14,2,1,-16.86956521739131,11.117647058823529,-36.35833333333335,5,5,terminal_interaction_mid,0.5271621648140747,0.5266004438061833
1527688,2026,14,3,1,-16.86956521739131,10.363636363636363,-31.11250000000001,5,5,terminal_interaction_mid,0.5962986262246617,0.5924779501392174
1527688,2026,14,4,1,-16.86956521739131,10.6875,-36.69333333333333,6,4,terminal_interaction_mid,0.3957614356444608,0.40138285160761855
1527688,2026,14,5,1,-16.86956521739131,10.838709677419354,-36.29666666666665,6,4,terminal_interaction_mid,0.406145273660778,0.41130769080291973
1527688,2026,14,6,1,-16.86956521739131,11.0,-35.900000000000006,6,4,terminal_interaction_mid,0.4046319043959417,0.4098617406748316
1527688,2026,15,1,1,-16.86956521739131,11.379310344827587,-36.50333333333333,6,4,terminal_interaction_mid,0.36467744292216137,0.371994783425423
1527688,2026,15,2,1,-16.86956521739131,11.785714285714285,-37.106666666666655,6,4,terminal_interaction_mid,0.35217115857813547,0.35991675743331575
1527688,2026,15,3,1,-16.86956521739131,12.222222222222223,-37.71000000000001,6,4,terminal_interaction_mid,0.3107250462992991,0.31975065556233534
1527688,2026,15,4,1,-16.86956521739131,12.461538461538463,-37.31333333333333,6,4,terminal_interaction_mid,0.2861966333000517,0.29586061960320365
1527688,2026,15,5,1,-16.86956521739131,12.96,-37.91666666666666,6,4,terminal_interaction_mid,0.2446833467011691,0.2551777226485798
1527688,2026,15,6,1,-16.86956521739131,13.5,-42.139999999999986,7,3,terminal_interaction_mid,0.11572918507441818,0.12579623133036272
1527689,2026,7,1,1,36.71428571428572,6.779220779220779,30.0775,1,9,terminal_interaction_mid,0.9644030422124543,0.9435333682633072
1527689,2026,7,2,1,36.71428571428572,6.789473684210526,29.569999999999993,1,9,terminal_interaction_mid,0.9660992847784533,0.9457906440553719
1527689,2026,7,3,1,36.71428571428572,6.880000000000001,28.0625,1,9,terminal_interaction_mid,0.9695517721990634,0.9504483173761089
1527689,2026,7,4,1,36.71428571428572,6.486486486486487,32.55500000000001,1,9,terminal_interaction_mid,0.9721145815987238,0.95396565550032
1527689,2026,7,5,1,36.71428571428572,6.082191780821918,37.0475,1,9,terminal_interaction_mid,0.9761454224267222,0.9596149778150859
1527689,2026,7,6,1,36.71428571428572,6.083333333333333,36.540000000000006,1,9,terminal_interaction_mid,0.9786215753925078,0.9631660687470907
1527689,2026,8,1,1,36.71428571428572,6.169014084507042,23.140000000000015,2,8,terminal_interaction_mid,0.9703990699624997,0.9553932934895052
1527689,2026,8,2,1,36.71428571428572,6.257142857142858,10.075000000000003,3,7,terminal_interaction_mid,0.9303394246151765,0.9068825717382676
1527689,2026,8,3,1,36.71428571428572,6.260869565217391,9.90249999999999,3,7,terminal_interaction_mid,0.9373152359877512,0.9149250985131029
1527689,2026,8,4,1,36.71428571428572,6.264705882352942,9.72999999999999,3,7,terminal_interaction_mid,0.9430267815036893,0.9216143912672593
1527689,2026,8,5,1,36.71428571428572,6.35820895522388,8.557500000000005,3,7,terminal_interaction_mid,0.9477952433483168,0.9272789435461245
1527689,2026,8,6,1,36.71428571428572,6.363636363636363,8.385000000000005,3,7,terminal_interaction_mid,0.9527836959492659,0.9332907525782305
1527689,2026,9,1,1,36.71428571428572,6.36923076923077,8.212499999999991,3,7,terminal_interaction_mid,0.9551476863630196,0.9321512724762946
1527689,2026,9,2,1,36.71428571428572,6.46875,7.039999999999992,3,7,terminal_interaction_mid,0.9628247944021229,0.9419546640422843
1527689,2026,9,3,1,36.71428571428572,6.476190476190476,6.867499999999993,3,7,terminal_interaction_mid,0.962335327849942,0.9413193455034056
1527689,2026,9,4,1,36.71428571428572,6.580645161290322,-4.689999999999998,4,6,terminal_interaction_mid,0.8764375253177041,0.8435600822522644
1527689,2026,9,5,1,36.71428571428572,6.491803278688526,-3.6950000000000216,4,6,terminal_interaction_mid,0.8729035150387927,0.8399064184434594
1527689,2026,9,6,1,36.71428571428572,6.5,-3.6999999999999886,4,6,terminal_interaction_mid,0.8779874536936622,0.8451687954296128
1527689,2026,10,1,1,36.71428571428572,6.40677966101695,-2.7050000000000125,4,6,terminal_interaction_mid,0.8966673119141177,0.8769794564380445
1527689,2026,10,2,1,36.71428571428572,6.517241379310345,-3.7099999999999795,4,6,terminal_interaction_mid,0.9047752688576753,0.8854751837091073
1527689,2026,10,3,1,36.71428571428572,6.631578947368421,-4.715000000000003,4,6,terminal_interaction_mid,0.9086964427135296,0.8896178128870205
1527689,2026,10,4,1,36.71428571428572,6.642857142857143,-4.719999999999999,4,6,terminal_interaction_mid,0.9200377739339629,0.9017364583623735
1527689,2026,10,5,1,36.71428571428572,6.763636363636364,-5.725000000000023,4,6,terminal_interaction_mid,0.9112338738500949,0.8923110273343966
1527689,2026,10,6,1,36.71428571428572,6.777777777777777,-5.72999999999999,4,6,terminal_interaction_mid,0.9161301107204539,0.8975369019709063
1527689,2026,11,1,1,36.71428571428572,6.7924528301886795,-5.735000000000014,4,6,terminal_interaction_mid,0.9170412681766376,0.9042757112537911
1527689,2026,11,2,1,36.71428571428572,6.9230769230769225,-6.740000000000009,4,6,terminal_interaction_mid,0.9105134512929929,0.8974889853532467
1527689,2026,11,3,1,36.71428571428572,7.0588235294117645,-7.7450000000000045,4,6,terminal_interaction_mid,0.9017912608729262,0.8884978804296417
1527689,2026,11,4,1,36.71428571428572,6.959999999999999,-6.75,4,6,terminal_interaction_mid,0.9181462752041561,0.9054297706673686
1527689,2026,11,5,1,36.71428571428572,7.1020408163265305,-7.7549999999999955,4,6,terminal_interaction_mid,0.9104713643497002,0.8974453949482255
1527689,2026,11,6,1,36.71428571428572,7.125,-7.759999999999991,4,6,terminal_interaction_mid,0.9095182231564571,0.896458756156461
1527689,2026,12,1,1,36.71428571428572,6.76595744680851,-4.765000000000015,4,6,terminal_interaction_mid,0.9466151837674197,0.9353377570445865
1527689,2026,12,2,1,36.71428571428572,6.782608695652174,-4.77000000000001,4,6,terminal_interaction_mid,0.9479886602681995,0.9368479409269951
1527689,2026,12,3,1,36.71428571428572,6.666666666666667,-3.7750000000000057,4,6,terminal_interaction_mid,0.9520259762547627,0.9413105397521186
1527689,2026,12,4,1,36.71428571428572,6.681818181818182,-3.780000000000001,4,6,terminal_interaction_mid,0.9536765918533028,0.9431456018179104
1527689,2026,12,5,1,36.71428571428572,6.837209302325581,-4.784999999999997,4,6,terminal_interaction_mid,0.9487720523538634,0.9377110798651986
1527689,2026,12,6,1,36.71428571428572,6.857142857142857,-4.7900000000000205,4,6,terminal_interaction_mid,0.9501160730378437,0.9391949885344826
1527689,2026,13,1,1,36.71428571428572,6.878048780487804,-4.795000000000016,4,6,terminal_interaction_mid,0.9502346714949785,0.9423829399816839
1527689,2026,13,2,1,36.71428571428572,6.449999999999999,-1.8000000000000114,4,6,terminal_interaction_mid,0.9677772490938122,0.9616939969702845
1527689,2026,13,3,1,36.71428571428572,6.461538461538462,-1.8049999999999784,4,6,terminal_interaction_mid,0.9669805755690974,0.9608043601160319
1527689,2026,13,4,1,36.71428571428572,6.473684210526316,-1.8100000000000023,4,6,terminal_interaction_mid,0.9666440164078735,0.9604289437330302
1527689,2026,13,5,1,36.71428571428572,6.486486486486487,-1.8149999999999977,4,6,terminal_interaction_mid,0.9661848481582891,0.9599171545388823
1527689,2026,13,6,1,36.71428571428572,6.5,-1.8200000000000216,4,6,terminal_interaction_mid,0.9660641833410264,0.9597827358733223
1527689,2026,14,1,1,36.71428571428572,6.514285714285714,-1.8249999999999886,4,6,terminal_interaction_mid,0.9658298363786875,0.9601954101348631
1527689,2026,14,2,1,36.71428571428572,6.0,1.1699999999999875,4,6,terminal_interaction_mid,0.9784897543801628,0.9743194609121861
1527689,2026,14,3,1,36.71428571428572,6.0,1.1650000000000205,4,6,terminal_interaction_mid,0.9791520118727283,0.9750693438800879
1527689,2026,14,4,1,36.71428571428572,5.4375,4.159999999999997,4,6,terminal_interaction_mid,0.9819844545993608,0.9782919578307574
1527689,2026,14,5,1,36.71428571428572,5.419354838709677,4.155000000000001,4,6,terminal_interaction_mid,0.9817236418317336,0.9779941171239417
1527689,2026,14,6,1,36.71428571428572,5.4,4.150000000000006,4,6,terminal_interaction_mid,0.9818867045569915,0.9781803026697249
1527689,2026,14,7,1,36.71428571428572,5.379310344827586,4.14500000000001,4,6,terminal_interaction_mid,0.9828412946893359,0.9792721207342794
1527689,2026,14,8,1,36.71428571428572,5.357142857142858,4.140000000000015,4,6,terminal_interaction_mid,0.9833862639715083,0.979896905226222
1527689,2026,15,1,1,36.71428571428572,4.9655172413793105,6.14500000000001,4,6,terminal_interaction_mid,0.9884729942654442,0.9861862773830441
1527689,2026,15,2,1,36.71428571428572,4.928571428571429,6.140000000000015,4,6,terminal_interaction_mid,0.9885422239858648,0.986265509924112
1527689,2026,15,3,1,36.71428571428572,4.888888888888888,6.134999999999991,4,6,terminal_interaction_mid,0.9888664652826782,0.9866369004717949
1527689,2026,15,4,1,36.71428571428572,4.846153846153847,6.1299999999999955,4,6,terminal_interaction_mid,0.9895156983902662,0.9873820765486163
1527689,2026,15,5,1,36.71428571428572,4.5600000000000005,7.125,4,6,terminal_interaction_mid,0.990547308239819,0.9885706214272538
1527689,2026,15,6,1,36.71428571428572,4.5,7.1200000000000045,4,6,terminal_interaction_mid,0.9909424967651335,0.9890274901848043
1527690,2026,7,1,1,24.0,9.194805194805195,9.472499999999997,1,9,terminal_interaction_mid,0.7547344651463079,0.7228808651621884
1527690,2026,7,2,1,24.0,9.236842105263158,8.829999999999984,1,9,terminal_interaction_mid,0.7541148778114004,0.7223085140074914
1527690,2026,7,3,1,24.0,9.36,7.1875,1,9,terminal_interaction_mid,0.7311576577168057,0.7012665420889146
1527690,2026,7,4,1,24.0,9.405405405405405,6.545000000000016,1,9,terminal_interaction_mid,0.7173815954380041,0.6887817896362154
1527690,2026,7,5,1,24.0,9.45205479452055,5.902500000000003,1,9,terminal_interaction_mid,0.7158268235733855,0.6873788882335374
1527690,2026,7,6,1,24.0,9.5,5.260000000000005,1,9,terminal_interaction_mid,0.7165998522932608,0.6880762569136986
1527690,2026,7,7,1,24.0,9.549295774647888,4.617499999999993,1,9,terminal_interaction_mid,0.6690559978953048,0.6456825389800243
1527690,2026,7,8,1,24.0,9.514285714285714,4.9750000000000085,1,9,terminal_interaction_mid,0.6852210922744437,0.6599910944078765
1527690,2026,8,1,1,24.0,9.295774647887324,7.617499999999993,1,9,terminal_interaction_mid,0.7549213285312043,0.7288496414085389
1527690,2026,8,2,1,24.0,9.342857142857143,6.9750000000000085,1,9,terminal_interaction_mid,0.7494083927324267,0.7236898003165456
1527690,2026,8,3,1,24.0,9.391304347826088,6.332499999999996,1,9,terminal_interaction_mid,0.7444957657035687,0.7191053700271826
1527690,2026,8,4,1,24.0,9.441176470588236,5.689999999999998,1,9,terminal_interaction_mid,0.7306235093604228,0.7062252421739802
1527690,2026,8,5,1,24.0,9.223880597014926,8.047500000000014,1,9,terminal_interaction_mid,0.7796878087848264,0.7522445089178587
1527690,2026,8,6,1,24.0,9.363636363636363,-5.639999999999986,2,8,terminal_interaction_mid,0.6075141714441588,0.5950434337304112
1527690,2026,8,7,1,24.0,9.415384615384616,-6.099999999999994,2,8,terminal_interaction_mid,0.5370750104341868,0.5329113215556608
1527690,2026,9,1,1,24.0,9.415384615384616,-6.099999999999994,2,8,terminal_interaction_mid,0.5430158288502991,0.5411672152246485
1527690,2026,9,2,1,24.0,9.46875,-6.559999999999988,2,8,terminal_interaction_mid,0.5343630881782062,0.5338034066734298
1527690,2026,9,3,1,24.0,9.523809523809524,-7.019999999999996,2,8,terminal_interaction_mid,0.5339293097586247,0.5334343307230918
1527690,2026,9,4,1,24.0,9.580645161290322,-7.47999999999999,2,8,terminal_interaction_mid,0.5241994958357896,0.525157381868015
1527690,2026,9,5,1,24.0,9.639344262295083,-7.939999999999998,2,8,terminal_interaction_mid,0.5209787322462471,0.5224180293299155
1527690,2026,9,6,1,24.0,9.600000000000001,-7.400000000000006,2,8,terminal_interaction_mid,0.5413828379905988,0.5397772016322611
1527690,2026,10,1,1,24.0,9.35593220338983,-4.860000000000014,2,8,terminal_interaction_mid,0.6493706681130906,0.6414519172411199
1527690,2026,10,2,1,24.0,9.517241379310345,-16.905,3,7,terminal_interaction_mid,0.3856038275736759,0.404456203756315
1527690,2026,10,3,1,24.0,9.578947368421053,-17.182500000000005,3,7,terminal_interaction_mid,0.3733418026876238,0.3932797646276441
1527690,2026,10,4,1,24.0,9.642857142857142,-17.460000000000008,3,7,terminal_interaction_mid,0.3732667849864852,0.39321127926027255
1527690,2026,10,5,1,24.0,9.818181818181818,-18.73750000000001,3,7,terminal_interaction_mid,0.37528361569159097,0.3950520163219607
1527690,2026,10,6,1,24.0,9.333333333333334,-14.015000000000015,3,7,terminal_interaction_mid,0.4416368191182731,0.45514953800111624
1527690,2026,11,1,1,24.0,9.39622641509434,-14.292500000000018,3,7,terminal_interaction_mid,0.43378358686574375,0.449483568370866
1527690,2026,11,2,1,24.0,9.461538461538462,-14.569999999999993,3,7,terminal_interaction_mid,0.4361843435766347,0.4517017195338265
1527690,2026,11,3,1,24.0,9.529411764705882,-14.847499999999997,3,7,terminal_interaction_mid,0.43108088676366435,0.44698540761231065
1527690,2026,11,4,1,24.0,9.600000000000001,-15.124999999999972,3,7,terminal_interaction_mid,0.44117834759865715,0.4563131843813272
1527690,2026,11,5,1,24.0,9.061224489795919,-10.402499999999975,3,7,terminal_interaction_mid,0.5264171144682426,0.5346068273032396
1527690,2026,11,6,1,24.0,8.75,-7.680000000000007,3,7,terminal_interaction_mid,0.6430388424367341,0.6414167029940567
1527690,2026,12,1,1,24.0,8.936170212765957,-8.95750000000001,3,7,terminal_interaction_mid,0.5889150504103128,0.5898481195586245
1527690,2026,12,2,1,24.0,9.0,-9.235000000000014,3,7,terminal_interaction_mid,0.5830520962454383,0.5844732064746185
1527690,2026,12,3,1,24.0,9.200000000000001,-10.512500000000017,3,7,terminal_interaction_mid,0.5369598442346121,0.5422483857227266
1527690,2026,12,4,1,24.0,9.272727272727273,-10.79000000000002,3,7,terminal_interaction_mid,0.527227741686994,0.5333331499784955
1527690,2026,12,5,1,24.0,9.348837209302326,-11.067500000000024,3,7,terminal_interaction_mid,0.5161767745788395,0.5232068570741789
1527690,2026,12,6,1,24.0,9.428571428571429,-11.344999999999999,3,7,terminal_interaction_mid,0.5024886915197172,0.5106575741021119
1527690,2026,13,1,1,24.0,9.658536585365855,-12.622500000000002,3,7,terminal_interaction_mid,0.49888059831389536,0.50003133729337
1527690,2026,13,2,1,24.0,9.3,-9.900000000000006,3,7,terminal_interaction_mid,0.5616429895596377,0.5594228849992363
1527690,2026,13,3,1,24.0,9.384615384615385,-10.17749999999998,3,7,terminal_interaction_mid,0.5392340344806084,0.5382089950464293
1527690,2026,13,4,1,24.0,9.631578947368421,-11.454999999999984,3,7,terminal_interaction_mid,0.5142797509319889,0.514599026789732
1527690,2026,13,5,1,24.0,9.72972972972973,-11.732500000000016,3,7,terminal_interaction_mid,0.5111885406872791,0.5116747493677947
1527690,2026,13,6,1,24.0,9.833333333333332,-12.01000000000002,3,7,terminal_interaction_mid,0.5081420625872841,0.5087927987381134
1527690,2026,14,1,1,24.0,9.942857142857143,-12.287500000000023,3,7,terminal_interaction_mid,0.5010564752699513,0.5017559545214612
1527690,2026,14,2,1,24.0,10.058823529411764,-12.565000000000026,3,7,terminal_interaction_mid,0.4970447034844816,0.4979380337173347
1527690,2026,14,3,1,24.0,10.363636363636363,-13.842500000000001,3,7,terminal_interaction_mid,0.48111693292521773,0.48277824782573975
1527690,2026,14,4,1,24.0,9.5625,-9.120000000000005,3,7,terminal_interaction_mid,0.565918057590235,0.5635056011734014
1527690,2026,14,5,1,24.0,9.096774193548388,-6.3974999999999795,3,7,terminal_interaction_mid,0.6906501356704843,0.6829474599570433
1527690,2026,14,6,1,24.0,8.2,-1.674999999999983,3,7,terminal_interaction_mid,0.8725575031761212,0.862213889870645
1527690,2026,15,1,1,24.0,8.482758620689655,-2.9524999999999864,3,7,terminal_interaction_mid,0.8519696482519412,0.8432630753786486
1527690,2026,15,2,1,24.0,8.571428571428571,-3.2299999999999898,3,7,terminal_interaction_mid,0.8400308953083042,0.8313137310784877
1527690,2026,15,3,1,24.0,8.666666666666666,-3.507499999999993,3,7,terminal_interaction_mid,0.8373439500358207,0.8286312556727154
1527690,2026,15,4,1,24.0,8.076923076923077,-0.785000000000025,3,7,terminal_interaction_mid,0.8763452050928476,0.8678310435368046
1527690,2026,15,5,1,24.0,6.959999999999999,3.9375,3,7,terminal_interaction_mid,0.9205282115669664,0.9131028919183407
1527690,2026,15,6,1,24.0,7.25,2.6599999999999966,3,7,terminal_interaction_mid,0.8957380924746294,0.8875679653192003
1527690,2026,15,7,1,24.0,6.0,7.382499999999993,3,7,terminal_interaction_mid,0.9299553603107651,0.9229221750659106
1527691,2026,7,1,0,46.176470588235304,10.909090909090908,-43.77666666666666,3,7,terminal_interaction_mid,0.2561507430749091,0.2867777023804528
1527691,2026,7,2,0,46.176470588235304,11.052631578947368,-45.01333333333332,3,7,terminal_interaction_mid,0.2513535798402948,0.2823741026372221
1527691,2026,7,3,0,46.176470588235304,11.12,-45.25,3,7,terminal_interaction_mid,0.24771844386240036,0.2790278089466078
1527691,2026,7,4,0,46.176470588235304,11.18918918918919,-45.48666666666668,3,7,terminal_interaction_mid,0.24270060341275826,0.2743949732494248
1527691,2026,7,5,0,46.176470588235304,11.26027397260274,-45.72333333333334,3,7,terminal_interaction_mid,0.2427194265022204,0.2744123823785315
1527691,2026,7,6,0,46.176470588235304,11.416666666666666,-46.96000000000001,3,7,terminal_interaction_mid,0.24835187613893778,0.27961150222797887
1527691,2026,7,7,0,46.176470588235304,11.577464788732396,-60.74000000000001,4,6,terminal_interaction_mid,0.09049287325583269,0.12226898291166899
1527691,2026,8,1,0,46.176470588235304,11.492957746478872,-59.74000000000001,4,6,terminal_interaction_mid,0.09816021084037634,0.12510377396769262
1527691,2026,8,2,0,46.176470588235304,11.571428571428571,-59.79999999999998,4,6,terminal_interaction_mid,0.10331951111982987,0.13067878105791036
1527691,2026,8,3,0,46.176470588235304,11.652173913043478,-59.860000000000014,4,6,terminal_interaction_mid,0.10491794514935968,0.13239678258638618
1527691,2026,8,4,0,46.176470588235304,11.735294117647058,-59.920000000000016,4,6,terminal_interaction_mid,0.10891965424710212,0.136679423582195
1527691,2026,8,5,0,46.176470588235304,11.82089552238806,-59.98000000000002,4,6,terminal_interaction_mid,0.11323375999394139,0.14126793081216912
1527691,2026,8,6,0,46.176470588235304,11.90909090909091,-60.03999999999999,4,6,terminal_interaction_mid,0.10172624281871481,0.12896204559834468
1527691,2026,9,1,0,46.176470588235304,12.092307692307692,-61.10000000000002,4,6,terminal_interaction_mid,0.10767833703128896,0.1442177516378965
1527691,2026,9,2,0,46.176470588235304,12.1875,-61.16,4,6,terminal_interaction_mid,0.11201776294381742,0.14894071976768408
1527691,2026,9,3,0,46.176470588235304,12.285714285714285,-61.22,4,6,terminal_interaction_mid,0.11907669061745196,0.15654591751950997
1527691,2026,9,4,0,46.176470588235304,12.483870967741936,-62.28,4,6,terminal_interaction_mid,0.11339793890781483,0.15043511655371083
1527691,2026,9,5,0,46.176470588235304,12.098360655737704,-57.34,4,6,terminal_interaction_mid,0.20911240923026828,0.24723877099106178
1527691,2026,9,6,0,46.176470588235304,12.2,-57.39999999999998,4,6,terminal_interaction_mid,0.21808966143698302,0.2557983492980201
1527691,2026,10,1,0,46.176470588235304,12.406779661016948,-58.46000000000001,4,6,terminal_interaction_mid,0.21926209910574732,0.24848136709790541
1527691,2026,10,2,0,46.176470588235304,12.620689655172413,-59.51999999999998,4,6,terminal_interaction_mid,0.2147430522442642,0.2440622904538796
1527691,2026,10,3,0,46.176470588235304,12.736842105263158,-59.58000000000001,4,6,terminal_interaction_mid,0.21361445214890754,0.24295659267621456
1527691,2026,10,4,0,46.176470588235304,12.75,-58.639999999999986,4,6,terminal_interaction_mid,0.2181242884524633,0.24736996155718485
1527691,2026,10,5,0,46.176470588235304,12.872727272727273,-58.70000000000002,4,6,terminal_interaction_mid,0.23977937568628357,0.2683870146834838
1527691,2026,10,6,0,46.176470588235304,12.444444444444443,-53.75999999999999,4,6,terminal_interaction_mid,0.3163033113009455,0.34075635997422893
1527691,2026,10,7,0,46.176470588235304,12.566037735849058,-53.82000000000002,4,6,terminal_interaction_mid,0.31032639668268847,0.33519249562570347
1527691,2026,10,8,0,46.176470588235304,12.346153846153845,-50.879999999999995,4,6,terminal_interaction_mid,0.34836541636942076,0.37039805154482164
1527691,2026,11,1,0,46.176470588235304,12.0,-48.82000000000002,4,6,terminal_interaction_mid,0.36906267150163874,0.38930221748924493
1527691,2026,11,2,0,46.176470588235304,12.115384615384615,-48.879999999999995,4,6,terminal_interaction_mid,0.3628527419526488,0.383481767712436
1527691,2026,11,3,0,46.176470588235304,12.235294117647058,-48.94,4,6,terminal_interaction_mid,0.3602556344982263,0.3810447592414911
1527691,2026,11,4,0,46.176470588235304,12.24,-48.0,4,6,terminal_interaction_mid,0.3803597452133188,0.39986760840460134
1527691,2026,11,5,0,46.176470588235304,11.755102040816325,-43.06,4,6,terminal_interaction_mid,0.43622605681549553,0.4517402524768312
1527691,2026,11,6,0,46.176470588235304,11.75,-42.120000000000005,4,6,terminal_interaction_mid,0.44030113181706076,0.4555034209365354
1527691,2026,11,7,0,46.176470588235304,11.74468085106383,-41.18000000000001,4,6,terminal_interaction_mid,0.45619178670988536,0.470156129369524
1527691,2026,12,1,0,46.176470588235304,11.74468085106383,-41.18000000000001,4,6,terminal_interaction_mid,0.4474852424207827,0.46009867034351637
1527691,2026,12,2,0,46.176470588235304,12.0,-50.366666666666674,5,5,terminal_interaction_mid,0.2835200123259688,0.30637810556545675
1527691,2026,12,3,0,46.176470588235304,12.133333333333333,-50.25,5,5,terminal_interaction_mid,0.267119222624779,0.2905846124700688
1527691,2026,12,4,0,46.176470588235304,12.272727272727273,-50.133333333333326,5,5,terminal_interaction_mid,0.2742651881875847,0.2974787024094855
1527691,2026,12,5,0,46.176470588235304,11.720930232558139,-45.01666666666665,5,5,terminal_interaction_mid,0.38720075352320443,0.4042642394162377
1527691,2026,12,6,0,46.176470588235304,11.857142857142858,-44.89999999999998,5,5,terminal_interaction_mid,0.3724042704591622,0.3904622702041059
1527691,2026,13,1,0,46.176470588235304,12.0,-44.78333333333333,5,5,terminal_interaction_mid,0.3723428234977502,0.37997854607133746
1527691,2026,13,2,0,46.176470588235304,12.0,-43.666666666666686,5,5,terminal_interaction_mid,0.4161985355649683,0.4217054788382191
1527691,2026,13,3,0,46.176470588235304,11.692307692307692,-40.55000000000001,5,5,terminal_interaction_mid,0.4482523537032572,0.45210652589878436
1527691,2026,13,4,0,46.176470588235304,11.842105263157894,-40.43333333333334,5,5,terminal_interaction_mid,0.4358314295147837,0.4403335620015951
1527691,2026,13,5,0,46.176470588235304,12.162162162162163,-41.31666666666666,5,5,terminal_interaction_mid,0.40418618373913384,0.41029386762086506
1527691,2026,13,6,0,46.176470588235304,12.5,-42.19999999999999,5,5,terminal_interaction_mid,0.38928604902926356,0.39612139029755344
1527691,2026,14,1,0,46.176470588235304,12.685714285714287,-42.083333333333314,5,5,terminal_interaction_mid,0.3681149151312681,0.37491226334484873
1527691,2026,14,2,0,46.176470588235304,12.352941176470587,-38.96666666666667,5,5,terminal_interaction_mid,0.4200569054244643,0.4245918867061006
1527691,2026,14,3,0,46.176470588235304,12.727272727272727,-39.85000000000002,5,5,terminal_interaction_mid,0.4066714845874091,0.4118104192353575
1527691,2026,14,4,0,46.176470588235304,12.0,-34.73333333333335,5,5,terminal_interaction_mid,0.4895493316856495,0.490804480319787
1527691,2026,14,5,0,46.176470588235304,12.387096774193548,-41.093333333333334,6,4,terminal_interaction_mid,0.26991241711613706,0.2800973355061673
1527691,2026,14,6,0,46.176470588235304,12.0,-37.80000000000001,6,4,terminal_interaction_mid,0.2989456972012133,0.3082884280101863
1527691,2026,15,1,0,46.176470588235304,12.413793103448278,-38.50666666666666,6,4,terminal_interaction_mid,0.29944273334829974,0.3087741912708229
1527691,2026,15,2,0,46.176470588235304,12.857142857142858,-39.21333333333331,6,4,terminal_interaction_mid,0.2918382492401388,0.30136424803795636
1527691,2026,15,3,0,46.176470588235304,13.11111111111111,-38.920000000000016,6,4,terminal_interaction_mid,0.29108047958790073,0.30062533163720156
1527691,2026,15,4,0,46.176470588235304,13.615384615384615,-44.22,7,3,terminal_interaction_mid,0.0787063967922492,0.08731256450685358
1527691,2026,15,5,0,46.176470588235304,13.919999999999998,-43.75,7,3,terminal_interaction_mid,0.098903335706312,0.1084123124893236
1527691,2026,15,6,0,46.176470588235304,14.25,-43.28,7,3,terminal_interaction_mid,0.09157992392092748,0.10079334202134385
1527692,2026,7,1,1,-12.090909090909093,7.870129870129871,-5.289999999999992,1,9,terminal_interaction_mid,0.8204040338186669,0.7851774659468297
1527692,2026,7,2,1,-12.090909090909093,7.894736842105264,-5.52000000000001,1,9,terminal_interaction_mid,0.8174533152489092,0.7822978303565183
1527692,2026,7,3,1,-12.090909090909093,7.92,-5.75,1,9,terminal_interaction_mid,0.8079521216376221,0.773083629556108
1527692,2026,7,4,1,-12.090909090909093,7.945945945945946,-5.97999999999999,1,9,terminal_interaction_mid,0.8071061990776021,0.7722674192805927
1527692,2026,7,5,1,-12.090909090909093,7.972602739726027,-6.210000000000008,1,9,terminal_interaction_mid,0.7979333350417341,0.7634584043892747
1527692,2026,7,6,1,-12.090909090909093,8.0,-6.439999999999998,1,9,terminal_interaction_mid,0.8003429943028113,0.7657652288201514
1527692,2026,8,1,1,-12.090909090909093,7.774647887323944,-3.6700000000000017,1,9,terminal_interaction_mid,0.8391550192852114,0.8101872578633155
1527692,2026,8,2,1,-12.090909090909093,7.800000000000001,-3.8999999999999915,1,9,terminal_interaction_mid,0.8407683907365687,0.8118017972145596
1527692,2026,8,3,1,-12.090909090909093,7.565217391304348,-1.1300000000000097,1,9,terminal_interaction_mid,0.8587002940047446,0.8299306795849593
1527692,2026,8,4,1,-12.090909090909093,7.6764705882352935,-2.3599999999999994,1,9,terminal_interaction_mid,0.8518045404598171,0.8229178395379398
1527692,2026,8,5,1,-12.090909090909093,7.791044776119403,-3.589999999999989,1,9,terminal_interaction_mid,0.8466633165504877,0.817723472203116
1527692,2026,8,6,1,-12.090909090909093,7.909090909090908,-4.819999999999979,1,9,terminal_interaction_mid,0.8345048045591622,0.8055480061416925
1527692,2026,9,1,1,-12.090909090909093,8.03076923076923,-6.049999999999997,1,9,terminal_interaction_mid,0.8188409629198379,0.786107900243017
1527692,2026,9,2,1,-12.090909090909093,8.0625,-6.280000000000001,1,9,terminal_interaction_mid,0.8091009966839846,0.7767612447493734
1527692,2026,9,3,1,-12.090909090909093,8.0,-5.509999999999991,1,9,terminal_interaction_mid,0.829398329126849,0.7963443329191858
1527692,2026,9,4,1,-12.090909090909093,8.129032258064516,-6.739999999999981,1,9,terminal_interaction_mid,0.8117139229399735,0.7792599077579622
1527692,2026,9,5,1,-12.090909090909093,8.163934426229508,-6.969999999999999,1,9,terminal_interaction_mid,0.8122581812344579,0.7797811596545405
1527692,2026,9,6,1,-12.090909090909093,7.9,-4.200000000000003,1,9,terminal_interaction_mid,0.8552033925917453,0.8218870147268474
1527692,2026,9,7,1,-12.090909090909093,8.033898305084746,-5.429999999999993,1,9,terminal_interaction_mid,0.8307693279345254,0.7976821593743978
1527692,2026,10,1,1,-12.090909090909093,8.033898305084746,-5.429999999999993,1,9,terminal_interaction_mid,0.8367003323445189,0.8164593558310306
1527692,2026,10,2,1,-12.090909090909093,8.068965517241379,-5.659999999999997,1,9,terminal_interaction_mid,0.833045258429056,0.8128761689430646
1527692,2026,10,3,1,-12.090909090909093,8.210526315789474,-6.890000000000001,1,9,terminal_interaction_mid,0.8154523553178754,0.7957638326049178
1527692,2026,10,4,1,-12.090909090909093,8.142857142857142,-6.11999999999999,1,9,terminal_interaction_mid,0.8235457744405048,0.8036094301503036
1527692,2026,10,5,1,-12.090909090909093,7.8545454545454545,-3.3500000000000085,1,9,terminal_interaction_mid,0.8644577167415773,0.8440289511967167
1527692,2026,10,6,1,-12.090909090909093,7.888888888888889,-3.5799999999999983,1,9,terminal_interaction_mid,0.860098579983783,0.8396541541980813
1527692,2026,11,1,1,-12.090909090909093,7.924528301886792,-3.8100000000000023,1,9,terminal_interaction_mid,0.859925084427837,0.8463397005000669
1527692,2026,11,2,1,-12.090909090909093,7.961538461538462,-4.039999999999992,1,9,terminal_interaction_mid,0.8599305282786939,0.8463450917657054
1527692,2026,11,3,1,-12.090909090909093,7.882352941176471,-3.269999999999996,1,9,terminal_interaction_mid,0.8735892208385816,0.859939395666943
1527692,2026,11,4,1,-12.090909090909093,7.5600000000000005,-0.5,1,9,terminal_interaction_mid,0.9188066873312943,0.9061202476778271
1527692,2026,11,5,1,-12.090909090909093,7.224489795918368,2.269999999999996,1,9,terminal_interaction_mid,0.9523319282803075,0.9420535648889943
1527692,2026,11,6,1,-12.090909090909093,6.875,5.0400000000000205,1,9,terminal_interaction_mid,0.9801679976431459,0.9739003132006155
1527692,2026,12,1,1,-12.090909090909093,7.0212765957446805,3.8100000000000023,1,9,terminal_interaction_mid,0.9713022030782203,0.9632036688298887
1527692,2026,12,2,1,-12.090909090909093,7.043478260869566,3.5799999999999983,1,9,terminal_interaction_mid,0.9694254222726219,0.9610208101608236
1527692,2026,12,3,1,-12.090909090909093,7.066666666666666,3.3500000000000085,1,9,terminal_interaction_mid,0.9673663798371712,0.9586406657349043
1527692,2026,12,4,1,-12.090909090909093,6.681818181818182,6.11999999999999,1,9,terminal_interaction_mid,0.9863620137022346,0.9813226279322288
1527692,2026,12,5,1,-12.090909090909093,6.697674418604651,5.890000000000001,1,9,terminal_interaction_mid,0.9863103077025706,0.9812579990885254
1527692,2026,12,6,1,-12.090909090909093,6.571428571428572,6.659999999999997,1,9,terminal_interaction_mid,0.9881292412626101,0.9835455214562459
1527692,2026,12,7,1,-12.090909090909093,6.439024390243903,7.429999999999993,1,9,terminal_interaction_mid,0.9893315000638296,0.98507467363438
1527692,2026,13,1,1,-12.090909090909093,6.439024390243903,7.429999999999993,1,9,terminal_interaction_mid,0.9894449497012656,0.9866114787531003
1527692,2026,13,2,1,-12.090909090909093,6.6000000000000005,6.200000000000003,1,9,terminal_interaction_mid,0.988551550913594,0.9855450610922175
1527692,2026,13,3,1,-12.090909090909093,6.615384615384616,5.969999999999999,1,9,terminal_interaction_mid,0.9884845114073287,0.9854652413046188
1527692,2026,13,4,1,-12.090909090909093,6.631578947368421,5.739999999999981,1,9,terminal_interaction_mid,0.988496620831661,0.9854796572090082
1527692,2026,13,5,1,-12.090909090909093,6.162162162162161,8.51000000000002,1,9,terminal_interaction_mid,0.9921437437637403,0.9898674166040646
1527692,2026,13,6,1,-12.090909090909093,6.166666666666666,8.280000000000001,1,9,terminal_interaction_mid,0.9918400851161807,0.9894981663690727
1527692,2026,14,1,1,-12.090909090909093,6.342857142857143,7.049999999999997,1,9,terminal_interaction_mid,0.990369929275166,0.9880179865885403
1527692,2026,14,2,1,-12.090909090909093,6.529411764705882,5.820000000000007,1,9,terminal_interaction_mid,0.9893494686012176,0.9868157594745028
1527692,2026,14,3,1,-12.090909090909093,6.727272727272727,4.590000000000003,1,9,terminal_interaction_mid,0.980513162490946,0.9766147745676141
1527692,2026,14,4,1,-12.090909090909093,6.75,4.359999999999999,1,9,terminal_interaction_mid,0.9802662653892609,0.9763340215294947
1527692,2026,14,5,1,-12.090909090909093,6.967741935483872,-1.106666666666655,2,8,terminal_interaction_mid,0.9626177530200427,0.9566645936294276
1527692,2026,14,6,1,-12.090909090909093,7.0,-1.200000000000017,2,8,terminal_interaction_mid,0.9594492718650319,0.9531989926875573
1527692,2026,15,1,1,-12.090909090909093,7.241379310344827,-2.2933333333333223,2,8,terminal_interaction_mid,0.9501842594079557,0.9442498183805585
1527692,2026,15,2,1,-12.090909090909093,7.285714285714285,-2.386666666666656,2,8,terminal_interaction_mid,0.9463434227681657,0.9401695791518795
1527692,2026,15,3,1,-12.090909090909093,6.666666666666667,0.5200000000000102,2,8,terminal_interaction_mid,0.9731901051630678,0.9690934837872535
1527692,2026,15,4,1,-12.090909090909093,6.9230769230769225,-4.126666666666665,3,7,terminal_interaction_mid,0.9480790417207392,0.9420114027533518
1527692,2026,15,5,1,-12.090909090909093,6.959999999999999,-4.083333333333314,3,7,terminal_interaction_mid,0.9406217282309952,0.934119584372321
1527692,2026,15,6,1,-12.090909090909093,7.25,-5.039999999999992,3,7,terminal_interaction_mid,0.9253273956267732,0.9180932790910882
1527693,2026,7,1,0,62.358490566037744,13.168831168831169,-44.79999999999998,2,8,terminal_interaction_mid,0.040185756832324865,0.06237687480780776
1527693,2026,7,2,0,62.358490566037744,13.342105263157896,-46.39999999999999,2,8,terminal_interaction_mid,0.04378511482784363,0.06700038095437219
1527693,2026,7,3,0,62.358490566037744,13.440000000000001,-47.0,2,8,terminal_interaction_mid,0.04055235768327002,0.06285109758326539
1527693,2026,7,4,0,62.358490566037744,13.54054054054054,-47.59999999999998,2,8,terminal_interaction_mid,0.038630473817509656,0.06035627128879366
1527693,2026,7,5,0,62.358490566037744,13.726027397260273,-63.80000000000001,3,7,terminal_interaction_mid,0.015918610155434807,0.028689878466102065
1527693,2026,7,6,0,62.358490566037744,13.416666666666668,-59.20000000000002,3,7,terminal_interaction_mid,0.022630684916917877,0.03857250260431399
1527693,2026,8,1,0,62.358490566037744,13.43661971830986,-58.60000000000002,3,7,terminal_interaction_mid,0.023364010888472925,0.03645217882858779
1527693,2026,8,2,0,62.358490566037744,13.542857142857143,-59.0,3,7,terminal_interaction_mid,0.023205877255910307,0.03623845354467703
1527693,2026,8,3,0,62.358490566037744,13.652173913043477,-59.400000000000006,3,7,terminal_interaction_mid,0.022402287369767456,0.03514911315862463
1527693,2026,8,4,0,62.358490566037744,13.852941176470587,-60.80000000000001,3,7,terminal_interaction_mid,0.0221560445161974,0.03481420068116534
1527693,2026,8,5,0,62.358490566037744,13.970149253731343,-61.19999999999999,3,7,terminal_interaction_mid,0.023309999049301044,0.03637920252547066
1527693,2026,8,6,0,62.358490566037744,14.181818181818183,-62.599999999999994,3,7,terminal_interaction_mid,0.020151541419967754,0.0320675906125034
1527693,2026,9,1,0,62.358490566037744,14.03076923076923,-60.0,3,7,terminal_interaction_mid,0.026682295977957037,0.045586629967039924
1527693,2026,9,2,0,62.358490566037744,13.875,-57.400000000000006,3,7,terminal_interaction_mid,0.030704541760811322,0.0512460962854676
1527693,2026,9,3,0,62.358490566037744,14.095238095238095,-58.80000000000001,3,7,terminal_interaction_mid,0.028825124846864652,0.04861938274463281
1527693,2026,9,4,0,62.358490566037744,14.225806451612904,-59.19999999999999,3,7,terminal_interaction_mid,0.02777367496163379,0.047136496332467935
1527693,2026,9,5,0,62.358490566037744,14.065573770491804,-56.60000000000002,3,7,terminal_interaction_mid,0.03497060244999074,0.0571040130553413
1527693,2026,9,6,0,62.358490566037744,14.2,-57.0,3,7,terminal_interaction_mid,0.03262159206063166,0.0538956502887886
1527693,2026,10,1,0,62.358490566037744,14.033898305084746,-54.400000000000006,3,7,terminal_interaction_mid,0.03940004408431815,0.05578966294169818
1527693,2026,10,2,0,62.358490566037744,14.275862068965518,-55.79999999999998,3,7,terminal_interaction_mid,0.03747060399181634,0.053378051354249834
1527693,2026,10,3,0,62.358490566037744,14.105263157894738,-53.19999999999999,3,7,terminal_interaction_mid,0.04532261492730036,0.0630989334547462
1527693,2026,10,4,0,62.358490566037744,14.357142857142858,-54.599999999999994,3,7,terminal_interaction_mid,0.04042434562196187,0.057063616401859286
1527693,2026,10,5,0,62.358490566037744,14.509090909090908,-55.0,3,7,terminal_interaction_mid,0.0396055335577165,0.05604558132967653
1527693,2026,10,6,0,62.358490566037744,14.777777777777777,-56.400000000000006,3,7,terminal_interaction_mid,0.034834059418451406,0.05005617454583579
1527693,2026,11,1,0,62.358490566037744,14.60377358490566,-53.80000000000001,3,7,terminal_interaction_mid,0.04024146303959557,0.053770630790780906
1527693,2026,11,2,0,62.358490566037744,14.884615384615385,-55.19999999999999,3,7,terminal_interaction_mid,0.036623247816670035,0.04937715069919843
1527693,2026,11,3,0,62.358490566037744,15.058823529411764,-55.599999999999994,3,7,terminal_interaction_mid,0.033235943407210665,0.045223015801588884
1527693,2026,11,4,0,62.358490566037744,15.120000000000001,-54.99999999999997,3,7,terminal_interaction_mid,0.035933323576230414,0.048534382248430395
1527693,2026,11,5,0,62.358490566037744,15.42857142857143,-56.39999999999998,3,7,terminal_interaction_mid,0.03227721765117503,0.04403949972815061
1527693,2026,11,6,0,62.358490566037744,15.25,-53.79999999999998,3,7,terminal_interaction_mid,0.039869615262016024,0.05332107790199359
1527693,2026,12,1,0,62.358490566037744,15.446808510638297,-54.19999999999999,3,7,terminal_interaction_mid,0.03239617955343999,0.04380818658555878
1527693,2026,12,2,0,62.358490566037744,15.652173913043478,-54.599999999999994,3,7,terminal_interaction_mid,0.029320450668405842,0.04001827863022539
1527693,2026,12,3,0,62.358490566037744,16.0,-65.0,4,6,terminal_interaction_mid,0.011879298233794048,0.01758629370612897
1527693,2026,12,4,0,62.358490566037744,16.227272727272727,-65.20000000000002,4,6,terminal_interaction_mid,0.01252285108065835,0.018453267685774506
1527693,2026,12,5,0,62.358490566037744,16.46511627906977,-65.4,4,6,terminal_interaction_mid,0.01224576331258473,0.018080500473975043
1527693,2026,12,6,0,62.358490566037744,16.857142857142854,-66.60000000000002,4,6,terminal_interaction_mid,0.010120592380229125,0.015194133209144135
1527693,2026,12,7,0,62.358490566037744,17.121951219512194,-66.80000000000001,4,6,terminal_interaction_mid,0.009154721283497792,0.013864526045852074
1527693,2026,13,1,0,62.358490566037744,16.975609756097562,-65.80000000000001,4,6,terminal_interaction_mid,0.01008583503790661,0.012937247122414081
1527693,2026,13,2,0,62.358490566037744,16.799999999999997,-63.0,4,6,terminal_interaction_mid,0.01249424404813376,0.015832395521676906
1527693,2026,13,3,0,62.358490566037744,17.076923076923077,-63.19999999999999,4,6,terminal_interaction_mid,0.011517901281761358,0.014663124965696233
1527693,2026,13,4,0,62.358490566037744,16.57894736842105,-58.400000000000006,4,6,terminal_interaction_mid,0.01569062605979668,0.01962428438809873
1527693,2026,13,5,0,62.358490566037744,16.864864864864867,-58.599999999999994,4,6,terminal_interaction_mid,0.01430129538775697,0.017982453795181024
1527693,2026,13,6,0,62.358490566037744,17.166666666666668,-58.80000000000001,4,6,terminal_interaction_mid,0.01345817400033243,0.016981456940681264
1527693,2026,14,1,0,62.358490566037744,17.485714285714284,-59.0,4,6,terminal_interaction_mid,0.012462911897441628,0.015395594944531377
1527693,2026,14,2,0,62.358490566037744,17.647058823529413,-58.20000000000002,4,6,terminal_interaction_mid,0.013366906306509033,0.016453186562954122
1527693,2026,14,3,0,62.358490566037744,17.454545454545453,-55.39999999999998,4,6,terminal_interaction_mid,0.017012269463662993,0.020681363833253714
1527693,2026,14,4,0,62.358490566037744,18.0,-56.599999999999994,4,6,terminal_interaction_mid,0.01466155253943756,0.01796119417345915
1527693,2026,14,5,0,62.358490566037744,18.58064516129032,-64.0,5,5,terminal_interaction_mid,0.006158925653369786,0.007883978158772198
1527693,2026,14,6,0,62.358490566037744,19.0,-64.0,5,5,terminal_interaction_mid,0.0059146128750903965,0.0075865589462078215
1527693,2026,14,7,0,62.358490566037744,19.448275862068964,-64.0,5,5,terminal_interaction_mid,0.005278951787320159,0.0068097007577982835
1527693,2026,15,1,0,62.358490566037744,18.206896551724135,-58.0,5,5,terminal_interaction_mid,0.009908816804957876,0.012137481662102469
1527693,2026,15,2,0,62.358490566037744,18.642857142857142,-58.0,5,5,terminal_interaction_mid,0.00808092773524332,0.009989484103802702
1527693,2026,15,3,0,62.358490566037744,19.333333333333336,-64.4,6,4,terminal_interaction_mid,0.0031322363814439,0.004037616351094713
1527693,2026,15,4,0,62.358490566037744,19.846153846153847,-64.19999999999999,6,4,terminal_interaction_mid,0.002729704796788719,0.003539953827866282
1527693,2026,15,5,0,62.358490566037744,20.64,-65.0,6,4,terminal_interaction_mid,0.0024537147330153217,0.0031968771989792505
1527693,2026,15,6,0,62.358490566037744,21.25,-64.79999999999998,6,4,terminal_interaction_mid,0.002246527989027314,0.0029382133018918248
1527693,2026,15,7,0,62.358490566037744,21.913043478260867,-64.6,6,4,terminal_interaction_mid,0.0021910689472430843,0.0028688000164695526
1529264,2026,7,1,0,25.42105263157896,12.857142857142858,-94.70000000000002,5,5,terminal_interaction_mid,0.028176659242363414,0.046358590132894464
1529264,2026,7,2,0,25.42105263157896,12.868421052631579,-93.6,5,5,terminal_interaction_mid,0.029993448030999455,0.048849209442511234
1529264,2026,7,3,0,25.42105263157896,13.04,-94.5,5,5,terminal_interaction_mid,0.026433518614444176,0.04394254042344044
1529264,2026,7,4,0,25.42105263157896,13.135135135135133,-94.4,5,5,terminal_interaction_mid,0.025783915421123068,0.04303518379456302
1529264,2026,7,5,0,25.42105263157896,13.315068493150685,-95.29999999999998,5,5,terminal_interaction_mid,0.019457153012707326,0.033972265362355515
1529264,2026,7,6,0,25.42105263157896,13.333333333333334,-94.19999999999999,5,5,terminal_interaction_mid,0.020272097721341593,0.035164973853942114
1529264,2026,7,7,0,25.42105263157896,13.43661971830986,-94.1,5,5,terminal_interaction_mid,0.019334607886947037,0.03379219329256963
1529264,2026,8,1,0,25.42105263157896,13.43661971830986,-94.1,5,5,terminal_interaction_mid,0.019471861613120273,0.03112765415705999
1529264,2026,8,2,0,25.42105263157896,13.542857142857143,-93.99999999999997,5,5,terminal_interaction_mid,0.018576896645652763,0.029882903519975378
1529264,2026,8,3,0,25.42105263157896,13.73913043478261,-94.9,5,5,terminal_interaction_mid,0.016070206832909082,0.026350072459198345
1529264,2026,8,4,0,25.42105263157896,13.852941176470587,-94.80000000000001,5,5,terminal_interaction_mid,0.015397577752314092,0.025389440084273702
1529264,2026,8,5,0,25.42105263157896,13.970149253731343,-94.69999999999999,5,5,terminal_interaction_mid,0.014258504205788065,0.02374921600148968
1529264,2026,8,6,0,25.42105263157896,14.090909090909092,-94.6,5,5,terminal_interaction_mid,0.015144609240059517,0.025026664736396562
1529264,2026,9,1,0,25.42105263157896,14.215384615384615,-94.50000000000003,5,5,terminal_interaction_mid,0.015339218667353731,0.028684736386978674
1529264,2026,9,2,0,25.42105263157896,14.34375,-94.4,5,5,terminal_interaction_mid,0.014451782138285726,0.027285081980513968
1529264,2026,9,3,0,25.42105263157896,14.476190476190474,-94.30000000000001,5,5,terminal_interaction_mid,0.013257766757023268,0.025378621344706094
1529264,2026,9,4,0,25.42105263157896,14.70967741935484,-95.20000000000002,5,5,terminal_interaction_mid,0.013478709331459286,0.025733507753408952
1529264,2026,9,5,0,25.42105263157896,14.852459016393443,-95.1,5,5,terminal_interaction_mid,0.013505555291988358,0.025776561761589534
1529264,2026,9,6,0,25.42105263157896,14.9,-94.0,5,5,terminal_interaction_mid,0.01362505510594761,0.02596803429917605
1529264,2026,9,7,0,25.42105263157896,15.050847457627118,-93.9,5,5,terminal_interaction_mid,0.01179672761300998,0.023005862216788308
1529264,2026,9,8,0,25.42105263157896,15.206896551724137,-93.79999999999998,5,5,terminal_interaction_mid,0.011009952443885722,0.021708000255935167
1529264,2026,10,1,0,25.42105263157896,14.949152542372882,-92.9,5,5,terminal_interaction_mid,0.012330123773575804,0.019966989920035618
1529264,2026,10,2,0,25.42105263157896,14.586206896551722,-87.79999999999998,5,5,terminal_interaction_mid,0.01553070260029591,0.02450584405248286
1529264,2026,10,3,0,25.42105263157896,14.736842105263158,-87.69999999999999,5,5,terminal_interaction_mid,0.014701272445844658,0.023341266671046912
1529264,2026,10,4,0,25.42105263157896,14.892857142857142,-87.6,5,5,terminal_interaction_mid,0.015569739984253681,0.024560469313771302
1529264,2026,10,5,0,25.42105263157896,14.727272727272727,-84.5,5,5,terminal_interaction_mid,0.018505717880882927,0.028624628189995064
1529264,2026,10,6,0,25.42105263157896,14.88888888888889,-84.4,5,5,terminal_interaction_mid,0.01703820922228274,0.026603774043150664
1529264,2026,11,1,0,25.42105263157896,15.169811320754716,-85.30000000000001,5,5,terminal_interaction_mid,0.01619886442641304,0.023542339854686737
1529264,2026,11,2,0,25.42105263157896,15.0,-82.19999999999999,5,5,terminal_interaction_mid,0.02520055387702874,0.035184410070426025
1529264,2026,11,3,0,25.42105263157896,14.823529411764707,-79.1,5,5,terminal_interaction_mid,0.03301495657078948,0.0449505285928688
1529264,2026,11,4,0,25.42105263157896,14.399999999999999,-74.0,5,5,terminal_interaction_mid,0.07024370638181876,0.08885969447176682
1529264,2026,11,5,0,25.42105263157896,14.693877551020408,-74.9,5,5,terminal_interaction_mid,0.0645296347714259,0.0823312795282146
1529264,2026,11,6,0,25.42105263157896,15.0,-75.80000000000001,5,5,terminal_interaction_mid,0.05808339663296631,0.0748879008355627
1529264,2026,12,1,0,25.42105263157896,15.063829787234042,-74.70000000000002,5,5,terminal_interaction_mid,0.08187199021369983,0.10116688959990501
1529264,2026,12,2,0,25.42105263157896,14.869565217391305,-71.6,5,5,terminal_interaction_mid,0.09850048671197896,0.11942348891259769
1529264,2026,12,3,0,25.42105263157896,15.066666666666666,-71.5,5,5,terminal_interaction_mid,0.09808959620373181,0.11897690468266411
1529264,2026,12,4,0,25.42105263157896,15.40909090909091,-72.4,5,5,terminal_interaction_mid,0.0721700406984101,0.09032278454924492
1529264,2026,12,5,0,25.42105263157896,15.209302325581396,-69.29999999999998,5,5,terminal_interaction_mid,0.08502857779347596,0.10466291779766974
1529264,2026,12,6,0,25.42105263157896,15.42857142857143,-69.19999999999999,5,5,terminal_interaction_mid,0.08222819136354471,0.1015621524255084
1529264,2026,13,1,0,25.42105263157896,15.658536585365855,-69.1,5,5,terminal_interaction_mid,0.07391265289404181,0.08414631742397631
1529264,2026,13,2,0,25.42105263157896,15.899999999999999,-69.0,5,5,terminal_interaction_mid,0.07545420351204501,0.08578705338898855
1529264,2026,13,3,0,25.42105263157896,16.153846153846153,-68.9,5,5,terminal_interaction_mid,0.06571992690624712,0.07538465908079821
1529264,2026,13,4,0,25.42105263157896,16.263157894736842,-67.80000000000001,5,5,terminal_interaction_mid,0.0784201957068022,0.08893725888971338
1529264,2026,13,5,0,25.42105263157896,16.54054054054054,-67.69999999999999,5,5,terminal_interaction_mid,0.0613856453600293,0.07071898376926505
1529264,2026,13,6,0,25.42105263157896,16.333333333333336,-64.6,5,5,terminal_interaction_mid,0.08478321207259519,0.09566736621642523
1529264,2026,13,7,0,25.42105263157896,16.628571428571426,-64.5,5,5,terminal_interaction_mid,0.0539520915201054,0.06266286776055058
1529264,2026,14,1,0,25.42105263157896,16.457142857142856,-63.5,5,5,terminal_interaction_mid,0.05722461775082682,0.06516519084801722
1529264,2026,14,2,0,25.42105263157896,16.941176470588236,-64.4,5,5,terminal_interaction_mid,0.02930570919890986,0.03462031863969782
1529264,2026,14,3,0,25.42105263157896,17.454545454545453,-65.30000000000001,5,5,terminal_interaction_mid,0.027326129802181607,0.03240255833853406
1529264,2026,14,4,0,25.42105263157896,17.25,-62.20000000000002,5,5,terminal_interaction_mid,0.02909542288107977,0.034385147551490414
1529264,2026,14,5,0,25.42105263157896,17.41935483870968,-61.099999999999994,5,5,terminal_interaction_mid,0.030474459958566704,0.03592563320171406
1529264,2026,14,6,0,25.42105263157896,18.0,-67.4,6,4,terminal_interaction_mid,0.03819166915084765,0.04447678581436009
1529264,2026,15,1,0,25.42105263157896,18.413793103448278,-67.12,6,4,terminal_interaction_mid,0.038687785448191,0.04447493525575035
1529264,2026,15,2,0,25.42105263157896,18.857142857142858,-66.84,6,4,terminal_interaction_mid,0.036465447749137854,0.04204071721421655
1529264,2026,15,3,0,25.42105263157896,19.555555555555554,-72.41999999999999,7,3,terminal_interaction_mid,0.021358287508014318,0.025257785728814486
1529264,2026,15,4,0,25.42105263157896,20.307692307692307,-72.96000000000001,7,3,terminal_interaction_mid,0.020217124739253935,0.023969569089900833
1529264,2026,15,5,0,25.42105263157896,20.64,-71.5,7,3,terminal_interaction_mid,0.02020297478896732,0.023953573574955762
1529264,2026,15,6,0,25.42105263157896,20.0,-66.03999999999999,7,3,terminal_interaction_mid,0.027766627846313122,0.032432946326212214
1529265,2026,7,1,0,24.85714285714286,11.376623376623376,-46.43999999999998,2,8,terminal_interaction_mid,0.12264933733419459,0.15699197326498399
1529265,2026,7,2,0,24.85714285714286,11.447368421052632,-46.72,2,8,terminal_interaction_mid,0.11884799649572875,0.15298820166392363
1529265,2026,7,3,0,24.85714285714286,11.12,-42.0,2,8,terminal_interaction_mid,0.15981804726848703,0.19500374409754184
1529265,2026,7,4,0,24.85714285714286,11.108108108108109,-41.27999999999999,2,8,terminal_interaction_mid,0.16721107071638058,0.20235118966844118
1529265,2026,7,5,0,24.85714285714286,11.17808219178082,-41.56000000000002,2,8,terminal_interaction_mid,0.16059833310074478,0.19578221332635068
1529265,2026,7,6,0,24.85714285714286,11.25,-41.84,2,8,terminal_interaction_mid,0.15178968120010808,0.18695128789612925
1529265,2026,8,1,0,24.85714285714286,11.32394366197183,-42.11999999999999,2,8,terminal_interaction_mid,0.15064907462193936,0.1799911687760346
1529265,2026,8,2,0,24.85714285714286,10.971428571428572,-37.39999999999998,2,8,terminal_interaction_mid,0.20642351772268805,0.23498589216571825
1529265,2026,8,3,0,24.85714285714286,11.130434782608695,-38.68000000000001,2,8,terminal_interaction_mid,0.20426618726377102,0.2329065075766729
1529265,2026,8,4,0,24.85714285714286,10.764705882352942,-33.959999999999994,2,8,terminal_interaction_mid,0.25493392072350496,0.2809469683597714
1529265,2026,8,5,0,24.85714285714286,10.835820895522389,-34.23999999999998,2,8,terminal_interaction_mid,0.25697637883997415,0.28285231847756653
1529265,2026,8,6,0,24.85714285714286,10.636363636363637,-31.519999999999982,2,8,terminal_interaction_mid,0.30547443678479125,0.32752624559244614
1529265,2026,8,7,0,24.85714285714286,10.707692307692309,-31.799999999999997,2,8,terminal_interaction_mid,0.31229865020838643,0.33373524200225285
1529265,2026,9,1,0,24.85714285714286,10.615384615384615,-30.799999999999997,2,8,terminal_interaction_mid,0.3192653038506096,0.348459259463662
1529265,2026,9,2,0,24.85714285714286,10.6875,-31.079999999999984,2,8,terminal_interaction_mid,0.31635456001257856,0.34587070869660724
1529265,2026,9,3,0,24.85714285714286,10.857142857142858,-42.44000000000001,3,7,terminal_interaction_mid,0.169616368434742,0.20867451122293837
1529265,2026,9,4,0,24.85714285714286,11.032258064516128,-43.56,3,7,terminal_interaction_mid,0.18853998820220505,0.2273489954006482
1529265,2026,9,5,0,24.85714285714286,11.114754098360656,-43.68000000000002,3,7,terminal_interaction_mid,0.18788150102581555,0.22670558599658747
1529265,2026,9,6,0,24.85714285714286,11.2,-43.80000000000001,3,7,terminal_interaction_mid,0.1944658972020643,0.2331196562754774
1529265,2026,10,1,0,24.85714285714286,11.288135593220339,-43.920000000000016,3,7,terminal_interaction_mid,0.18788729942217425,0.21751223681617116
1529265,2026,10,2,0,24.85714285714286,11.379310344827587,-44.03999999999999,3,7,terminal_interaction_mid,0.17001943424304353,0.1995432195953426
1529265,2026,10,3,0,24.85714285714286,11.473684210526315,-44.16,3,7,terminal_interaction_mid,0.17106994103701154,0.20060708651560566
1529265,2026,10,4,0,24.85714285714286,11.571428571428571,-44.28,3,7,terminal_interaction_mid,0.16343490699845115,0.19285262694198899
1529265,2026,10,5,0,24.85714285714286,11.781818181818181,-54.20000000000002,4,6,terminal_interaction_mid,0.09270252818276553,0.11797187906324391
1529265,2026,10,6,0,24.85714285714286,12.0,-63.80000000000001,5,5,terminal_interaction_mid,0.040242507627406034,0.05683777180657977
1529265,2026,11,1,0,24.85714285714286,12.113207547169813,-63.599999999999994,5,5,terminal_interaction_mid,0.037482697538502495,0.050424699812464245
1529265,2026,11,2,0,24.85714285714286,12.23076923076923,-63.400000000000006,5,5,terminal_interaction_mid,0.03831094367334398,0.05143185054882415
1529265,2026,11,3,0,24.85714285714286,12.352941176470587,-63.19999999999999,5,5,terminal_interaction_mid,0.04110571556636413,0.05481380689923114
1529265,2026,11,4,0,24.85714285714286,12.600000000000001,-64.0,5,5,terminal_interaction_mid,0.0362132809397661,0.048876561302776365
1529265,2026,11,5,0,24.85714285714286,12.73469387755102,-63.80000000000001,5,5,terminal_interaction_mid,0.0345642085103961,0.04685695490777306
1529265,2026,11,6,0,24.85714285714286,12.875,-63.60000000000002,5,5,terminal_interaction_mid,0.036394913151329034,0.04909841520429561
1529265,2026,12,1,0,24.85714285714286,13.148936170212766,-64.4,5,5,terminal_interaction_mid,0.029678919959641677,0.04046196981209494
1529265,2026,12,2,0,24.85714285714286,13.434782608695652,-65.19999999999999,5,5,terminal_interaction_mid,0.026106453861756782,0.036015066045721834
1529265,2026,12,3,0,24.85714285714286,13.733333333333333,-66.0,5,5,terminal_interaction_mid,0.02273953216048832,0.031768532658374336
1529265,2026,12,4,0,24.85714285714286,14.045454545454545,-66.80000000000001,5,5,terminal_interaction_mid,0.020924457494700288,0.02945417058328567
1529265,2026,12,5,0,24.85714285714286,14.372093023255813,-74.48000000000002,6,4,terminal_interaction_mid,0.007367016577056222,0.011368746598493242
1529265,2026,12,6,0,24.85714285714286,14.57142857142857,-74.12,6,4,terminal_interaction_mid,0.008537833615886605,0.013008733467348798
1529265,2026,13,1,0,24.85714285714286,14.926829268292682,-74.75999999999999,6,4,terminal_interaction_mid,0.00782813989880191,0.010185921229909321
1529265,2026,13,2,0,24.85714285714286,15.149999999999999,-74.4,6,4,terminal_interaction_mid,0.007444809628954395,0.009714491899605753
1529265,2026,13,3,0,24.85714285714286,15.384615384615387,-74.03999999999999,6,4,terminal_interaction_mid,0.0071682966414293205,0.009373559467658553
1529265,2026,13,4,0,24.85714285714286,15.631578947368421,-73.68,6,4,terminal_interaction_mid,0.006652139702973146,0.008735093557840334
1529265,2026,13,5,0,24.85714285714286,15.08108108108108,-68.32,6,4,terminal_interaction_mid,0.01112171183179449,0.014186991981577312
1529265,2026,13,6,0,24.85714285714286,15.5,-68.96000000000001,6,4,terminal_interaction_mid,0.009637148126687745,0.012393614514350386
1529265,2026,14,1,0,24.85714285714286,15.771428571428572,-68.6,6,4,terminal_interaction_mid,0.008758050616273522,0.011014599595272083
1529265,2026,14,2,0,24.85714285714286,16.058823529411764,-68.24000000000001,6,4,terminal_interaction_mid,0.00809598846970935,0.010222393700102144
1529265,2026,14,3,0,24.85714285714286,16.363636363636363,-67.88,6,4,terminal_interaction_mid,0.007508438222009773,0.009516524770969734
1529265,2026,14,4,0,24.85714285714286,16.6875,-67.51999999999998,6,4,terminal_interaction_mid,0.0062167676712095304,0.007954303847965341
1529265,2026,14,5,0,24.85714285714286,17.032258064516128,-67.16,6,4,terminal_interaction_mid,0.006226582840825513,0.007966234020263627
1529265,2026,14,6,0,24.85714285714286,17.2,-65.80000000000001,6,4,terminal_interaction_mid,0.0062464252231393905,0.007990349151706837
1529265,2026,15,1,0,24.85714285714286,17.793103448275865,-66.44,6,4,terminal_interaction_mid,0.005343474949811984,0.006728111762987854
1529265,2026,15,2,0,24.85714285714286,17.57142857142857,-63.079999999999984,6,4,terminal_interaction_mid,0.007200860700265765,0.008947512238442428
1529265,2026,15,3,0,24.85714285714286,16.88888888888889,-57.72,6,4,terminal_interaction_mid,0.011946813774953833,0.014510646482701058
1529265,2026,15,4,0,24.85714285714286,17.307692307692307,-57.360000000000014,6,4,terminal_interaction_mid,0.010853018195216418,0.01323956475229027
1529265,2026,15,5,0,24.85714285714286,18.0,-58.0,6,4,terminal_interaction_mid,0.008531639065289203,0.010521047658945104
1529265,2026,15,6,0,24.85714285714286,18.5,-57.639999999999986,6,4,terminal_interaction_mid,0.008085782909261853,0.009995217416605279
1529265,2026,15,7,0,24.85714285714286,19.043478260869563,-57.28,6,4,terminal_interaction_mid,0.007276841270883606,0.00903769265672068
1529266,2026,7,1,1,-46.52380952380952,6.311688311688312,4.315000000000005,1,9,terminal_interaction_mid,0.9629593433750363,0.9416272072811355
1529266,2026,7,2,1,-46.52380952380952,6.394736842105264,-6.026666666666657,2,8,terminal_interaction_mid,0.9255466069534999,0.8957479042724514
1529266,2026,7,3,1,-46.52380952380952,6.48,-7.0,2,8,terminal_interaction_mid,0.9140405687283845,0.8826196774177706
1529266,2026,7,4,1,-46.52380952380952,6.486486486486487,-6.973333333333329,2,8,terminal_interaction_mid,0.9153620741205097,0.8841096260973369
1529266,2026,7,5,1,-46.52380952380952,6.575342465753424,-7.9466666666666725,2,8,terminal_interaction_mid,0.9195014823587342,0.8888058277611078
1529266,2026,7,6,1,-46.52380952380952,6.583333333333334,-7.920000000000002,2,8,terminal_interaction_mid,0.9190064196867053,0.8882417927560227
1529266,2026,8,1,1,-46.52380952380952,6.67605633802817,-8.89333333333333,2,8,terminal_interaction_mid,0.9103205492964139,0.884460877770116
1529266,2026,8,2,1,-46.52380952380952,6.685714285714286,-8.866666666666646,2,8,terminal_interaction_mid,0.9144706569118823,0.8890372247424769
1529266,2026,8,3,1,-46.52380952380952,6.782608695652174,-9.840000000000003,2,8,terminal_interaction_mid,0.9023000007884381,0.8757109259441199
1529266,2026,8,4,1,-46.52380952380952,6.352941176470589,-4.813333333333333,2,8,terminal_interaction_mid,0.9440890652216269,0.9228697458758066
1529266,2026,8,5,1,-46.52380952380952,5.91044776119403,0.21333333333335247,2,8,terminal_interaction_mid,0.9681427580988256,0.9524713425146658
1529266,2026,8,6,1,-46.52380952380952,6.0,-0.7599999999999909,2,8,terminal_interaction_mid,0.9676652738581297,0.9518569471745021
1529266,2026,9,1,1,-46.52380952380952,6.0,-0.7333333333333343,2,8,terminal_interaction_mid,0.971308201762922,0.9532274740989837
1529266,2026,9,2,1,-46.52380952380952,6.0,-0.7066666666666492,2,8,terminal_interaction_mid,0.9719683146546672,0.9541277275229393
1529266,2026,9,3,1,-46.52380952380952,6.0,-0.6799999999999926,2,8,terminal_interaction_mid,0.9735029419081506,0.9562352701238316
1529266,2026,9,4,1,-46.52380952380952,6.0,-0.653333333333336,2,8,terminal_interaction_mid,0.9712096765731997,0.9530934219545714
1529266,2026,9,5,1,-46.52380952380952,6.0983606557377055,-1.626666666666651,2,8,terminal_interaction_mid,0.970070542218331,0.951549335281531
1529266,2026,9,6,1,-46.52380952380952,6.1,-1.5999999999999943,2,8,terminal_interaction_mid,0.9706308165104263,0.9523074580304381
1529266,2026,10,1,1,-46.52380952380952,6.203389830508474,-9.75166666666668,3,7,terminal_interaction_mid,0.9371635250478532,0.9204821647789804
1529266,2026,10,2,1,-46.52380952380952,6.310344827586206,-10.603333333333325,3,7,terminal_interaction_mid,0.9297519034725013,0.9122967565370173
1529266,2026,10,3,1,-46.52380952380952,6.421052631578947,-11.454999999999998,3,7,terminal_interaction_mid,0.926334195250284,0.9085607809490347
1529266,2026,10,4,1,-46.52380952380952,6.428571428571429,-11.306666666666672,3,7,terminal_interaction_mid,0.9257576919560273,0.9079328530979697
1529266,2026,10,5,1,-46.52380952380952,6.1090909090909085,-8.158333333333331,3,7,terminal_interaction_mid,0.9442329798730145,0.9284073006517813
1529266,2026,10,6,1,-46.52380952380952,6.111111111111112,-8.010000000000005,3,7,terminal_interaction_mid,0.9510554893504201,0.9361793151564922
1529266,2026,11,1,1,-46.52380952380952,6.113207547169811,-7.861666666666679,3,7,terminal_interaction_mid,0.9563106652949205,0.9464607667430136
1529266,2026,11,2,1,-46.52380952380952,6.0,-6.713333333333338,3,7,terminal_interaction_mid,0.9610693581626122,0.9517841252074519
1529266,2026,11,3,1,-46.52380952380952,5.411764705882353,-1.5649999999999977,3,7,terminal_interaction_mid,0.979585249072181,0.9732022806658037
1529266,2026,11,4,1,-46.52380952380952,5.04,1.5833333333333428,3,7,terminal_interaction_mid,0.9842968217414388,0.9789042813134365
1529266,2026,11,5,1,-46.52380952380952,4.408163265306123,6.731666666666669,3,7,terminal_interaction_mid,0.9931792044129675,0.9901511765460667
1529266,2026,11,6,1,-46.52380952380952,4.0,9.88000000000001,3,7,terminal_interaction_mid,0.9938833258572953,0.991085304452168
1529266,2026,12,1,1,-46.52380952380952,3.3191489361702127,15.028333333333336,3,7,terminal_interaction_mid,0.995093127122199,0.9926639485387319
1529266,2026,12,2,1,-46.52380952380952,3.391304347826087,8.579999999999998,4,6,terminal_interaction_mid,0.9920866535317657,0.9886409452147419
1529266,2026,12,3,1,-46.52380952380952,3.3333333333333335,8.849999999999994,4,6,terminal_interaction_mid,0.9886566839881131,0.9842145763057192
1529266,2026,12,4,1,-46.52380952380952,3.409090909090909,2.7666666666666657,5,5,terminal_interaction_mid,0.9659885382806251,0.9570560621322611
1529266,2026,12,5,1,-46.52380952380952,3.3488372093023253,3.1583333333333314,5,5,terminal_interaction_mid,0.966209375258313,0.9573096153929262
1529266,2026,12,6,1,-46.52380952380952,3.4285714285714284,2.5500000000000114,5,5,terminal_interaction_mid,0.9715451278459906,0.9634871905027504
1529266,2026,13,1,1,-46.52380952380952,3.3658536585365857,2.941666666666677,5,5,terminal_interaction_mid,0.9735167002273288,0.9681471336385307
1529266,2026,13,2,1,-46.52380952380952,3.4499999999999997,2.3333333333333286,5,5,terminal_interaction_mid,0.9768077528364285,0.9718863874713857
1529266,2026,13,3,1,-46.52380952380952,3.5384615384615383,1.7249999999999943,5,5,terminal_interaction_mid,0.9806141609866383,0.9762529932698593
1529266,2026,13,4,1,-46.52380952380952,2.6842105263157894,7.11666666666666,5,5,terminal_interaction_mid,0.990523493127815,0.9879060385126431
1529266,2026,13,5,1,-46.52380952380952,2.4324324324324325,8.50833333333334,5,5,terminal_interaction_mid,0.9912600525613016,0.9887950327022207
1529266,2026,13,6,1,-46.52380952380952,1.8333333333333335,11.900000000000006,5,5,terminal_interaction_mid,0.9924501458609906,0.9902408413868606
1529266,2026,14,1,1,-46.52380952380952,1.8857142857142857,11.291666666666671,5,5,terminal_interaction_mid,0.9935232661993129,0.9917791331932367
1529266,2026,14,2,1,-46.52380952380952,1.9411764705882355,10.683333333333323,5,5,terminal_interaction_mid,0.9941266836014953,0.9925085519925212
1529266,2026,14,3,1,-46.52380952380952,1.8181818181818183,11.074999999999989,5,5,terminal_interaction_mid,0.9944434635182068,0.992892994282872
1529266,2026,14,4,1,-46.52380952380952,1.6875,11.466666666666669,5,5,terminal_interaction_mid,0.9949073527822294,0.9934580082995359
1529266,2026,14,5,1,-46.52380952380952,0.5806451612903225,16.858333333333334,5,5,terminal_interaction_mid,0.9976495430182435,0.9968631480037734
1529266,2026,14,6,1,-46.52380952380952,0.4,17.25,5,5,terminal_interaction_mid,0.9974080724509566,0.9965574594207863
1529266,2026,15,1,1,-46.52380952380952,-0.41379310344827586,20.64166666666668,5,5,terminal_interaction_mid,0.9960458446767835,0.9950308401883969
1529267,2026,7,1,1,16.203703703703695,9.74025974025974,-23.899999999999977,2,8,terminal_interaction_mid,0.45547483543755296,0.461737855092276
1529267,2026,7,2,1,16.203703703703695,9.394736842105264,-19.19999999999999,2,8,terminal_interaction_mid,0.5388660859808018,0.5329816016600786
1529267,2026,7,3,1,16.203703703703695,9.200000000000001,-16.5,2,8,terminal_interaction_mid,0.569271366283777,0.559028474861989
1529267,2026,7,4,1,16.203703703703695,9.243243243243244,-16.799999999999983,2,8,terminal_interaction_mid,0.5684547836883354,0.5583275921068159
1529267,2026,7,5,1,16.203703703703695,9.36986301369863,-18.100000000000023,2,8,terminal_interaction_mid,0.5551784643752125,0.5469438193579835
1529267,2026,7,6,1,16.203703703703695,9.416666666666666,-18.400000000000006,2,8,terminal_interaction_mid,0.5568199803040041,0.5483502442165211
1529267,2026,8,1,1,16.203703703703695,9.549295774647888,-19.69999999999999,2,8,terminal_interaction_mid,0.5376478185454387,0.5334146257395095
1529267,2026,8,2,1,16.203703703703695,9.600000000000001,-19.99999999999997,2,8,terminal_interaction_mid,0.5386430841073317,0.5342891729279792
1529267,2026,8,3,1,16.203703703703695,9.652173913043478,-20.30000000000001,2,8,terminal_interaction_mid,0.5412290720738617,0.5365617836618356
1529267,2026,8,4,1,16.203703703703695,9.705882352941178,-20.599999999999994,2,8,terminal_interaction_mid,0.5322964038687983,0.5287132569741592
1529267,2026,8,5,1,16.203703703703695,9.761194029850746,-20.899999999999977,2,8,terminal_interaction_mid,0.5332913035200406,0.5295871883587051
1529267,2026,8,6,1,16.203703703703695,9.818181818181818,-21.19999999999999,2,8,terminal_interaction_mid,0.5195202461451636,0.5174943748913668
1529267,2026,9,1,1,16.203703703703695,9.876923076923077,-21.5,2,8,terminal_interaction_mid,0.5114240481708566,0.5142920448808377
1529267,2026,9,2,1,16.203703703703695,9.65625,-18.799999999999983,2,8,terminal_interaction_mid,0.5552416932351011,0.5515791802366355
1529267,2026,9,3,1,16.203703703703695,9.428571428571429,-16.099999999999994,2,8,terminal_interaction_mid,0.6027562672673616,0.5921885418404758
1529267,2026,9,4,1,16.203703703703695,9.483870967741936,-16.400000000000006,2,8,terminal_interaction_mid,0.6024935848739164,0.5919631566100388
1529267,2026,9,5,1,16.203703703703695,9.442622950819672,-15.699999999999989,2,8,terminal_interaction_mid,0.601895633510366,0.5914501504970019
1529267,2026,9,6,1,16.203703703703695,9.600000000000001,-17.0,2,8,terminal_interaction_mid,0.5907482194042137,0.5818971553156497
1529267,2026,10,1,1,16.203703703703695,9.35593220338983,-14.299999999999997,2,8,terminal_interaction_mid,0.6216730094458545,0.6164718008227132
1529267,2026,10,2,1,16.203703703703695,9.413793103448276,-14.599999999999994,2,8,terminal_interaction_mid,0.6182068612469822,0.6133536625747028
1529267,2026,10,3,1,16.203703703703695,9.157894736842106,-11.900000000000006,2,8,terminal_interaction_mid,0.6533702659998122,0.6450696772737642
1529267,2026,10,4,1,16.203703703703695,9.214285714285715,-12.200000000000003,2,8,terminal_interaction_mid,0.6492759728315629,0.6413662979165884
1529267,2026,10,5,1,16.203703703703695,8.727272727272727,-7.5,2,8,terminal_interaction_mid,0.7361561353273018,0.7208129236941898
1529267,2026,10,6,1,16.203703703703695,8.777777777777779,-7.799999999999983,2,8,terminal_interaction_mid,0.7344855444141166,0.7192640901435811
1529267,2026,10,7,1,16.203703703703695,8.830188679245282,-8.100000000000009,2,8,terminal_interaction_mid,0.7370150401185778,0.7216096277450759
1529267,2026,11,1,1,16.203703703703695,8.377358490566037,-4.1000000000000085,2,8,terminal_interaction_mid,0.8231151068534752,0.8103101821856
1529267,2026,11,2,1,16.203703703703695,8.423076923076923,-4.3999999999999915,2,8,terminal_interaction_mid,0.8066698957086664,0.7944514369411184
1529267,2026,11,3,1,16.203703703703695,8.117647058823529,-1.6999999999999886,2,8,terminal_interaction_mid,0.8540398151187047,0.8405231146015579
1529267,2026,11,4,1,16.203703703703695,8.16,-2.0,2,8,terminal_interaction_mid,0.8518901490858003,0.8384042960986217
1529267,2026,11,5,1,16.203703703703695,8.204081632653061,-2.3000000000000114,2,8,terminal_interaction_mid,0.8397239091621018,0.8264674875481193
1529267,2026,11,6,1,16.203703703703695,8.25,-2.5999999999999943,2,8,terminal_interaction_mid,0.8360021433938805,0.8228336145752198
1529267,2026,12,1,1,16.203703703703695,8.170212765957446,-1.9000000000000057,2,8,terminal_interaction_mid,0.8737134426224376,0.8591421717852719
1529267,2026,12,2,1,16.203703703703695,8.347826086956522,-3.200000000000017,2,8,terminal_interaction_mid,0.8530239015961185,0.8384839559531548
1529267,2026,12,3,1,16.203703703703695,8.0,-0.5,2,8,terminal_interaction_mid,0.9017046427122475,0.8876569531301549
1529267,2026,12,4,1,16.203703703703695,8.045454545454545,-0.8000000000000114,2,8,terminal_interaction_mid,0.8951097502258627,0.8808716859765335
1529267,2026,12,5,1,16.203703703703695,7.395348837209302,3.9000000000000057,2,8,terminal_interaction_mid,0.9517103605007192,0.9409603731590757
1529267,2026,12,6,1,16.203703703703695,7.428571428571429,3.5999999999999943,2,8,terminal_interaction_mid,0.9515628208533617,0.9407967599628186
1529267,2026,12,7,1,16.203703703703695,7.463414634146341,3.3000000000000114,2,8,terminal_interaction_mid,0.9502725517179794,0.9393680098927396
1529267,2026,12,8,1,16.203703703703695,7.5,3.0,2,8,terminal_interaction_mid,0.9510813332187625,0.940263159673954
1529267,2026,13,1,1,16.203703703703695,6.731707317073171,8.300000000000011,2,8,terminal_interaction_mid,0.9851577885557543,0.9815359733360396
1529267,2026,13,2,1,16.203703703703695,6.0,13.0,2,8,terminal_interaction_mid,0.9909471343249642,0.988416841003676
1529267,2026,13,3,1,16.203703703703695,6.0,12.699999999999989,2,8,terminal_interaction_mid,0.9910536136725504,0.9885454446960297
1529267,2026,13,4,1,16.203703703703695,6.0,12.400000000000006,2,8,terminal_interaction_mid,0.9911934884996922,0.9887145185459093
1529267,2026,13,5,1,16.203703703703695,6.0,12.099999999999994,2,8,terminal_interaction_mid,0.9913107896572173,0.9888564269293909
1529267,2026,13,6,1,16.203703703703695,6.0,11.800000000000011,2,8,terminal_interaction_mid,0.9910318120634187,0.9885191059066043
1529267,2026,13,7,1,16.203703703703695,6.0,11.5,2,8,terminal_interaction_mid,0.9911090885959213,0.9886124815136151
1529267,2026,14,1,1,16.203703703703695,5.314285714285714,15.5,2,8,terminal_interaction_mid,0.9931173485568756,0.9912904355598822
1529267,2026,14,2,1,16.203703703703695,5.294117647058823,15.200000000000017,2,8,terminal_interaction_mid,0.9932480184895724,0.9914475873076926
1529267,2026,14,3,1,16.203703703703695,5.2727272727272725,14.900000000000006,2,8,terminal_interaction_mid,0.9934730217382912,0.9917185587620839
1529267,2026,14,4,1,16.203703703703695,4.6875,17.599999999999994,2,8,terminal_interaction_mid,0.994179877706453,0.9925730324666785
1529267,2026,14,5,1,16.203703703703695,4.64516129032258,17.30000000000001,2,8,terminal_interaction_mid,0.9943826366702546,0.9928190902307973
1529267,2026,14,6,1,16.203703703703695,4.800000000000001,16.0,2,8,terminal_interaction_mid,0.9946620352880926,0.993158901025137
1529267,2026,15,1,1,16.203703703703695,3.724137931034483,20.700000000000017,2,8,terminal_interaction_mid,0.9938718732895631,0.9924460422853364
1529267,2026,15,2,1,16.203703703703695,2.571428571428571,25.400000000000006,2,8,terminal_interaction_mid,0.9911778103820246,0.9892999664835984
1529267,2026,15,3,1,16.203703703703695,2.6666666666666665,19.712500000000006,3,7,terminal_interaction_mid,0.9930266033913551,0.9914532052780886
1529267,2026,15,4,1,16.203703703703695,2.5384615384615383,19.57499999999999,3,7,terminal_interaction_mid,0.9802578672343742,0.9769148640938243
1529267,2026,15,5,1,16.203703703703695,2.4000000000000004,19.4375,3,7,terminal_interaction_mid,0.9808234738543938,0.9775461636812213
1529267,2026,15,6,1,16.203703703703695,2.25,19.30000000000001,3,7,terminal_interaction_mid,0.9848569683669958,0.982076031256814
1529267,2026,15,7,1,16.203703703703695,2.0869565217391304,19.162499999999994,3,7,terminal_interaction_mid,0.98513823261409,0.982393910781105
