match_id,season,over,ball,is_winner,target_above_par,required_run_rate,score_vs_par,wickets_lost,wickets_remaining,candidate,raw_pred,cal_pred
1473438,2025,7,1,1,-21.625,6.857142857142857,24.650000000000006,0,10,terminal_mid,0.962801120544701,0.9414063174897791
1473438,2025,7,2,1,-21.625,6.947368421052632,23.199999999999996,0,10,terminal_mid,0.9588398449214043,0.9362069240246447
1473438,2025,7,3,1,-21.625,6.959999999999999,22.75,0,10,terminal_mid,0.9617199020016647,0.9399780114072133
1473438,2025,7,4,1,-21.625,6.972972972972972,22.30000000000001,0,10,terminal_mid,0.9623740282716333,0.9408412743663337
1473438,2025,7,5,1,-21.625,6.986301369863014,21.849999999999994,0,10,terminal_mid,0.9625200535999938,0.9410343403987276
1473438,2025,7,6,1,-21.625,7.0,21.39999999999999,0,10,terminal_mid,0.9641929016361779,0.9432555107544988
1473438,2025,8,1,1,-21.625,6.76056338028169,23.950000000000003,0,10,terminal_mid,0.9700103462197763,0.954693436617264
1473438,2025,8,2,1,-21.625,6.857142857142857,22.5,0,10,terminal_mid,0.9688924970538164,0.9532358680909514
1473438,2025,8,3,1,-21.625,6.9565217391304355,11.044999999999987,1,9,terminal_mid,0.9679557348407144,0.9520202768077409
1473438,2025,8,4,1,-21.625,7.0588235294117645,9.739999999999995,1,9,terminal_mid,0.9527507822296247,0.9329208087326105
1473438,2025,8,5,1,-21.625,7.164179104477611,8.435000000000016,1,9,terminal_mid,0.9480852827260912,0.9272592710142661
1473438,2025,8,6,1,-21.625,7.181818181818182,8.130000000000024,1,9,terminal_mid,0.9469690109104225,0.9259164156250497
1473438,2025,9,1,1,-21.625,7.199999999999999,7.825000000000003,1,9,terminal_mid,0.9475911213106336,0.9234401226894572
1473438,2025,9,2,1,-21.625,7.3125,6.519999999999996,1,9,terminal_mid,0.9361450956507931,0.9098049414209354
1473438,2025,9,3,1,-21.625,7.333333333333334,6.215000000000003,1,9,terminal_mid,0.94152671844334,0.9161543127675007
1473438,2025,9,4,1,-21.625,7.35483870967742,5.910000000000011,1,9,terminal_mid,0.939542159924885,0.9138008099611329
1473438,2025,9,5,1,-21.625,7.3770491803278695,5.605000000000004,1,9,terminal_mid,0.9315127420808893,0.9044188101480997
1473438,2025,9,6,1,-21.625,7.1,8.299999999999997,1,9,terminal_mid,0.9611242333654996,0.9402958115343618
1473438,2025,10,1,1,-21.625,7.11864406779661,7.9950000000000045,1,9,terminal_mid,0.9588404453933441,0.9460000906390886
1473438,2025,10,2,1,-21.625,7.137931034482759,7.690000000000012,1,9,terminal_mid,0.956679029483855,0.9435034169435105
1473438,2025,10,3,1,-21.625,6.631578947368421,12.385000000000005,1,9,terminal_mid,0.978035141815109,0.9690288975466916
1473438,2025,10,4,1,-21.625,6.642857142857143,12.080000000000013,1,9,terminal_mid,0.9776660926369354,0.9685677787090485
1473438,2025,10,5,1,-21.625,6.654545454545454,11.774999999999991,1,9,terminal_mid,0.9784787967969175,0.9695844565372931
1473438,2025,10,6,1,-21.625,6.666666666666667,11.469999999999999,1,9,terminal_mid,0.9795450124523285,0.9709252309598451
1473438,2025,11,1,1,-21.625,6.679245283018868,11.164999999999992,1,9,terminal_mid,0.9801505341456607,0.9743678594583963
1473438,2025,11,2,1,-21.625,6.6923076923076925,10.86,1,9,terminal_mid,0.9785423050353241,0.9724875196392377
1473438,2025,11,3,1,-21.625,6.705882352941177,10.555000000000007,1,9,terminal_mid,0.9796635479990649,0.9737969987828275
1473438,2025,11,4,1,-21.625,6.84,2.0,2,8,terminal_mid,0.9428372097201893,0.9331097319141126
1473438,2025,11,5,1,-21.625,6.979591836734693,0.8400000000000034,2,8,terminal_mid,0.9313254332694999,0.9210356260427496
1473438,2025,11,6,1,-21.625,7.0,0.6800000000000068,2,8,terminal_mid,0.9300356920939175,0.919696080399163
1473438,2025,12,1,1,-21.625,7.148936170212766,-0.47999999999998977,2,8,terminal_mid,0.9269100805588426,0.9170652274432081
1473438,2025,12,2,1,-21.625,7.304347826086957,-1.6400000000000006,2,8,terminal_mid,0.8970443552548419,0.886329649417354
1473438,2025,12,3,1,-21.625,7.199999999999999,-0.7999999999999972,2,8,terminal_mid,0.9303410013330393,0.9206570690950766
1473438,2025,12,4,1,-21.625,7.2272727272727275,-0.9599999999999937,2,8,terminal_mid,0.9365928134800565,0.9272407553975281
1473438,2025,12,5,1,-21.625,6.837209302325581,1.8799999999999955,2,8,terminal_mid,0.9600594299737653,0.9524942194896947
1473438,2025,12,6,1,-21.625,6.857142857142857,1.7199999999999989,2,8,terminal_mid,0.960639824108774,0.9531320059330366
1473438,2025,13,1,1,-21.625,6.878048780487804,1.5600000000000165,2,8,terminal_mid,0.9606947622382727,0.9554910429633562
1473438,2025,13,2,1,-21.625,6.1499999999999995,6.3999999999999915,2,8,terminal_mid,0.9841444244582503,0.9812424390688046
1473438,2025,13,3,1,-21.625,6.153846153846153,6.240000000000009,2,8,terminal_mid,0.9842716894726975,0.9813859346480173
1473438,2025,13,4,1,-21.625,6.157894736842106,6.0800000000000125,2,8,terminal_mid,0.985484026796809,0.9827558162000938
1473438,2025,13,5,1,-21.625,6.162162162162161,5.920000000000016,2,8,terminal_mid,0.9845259120277058,0.9816727505535238
1473438,2025,13,6,1,-21.625,6.166666666666666,5.759999999999991,2,8,terminal_mid,0.9852074231926019,0.9824427898985056
1473438,2025,14,1,1,-21.625,6.171428571428571,5.600000000000023,2,8,terminal_mid,0.984929389330926,0.9821654684682435
1473438,2025,14,2,1,-21.625,5.647058823529411,8.439999999999998,2,8,terminal_mid,0.9904652147390633,0.9884843769189118
1473438,2025,14,3,1,-21.625,5.090909090909091,11.280000000000001,2,8,terminal_mid,0.992183661692883,0.9904769450760161
1473438,2025,14,4,1,-21.625,4.875,12.120000000000005,2,8,terminal_mid,0.9926024035698693,0.9909653469721157
1473438,2025,14,5,1,-21.625,4.258064516129032,14.960000000000008,2,8,terminal_mid,0.9930610638430961,0.9915017424426125
1473438,2025,14,6,1,-21.625,3.5999999999999996,17.799999999999983,2,8,terminal_mid,0.9933220405173098,0.9918076558819215
1473438,2025,15,1,1,-21.625,3.5172413793103443,17.640000000000015,2,8,terminal_mid,0.9936829997482679,0.9925168782257338
1473438,2025,15,2,1,-21.625,2.7857142857142856,20.47999999999999,2,8,terminal_mid,0.9925187521845684,0.9911908346711483
1473438,2025,15,3,1,-21.625,2.888888888888889,15.405000000000001,3,7,terminal_mid,0.9919363955388654,0.9905304593990024
1473438,2025,15,4,1,-21.625,2.0769230769230766,18.389999999999986,3,7,terminal_mid,0.9849421348324092,0.9827107482617757
1473438,2025,15,5,1,-21.625,2.16,17.375,3,7,terminal_mid,0.9871838725619313,0.9851980957518466
1473438,2025,15,6,1,-21.625,2.0,17.360000000000014,3,7,terminal_mid,0.9880548087098665,0.9861687612472024
1473439,2025,7,1,0,97.61538461538461,15.818181818181817,-73.53833333333333,3,7,terminal_mid,0.006658197720791789,0.013065047387138902
1473439,2025,7,2,0,97.61538461538461,15.552631578947368,-69.20666666666665,3,7,terminal_mid,0.008686688052368365,0.016395256496531077
1473439,2025,7,3,0,97.61538461538461,15.759999999999998,-70.875,3,7,terminal_mid,0.0079412052773028,0.015186716967427747
1473439,2025,7,4,0,97.61538461538461,15.891891891891891,-71.54333333333335,3,7,terminal_mid,0.007679750812847309,0.014758845150440882
1473439,2025,7,5,0,97.61538461538461,16.027397260273972,-72.21166666666667,3,7,terminal_mid,0.007304624573146394,0.01414106640353045
1473439,2025,7,6,0,97.61538461538461,15.916666666666666,-69.88000000000002,3,7,terminal_mid,0.008492730513425122,0.01608239494594692
1473439,2025,8,1,0,97.61538461538461,15.633802816901408,-65.54833333333335,3,7,terminal_mid,0.010281640768146815,0.01755757713953035
1473439,2025,8,2,0,97.61538461538461,15.857142857142858,-67.21666666666667,3,7,terminal_mid,0.009530442370226709,0.01643237310297092
1473439,2025,8,3,0,97.61538461538461,16.0,-67.88500000000002,3,7,terminal_mid,0.009561421687513326,0.016479002089116512
1473439,2025,8,4,0,97.61538461538461,16.235294117647058,-69.55333333333334,3,7,terminal_mid,0.00877596363834135,0.015290413218262829
1473439,2025,8,5,0,97.61538461538461,16.388059701492537,-70.22166666666666,3,7,terminal_mid,0.00783425990216697,0.013846728553613291
1473439,2025,8,6,0,97.61538461538461,16.272727272727273,-67.88999999999999,3,7,terminal_mid,0.00855339462346906,0.014951115574774382
1473439,2025,9,1,0,97.61538461538461,16.52307692307692,-69.55833333333334,3,7,terminal_mid,0.008098227792740527,0.01667165951637691
1473439,2025,9,2,0,97.61538461538461,16.6875,-70.22666666666669,3,7,terminal_mid,0.007457619700581442,0.01554967935944738
1473439,2025,9,3,0,97.61538461538461,16.38095238095238,-65.89500000000001,3,7,terminal_mid,0.009239655904757144,0.0186363217812008
1473439,2025,9,4,0,97.61538461538461,16.548387096774196,-66.56333333333333,3,7,terminal_mid,0.009101850300025634,0.0184013070430728
1473439,2025,9,5,0,97.61538461538461,16.721311475409834,-67.23166666666671,3,7,terminal_mid,0.008964295454361483,0.0181661441226932
1473439,2025,9,6,0,97.61538461538461,16.900000000000002,-67.9,3,7,terminal_mid,0.008098924821631333,0.01667287234937859
1473439,2025,10,1,0,97.61538461538461,17.084745762711865,-68.56833333333336,3,7,terminal_mid,0.00705375604617597,0.012318974673284081
1473439,2025,10,2,0,97.61538461538461,17.275862068965516,-69.23666666666665,3,7,terminal_mid,0.006306631648750052,0.01114976469444029
1473439,2025,10,3,0,97.61538461538461,17.57894736842105,-70.905,3,7,terminal_mid,0.005675614055262718,0.010150058859255715
1473439,2025,10,4,0,97.61538461538461,17.892857142857142,-72.57333333333332,3,7,terminal_mid,0.004857937550638559,0.008835692903921074
1473439,2025,10,5,0,97.61538461538461,18.10909090909091,-73.24166666666667,3,7,terminal_mid,0.004515795141462254,0.008278571389671623
1473439,2025,10,6,0,97.61538461538461,18.333333333333332,-73.91000000000003,3,7,terminal_mid,0.004249518173676472,0.007841744209740377
1473439,2025,11,1,0,97.61538461538461,18.566037735849058,-74.57833333333335,3,7,terminal_mid,0.0037404737686244915,0.0064784510797787406
1473439,2025,11,2,0,97.61538461538461,18.923076923076923,-76.24666666666667,3,7,terminal_mid,0.0033192788219212257,0.005809829731367685
1473439,2025,11,3,0,97.61538461538461,19.294117647058826,-77.91499999999999,3,7,terminal_mid,0.002821340197835965,0.005009354105431422
1473439,2025,11,4,0,97.61538461538461,19.56,-78.58333333333331,3,7,terminal_mid,0.0026768550306743018,0.004774792313885483
1473439,2025,11,5,0,97.61538461538461,19.836734693877553,-79.25166666666667,3,7,terminal_mid,0.002473694218461632,0.004443038917904027
1473439,2025,11,6,0,97.61538461538461,20.25,-80.91999999999999,3,7,terminal_mid,0.0022733849502838636,0.004113552576086034
1473439,2025,12,1,0,97.61538461538461,20.680851063829785,-82.58833333333334,3,7,terminal_mid,0.0021346020385190536,0.0033947275117166423
1473439,2025,12,2,0,97.61538461538461,20.869565217391305,-82.25666666666666,3,7,terminal_mid,0.0021005014939885526,0.0033442905764380303
1473439,2025,12,3,0,97.61538461538461,20.53333333333333,-77.92500000000001,3,7,terminal_mid,0.002508571212765577,0.003944265651883818
1473439,2025,12,4,0,97.61538461538461,20.181818181818183,-73.59333333333336,3,7,terminal_mid,0.003187972880107273,0.004928159592046766
1473439,2025,12,5,0,97.61538461538461,20.51162790697674,-74.26166666666668,3,7,terminal_mid,0.002850426111036542,0.004441451432863672
1473439,2025,12,6,0,97.61538461538461,20.142857142857142,-69.93,3,7,terminal_mid,0.003985751830951321,0.006064343090200278
1473439,2025,12,7,0,97.61538461538461,20.48780487804878,-70.59833333333333,3,7,terminal_mid,0.003589437206834993,0.0055022171876246495
1473439,2025,12,8,0,97.61538461538461,20.4,-68.26666666666668,3,7,terminal_mid,0.0040142163140789704,0.006104555065805179
1473439,2025,13,1,0,97.61538461538461,19.756097560975608,-65.59833333333333,3,7,terminal_mid,0.0047548370524271265,0.006087251454992591
1473439,2025,13,2,0,97.61538461538461,20.1,-66.26666666666668,3,7,terminal_mid,0.004417030551969486,0.005673785315117523
1473439,2025,13,3,0,97.61538461538461,20.615384615384613,-67.935,3,7,terminal_mid,0.003872006041062333,0.005003529348951894
1473439,2025,13,4,0,97.61538461538461,21.0,-68.60333333333332,3,7,terminal_mid,0.003317317016698096,0.004316871873795759
1473439,2025,13,5,0,97.61538461538461,21.405405405405403,-69.27166666666668,3,7,terminal_mid,0.0028424994768737133,0.003724890110900044
1473439,2025,13,6,0,97.61538461538461,21.0,-64.94,3,7,terminal_mid,0.0036327982950626787,0.0047080089615862955
1473439,2025,13,7,0,97.61538461538461,21.6,-74.94999999999999,4,6,terminal_mid,0.001776160917330105,0.002377284353967297
1473439,2025,14,1,0,97.61538461538461,21.6,-74.94999999999999,4,6,terminal_mid,0.0026160831599311195,0.00337705586029991
1473439,2025,14,2,0,97.61538461538461,22.235294117647058,-84.48333333333335,5,5,terminal_mid,0.0014677689366087436,0.001942158570588806
1473439,2025,14,3,0,97.61538461538461,22.727272727272727,-84.67500000000001,5,5,terminal_mid,0.0012742616914449938,0.0016963034858351724
1473439,2025,14,4,0,97.61538461538461,23.4375,-85.86666666666667,5,5,terminal_mid,0.0011800953965064645,0.001576095088747949
1473439,2025,14,5,0,97.61538461538461,23.032258064516128,-81.05833333333334,5,5,terminal_mid,0.001332282816135274,0.0017701788981593202
1473439,2025,14,6,0,97.61538461538461,23.599999999999998,-81.25,5,5,terminal_mid,0.0011639684774325282,0.0015554677422376468
1473439,2025,15,1,0,97.61538461538461,24.413793103448274,-82.44166666666666,5,5,terminal_mid,0.0010166178145251858,0.0012915660260703846
1473439,2025,15,2,0,97.61538461538461,25.071428571428573,-82.63333333333333,5,5,terminal_mid,0.0009419305781710913,0.0011998420822718328
1473439,2025,15,3,0,97.61538461538461,25.77777777777778,-82.82499999999999,5,5,terminal_mid,0.0009122109460441173,0.0011632737876240919
1473439,2025,15,4,0,97.61538461538461,26.53846153846154,-83.01666666666665,5,5,terminal_mid,0.000878279434349192,0.0011214722268861243
1473439,2025,15,5,0,97.61538461538461,27.36,-83.20833333333337,5,5,terminal_mid,0.0008772070913802998,0.0011201502609508901
1473439,2025,15,6,0,97.61538461538461,28.5,-84.40000000000003,5,5,terminal_mid,0.0008610472279546837,0.0011002218151484073
1473440,2025,7,1,1,-9.740740740740733,6.311688311688312,9.512500000000003,1,9,terminal_mid,0.9815195471179584,0.9675426643671189
1473440,2025,7,2,1,-9.740740740740733,6.315789473684211,9.349999999999994,1,9,terminal_mid,0.9807421701273324,0.9663892883243314
1473440,2025,7,3,1,-9.740740740740733,6.24,10.1875,1,9,terminal_mid,0.9827135165200189,0.9693296195892331
1473440,2025,7,4,1,-9.740740740740733,6.324324324324324,9.025000000000006,1,9,terminal_mid,0.9816882571837764,0.967794004894707
1473440,2025,7,5,1,-9.740740740740733,6.41095890410959,-1.566666666666677,2,8,terminal_mid,0.9388498917141312,0.9111445534519704
1473440,2025,7,6,1,-9.740740740740733,6.416666666666666,-1.6000000000000085,2,8,terminal_mid,0.9253782422162165,0.8951128174301393
1473440,2025,8,1,1,-9.740740740740733,6.253521126760563,0.36666666666667425,2,8,terminal_mid,0.9386524122958787,0.9160416431543293
1473440,2025,8,2,1,-9.740740740740733,6.342857142857143,-0.666666666666643,2,8,terminal_mid,0.9395543725468288,0.917102089709474
1473440,2025,8,3,1,-9.740740740740733,6.3478260869565215,-0.7000000000000028,2,8,terminal_mid,0.9371688195126144,0.914302603464841
1473440,2025,8,4,1,-9.740740740740733,6.352941176470589,-0.7333333333333343,2,8,terminal_mid,0.942240130925445,0.9202744670809149
1473440,2025,8,5,1,-9.740740740740733,6.35820895522388,-0.7666666666666515,2,8,terminal_mid,0.945247468625041,0.9238538650245129
1473440,2025,8,6,1,-9.740740740740733,6.363636363636363,-0.7999999999999972,2,8,terminal_mid,0.9485623801570797,0.9278345525723011
1473440,2025,8,7,1,-9.740740740740733,5.907692307692308,4.166666666666671,2,8,terminal_mid,0.9648502974364737,0.9480266180898765
1473440,2025,9,1,1,-9.740740740740733,5.723076923076923,6.166666666666671,2,8,terminal_mid,0.9837936657382889,0.9713253493234434
1473440,2025,9,2,1,-9.740740740740733,5.71875,6.13333333333334,2,8,terminal_mid,0.9838913300440564,0.9714708827841404
1473440,2025,9,3,1,-9.740740740740733,5.809523809523809,5.1000000000000085,2,8,terminal_mid,0.982287188472688,0.969098427611351
1473440,2025,9,4,1,-9.740740740740733,5.903225806451613,-3.941666666666663,3,7,terminal_mid,0.9456297863387608,0.9210676397210373
1473440,2025,9,5,1,-9.740740740740733,5.9016393442622945,-3.8458333333333456,3,7,terminal_mid,0.9430756742408003,0.9180014606266108
1473440,2025,9,6,1,-9.740740740740733,6.0,-4.75,3,7,terminal_mid,0.9454282780203273,0.9208247860794939
1473440,2025,10,1,1,-9.740740740740733,6.0,-4.654166666666669,3,7,terminal_mid,0.9402921942045994,0.9250293897331473
1473440,2025,10,2,1,-9.740740740740733,6.1034482758620685,-5.558333333333323,3,7,terminal_mid,0.9429378529402233,0.9279635068610649
1473440,2025,10,3,1,-9.740740740740733,6.105263157894737,-5.4624999999999915,3,7,terminal_mid,0.9451981896729538,0.9304839692648119
1473440,2025,10,4,1,-9.740740740740733,6.107142857142857,-5.366666666666674,3,7,terminal_mid,0.9481238052863776,0.9337659484400643
1473440,2025,10,5,1,-9.740740740740733,6.218181818181819,-6.270833333333343,3,7,terminal_mid,0.9448991565672938,0.9301497779482812
1473440,2025,10,6,1,-9.740740740740733,6.222222222222221,-6.175000000000011,3,7,terminal_mid,0.9404490835115129,0.9252029171406244
1473440,2025,11,1,1,-9.740740740740733,5.660377358490566,-1.07916666666668,3,7,terminal_mid,0.9682466324947099,0.9607307534008884
1473440,2025,11,2,1,-9.740740740740733,5.653846153846153,-0.9833333333333343,3,7,terminal_mid,0.9694865226224367,0.9621243746349601
1473440,2025,11,3,1,-9.740740740740733,5.764705882352941,-1.8875000000000028,3,7,terminal_mid,0.9647731769642695,0.9568540853010343
1473440,2025,11,4,1,-9.740740740740733,5.88,-9.25,4,6,terminal_mid,0.9285760330549284,0.918183018794845
1473440,2025,11,5,1,-9.740740740740733,5.877551020408163,-9.025000000000006,4,6,terminal_mid,0.9268657810306766,0.9164141076724256
1473440,2025,11,6,1,-9.740740740740733,6.0,-9.799999999999997,4,6,terminal_mid,0.9274348688882135,0.9170022520627563
1473440,2025,12,1,1,-9.740740740740733,6.127659574468085,-10.575000000000003,4,6,terminal_mid,0.9233990258515333,0.9134040619701517
1473440,2025,12,2,1,-9.740740740740733,6.260869565217391,-11.350000000000009,4,6,terminal_mid,0.9110767993179874,0.9006618085649625
1473440,2025,12,3,1,-9.740740740740733,6.2666666666666675,-11.125,4,6,terminal_mid,0.9141971762747942,0.9038736958540454
1473440,2025,12,4,1,-9.740740740740733,6.136363636363637,-9.900000000000006,4,6,terminal_mid,0.9364464177713078,0.9270859889687239
1473440,2025,12,5,1,-9.740740740740733,6.279069767441861,-10.675000000000011,4,6,terminal_mid,0.9279743904363633,0.9181779177857486
1473440,2025,12,6,1,-9.740740740740733,6.2857142857142865,-10.450000000000003,4,6,terminal_mid,0.9299068468962648,0.9202017488986335
1473440,2025,13,1,1,-9.740740740740733,6.2926829268292686,-10.225000000000009,4,6,terminal_mid,0.9281497456174932,0.9210776895182968
1473440,2025,13,2,1,-9.740740740740733,6.449999999999999,-11.0,4,6,terminal_mid,0.9153015963278508,0.9077552842278573
1473440,2025,13,3,1,-9.740740740740733,6.461538461538462,-10.774999999999991,4,6,terminal_mid,0.9167864948932514,0.9092888890772973
1473440,2025,13,4,1,-9.740740740740733,6.473684210526316,-10.550000000000011,4,6,terminal_mid,0.9278519970643169,0.9207675327730115
1473440,2025,13,5,1,-9.740740740740733,6.648648648648649,-11.324999999999989,4,6,terminal_mid,0.9137520402903404,0.9061565036352404
1473440,2025,13,6,1,-9.740740740740733,6.666666666666667,-11.100000000000009,4,6,terminal_mid,0.9143363301536314,0.9067591641983934
1473440,2025,14,1,1,-9.740740740740733,6.857142857142857,-16.395833333333314,5,5,terminal_mid,0.8273575301854847,0.818482055799007
1473440,2025,14,2,1,-9.740740740740733,7.0588235294117645,-17.041666666666686,5,5,terminal_mid,0.8182318001486528,0.8094034419783916
1473440,2025,14,3,1,-9.740740740740733,7.272727272727273,-17.6875,5,5,terminal_mid,0.8062575873092273,0.7975277758097191
1473440,2025,14,4,1,-9.740740740740733,7.3125,-17.333333333333343,5,5,terminal_mid,0.8069707019207251,0.7982339068342723
1473440,2025,14,5,1,-9.740740740740733,7.35483870967742,-16.979166666666657,5,5,terminal_mid,0.8159811824206105,0.8071682472225196
1473440,2025,14,6,1,-9.740740740740733,7.4,-16.625,5,5,terminal_mid,0.8052931884119332,0.7965730395205574
1473440,2025,15,1,1,-9.740740740740733,7.448275862068966,-16.270833333333343,5,5,terminal_mid,0.8104978856426412,0.8032034795342758
1473440,2025,15,2,1,-9.740740740740733,7.5,-15.916666666666657,5,5,terminal_mid,0.8201232067626008,0.8127800815717424
1473440,2025,15,3,1,-9.740740740740733,7.555555555555555,-15.5625,5,5,terminal_mid,0.81247846635496,0.8051722560086583
1473440,2025,15,4,1,-9.740740740740733,7.615384615384615,-15.208333333333314,5,5,terminal_mid,0.8213368785345849,0.8139891869148591
1473440,2025,15,5,1,-9.740740740740733,7.68,-14.854166666666686,5,5,terminal_mid,0.8127961801262813,0.8054881606456034
1473440,2025,15,6,1,-9.740740740740733,7.75,-14.5,5,5,terminal_mid,0.823052115514826,0.8156985894070226
1473441,2025,7,1,1,-22.5,11.142857142857142,-74.94583333333333,5,5,terminal_mid,0.07550677260964872,0.10203291607906205
1473441,2025,7,2,1,-22.5,11.210526315789474,-74.81666666666666,5,5,terminal_mid,0.08525387991662352,0.11291280706183313
1473441,2025,7,3,1,-22.5,11.040000000000001,-71.6875,5,5,terminal_mid,0.09631742228840764,0.12499587581676092
1473441,2025,7,4,1,-22.5,11.18918918918919,-72.55833333333334,5,5,terminal_mid,0.09708813639203134,0.12582801282778044
1473441,2025,7,5,1,-22.5,11.342465753424658,-73.42916666666667,5,5,terminal_mid,0.09581984264893133,0.12445800535802992
1473441,2025,7,6,1,-22.5,11.5,-74.29999999999998,5,5,terminal_mid,0.0937603533583064,0.12222637562639194
1473441,2025,8,1,1,-22.5,11.154929577464788,-69.17083333333332,5,5,terminal_mid,0.12281347918835461,0.14962510543755592
1473441,2025,8,2,1,-22.5,11.228571428571428,-69.04166666666666,5,5,terminal_mid,0.11941847530097442,0.14609165426083034
1473441,2025,8,3,1,-22.5,11.043478260869565,-65.9125,5,5,terminal_mid,0.1296014638983058,0.15664433102453665
1473441,2025,8,4,1,-22.5,11.205882352941178,-66.78333333333333,5,5,terminal_mid,0.12884066283296675,0.15586054720136902
1473441,2025,8,5,1,-22.5,11.373134328358208,-67.65416666666667,5,5,terminal_mid,0.12757851698627057,0.15455866359008913
1473441,2025,8,6,1,-22.5,11.545454545454547,-68.525,5,5,terminal_mid,0.11982313520843849,0.14651363891830488
1473441,2025,9,1,1,-22.5,11.63076923076923,-68.39583333333334,5,5,terminal_mid,0.1183823808254156,0.15578994811965574
1473441,2025,9,2,1,-22.5,11.625,-67.26666666666668,5,5,terminal_mid,0.12431435339970281,0.1621318111670273
1473441,2025,9,3,1,-22.5,11.714285714285714,-67.13750000000002,5,5,terminal_mid,0.12056454390843875,0.1581301261243484
1473441,2025,9,4,1,-22.5,11.903225806451612,-68.00833333333333,5,5,terminal_mid,0.11281276950720125,0.14977739785729832
1473441,2025,9,5,1,-22.5,12.098360655737704,-68.87916666666666,5,5,terminal_mid,0.10118160215192923,0.1370247864383551
1473441,2025,9,6,1,-22.5,12.2,-68.75,5,5,terminal_mid,0.09737565866034888,0.13278966859997848
1473441,2025,10,1,1,-22.5,12.305084745762711,-68.62083333333334,5,5,terminal_mid,0.09159699374214432,0.11823537204850143
1473441,2025,10,2,1,-22.5,12.517241379310345,-69.49166666666667,5,5,terminal_mid,0.08754344829528274,0.11367338362538293
1473441,2025,10,3,1,-22.5,12.631578947368421,-69.36249999999998,5,5,terminal_mid,0.08287129229513528,0.10837670344274547
1473441,2025,10,4,1,-22.5,12.857142857142858,-70.23333333333332,5,5,terminal_mid,0.0755855728233368,0.10002927927401244
1473441,2025,10,5,1,-22.5,12.654545454545453,-67.10416666666669,5,5,terminal_mid,0.09078957164229383,0.11732907205783218
1473441,2025,10,6,1,-22.5,12.777777777777779,-66.975,5,5,terminal_mid,0.08804363099952964,0.11423794883857831
1473441,2025,11,1,1,-22.5,12.90566037735849,-66.84583333333333,5,5,terminal_mid,0.08494194814682418,0.10907973257858299
1473441,2025,11,2,1,-22.5,13.038461538461537,-66.71666666666667,5,5,terminal_mid,0.08242132578235287,0.10619312500386048
1473441,2025,11,3,1,-22.5,13.176470588235295,-66.5875,5,5,terminal_mid,0.08085583498359213,0.10439476535399916
1473441,2025,11,4,1,-22.5,13.440000000000001,-67.45833333333331,5,5,terminal_mid,0.07316973414587916,0.09550047866465415
1473441,2025,11,5,1,-22.5,13.591836734693878,-67.32916666666668,5,5,terminal_mid,0.07172769423449504,0.09381920755459465
1473441,2025,11,6,1,-22.5,13.75,-67.20000000000002,5,5,terminal_mid,0.06921541646863048,0.0908801833054693
1473441,2025,11,7,1,-22.5,13.914893617021276,-67.07083333333333,5,5,terminal_mid,0.0676530797192711,0.08904591331936937
1473441,2025,12,1,1,-22.5,13.148936170212766,-61.070833333333326,5,5,terminal_mid,0.10336214132453872,0.12221774846776037
1473441,2025,12,2,1,-22.5,12.652173913043478,-55.94166666666666,5,5,terminal_mid,0.12894860746900869,0.1494644455922753
1473441,2025,12,3,1,-22.5,12.933333333333334,-64.65,6,4,terminal_mid,0.050239383233840265,0.06317494208753156
1473441,2025,12,4,1,-22.5,13.09090909090909,-64.34666666666666,6,4,terminal_mid,0.05947430728734776,0.07375103470057284
1473441,2025,12,5,1,-22.5,13.25581395348837,-64.04333333333335,6,4,terminal_mid,0.06472446805640131,0.07969430077407652
1473441,2025,12,6,1,-22.5,13.428571428571429,-63.74000000000001,6,4,terminal_mid,0.06159343077488755,0.076155603145851
1473441,2025,13,1,1,-22.5,13.170731707317074,-60.43666666666667,6,4,terminal_mid,0.07344603241067027,0.08234380138107183
1473441,2025,13,2,1,-22.5,13.350000000000001,-60.133333333333326,6,4,terminal_mid,0.07248668684817561,0.08132533438926673
1473441,2025,13,3,1,-22.5,13.538461538461538,-59.83000000000001,6,4,terminal_mid,0.07092882354139493,0.07966976455270149
1473441,2025,13,4,1,-22.5,13.263157894736842,-56.52666666666667,6,4,terminal_mid,0.07840521082901064,0.0875962687847255
1473441,2025,13,5,1,-22.5,12.648648648648647,-51.22333333333333,6,4,terminal_mid,0.10361216061726443,0.11401011073545309
1473441,2025,13,6,1,-22.5,12.833333333333332,-50.91999999999999,6,4,terminal_mid,0.09312276301076344,0.10307205659765113
1473441,2025,14,1,1,-22.5,12.514285714285716,-47.616666666666674,6,4,terminal_mid,0.10521857002896742,0.11456200970606914
1473441,2025,14,2,1,-22.5,12.705882352941178,-47.31333333333333,6,4,terminal_mid,0.10031466215539096,0.10949454514650435
1473441,2025,14,3,1,-22.5,12.909090909090908,-47.00999999999999,6,4,terminal_mid,0.10708607613203776,0.11648821674124264
1473441,2025,14,4,1,-22.5,13.125,-46.70666666666665,6,4,terminal_mid,0.10149738184258085,0.11071798113763143
1473441,2025,14,5,1,-22.5,12.387096774193548,-41.403333333333336,6,4,terminal_mid,0.1426493703307484,0.15283537478830553
1473441,2025,14,6,1,-22.5,12.600000000000001,-41.099999999999994,6,4,terminal_mid,0.14005663420340336,0.1502049691219299
1473441,2025,14,7,1,-22.5,12.827586206896552,-40.79666666666665,6,4,terminal_mid,0.13217504648994383,0.14219130128645632
1473441,2025,15,1,1,-22.5,11.586206896551724,-34.79666666666665,6,4,terminal_mid,0.1897714209656118,0.19804196183199374
1473441,2025,15,2,1,-22.5,11.142857142857142,-31.49333333333331,6,4,terminal_mid,0.2332012663689888,0.24115261790549322
1473441,2025,15,3,1,-22.5,11.333333333333332,-31.189999999999998,6,4,terminal_mid,0.22805981126288208,0.23606915367072576
1473441,2025,15,4,1,-22.5,10.846153846153847,-27.886666666666656,6,4,terminal_mid,0.29617960133909405,0.30306271796899686
1473441,2025,15,5,1,-22.5,10.32,-24.583333333333314,6,4,terminal_mid,0.4000647698175357,0.40415081707274264
1473441,2025,15,6,1,-22.5,10.5,-24.279999999999973,6,4,terminal_mid,0.43621981951166755,0.43914643082440746
1473442,2025,7,1,0,67.25,13.09090909090909,-26.66749999999999,1,9,terminal_mid,0.14032311165218458,0.1708722501479096
1473442,2025,7,2,0,67.25,12.947368421052632,-24.49000000000001,1,9,terminal_mid,0.15947459474848039,0.1899895687555491
1473442,2025,7,3,0,67.25,13.12,-26.3125,1,9,terminal_mid,0.1513840709102675,0.18196612150564825
1473442,2025,7,4,0,67.25,13.216216216216216,-27.13499999999999,1,9,terminal_mid,0.14928243568967556,0.1798696322160721
1473442,2025,7,5,0,67.25,13.397260273972602,-28.95750000000001,1,9,terminal_mid,0.13722879188567236,0.16774125052709607
1473442,2025,7,6,0,67.25,13.5,-29.779999999999987,1,9,terminal_mid,0.12346215902396597,0.15365299359338574
1473442,2025,8,1,0,67.25,13.35211267605634,-27.602500000000006,1,9,terminal_mid,0.14042782282249638,0.1677216238896394
1473442,2025,8,2,0,67.25,13.200000000000001,-25.424999999999997,1,9,terminal_mid,0.15649759862849966,0.18392168322341157
1473442,2025,8,3,0,67.25,13.391304347826088,-27.247500000000016,1,9,terminal_mid,0.15344318038511548,0.1808633135007172
1473442,2025,8,4,0,67.25,13.588235294117647,-29.069999999999993,1,9,terminal_mid,0.13494363314105612,0.1621277748579458
1473442,2025,8,5,0,67.25,13.701492537313435,-29.892499999999984,1,9,terminal_mid,0.13000136853362027,0.15705602569371116
1473442,2025,8,6,0,67.25,13.81818181818182,-30.714999999999975,1,9,terminal_mid,0.12718751502110304,0.15415494056171056
1473442,2025,8,7,0,67.25,13.938461538461539,-31.537499999999994,1,9,terminal_mid,0.12414899511847807,0.151010846471944
1473442,2025,9,1,0,67.25,13.384615384615385,-25.537499999999994,1,9,terminal_mid,0.15877919583684358,0.1978810819878669
1473442,2025,9,2,0,67.25,13.5,-26.36,1,9,terminal_mid,0.14687585802517902,0.18572835859108694
1473442,2025,9,3,0,67.25,13.619047619047619,-27.182500000000005,1,9,terminal_mid,0.14015783124244155,0.1787832637781171
1473442,2025,9,4,0,67.25,13.741935483870968,-28.004999999999967,1,9,terminal_mid,0.1446564615572674,0.18344111117286963
1473442,2025,9,5,0,67.25,13.868852459016395,-28.827499999999986,1,9,terminal_mid,0.13219971601845526,0.17046925482412859
1473442,2025,9,6,0,67.25,14.0,-29.650000000000006,1,9,terminal_mid,0.13006674881423091,0.16822406946791776
1473442,2025,10,1,0,67.25,14.135593220338983,-30.472499999999997,1,9,terminal_mid,0.11970157420502517,0.14911773056152386
1473442,2025,10,2,0,67.25,14.172413793103448,-30.294999999999987,1,9,terminal_mid,0.11625498173886378,0.14539418110974395
1473442,2025,10,3,0,67.25,14.315789473684209,-31.117500000000007,1,9,terminal_mid,0.1063201623959871,0.1345662247560566
1473442,2025,10,4,0,67.25,13.92857142857143,-26.939999999999998,1,9,terminal_mid,0.14610845954800356,0.1771462304761915
1473442,2025,10,5,0,67.25,14.07272727272727,-27.762500000000017,1,9,terminal_mid,0.149160567505826,0.18033366781109117
1473442,2025,10,6,0,67.25,13.666666666666666,-23.58499999999998,1,9,terminal_mid,0.1700154332295062,0.20185955838127026
1473442,2025,11,1,0,67.25,13.471698113207548,-21.4075,1,9,terminal_mid,0.19988455782289374,0.23234815269456388
1473442,2025,11,2,0,67.25,13.615384615384615,-22.22999999999999,1,9,terminal_mid,0.19709174775998548,0.2294978961782064
1473442,2025,11,3,0,67.25,13.76470588235294,-23.05249999999998,1,9,terminal_mid,0.18627359355114212,0.2184035275052787
1473442,2025,11,4,0,67.25,13.919999999999998,-23.875,1,9,terminal_mid,0.1716577571343106,0.2032712030651913
1473442,2025,11,5,0,67.25,13.46938775510204,-19.69750000000002,1,9,terminal_mid,0.2257533715797739,0.2584979213917272
1473442,2025,11,6,0,67.25,13.25,-17.519999999999982,1,9,terminal_mid,0.24711270629524829,0.2797768364042362
1473442,2025,11,7,0,67.25,13.53191489361702,-19.3425,1,9,terminal_mid,0.23683393571853745,0.2695697739424711
1473442,2025,12,1,0,67.25,12.76595744680851,-13.342500000000001,1,9,terminal_mid,0.31359543079275226,0.3340316321442037
1473442,2025,12,2,0,67.25,12.913043478260867,-14.16500000000002,1,9,terminal_mid,0.30922076483419375,0.32982127491067476
1473442,2025,12,3,0,67.25,13.200000000000001,-25.099999999999994,2,8,terminal_mid,0.19096574982521977,0.2133901841699452
1473442,2025,12,4,0,67.25,13.363636363636363,-25.72,2,8,terminal_mid,0.2008443944016211,0.22335235542560916
1473442,2025,12,5,0,67.25,13.11627906976744,-23.340000000000003,2,8,terminal_mid,0.2238234877574913,0.2463331825253543
1473442,2025,12,6,0,67.25,13.142857142857144,-22.95999999999998,2,8,terminal_mid,0.23703632459524124,0.2594351337762258
1473442,2025,13,1,0,67.25,12.585365853658537,-18.579999999999984,2,8,terminal_mid,0.2806104385180952,0.2915248147692483
1473442,2025,13,2,0,67.25,12.299999999999999,-16.200000000000017,2,8,terminal_mid,0.31564175764897917,0.32566733065494163
1473442,2025,13,3,0,67.25,12.615384615384617,-17.819999999999993,2,8,terminal_mid,0.3004567683473669,0.3108941368251576
1473442,2025,13,4,0,67.25,12.0,-13.43999999999997,2,8,terminal_mid,0.35303275806314527,0.36189397885185687
1473442,2025,13,5,0,67.25,12.324324324324323,-15.060000000000002,2,8,terminal_mid,0.3453994024034581,0.3545141714937023
1473442,2025,13,6,0,67.25,12.5,-15.680000000000007,2,8,terminal_mid,0.33512047012866336,0.34456433829299504
1473442,2025,14,1,0,67.25,12.685714285714287,-16.299999999999983,2,8,terminal_mid,0.32574779033173834,0.33368823434053785
1473442,2025,14,2,0,67.25,12.882352941176471,-16.919999999999987,2,8,terminal_mid,0.31364130470711626,0.32194004323793574
1473442,2025,14,3,0,67.25,13.272727272727272,-18.54000000000002,2,8,terminal_mid,0.3103066825680978,0.3187005029171236
1473442,2025,14,4,0,67.25,13.5,-19.159999999999997,2,8,terminal_mid,0.30173220303194587,0.3103629902802641
1473442,2025,14,5,0,67.25,13.935483870967744,-20.78,2,8,terminal_mid,0.2743577506255486,0.2836664580543482
1473442,2025,14,6,0,67.25,14.2,-21.400000000000006,2,8,terminal_mid,0.26720197392913303,0.276666377610114
1473442,2025,14,7,0,67.25,14.482758620689655,-22.019999999999982,2,8,terminal_mid,0.2567277237496334,0.2664024700718153
1473442,2025,15,1,0,67.25,14.068965517241377,-20.019999999999982,2,8,terminal_mid,0.2783398522120361,0.285586362667452
1473442,2025,15,2,0,67.25,14.357142857142858,-20.640000000000015,2,8,terminal_mid,0.26263812808687054,0.27016704721799756
1473442,2025,15,3,0,67.25,14.666666666666668,-21.25999999999999,2,8,terminal_mid,0.23994102962915959,0.24780893363261788
1473442,2025,15,4,0,67.25,15.0,-21.879999999999995,2,8,terminal_mid,0.22860887875908142,0.2366122673737245
1473442,2025,15,5,0,67.25,15.36,-22.49999999999997,2,8,terminal_mid,0.21546713168737955,0.22359676396170017
1473442,2025,15,6,0,67.25,15.5,-22.120000000000005,2,8,terminal_mid,0.2227404880120789,0.23080448767966352
1473443,2025,7,1,1,-29.0,8.103896103896105,-15.7975,1,9,terminal_mid,0.8173792478166109,0.7803656885325653
1473443,2025,7,2,1,-29.0,8.131578947368421,-15.930000000000007,1,9,terminal_mid,0.8154996424319703,0.7785117140630554
1473443,2025,7,3,1,-29.0,8.24,-17.0625,1,9,terminal_mid,0.7981909938536003,0.7615985744539115
1473443,2025,7,4,1,-29.0,8.27027027027027,-17.194999999999993,1,9,terminal_mid,0.7944309036816345,0.7579604544090373
1473443,2025,7,5,1,-29.0,8.301369863013699,-17.3275,1,9,terminal_mid,0.798884309923595,0.762270752049479
1473443,2025,7,6,1,-29.0,8.083333333333334,-14.459999999999994,1,9,terminal_mid,0.8136049701541563,0.7766464384233591
1473443,2025,8,1,1,-29.0,8.112676056338028,-14.592500000000001,1,9,terminal_mid,0.8339576863716978,0.803808287798271
1473443,2025,8,2,1,-29.0,8.142857142857142,-14.724999999999994,1,9,terminal_mid,0.8287462470997073,0.7986026330757218
1473443,2025,8,3,1,-29.0,8.173913043478262,-14.857500000000002,1,9,terminal_mid,0.831123394507205,0.8009739510025957
1473443,2025,8,4,1,-29.0,8.205882352941178,-14.989999999999995,1,9,terminal_mid,0.8180863793231401,0.788032203024574
1473443,2025,8,5,1,-29.0,8.238805970149254,-15.122499999999988,1,9,terminal_mid,0.8260780876884858,0.7959472684191826
1473443,2025,8,6,1,-29.0,8.272727272727273,-15.254999999999981,1,9,terminal_mid,0.8203640819401639,0.7902823261313773
1473443,2025,9,1,1,-29.0,8.399999999999999,-16.38749999999999,1,9,terminal_mid,0.8143884031304425,0.782913284723826
1473443,2025,9,2,1,-29.0,8.53125,-17.519999999999996,1,9,terminal_mid,0.812012923249898,0.7806387146215098
1473443,2025,9,3,1,-29.0,8.095238095238095,-12.65249999999999,1,9,terminal_mid,0.8446632162963794,0.8123961427447759
1473443,2025,9,4,1,-29.0,8.032258064516128,-11.784999999999982,1,9,terminal_mid,0.8516992881628827,0.8193941350753906
1473443,2025,9,5,1,-29.0,8.065573770491802,-11.917500000000004,1,9,terminal_mid,0.8518155418681859,0.8195102714406464
1473443,2025,9,6,1,-29.0,8.2,-13.050000000000011,1,9,terminal_mid,0.8521768483288241,0.8198713217414387
1473443,2025,10,1,1,-29.0,8.338983050847459,-21.60666666666667,2,8,terminal_mid,0.8000571189038082,0.7834954634097833
1473443,2025,10,2,1,-29.0,8.379310344827587,-21.61333333333333,2,8,terminal_mid,0.811972824260083,0.7948478103502
1473443,2025,10,3,1,-29.0,8.421052631578947,-21.620000000000005,2,8,terminal_mid,0.8236972751011058,0.8061013118170701
1473443,2025,10,4,1,-29.0,8.464285714285715,-21.62666666666668,2,8,terminal_mid,0.813072192690953,0.7958993878882834
1473443,2025,10,5,1,-29.0,7.963636363636365,-16.633333333333326,2,8,terminal_mid,0.8540602038754528,0.8356885896109516
1473443,2025,10,6,1,-29.0,8.0,-16.639999999999986,2,8,terminal_mid,0.8522726068329205,0.8339268680926067
1473443,2025,11,1,1,-29.0,7.471698113207546,-11.646666666666675,2,8,terminal_mid,0.8912349139617197,0.8803668840964856
1473443,2025,11,2,1,-29.0,7.5,-11.653333333333336,2,8,terminal_mid,0.8895878580554306,0.8787320595215061
1473443,2025,11,3,1,-29.0,7.529411764705882,-11.659999999999982,2,8,terminal_mid,0.8815940457643477,0.8708305880133873
1473443,2025,11,4,1,-29.0,7.68,-12.666666666666657,2,8,terminal_mid,0.8851013603820461,0.8742908020395118
1473443,2025,11,5,1,-29.0,7.714285714285715,-12.673333333333332,2,8,terminal_mid,0.8816869498752233,0.8709221154124483
1473443,2025,11,6,1,-29.0,7.75,-12.679999999999993,2,8,terminal_mid,0.871306189418158,0.8607366285532063
1473443,2025,12,1,1,-29.0,7.404255319148936,-9.686666666666667,2,8,terminal_mid,0.9050072307820216,0.8944409552985518
1473443,2025,12,2,1,-29.0,7.434782608695652,-9.693333333333342,2,8,terminal_mid,0.9079445791298042,0.8974472209008668
1473443,2025,12,3,1,-29.0,7.066666666666666,-6.699999999999989,2,8,terminal_mid,0.944153798152879,0.9352762432061899
1473443,2025,12,4,1,-29.0,7.090909090909092,-6.7066666666666634,2,8,terminal_mid,0.9438019865695295,0.9349004376906194
1473443,2025,12,5,1,-29.0,7.116279069767442,-6.713333333333338,2,8,terminal_mid,0.9390063680141154,0.9297966547936344
1473443,2025,12,6,1,-29.0,7.0,-5.719999999999999,2,8,terminal_mid,0.9512136882891848,0.9428608601872939
1473443,2025,13,1,1,-29.0,7.024390243902438,-5.7266666666666595,2,8,terminal_mid,0.9451848699867893,0.9389516676497986
1473443,2025,13,2,1,-29.0,7.050000000000001,-5.7333333333333485,2,8,terminal_mid,0.9482062018894887,0.9421512366889239
1473443,2025,13,3,1,-29.0,7.076923076923077,-5.739999999999995,2,8,terminal_mid,0.9452325454316137,0.9390020799512862
1473443,2025,13,4,1,-29.0,7.105263157894736,-5.7466666666666555,2,8,terminal_mid,0.9468744895461365,0.940739750042692
1473443,2025,13,5,1,-29.0,7.135135135135135,-5.75333333333333,2,8,terminal_mid,0.9417520519914269,0.9353279226436615
1473443,2025,13,6,1,-29.0,7.166666666666666,-5.760000000000005,2,8,terminal_mid,0.9448148290908459,0.9385604650072121
1473443,2025,14,1,1,-29.0,7.199999999999999,-5.7666666666666515,2,8,terminal_mid,0.9422241423321651,0.9357798926205224
1473443,2025,14,2,1,-29.0,7.235294117647058,-5.773333333333326,2,8,terminal_mid,0.9367832153891751,0.9300408467556086
1473443,2025,14,3,1,-29.0,7.272727272727273,-5.780000000000001,2,8,terminal_mid,0.9392280862598139,0.9326163000846549
1473443,2025,14,4,1,-29.0,7.3125,-5.786666666666662,2,8,terminal_mid,0.9357712666686324,0.928976408023967
1473443,2025,14,5,1,-29.0,7.35483870967742,-5.7933333333333366,2,8,terminal_mid,0.9391934803405945,0.9325798080021908
1473443,2025,14,6,1,-29.0,6.8,-2.8000000000000114,2,8,terminal_mid,0.9565612107825494,0.9510472241655267
1473443,2025,15,1,1,-29.0,6.206896551724139,0.19333333333334224,2,8,terminal_mid,0.9788980187964087,0.976070097614458
1473443,2025,15,2,1,-29.0,6.428571428571429,-0.8133333333333326,2,8,terminal_mid,0.9724250200439382,0.9690409817643393
1473443,2025,15,3,1,-29.0,6.444444444444445,-0.8199999999999932,2,8,terminal_mid,0.9722178478091642,0.9688171861599294
1473443,2025,15,4,1,-29.0,6.6923076923076925,-1.826666666666668,2,8,terminal_mid,0.9616074716914345,0.957435945934809
1473443,2025,15,5,1,-29.0,6.720000000000001,-1.8333333333333286,2,8,terminal_mid,0.9608804871701726,0.956661320828398
1473443,2025,15,6,1,-29.0,6.75,-1.8399999999999892,2,8,terminal_mid,0.9627487443661809,0.9586532361886374
1473444,2025,7,1,1,-5.357142857142861,7.324675324675324,16.72500000000001,1,9,terminal_mid,0.9372410806960152,0.9091983817044827
1473444,2025,7,2,1,-5.357142857142861,7.342105263157894,16.299999999999997,1,9,terminal_mid,0.9390796674308657,0.9114232673320688
1473444,2025,7,3,1,-5.357142857142861,7.120000000000001,18.875,1,9,terminal_mid,0.9537396426431128,0.9296392863405801
1473444,2025,7,4,1,-5.357142857142861,7.135135135135135,18.450000000000003,1,9,terminal_mid,0.9547762407582667,0.9309633556961302
1473444,2025,7,5,1,-5.357142857142861,7.15068493150685,18.02499999999999,1,9,terminal_mid,0.9578726350425479,0.9349509343747762
1473444,2025,7,6,1,-5.357142857142861,7.166666666666666,17.60000000000001,1,9,terminal_mid,0.9604442678631251,0.9383018397503496
1473444,2025,7,7,1,-5.357142857142861,7.183098591549296,17.174999999999997,1,9,terminal_mid,0.9610786901407182,0.9391342717725156
1473444,2025,7,8,1,-5.357142857142861,6.942857142857143,19.75,1,9,terminal_mid,0.969942299433661,0.951032421957879
1473444,2025,7,9,1,-5.357142857142861,6.9565217391304355,19.32499999999999,1,9,terminal_mid,0.9703070196562285,0.9515338839692522
1473444,2025,8,1,1,-5.357142857142861,6.507042253521128,25.174999999999997,1,9,terminal_mid,0.9763597692313724,0.9631324019571544
1473444,2025,8,2,1,-5.357142857142861,6.514285714285714,24.75,1,9,terminal_mid,0.9764153843905667,0.9632076441748132
1473444,2025,8,3,1,-5.357142857142861,6.260869565217391,27.32499999999999,1,9,terminal_mid,0.9769557099455282,0.9639399726391237
1473444,2025,8,4,1,-5.357142857142861,6.264705882352942,26.900000000000006,1,9,terminal_mid,0.9777331696140764,0.9649979803998964
1473444,2025,8,5,1,-5.357142857142861,6.35820895522388,14.866666666666688,2,8,terminal_mid,0.9684973151092076,0.9527224191976212
1473444,2025,8,6,1,-5.357142857142861,6.454545454545454,13.600000000000009,2,8,terminal_mid,0.9521168199414811,0.9321466861234821
1473444,2025,8,7,1,-5.357142857142861,6.553846153846154,12.333333333333343,2,8,terminal_mid,0.9565468872412677,0.9375899069024825
1473444,2025,9,1,1,-5.357142857142861,6.184615384615384,16.333333333333343,2,8,terminal_mid,0.9625465535113891,0.942123815016661
1473444,2025,9,2,1,-5.357142857142861,6.1875,16.066666666666677,2,8,terminal_mid,0.9643157347396808,0.9444149669506819
1473444,2025,9,3,1,-5.357142857142861,6.190476190476192,15.800000000000011,2,8,terminal_mid,0.9645694238856741,0.9447451351308513
1473444,2025,9,4,1,-5.357142857142861,6.193548387096774,15.533333333333331,2,8,terminal_mid,0.9696574576854531,0.9514602470801263
1473444,2025,9,5,1,-5.357142857142861,6.19672131147541,15.26666666666668,2,8,terminal_mid,0.970634478112125,0.9527715141210966
1473444,2025,9,6,1,-5.357142857142861,6.200000000000001,15.0,2,8,terminal_mid,0.9725843821564051,0.955411589267316
1473444,2025,10,1,1,-5.357142857142861,6.305084745762713,13.733333333333334,2,8,terminal_mid,0.9731867096923481,0.9630388905990814
1473444,2025,10,2,1,-5.357142857142861,6.310344827586206,13.466666666666669,2,8,terminal_mid,0.9732714426446158,0.9631423874551706
1473444,2025,10,3,1,-5.357142857142861,6.0,16.200000000000003,2,8,terminal_mid,0.9781669689028578,0.9691938352331068
1473444,2025,10,4,1,-5.357142857142861,5.678571428571429,18.933333333333323,2,8,terminal_mid,0.9841626211255263,0.9768343148347315
1473444,2025,10,5,1,-5.357142857142861,5.781818181818181,17.66666666666667,2,8,terminal_mid,0.9843528237922787,0.9770817074191939
1473444,2025,10,6,1,-5.357142857142861,5.888888888888889,7.849999999999994,3,7,terminal_mid,0.9688154485757299,0.9577503208896533
1473444,2025,10,7,1,-5.357142857142861,6.0,6.741666666666646,3,7,terminal_mid,0.9624555094804399,0.950212898388409
1473444,2025,11,1,1,-5.357142857142861,5.320754716981132,12.741666666666646,3,7,terminal_mid,0.9734786319844736,0.966650104289386
1473444,2025,11,2,1,-5.357142857142861,5.423076923076923,11.633333333333326,3,7,terminal_mid,0.9757615669693012,0.9692672959321972
1473444,2025,11,3,1,-5.357142857142861,5.529411764705882,10.525000000000006,3,7,terminal_mid,0.9771449765561452,0.9708646663242527
1473444,2025,11,4,1,-5.357142857142861,5.5200000000000005,10.416666666666686,3,7,terminal_mid,0.9785645628025846,0.972513449651433
1473444,2025,11,5,1,-5.357142857142861,5.142857142857142,13.308333333333337,3,7,terminal_mid,0.9826362394535394,0.9773031765023608
1473444,2025,11,6,1,-5.357142857142861,5.25,12.200000000000017,3,7,terminal_mid,0.9835819173270584,0.9784300724383901
1473444,2025,12,1,1,-5.357142857142861,5.23404255319149,12.091666666666669,3,7,terminal_mid,0.9857508519108369,0.9816940641870551
1473444,2025,12,2,1,-5.357142857142861,5.217391304347826,11.98333333333332,3,7,terminal_mid,0.9858718469324665,0.9818381823576826
1473444,2025,12,3,1,-5.357142857142861,5.2,11.875,3,7,terminal_mid,0.9865275640601803,0.9826208649927458
1473444,2025,12,4,1,-5.357142857142861,5.181818181818182,11.766666666666652,3,7,terminal_mid,0.9858931005963381,0.9818635074312363
1473444,2025,12,5,1,-5.357142857142861,5.162790697674419,11.658333333333303,3,7,terminal_mid,0.987091672964369,0.9832965101176955
1473444,2025,12,6,1,-5.357142857142861,5.285714285714286,3.9000000000000057,4,6,terminal_mid,0.9618197012306082,0.9544309183274666
1473444,2025,13,1,1,-5.357142857142861,5.2682926829268295,3.9499999999999886,4,6,terminal_mid,0.9562050194765856,0.9506723966457689
1473444,2025,13,2,1,-5.357142857142861,5.25,4.0,4,6,terminal_mid,0.9550526412323159,0.9494399443456755
1473444,2025,13,3,1,-5.357142857142861,5.230769230769231,4.050000000000011,4,6,terminal_mid,0.9570843399220681,0.951613978918877
1473444,2025,13,4,1,-5.357142857142861,4.7368421052631575,7.099999999999994,4,6,terminal_mid,0.9776476917844854,0.9739841636545112
1473444,2025,13,5,1,-5.357142857142861,4.702702702702703,7.150000000000006,4,6,terminal_mid,0.9783173927489053,0.9747268898319972
1473444,2025,13,6,1,-5.357142857142861,4.666666666666667,7.199999999999989,4,6,terminal_mid,0.9803164112199637,0.9769508984780146
1473444,2025,14,1,1,-5.357142857142861,4.628571428571429,7.25,4,6,terminal_mid,0.9816155761995091,0.9784380508916314
1473444,2025,14,2,1,-5.357142857142861,4.764705882352941,0.9166666666666572,5,5,terminal_mid,0.9455910660801092,0.9393454528849279
1473444,2025,14,3,1,-5.357142857142861,4.727272727272727,1.125,5,5,terminal_mid,0.9402377718180919,0.9336815046316848
1473444,2025,14,4,1,-5.357142857142861,4.6875,1.3333333333333144,5,5,terminal_mid,0.9433555612139448,0.9369768095764172
1473444,2025,14,5,1,-5.357142857142861,4.064516129032258,4.541666666666657,5,5,terminal_mid,0.9509537403894359,0.9450487409096542
1473444,2025,14,6,1,-5.357142857142861,4.199999999999999,3.75,5,5,terminal_mid,0.9599366626966092,0.9546769965194221
1473444,2025,14,7,1,-5.357142857142861,3.1034482758620694,8.958333333333343,5,5,terminal_mid,0.976212200845461,0.9724267149593981
1473444,2025,15,1,1,-5.357142857142861,2.896551724137931,9.958333333333343,5,5,terminal_mid,0.9775610744391032,0.9746120451296185
1473444,2025,15,2,1,-5.357142857142861,1.7142857142857142,15.166666666666686,5,5,terminal_mid,0.9818543581820874,0.979307450600078
1473444,2025,15,3,1,-5.357142857142861,0.8888888888888888,18.375,5,5,terminal_mid,0.9879912067183412,0.9860977883180467
1473444,2025,15,4,1,-5.357142857142861,0.6923076923076923,18.583333333333343,5,5,terminal_mid,0.9884128463873869,0.9865685598391543
1473444,2025,15,5,1,-5.357142857142861,0.48,18.791666666666657,5,5,terminal_mid,0.9887773156882853,0.986976016918845
1473444,2025,15,6,1,-5.357142857142861,0.5,18.0,5,5,terminal_mid,0.9890534511850826,0.9872850510172834
1473445,2025,7,1,0,31.60714285714286,12.233766233766232,-67.96333333333332,3,7,terminal_mid,0.045721464783631635,0.06701598331465376
1473445,2025,7,2,0,31.60714285714286,12.315789473684212,-68.10666666666665,3,7,terminal_mid,0.043649691084671004,0.06445301505832479
1473445,2025,7,3,0,31.60714285714286,12.400000000000002,-68.25,3,7,terminal_mid,0.042130234955477866,0.06256008191449472
1473445,2025,7,4,0,31.60714285714286,12.486486486486488,-68.39333333333335,3,7,terminal_mid,0.04252266430111516,0.0630500702806907
1473445,2025,7,5,0,31.60714285714286,12.493150684931507,-67.53666666666668,3,7,terminal_mid,0.04454465976900794,0.06556267391091682
1473445,2025,7,6,0,31.60714285714286,12.666666666666668,-68.68,3,7,terminal_mid,0.041219203143547434,0.06141954611015419
1473445,2025,8,1,0,31.60714285714286,12.760563380281688,-68.82333333333335,3,7,terminal_mid,0.04159787485693283,0.05911558113215863
1473445,2025,8,2,0,31.60714285714286,12.857142857142858,-68.96666666666667,3,7,terminal_mid,0.040041191598788356,0.05720061812639681
1473445,2025,8,3,0,31.60714285714286,12.695652173913043,-66.11,3,7,terminal_mid,0.052772674341701874,0.07257484513603724
1473445,2025,8,4,0,31.60714285714286,12.794117647058822,-66.25333333333334,3,7,terminal_mid,0.05713616801376607,0.07770965305402376
1473445,2025,8,5,0,31.60714285714286,12.985074626865671,-78.34,4,6,terminal_mid,0.0224061235151014,0.034596884423890514
1473445,2025,8,6,0,31.60714285714286,13.09090909090909,-78.32,4,6,terminal_mid,0.026023480711724216,0.03939496700547536
1473445,2025,9,1,0,31.60714285714286,13.292307692307693,-79.30000000000001,4,6,terminal_mid,0.025304565615010495,0.04348265433543845
1473445,2025,9,2,0,31.60714285714286,12.9375,-74.28,4,6,terminal_mid,0.03469830580544986,0.056598157481488345
1473445,2025,9,3,0,31.60714285714286,13.142857142857144,-75.26000000000002,4,6,terminal_mid,0.034768078684890694,0.05669297092564603
1473445,2025,9,4,0,31.60714285714286,12.96774193548387,-72.23999999999998,4,6,terminal_mid,0.04210947981297299,0.06648994641120673
1473445,2025,9,5,0,31.60714285714286,13.081967213114755,-72.22,4,6,terminal_mid,0.03935468196858059,0.0628534933546204
1473445,2025,9,6,0,31.60714285714286,13.200000000000001,-72.19999999999999,4,6,terminal_mid,0.039725086436026597,0.06334509695502576
1473445,2025,10,1,0,31.60714285714286,13.322033898305083,-72.18,4,6,terminal_mid,0.03994865325684033,0.05723535101421115
1473445,2025,10,2,0,31.60714285714286,13.551724137931036,-73.16,4,6,terminal_mid,0.03653150892275124,0.05290608709966371
1473445,2025,10,3,0,31.60714285714286,13.68421052631579,-73.14000000000001,4,6,terminal_mid,0.03386585171429731,0.04949200386422131
1473445,2025,10,4,0,31.60714285714286,13.82142857142857,-73.12,4,6,terminal_mid,0.03494591543338093,0.050879393295162036
1473445,2025,10,5,0,31.60714285714286,13.963636363636363,-73.10000000000002,4,6,terminal_mid,0.033556630777977534,0.049093742401187496
1473445,2025,10,6,0,31.60714285714286,13.777777777777779,-70.07999999999998,4,6,terminal_mid,0.04876731033989633,0.06819133251541089
1473445,2025,11,1,0,31.60714285714286,14.037735849056602,-71.06000000000003,4,6,terminal_mid,0.04362376776868521,0.060100592268609684
1473445,2025,11,2,0,31.60714285714286,14.307692307692307,-72.03999999999999,4,6,terminal_mid,0.03807969073225592,0.05318644354794748
1473445,2025,11,3,0,31.60714285714286,14.470588235294116,-72.02000000000001,4,6,terminal_mid,0.03241980247725443,0.04601107141327239
1473445,2025,11,4,0,31.60714285714286,14.76,-73.0,4,6,terminal_mid,0.02874316082794479,0.041277622439305654
1473445,2025,11,5,0,31.60714285714286,14.938775510204081,-72.97999999999999,4,6,terminal_mid,0.027888763124898668,0.04016859215699539
1473445,2025,11,6,0,31.60714285714286,15.25,-73.96000000000001,4,6,terminal_mid,0.02511731824289353,0.03654566715880117
1473445,2025,12,1,0,31.60714285714286,15.574468085106382,-82.61666666666667,5,5,terminal_mid,0.010742339225851667,0.015214476596829422
1473445,2025,12,2,0,31.60714285714286,15.913043478260867,-83.43333333333334,5,5,terminal_mid,0.008590406047705355,0.012367377940911013
1473445,2025,12,3,0,31.60714285714286,16.133333333333333,-83.25,5,5,terminal_mid,0.008312804497977541,0.011996386051710497
1473445,2025,12,4,0,31.60714285714286,15.954545454545455,-80.06666666666666,5,5,terminal_mid,0.01127382950525209,0.015910573848316963
1473445,2025,12,5,0,31.60714285714286,16.325581395348838,-87.90666666666667,6,4,terminal_mid,0.005534149570990993,0.00822482703991171
1473445,2025,12,6,0,31.60714285714286,16.57142857142857,-87.56,6,4,terminal_mid,0.00563436955143879,0.008362980911933129
1473445,2025,13,1,0,31.60714285714286,16.829268292682926,-87.21333333333331,6,4,terminal_mid,0.005429928261042106,0.006909536221704093
1473445,2025,13,2,0,31.60714285714286,16.950000000000003,-85.86666666666667,6,4,terminal_mid,0.005490806396574345,0.006983443554704459
1473445,2025,13,3,0,31.60714285714286,17.23076923076923,-85.52000000000001,6,4,terminal_mid,0.005371711380241704,0.006838823368104414
1473445,2025,13,4,0,31.60714285714286,17.526315789473685,-85.17333333333332,6,4,terminal_mid,0.005247321660005407,0.00668761312378316
1473445,2025,13,5,0,31.60714285714286,17.83783783783784,-84.82666666666668,6,4,terminal_mid,0.005060426193863742,0.006460102894458592
1473445,2025,13,6,0,31.60714285714286,18.166666666666664,-84.47999999999999,6,4,terminal_mid,0.0050469957041288,0.006443738820489119
1473445,2025,14,1,0,31.60714285714286,18.514285714285716,-84.13333333333333,6,4,terminal_mid,0.004909080655300257,0.006167214433783957
1473445,2025,14,2,0,31.60714285714286,18.705882352941178,-82.78666666666669,6,4,terminal_mid,0.0049502257659089135,0.0062166509634124425
1473445,2025,14,3,0,31.60714285714286,19.272727272727273,-83.44,6,4,terminal_mid,0.004696452909941099,0.005911441779092529
1473445,2025,14,4,0,31.60714285714286,19.6875,-83.09333333333333,6,4,terminal_mid,0.004628884640130547,0.0058300564920102105
1473445,2025,14,5,0,31.60714285714286,19.935483870967744,-81.74666666666667,6,4,terminal_mid,0.004802813048200248,0.006039446589430174
1473445,2025,14,6,0,31.60714285714286,19.799999999999997,-78.4,6,4,terminal_mid,0.005083773055273195,0.006376985221781636
1473445,2025,15,1,0,31.60714285714286,20.275862068965516,-78.05333333333334,6,4,terminal_mid,0.005012896201659526,0.006023865561998072
1473445,2025,15,2,0,31.60714285714286,21.0,-83.28,7,3,terminal_mid,0.004423210517412065,0.005338767153509245
1473445,2025,15,3,0,31.60714285714286,21.77777777777778,-83.77000000000001,7,3,terminal_mid,0.004419329860078655,0.0053342481446482315
1473445,2025,15,4,0,31.60714285714286,22.153846153846153,-82.26000000000002,7,3,terminal_mid,0.004417151308506629,0.005331711168138544
1473445,2025,15,5,0,31.60714285714286,23.04,-82.75,7,3,terminal_mid,0.004411121385196013,0.005324688940520464
1473445,2025,15,6,0,31.60714285714286,24.0,-83.23999999999998,7,3,terminal_mid,0.004406731206764101,0.0053195760825838915
1473446,2025,7,1,0,17.560000000000002,11.064935064935064,-40.386666666666656,2,8,terminal_mid,0.1441043588312139,0.17468166510020836
1473446,2025,7,2,0,17.560000000000002,10.894736842105264,-37.69333333333333,2,8,terminal_mid,0.16754485616864512,0.1979218382077845
1473446,2025,7,3,0,17.560000000000002,10.96,-38.0,2,8,terminal_mid,0.17118405638045836,0.20147680588161232
1473446,2025,7,4,0,17.560000000000002,11.027027027027028,-38.30666666666666,2,8,terminal_mid,0.16725418770014,0.19763731985671845
1473446,2025,7,5,0,17.560000000000002,10.684931506849315,-33.613333333333344,2,8,terminal_mid,0.24760481447417027,0.2735788666992956
1473446,2025,7,6,0,17.560000000000002,10.75,-33.92,2,8,terminal_mid,0.22100066514123318,0.24896167634147803
1473446,2025,7,7,0,17.560000000000002,10.816901408450704,-34.22666666666666,2,8,terminal_mid,0.22371494814235368,0.25149398887987817
1473446,2025,8,1,0,17.560000000000002,10.563380281690142,-31.22666666666666,2,8,terminal_mid,0.30446721438418967,0.3240501374713768
1473446,2025,8,2,0,17.560000000000002,10.628571428571428,-31.533333333333303,2,8,terminal_mid,0.2989521511849377,0.3190288697322735
1473446,2025,8,3,0,17.560000000000002,10.695652173913043,-31.840000000000003,2,8,terminal_mid,0.3033828736174589,0.32306373966303803
1473446,2025,8,4,0,17.560000000000002,10.764705882352942,-32.14666666666666,2,8,terminal_mid,0.28518522138164726,0.30644521324826846
1473446,2025,8,5,0,17.560000000000002,10.835820895522389,-32.45333333333332,2,8,terminal_mid,0.2916952646291844,0.31240476401536027
1473446,2025,8,6,0,17.560000000000002,10.636363636363637,-29.75999999999999,2,8,terminal_mid,0.3443176973324191,0.36004032991741874
1473446,2025,9,1,0,17.560000000000002,10.707692307692309,-30.066666666666663,2,8,terminal_mid,0.33542047288469967,0.363311539798526
1473446,2025,9,2,0,17.560000000000002,10.78125,-30.37333333333332,2,8,terminal_mid,0.32964710276333425,0.35819730187804977
1473446,2025,9,3,0,17.560000000000002,10.857142857142858,-30.679999999999993,2,8,terminal_mid,0.330392535401836,0.35885836307715224
1473446,2025,9,4,0,17.560000000000002,10.838709677419354,-29.986666666666665,2,8,terminal_mid,0.34451591286419947,0.37134298483229017
1473446,2025,9,5,0,17.560000000000002,10.918032786885245,-30.293333333333322,2,8,terminal_mid,0.337964145207597,0.3655607424023364
1473446,2025,9,6,0,17.560000000000002,11.100000000000001,-31.599999999999994,2,8,terminal_mid,0.3303527420628991,0.3588230792836195
1473446,2025,10,1,0,17.560000000000002,11.1864406779661,-31.906666666666666,2,8,terminal_mid,0.2989053014615846,0.3277267305853321
1473446,2025,10,2,0,17.560000000000002,11.275862068965518,-32.213333333333324,2,8,terminal_mid,0.3012604371943929,0.3299422984729152
1473446,2025,10,3,0,17.560000000000002,10.842105263157896,-27.519999999999996,2,8,terminal_mid,0.40798182805907196,0.42835170899089176
1473446,2025,10,4,0,17.560000000000002,10.928571428571429,-27.826666666666668,2,8,terminal_mid,0.394147904962137,0.4157750279411164
1473446,2025,10,5,0,17.560000000000002,11.01818181818182,-28.133333333333326,2,8,terminal_mid,0.38941850874198847,0.4114654705202809
1473446,2025,10,6,0,17.560000000000002,11.222222222222223,-29.439999999999984,2,8,terminal_mid,0.38155294634967357,0.40428616425224945
1473446,2025,10,7,0,17.560000000000002,11.320754716981131,-29.746666666666684,2,8,terminal_mid,0.35630812575115356,0.3811335876170777
1473446,2025,11,1,0,17.560000000000002,11.320754716981131,-29.746666666666684,2,8,terminal_mid,0.3590932620748027,0.3877750024268042
1473446,2025,11,2,0,17.560000000000002,11.538461538461538,-31.05333333333334,2,8,terminal_mid,0.33574080536229595,0.36566322160578024
1473446,2025,11,3,0,17.560000000000002,11.76470588235294,-40.69,3,7,terminal_mid,0.18550491572981803,0.21761188412343677
1473446,2025,11,4,0,17.560000000000002,12.0,-41.833333333333314,3,7,terminal_mid,0.1893758107235276,0.22159385857080185
1473446,2025,11,5,0,17.560000000000002,12.0,-40.97666666666666,3,7,terminal_mid,0.19979531731925435,0.2322571622820182
1473446,2025,11,6,0,17.560000000000002,12.25,-42.120000000000005,3,7,terminal_mid,0.19192074561547642,0.224205677380257
1473446,2025,12,1,0,17.560000000000002,12.382978723404255,-42.26333333333332,3,7,terminal_mid,0.20211552396593824,0.22463046764553063
1473446,2025,12,2,0,17.560000000000002,12.652173913043478,-43.406666666666666,3,7,terminal_mid,0.18561660512142747,0.20797345954748284
1473446,2025,12,3,0,17.560000000000002,12.8,-43.55000000000001,3,7,terminal_mid,0.18058574332534033,0.20286412156638364
1473446,2025,12,4,0,17.560000000000002,12.272727272727273,-38.69333333333336,3,7,terminal_mid,0.22911477420859416,0.25158936657370223
1473446,2025,12,5,0,17.560000000000002,12.418604651162791,-38.83666666666667,3,7,terminal_mid,0.22436877866868965,0.24687544372006784
1473446,2025,12,6,0,17.560000000000002,12.714285714285715,-46.84,4,6,terminal_mid,0.13395637972147686,0.15472892909297042
1473446,2025,13,1,0,17.560000000000002,13.02439024390244,-47.82000000000002,4,6,terminal_mid,0.13630422659216246,0.1476920281907571
1473446,2025,13,2,0,17.560000000000002,13.200000000000001,-47.80000000000001,4,6,terminal_mid,0.13063901315580417,0.1418950292927155
1473446,2025,13,3,0,17.560000000000002,13.538461538461538,-48.78,4,6,terminal_mid,0.12168794921263007,0.13270345302765382
1473446,2025,13,4,0,17.560000000000002,13.578947368421051,-47.76000000000002,4,6,terminal_mid,0.13012845751565966,0.14137183582189145
1473446,2025,13,5,0,17.560000000000002,13.945945945945944,-48.73999999999998,4,6,terminal_mid,0.1096241359621889,0.12024824928577604
1473446,2025,13,6,0,17.560000000000002,14.166666666666668,-48.72,4,6,terminal_mid,0.10357880306442167,0.1139754374020932
1473446,2025,14,1,0,17.560000000000002,14.57142857142857,-49.69999999999999,4,6,terminal_mid,0.06877886826892682,0.07653412153942296
1473446,2025,14,2,0,17.560000000000002,15.0,-50.68000000000001,4,6,terminal_mid,0.060286441290024285,0.06752660131241553
1473446,2025,14,3,0,17.560000000000002,14.727272727272727,-47.66,4,6,terminal_mid,0.08099387126340753,0.08938447897906968
1473446,2025,14,4,0,17.560000000000002,15.1875,-48.639999999999986,4,6,terminal_mid,0.06612439797586471,0.07372556159543205
1473446,2025,14,5,0,17.560000000000002,15.483870967741936,-48.620000000000005,4,6,terminal_mid,0.05938663181023705,0.06656831705473601
1473446,2025,14,6,0,17.560000000000002,15.8,-48.599999999999994,4,6,terminal_mid,0.057515649236081594,0.06457321505485643
1473446,2025,15,1,0,17.560000000000002,16.137931034482758,-48.579999999999984,4,6,terminal_mid,0.05388511827417259,0.05929842964510979
1473446,2025,15,2,0,17.560000000000002,16.714285714285715,-49.56,4,6,terminal_mid,0.037600915477616986,0.04196717184804332
1473446,2025,15,3,0,17.560000000000002,17.333333333333332,-50.53999999999999,4,6,terminal_mid,0.03217030437235725,0.036122188655380104
1473446,2025,15,4,0,17.560000000000002,18.0,-51.52000000000001,4,6,terminal_mid,0.027665008202104956,0.03124242702613207
1473446,2025,15,5,0,17.560000000000002,18.48,-51.5,4,6,terminal_mid,0.025476081812506268,0.02886019443780562
1473446,2025,15,6,0,17.560000000000002,19.25,-56.400000000000006,5,5,terminal_mid,0.01694451897638436,0.01948908854078804
1473447,2025,7,1,1,-61.0,7.558441558441559,8.591666666666676,0,10,terminal_mid,0.9314575702524088,0.9022752787899502
1473447,2025,7,2,1,-61.0,7.5,9.233333333333327,0,10,terminal_mid,0.9341474084279793,0.9054812567094223
1473447,2025,7,3,1,-61.0,7.5200000000000005,8.875,0,10,terminal_mid,0.9349436961652855,0.9064349080868134
1473447,2025,7,4,1,-61.0,7.621621621621621,7.516666666666673,0,10,terminal_mid,0.9267062264966974,0.896667908257953
1473447,2025,7,5,1,-61.0,7.397260273972603,10.158333333333324,0,10,terminal_mid,0.9406998537654243,0.9133939936561175
1473447,2025,7,6,1,-61.0,7.5,8.799999999999997,0,10,terminal_mid,0.9349330569980782,0.9064221523717784
1473447,2025,8,1,1,-61.0,7.521126760563381,8.441666666666663,0,10,terminal_mid,0.9343455033507398,0.9110106458074492
1473447,2025,8,2,1,-61.0,7.542857142857143,8.083333333333343,0,10,terminal_mid,0.9340178185625359,0.9106300153056075
1473447,2025,8,3,1,-61.0,7.565217391304348,7.724999999999994,0,10,terminal_mid,0.9327121102314032,0.9091162533595801
1473447,2025,8,4,1,-61.0,7.6764705882352935,6.36666666666666,0,10,terminal_mid,0.9276282091760157,0.9032651647073339
1473447,2025,8,5,1,-61.0,7.611940298507463,7.00833333333334,0,10,terminal_mid,0.9310154948507601,0.9071561401107133
1473447,2025,8,6,1,-61.0,7.545454545454545,7.650000000000006,0,10,terminal_mid,0.9375929865939101,0.9147991463214684
1473447,2025,9,1,1,-61.0,7.661538461538461,-2.5374999999999943,1,9,terminal_mid,0.9016671937136983,0.8711501461552194
1473447,2025,9,2,1,-61.0,7.6875,-2.760000000000005,1,9,terminal_mid,0.9002821405849964,0.869657153365059
1473447,2025,9,3,1,-61.0,7.428571428571429,0.017499999999998295,1,9,terminal_mid,0.9209574603435343,0.8923903341112984
1473447,2025,9,4,1,-61.0,7.161290322580646,2.795000000000016,1,9,terminal_mid,0.9464647939872314,0.9220757394986014
1473447,2025,9,5,1,-61.0,6.688524590163934,7.572500000000005,1,9,terminal_mid,0.9717784961540796,0.9543166276021817
1473447,2025,9,6,1,-61.0,6.8,-1.7999999999999972,2,8,terminal_mid,0.9439310316516892,0.9190254372306755
1473447,2025,10,1,1,-61.0,6.813559322033899,-1.8866666666666703,2,8,terminal_mid,0.937693157068552,0.9221630382815902
1473447,2025,10,2,1,-61.0,6.517241379310345,1.0266666666666708,2,8,terminal_mid,0.949153407648361,0.9349264675467883
1473447,2025,10,3,1,-61.0,6.526315789473685,0.9399999999999977,2,8,terminal_mid,0.9498081824407143,0.9356660365949641
1473447,2025,10,4,1,-61.0,6.0,5.853333333333325,2,8,terminal_mid,0.9740848420117354,0.9641379433695864
1473447,2025,10,5,1,-61.0,5.672727272727273,8.766666666666666,2,8,terminal_mid,0.9796631587613468,0.9710743031902901
1473447,2025,10,6,1,-61.0,5.666666666666666,8.680000000000021,2,8,terminal_mid,0.9810922059295879,0.9728857217575181
1473447,2025,10,7,1,-61.0,5.660377358490566,8.59333333333332,2,8,terminal_mid,0.9822259101050752,0.9743342311539489
1473447,2025,11,1,1,-61.0,5.547169811320755,9.59333333333332,2,8,terminal_mid,0.9827585809716057,0.9774486301759558
1473447,2025,11,2,1,-61.0,5.653846153846153,1.443333333333328,3,7,terminal_mid,0.9612072948313923,0.9529129352828728
1473447,2025,11,3,1,-61.0,5.647058823529411,1.4924999999999926,3,7,terminal_mid,0.9604127562885924,0.9520397270283133
1473447,2025,11,4,1,-61.0,5.64,1.5416666666666856,3,7,terminal_mid,0.9622804097950479,0.9540950978473101
1473447,2025,11,5,1,-61.0,5.63265306122449,1.590833333333336,3,7,terminal_mid,0.9653599611874472,0.9575062673866437
1473447,2025,11,6,1,-61.0,5.625,1.6400000000000006,3,7,terminal_mid,0.9672722766693862,0.9596393041277925
1473447,2025,12,1,1,-61.0,5.617021276595745,1.6891666666666652,3,7,terminal_mid,0.9698845741790045,0.9634024481735556
1473447,2025,12,2,1,-61.0,5.608695652173913,1.7383333333333297,3,7,terminal_mid,0.9720661588540815,0.9658605718099663
1473447,2025,12,3,1,-61.0,5.6,1.7874999999999943,3,7,terminal_mid,0.9729902416687533,0.9669063243343596
1473447,2025,12,4,1,-61.0,5.590909090909091,1.836666666666659,3,7,terminal_mid,0.9723998614614726,0.9662378909058513
1473447,2025,12,5,1,-61.0,5.162790697674419,4.8858333333333235,3,7,terminal_mid,0.9782107446323876,0.972870555536218
1473447,2025,12,6,1,-61.0,5.142857142857142,4.935000000000002,3,7,terminal_mid,0.9786975402305734,0.973432052401729
1473447,2025,13,1,1,-61.0,5.121951219512195,4.984166666666667,3,7,terminal_mid,0.9797376884103858,0.9763059241256711
1473447,2025,13,2,1,-61.0,5.1,5.033333333333331,3,7,terminal_mid,0.9859672791837211,0.9833034063316897
1473447,2025,13,3,1,-61.0,4.3076923076923075,10.08250000000001,3,7,terminal_mid,0.9875271643438901,0.9850774220531913
1473447,2025,13,4,1,-61.0,4.2631578947368425,10.131666666666675,3,7,terminal_mid,0.9877567060033665,0.9853393536949295
1473447,2025,13,5,1,-61.0,4.216216216216217,10.180833333333325,3,7,terminal_mid,0.987806228137005,0.9853958947979279
1473447,2025,13,6,1,-61.0,3.666666666666667,13.22999999999999,3,7,terminal_mid,0.9888369254077528,0.9865752696884548
1473447,2025,14,1,1,-61.0,3.5999999999999996,13.279166666666669,3,7,terminal_mid,0.9889125596637194,0.9866982306163327
1473447,2025,14,2,1,-61.0,3.5294117647058822,13.328333333333319,3,7,terminal_mid,0.9890334177332021,0.9868368297391021
1473447,2025,14,3,1,-61.0,3.6363636363636367,12.377499999999998,3,7,terminal_mid,0.9892912254917192,0.9871327175453151
1473447,2025,14,4,1,-61.0,3.5625,12.426666666666677,3,7,terminal_mid,0.9894072742026436,0.98726601386647
1473447,2025,14,5,1,-61.0,3.483870967741936,12.475833333333355,3,7,terminal_mid,0.989535399657001,0.9874132597333757
1473447,2025,14,6,1,-61.0,2.8,15.525000000000006,3,7,terminal_mid,0.9890684370580444,0.986877002734059
1473447,2025,15,1,1,-61.0,2.689655172413793,15.574166666666656,3,7,terminal_mid,0.9891264792942598,0.9873668281368033
1473447,2025,15,2,1,-61.0,1.9285714285714288,18.623333333333335,3,7,terminal_mid,0.9886191240180022,0.9867991071225285
1473447,2025,15,3,1,-61.0,2.0,17.672499999999985,3,7,terminal_mid,0.9888761073829132,0.9870865455198797
1473447,2025,15,4,1,-61.0,1.153846153846154,20.721666666666664,3,7,terminal_mid,0.9897026155166213,0.9880127187646845
1473447,2025,15,5,1,-61.0,0.96,20.770833333333343,3,7,terminal_mid,0.9899755283711198,0.9883191402150259
1473447,2025,15,6,1,-61.0,-0.5,25.819999999999993,3,7,terminal_mid,0.9866413586901959,0.9845947285353883
1473448,2025,7,1,0,9.25,10.675324675324676,-42.57333333333332,2,8,terminal_mid,0.13319132278843096,0.1636368595340203
1473448,2025,7,2,0,9.25,10.736842105263158,-42.78666666666666,2,8,terminal_mid,0.16556421610572236,0.1959813873988197
1473448,2025,7,3,0,9.25,10.8,-43.0,2,8,terminal_mid,0.15771998708484172,0.18825573139006982
1473448,2025,7,4,0,9.25,10.45945945945946,-38.213333333333324,2,8,terminal_mid,0.1891745425073839,0.21886492495998325
1473448,2025,7,5,0,9.25,10.602739726027398,-39.42666666666668,2,8,terminal_mid,0.18482237870428628,0.2146856074518108
1473448,2025,7,6,0,9.25,10.75,-40.64,2,8,terminal_mid,0.18249962428716754,0.21244822008443398
1473448,2025,8,1,0,9.25,10.563380281690142,-37.853333333333325,2,8,terminal_mid,0.21383973676204351,0.23983242768761295
1473448,2025,8,2,0,9.25,10.628571428571428,-38.06666666666665,2,8,terminal_mid,0.21228458610220988,0.23834872003780158
1473448,2025,8,3,0,9.25,10.782608695652174,-39.28,2,8,terminal_mid,0.19696180486437748,0.2236419568404346
1473448,2025,8,4,0,9.25,10.852941176470589,-39.493333333333325,2,8,terminal_mid,0.19847472633249336,0.2251014150180614
1473448,2025,8,5,0,9.25,10.925373134328357,-39.70666666666665,2,8,terminal_mid,0.19744091585184717,0.22410431773891304
1473448,2025,8,6,0,9.25,11.0,-39.91999999999999,2,8,terminal_mid,0.19265181698890974,0.2194750170980885
1473448,2025,9,1,0,9.25,10.8,-37.133333333333326,2,8,terminal_mid,0.23394620695862164,0.27104085997811966
1473448,2025,9,2,0,9.25,10.40625,-32.34666666666665,2,8,terminal_mid,0.3038674956958859,0.33519173434253613
1473448,2025,9,3,0,9.25,10.571428571428571,-43.11500000000001,3,7,terminal_mid,0.17776962229339247,0.2169033858321136
1473448,2025,9,4,0,9.25,10.741935483870968,-44.17666666666666,3,7,terminal_mid,0.18046070438401102,0.2195656384349881
1473448,2025,9,5,0,9.25,10.819672131147541,-44.23833333333336,3,7,terminal_mid,0.17683184827896725,0.2159738008540644
1473448,2025,9,6,0,9.25,10.9,-44.3,3,7,terminal_mid,0.17937361021399686,0.2184911359735448
1473448,2025,10,1,0,9.25,10.677966101694915,-41.36166666666668,3,7,terminal_mid,0.21303139285189526,0.24505885243966835
1473448,2025,10,2,0,9.25,10.758620689655173,-41.42333333333333,3,7,terminal_mid,0.21264719746945962,0.24467923811033424
1473448,2025,10,3,0,9.25,10.842105263157896,-41.485,3,7,terminal_mid,0.1992789958509161,0.2314049286643661
1473448,2025,10,4,0,9.25,11.035714285714285,-42.54666666666667,3,7,terminal_mid,0.1972620574875594,0.22939073310301591
1473448,2025,10,5,0,9.25,11.236363636363636,-43.608333333333334,3,7,terminal_mid,0.19502473684279423,0.22715282046410853
1473448,2025,10,6,0,9.25,11.0,-40.670000000000016,3,7,terminal_mid,0.22730309145629296,0.2590899724665169
1473448,2025,11,1,0,9.25,11.09433962264151,-40.73166666666668,3,7,terminal_mid,0.20943319502939098,0.24205208115292146
1473448,2025,11,2,0,9.25,11.307692307692307,-41.79333333333334,3,7,terminal_mid,0.2073737758047361,0.23996444804126907
1473448,2025,11,3,0,9.25,11.411764705882351,-41.855000000000004,3,7,terminal_mid,0.22001721566904986,0.25273696653702227
1473448,2025,11,4,0,9.25,10.92,-36.91666666666666,3,7,terminal_mid,0.2541542692126182,0.2867356183468671
1473448,2025,11,5,0,9.25,11.142857142857142,-45.41,4,6,terminal_mid,0.16073706037072935,0.1918488424407627
1473448,2025,11,6,0,9.25,11.25,-45.31999999999999,4,6,terminal_mid,0.17119724501691108,0.20279159874037192
1473448,2025,12,1,0,9.25,11.361702127659575,-45.22999999999999,4,6,terminal_mid,0.16421236380294538,0.18612954124323353
1473448,2025,12,2,0,9.25,11.478260869565219,-45.140000000000015,4,6,terminal_mid,0.16743547654506818,0.18943704567955982
1473448,2025,12,3,0,9.25,11.6,-45.05000000000001,4,6,terminal_mid,0.15825469280347748,0.1799978896451312
1473448,2025,12,4,0,9.25,11.727272727272727,-44.96000000000001,4,6,terminal_mid,0.16516252715329766,0.1871052826182056
1473448,2025,12,5,0,9.25,11.86046511627907,-44.870000000000005,4,6,terminal_mid,0.15418202467495037,0.17579245347602165
1473448,2025,12,6,0,9.25,12.0,-44.78,4,6,terminal_mid,0.1599297599536515,0.18172427188270418
1473448,2025,13,1,0,9.25,11.707317073170731,-41.69,4,6,terminal_mid,0.18531459582899162,0.19727367517329406
1473448,2025,13,2,0,9.25,11.7,-40.599999999999994,4,6,terminal_mid,0.18952702517950565,0.2014935208702744
1473448,2025,13,3,0,9.25,11.846153846153847,-40.50999999999999,4,6,terminal_mid,0.18710302871741313,0.19906597794465664
1473448,2025,13,4,0,9.25,12.0,-40.420000000000016,4,6,terminal_mid,0.1684596392570458,0.18032762403324687
1473448,2025,13,5,0,9.25,12.0,-39.329999999999984,4,6,terminal_mid,0.20210842457446127,0.21406296404172448
1473448,2025,13,6,0,9.25,12.0,-38.24000000000001,4,6,terminal_mid,0.20907482356562676,0.22100177752997582
1473448,2025,14,1,0,9.25,12.17142857142857,-38.150000000000006,4,6,terminal_mid,0.1916700018195325,0.20209937755297197
1473448,2025,14,2,0,9.25,12.529411764705884,-39.06,4,6,terminal_mid,0.18511538781938236,0.19555878228552454
1473448,2025,14,3,0,9.25,12.545454545454545,-37.97,4,6,terminal_mid,0.19669340553760203,0.20710340024249088
1473448,2025,14,4,0,9.25,12.1875,-34.879999999999995,4,6,terminal_mid,0.22697035652080028,0.23711770078566616
1473448,2025,14,5,0,9.25,12.387096774193548,-34.78999999999999,4,6,terminal_mid,0.2258442293598127,0.23600552372106404
1473448,2025,14,6,0,9.25,12.600000000000001,-34.69999999999999,4,6,terminal_mid,0.22080913931137114,0.23102904394121843
1473448,2025,14,7,0,9.25,13.03448275862069,-35.609999999999985,4,6,terminal_mid,0.22336436266325557,0.23355529763595292
1473448,2025,14,8,0,9.25,13.07142857142857,-34.52000000000001,4,6,terminal_mid,0.23132563711744017,0.24141619334309733
1473448,2025,15,1,0,9.25,12.620689655172413,-33.609999999999985,4,6,terminal_mid,0.24754722913428123,0.25531121304343607
1473448,2025,15,2,0,9.25,13.07142857142857,-34.52000000000001,4,6,terminal_mid,0.2253884752603967,0.23342595555130827
1473448,2025,15,3,0,9.25,13.333333333333334,-34.43000000000001,4,6,terminal_mid,0.21405055695812963,0.22219171417055245
1473448,2025,15,4,0,9.25,12.461538461538463,-29.340000000000003,4,6,terminal_mid,0.35328625738948505,0.358752619953045
1473448,2025,15,5,0,9.25,12.96,-34.041666666666686,5,5,terminal_mid,0.1949807471448406,0.20323483745031637
1473448,2025,15,6,0,9.25,13.5,-34.80000000000001,5,5,terminal_mid,0.1749947051117742,0.18327546223383148
1473449,2025,7,1,1,-61.111111111111114,4.207792207792208,13.990000000000002,1,9,terminal_mid,0.991061812948113,0.9824972302669525
1473449,2025,7,2,1,-61.111111111111114,4.2631578947368425,13.119999999999997,1,9,terminal_mid,0.991956359928479,0.9840023643612037
1473449,2025,7,3,1,-61.111111111111114,3.84,18.25,1,9,terminal_mid,0.9926898728324125,0.9852556869523161
1473449,2025,7,4,1,-61.111111111111114,3.8108108108108105,18.380000000000003,1,9,terminal_mid,0.9928712016058787,0.985568406575326
1473449,2025,7,5,1,-61.111111111111114,3.8630136986301373,17.509999999999998,1,9,terminal_mid,0.9929779588340313,0.9857530837247616
1473449,2025,7,6,1,-61.111111111111114,3.916666666666667,16.64,1,9,terminal_mid,0.993246516459973,0.9862195574785768
1473449,2025,8,1,1,-61.111111111111114,3.971830985915493,15.769999999999996,1,9,terminal_mid,0.9933845666296965,0.9878458847381063
1473449,2025,8,2,1,-61.111111111111114,3.942857142857143,15.900000000000006,1,9,terminal_mid,0.9933663128440149,0.9878165664316289
1473449,2025,8,3,1,-61.111111111111114,3.9130434782608696,16.029999999999994,1,9,terminal_mid,0.9934192834140527,0.9879016740699904
1473449,2025,8,4,1,-61.111111111111114,3.9705882352941178,15.160000000000004,1,9,terminal_mid,0.9936611369547088,0.988291400739877
1473449,2025,8,5,1,-61.111111111111114,3.9402985074626864,15.290000000000006,1,9,terminal_mid,0.9936275147882605,0.9882371077339895
1473449,2025,8,6,1,-61.111111111111114,4.0,14.420000000000016,1,9,terminal_mid,0.9941717863470108,0.9891207106656957
1473449,2025,9,1,1,-61.111111111111114,3.5076923076923077,19.550000000000004,1,9,terminal_mid,0.9942004949866228,0.9879641246773022
1473449,2025,9,2,1,-61.111111111111114,3.5625,18.68,1,9,terminal_mid,0.9942326770206977,0.9880207344986452
1473449,2025,9,3,1,-61.111111111111114,3.0476190476190474,23.810000000000002,1,9,terminal_mid,0.9944345775137405,0.9883770339348409
1473449,2025,9,4,1,-61.111111111111114,3.0,23.940000000000012,1,9,terminal_mid,0.9944850600136201,0.9884664366603229
1473449,2025,9,5,1,-61.111111111111114,2.8524590163934427,25.07,1,9,terminal_mid,0.9943862311820755,0.9882915335603892
1473449,2025,9,6,1,-61.111111111111114,2.8,25.199999999999996,1,9,terminal_mid,0.9942249962276458,0.9880072190937246
1473449,2025,10,1,1,-61.111111111111114,2.7457627118644066,25.33,1,9,terminal_mid,0.9941648611167534,0.9904780962356315
1473449,2025,10,2,1,-61.111111111111114,2.689655172413793,25.460000000000008,1,9,terminal_mid,0.9942858633594481,0.9906544172919758
1473449,2025,10,3,1,-61.111111111111114,2.7368421052631575,24.590000000000003,1,9,terminal_mid,0.994292991433666,0.9906648169335486
1473449,2025,10,4,1,-61.111111111111114,2.7857142857142856,18.306666666666658,2,8,terminal_mid,0.9940053288606374,0.9902462471887481
1473449,2025,10,5,1,-61.111111111111114,2.8363636363636364,17.53333333333333,2,8,terminal_mid,0.9910339566174093,0.9860360385526432
1473449,2025,10,6,1,-61.111111111111114,2.2222222222222223,22.760000000000005,2,8,terminal_mid,0.990795378942469,0.9857055586549301
1473449,2025,11,1,1,-61.111111111111114,2.150943396226415,22.986666666666665,2,8,terminal_mid,0.9912480513172506,0.9878342029073006
1473449,2025,11,2,1,-61.111111111111114,1.7307692307692306,26.21333333333334,2,8,terminal_mid,0.9906345367221863,0.9870596489212186
1473449,2025,11,3,1,-61.111111111111114,1.647058823529412,26.440000000000012,2,8,terminal_mid,0.990815053148391,0.9872870527260549
1473449,2025,11,4,1,-61.111111111111114,1.6800000000000002,25.66666666666667,2,8,terminal_mid,0.9924667476503419,0.9893879443916227
1473449,2025,11,5,1,-61.111111111111114,1.5918367346938775,25.89333333333333,2,8,terminal_mid,0.9931765974936555,0.9903033238948166
1473449,2025,11,6,1,-61.111111111111114,1.5,26.120000000000005,2,8,terminal_mid,0.993144751812006,0.9902620789044444
1473449,2025,12,1,1,-61.111111111111114,1.0212765957446808,29.346666666666664,2,8,terminal_mid,0.9935164650981295,0.9911828563696385
1473449,2025,12,2,1,-61.111111111111114,0.5217391304347826,32.57333333333332,2,8,terminal_mid,0.9939108292969077,0.9916819456262793
1473449,2025,12,3,1,-61.111111111111114,0.4,32.80000000000001,2,8,terminal_mid,0.9937554158603767,0.9914849873562152
1473449,2025,12,4,1,-61.111111111111114,0.2727272727272727,33.02666666666667,2,8,terminal_mid,0.9942877411323536,0.9921611599696837
1473449,2025,12,5,1,-61.111111111111114,-0.5581395348837209,38.25333333333333,2,8,terminal_mid,0.9904395455677413,0.9873562520010599
1473450,2025,7,1,1,2.461538461538453,7.1688311688311686,7.752499999999998,1,9,terminal_mid,0.9516010361961105,0.9269240027539196
1473450,2025,7,2,1,2.461538461538453,7.184210526315789,7.469999999999985,1,9,terminal_mid,0.9526933503154005,0.9283081432043072
1473450,2025,7,3,1,2.461538461538453,7.199999999999999,7.1875,1,9,terminal_mid,0.95176159651852,0.9271271085215171
1473450,2025,7,4,1,2.461538461538453,7.297297297297297,5.905000000000015,1,9,terminal_mid,0.9513190798519742,0.9265676225682637
1473450,2025,7,5,1,2.461538461538453,7.068493150684931,8.622500000000002,1,9,terminal_mid,0.9644445222902709,0.9435911384372387
1473450,2025,7,6,1,2.461538461538453,6.833333333333333,11.340000000000003,1,9,terminal_mid,0.9709816914556785,0.9524642644574934
1473450,2025,8,1,1,2.461538461538453,6.845070422535212,11.05749999999999,1,9,terminal_mid,0.970689469478796,0.9555827801118512
1473450,2025,8,2,1,2.461538461538453,6.6000000000000005,13.775000000000006,1,9,terminal_mid,0.9775494652351802,0.9647475221785067
1473450,2025,8,3,1,2.461538461538453,6.608695652173913,13.492499999999993,1,9,terminal_mid,0.9777439028968662,0.9650126228862869
1473450,2025,8,4,1,2.461538461538453,6.61764705882353,13.210000000000008,1,9,terminal_mid,0.9773010610031484,0.9644093124566138
1473450,2025,8,5,1,2.461538461538453,6.6268656716417915,12.927500000000009,1,9,terminal_mid,0.9784662869155487,0.9660004213976258
1473450,2025,8,6,1,2.461538461538453,6.636363636363636,12.645000000000024,1,9,terminal_mid,0.9784131204895614,0.9659275637696583
1473450,2025,9,1,1,2.461538461538453,6.6461538461538465,12.362500000000011,1,9,terminal_mid,0.9785359544533165,0.9636846727707045
1473450,2025,9,2,1,2.461538461538453,6.65625,12.079999999999998,1,9,terminal_mid,0.9796433639350599,0.965264891212068
1473450,2025,9,3,1,2.461538461538453,6.666666666666667,11.7975,1,9,terminal_mid,0.979879776480634,0.9656041061371634
1473450,2025,9,4,1,2.461538461538453,6.193548387096774,16.515000000000015,1,9,terminal_mid,0.9851149862439676,0.9733070935978649
1473450,2025,9,5,1,2.461538461538453,6.295081967213115,15.232500000000002,1,9,terminal_mid,0.984864635482749,0.9729294419738738
1473450,2025,9,6,1,2.461538461538453,6.300000000000001,14.949999999999989,1,9,terminal_mid,0.9848270953553876,0.9728729027122721
1473450,2025,9,7,1,2.461538461538453,6.305084745762713,14.667500000000004,1,9,terminal_mid,0.985373719068174,0.9736984967781926
1473450,2025,10,1,1,2.461538461538453,6.305084745762713,6.259999999999991,2,8,terminal_mid,0.9754370698395991,0.9658013896751806
1473450,2025,10,2,1,2.461538461538453,6.206896551724139,7.1200000000000045,2,8,terminal_mid,0.9690032023400431,0.9579755335881548
1473450,2025,10,3,1,2.461538461538453,6.315789473684211,5.980000000000004,2,8,terminal_mid,0.9689261286326014,0.9578830627854751
1473450,2025,10,4,1,2.461538461538453,6.428571428571429,4.839999999999989,2,8,terminal_mid,0.9473097394521197,0.9328504289470227
1473450,2025,10,5,1,2.461538461538453,6.545454545454545,3.700000000000003,2,8,terminal_mid,0.9484204889697048,0.9341000559677624
1473450,2025,10,6,1,2.461538461538453,6.222222222222221,6.5600000000000165,2,8,terminal_mid,0.9765819344640994,0.9672183295018071
1473450,2025,11,1,1,2.461538461538453,6.226415094339623,6.4199999999999875,2,8,terminal_mid,0.9807524904759256,0.9750753334965956
1473450,2025,11,2,1,2.461538461538453,6.346153846153847,5.280000000000001,2,8,terminal_mid,0.979585305196476,0.9737054018222625
1473450,2025,11,3,1,2.461538461538453,6.470588235294118,4.140000000000015,2,8,terminal_mid,0.9626385516977991,0.954490362928434
1473450,2025,11,4,1,2.461538461538453,6.48,4.0,2,8,terminal_mid,0.9627812962156133,0.9546480068809671
1473450,2025,11,5,1,2.461538461538453,6.4897959183673475,3.8599999999999994,2,8,terminal_mid,0.9647887965932795,0.9568714319415264
1473450,2025,11,6,1,2.461538461538453,6.5,3.720000000000013,2,8,terminal_mid,0.9640088906298669,0.956006205158026
1473450,2025,12,1,1,2.461538461538453,6.638297872340425,2.5799999999999983,2,8,terminal_mid,0.9689648888261841,0.9623704811511407
1473450,2025,12,2,1,2.461538461538453,6.6521739130434785,2.4399999999999977,2,8,terminal_mid,0.968884560000566,0.9622804619929084
1473450,2025,12,3,1,2.461538461538453,6.2666666666666675,5.300000000000011,2,8,terminal_mid,0.9860712351889727,0.9820758803237681
1473450,2025,12,4,1,2.461538461538453,6.409090909090908,4.159999999999997,2,8,terminal_mid,0.9741187397704525,0.96818725782609
1473450,2025,12,5,1,2.461538461538453,6.41860465116279,4.019999999999996,2,8,terminal_mid,0.9733132718268381,0.9672725493934021
1473450,2025,12,6,1,2.461538461538453,6.428571428571429,3.8800000000000097,2,8,terminal_mid,0.9717257973097184,0.9654760910459154
1473450,2025,13,1,1,2.461538461538453,6.585365853658537,2.740000000000009,2,8,terminal_mid,0.9705803196268257,0.9662090107831072
1473450,2025,13,2,1,2.461538461538453,5.85,7.599999999999994,2,8,terminal_mid,0.9908616229154437,0.988907848033729
1473450,2025,13,3,1,2.461538461538453,5.384615384615385,10.460000000000008,2,8,terminal_mid,0.9926479644729795,0.9909863412483785
1473450,2025,13,4,1,2.461538461538453,5.526315789473684,9.320000000000007,2,8,terminal_mid,0.9925313586565174,0.9908499908979642
1473450,2025,13,5,1,2.461538461538453,5.675675675675675,8.180000000000007,2,8,terminal_mid,0.9923877051446994,0.9906821508236144
1473450,2025,13,6,1,2.461538461538453,4.833333333333334,13.039999999999992,2,8,terminal_mid,0.9946547074814388,0.9933504658878961
1473450,2025,14,1,1,2.461538461538453,4.9714285714285715,11.900000000000006,2,8,terminal_mid,0.9946590854142441,0.9933838464753726
1473450,2025,14,2,1,2.461538461538453,4.9411764705882355,11.759999999999991,2,8,terminal_mid,0.9948064992849968,0.9935586341562126
1473450,2025,14,3,1,2.461538461538453,4.909090909090909,11.620000000000005,2,8,terminal_mid,0.9948747541292811,0.9936396377526041
1473450,2025,14,4,1,2.461538461538453,4.3125,14.480000000000018,2,8,terminal_mid,0.995164377093589,0.9939838975452517
1473450,2025,14,5,1,2.461538461538453,4.451612903225806,13.340000000000003,2,8,terminal_mid,0.9952984214193601,0.9941435353113518
1473450,2025,14,6,1,2.461538461538453,3.4,18.19999999999999,2,8,terminal_mid,0.99583666082586,0.9947866332127485
1473450,2025,15,1,1,2.461538461538453,3.5172413793103443,17.060000000000002,2,8,terminal_mid,0.9958343759749555,0.9949923341923492
1473450,2025,15,2,1,2.461538461538453,3.6428571428571423,15.919999999999987,2,8,terminal_mid,0.9959686193307455,0.9951481319824389
1473450,2025,15,3,1,2.461538461538453,2.444444444444444,20.78,2,8,terminal_mid,0.9959004932403974,0.9950690445713284
1473450,2025,15,4,1,2.461538461538453,1.153846153846154,25.640000000000015,2,8,terminal_mid,0.9964070378916565,0.9956582729412123
1473450,2025,15,5,1,2.461538461538453,0.24,28.5,2,8,terminal_mid,0.9965478170942772,0.9958225422845532
1473450,2025,15,6,1,2.461538461538453,0.25,27.360000000000014,2,8,terminal_mid,0.996612601102845,0.9958982156745063
1473451,2025,7,1,1,-27.214285714285722,9.194805194805195,-19.402500000000003,1,9,terminal_mid,0.8203781099092229,0.7833310610137915
1473451,2025,7,2,1,-27.214285714285722,9.0,-16.67,1,9,terminal_mid,0.8390421298033224,0.8020036244410527
1473451,2025,7,3,1,-27.214285714285722,9.120000000000001,-17.9375,1,9,terminal_mid,0.8316449302179023,0.7945567009994361
1473451,2025,7,4,1,-27.214285714285722,9.243243243243244,-19.205,1,9,terminal_mid,0.8311210705957979,0.7940316898768913
1473451,2025,7,5,1,-27.214285714285722,9.287671232876711,-19.472499999999997,1,9,terminal_mid,0.8329704605473285,0.7958865233297556
1473451,2025,7,6,1,-27.214285714285722,9.416666666666666,-20.739999999999995,1,9,terminal_mid,0.8241781030648042,0.7871019722148275
1473451,2025,8,1,1,-27.214285714285722,9.464788732394366,-21.007500000000007,1,9,terminal_mid,0.8242973104626479,0.7941786483820454
1473451,2025,8,2,1,-27.214285714285722,9.257142857142858,-18.27499999999999,1,9,terminal_mid,0.8326274329291723,0.8024770564723392
1473451,2025,8,3,1,-27.214285714285722,8.869565217391305,-13.542500000000004,1,9,terminal_mid,0.8682958806921834,0.8388184412869574
1473451,2025,8,4,1,-27.214285714285722,9.0,-14.810000000000002,1,9,terminal_mid,0.8637238352890487,0.8340787930909769
1473451,2025,8,5,1,-27.214285714285722,8.597014925373134,-10.077499999999986,1,9,terminal_mid,0.8931308339963158,0.865062099707071
1473451,2025,8,6,1,-27.214285714285722,8.636363636363637,-10.344999999999985,1,9,terminal_mid,0.8905172637413605,0.8622571588336327
1473451,2025,9,1,1,-27.214285714285722,8.676923076923076,-10.612499999999997,1,9,terminal_mid,0.8879136313684166,0.8564913301045413
1473451,2025,9,2,1,-27.214285714285722,8.8125,-11.88000000000001,1,9,terminal_mid,0.8866996435013459,0.8552143525768043
1473451,2025,9,3,1,-27.214285714285722,8.571428571428571,-9.147499999999994,1,9,terminal_mid,0.8998078091633228,0.8691467599199815
1473451,2025,9,4,1,-27.214285714285722,8.612903225806452,-9.414999999999992,1,9,terminal_mid,0.8939848542877575,0.8629175663808012
1473451,2025,9,5,1,-27.214285714285722,8.655737704918034,-9.68249999999999,1,9,terminal_mid,0.8906431071778108,0.8593720448270316
1473451,2025,9,6,1,-27.214285714285722,8.799999999999999,-10.950000000000003,1,9,terminal_mid,0.8870057405132286,0.855536086855969
1473451,2025,10,1,1,-27.214285714285722,8.949152542372882,-12.217500000000001,1,9,terminal_mid,0.8810941408350883,0.862687878769252
1473451,2025,10,2,1,-27.214285714285722,9.103448275862068,-13.484999999999985,1,9,terminal_mid,0.8761850962969787,0.8577316329342876
1473451,2025,10,3,1,-27.214285714285722,8.842105263157894,-10.752499999999998,1,9,terminal_mid,0.8921400918401479,0.8739381579930705
1473451,2025,10,4,1,-27.214285714285722,8.892857142857142,-11.019999999999996,1,9,terminal_mid,0.8893008142434519,0.8710327960262849
1473451,2025,10,5,1,-27.214285714285722,8.945454545454545,-11.287500000000009,1,9,terminal_mid,0.889073749761558,0.8708008632202876
1473451,2025,10,6,1,-27.214285714285722,9.11111111111111,-12.554999999999993,1,9,terminal_mid,0.8842408481192428,0.8658785763052724
1473451,2025,11,1,1,-27.214285714285722,9.169811320754718,-12.822500000000005,1,9,terminal_mid,0.8858804101573664,0.8750607688384662
1473451,2025,11,2,1,-27.214285714285722,8.653846153846153,-8.090000000000003,1,9,terminal_mid,0.9081623725066921,0.8973173472595621
1473451,2025,11,3,1,-27.214285714285722,8.705882352941176,-8.357499999999987,1,9,terminal_mid,0.9022978542678486,0.8914126379368807
1473451,2025,11,4,1,-27.214285714285722,8.399999999999999,-5.625,1,9,terminal_mid,0.9213806068156024,0.9107680657209474
1473451,2025,11,5,1,-27.214285714285722,8.081632653061224,-2.8925000000000125,1,9,terminal_mid,0.9328307910914436,0.9226022923453704
1473451,2025,11,6,1,-27.214285714285722,8.125,-3.1599999999999824,1,9,terminal_mid,0.9301917444903953,0.9198580271465346
1473451,2025,12,1,1,-27.214285714285722,8.170212765957446,-3.427499999999995,1,9,terminal_mid,0.9325557395223116,0.9229835019429349
1473451,2025,12,2,1,-27.214285714285722,8.217391304347826,-3.6950000000000074,1,9,terminal_mid,0.928758153934909,0.9189981870257805
1473451,2025,12,3,1,-27.214285714285722,8.399999999999999,-11.299999999999997,2,8,terminal_mid,0.8955323065573788,0.884795464703619
1473451,2025,12,4,1,-27.214285714285722,8.590909090909092,-12.426666666666662,2,8,terminal_mid,0.8961291327705228,0.8854008051161292
1473451,2025,12,5,1,-27.214285714285722,8.790697674418604,-13.553333333333342,2,8,terminal_mid,0.8938745691527668,0.8831155882165571
1473451,2025,12,6,1,-27.214285714285722,8.428571428571427,-10.679999999999993,2,8,terminal_mid,0.9110342618620264,0.9006180896431161
1473451,2025,13,1,1,-27.214285714285722,8.487804878048781,-10.806666666666644,2,8,terminal_mid,0.9165037342428355,0.9089967364467098
1473451,2025,13,2,1,-27.214285714285722,8.55,-10.933333333333337,2,8,terminal_mid,0.9091116674707067,0.9013782221174103
1473451,2025,13,3,1,-27.214285714285722,8.615384615384615,-11.060000000000002,2,8,terminal_mid,0.9160721336737867,0.9085509066984636
1473451,2025,13,4,1,-27.214285714285722,8.68421052631579,-11.186666666666653,2,8,terminal_mid,0.9099446919361769,0.902234975767197
1473451,2025,13,5,1,-27.214285714285722,8.756756756756756,-11.313333333333333,2,8,terminal_mid,0.913059783946749,0.9054427776726864
1473451,2025,13,6,1,-27.214285714285722,8.0,-6.439999999999998,2,8,terminal_mid,0.9385051113781935,0.9319111185836966
1473451,2025,14,1,1,-27.214285714285722,8.057142857142857,-6.566666666666663,2,8,terminal_mid,0.9403917492581981,0.9338440320305506
1473451,2025,14,2,1,-27.214285714285722,8.294117647058822,-7.693333333333328,2,8,terminal_mid,0.9310527233907786,0.9240246805165495
1473451,2025,14,3,1,-27.214285714285722,8.545454545454547,-8.819999999999993,2,8,terminal_mid,0.9319251768990571,0.9249388477401955
1473451,2025,14,4,1,-27.214285714285722,8.625,-8.946666666666658,2,8,terminal_mid,0.9284158822518738,0.9212654998191726
1473451,2025,14,5,1,-27.214285714285722,8.129032258064516,-6.0733333333333235,2,8,terminal_mid,0.9434833656013909,0.937112091270673
1473451,2025,14,6,1,-27.214285714285722,7.199999999999999,-1.200000000000017,2,8,terminal_mid,0.9715713987860248,0.9673173694386313
1473451,2025,15,1,1,-27.214285714285722,7.241379310344827,-1.3266666666666538,2,8,terminal_mid,0.9694673900023179,0.9658522001266361
1473451,2025,15,2,1,-27.214285714285722,7.5,-2.4533333333333474,2,8,terminal_mid,0.9662939337157601,0.9624445841324191
1473451,2025,15,3,1,-27.214285714285722,7.555555555555555,-2.579999999999984,2,8,terminal_mid,0.966396685288154,0.9625547060488
1473451,2025,15,4,1,-27.214285714285722,7.846153846153847,-3.7066666666666777,2,8,terminal_mid,0.9601615011689277,0.955895804635426
1473451,2025,15,5,1,-27.214285714285722,7.92,-3.8333333333333144,2,8,terminal_mid,0.9581248017228516,0.9537303763473161
1473451,2025,15,6,1,-27.214285714285722,7.25,-0.960000000000008,2,8,terminal_mid,0.9743501548294988,0.9711238772900205
1473452,2025,7,1,0,5.64705882352942,11.61038961038961,-71.0,4,6,terminal_mid,0.06721177320077266,0.09257565660682786
1473452,2025,7,2,0,5.64705882352942,11.68421052631579,-71.00000000000003,4,6,terminal_mid,0.06742006844450893,0.09281557710138709
1473452,2025,7,3,0,5.64705882352942,11.84,-72.0,4,6,terminal_mid,0.060474587484427196,0.08474196864168823
1473452,2025,7,4,0,5.64705882352942,11.91891891891892,-72.0,4,6,terminal_mid,0.0556783277652888,0.07907180736686077
1473452,2025,7,5,0,5.64705882352942,12.0,-72.0,4,6,terminal_mid,0.05366450654129117,0.07666591116007959
1473452,2025,7,6,0,5.64705882352942,12.083333333333332,-72.0,4,6,terminal_mid,0.05197116441989856,0.07463071562115964
1473452,2025,8,1,0,5.64705882352942,12.169014084507042,-72.0,4,6,terminal_mid,0.049121827233512765,0.0682293599684014
1473452,2025,8,2,0,5.64705882352942,12.257142857142856,-71.99999999999997,4,6,terminal_mid,0.0488583764610107,0.06791394526433114
1473452,2025,8,3,0,5.64705882352942,12.08695652173913,-69.0,4,6,terminal_mid,0.06078527178131452,0.0819581183872586
1473452,2025,8,4,0,5.64705882352942,12.176470588235293,-69.0,4,6,terminal_mid,0.06292026522728433,0.08442565628414969
1473452,2025,8,5,0,5.64705882352942,12.358208955223882,-70.0,4,6,terminal_mid,0.06250263137043188,0.0839439920815129
1473452,2025,8,6,0,5.64705882352942,12.545454545454545,-71.0,4,6,terminal_mid,0.05637740406018287,0.07682115694506743
1473452,2025,9,1,0,5.64705882352942,12.646153846153847,-71.0,4,6,terminal_mid,0.0509894929874919,0.07792913081565975
1473452,2025,9,2,0,5.64705882352942,12.65625,-70.0,4,6,terminal_mid,0.055677924773946924,0.08381522283497689
1473452,2025,9,3,0,5.64705882352942,12.857142857142858,-81.5,5,5,terminal_mid,0.021476037473856423,0.0379009162274074
1473452,2025,9,4,0,5.64705882352942,13.064516129032256,-82.33333333333334,5,5,terminal_mid,0.020279072969890774,0.036121451921750015
1473452,2025,9,5,0,5.64705882352942,12.885245901639344,-79.16666666666666,5,5,terminal_mid,0.027147014931652686,0.04611510217000579
1473452,2025,9,6,0,5.64705882352942,13.0,-79.0,5,5,terminal_mid,0.025420047673184717,0.043648619343512135
1473452,2025,9,7,0,5.64705882352942,13.118644067796609,-78.83333333333334,5,5,terminal_mid,0.024219144914041927,0.04191615547190192
1473452,2025,10,1,0,5.64705882352942,13.118644067796609,-78.83333333333334,5,5,terminal_mid,0.024509500007654342,0.03720873736773134
1473452,2025,10,2,0,5.64705882352942,13.241379310344827,-78.66666666666666,5,5,terminal_mid,0.022321871094222467,0.03425723164789663
1473452,2025,10,3,0,5.64705882352942,13.368421052631579,-78.5,5,5,terminal_mid,0.021773439671857082,0.03351176740970256
1473452,2025,10,4,0,5.64705882352942,13.5,-78.33333333333331,5,5,terminal_mid,0.019710726294338232,0.03068660718947295
1473452,2025,10,5,0,5.64705882352942,13.745454545454546,-88.33333333333334,6,4,terminal_mid,0.006996593607841986,0.012230032943918527
1473452,2025,10,6,0,5.64705882352942,13.555555555555554,-85.0,6,4,terminal_mid,0.00995690392938706,0.01674125864702807
1473452,2025,10,7,0,5.64705882352942,13.69811320754717,-84.66666666666669,6,4,terminal_mid,0.009603969879495217,0.016212541519982065
1473452,2025,11,1,0,5.64705882352942,13.69811320754717,-84.66666666666669,6,4,terminal_mid,0.010408404953662624,0.016447046417553592
1473452,2025,11,2,0,5.64705882352942,13.73076923076923,-83.33333333333334,6,4,terminal_mid,0.010607194670505157,0.01673220866715102
1473452,2025,11,3,0,5.64705882352942,14.0,-84.0,6,4,terminal_mid,0.009423635074126137,0.01502647289857544
1473452,2025,11,4,0,5.64705882352942,14.28,-84.66666666666666,6,4,terminal_mid,0.007370034510032875,0.012016237612800115
1473452,2025,11,5,0,5.64705882352942,14.448979591836736,-84.33333333333334,6,4,terminal_mid,0.007112592982130572,0.011633670675744176
1473452,2025,11,6,0,5.64705882352942,14.625,-84.0,6,4,terminal_mid,0.0071535185125154565,0.01169457288143794
1473452,2025,12,1,0,5.64705882352942,14.808510638297872,-83.66666666666666,6,4,terminal_mid,0.006941342125146215,0.010149094601007444
1473452,2025,12,2,0,5.64705882352942,15.130434782608695,-84.33333333333334,6,4,terminal_mid,0.005798164085574268,0.008588382762155594
1473452,2025,12,3,0,5.64705882352942,15.466666666666669,-85.0,6,4,terminal_mid,0.005370077451682768,0.00799825119474133
1473452,2025,12,4,0,5.64705882352942,15.272727272727273,-81.66666666666666,6,4,terminal_mid,0.007126375864184434,0.010399820245494754
1473452,2025,12,5,0,5.64705882352942,15.488372093023257,-81.33333333333334,6,4,terminal_mid,0.006687856603994008,0.009804799175452092
1473452,2025,12,6,0,5.64705882352942,15.714285714285715,-81.0,6,4,terminal_mid,0.006594663732557279,0.009677976977654252
1473452,2025,13,1,0,5.64705882352942,15.21951219512195,-75.66666666666666,6,4,terminal_mid,0.010276224312493382,0.01269727892761442
1473452,2025,13,2,0,5.64705882352942,14.700000000000001,-70.33333333333334,6,4,terminal_mid,0.01766842676202803,0.021280086071791784
1473452,2025,13,3,0,5.64705882352942,15.076923076923077,-71.0,6,4,terminal_mid,0.013952179906379104,0.016993745277149006
1473452,2025,13,4,0,5.64705882352942,15.315789473684212,-70.66666666666666,6,4,terminal_mid,0.012715161663453186,0.015554964420594376
1473452,2025,13,5,0,5.64705882352942,15.567567567567568,-70.33333333333334,6,4,terminal_mid,0.011761581580364349,0.0144411678758843
1473452,2025,13,6,0,5.64705882352942,15.833333333333332,-70.0,6,4,terminal_mid,0.011210139743767585,0.013795075659583012
1473452,2025,14,1,0,5.64705882352942,15.600000000000001,-66.66666666666666,6,4,terminal_mid,0.014224640765687673,0.01705131964068473
1473452,2025,14,2,0,5.64705882352942,15.882352941176471,-66.33333333333334,6,4,terminal_mid,0.012590026737183773,0.015174702548409356
1473452,2025,14,3,0,5.64705882352942,16.18181818181818,-66.0,6,4,terminal_mid,0.011320905125586284,0.013709878734188271
1473452,2025,14,4,0,5.64705882352942,16.6875,-72.0,7,3,terminal_mid,0.0032706293620651298,0.004181643138535184
1473452,2025,14,5,0,5.64705882352942,17.032258064516128,-71.5,7,3,terminal_mid,0.003294588517807554,0.004210951491444002
1473452,2025,14,6,0,5.64705882352942,17.4,-71.0,7,3,terminal_mid,0.003291530577095557,0.004207211346617926
1473452,2025,15,1,0,5.64705882352942,18.0,-76.33333333333334,8,2,terminal_mid,0.0026360001086883997,0.0032398875206755347
1473452,2025,15,2,0,5.64705882352942,18.642857142857142,-81.33333333333334,9,1,terminal_mid,0.002532883103526206,0.003117486861590222
1473452,2025,15,3,0,5.64705882352942,19.333333333333336,-81.5,9,1,terminal_mid,0.0025461240531370675,0.003133213690547106
1473452,2025,15,4,0,5.64705882352942,20.076923076923077,-81.66666666666666,9,1,terminal_mid,0.002545118213171453,0.003132019114149882
1473452,2025,15,5,0,5.64705882352942,20.64,-80.83333333333331,9,1,terminal_mid,0.002544675598212302,0.00313149344135461
1473452,2025,15,6,0,5.64705882352942,21.25,-80.0,9,1,terminal_mid,0.0025443088177732414,0.0031310578311711103
1473452,2025,15,7,0,5.64705882352942,21.913043478260867,-79.16666666666666,9,1,terminal_mid,0.002621711234808548,0.0032229367878801388
1473453,2025,7,1,0,34.28571428571428,10.051948051948052,-23.793333333333322,2,8,terminal_mid,0.4233704562760167,0.42885527491064346
1473453,2025,7,2,0,34.28571428571428,10.105263157894736,-24.14666666666666,2,8,terminal_mid,0.42447934600632514,0.4298118643796042
1473453,2025,7,3,0,34.28571428571428,9.92,-21.5,2,8,terminal_mid,0.48542087638041465,0.48225111674528276
1473453,2025,7,4,0,34.28571428571428,9.972972972972972,-21.853333333333325,2,8,terminal_mid,0.48312913317759665,0.48028135424647356
1473453,2025,7,5,0,34.28571428571428,9.78082191780822,-19.206666666666678,2,8,terminal_mid,0.542120631802226,0.5310471407603934
1473453,2025,7,6,0,34.28571428571428,9.833333333333332,-19.560000000000002,2,8,terminal_mid,0.5364743122656366,0.5261778997675479
1473453,2025,8,1,0,34.28571428571428,9.971830985915492,-32.92416666666668,3,7,terminal_mid,0.18071189291640014,0.20785667778015213
1473453,2025,8,2,0,34.28571428571428,10.114285714285714,-34.108333333333334,3,7,terminal_mid,0.164136247911213,0.19153012914401574
1473453,2025,8,3,0,34.28571428571428,10.173913043478262,-34.292500000000004,3,7,terminal_mid,0.16274851261391837,0.1901520340260233
1473453,2025,8,4,0,34.28571428571428,10.323529411764707,-35.476666666666674,3,7,terminal_mid,0.16117147933929027,0.18858374501057915
1473453,2025,8,5,0,34.28571428571428,10.388059701492537,-35.66083333333333,3,7,terminal_mid,0.16124956507926091,0.18866145355192931
1473453,2025,8,6,0,34.28571428571428,10.454545454545455,-35.845,3,7,terminal_mid,0.15606678673260965,0.1834908806811009
1473453,2025,9,1,0,34.28571428571428,10.523076923076923,-36.02916666666667,3,7,terminal_mid,0.15800857291782627,0.19709994750293738
1473453,2025,9,2,0,34.28571428571428,10.3125,-33.21333333333334,3,7,terminal_mid,0.20222098065201202,0.2408195640142643
1473453,2025,9,3,0,34.28571428571428,10.380952380952381,-33.39750000000001,3,7,terminal_mid,0.1985908223030793,0.2373060288079393
1473453,2025,9,4,0,34.28571428571428,10.451612903225806,-33.58166666666665,3,7,terminal_mid,0.19395854402165458,0.23280446696324095
1473453,2025,9,5,0,34.28571428571428,10.524590163934427,-33.76583333333335,3,7,terminal_mid,0.18379466577827255,0.22285310612738649
1473453,2025,9,6,0,34.28571428571428,10.299999999999999,-30.950000000000017,3,7,terminal_mid,0.2356453444369306,0.272636867601262
1473453,2025,10,1,0,34.28571428571428,10.474576271186441,-32.13416666666669,3,7,terminal_mid,0.23416101906659617,0.26578556351578075
1473453,2025,10,2,0,34.28571428571428,10.241379310344827,-29.318333333333328,3,7,terminal_mid,0.31249640802236606,0.3404812307374025
1473453,2025,10,3,0,34.28571428571428,10.0,-26.502499999999998,3,7,terminal_mid,0.41888514239985064,0.4382356468616826
1473453,2025,10,4,0,34.28571428571428,10.071428571428571,-26.686666666666667,3,7,terminal_mid,0.4018363174866378,0.4227699150336279
1473453,2025,10,5,0,34.28571428571428,10.145454545454545,-26.870833333333337,3,7,terminal_mid,0.3744237401670942,0.39776542981283114
1473453,2025,10,6,0,34.28571428571428,10.333333333333334,-28.055000000000007,3,7,terminal_mid,0.34169449161596593,0.36764581232140936
1473453,2025,11,1,0,34.28571428571428,10.528301886792454,-29.239166666666677,3,7,terminal_mid,0.31807041768059774,0.34880465749776607
1473453,2025,11,2,0,34.28571428571428,10.730769230769232,-30.423333333333318,3,7,terminal_mid,0.2735932519548414,0.3058125537311033
1473453,2025,11,3,0,34.28571428571428,10.941176470588236,-31.607500000000016,3,7,terminal_mid,0.2615163966147398,0.2939831351180854
1473453,2025,11,4,0,34.28571428571428,11.040000000000001,-31.791666666666657,3,7,terminal_mid,0.2605894744780051,0.29307218585330536
1473453,2025,11,5,0,34.28571428571428,11.26530612244898,-32.97583333333333,3,7,terminal_mid,0.24303381330113524,0.2757335108839072
1473453,2025,11,6,0,34.28571428571428,11.375,-33.16,3,7,terminal_mid,0.2362257948948108,0.26896399180646596
1473453,2025,12,1,0,34.28571428571428,11.48936170212766,-33.344166666666666,3,7,terminal_mid,0.22755106943800218,0.2500373515330109
1473453,2025,12,2,0,34.28571428571428,11.608695652173912,-33.528333333333336,3,7,terminal_mid,0.21502473693132781,0.23756415703853134
1473453,2025,12,3,0,34.28571428571428,11.733333333333333,-33.712500000000006,3,7,terminal_mid,0.212607570677102,0.23514869918288403
1473453,2025,12,4,0,34.28571428571428,11.863636363636363,-33.896666666666675,3,7,terminal_mid,0.19240285079003425,0.21484272050451678
1473453,2025,12,5,0,34.28571428571428,12.0,-34.080833333333345,3,7,terminal_mid,0.18399853106997274,0.20633174491480086
1473453,2025,12,6,0,34.28571428571428,12.142857142857142,-34.265000000000015,3,7,terminal_mid,0.17719184529658366,0.19940888331454945
1473453,2025,12,7,0,34.28571428571428,11.853658536585366,-31.449166666666684,3,7,terminal_mid,0.24035227570969886,0.2627113347584276
1473453,2025,12,8,0,34.28571428571428,11.850000000000001,-30.633333333333354,3,7,terminal_mid,0.24414272540660067,0.26645069801759647
1473453,2025,13,1,0,34.28571428571428,11.560975609756097,-29.449166666666684,3,7,terminal_mid,0.2933397017629593,0.3039564456282639
1473453,2025,13,2,0,34.28571428571428,11.7,-29.633333333333354,3,7,terminal_mid,0.29114137913079174,0.30181168621751264
1473453,2025,13,3,0,34.28571428571428,12.0,-30.817499999999995,3,7,terminal_mid,0.23982889382836878,0.25147197110833425
1473453,2025,13,4,0,34.28571428571428,11.68421052631579,-28.001666666666665,3,7,terminal_mid,0.326186260450525,0.3359040217579847
1473453,2025,13,5,0,34.28571428571428,11.675675675675677,-27.185833333333335,3,7,terminal_mid,0.3555904283974739,0.3643650241722203
1473453,2025,13,6,0,34.28571428571428,11.833333333333334,-27.370000000000005,3,7,terminal_mid,0.35305821447215957,0.3619185771462875
1473453,2025,14,1,0,34.28571428571428,12.0,-27.554166666666674,3,7,terminal_mid,0.3503575488761302,0.35751155055455136
1473453,2025,14,2,0,34.28571428571428,12.176470588235293,-27.738333333333344,3,7,terminal_mid,0.32951798252389575,0.33734282136719745
1473453,2025,14,3,0,34.28571428571428,12.363636363636363,-27.922499999999985,3,7,terminal_mid,0.317284914507329,0.32547794786482526
1473453,2025,14,4,0,34.28571428571428,12.0,-25.106666666666683,3,7,terminal_mid,0.43912567478529485,0.4429598994459795
1473453,2025,14,5,0,34.28571428571428,12.0,-24.290833333333325,3,7,terminal_mid,0.44504774666692826,0.44864159085689376
1473453,2025,14,6,0,34.28571428571428,12.400000000000002,-25.474999999999994,3,7,terminal_mid,0.4254966401149435,0.42987736951401695
1473453,2025,14,7,0,34.28571428571428,12.620689655172413,-25.659166666666664,3,7,terminal_mid,0.41570597311745144,0.420472779135892
1473453,2025,15,1,0,34.28571428571428,12.413793103448278,-24.659166666666664,3,7,terminal_mid,0.4275928309145264,0.43080175341419963
1473453,2025,15,2,0,34.28571428571428,12.42857142857143,-23.843333333333334,3,7,terminal_mid,0.4199754463927631,0.4234309212180137
1473453,2025,15,3,0,34.28571428571428,12.666666666666668,-24.027500000000003,3,7,terminal_mid,0.4129660009598775,0.4166458780925608
1473453,2025,15,4,0,34.28571428571428,13.153846153846155,-25.211666666666673,3,7,terminal_mid,0.4111301433419455,0.4148683777000687
1473453,2025,15,5,0,34.28571428571428,12.72,-22.395833333333314,3,7,terminal_mid,0.45539694144369797,0.4576859842454962
1473453,2025,15,6,0,34.28571428571428,13.0,-22.579999999999984,3,7,terminal_mid,0.453509349274014,0.4558616845753924
1473454,2025,7,1,0,17.51724137931035,10.51948051948052,-51.802499999999995,3,7,terminal_mid,0.09246218528123201,0.12081518125452148
1473454,2025,7,2,0,17.51724137931035,10.578947368421051,-51.86999999999999,3,7,terminal_mid,0.09236916198498911,0.12071392267830118
1473454,2025,7,3,0,17.51724137931035,10.719999999999999,-52.9375,3,7,terminal_mid,0.0969707233927941,0.12570131937917792
1473454,2025,7,4,0,17.51724137931035,10.783783783783784,-53.00500000000001,3,7,terminal_mid,0.09254121905577667,0.12090119745297188
1473454,2025,7,5,0,17.51724137931035,10.84931506849315,-53.072500000000005,3,7,terminal_mid,0.08978452151942262,0.11789306523359099
1473454,2025,7,6,0,17.51724137931035,11.0,-54.140000000000015,3,7,terminal_mid,0.08575715247850603,0.11346832357746495
1473454,2025,8,1,0,17.51724137931035,11.070422535211268,-54.20750000000001,3,7,terminal_mid,0.08126810478963263,0.10514712951745125
1473454,2025,8,2,0,17.51724137931035,11.057142857142857,-53.275000000000006,3,7,terminal_mid,0.08524373943508506,0.10953591828666127
1473454,2025,8,3,0,17.51724137931035,11.130434782608695,-53.3425,3,7,terminal_mid,0.0840101373692192,0.10817760476983562
1473454,2025,8,4,0,17.51724137931035,11.205882352941178,-53.41000000000001,3,7,terminal_mid,0.07872477266706154,0.10232199342271511
1473454,2025,8,5,0,17.51724137931035,11.28358208955224,-53.47749999999999,3,7,terminal_mid,0.07922336237000444,0.10287693272235503
1473454,2025,8,6,0,17.51724137931035,11.363636363636363,-53.545,3,7,terminal_mid,0.0779774478818446,0.10148918265134826
1473454,2025,9,1,0,17.51724137931035,10.984615384615385,-48.6125,3,7,terminal_mid,0.12153529684826168,0.15916844422177073
1473454,2025,9,2,0,17.51724137931035,11.15625,-59.43999999999998,4,6,terminal_mid,0.056192422082852626,0.08445531305516861
1473454,2025,9,3,0,17.51724137931035,11.238095238095237,-59.355000000000004,4,6,terminal_mid,0.0630552743385345,0.0928913246800857
1473454,2025,9,4,0,17.51724137931035,11.322580645161292,-59.269999999999996,4,6,terminal_mid,0.06593852794983107,0.09638223853223646
1473454,2025,9,5,0,17.51724137931035,11.40983606557377,-59.18500000000002,4,6,terminal_mid,0.06849301762109113,0.09945059086092921
1473454,2025,9,6,0,17.51724137931035,11.5,-59.099999999999994,4,6,terminal_mid,0.06930266352372534,0.10041846288813044
1473454,2025,10,1,0,17.51724137931035,11.491525423728813,-58.015000000000015,4,6,terminal_mid,0.07399673522934079,0.09819384750201529
1473454,2025,10,2,0,17.51724137931035,11.482758620689655,-56.93000000000001,4,6,terminal_mid,0.07675864168299941,0.10138085844814274
1473454,2025,10,3,0,17.51724137931035,11.578947368421053,-56.84500000000003,4,6,terminal_mid,0.07862480144372455,0.10352490352328335
1473454,2025,10,4,0,17.51724137931035,11.785714285714285,-66.29999999999998,5,5,terminal_mid,0.02594319036126446,0.039125018880519245
1473454,2025,10,5,0,17.51724137931035,11.89090909090909,-66.0625,5,5,terminal_mid,0.02742017843370173,0.04108524842825574
1473454,2025,10,6,0,17.51724137931035,12.0,-65.82500000000002,5,5,terminal_mid,0.029950818859101124,0.044413186754611894
1473454,2025,11,1,0,17.51724137931035,12.113207547169813,-65.5875,5,5,terminal_mid,0.025877026659008047,0.037542800851335226
1473454,2025,11,2,0,17.51724137931035,12.115384615384615,-64.35,5,5,terminal_mid,0.029856133408092112,0.04271702998633559
1473454,2025,11,3,0,17.51724137931035,12.352941176470587,-65.11249999999998,5,5,terminal_mid,0.029119587022921018,0.041765111262357664
1473454,2025,11,4,0,17.51724137931035,12.600000000000001,-65.875,5,5,terminal_mid,0.025963446621230173,0.03765603207709296
1473454,2025,11,5,0,17.51724137931035,12.73469387755102,-65.63750000000002,5,5,terminal_mid,0.026946669059460557,0.03894152644563832
1473454,2025,11,6,0,17.51724137931035,13.0,-66.4,5,5,terminal_mid,0.02538136601601391,0.03689259049746444
1473454,2025,12,1,0,17.51724137931035,13.148936170212766,-66.1625,5,5,terminal_mid,0.02070475224928439,0.0279205596438719
1473454,2025,12,2,0,17.51724137931035,13.304347826086957,-65.92500000000001,5,5,terminal_mid,0.02156697922547159,0.028992903470573154
1473454,2025,12,3,0,17.51724137931035,13.466666666666667,-65.6875,5,5,terminal_mid,0.019735526850601467,0.026710777890956012
1473454,2025,12,4,0,17.51724137931035,13.636363636363637,-65.44999999999999,5,5,terminal_mid,0.021590180582946494,0.029021709717022847
1473454,2025,12,5,0,17.51724137931035,13.813953488372093,-65.2125,5,5,terminal_mid,0.019595953563262283,0.02653617058433358
1473454,2025,12,6,0,17.51724137931035,14.0,-64.975,5,5,terminal_mid,0.020023854678958022,0.0270711617800608
1473454,2025,13,1,0,17.51724137931035,14.195121951219512,-64.73749999999998,5,5,terminal_mid,0.020794358648340342,0.024849888069803566
1473454,2025,13,2,0,17.51724137931035,14.399999999999999,-64.5,5,5,terminal_mid,0.018319942585288393,0.02202659078101878
1473454,2025,13,3,0,17.51724137931035,14.46153846153846,-63.26250000000002,5,5,terminal_mid,0.01968668774742567,0.023588288027547318
1473454,2025,13,4,0,17.51724137931035,14.842105263157896,-64.025,5,5,terminal_mid,0.01511349646538837,0.018338720974972564
1473454,2025,13,5,0,17.51724137931035,15.08108108108108,-63.787499999999994,5,5,terminal_mid,0.013623971026848793,0.016612642320422748
1473454,2025,13,6,0,17.51724137931035,14.833333333333334,-60.54999999999998,5,5,terminal_mid,0.01860149464473642,0.022348773572018883
1473454,2025,13,7,0,17.51724137931035,15.085714285714285,-60.3125,5,5,terminal_mid,0.017428298394706304,0.02100459935751815
1473454,2025,14,1,0,17.51724137931035,15.085714285714285,-60.3125,5,5,terminal_mid,0.017765077152919417,0.021082468628049557
1473454,2025,14,2,0,17.51724137931035,15.176470588235293,-59.07500000000002,5,5,terminal_mid,0.018543974336367043,0.021963895026305726
1473454,2025,14,3,0,17.51724137931035,14.90909090909091,-55.837500000000006,5,5,terminal_mid,0.025702040308266966,0.029988672217768707
1473454,2025,14,4,0,17.51724137931035,15.375,-56.599999999999994,5,5,terminal_mid,0.021367042646434097,0.025144157618050656
1473454,2025,14,5,0,17.51724137931035,15.870967741935484,-57.36250000000001,5,5,terminal_mid,0.018840725722298154,0.022299237064386405
1473454,2025,14,6,0,17.51724137931035,15.600000000000001,-54.125,5,5,terminal_mid,0.024185159410984806,0.028298451131604802
1473454,2025,15,1,0,17.51724137931035,15.931034482758623,-53.88749999999999,5,5,terminal_mid,0.02030231705730893,0.023195425663262444
1473454,2025,15,2,0,17.51724137931035,16.285714285714285,-53.650000000000006,5,5,terminal_mid,0.020727123938379353,0.023662529672756998
1473454,2025,15,3,0,17.51724137931035,16.666666666666664,-53.412499999999994,5,5,terminal_mid,0.01828394966635715,0.0209707018988182
1473454,2025,15,4,0,17.51724137931035,17.307692307692307,-54.17499999999998,5,5,terminal_mid,0.01437726332999193,0.0166362811671222
1473454,2025,15,5,0,17.51724137931035,18.0,-54.9375,5,5,terminal_mid,0.011202527460262112,0.01308082484426471
1473454,2025,15,6,0,17.51724137931035,18.5,-54.70000000000002,5,5,terminal_mid,0.010264104346041233,0.012022979091130039
1473454,2025,15,7,0,17.51724137931035,19.043478260869563,-54.462500000000006,5,5,terminal_mid,0.00925347040894843,0.01087966451491755
1473454,2025,15,8,0,17.51724137931035,19.636363636363637,-54.224999999999994,5,5,terminal_mid,0.00911889144082156,0.010727076702205313
1473455,2025,7,1,0,37.599999999999994,12.545454545454545,-81.075,4,6,terminal_mid,0.03336702634450815,0.05139881375926687
1473455,2025,7,2,0,37.599999999999994,12.394736842105264,-78.10000000000002,4,6,terminal_mid,0.0576424317116476,0.08140371982178259
1473455,2025,7,3,0,37.599999999999994,12.559999999999999,-79.125,4,6,terminal_mid,0.04834982656962805,0.07023901330315575
1473455,2025,7,4,0,37.599999999999994,12.72972972972973,-80.15,4,6,terminal_mid,0.03613066045625343,0.054966875551063596
1473455,2025,7,5,0,37.599999999999994,12.82191780821918,-80.17500000000001,4,6,terminal_mid,0.032658682756571494,0.050476440844962195
1473455,2025,7,6,0,37.599999999999994,13.0,-81.19999999999999,4,6,terminal_mid,0.0295657064992638,0.04640858042208472
1473455,2025,8,1,0,37.599999999999994,13.098591549295776,-81.225,4,6,terminal_mid,0.02691205758690534,0.040558703019189145
1473455,2025,8,2,0,37.599999999999994,13.200000000000001,-81.24999999999997,4,6,terminal_mid,0.026852635280331598,0.04048105187109318
1473455,2025,8,3,0,37.599999999999994,13.043478260869565,-78.275,4,6,terminal_mid,0.03360070959333855,0.04915558252749227
1473455,2025,8,4,0,37.599999999999994,13.147058823529413,-78.30000000000001,4,6,terminal_mid,0.03290634373585903,0.04827545307517425
1473455,2025,8,5,0,37.599999999999994,13.253731343283583,-78.32500000000002,4,6,terminal_mid,0.03195446087620078,0.047064531034811195
1473455,2025,8,6,0,37.599999999999994,13.363636363636363,-78.35,4,6,terminal_mid,0.03290261434224532,0.04827071875095636
1473455,2025,9,1,0,37.599999999999994,13.476923076923077,-78.375,4,6,terminal_mid,0.03313625446094137,0.05446633693073923
1473455,2025,9,2,0,37.599999999999994,13.125,-73.39999999999998,4,6,terminal_mid,0.06168338212482445,0.09121959493668397
1473455,2025,9,3,0,37.599999999999994,12.952380952380953,-70.42500000000001,4,6,terminal_mid,0.09165625969938329,0.12636282851975358
1473455,2025,9,4,0,37.599999999999994,13.064516129032256,-70.44999999999999,4,6,terminal_mid,0.08055804620882234,0.1136587436657019
1473455,2025,9,5,0,37.599999999999994,12.688524590163933,-65.47500000000002,4,6,terminal_mid,0.12893294969113425,0.16702762388454467
1473455,2025,9,6,0,37.599999999999994,12.8,-65.5,4,6,terminal_mid,0.12312598094688458,0.16086626403494414
1473455,2025,10,1,0,37.599999999999994,12.915254237288135,-65.525,4,6,terminal_mid,0.12423917846494904,0.1539955134402562
1473455,2025,10,2,0,37.599999999999994,13.03448275862069,-65.54999999999998,4,6,terminal_mid,0.12062549723618302,0.15011314265713713
1473455,2025,10,3,0,37.599999999999994,13.157894736842106,-65.57500000000002,4,6,terminal_mid,0.1322361247093603,0.16252742575587753
1473455,2025,10,4,0,37.599999999999994,13.392857142857142,-66.6,4,6,terminal_mid,0.10979370473792874,0.13836854760028527
1473455,2025,10,5,0,37.599999999999994,13.527272727272727,-66.62500000000003,4,6,terminal_mid,0.1037661565187209,0.1317586831690841
1473455,2025,10,6,0,37.599999999999994,13.666666666666666,-66.65,4,6,terminal_mid,0.10158045086251855,0.12934784683069706
1473455,2025,11,1,0,37.599999999999994,13.245283018867926,-61.67500000000001,4,6,terminal_mid,0.16976893627741835,0.20130294125546477
1473455,2025,11,2,0,37.599999999999994,13.5,-62.69999999999999,4,6,terminal_mid,0.13678919957401095,0.16641486736717787
1473455,2025,11,3,0,37.599999999999994,13.647058823529411,-62.724999999999994,4,6,terminal_mid,0.14956583594548545,0.18005368439754577
1473455,2025,11,4,0,37.599999999999994,13.799999999999999,-62.75,4,6,terminal_mid,0.13956798493873965,0.16939534164949863
1473455,2025,11,5,0,37.599999999999994,13.714285714285714,-60.775000000000006,4,6,terminal_mid,0.16599522714718049,0.19736144234377356
1473455,2025,11,6,0,37.599999999999994,13.875,-60.80000000000001,4,6,terminal_mid,0.14704509774721058,0.17737579954151386
1473455,2025,12,1,0,37.599999999999994,14.170212765957448,-61.82499999999999,4,6,terminal_mid,0.12818830127824551,0.14866334110210974
1473455,2025,12,2,0,37.599999999999994,14.217391304347824,-60.849999999999994,4,6,terminal_mid,0.13305041665390105,0.1537780495257823
1473455,2025,12,3,0,37.599999999999994,14.0,-57.875,4,6,terminal_mid,0.16046834560222867,0.18227895499135113
1473455,2025,12,4,0,37.599999999999994,14.181818181818183,-57.900000000000006,4,6,terminal_mid,0.15205343419774028,0.17358987744001422
1473455,2025,12,5,0,37.599999999999994,14.372093023255813,-57.92500000000001,4,6,terminal_mid,0.15386408167802068,0.17546366177426645
1473455,2025,12,6,0,37.599999999999994,14.57142857142857,-57.95000000000002,4,6,terminal_mid,0.10738785925510032,0.12654632005104785
1473455,2025,12,7,0,37.599999999999994,14.78048780487805,-57.974999999999994,4,6,terminal_mid,0.0964979050217782,0.11479760574309457
1473455,2025,12,8,0,37.599999999999994,15.0,-58.0,4,6,terminal_mid,0.08448168484056812,0.10167877281023734
1473455,2025,12,9,0,37.599999999999994,14.76923076923077,-55.02499999999998,4,6,terminal_mid,0.13403045146778855,0.15480664380830292
1473455,2025,13,1,0,37.599999999999994,13.756097560975608,-50.974999999999994,4,6,terminal_mid,0.26741637026470677,0.278605828662987
1473455,2025,13,2,0,37.599999999999994,14.100000000000001,-52.0,4,6,terminal_mid,0.22386543921738972,0.2356874984887449
1473455,2025,13,3,0,37.599999999999994,13.538461538461538,-47.02499999999998,4,6,terminal_mid,0.368835041654223,0.3771483218146579
1473455,2025,13,4,0,37.599999999999994,13.736842105263158,-47.05000000000001,4,6,terminal_mid,0.34899833480419085,0.3579945058119499
1473455,2025,13,5,0,37.599999999999994,13.945945945945944,-47.07499999999999,4,6,terminal_mid,0.34105469288420764,0.3503103355234031
1473455,2025,13,6,0,37.599999999999994,14.166666666666668,-47.10000000000002,4,6,terminal_mid,0.3307157569328884,0.3402961142684284
1473455,2025,14,1,0,37.599999999999994,13.885714285714286,-44.125,4,6,terminal_mid,0.36301893680217134,0.36974116972044674
1473455,2025,14,2,0,37.599999999999994,13.588235294117647,-41.150000000000006,4,6,terminal_mid,0.39600304850933127,0.40152746744974444
1473455,2025,14,3,0,37.599999999999994,14.0,-42.17499999999998,4,6,terminal_mid,0.368128919202525,0.3746721751051046
1473455,2025,14,4,0,37.599999999999994,14.4375,-43.19999999999999,4,6,terminal_mid,0.3069315804493299,0.31541998675004973
1473455,2025,14,5,0,37.599999999999994,14.70967741935484,-43.224999999999994,4,6,terminal_mid,0.3051760770282749,0.3137130127506084
1473455,2025,14,6,0,37.599999999999994,15.0,-43.25,4,6,terminal_mid,0.29451294976938347,0.30333451409058954
1473455,2025,14,7,0,37.599999999999994,15.517241379310345,-49.22916666666666,5,5,terminal_mid,0.15246648667731535,0.16277046650347463
1473455,2025,15,1,0,37.599999999999994,15.517241379310345,-54.18333333333334,6,4,terminal_mid,0.08160796194337645,0.08830547543590392
1473455,2025,15,2,0,37.599999999999994,15.857142857142858,-53.866666666666646,6,4,terminal_mid,0.06536413874983384,0.07137440997236016
1473455,2025,15,3,0,37.599999999999994,16.22222222222222,-53.55000000000001,6,4,terminal_mid,0.04984492710025308,0.055022455364112065
1473455,2025,15,4,0,37.599999999999994,16.615384615384613,-53.23333333333332,6,4,terminal_mid,0.04425268031705801,0.049078905925724135
1473455,2025,15,5,0,37.599999999999994,17.04,-52.91666666666666,6,4,terminal_mid,0.030613351661448514,0.03443919385569276
1473455,2025,15,6,0,37.599999999999994,17.5,-52.599999999999994,6,4,terminal_mid,0.02291729579034761,0.026064943325284317
1473456,2025,7,1,0,43.33333333333334,11.142857142857142,-19.82666666666664,2,8,terminal_mid,0.2620868895284648,0.2868051143093607
1473456,2025,7,2,0,43.33333333333334,10.973684210526315,-17.413333333333327,2,8,terminal_mid,0.32514475455197867,0.3432687647170164
1473456,2025,7,3,0,43.33333333333334,11.040000000000001,-18.0,2,8,terminal_mid,0.30558296421747444,0.325922635441436
1473456,2025,7,4,0,43.33333333333334,11.108108108108109,-18.586666666666645,2,8,terminal_mid,0.28920306401309637,0.3112882805794279
1473456,2025,7,5,0,43.33333333333334,11.26027397260274,-20.17333333333336,2,8,terminal_mid,0.27059451613419283,0.294524047669695
1473456,2025,7,6,0,43.33333333333334,11.333333333333332,-20.760000000000005,2,8,terminal_mid,0.2734233515434437,0.2970827781709915
1473456,2025,7,7,0,43.33333333333334,11.154929577464788,-18.34666666666665,2,8,terminal_mid,0.3122144083284033,0.3318180363300297
1473456,2025,8,1,0,43.33333333333334,10.985915492957746,-16.34666666666665,2,8,terminal_mid,0.38420169158154943,0.3956468335012015
1473456,2025,8,2,0,43.33333333333334,11.057142857142857,-16.93333333333331,2,8,terminal_mid,0.3612562276876446,0.3752051569552311
1473456,2025,8,3,0,43.33333333333334,11.130434782608695,-17.52000000000001,2,8,terminal_mid,0.366573409375735,0.37995179970004217
1473456,2025,8,4,0,43.33333333333334,11.294117647058822,-19.106666666666655,2,8,terminal_mid,0.3513099619710792,0.36630884768072586
1473456,2025,8,5,0,43.33333333333334,11.373134328358208,-19.6933333333333,2,8,terminal_mid,0.3380641730434831,0.35442336842720185
1473456,2025,8,6,0,43.33333333333334,11.181818181818182,-17.279999999999973,2,8,terminal_mid,0.3564618209699599,0.3709197577440799
1473456,2025,9,1,0,43.33333333333334,10.984615384615385,-14.866666666666674,2,8,terminal_mid,0.41587145471710113,0.4334689980777303
1473456,2025,9,2,0,43.33333333333334,11.0625,-15.453333333333319,2,8,terminal_mid,0.39661657299334735,0.4168350000565291
1473456,2025,9,3,0,43.33333333333334,11.238095238095237,-17.039999999999992,2,8,terminal_mid,0.36848100505490755,0.39236792450822033
1473456,2025,9,4,0,43.33333333333334,11.322580645161292,-17.626666666666665,2,8,terminal_mid,0.3614942482978104,0.3862575134322732
1473456,2025,9,5,0,43.33333333333334,10.918032786885245,-13.21333333333331,2,8,terminal_mid,0.42607401308683196,0.4422526584227098
1473456,2025,9,6,0,43.33333333333334,11.100000000000001,-14.799999999999983,2,8,terminal_mid,0.41284154915415083,0.4308566695577785
1473456,2025,9,7,0,43.33333333333334,11.1864406779661,-15.386666666666684,2,8,terminal_mid,0.41595489249132506,0.4335409110610328
1473456,2025,10,1,0,43.33333333333334,10.983050847457626,-13.386666666666684,2,8,terminal_mid,0.43573113016741144,0.45346248547465307
1473456,2025,10,2,0,43.33333333333334,11.172413793103448,-14.97333333333333,2,8,terminal_mid,0.4302290616786172,0.4484947839184812
1473456,2025,10,3,0,43.33333333333334,11.263157894736842,-15.560000000000002,2,8,terminal_mid,0.4223281835505242,0.441351948587843
1473456,2025,10,4,0,43.33333333333334,11.035714285714285,-13.146666666666675,2,8,terminal_mid,0.44145463143104463,0.4586247866516143
1473456,2025,10,5,0,43.33333333333334,11.236363636363636,-14.73333333333332,2,8,terminal_mid,0.44076006996914835,0.4579986085270919
1473456,2025,10,6,0,43.33333333333334,11.444444444444445,-16.319999999999965,2,8,terminal_mid,0.4284509378116332,0.44688823704173564
1473456,2025,11,1,0,43.33333333333334,11.547169811320755,-16.906666666666666,2,8,terminal_mid,0.40198677948531425,0.42795772274517135
1473456,2025,11,2,0,43.33333333333334,11.769230769230768,-18.49333333333334,2,8,terminal_mid,0.37693623185460884,0.40455344904590207
1473456,2025,11,3,0,43.33333333333334,11.529411764705882,-16.079999999999984,2,8,terminal_mid,0.42782185774407716,0.4519313913893209
1473456,2025,11,4,0,43.33333333333334,11.64,-16.666666666666657,2,8,terminal_mid,0.3975772802632924,0.42384998723543876
1473456,2025,11,5,0,43.33333333333334,11.63265306122449,-16.25333333333333,2,8,terminal_mid,0.42440712518150814,0.44877136509851406
1473456,2025,11,6,0,43.33333333333334,11.75,-16.839999999999975,2,8,terminal_mid,0.40854952889446183,0.4340624211319535
1473456,2025,11,7,0,43.33333333333334,11.48936170212766,-14.426666666666648,2,8,terminal_mid,0.442853120055392,0.4658125985408859
1473456,2025,12,1,0,43.33333333333334,11.361702127659575,-13.426666666666648,2,8,terminal_mid,0.4639212852731463,0.4761449202938806
1473456,2025,12,2,0,43.33333333333334,11.478260869565219,-14.01333333333335,2,8,terminal_mid,0.4613161112316536,0.47371284744880654
1473456,2025,12,3,0,43.33333333333334,11.6,-14.599999999999994,2,8,terminal_mid,0.4556725250070774,0.46844173879739076
1473456,2025,12,4,0,43.33333333333334,11.727272727272727,-15.186666666666667,2,8,terminal_mid,0.44456550074325035,0.45805712119080494
1473456,2025,12,5,0,43.33333333333334,11.86046511627907,-15.77333333333334,2,8,terminal_mid,0.43220861918436315,0.4464858552574221
1473456,2025,12,6,0,43.33333333333334,12.0,-16.359999999999985,2,8,terminal_mid,0.42624446280285205,0.4408935006059106
1473456,2025,12,7,0,43.33333333333334,12.146341463414634,-16.94666666666666,2,8,terminal_mid,0.3931513289994861,0.40976399629363064
1473456,2025,12,8,0,43.33333333333334,12.450000000000001,-18.53333333333336,2,8,terminal_mid,0.37503936431573004,0.39264546808341244
1473456,2025,12,9,0,43.33333333333334,12.153846153846153,-16.120000000000005,2,8,terminal_mid,0.4283283514435462,0.4428480506893354
1473456,2025,12,10,0,43.33333333333334,12.157894736842104,-15.70666666666665,2,8,terminal_mid,0.43615398109185727,0.4501825658510027
1473456,2025,12,11,0,43.33333333333334,12.486486486486488,-24.63166666666666,3,7,terminal_mid,0.28564264263597955,0.3070291008399223
1473456,2025,13,1,0,43.33333333333334,11.121951219512196,-18.078333333333347,3,7,terminal_mid,0.39824585204155377,0.4054658709223945
1473456,2025,13,2,0,43.33333333333334,11.399999999999999,-19.46666666666667,3,7,terminal_mid,0.3807725560532733,0.38865286451140524
1473456,2025,13,3,0,43.33333333333334,11.692307692307692,-20.85499999999999,3,7,terminal_mid,0.3642988433099104,0.37277246532461583
1473456,2025,13,4,0,43.33333333333334,11.842105263157894,-21.24333333333334,3,7,terminal_mid,0.3620260876403963,0.37057914023658195
1473456,2025,13,5,0,43.33333333333334,12.0,-21.63166666666666,3,7,terminal_mid,0.34185662639155434,0.3510864592719806
1473456,2025,13,6,0,43.33333333333334,12.166666666666666,-22.02000000000001,3,7,terminal_mid,0.35840917940774336,0.36708736399009384
1473456,2025,13,7,0,43.33333333333334,12.514285714285716,-30.349999999999994,4,6,terminal_mid,0.23326318918152592,0.24498777293845608
1473456,2025,14,1,0,43.33333333333334,12.342857142857142,-29.349999999999994,4,6,terminal_mid,0.2602854699183511,0.2698911745592541
1473456,2025,14,2,0,43.33333333333334,12.529411764705884,-29.54000000000002,4,6,terminal_mid,0.23663683985473355,0.24665217198933967
1473456,2025,14,3,0,43.33333333333334,12.727272727272727,-29.72999999999999,4,6,terminal_mid,0.24751051726282677,0.2573521755743052
1473456,2025,14,4,0,43.33333333333334,13.125,-30.919999999999987,4,6,terminal_mid,0.21711801206241577,0.22737689901505423
1473456,2025,14,5,0,43.33333333333334,12.774193548387096,-28.109999999999985,4,6,terminal_mid,0.2630114112235532,0.27256252873574466
1473456,2025,14,6,0,43.33333333333334,13.200000000000001,-35.25,5,5,terminal_mid,0.14921633271717072,0.15948547861037504
1473456,2025,15,1,0,43.33333333333334,12.827586206896552,-32.241666666666674,5,5,terminal_mid,0.18693991558964124,0.1952166586953875
1473456,2025,15,2,0,43.33333333333334,13.285714285714286,-38.78666666666666,6,4,terminal_mid,0.07424149577891866,0.08064814109220507
1473456,2025,15,3,0,43.33333333333334,13.555555555555554,-38.58000000000001,6,4,terminal_mid,0.06910897538801977,0.07529290072842626
1473456,2025,15,4,0,43.33333333333334,14.076923076923077,-39.373333333333335,6,4,terminal_mid,0.06157067586466162,0.06739486634817018
1473456,2025,15,5,0,43.33333333333334,13.200000000000001,-34.16666666666666,6,4,terminal_mid,0.09568594203661963,0.10285428762734647
1473456,2025,15,6,0,43.33333333333334,13.5,-33.95999999999998,6,4,terminal_mid,0.09858901215656257,0.10584174994472662
1473457,2025,7,1,1,-43.0,7.48051948051948,-16.973333333333315,2,8,terminal_mid,0.7756870177314175,0.7399998462648731
1473457,2025,7,2,1,-43.0,7.2631578947368425,-13.986666666666665,2,8,terminal_mid,0.8192798753214208,0.7822440248327048
1473457,2025,7,3,1,-43.0,7.28,-14.0,2,8,terminal_mid,0.8129881676312347,0.7760399690009295
1473457,2025,7,4,1,-43.0,7.378378378378379,-15.013333333333321,2,8,terminal_mid,0.8065558525257839,0.7697372807221297
1473457,2025,7,5,1,-43.0,7.397260273972603,-15.026666666666685,2,8,terminal_mid,0.804088407968331,0.7673299170779934
1473457,2025,7,6,1,-43.0,7.416666666666667,-15.040000000000006,2,8,terminal_mid,0.7981708919875256,0.7615790918030808
1473457,2025,8,1,1,-43.0,7.521126760563381,-16.053333333333327,2,8,terminal_mid,0.7804302939588557,0.7514284265539604
1473457,2025,8,2,1,-43.0,7.285714285714285,-13.066666666666649,2,8,terminal_mid,0.8135140015377631,0.7835285817347976
1473457,2025,8,3,1,-43.0,7.217391304347826,-12.080000000000013,2,8,terminal_mid,0.821494846919013,0.7914010789633625
1473457,2025,8,4,1,-43.0,7.235294117647058,-12.093333333333334,2,8,terminal_mid,0.8180860877667859,0.7880319152856082
1473457,2025,8,5,1,-43.0,6.985074626865671,-9.106666666666655,2,8,terminal_mid,0.8885572016271195,0.860160684158606
1473457,2025,8,6,1,-43.0,7.0,-9.11999999999999,2,8,terminal_mid,0.8854677226041563,0.8568682389691196
1473457,2025,9,1,1,-43.0,7.015384615384615,-9.133333333333326,2,8,terminal_mid,0.8829401985949741,0.851276096860977
1473457,2025,9,2,1,-43.0,7.125,-10.146666666666647,2,8,terminal_mid,0.8606719274897441,0.8284089663795311
1473457,2025,9,3,1,-43.0,7.142857142857142,-10.159999999999997,2,8,terminal_mid,0.8506569941935992,0.8183536492943084
1473457,2025,9,4,1,-43.0,7.064516129032258,-9.173333333333332,2,8,terminal_mid,0.8759116047941066,0.8439764506777839
1473457,2025,9,5,1,-43.0,7.081967213114754,-9.186666666666653,2,8,terminal_mid,0.875904965551027,0.8439695929552048
1473457,2025,9,6,1,-43.0,7.1,-9.200000000000003,2,8,terminal_mid,0.8718667399639087,0.8398111404725375
1473457,2025,10,1,1,-43.0,7.016949152542373,-8.213333333333338,2,8,terminal_mid,0.8975741656705511,0.8795264493234471
1473457,2025,10,2,1,-43.0,7.137931034482759,-9.22666666666666,2,8,terminal_mid,0.8607267345916759,0.8422828425131199
1473457,2025,10,3,1,-43.0,7.157894736842104,-9.239999999999995,2,8,terminal_mid,0.8610690003396873,0.8426224553975227
1473457,2025,10,4,1,-43.0,7.285714285714285,-10.253333333333345,2,8,terminal_mid,0.8499987395361954,0.8316897614652359
1473457,2025,10,5,1,-43.0,7.3090909090909095,-10.266666666666666,2,8,terminal_mid,0.8482392671896843,0.829961640360884
1473457,2025,10,6,1,-43.0,7.0,-7.279999999999987,2,8,terminal_mid,0.9064659592927962,0.8887543852733645
1473457,2025,11,1,1,-43.0,7.018867924528301,-7.2933333333333366,2,8,terminal_mid,0.9029598420136646,0.8920773719737969
1473457,2025,11,2,1,-43.0,7.038461538461538,-7.306666666666672,2,8,terminal_mid,0.8993748567010259,0.8884827722211162
1473457,2025,11,3,1,-43.0,7.0588235294117645,-7.319999999999993,2,8,terminal_mid,0.8924199230565493,0.881544586460484
1473457,2025,11,4,1,-43.0,7.08,-7.333333333333329,2,8,terminal_mid,0.8883382523563293,0.877493320324473
1473457,2025,11,5,1,-43.0,7.224489795918368,-8.346666666666664,2,8,terminal_mid,0.8777879985989153,0.867086827789394
1473457,2025,11,6,1,-43.0,6.875,-5.359999999999985,2,8,terminal_mid,0.9386695216137564,0.928712777847631
1473457,2025,12,1,1,-43.0,6.893617021276596,-5.373333333333335,2,8,terminal_mid,0.9455474219131733,0.936766851120618
1473457,2025,12,2,1,-43.0,6.913043478260869,-5.38666666666667,2,8,terminal_mid,0.9437811408270771,0.9348781763661822
1473457,2025,12,3,1,-43.0,6.533333333333333,-2.3999999999999915,2,8,terminal_mid,0.9665875353409181,0.9597140025536512
1473457,2025,12,4,1,-43.0,6.681818181818182,-3.413333333333327,2,8,terminal_mid,0.9621651794783818,0.9548118618290868
1473457,2025,12,5,1,-43.0,6.697674418604651,-3.4266666666666765,2,8,terminal_mid,0.9622172919601981,0.9548693482930244
1473457,2025,12,6,1,-43.0,6.714285714285714,-3.4399999999999977,2,8,terminal_mid,0.9590678664253545,0.9514063372735434
1473457,2025,13,1,1,-43.0,6.878048780487804,-9.646666666666675,3,7,terminal_mid,0.8970229491528262,0.8889927660749951
1473457,2025,13,2,1,-43.0,7.050000000000001,-10.533333333333346,3,7,terminal_mid,0.8850280869662093,0.8767843105085412
1473457,2025,13,3,1,-43.0,7.076923076923077,-10.419999999999987,3,7,terminal_mid,0.886762111712863,0.8785445930381088
1473457,2025,13,4,1,-43.0,6.631578947368421,-7.306666666666672,3,7,terminal_mid,0.921040964318043,0.9136914804415466
1473457,2025,13,5,1,-43.0,6.8108108108108105,-8.193333333333328,3,7,terminal_mid,0.9145098455725547,0.906938179371756
1473457,2025,13,6,1,-43.0,7.0,-9.080000000000013,3,7,terminal_mid,0.8974149551854336,0.8893930577283827
1473457,2025,13,7,1,-43.0,7.0285714285714285,-8.966666666666669,3,7,terminal_mid,0.9048387472031783,0.8969904229512923
1473457,2025,14,1,1,-43.0,6.342857142857143,-4.966666666666669,3,7,terminal_mid,0.9541032630627471,0.9484132446564763
1473457,2025,14,2,1,-43.0,5.823529411764706,-1.853333333333353,3,7,terminal_mid,0.9750544302079878,0.971147822007853
1473457,2025,14,3,1,-43.0,5.2727272727272725,1.2600000000000051,3,7,terminal_mid,0.9853318309591531,0.9826206228670266
1473457,2025,14,4,1,-43.0,5.25,1.3733333333333348,3,7,terminal_mid,0.9859593354115028,0.9833314935743707
1473457,2025,14,5,1,-43.0,4.64516129032258,4.486666666666679,3,7,terminal_mid,0.9893643738806519,0.987216729758584
1473457,2025,14,6,1,-43.0,4.800000000000001,3.6000000000000085,3,7,terminal_mid,0.989663530144828,0.9875605941116546
1473457,2025,14,7,1,-43.0,4.758620689655173,3.7133333333333383,3,7,terminal_mid,0.99008220343959,0.9880426065525442
1473457,2025,15,1,1,-43.0,4.551724137931034,4.713333333333338,3,7,terminal_mid,0.9916447241082771,0.9902003794479726
1473457,2025,15,2,1,-43.0,4.714285714285714,3.826666666666668,3,7,terminal_mid,0.9914801193279004,0.9900142871289611
1473457,2025,15,3,1,-43.0,4.0,6.939999999999998,3,7,terminal_mid,0.9946810526664962,0.9936607044844944
1473457,2025,15,4,1,-43.0,3.230769230769231,10.053333333333313,3,7,terminal_mid,0.9950350482803643,0.9940682053228332
1473457,2025,15,5,1,-43.0,3.12,10.166666666666686,3,7,terminal_mid,0.9948515586996372,0.9938568555773535
1473457,2025,15,6,1,-43.0,3.0,10.280000000000001,3,7,terminal_mid,0.9947179192821687,0.9937030965519947
1473458,2025,7,1,0,45.217391304347814,12.623376623376624,-47.55333333333331,2,8,terminal_mid,0.05692310118153664,0.08055131990106253
1473458,2025,7,2,0,45.217391304347814,12.473684210526315,-45.02666666666666,2,8,terminal_mid,0.06621277243160553,0.09142314286318827
1473458,2025,7,3,0,45.217391304347814,12.32,-42.5,2,8,terminal_mid,0.0789245746115183,0.10587495398835649
1473458,2025,7,4,0,45.217391304347814,12.405405405405405,-42.973333333333315,2,8,terminal_mid,0.07403829483052257,0.10037270526237778
1473458,2025,7,5,0,45.217391304347814,12.246575342465754,-40.44666666666669,2,8,terminal_mid,0.09323267412956218,0.12165317958105
1473458,2025,7,6,0,45.217391304347814,12.416666666666668,-41.92,2,8,terminal_mid,0.07280481555640202,0.09897364748085576
1473458,2025,8,1,0,45.217391304347814,12.591549295774648,-43.39333333333332,2,8,terminal_mid,0.07742865601424202,0.10087682536854677
1473458,2025,8,2,0,45.217391304347814,12.42857142857143,-40.866666666666646,2,8,terminal_mid,0.09011224851324456,0.11486713534378047
1473458,2025,8,3,0,45.217391304347814,12.608695652173914,-42.34,2,8,terminal_mid,0.0799963991433683,0.10373626458305583
1473458,2025,8,4,0,45.217391304347814,12.705882352941178,-42.81333333333333,2,8,terminal_mid,0.07579294859928379,0.09904763642043343
1473458,2025,8,5,0,45.217391304347814,12.895522388059701,-44.28666666666665,2,8,terminal_mid,0.07815817102066662,0.10169069185632822
1473458,2025,8,6,0,45.217391304347814,13.09090909090909,-45.75999999999999,2,8,terminal_mid,0.07377102885799236,0.09677806065489952
1473458,2025,9,1,0,45.217391304347814,13.200000000000001,-46.233333333333334,2,8,terminal_mid,0.07253063270441498,0.10425581355389206
1473458,2025,9,2,0,45.217391304347814,13.40625,-47.70666666666665,2,8,terminal_mid,0.06498419856914231,0.0952300914091864
1473458,2025,9,3,0,45.217391304347814,13.619047619047619,-49.17999999999998,2,8,terminal_mid,0.05737880448284959,0.08592708506384984
1473458,2025,9,4,0,45.217391304347814,13.838709677419356,-62.07166666666666,3,7,terminal_mid,0.027069024963290323,0.046004324216705694
1473458,2025,9,5,0,45.217391304347814,13.672131147540984,-59.360833333333346,3,7,terminal_mid,0.04017444501978705,0.06394036307767247
1473458,2025,9,6,0,45.217391304347814,13.799999999999999,-59.650000000000006,3,7,terminal_mid,0.03751579097666556,0.06040017634077985
1473458,2025,10,1,0,45.217391304347814,14.033898305084746,-60.939166666666665,3,7,terminal_mid,0.03371952224301987,0.04930359782107158
1473458,2025,10,2,0,45.217391304347814,14.172413793103448,-61.228333333333325,3,7,terminal_mid,0.03135456436649348,0.04624352378918728
1473458,2025,10,3,0,45.217391304347814,14.421052631578947,-62.517499999999984,3,7,terminal_mid,0.02787697046119899,0.041688754308062
1473458,2025,10,4,0,45.217391304347814,14.57142857142857,-62.80666666666667,3,7,terminal_mid,0.02779398534374698,0.041579209782575795
1473458,2025,10,5,0,45.217391304347814,14.836363636363636,-64.09583333333333,3,7,terminal_mid,0.023465270718378683,0.03580417564417624
1473458,2025,10,6,0,45.217391304347814,14.666666666666668,-61.38500000000002,3,7,terminal_mid,0.03025685235907342,0.044813144879018114
1473458,2025,10,7,0,45.217391304347814,14.943396226415093,-62.67416666666668,3,7,terminal_mid,0.026529460227032238,0.039904751869824166
1473458,2025,11,1,0,45.217391304347814,14.830188679245284,-61.67416666666668,3,7,terminal_mid,0.026158930654484786,0.03791201743472086
1473458,2025,11,2,0,45.217391304347814,15.0,-61.96333333333334,3,7,terminal_mid,0.0255335455717224,0.03709236147566886
1473458,2025,11,3,0,45.217391304347814,15.294117647058822,-63.2525,3,7,terminal_mid,0.023599547896384986,0.03454396384107945
1473458,2025,11,4,0,45.217391304347814,14.879999999999999,-58.54166666666666,3,7,terminal_mid,0.03364819091527396,0.047579298670219365
1473458,2025,11,5,0,45.217391304347814,15.061224489795919,-58.83083333333332,3,7,terminal_mid,0.032462769820196746,0.046066033620327185
1473458,2025,11,6,0,45.217391304347814,15.375,-68.96000000000001,4,6,terminal_mid,0.013564173286672403,0.02091801813253565
1473458,2025,12,1,0,45.217391304347814,15.702127659574469,-70.065,4,6,terminal_mid,0.013346742593099823,0.018602304131700782
1473458,2025,12,2,0,45.217391304347814,15.260869565217392,-65.17000000000002,4,6,terminal_mid,0.020280443443139465,0.027391519955689277
1473458,2025,12,3,0,45.217391304347814,15.066666666666666,-62.275000000000006,4,6,terminal_mid,0.025853676643631127,0.03427461655183141
1473458,2025,12,4,0,45.217391304347814,15.136363636363637,-61.379999999999995,4,6,terminal_mid,0.025618035369902942,0.03398628266615211
1473458,2025,12,5,0,45.217391304347814,14.930232558139535,-58.485000000000014,4,6,terminal_mid,0.031939093467659885,0.04164975166235243
1473458,2025,12,6,0,45.217391304347814,15.142857142857142,-58.59,4,6,terminal_mid,0.02782429547687063,0.036677476902247
1473458,2025,13,1,0,45.217391304347814,15.365853658536587,-58.69500000000002,4,6,terminal_mid,0.026078429980783194,0.030823608212329465
1473458,2025,13,2,0,45.217391304347814,14.850000000000001,-53.80000000000001,4,6,terminal_mid,0.041185907464343766,0.047585548796184395
1473458,2025,13,3,0,45.217391304347814,14.615384615384613,-50.90499999999997,4,6,terminal_mid,0.047598174343604936,0.054590062384552475
1473458,2025,13,4,0,45.217391304347814,14.052631578947368,-46.01000000000002,4,6,terminal_mid,0.0775988630775152,0.08674361007453019
1473458,2025,13,5,0,45.217391304347814,14.27027027027027,-46.11499999999998,4,6,terminal_mid,0.07357243779747603,0.0824779378992983
1473458,2025,13,6,0,45.217391304347814,14.0,-43.22000000000003,4,6,terminal_mid,0.09512714475848315,0.10516773378606387
1473458,2025,13,7,0,45.217391304347814,14.399999999999999,-44.32499999999999,4,6,terminal_mid,0.08273927096566452,0.09217042313493738
1473458,2025,14,1,0,45.217391304347814,14.228571428571428,-43.32499999999999,4,6,terminal_mid,0.08892278815788965,0.09766686511395323
1473458,2025,14,2,0,45.217391304347814,13.588235294117647,-38.43000000000001,4,6,terminal_mid,0.14529520088831172,0.15551679207597427
1473458,2025,14,3,0,45.217391304347814,12.909090909090908,-33.535,4,6,terminal_mid,0.19502534438144506,0.2054425888596458
1473458,2025,14,4,0,45.217391304347814,13.125,-33.639999999999986,4,6,terminal_mid,0.19095879526780415,0.20139031664193144
1473458,2025,14,5,0,45.217391304347814,13.354838709677418,-33.745000000000005,4,6,terminal_mid,0.1844929103419851,0.194936955572045
1473458,2025,14,6,0,45.217391304347814,13.6,-33.849999999999994,4,6,terminal_mid,0.17960460457884006,0.19004955069239918
1473458,2025,14,7,0,45.217391304347814,13.655172413793103,-32.954999999999984,4,6,terminal_mid,0.18415367414873066,0.1945980235407521
1473458,2025,14,8,0,45.217391304347814,13.92857142857143,-33.06,4,6,terminal_mid,0.1762520554691117,0.18669321951387408
1473458,2025,15,1,0,45.217391304347814,13.448275862068964,-31.954999999999984,4,6,terminal_mid,0.1985710335920498,0.2068100752879262
1473458,2025,15,2,0,45.217391304347814,13.714285714285714,-32.06,4,6,terminal_mid,0.1913468269842358,0.19961307537900627
1473458,2025,15,3,0,45.217391304347814,14.222222222222221,-33.16499999999999,4,6,terminal_mid,0.16770988226602707,0.17597465605963683
1473458,2025,15,4,0,45.217391304347814,14.538461538461537,-33.27000000000001,4,6,terminal_mid,0.14447628607918905,0.15258752884608331
1473458,2025,15,5,0,45.217391304347814,13.68,-28.375,4,6,terminal_mid,0.248025088032866,0.25578220806700797
1473458,2025,15,6,0,45.217391304347814,14.0,-28.47999999999999,4,6,terminal_mid,0.23449559659644578,0.2424315682066662
1473458,2025,15,7,0,45.217391304347814,13.565217391304348,-25.585000000000008,4,6,terminal_mid,0.2928113510153875,0.2997663383295978
1473459,2025,7,1,0,45.33333333333334,12.311688311688311,-30.527500000000003,1,9,terminal_mid,0.18382791433350554,0.21372828635259963
1473459,2025,7,2,0,45.33333333333334,12.473684210526315,-46.03999999999999,2,8,terminal_mid,0.0888180400467484,0.11683452759746181
1473459,2025,7,3,0,45.33333333333334,12.48,-45.5,2,8,terminal_mid,0.09479859022072802,0.12335248161519564
1473459,2025,7,4,0,45.33333333333334,12.567567567567568,-45.95999999999998,2,8,terminal_mid,0.0932979999178726,0.12172417181906846
1473459,2025,7,5,0,45.33333333333334,12.73972602739726,-47.420000000000016,2,8,terminal_mid,0.08852948095973244,0.11651808389603285
1473459,2025,7,6,0,45.33333333333334,12.583333333333334,-44.88000000000001,2,8,terminal_mid,0.10765280010110592,0.13711941461601956
1473459,2025,7,7,0,45.33333333333334,12.760563380281688,-46.33999999999999,2,8,terminal_mid,0.10032271746789587,0.12930755828905416
1473459,2025,8,1,0,45.33333333333334,12.676056338028168,-45.33999999999999,2,8,terminal_mid,0.1144046056374198,0.14084413754162461
1473459,2025,8,2,0,45.33333333333334,12.685714285714287,-44.79999999999997,2,8,terminal_mid,0.12428042454850874,0.15114709129687434
1473459,2025,8,3,0,45.33333333333334,12.521739130434781,-42.260000000000005,2,8,terminal_mid,0.1297990089546052,0.15684772507490832
1473459,2025,8,4,0,45.33333333333334,12.705882352941178,-43.72,2,8,terminal_mid,0.11952362870504533,0.1462013312532305
1473459,2025,8,5,0,45.33333333333334,12.805970149253731,-44.17999999999998,2,8,terminal_mid,0.1273769918465968,0.1543506062937695
1473459,2025,8,6,0,45.33333333333334,12.818181818181817,-43.639999999999986,2,8,terminal_mid,0.11640907158487489,0.14294627541383556
1473459,2025,9,1,0,45.33333333333334,12.830769230769231,-43.099999999999994,2,8,terminal_mid,0.12738547363444438,0.16539123795395158
1473459,2025,9,2,0,45.33333333333334,12.9375,-43.55999999999999,2,8,terminal_mid,0.12622620661100623,0.1641627585075939
1473459,2025,9,3,0,45.33333333333334,13.142857142857144,-45.019999999999996,2,8,terminal_mid,0.13919835096671498,0.17778598376158555
1473459,2025,9,4,0,45.33333333333334,13.258064516129032,-45.47999999999999,2,8,terminal_mid,0.13214946404487693,0.1704164428517334
1473459,2025,9,5,0,45.33333333333334,13.377049180327868,-45.94,2,8,terminal_mid,0.1257477594736666,0.1636550888157887
1473459,2025,9,6,0,45.33333333333334,13.0,-41.400000000000006,2,8,terminal_mid,0.1527919518222361,0.19179199098177324
1473459,2025,9,7,0,45.33333333333334,13.118644067796609,-41.860000000000014,2,8,terminal_mid,0.1533173605095431,0.19232821487818008
1473459,2025,9,8,0,45.33333333333334,13.344827586206897,-43.31999999999999,2,8,terminal_mid,0.1434708854978411,0.18221642068938956
1473459,2025,10,1,0,45.33333333333334,13.016949152542374,-40.860000000000014,2,8,terminal_mid,0.15993789709095352,0.1915111766488544
1473459,2025,10,2,0,45.33333333333334,13.137931034482758,-41.31999999999999,2,8,terminal_mid,0.15192065772321495,0.18320761092422153
1473459,2025,10,3,0,45.33333333333334,12.947368421052632,-38.78,2,8,terminal_mid,0.1832340498995616,0.21529364746710747
1473459,2025,10,4,0,45.33333333333334,13.07142857142857,-39.24000000000001,2,8,terminal_mid,0.18291038254999242,0.21496650184372837
1473459,2025,10,5,0,45.33333333333334,13.200000000000001,-39.69999999999999,2,8,terminal_mid,0.1774627719298017,0.2094470327859758
1473459,2025,10,6,0,45.33333333333334,13.333333333333334,-40.15999999999997,2,8,terminal_mid,0.17629527183063806,0.20826081044717507
1473459,2025,10,7,0,45.33333333333334,13.471698113207548,-40.620000000000005,2,8,terminal_mid,0.16733801127363684,0.1991195037532201
1473459,2025,11,1,0,45.33333333333334,13.245283018867926,-38.620000000000005,2,8,terminal_mid,0.18504513678505774,0.2171381516978839
1473459,2025,11,2,0,45.33333333333334,13.384615384615385,-39.079999999999984,2,8,terminal_mid,0.1819433214949935,0.21393792465055325
1473459,2025,11,3,0,45.33333333333334,13.529411764705882,-39.53999999999999,2,8,terminal_mid,0.16490974573655579,0.1962254255095049
1473459,2025,11,4,0,45.33333333333334,13.68,-40.0,2,8,terminal_mid,0.1712153892265404,0.2028104985449603
1473459,2025,11,5,0,45.33333333333334,13.959183673469386,-41.46000000000001,2,8,terminal_mid,0.15178770362676455,0.1824089701214191
1473459,2025,11,6,0,45.33333333333334,13.75,-38.91999999999999,2,8,terminal_mid,0.1772202096740971,0.20905041333982413
1473459,2025,12,1,0,45.33333333333334,13.27659574468085,-34.379999999999995,2,8,terminal_mid,0.22234154717832666,0.24485878504910638
1473459,2025,12,2,0,45.33333333333334,13.565217391304348,-35.84,2,8,terminal_mid,0.20891332879457317,0.23145153939778845
1473459,2025,12,3,0,45.33333333333334,13.733333333333333,-36.29999999999998,2,8,terminal_mid,0.19718181431749499,0.2196649134028357
1473459,2025,12,4,0,45.33333333333334,13.90909090909091,-36.75999999999999,2,8,terminal_mid,0.185400707761349,0.20775449470045126
1473459,2025,12,5,0,45.33333333333334,14.093023255813954,-37.22,2,8,terminal_mid,0.1882964867127862,0.21068921006878868
1473459,2025,12,6,0,45.33333333333334,14.428571428571427,-38.68000000000001,2,8,terminal_mid,0.18229294956914563,0.20459960786557538
1473459,2025,12,7,0,45.33333333333334,14.634146341463413,-39.139999999999986,2,8,terminal_mid,0.17372648183923622,0.19587373298159258
1473459,2025,13,1,0,45.33333333333334,14.048780487804876,-35.139999999999986,2,8,terminal_mid,0.20354179307599402,0.21549184406141542
1473459,2025,13,2,0,45.33333333333334,13.5,-30.600000000000023,2,8,terminal_mid,0.28301030047211423,0.29387091520136366
1473459,2025,13,3,0,45.33333333333334,13.692307692307692,-31.060000000000002,2,8,terminal_mid,0.2723439856766381,0.2834348466559291
1473459,2025,13,4,0,45.33333333333334,13.105263157894736,-26.519999999999982,2,8,terminal_mid,0.3243662928176353,0.3341384020620245
1473459,2025,13,5,0,45.33333333333334,13.297297297297298,-26.97999999999999,2,8,terminal_mid,0.31450925439009947,0.324566850872709
1473459,2025,13,6,0,45.33333333333334,13.5,-27.439999999999998,2,8,terminal_mid,0.30784955413436216,0.3180912499239728
1473459,2025,14,1,0,45.33333333333334,13.714285714285714,-27.899999999999977,2,8,terminal_mid,0.28913814286807304,0.2980963282702104
1473459,2025,14,2,0,45.33333333333334,13.941176470588236,-28.359999999999985,2,8,terminal_mid,0.2731294710778215,0.28246557377831416
1473459,2025,14,3,0,45.33333333333334,14.181818181818183,-28.819999999999993,2,8,terminal_mid,0.2645957222061186,0.274114451326689
1473459,2025,14,4,0,45.33333333333334,14.4375,-29.28,2,8,terminal_mid,0.24641266837989087,0.25627302590128
1473459,2025,14,5,0,45.33333333333334,14.70967741935484,-29.74000000000001,2,8,terminal_mid,0.23067494937189045,0.24077427352021788
1473459,2025,14,6,0,45.33333333333334,15.0,-30.200000000000017,2,8,terminal_mid,0.21794393693944827,0.228194398516198
1473459,2025,15,1,0,45.33333333333334,15.310344827586208,-30.659999999999997,2,8,terminal_mid,0.20317537338108174,0.21139080471418478
1473459,2025,15,2,0,45.33333333333334,15.42857142857143,-30.120000000000005,2,8,terminal_mid,0.20608309830554639,0.21428117918939518
1473459,2025,15,3,0,45.33333333333334,16.0,-31.579999999999984,2,8,terminal_mid,0.17995455895702736,0.1882380883636976
1473459,2025,15,4,0,45.33333333333334,16.384615384615387,-32.03999999999999,2,8,terminal_mid,0.15880657716926228,0.1670316520629675
1473459,2025,15,5,0,45.33333333333334,16.799999999999997,-32.49999999999997,2,8,terminal_mid,0.1342016733230581,0.14219025596465368
1473459,2025,15,6,0,45.33333333333334,17.25,-32.95999999999998,2,8,terminal_mid,0.12427203820345699,0.13210659546238387
1473459,2025,15,7,0,45.33333333333334,18.0,-38.61750000000001,3,7,terminal_mid,0.05936726209178174,0.06507843928979948
1473459,2025,15,8,0,45.33333333333334,18.545454545454547,-38.89500000000001,3,7,terminal_mid,0.06361658578948018,0.06954243989272715
1473460,2025,7,1,0,37.88461538461539,11.844155844155845,-53.53083333333332,3,7,terminal_mid,0.18614898342585415,0.21596129106017486
1473460,2025,7,2,0,37.88461538461539,11.921052631578949,-53.79666666666667,3,7,terminal_mid,0.1579026204184295,0.1884363606067139
1473460,2025,7,3,0,37.88461538461539,12.0,-54.0625,3,7,terminal_mid,0.16050899035882663,0.19101014506941286
1473460,2025,7,4,0,37.88461538461539,12.162162162162163,-68.71000000000001,4,6,terminal_mid,0.06840240638590454,0.09394530354886928
1473460,2025,7,5,0,37.88461538461539,12.328767123287673,-69.79500000000002,4,6,terminal_mid,0.07053008317855301,0.09638244020973184
1473460,2025,7,6,0,37.88461538461539,12.416666666666668,-69.88,4,6,terminal_mid,0.06804360117801755,0.09353299865701294
1473460,2025,8,1,0,37.88461538461539,12.507042253521126,-69.965,4,6,terminal_mid,0.06865723750695983,0.09099415830101404
1473460,2025,8,2,0,37.88461538461539,12.600000000000001,-70.04999999999998,4,6,terminal_mid,0.06701154675110314,0.08911887407899631
1473460,2025,8,3,0,37.88461538461539,12.695652173913043,-70.13500000000002,4,6,terminal_mid,0.0668831177323455,0.08897223172935076
1473460,2025,8,4,0,37.88461538461539,12.794117647058822,-70.22,4,6,terminal_mid,0.0731884303955699,0.09612232408929373
1473460,2025,8,5,0,37.88461538461539,12.985074626865671,-71.305,4,6,terminal_mid,0.07304989251415481,0.0959662758173957
1473460,2025,8,6,0,37.88461538461539,13.09090909090909,-71.38999999999999,4,6,terminal_mid,0.07496747750141683,0.0981222043944541
1473460,2025,9,1,0,37.88461538461539,12.73846153846154,-66.47500000000002,4,6,terminal_mid,0.09488981614692453,0.13000580006631382
1473460,2025,9,2,0,37.88461538461539,12.84375,-66.55999999999997,4,6,terminal_mid,0.09793505791910527,0.13341418035850897
1473460,2025,9,3,0,37.88461538461539,13.047619047619047,-67.64500000000001,4,6,terminal_mid,0.10337849715344323,0.13945495864522675
1473460,2025,9,4,0,37.88461538461539,13.161290322580644,-67.72999999999999,4,6,terminal_mid,0.10635045139017298,0.14272621153203996
1473460,2025,9,5,0,37.88461538461539,13.278688524590164,-67.81500000000003,4,6,terminal_mid,0.10326543623898055,0.13933014488044895
1473460,2025,9,6,0,37.88461538461539,13.4,-67.89999999999998,4,6,terminal_mid,0.10109746863329312,0.1369315118343323
1473460,2025,9,7,0,37.88461538461539,13.52542372881356,-67.98500000000001,4,6,terminal_mid,0.10188353862581292,0.13780238855774
1473460,2025,10,1,0,37.88461538461539,13.423728813559322,-66.98500000000001,4,6,terminal_mid,0.10426249345535202,0.13230508816025952
1473460,2025,10,2,0,37.88461538461539,13.655172413793103,-68.07,4,6,terminal_mid,0.0952145670427449,0.12228172985270182
1473460,2025,10,3,0,37.88461538461539,13.473684210526315,-65.15500000000003,4,6,terminal_mid,0.11146815218469626,0.1401950480682349
1473460,2025,10,4,0,37.88461538461539,13.607142857142858,-65.23999999999998,4,6,terminal_mid,0.11083470013577759,0.13950455893151187
1473460,2025,10,5,0,37.88461538461539,13.200000000000001,-60.32500000000002,4,6,terminal_mid,0.16483708434183958,0.19655404715026442
1473460,2025,10,6,0,37.88461538461539,13.0,-57.41,4,6,terminal_mid,0.18481381763125485,0.2168891390562982
1473460,2025,11,1,0,37.88461538461539,13.132075471698112,-57.49500000000003,4,6,terminal_mid,0.22015743590443193,0.25287803849861784
1473460,2025,11,2,0,37.88461538461539,13.26923076923077,-57.579999999999984,4,6,terminal_mid,0.22125800599420162,0.2539848629610202
1473460,2025,11,3,0,37.88461538461539,12.823529411764707,-52.66499999999999,4,6,terminal_mid,0.27235941643762346,0.3046072828151528
1473460,2025,11,4,0,37.88461538461539,12.600000000000001,-49.75,4,6,terminal_mid,0.352310024688156,0.38137072432328223
1473460,2025,11,5,0,37.88461538461539,12.857142857142858,-50.83500000000001,4,6,terminal_mid,0.2962232390538677,0.32779338177125805
1473460,2025,11,6,0,37.88461538461539,13.0,-50.920000000000016,4,6,terminal_mid,0.2896266977608606,0.3214099081803617
1473460,2025,11,7,0,37.88461538461539,13.148936170212766,-51.004999999999995,4,6,terminal_mid,0.2975230884045089,0.3290490221082512
1473460,2025,12,1,0,37.88461538461539,13.02127659574468,-50.004999999999995,4,6,terminal_mid,0.31756842380783085,0.3378506659182139
1473460,2025,12,2,0,37.88461538461539,13.304347826086957,-59.40833333333333,5,5,terminal_mid,0.1043561142974673,0.12328805109256423
1473460,2025,12,3,0,37.88461538461539,13.466666666666667,-59.3125,5,5,terminal_mid,0.1070220107434304,0.12615363336355964
1473460,2025,12,4,0,37.88461538461539,13.772727272727273,-60.21666666666667,5,5,terminal_mid,0.10265985070416844,0.12146090401466274
1473460,2025,12,5,0,37.88461538461539,13.813953488372093,-59.12083333333334,5,5,terminal_mid,0.10529227472240188,0.12429516413022366
1473460,2025,12,6,0,37.88461538461539,14.142857142857142,-60.02499999999998,5,5,terminal_mid,0.10022327402964264,0.11883100050367902
1473460,2025,13,1,0,37.88461538461539,14.487804878048781,-60.929166666666646,5,5,terminal_mid,0.08684967905381755,0.0964952718010644
1473460,2025,13,2,0,37.88461538461539,14.850000000000001,-69.06666666666666,6,4,terminal_mid,0.0341251453841988,0.03980216424544508
1473460,2025,13,3,0,37.88461538461539,15.076923076923077,-68.78999999999999,6,4,terminal_mid,0.033843019220712214,0.03948945251578534
1473460,2025,13,4,0,37.88461538461539,14.842105263157896,-65.51333333333332,6,4,terminal_mid,0.04565735708457199,0.05247588020190748
1473460,2025,13,5,0,37.88461538461539,15.08108108108108,-65.23666666666668,6,4,terminal_mid,0.045110170499662657,0.05187891666378936
1473460,2025,13,6,0,37.88461538461539,15.166666666666666,-63.96000000000001,6,4,terminal_mid,0.04536150595226399,0.05215316567888185
1473460,2025,14,1,0,37.88461538461539,15.42857142857143,-63.68333333333334,6,4,terminal_mid,0.04230150545339012,0.04820864796382164
1473460,2025,14,2,0,37.88461538461539,15.529411764705884,-62.406666666666666,6,4,terminal_mid,0.04468390538800405,0.05078936455415822
1473460,2025,14,3,0,37.88461538461539,16.0,-63.129999999999995,6,4,terminal_mid,0.04093417741025717,0.046724095821084714
1473460,2025,14,4,0,37.88461538461539,15.375,-57.853333333333325,6,4,terminal_mid,0.07984512380893617,0.088180842762071
1473460,2025,14,5,0,37.88461538461539,15.677419354838708,-57.576666666666654,6,4,terminal_mid,0.07261552109147312,0.08058300942223207
1473460,2025,14,6,0,37.88461538461539,16.0,-57.30000000000001,6,4,terminal_mid,0.07137245451619173,0.07927250371892983
1473460,2025,14,7,0,37.88461538461539,16.344827586206897,-57.02333333333334,6,4,terminal_mid,0.07024757501954465,0.07808550988667975
1473460,2025,15,1,0,37.88461538461539,15.517241379310345,-53.02333333333334,6,4,terminal_mid,0.12280626745677889,0.13061496336955297
1473460,2025,15,2,0,37.88461538461539,15.857142857142858,-52.74666666666667,6,4,terminal_mid,0.11472227831135179,0.1223731169125866
1473460,2025,15,3,0,37.88461538461539,16.444444444444446,-58.35249999999999,7,3,terminal_mid,0.039603434656808684,0.04411334662967106
1473460,2025,15,4,0,37.88461538461539,16.846153846153847,-57.89500000000001,7,3,terminal_mid,0.03005549972664464,0.03383533768374112
1473460,2025,15,5,0,37.88461538461539,17.52,-58.4375,7,3,terminal_mid,0.016846475104840594,0.019380462700726075
1473460,2025,15,6,0,37.88461538461539,18.25,-63.31999999999999,8,2,terminal_mid,0.008626935254857443,0.01016856730686435
1473461,2025,7,1,1,-31.400000000000006,9.428571428571429,-46.78583333333333,3,7,terminal_mid,0.3301137573816093,0.3476545018168705
1473461,2025,7,2,1,-31.400000000000006,9.473684210526315,-46.736666666666665,3,7,terminal_mid,0.3306677830429354,0.34814301524962216
1473461,2025,7,3,1,-31.400000000000006,9.52,-46.6875,3,7,terminal_mid,0.3410910447861642,0.35731655278790103
1473461,2025,7,4,1,-31.400000000000006,9.567567567567567,-46.638333333333335,3,7,terminal_mid,0.3357130177050206,0.3525873541493926
1473461,2025,7,5,1,-31.400000000000006,9.205479452054794,-41.58916666666667,3,7,terminal_mid,0.42434599201879486,0.4296968328905335
1473461,2025,7,6,1,-31.400000000000006,9.333333333333334,-42.540000000000006,3,7,terminal_mid,0.4102240751342169,0.41750352443581523
1473461,2025,8,1,1,-31.400000000000006,9.464788732394366,-43.49083333333334,3,7,terminal_mid,0.3939292711846163,0.4042829198488361
1473461,2025,8,2,1,-31.400000000000006,9.257142857142858,-40.44166666666666,3,7,terminal_mid,0.4310151040837251,0.4370801926513122
1473461,2025,8,3,1,-31.400000000000006,9.217391304347826,-39.3925,3,7,terminal_mid,0.43589941506332414,0.441387735382804
1473461,2025,8,4,1,-31.400000000000006,9.352941176470589,-49.58,4,6,terminal_mid,0.27834135727945064,0.3001617122496133
1473461,2025,8,5,1,-31.400000000000006,9.402985074626866,-49.39500000000001,4,6,terminal_mid,0.2985558730331197,0.3186676506549946
1473461,2025,8,6,1,-31.400000000000006,9.454545454545453,-49.209999999999994,4,6,terminal_mid,0.31170410938337845,0.3306229557376112
1473461,2025,9,1,1,-31.400000000000006,9.507692307692308,-49.025000000000006,4,6,terminal_mid,0.32277019079325964,0.3520881965597924
1473461,2025,9,2,1,-31.400000000000006,9.5625,-48.83999999999999,4,6,terminal_mid,0.3289570801850905,0.3575851825882651
1473461,2025,9,3,1,-31.400000000000006,9.61904761904762,-48.655000000000015,4,6,terminal_mid,0.3478440232308717,0.3742742756667176
1473461,2025,9,4,1,-31.400000000000006,9.677419354838708,-48.469999999999985,4,6,terminal_mid,0.3476077192090574,0.3740662753809382
1473461,2025,9,5,1,-31.400000000000006,9.737704918032787,-48.28500000000001,4,6,terminal_mid,0.35563680683610793,0.3811229474391554
1473461,2025,9,6,1,-31.400000000000006,9.8,-48.099999999999994,4,6,terminal_mid,0.34100499906156095,0.3682463932669378
1473461,2025,10,1,1,-31.400000000000006,9.966101694915254,-48.915000000000006,4,6,terminal_mid,0.3216083427023483,0.3489916466318858
1473461,2025,10,2,1,-31.400000000000006,10.034482758620689,-48.72999999999999,4,6,terminal_mid,0.323243873647064,0.35051591635644763
1473461,2025,10,3,1,-31.400000000000006,10.210526315789473,-49.545000000000016,4,6,terminal_mid,0.3302996604365999,0.3570806210493866
1473461,2025,10,4,1,-31.400000000000006,10.392857142857142,-50.36,4,6,terminal_mid,0.3407854459229378,0.3668045532571334
1473461,2025,10,5,1,-31.400000000000006,10.581818181818182,-51.17500000000001,4,6,terminal_mid,0.32630593660357043,0.3533670519645111
1473461,2025,10,6,1,-31.400000000000006,10.777777777777779,-51.989999999999995,4,6,terminal_mid,0.3213466749776738,0.34874768813698376
1473461,2025,11,1,1,-31.400000000000006,10.528301886792454,-48.80500000000002,4,6,terminal_mid,0.3424895842912118,0.37207228086614524
1473461,2025,11,2,1,-31.400000000000006,10.615384615384615,-48.620000000000005,4,6,terminal_mid,0.3375110169400669,0.3673458597572103
1473461,2025,11,3,1,-31.400000000000006,10.117647058823529,-43.435,4,6,terminal_mid,0.4140245338858932,0.4391473764706393
1473461,2025,11,4,1,-31.400000000000006,10.2,-43.25,4,6,terminal_mid,0.420028744504292,0.44471584330311376
1473461,2025,11,5,1,-31.400000000000006,10.408163265306122,-44.065,4,6,terminal_mid,0.40446757113639625,0.4302666053595235
1473461,2025,11,6,1,-31.400000000000006,10.5,-43.879999999999995,4,6,terminal_mid,0.40601887298259365,0.43170963890918357
1473461,2025,12,1,1,-31.400000000000006,10.595744680851064,-43.69500000000001,4,6,terminal_mid,0.3992116962291827,0.41547836041937
1473461,2025,12,2,1,-31.400000000000006,10.304347826086957,-40.510000000000005,4,6,terminal_mid,0.4503821568622522,0.46349728021444164
1473461,2025,12,3,1,-31.400000000000006,9.733333333333334,-35.325,4,6,terminal_mid,0.5143634060420932,0.5231177318634918
1473461,2025,12,4,1,-31.400000000000006,9.818181818181818,-35.14,4,6,terminal_mid,0.5009829048330351,0.5106760083458124
1473461,2025,12,5,1,-31.400000000000006,9.906976744186046,-34.955,4,6,terminal_mid,0.4842414645817911,0.4950920648708827
1473461,2025,12,6,1,-31.400000000000006,10.0,-34.77000000000001,4,6,terminal_mid,0.4939752534373428,0.5041554069952865
1473461,2025,13,1,1,-31.400000000000006,10.097560975609756,-34.58500000000001,4,6,terminal_mid,0.49600230286509306,0.4991194955699527
1473461,2025,13,2,1,-31.400000000000006,10.2,-34.400000000000006,4,6,terminal_mid,0.4842439443150128,0.4878792394223409
1473461,2025,13,3,1,-31.400000000000006,10.307692307692307,-34.215,4,6,terminal_mid,0.491095883051838,0.49442973241045785
1473461,2025,13,4,1,-31.400000000000006,10.421052631578949,-34.03,4,6,terminal_mid,0.4951576506541624,0.4983121849148038
1473461,2025,13,5,1,-31.400000000000006,10.702702702702702,-34.845,4,6,terminal_mid,0.4932995784346746,0.4965361943586037
1473461,2025,13,6,1,-31.400000000000006,10.833333333333334,-34.66,4,6,terminal_mid,0.4946339646130119,0.4978116418896787
1473461,2025,14,1,1,-31.400000000000006,10.457142857142857,-31.474999999999994,4,6,terminal_mid,0.5992585002807735,0.5964312307457534
1473461,2025,14,2,1,-31.400000000000006,10.058823529411764,-28.29000000000002,4,6,terminal_mid,0.7106182677068311,0.7038487706568254
1473461,2025,14,3,1,-31.400000000000006,10.0,-27.10499999999999,4,6,terminal_mid,0.7437993588380052,0.7361490739646792
1473461,2025,14,4,1,-31.400000000000006,9.9375,-25.919999999999987,4,6,terminal_mid,0.7636172554570105,0.7555332161766865
1473461,2025,14,5,1,-31.400000000000006,9.483870967741936,-22.734999999999985,4,6,terminal_mid,0.808094687944215,0.7993471657716797
1473461,2025,14,6,1,-31.400000000000006,8.6,-17.549999999999983,4,6,terminal_mid,0.8631697077297872,0.8543770014771712
1473461,2025,15,1,1,-31.400000000000006,8.689655172413794,-17.36500000000001,4,6,terminal_mid,0.8578962264359475,0.8505957000943791
1473461,2025,15,2,1,-31.400000000000006,9.0,-18.180000000000007,4,6,terminal_mid,0.8564404831158725,0.8491306312332536
1473461,2025,15,3,1,-31.400000000000006,9.11111111111111,-17.995000000000005,4,6,terminal_mid,0.853405859690258,0.8460787112894279
1473461,2025,15,4,1,-31.400000000000006,8.538461538461538,-14.810000000000002,4,6,terminal_mid,0.8759777266461604,0.8688519679133784
1473461,2025,15,5,1,-31.400000000000006,7.4399999999999995,-9.625,4,6,terminal_mid,0.9264406908809314,0.9205151438431513
1473461,2025,15,6,1,-31.400000000000006,7.5,-9.439999999999998,4,6,terminal_mid,0.9243124060234813,0.9183099675383664
1473462,2025,7,1,1,-63.06666666666666,1.4805194805194806,34.87333333333334,2,8,terminal_mid,0.995047074628131,0.9894268869094641
1473462,2025,7,2,1,-63.06666666666666,1.5,34.186666666666675,2,8,terminal_mid,0.9933832988086106,0.9864582177362388
1473462,2025,7,3,1,-63.06666666666666,1.52,33.5,2,8,terminal_mid,0.9942981189144551,0.9880745162902501
1473462,2025,7,4,1,-63.06666666666666,1.4594594594594597,33.81333333333334,2,8,terminal_mid,0.9938916845858561,0.987351948137019
1473462,2025,7,5,1,-63.06666666666666,1.3972602739726026,34.12666666666666,2,8,terminal_mid,0.9944191065014667,0.9882910852877674
1473462,2025,7,6,1,-63.06666666666666,1.4166666666666665,33.44,2,8,terminal_mid,0.9951040041993937,0.9895308839141139
1473462,2025,8,1,1,-63.06666666666666,1.436619718309859,32.75333333333334,2,8,terminal_mid,0.9962389777916247,0.9925858522435284
1473462,2025,8,2,1,-63.06666666666666,1.2857142857142856,34.06666666666668,2,8,terminal_mid,0.9962985627365224,0.9926888579816652
1473462,2025,8,3,1,-63.06666666666666,1.3043478260869565,33.379999999999995,2,8,terminal_mid,0.9967044347590428,0.993396292699411
1473462,2025,8,4,1,-63.06666666666666,1.2352941176470589,33.693333333333335,2,8,terminal_mid,0.9970426883275028,0.993994286318116
1473462,2025,8,5,1,-63.06666666666666,1.164179104477612,34.006666666666675,2,8,terminal_mid,0.9970920037306867,0.9940821693178058
1473462,2025,8,6,1,-63.06666666666666,1.0909090909090908,34.32000000000001,2,8,terminal_mid,0.9969215660209039,0.9937792136416977
1473462,2025,9,1,1,-63.06666666666666,1.0153846153846153,34.63333333333333,2,8,terminal_mid,0.9970282305518062,0.9931743796789296
1473462,2025,9,2,1,-63.06666666666666,1.03125,33.94666666666667,2,8,terminal_mid,0.99703470212748,0.993187005576895
1473462,2025,9,3,1,-63.06666666666666,1.0476190476190474,33.260000000000005,2,8,terminal_mid,0.9970244459633114,0.9931669979893006
1473462,2025,9,4,1,-63.06666666666666,0.6774193548387096,36.57333333333333,2,8,terminal_mid,0.9973588881595794,0.9938251325549841
1473462,2025,9,5,1,-63.06666666666666,0.6885245901639344,35.88666666666667,2,8,terminal_mid,0.997642814399429,0.9943939199046548
1473462,2025,9,6,1,-63.06666666666666,0.6000000000000001,36.2,2,8,terminal_mid,0.9975618016985464,0.9942306107767253
1473462,2025,10,1,1,-63.06666666666666,0.3050847457627119,38.51333333333333,2,8,terminal_mid,0.9977080257156591,0.995866073576836
1473462,2025,10,2,1,-63.06666666666666,-0.3103448275862069,43.82666666666667,2,8,terminal_mid,0.9976298569372719,0.9957403131886248
1473463,2025,7,1,1,9.0,8.805194805194805,-8.049999999999997,1,9,terminal_mid,0.7572754099553884,0.7226173563918022
1473463,2025,7,2,1,9.0,8.921052631578949,-9.400000000000006,1,9,terminal_mid,0.7544468747719049,0.7199678071815352
1473463,2025,7,3,1,9.0,8.56,-4.75,1,9,terminal_mid,0.7864325523246033,0.750261570913287
1473463,2025,7,4,1,9.0,8.675675675675677,-6.099999999999994,1,9,terminal_mid,0.7794232273992514,0.743557591917155
1473463,2025,7,5,1,9.0,8.63013698630137,-5.450000000000003,1,9,terminal_mid,0.7886806492527167,0.7524201135899776
1473463,2025,7,6,1,9.0,8.583333333333334,-4.799999999999997,1,9,terminal_mid,0.7978368579030871,0.7612553993537767
1473463,2025,8,1,1,9.0,8.366197183098592,-2.1500000000000057,1,9,terminal_mid,0.814121872237989,0.7841262965101774
1473463,2025,8,2,1,9.0,8.399999999999999,-2.5,1,9,terminal_mid,0.8237275532563288,0.7936133849022479
1473463,2025,8,3,1,9.0,8.521739130434783,-3.8500000000000085,1,9,terminal_mid,0.8108179390186285,0.7808812515225223
1473463,2025,8,4,1,9.0,8.117647058823529,0.7999999999999972,1,9,terminal_mid,0.8456376430601211,0.8155722519575459
1473463,2025,8,5,1,9.0,8.238805970149254,-0.549999999999983,1,9,terminal_mid,0.8475277442308229,0.8174891780664272
1473463,2025,8,6,1,9.0,8.272727272727273,-0.8999999999999773,1,9,terminal_mid,0.8423676524843193,0.8122647476120558
1473463,2025,9,1,1,9.0,7.846153846153847,3.750000000000014,1,9,terminal_mid,0.8932335962472476,0.8621186777126535
1473463,2025,9,2,1,9.0,7.875,3.3999999999999915,1,9,terminal_mid,0.8895493406473349,0.8582160585406611
1473463,2025,9,3,1,9.0,7.619047619047619,6.050000000000011,1,9,terminal_mid,0.9444493581618789,0.9196473378905812
1473463,2025,9,4,1,9.0,7.64516129032258,5.700000000000017,1,9,terminal_mid,0.9429064250891792,0.9177991831804305
1473463,2025,9,5,1,9.0,7.1803278688524586,10.350000000000009,1,9,terminal_mid,0.9708907556504902,0.9531167180377901
1473463,2025,9,6,1,9.0,6.7,14.999999999999986,1,9,terminal_mid,0.9797819737386,0.9654636931478434
1473463,2025,10,1,1,9.0,6.711864406779661,14.650000000000006,1,9,terminal_mid,0.9806915658045186,0.9723763026619198
1473463,2025,10,2,1,9.0,6.724137931034482,14.300000000000011,1,9,terminal_mid,0.9813739848049108,0.9732447675379019
1473463,2025,10,3,1,9.0,6.421052631578947,16.950000000000003,1,9,terminal_mid,0.9844535639597994,0.9772128795170983
1473463,2025,10,4,1,9.0,6.321428571428571,17.60000000000001,1,9,terminal_mid,0.985985771024545,0.9792205425411353
1473463,2025,10,5,1,9.0,6.327272727272726,17.25,1,9,terminal_mid,0.9851170881992275,0.9780793453297135
1473463,2025,10,6,1,9.0,6.444444444444445,15.900000000000006,1,9,terminal_mid,0.9843772853962994,0.9771135494161071
1473463,2025,11,1,1,9.0,6.566037735849056,6.599999999999994,2,8,terminal_mid,0.9757369792642558,0.9692389858232664
1473463,2025,11,2,1,9.0,6.5769230769230775,6.400000000000006,2,8,terminal_mid,0.9708641082957885,0.9636792286406396
1473463,2025,11,3,1,9.0,6.705882352941177,5.200000000000017,2,8,terminal_mid,0.9726001445570489,0.965648859209546
1473463,2025,11,4,1,9.0,6.720000000000001,5.0,2,8,terminal_mid,0.9488090774989928,0.9394666026571853
1473463,2025,11,5,1,9.0,6.857142857142857,3.799999999999997,2,8,terminal_mid,0.9453823896354308,0.9358105088606259
1473463,2025,11,6,1,9.0,7.0,2.6000000000000085,2,8,terminal_mid,0.9431181599948262,0.9334072612929639
1473463,2025,12,1,1,9.0,6.382978723404255,7.400000000000006,2,8,terminal_mid,0.9844047629905271,0.9800968210863199
1473463,2025,12,2,1,9.0,6.391304347826088,7.199999999999989,2,8,terminal_mid,0.9846826984817545,0.9804257224852972
1473463,2025,12,3,1,9.0,6.4,7.000000000000014,2,8,terminal_mid,0.9841790361455853,0.9798300315825536
1473463,2025,12,4,1,9.0,6.0,9.799999999999997,2,8,terminal_mid,0.9879823537984616,0.9843678899877796
1473463,2025,12,5,1,9.0,6.0,9.599999999999994,2,8,terminal_mid,0.9880393846247955,0.9844366906349251
1473463,2025,12,6,1,9.0,5.857142857142857,10.400000000000006,2,8,terminal_mid,0.987887011398464,0.9842529259895457
1473463,2025,13,1,1,9.0,5.853658536585366,10.200000000000017,2,8,terminal_mid,0.9895663832107426,0.9874131019467699
1473463,2025,13,2,1,9.0,6.0,9.0,2,8,terminal_mid,0.9890777037224767,0.9868515204125803
1473463,2025,13,3,1,9.0,6.0,8.800000000000011,2,8,terminal_mid,0.9891342082766414,0.9869163916570507
1473463,2025,13,4,1,9.0,6.0,8.600000000000023,2,8,terminal_mid,0.9896942839744456,0.9875602894014128
1473463,2025,13,5,1,9.0,5.837837837837839,9.400000000000006,2,8,terminal_mid,0.9896816439394504,0.9875457394396198
1473463,2025,13,6,1,9.0,6.0,8.199999999999989,2,8,terminal_mid,0.9896463989573401,0.9875051734016452
1473463,2025,13,7,1,9.0,6.0,8.0,2,8,terminal_mid,0.9894485445127434,0.9872775704692309
1473463,2025,14,1,1,9.0,5.828571428571428,9.0,2,8,terminal_mid,0.9902890396058845,0.9882810753982434
1473463,2025,14,2,1,9.0,5.823529411764706,8.800000000000011,2,8,terminal_mid,0.9900472969801605,0.9880023841910491
1473463,2025,14,3,1,9.0,6.0,7.599999999999994,2,8,terminal_mid,0.9901753068825314,0.9881499204385275
1473463,2025,14,4,1,9.0,6.1875,6.400000000000006,2,8,terminal_mid,0.9898040294715951,0.987722247437566
1473463,2025,14,5,1,9.0,5.225806451612903,11.199999999999989,2,8,terminal_mid,0.9937158762148048,0.9922703280389794
1473463,2025,14,6,1,9.0,5.4,10.0,2,8,terminal_mid,0.9933823051727646,0.9918783728349594
1473463,2025,15,1,1,9.0,5.379310344827586,9.800000000000011,2,8,terminal_mid,0.993040065650711,0.9917835866405538
1473463,2025,15,2,1,9.0,5.571428571428571,4.400000000000006,3,7,terminal_mid,0.9830893793438163,0.9806657638189146
1473463,2025,15,3,1,9.0,5.555555555555555,4.349999999999994,3,7,terminal_mid,0.9790070038765544,0.9761891120251108
1473463,2025,15,4,1,9.0,5.538461538461538,4.299999999999983,3,7,terminal_mid,0.9799534788017619,0.977223716853873
1473463,2025,15,5,1,9.0,5.76,3.25,3,7,terminal_mid,0.976730030713681,0.9737074555567984
1473463,2025,15,6,1,9.0,6.0,2.1999999999999886,3,7,terminal_mid,0.9754826365086449,0.9723520494482285
1473464,2025,7,1,1,52.6875,11.844155844155845,6.208333333333343,0,10,terminal_mid,0.5871970976578791,0.5700706517792464
1473464,2025,7,2,1,52.6875,11.921052631578949,5.166666666666657,0,10,terminal_mid,0.5792273117095874,0.563147571148372
1473464,2025,7,3,1,52.6875,11.6,9.125,0,10,terminal_mid,0.6146487309285005,0.5940173355264938
1473464,2025,7,4,1,52.6875,11.513513513513512,10.083333333333343,0,10,terminal_mid,0.6198588341432043,0.5985821681029607
1473464,2025,7,5,1,52.6875,11.342465753424658,12.041666666666657,0,10,terminal_mid,0.6418972869154338,0.6179733102233005
1473464,2025,7,6,1,52.6875,11.416666666666666,11.0,0,10,terminal_mid,0.6241538183388577,0.60235053662749
1473464,2025,8,1,1,52.6875,11.492957746478872,9.958333333333329,0,10,terminal_mid,0.6199971357429797,0.6038669141035755
1473464,2025,8,2,1,52.6875,11.571428571428571,8.916666666666671,0,10,terminal_mid,0.6186406675050502,0.6026561186784922
1473464,2025,8,3,1,52.6875,11.217391304347826,12.874999999999986,0,10,terminal_mid,0.6614652711277101,0.6410980069928776
1473464,2025,8,4,1,52.6875,10.852941176470589,16.83333333333333,0,10,terminal_mid,0.7314319224922381,0.7051854399252703
1473464,2025,8,5,1,52.6875,11.014925373134329,14.791666666666671,0,10,terminal_mid,0.717309929682923,0.692090653945156
1473464,2025,8,6,1,52.6875,11.181818181818182,12.750000000000014,0,10,terminal_mid,0.6883880428800684,0.6655388125346491
1473464,2025,9,1,1,52.6875,11.353846153846153,10.708333333333329,0,10,terminal_mid,0.6661183345624265,0.6481249600100031
1473464,2025,9,2,1,52.6875,10.96875,14.666666666666671,0,10,terminal_mid,0.7477030587259321,0.7207507401789313
1473464,2025,9,3,1,52.6875,10.571428571428571,18.625,0,10,terminal_mid,0.7888639847591201,0.7587290959530386
1473464,2025,9,4,1,52.6875,10.741935483870968,16.583333333333343,0,10,terminal_mid,0.7860703600356902,0.7561143138403487
1473464,2025,9,5,1,52.6875,10.524590163934427,18.541666666666657,0,10,terminal_mid,0.7998013555534118,0.7690251282773503
1473464,2025,9,6,1,52.6875,10.299999999999999,20.5,0,10,terminal_mid,0.7932129519501946,0.7628116281249374
1473464,2025,10,1,1,52.6875,10.474576271186441,18.458333333333343,0,10,terminal_mid,0.8032806290709861,0.7865585763300017
1473464,2025,10,2,1,52.6875,10.241379310344827,20.416666666666686,0,10,terminal_mid,0.7898724828646262,0.77385444398498
1473464,2025,10,3,1,52.6875,10.31578947368421,19.375,0,10,terminal_mid,0.8012796258963698,0.7846564610943819
1473464,2025,10,4,1,52.6875,10.392857142857142,18.333333333333343,0,10,terminal_mid,0.7969526245328139,0.7805508389417457
1473464,2025,10,5,1,52.6875,10.145454545454545,20.291666666666657,0,10,terminal_mid,0.8022696882857272,0.785597315990312
1473464,2025,10,6,1,52.6875,10.222222222222221,19.25,0,10,terminal_mid,0.7948565016647493,0.7785655891678692
1473464,2025,11,1,1,52.6875,10.30188679245283,18.208333333333343,0,10,terminal_mid,0.7868145585070321,0.7801845631944395
1473464,2025,11,2,1,52.6875,10.269230769230768,18.166666666666657,0,10,terminal_mid,0.7879823043489024,0.781276293875591
1473464,2025,11,3,1,52.6875,10.470588235294118,16.125,0,10,terminal_mid,0.7816558078228841,0.7753671390838361
1473464,2025,11,4,1,52.6875,10.2,18.083333333333343,0,10,terminal_mid,0.7891769743720356,0.7823936832372663
1473464,2025,11,5,1,52.6875,9.918367346938776,20.041666666666657,0,10,terminal_mid,0.8068604901672034,0.7989943218482215
1473464,2025,11,6,1,52.6875,10.125,18.0,0,10,terminal_mid,0.8067709883477121,0.7989099972050794
1473464,2025,12,1,1,52.6875,9.574468085106382,21.958333333333314,0,10,terminal_mid,0.8300522448818803,0.8198160950751159
1473464,2025,12,2,1,52.6875,9.782608695652174,10.525000000000006,1,9,terminal_mid,0.8429104308320807,0.832385548500828
1473464,2025,12,3,1,52.6875,9.866666666666667,9.6875,1,9,terminal_mid,0.8209619128586015,0.8109750481704371
1473464,2025,12,4,1,52.6875,9.954545454545455,8.849999999999994,1,9,terminal_mid,0.8259945653255392,0.8158652740588482
1473464,2025,12,5,1,52.6875,10.046511627906977,8.012499999999989,1,9,terminal_mid,0.8202801975792794,0.8103134466391805
1473464,2025,12,6,1,52.6875,10.142857142857142,7.174999999999983,1,9,terminal_mid,0.8253199325944514,0.8152091059867387
1473464,2025,13,1,1,52.6875,10.24390243902439,6.337500000000006,1,9,terminal_mid,0.8181987005950717,0.8098983306125623
1473464,2025,13,2,1,52.6875,10.350000000000001,5.5,1,9,terminal_mid,0.8213154308491919,0.8129828917722421
1473464,2025,13,3,1,52.6875,9.692307692307693,9.662499999999994,1,9,terminal_mid,0.8761766001613863,0.8678215853062186
1473464,2025,13,4,1,52.6875,9.947368421052632,7.824999999999989,1,9,terminal_mid,0.875295306109477,0.8669312319255988
1473464,2025,13,5,1,52.6875,10.054054054054054,6.987500000000011,1,9,terminal_mid,0.8745407099624545,0.8661691600915097
1473464,2025,13,6,1,52.6875,10.166666666666666,6.150000000000006,1,9,terminal_mid,0.8834879527073352,0.8752221087696921
1473464,2025,13,7,1,52.6875,10.285714285714285,5.3125,1,9,terminal_mid,0.8654636212968438,0.8570218652858801
1473464,2025,14,1,1,52.6875,10.285714285714285,5.3125,1,9,terminal_mid,0.8701180318450789,0.8613975316703928
1473464,2025,14,2,1,52.6875,10.411764705882353,4.474999999999994,1,9,terminal_mid,0.8062593853961546,0.7975295561149869
1473464,2025,14,3,1,52.6875,9.636363636363637,8.637500000000017,1,9,terminal_mid,0.9001268271778253,0.891973281846293
1473464,2025,14,4,1,52.6875,9.75,7.800000000000011,1,9,terminal_mid,0.9018050967931331,0.8936969929612093
1473464,2025,14,5,1,52.6875,9.29032258064516,9.962500000000006,1,9,terminal_mid,0.9110279880995134,0.9031992340192495
1473464,2025,14,6,1,52.6875,8.399999999999999,14.125,1,9,terminal_mid,0.9325092818962168,0.9255512297977766
1473464,2025,14,7,1,52.6875,8.482758620689655,13.287499999999994,1,9,terminal_mid,0.9332195173654623,0.9262962303651794
1473464,2025,15,1,1,52.6875,8.482758620689655,13.287499999999994,1,9,terminal_mid,0.9397056633479914,0.9343259825302711
1473464,2025,15,2,1,52.6875,7.5,17.44999999999999,1,9,terminal_mid,0.9408402656870932,0.9355130408643507
1473464,2025,15,3,1,52.6875,6.888888888888889,19.61250000000001,1,9,terminal_mid,0.9436352645118026,0.9384414874782798
1473464,2025,15,4,1,52.6875,6.9230769230769225,18.775000000000006,1,9,terminal_mid,0.9444513166621786,0.939297666046157
1473464,2025,15,5,1,52.6875,6.959999999999999,17.9375,1,9,terminal_mid,0.9437258268190505,0.938536476493386
1473464,2025,15,6,1,52.6875,7.0,17.100000000000023,1,9,terminal_mid,0.9441156547632343,0.9389454343332896
1473465,2025,7,1,1,-6.5,8.103896103896105,8.00833333333334,0,10,terminal_mid,0.913728233205509,0.8816793721272325
1473465,2025,7,2,1,-6.5,7.894736842105264,10.566666666666663,0,10,terminal_mid,0.933157002597254,0.9042980641643663
1473465,2025,7,3,1,-6.5,7.92,10.125,0,10,terminal_mid,0.9324095222397015,0.9034072112251603
1473465,2025,7,4,1,-6.5,7.945945945945946,9.683333333333337,0,10,terminal_mid,0.9277568553779835,0.8979019019420686
1473465,2025,7,5,1,-6.5,7.561643835616438,14.24166666666666,0,10,terminal_mid,0.9644948433505252,0.9436583088740718
1473465,2025,7,6,1,-6.5,7.666666666666666,12.799999999999997,0,10,terminal_mid,0.957551361725963,0.9345348597863319
1473465,2025,8,1,1,-6.5,7.690140845070423,12.358333333333334,0,10,terminal_mid,0.9547714970701022,0.935398887378032
1473465,2025,8,2,1,-6.5,7.628571428571428,12.916666666666671,0,10,terminal_mid,0.9593172573137114,0.9410359904560329
1473465,2025,8,3,1,-6.5,7.652173913043478,12.474999999999994,0,10,terminal_mid,0.9551295967089347,0.9358397624406636
1473465,2025,8,4,1,-6.5,7.235294117647058,17.03333333333333,0,10,terminal_mid,0.9755203497676709,0.9619997536532817
1473465,2025,8,5,1,-6.5,7.343283582089552,5.9325000000000045,1,9,terminal_mid,0.9684347561788362,0.9526412242455831
1473465,2025,8,6,1,-6.5,7.363636363636363,5.635000000000019,1,9,terminal_mid,0.9594829682593352,0.9412432100246705
1473465,2025,8,7,1,-6.5,7.384615384615385,5.337500000000006,1,9,terminal_mid,0.9595521157019494,0.9413297154142525
1473465,2025,9,1,1,-6.5,7.292307692307691,6.337500000000006,1,9,terminal_mid,0.9626684524775508,0.9422810520011903
1473465,2025,9,2,1,-6.5,7.03125,9.039999999999992,1,9,terminal_mid,0.968894812214008,0.9504418231229741
1473465,2025,9,3,1,-6.5,7.0476190476190474,8.742500000000007,1,9,terminal_mid,0.9694624790655416,0.9511994540543879
1473465,2025,9,4,1,-6.5,7.161290322580646,7.445000000000007,1,9,terminal_mid,0.9711604603202431,0.9534805805569541
1473465,2025,9,5,1,-6.5,7.278688524590164,6.147500000000008,1,9,terminal_mid,0.9693029234350135,0.9509862575789635
1473465,2025,9,6,1,-6.5,7.299999999999999,5.849999999999994,1,9,terminal_mid,0.9702805161649224,0.952295592041164
1473465,2025,10,1,1,-6.5,7.322033898305085,5.552499999999995,1,9,terminal_mid,0.9686376916630347,0.9575372517067955
1473465,2025,10,2,1,-6.5,7.344827586206896,5.25500000000001,1,9,terminal_mid,0.9686098813495201,0.9575039300716147
1473465,2025,10,3,1,-6.5,7.473684210526317,3.957499999999996,1,9,terminal_mid,0.9273653288313832,0.9109170058530179
1473465,2025,10,4,1,-6.5,7.5,3.660000000000011,1,9,terminal_mid,0.9288277429284426,0.9124963010783508
1473465,2025,10,5,1,-6.5,7.636363636363637,2.362499999999997,1,9,terminal_mid,0.9206375871992245,0.903702722518929
1473465,2025,10,6,1,-6.5,7.666666666666666,2.0649999999999977,1,9,terminal_mid,0.9178161629671086,0.9007009869210383
1473465,2025,10,7,1,-6.5,7.811320754716981,0.7674999999999983,1,9,terminal_mid,0.9150360581578804,0.8977561653788096
1473465,2025,10,8,1,-6.5,7.846153846153847,0.46999999999999886,1,9,terminal_mid,0.912953461798766,0.8955583197197506
1473465,2025,11,1,1,-6.5,7.584905660377358,2.7674999999999983,1,9,terminal_mid,0.9254996427104967,0.9150040757538809
1473465,2025,11,2,1,-6.5,7.730769230769232,1.4699999999999989,1,9,terminal_mid,0.9112171067215669,0.9004076734820432
1473465,2025,11,3,1,-6.5,7.764705882352942,1.1725000000000136,1,9,terminal_mid,0.9094882688563422,0.8986574217432031
1473465,2025,11,4,1,-6.5,7.800000000000001,0.875,1,9,terminal_mid,0.9149495813619437,0.9041980122796288
1473465,2025,11,5,1,-6.5,7.714285714285715,1.5774999999999864,1,9,terminal_mid,0.918854093414107,0.9081807902256189
1473465,2025,11,6,1,-6.5,7.75,1.2800000000000153,1,9,terminal_mid,0.9217128047946581,0.9111088631789295
1473465,2025,11,7,1,-6.5,7.404255319148936,3.9825000000000017,1,9,terminal_mid,0.9481080146163499,0.9387166798080296
1473465,2025,12,1,1,-6.5,7.404255319148936,3.9825000000000017,1,9,terminal_mid,0.9570605901509075,0.9492105716141628
1473465,2025,12,2,1,-6.5,7.434782608695652,3.6850000000000023,1,9,terminal_mid,0.9535087906679547,0.9453454676461384
1473465,2025,12,3,1,-6.5,7.6,2.387500000000003,1,9,terminal_mid,0.9452700929632264,0.9364699736332108
1473465,2025,12,4,1,-6.5,7.7727272727272725,1.0899999999999892,1,9,terminal_mid,0.9341136500036606,0.9246237923335049
1473465,2025,12,5,1,-6.5,7.813953488372094,0.792500000000004,1,9,terminal_mid,0.9332857260594367,0.9237516911974766
1473465,2025,12,6,1,-6.5,7.142857142857142,5.49499999999999,1,9,terminal_mid,0.9840645091746224,0.9796947821239735
1473465,2025,13,1,1,-6.5,7.170731707317072,5.197500000000005,1,9,terminal_mid,0.9825930344856917,0.9794976220219483
1473465,2025,13,2,1,-6.5,6.75,7.900000000000006,1,9,terminal_mid,0.989018371222765,0.9867834198532215
1473465,2025,13,3,1,-6.5,6.769230769230769,7.602499999999992,1,9,terminal_mid,0.9890426938515886,0.9868113346944626
1473465,2025,13,4,1,-6.5,6.789473684210526,7.304999999999993,1,9,terminal_mid,0.9883305677550069,0.9859952419220716
1473465,2025,13,5,1,-6.5,6.972972972972972,6.007500000000007,1,9,terminal_mid,0.9874398569889905,0.9849778565294474
1473465,2025,13,6,1,-6.5,7.0,5.710000000000008,1,9,terminal_mid,0.9871733866589154,0.9846741795882658
1473465,2025,14,1,1,-6.5,7.0285714285714285,5.412499999999994,1,9,terminal_mid,0.9864116573588981,0.9838448260142243
1473465,2025,14,2,1,-6.5,7.0588235294117645,5.115000000000009,1,9,terminal_mid,0.9855525269967507,0.9828704737760938
1473465,2025,14,3,1,-6.5,6.181818181818182,9.817499999999995,1,9,terminal_mid,0.9928152388750593,0.9912140623892398
1473465,2025,14,4,1,-6.5,6.0,10.52000000000001,1,9,terminal_mid,0.9932089664304913,0.991675047242659
1473465,2025,14,5,1,-6.5,6.193548387096774,9.222499999999997,1,9,terminal_mid,0.9928955102099535,0.9913079516177655
1473465,2025,14,6,1,-6.5,5.6,11.924999999999983,1,9,terminal_mid,0.9947216203584885,0.9934579672411578
1473465,2025,15,1,1,-6.5,4.9655172413793105,14.627499999999998,1,9,terminal_mid,0.9959371821320924,0.9951116307197055
1473465,2025,15,2,1,-6.5,5.142857142857142,13.329999999999984,1,9,terminal_mid,0.9957769430506721,0.9949257349491355
1473465,2025,15,3,1,-6.5,4.0,18.0325,1,9,terminal_mid,0.9967899934785385,0.9961056923205202
1473465,2025,15,4,1,-6.5,3.6923076923076925,18.735000000000014,1,9,terminal_mid,0.997003291125985,0.9963557060648224
1473465,2025,15,5,1,-6.5,3.84,17.4375,1,9,terminal_mid,0.9969638366974264,0.9963094137758793
1473465,2025,15,6,1,-6.5,3.75,17.140000000000015,1,9,terminal_mid,0.9969830387456549,0.9963319410534681
1473466,2025,7,1,0,5.9375,9.662337662337663,-4.612499999999997,1,9,terminal_mid,0.7063392916874321,0.6756402007255023
1473466,2025,7,2,0,5.9375,9.710526315789474,-5.150000000000006,1,9,terminal_mid,0.6995860689017511,0.6695159787087644
1473466,2025,7,3,0,5.9375,9.84,-6.6875,1,9,terminal_mid,0.6923449672146331,0.6629727920577859
1473466,2025,7,4,0,5.9375,9.486486486486488,-2.2249999999999943,1,9,terminal_mid,0.7149461425834138,0.6834775636723204
1473466,2025,7,5,0,5.9375,9.616438356164384,-3.762500000000003,1,9,terminal_mid,0.7196869853651606,0.6878106297474439
1473466,2025,7,6,0,5.9375,9.75,-5.299999999999997,1,9,terminal_mid,0.720007469338343,0.6881039719948244
1473466,2025,8,1,0,5.9375,9.802816901408452,-5.837500000000006,1,9,terminal_mid,0.717184596631905,0.6919748434733282
1473466,2025,8,2,0,5.9375,9.428571428571429,-1.375,1,9,terminal_mid,0.7531283434928775,0.7254948034586459
1473466,2025,8,3,0,5.9375,9.565217391304348,-2.9125000000000085,1,9,terminal_mid,0.7498017093738981,0.7223647409566994
1473466,2025,8,4,0,5.9375,9.529411764705882,-2.450000000000003,1,9,terminal_mid,0.7569265682690607,0.7290761180216832
1473466,2025,8,5,0,5.9375,9.582089552238806,-2.987499999999983,1,9,terminal_mid,0.7573646823336108,0.7294897368660982
1473466,2025,8,6,0,5.9375,9.636363636363637,-3.5249999999999773,1,9,terminal_mid,0.7461202416194335,0.7189078242300853
1473466,2025,9,1,0,5.9375,9.784615384615385,-5.062499999999986,1,9,terminal_mid,0.7419521840627898,0.7155288648286892
1473466,2025,9,2,0,5.9375,9.84375,-5.6000000000000085,1,9,terminal_mid,0.7433257687496627,0.7167744145691476
1473466,2025,9,3,0,5.9375,9.904761904761905,-6.137499999999989,1,9,terminal_mid,0.7349569495651485,0.7092015910364182
1473466,2025,9,4,0,5.9375,9.967741935483872,-6.674999999999983,1,9,terminal_mid,0.7209954822586497,0.6966487908691866
1473466,2025,9,5,0,5.9375,9.540983606557377,-2.2124999999999915,1,9,terminal_mid,0.7579303952229488,0.7300846949692569
1473466,2025,9,6,0,5.9375,9.3,0.2499999999999858,1,9,terminal_mid,0.7816110128478194,0.7519525738384141
1473466,2025,10,1,0,5.9375,8.847457627118644,4.712500000000006,1,9,terminal_mid,0.8480468997926582,0.8297728526067498
1473466,2025,10,2,0,5.9375,9.0,-6.73333333333332,2,8,terminal_mid,0.7375881860531679,0.7251124996593518
1473466,2025,10,3,0,5.9375,9.157894736842106,-8.099999999999994,2,8,terminal_mid,0.7302333251693477,0.7183407221926522
1473466,2025,10,4,0,5.9375,9.214285714285715,-8.466666666666669,2,8,terminal_mid,0.7258847769960131,0.7143452443550372
1473466,2025,10,5,0,5.9375,8.945454545454545,-5.833333333333314,2,8,terminal_mid,0.7642965766543652,0.7498678242772695
1473466,2025,10,6,0,5.9375,8.666666666666666,-3.1999999999999886,2,8,terminal_mid,0.8156739336896575,0.7983909593586067
1473466,2025,11,1,0,5.9375,8.60377358490566,-2.5666666666666913,2,8,terminal_mid,0.805606249274033,0.7978129266195377
1473466,2025,11,2,0,5.9375,8.653846153846153,-2.933333333333337,2,8,terminal_mid,0.8173536296357455,0.8089036731302687
1473466,2025,11,3,0,5.9375,8.352941176470587,-0.29999999999998295,2,8,terminal_mid,0.8604642665091238,0.85018189546907
1473466,2025,11,4,0,5.9375,8.52,-10.208333333333314,3,7,terminal_mid,0.7553596656554256,0.7509383479940467
1473466,2025,11,5,0,5.9375,8.204081632653061,-7.404166666666669,3,7,terminal_mid,0.7798671513273124,0.773698879940795
1473466,2025,11,6,0,5.9375,8.25,-7.599999999999994,3,7,terminal_mid,0.7748129047936994,0.7689903604650383
1473466,2025,12,1,0,5.9375,8.425531914893618,-8.79583333333332,3,7,terminal_mid,0.7693244799825911,0.7613421530551645
1473466,2025,12,2,0,5.9375,8.08695652173913,-5.991666666666674,3,7,terminal_mid,0.8293918830965108,0.8191726278236893
1473466,2025,12,3,0,5.9375,8.266666666666666,-7.1875,3,7,terminal_mid,0.8182323958600597,0.8083272185551467
1473466,2025,12,4,0,5.9375,8.454545454545455,-15.900000000000006,4,6,terminal_mid,0.6950773625784628,0.6912343443310572
1473466,2025,12,5,0,5.9375,8.511627906976745,-15.925000000000011,4,6,terminal_mid,0.6922109880387248,0.6885486066372664
1473466,2025,12,6,0,5.9375,8.714285714285714,-16.950000000000017,4,6,terminal_mid,0.682889256310445,0.6798225114753754
1473466,2025,13,1,0,5.9375,8.926829268292682,-17.974999999999994,4,6,terminal_mid,0.6738107137814464,0.6693197872180092
1473466,2025,13,2,0,5.9375,9.149999999999999,-19.0,4,6,terminal_mid,0.645309107759211,0.6419285173290741
1473466,2025,13,3,0,5.9375,9.384615384615385,-26.6875,5,5,terminal_mid,0.5202508886749462,0.5222902968643548
1473466,2025,13,4,0,5.9375,9.473684210526315,-26.541666666666657,5,5,terminal_mid,0.537487179493818,0.53875704744581
1473466,2025,13,5,0,5.9375,9.08108108108108,-23.395833333333343,5,5,terminal_mid,0.5850179135988592,0.5841815014195625
1473466,2025,13,6,0,5.9375,9.166666666666666,-23.25,5,5,terminal_mid,0.5857752362143984,0.5849057237452956
1473466,2025,14,1,0,5.9375,9.257142857142858,-23.104166666666657,5,5,terminal_mid,0.5726223076542285,0.5708779452573481
1473466,2025,14,2,0,5.9375,9.352941176470589,-22.958333333333343,5,5,terminal_mid,0.5572733479617524,0.5561657799777459
1473466,2025,14,3,0,5.9375,9.272727272727273,-21.8125,5,5,terminal_mid,0.5910138046339796,0.5885181490565017
1473466,2025,14,4,0,5.9375,9.375,-21.666666666666686,5,5,terminal_mid,0.6019515827581297,0.5990167868345022
1473466,2025,14,5,0,5.9375,9.483870967741936,-21.520833333333343,5,5,terminal_mid,0.6013233022843749,0.5984135551583032
1473466,2025,14,6,0,5.9375,9.600000000000001,-21.375,5,5,terminal_mid,0.595180819095886,0.5925171155288257
1473466,2025,15,1,0,5.9375,9.724137931034482,-21.229166666666657,5,5,terminal_mid,0.5880886441272368,0.5858725619683277
1473466,2025,15,2,0,5.9375,9.857142857142858,-21.083333333333314,5,5,terminal_mid,0.5806255966838554,0.5786553863444528
1473466,2025,15,3,0,5.9375,10.222222222222221,-26.55000000000001,6,4,terminal_mid,0.45020200433504265,0.45266497628388463
1473466,2025,15,4,0,5.9375,10.384615384615385,-26.23333333333332,6,4,terminal_mid,0.462776299739013,0.46481694276128593
1473466,2025,15,5,0,5.9375,10.56,-25.916666666666657,6,4,terminal_mid,0.44176404793547563,0.44450765715548674
1473466,2025,15,6,0,5.9375,10.75,-25.599999999999994,6,4,terminal_mid,0.43334350944938893,0.4363645891642753
1473466,2025,15,7,0,5.9375,10.956521739130434,-25.28333333333333,6,4,terminal_mid,0.4338433540140265,0.43684804102392155
1473467,2025,7,1,1,-5.5625,7.714285714285715,-2.134999999999991,1,9,terminal_mid,0.7846658100070536,0.7485680970895642
1473467,2025,7,2,1,-5.5625,7.657894736842106,-1.3800000000000097,1,9,terminal_mid,0.7966432622703437,0.7600995573450089
1473467,2025,7,3,1,-5.5625,7.68,-1.625,1,9,terminal_mid,0.7934804121460985,0.7570427305804494
1473467,2025,7,4,1,-5.5625,7.702702702702703,-1.8699999999999903,1,9,terminal_mid,0.7834301768773588,0.747385200329952
1473467,2025,7,5,1,-5.5625,7.643835616438356,-1.115000000000009,1,9,terminal_mid,0.798487552734612,0.7618860395905168
1473467,2025,7,6,1,-5.5625,7.75,-12.320000000000007,2,8,terminal_mid,0.6941123297105805,0.6645676301915617
1473467,2025,8,1,1,-5.5625,7.859154929577465,-13.426666666666662,2,8,terminal_mid,0.6775894734187675,0.65570663322619
1473467,2025,8,2,1,-5.5625,7.885714285714286,-13.533333333333317,2,8,terminal_mid,0.6741135321142229,0.6525503016728981
1473467,2025,8,3,1,-5.5625,8.0,-14.64,2,8,terminal_mid,0.6624401874068117,0.6419789645246186
1473467,2025,8,4,1,-5.5625,8.029411764705882,-14.746666666666655,2,8,terminal_mid,0.6531940021493341,0.6336352296165884
1473467,2025,8,5,1,-5.5625,8.149253731343283,-25.121666666666655,3,7,terminal_mid,0.48518687662056126,0.48476722502594166
1473467,2025,8,6,1,-5.5625,8.272727272727273,-26.090000000000003,3,7,terminal_mid,0.4764904324131075,0.4771204561807276
1473467,2025,9,1,1,-5.5625,8.399999999999999,-27.058333333333337,3,7,terminal_mid,0.4680707559719034,0.47824139221683254
1473467,2025,9,2,1,-5.5625,8.4375,-27.02666666666667,3,7,terminal_mid,0.46536272170468507,0.4759271733266006
1473467,2025,9,3,1,-5.5625,8.476190476190476,-26.995000000000005,3,7,terminal_mid,0.4646092347698875,0.47528313724815935
1473467,2025,9,4,1,-5.5625,8.516129032258064,-26.963333333333324,3,7,terminal_mid,0.46838843331162283,0.478512826531732
1473467,2025,9,5,1,-5.5625,8.557377049180328,-26.931666666666686,3,7,terminal_mid,0.4821696759618558,0.49027995086541504
1473467,2025,9,6,1,-5.5625,8.6,-26.900000000000006,3,7,terminal_mid,0.4948478989389548,0.5010942011965771
1473467,2025,10,1,1,-5.5625,8.64406779661017,-26.86833333333334,3,7,terminal_mid,0.4894146962325916,0.5017068142132226
1473467,2025,10,2,1,-5.5625,8.689655172413794,-26.83666666666666,3,7,terminal_mid,0.48585371645712444,0.49851685552980346
1473467,2025,10,3,1,-5.5625,8.736842105263158,-26.804999999999993,3,7,terminal_mid,0.4822896025067598,0.49532292163001934
1473467,2025,10,4,1,-5.5625,8.892857142857142,-27.77333333333334,3,7,terminal_mid,0.4617655293378649,0.47690451837064646
1473467,2025,10,5,1,-5.5625,8.836363636363636,-26.741666666666674,3,7,terminal_mid,0.5018367416735239,0.5128263979857733
1473467,2025,10,6,1,-5.5625,8.88888888888889,-26.710000000000008,3,7,terminal_mid,0.49718604402735417,0.508664724612895
1473467,2025,11,1,1,-5.5625,9.056603773584907,-27.67833333333334,3,7,terminal_mid,0.47467048315752525,0.49505670962301784
1473467,2025,11,2,1,-5.5625,8.538461538461538,-22.64666666666666,3,7,terminal_mid,0.5713455178869787,0.5831275050428869
1473467,2025,11,3,1,-5.5625,8.705882352941176,-23.61500000000001,3,7,terminal_mid,0.5522247039580608,0.5657691212338911
1473467,2025,11,4,1,-5.5625,8.76,-23.583333333333314,3,7,terminal_mid,0.5504375128880817,0.5641457096278141
1473467,2025,11,5,1,-5.5625,8.816326530612246,-23.551666666666662,3,7,terminal_mid,0.5505155102345285,0.564216563206775
1473467,2025,11,6,1,-5.5625,9.0,-24.519999999999996,3,7,terminal_mid,0.5476325001768598,0.5615973595967511
1473467,2025,12,1,1,-5.5625,9.191489361702128,-25.48833333333333,3,7,terminal_mid,0.5374824089443693,0.5445936200820529
1473467,2025,12,2,1,-5.5625,9.26086956521739,-25.456666666666663,3,7,terminal_mid,0.5369492059627445,0.544098541428785
1473467,2025,12,3,1,-5.5625,9.466666666666667,-32.650000000000006,4,6,terminal_mid,0.3976082499921979,0.4139670911275199
1473467,2025,12,4,1,-5.5625,9.136363636363637,-29.480000000000018,4,6,terminal_mid,0.4674444591225124,0.47943287511812577
1473467,2025,12,5,1,-5.5625,9.209302325581396,-29.310000000000002,4,6,terminal_mid,0.4655889290383816,0.4777013849316081
1473467,2025,12,6,1,-5.5625,9.285714285714286,-29.140000000000015,4,6,terminal_mid,0.47017522809240414,0.4819804677296533
1473467,2025,12,7,1,-5.5625,9.365853658536587,-28.97,4,6,terminal_mid,0.4598431235202489,0.47233741287581926
1473467,2025,12,8,1,-5.5625,9.45,-28.80000000000001,4,6,terminal_mid,0.44945004385577114,0.4626257748658945
1473467,2025,13,1,1,-5.5625,9.073170731707318,-26.97,4,6,terminal_mid,0.48815464653880064,0.4916180633153607
1473467,2025,13,2,1,-5.5625,9.149999999999999,-26.80000000000001,4,6,terminal_mid,0.4940173271901507,0.49722224642889445
1473467,2025,13,3,1,-5.5625,9.230769230769232,-26.629999999999995,4,6,terminal_mid,0.48722966167540643,0.4907337742366414
1473467,2025,13,4,1,-5.5625,9.31578947368421,-26.460000000000008,4,6,terminal_mid,0.486478933822869,0.4900160567099396
1473467,2025,13,5,1,-5.5625,9.405405405405405,-26.289999999999992,4,6,terminal_mid,0.4774313969857139,0.4813649184369679
1473467,2025,13,6,1,-5.5625,9.666666666666668,-27.120000000000005,4,6,terminal_mid,0.4650428631860416,0.4695142186657178
1473467,2025,14,1,1,-5.5625,9.771428571428572,-26.94999999999999,4,6,terminal_mid,0.4732928326182041,0.47572092303460406
1473467,2025,14,2,1,-5.5625,10.058823529411764,-27.78,4,6,terminal_mid,0.4519897038762746,0.4552997812343934
1473467,2025,14,3,1,-5.5625,10.363636363636363,-28.609999999999985,4,6,terminal_mid,0.4371337859200691,0.44104848598629537
1473467,2025,14,4,1,-5.5625,10.6875,-29.439999999999998,4,6,terminal_mid,0.4298583767245425,0.4340652916387974
1473467,2025,14,5,1,-5.5625,10.838709677419354,-29.269999999999982,4,6,terminal_mid,0.4279939568611367,0.4322752993054569
1473467,2025,14,6,1,-5.5625,11.2,-34.25,5,5,terminal_mid,0.2785677932093301,0.28778053977401175
1473467,2025,15,1,1,-5.5625,11.379310344827587,-33.94166666666666,5,5,terminal_mid,0.2979035519059092,0.30474931928574006
1473467,2025,15,2,1,-5.5625,11.571428571428571,-33.633333333333326,5,5,terminal_mid,0.29509228286676487,0.3019987606499593
1473467,2025,15,3,1,-5.5625,11.777777777777779,-33.32499999999999,5,5,terminal_mid,0.2860419923639434,0.2931369043886037
1473467,2025,15,4,1,-5.5625,12.0,-33.01666666666665,5,5,terminal_mid,0.28487870724499975,0.2919970432086831
1473467,2025,15,5,1,-5.5625,12.48,-33.70833333333334,5,5,terminal_mid,0.21575722472221737,0.22388444557169648
1473467,2025,15,6,1,-5.5625,12.0,-30.400000000000006,5,5,terminal_mid,0.31166470715050176,0.3181991647394366
1473467,2025,15,7,1,-5.5625,11.478260869565219,-27.09166666666667,5,5,terminal_mid,0.38639145596871927,0.3908971306008319
1473468,2025,7,1,0,-69.14285714285714,3.974025974025974,6.980000000000011,2,8,terminal_mid,0.9947492000385146,0.9888855938592334
1473468,2025,7,2,0,-69.14285714285714,3.947368421052632,7.240000000000002,2,8,terminal_mid,0.9948449847985861,0.9890591394752872
1473468,2025,7,3,0,-69.14285714285714,4.0,6.5,2,8,terminal_mid,0.9949081933451118,0.98917392620185
1473468,2025,7,4,0,-69.14285714285714,4.054054054054054,-1.0850000000000009,3,7,terminal_mid,0.9826802845487648,0.969279619129795
1473468,2025,7,5,0,-69.14285714285714,3.6986301369863015,3.2674999999999983,3,7,terminal_mid,0.9822288679689908,0.9686019404417565
1473468,2025,7,6,0,-69.14285714285714,3.666666666666667,3.6199999999999903,3,7,terminal_mid,0.9837259839285762,0.9708605467701561
1473468,2025,8,1,0,-69.14285714285714,3.633802816901408,3.9724999999999966,3,7,terminal_mid,0.9839475702017398,0.9736613126719886
1473468,2025,8,2,0,-69.14285714285714,3.5999999999999996,4.325000000000003,3,7,terminal_mid,0.984307221200462,0.9741755567894473
1473468,2025,8,3,0,-69.14285714285714,3.6521739130434785,3.677499999999995,3,7,terminal_mid,0.9862935911253703,0.9770460067049073
1473468,2025,8,4,0,-69.14285714285714,3.7058823529411766,3.029999999999987,3,7,terminal_mid,0.9875353028453774,0.9788688037558204
1473468,2025,8,5,0,-69.14285714285714,3.7611940298507465,2.3825000000000074,3,7,terminal_mid,0.9882812051040809,0.9799754454943669
1473468,2025,8,6,0,-69.14285714285714,3.7272727272727275,2.7349999999999994,3,7,terminal_mid,0.9887849697109341,0.9807281736909398
1473468,2025,9,1,0,-69.14285714285714,3.6923076923076925,3.0874999999999915,3,7,terminal_mid,0.9898902287840404,0.9807394304380426
1473468,2025,9,2,0,-69.14285714285714,3.75,-3.4799999999999898,4,6,terminal_mid,0.9705510210612431,0.9526592116299355
1473468,2025,9,3,0,-69.14285714285714,3.8095238095238093,-4.035000000000011,4,6,terminal_mid,0.9681652755217843,0.9494716983964507
1473468,2025,9,4,0,-69.14285714285714,3.870967741935484,-4.589999999999989,4,6,terminal_mid,0.9715252819614569,0.9539737112890913
1473468,2025,9,5,0,-69.14285714285714,3.9344262295081966,-5.14500000000001,4,6,terminal_mid,0.9717015095952587,0.9542123118801565
1473468,2025,9,6,0,-69.14285714285714,4.0,-5.699999999999989,4,6,terminal_mid,0.9714311301766595,0.9538463412881635
1473468,2025,9,7,0,-69.14285714285714,4.067796610169491,-6.25500000000001,4,6,terminal_mid,0.9697894278628181,0.9516369295780354
1473468,2025,10,1,0,-69.14285714285714,3.9661016949152543,-5.25500000000001,4,6,terminal_mid,0.9738409010663911,0.9638389835104839
1473468,2025,10,2,0,-69.14285714285714,4.0344827586206895,-5.810000000000002,4,6,terminal_mid,0.9723274909235604,0.9619916038757178
1473468,2025,10,3,0,-69.14285714285714,4.0,-5.365000000000009,4,6,terminal_mid,0.9758825911219093,0.9663518288870433
1473468,2025,10,4,0,-69.14285714285714,4.071428571428571,-11.099999999999994,5,5,terminal_mid,0.9441816352600603,0.9293488290088556
1473468,2025,10,5,0,-69.14285714285714,4.1454545454545455,-11.5625,5,5,terminal_mid,0.9407607121721222,0.9255477665680232
1473468,2025,10,6,0,-69.14285714285714,4.222222222222222,-12.025000000000006,5,5,terminal_mid,0.9416017906385472,0.9264796621301885
1473468,2025,11,1,0,-69.14285714285714,4.188679245283018,-11.487499999999997,5,5,terminal_mid,0.9473197299988156,0.9378746552899554
1473468,2025,11,2,0,-69.14285714285714,4.153846153846153,-10.950000000000003,5,5,terminal_mid,0.9530056896120956,0.9439775439261355
1473468,2025,11,3,0,-69.14285714285714,4.235294117647059,-16.129999999999995,6,4,terminal_mid,0.9224798300840003,0.9118962952653591
1473468,2025,11,4,0,-69.14285714285714,4.32,-21.125,7,3,terminal_mid,0.6933098471078765,0.6939394863279568
1473468,2025,11,5,0,-69.14285714285714,4.285714285714286,-20.40249999999999,7,3,terminal_mid,0.7004683645354162,0.7004800359200197
1473468,2025,11,6,0,-69.14285714285714,4.375,-20.680000000000007,7,3,terminal_mid,0.6927478636791748,0.6934263232027781
1473468,2025,12,1,0,-69.14285714285714,4.212765957446809,-18.95750000000001,7,3,terminal_mid,0.7731820173543661,0.76502007197088
1473468,2025,12,2,0,-69.14285714285714,4.304347826086956,-19.235,7,3,terminal_mid,0.7640372618716592,0.7563078753614961
1473468,2025,12,3,0,-69.14285714285714,4.3999999999999995,-19.51249999999999,7,3,terminal_mid,0.760498176891241,0.7529423227123918
1473468,2025,12,4,0,-69.14285714285714,4.5,-19.790000000000006,7,3,terminal_mid,0.7800249197016225,0.7715549993561738
1473468,2025,12,5,0,-69.14285714285714,4.604651162790698,-24.045,8,2,terminal_mid,0.535643319779566,0.5428859898658187
1473468,2025,12,6,0,-69.14285714285714,4.714285714285714,-24.230000000000004,8,2,terminal_mid,0.5327390723507393,0.5401891173571742
1473468,2025,13,1,0,-69.14285714285714,4.829268292682928,-24.414999999999992,8,2,terminal_mid,0.5017612396997453,0.5046233950803084
1473468,2025,13,2,0,-69.14285714285714,4.050000000000001,-18.60000000000001,8,2,terminal_mid,0.7500900268272115,0.743108482516055
1473468,2025,13,3,0,-69.14285714285714,4.153846153846153,-18.78500000000001,8,2,terminal_mid,0.7596799787162389,0.7524508271078175
1473468,2025,13,4,0,-69.14285714285714,3.3157894736842106,-12.969999999999999,8,2,terminal_mid,0.857331121026775,0.8488558785387704
1473468,2025,13,5,0,-69.14285714285714,2.756756756756757,-9.155000000000001,8,2,terminal_mid,0.9025240236111896,0.894618118751634
1473468,2025,13,6,0,-69.14285714285714,2.833333333333333,-9.33999999999999,8,2,terminal_mid,0.9034265040991002,0.8955426682834949
1473468,2025,14,1,0,-69.14285714285714,2.914285714285714,-9.524999999999991,8,2,terminal_mid,0.9072932270323599,0.8993451579690863
1473468,2025,14,2,0,-69.14285714285714,3.0,-9.710000000000008,8,2,terminal_mid,0.9085115107931444,0.9006014135755996
1473468,2025,14,3,0,-69.14285714285714,3.090909090909091,-9.894999999999996,8,2,terminal_mid,0.909678473344254,0.9018056055992654
1473468,2025,14,4,0,-69.14285714285714,3.1875,-10.079999999999998,8,2,terminal_mid,0.9086566779764236,0.9007511661032245
1473468,2025,14,5,0,-69.14285714285714,3.290322580645161,-10.265,8,2,terminal_mid,0.9138963665378581,0.9061652292450407
1473468,2025,14,6,0,-69.14285714285714,3.4,-13.224999999999994,9,1,terminal_mid,0.7209600363542699,0.713897120014652
1473468,2025,15,1,0,-69.14285714285714,3.5172413793103443,-16.0,10,0,terminal_mid,0.6411120765092755,0.6372292115511972
1473470,2025,7,1,1,-14.744680851063833,8.025974025974026,-8.444999999999993,1,9,terminal_mid,0.7799073535197123,0.7440193809102873
1473470,2025,7,2,1,-14.744680851063833,8.052631578947368,-8.66000000000001,1,9,terminal_mid,0.7807420456847789,0.7448159902937895
1473470,2025,7,3,1,-14.744680851063833,7.84,-5.875,1,9,terminal_mid,0.8199019238028464,0.7828595782376584
1473470,2025,7,4,1,-14.744680851063833,7.621621621621621,-3.089999999999989,1,9,terminal_mid,0.8437781505629187,0.8068053944678775
1473470,2025,7,5,1,-14.744680851063833,7.726027397260275,-14.16000000000001,2,8,terminal_mid,0.747553203894374,0.7135322774342617
1473470,2025,7,6,1,-14.744680851063833,7.75,-14.240000000000009,2,8,terminal_mid,0.7367624565072279,0.703518402059988
1473470,2025,8,1,1,-14.744680851063833,7.774647887323944,-14.319999999999993,2,8,terminal_mid,0.7306997121233507,0.7045041936734081
1473470,2025,8,2,1,-14.744680851063833,7.542857142857143,-11.399999999999977,2,8,terminal_mid,0.7679412796756957,0.739508999873745
1473470,2025,8,3,1,-14.744680851063833,7.652173913043478,-12.480000000000004,2,8,terminal_mid,0.7589005469889479,0.7309405982629138
1473470,2025,8,4,1,-14.744680851063833,7.6764705882352935,-12.559999999999988,2,8,terminal_mid,0.7596069317757972,0.7316083438244025
1473470,2025,8,5,1,-14.744680851063833,7.791044776119403,-13.639999999999986,2,8,terminal_mid,0.7547531881833867,0.727025863195427
1473470,2025,8,6,1,-14.744680851063833,7.363636363636363,-8.719999999999985,2,8,terminal_mid,0.8166428697705339,0.7866084860527076
1473470,2025,9,1,1,-14.744680851063833,7.476923076923077,-9.799999999999997,2,8,terminal_mid,0.8169256810063181,0.7853485673654389
1473470,2025,9,2,1,-14.744680851063833,7.03125,-4.879999999999981,2,8,terminal_mid,0.9069954061968752,0.8769313094894324
1473470,2025,9,3,1,-14.744680851063833,7.142857142857142,-5.959999999999994,2,8,terminal_mid,0.8975960507337157,0.866772837764259
1473470,2025,9,4,1,-14.744680851063833,7.161290322580646,-6.040000000000006,2,8,terminal_mid,0.8922267052292301,0.8610496139353211
1473470,2025,9,5,1,-14.744680851063833,7.1803278688524586,-6.11999999999999,2,8,terminal_mid,0.8922694693527147,0.8610949800865912
1473470,2025,9,6,1,-14.744680851063833,7.199999999999999,-6.200000000000003,2,8,terminal_mid,0.8934461684190895,0.8623446189983742
1473470,2025,10,1,1,-14.744680851063833,6.711864406779661,-1.2800000000000011,2,8,terminal_mid,0.9466419921828192,0.9321007962502059
1473470,2025,10,2,1,-14.744680851063833,6.827586206896552,-2.359999999999985,2,8,terminal_mid,0.9407879751933979,0.925577946880974
1473470,2025,10,3,1,-14.744680851063833,6.842105263157895,-2.4399999999999977,2,8,terminal_mid,0.9380511185274923,0.9225568985101886
1473470,2025,10,4,1,-14.744680851063833,6.75,-1.5200000000000102,2,8,terminal_mid,0.9451523760046812,0.9304327542074146
1473470,2025,10,5,1,-14.744680851063833,6.872727272727273,-2.5999999999999943,2,8,terminal_mid,0.9368398568861211,0.9212253226993045
1473470,2025,10,6,1,-14.744680851063833,6.333333333333334,2.3200000000000216,2,8,terminal_mid,0.9674176000172623,0.956078708155145
1473470,2025,11,1,1,-14.744680851063833,6.339622641509434,2.239999999999995,2,8,terminal_mid,0.9674541836960069,0.959842829161162
1473470,2025,11,2,1,-14.744680851063833,6.461538461538462,1.1599999999999966,2,8,terminal_mid,0.9653090083710547,0.9574495933096001
1473470,2025,11,3,1,-14.744680851063833,6.117647058823529,4.0800000000000125,2,8,terminal_mid,0.9740766468667853,0.9673335072538285
1473470,2025,11,4,1,-14.744680851063833,6.12,4.0,2,8,terminal_mid,0.9746573032857353,0.9679985251971618
1473470,2025,11,5,1,-14.744680851063833,6.244897959183674,2.9200000000000017,2,8,terminal_mid,0.9754673456881291,0.9689287113803957
1473470,2025,11,6,1,-14.744680851063833,6.25,2.8400000000000034,2,8,terminal_mid,0.9749944765891106,0.9683853553755474
1473470,2025,11,7,1,-14.744680851063833,5.872340425531915,5.760000000000005,2,8,terminal_mid,0.9893876937666597,0.9854994930490657
1473470,2025,12,1,1,-14.744680851063833,5.361702127659575,9.760000000000005,2,8,terminal_mid,0.9919391288312935,0.9892076013958585
1473470,2025,12,2,1,-14.744680851063833,5.478260869565217,8.679999999999993,2,8,terminal_mid,0.9919167236305728,0.9891797631786303
1473470,2025,12,3,1,-14.744680851063833,5.6,7.6000000000000085,2,8,terminal_mid,0.9916723508496441,0.9888764994342376
1473470,2025,12,4,1,-14.744680851063833,5.7272727272727275,0.5799999999999841,3,7,terminal_mid,0.9755707314243398,0.9698418987840489
1473470,2025,12,5,1,-14.744680851063833,5.8604651162790695,-0.3650000000000091,3,7,terminal_mid,0.9685426258338847,0.9618974860115179
1473470,2025,12,6,1,-14.744680851063833,5.857142857142857,-0.3100000000000023,3,7,terminal_mid,0.9683465069286439,0.9616779774253266
1473470,2025,13,1,1,-14.744680851063833,5.853658536585366,-0.25500000000000966,3,7,terminal_mid,0.9681562461035891,0.9635655039234862
1473470,2025,13,2,1,-14.744680851063833,5.85,-0.20000000000000284,3,7,terminal_mid,0.9700713417216891,0.9656530546130286
1473470,2025,13,3,1,-14.744680851063833,6.0,-1.144999999999996,3,7,terminal_mid,0.9661281112825023,0.9613618217799136
1473470,2025,13,4,1,-14.744680851063833,6.0,-1.0900000000000034,3,7,terminal_mid,0.9690589642910672,0.9645486779708825
1473470,2025,13,5,1,-14.744680851063833,6.0,-1.0349999999999966,3,7,terminal_mid,0.9705531576454876,0.9661793293168658
1473470,2025,13,6,1,-14.744680851063833,6.0,-0.980000000000004,3,7,terminal_mid,0.9686202761089501,0.9640707081405899
1473470,2025,14,1,1,-14.744680851063833,6.171428571428571,-1.9250000000000114,3,7,terminal_mid,0.9643401402550644,0.9594359479142214
1473470,2025,14,2,1,-14.744680851063833,6.1764705882352935,-1.8700000000000045,3,7,terminal_mid,0.9630876057180062,0.9580794228429674
1473470,2025,14,3,1,-14.744680851063833,6.363636363636363,-7.269999999999982,4,6,terminal_mid,0.9211578347607445,0.9136983118930827
1473470,2025,14,4,1,-14.744680851063833,6.5625,-8.079999999999984,4,6,terminal_mid,0.9122194853791802,0.9044306378974732
1473470,2025,14,5,1,-14.744680851063833,6.0,-4.889999999999986,4,6,terminal_mid,0.9496586871873748,0.9436685798753258
1473470,2025,14,6,1,-14.744680851063833,6.0,-4.699999999999989,4,6,terminal_mid,0.95111479250181,0.945220508409663
1473470,2025,14,7,1,-14.744680851063833,5.379310344827586,-1.509999999999991,4,6,terminal_mid,0.9703155563837098,0.9659420782439109
1473470,2025,15,1,1,-14.744680851063833,5.172413793103448,-0.5099999999999909,4,6,terminal_mid,0.9747132073294824,0.9715173669471017
1473470,2025,15,2,1,-14.744680851063833,5.142857142857142,-0.3199999999999932,4,6,terminal_mid,0.9757601486915042,0.9726533502665702
1473470,2025,15,3,1,-14.744680851063833,5.111111111111111,-0.12999999999999545,4,6,terminal_mid,0.9770923048936536,0.9741016309803496
1473470,2025,15,4,1,-14.744680851063833,5.076923076923077,0.060000000000002274,4,6,terminal_mid,0.9773369794166265,0.9743679900390448
1473470,2025,15,5,1,-14.744680851063833,4.32,3.25,4,6,terminal_mid,0.98239474602525,0.9799013312070359
1473470,2025,15,6,1,-14.744680851063833,4.25,3.4399999999999977,4,6,terminal_mid,0.9827955700623539,0.9803422865613504
1473471,2025,7,1,1,-97.4375,3.5064935064935066,4.766666666666673,2,8,terminal_mid,0.9930531956537166,0.9858834900349975
1473471,2025,7,2,1,-97.4375,3.473684210526316,5.13333333333334,2,8,terminal_mid,0.9951901686342947,0.9896886301551289
1473471,2025,7,3,1,-97.4375,3.52,4.5,2,8,terminal_mid,0.9934225251638774,0.9865267976854131
1473471,2025,7,4,1,-97.4375,3.5675675675675675,-1.9916666666666671,3,7,terminal_mid,0.986484170777497,0.9751123373457012
1473471,2025,7,5,1,-97.4375,3.5342465753424657,-1.5458333333333343,3,7,terminal_mid,0.984940993118267,0.9727180968750058
1473471,2025,7,6,1,-97.4375,3.583333333333333,-7.800000000000004,4,6,terminal_mid,0.9667071105428631,0.9466278884889141
1473471,2025,8,1,1,-97.4375,3.633802816901408,-8.274999999999999,4,6,terminal_mid,0.9663513514732038,0.9499502618458764
1473471,2025,8,2,1,-97.4375,3.685714285714286,-8.749999999999993,4,6,terminal_mid,0.9645118445087906,0.9475945635872566
1473471,2025,8,3,1,-97.4375,3.7391304347826084,-9.225000000000001,4,6,terminal_mid,0.9664425564320531,0.9500675438598215
1473471,2025,8,4,1,-97.4375,3.7941176470588234,-9.700000000000003,4,6,terminal_mid,0.9666027641898649,0.9502736707788448
1473471,2025,8,5,1,-97.4375,3.4925373134328357,-6.175000000000004,4,6,terminal_mid,0.9746058120368788,0.9607720062017736
1473471,2025,8,6,1,-97.4375,3.0,-0.6499999999999915,4,6,terminal_mid,0.9793346789285524,0.9671940651205326
1473471,2025,9,1,1,-97.4375,3.046153846153846,-1.125,4,6,terminal_mid,0.9822673219921263,0.9690692777088835
1473471,2025,9,2,1,-97.4375,3.09375,-1.5999999999999943,4,6,terminal_mid,0.9832452061493321,0.9705107537474902
1473471,2025,9,3,1,-97.4375,3.0476190476190474,-1.0750000000000028,4,6,terminal_mid,0.9847010265802497,0.9726831996574768
1473471,2025,9,4,1,-97.4375,3.096774193548387,-1.5499999999999972,4,6,terminal_mid,0.9862567858320314,0.9750431522888449
1473471,2025,9,5,1,-97.4375,3.0491803278688527,-1.0250000000000057,4,6,terminal_mid,0.9868048434190122,0.975884821653702
1473471,2025,9,6,1,-97.4375,3.1000000000000005,-1.5,4,6,terminal_mid,0.9875924509936678,0.9771045415187986
1473471,2025,10,1,1,-97.4375,2.542372881355932,4.0249999999999915,4,6,terminal_mid,0.9892157086306352,0.9835406078604223
1473471,2025,10,2,1,-97.4375,2.1724137931034484,7.549999999999997,4,6,terminal_mid,0.9908724151126113,0.9858121629095667
1473471,2025,10,3,1,-97.4375,1.789473684210526,11.074999999999989,4,6,terminal_mid,0.9917768777435096,0.9870716375436579
1473471,2025,10,4,1,-97.4375,1.8214285714285712,10.600000000000009,4,6,terminal_mid,0.9924502134230733,0.9880193496642219
1473471,2025,10,5,1,-97.4375,1.8545454545454545,10.124999999999986,4,6,terminal_mid,0.9942151837210531,0.9905513752591129
1473471,2025,10,6,1,-97.4375,1.7777777777777777,10.650000000000006,4,6,terminal_mid,0.994612108770619,0.9911319018992534
1473471,2025,11,1,1,-97.4375,1.8113207547169812,10.174999999999997,4,6,terminal_mid,0.9950978405331707,0.992827551586732
1473471,2025,11,2,1,-97.4375,1.7307692307692306,10.700000000000003,4,6,terminal_mid,0.995150610465066,0.9928980100498063
1473471,2025,11,3,1,-97.4375,1.7647058823529411,6.1875,5,5,terminal_mid,0.9889634502002755,0.9849725807889378
1473471,2025,11,4,1,-97.4375,1.6800000000000002,6.791666666666671,5,5,terminal_mid,0.9850730402532091,0.980219512799931
1473471,2025,11,5,1,-97.4375,0.9795918367346939,12.395833333333329,5,5,terminal_mid,0.9873489337830139,0.9829837977293601
1473471,2025,11,6,1,-97.4375,0.5,16.0,5,5,terminal_mid,0.9879381511141778,0.9837067141425606
1473471,2025,12,1,1,-97.4375,-0.2553191489361702,21.604166666666657,5,5,terminal_mid,0.9908940636616931,0.9879149457357885
1473472,2025,7,1,1,22.481481481481495,10.207792207792208,-12.767499999999998,1,9,terminal_mid,0.5822099461099328,0.5657371097258761
1473472,2025,7,2,1,22.481481481481495,10.263157894736842,-13.290000000000006,1,9,terminal_mid,0.5716362596144339,0.556563986100409
1473472,2025,7,3,1,22.481481481481495,10.4,-27.5,2,8,terminal_mid,0.3140245773462663,0.3334245281994372
1473472,2025,7,4,1,22.481481481481495,10.54054054054054,-28.853333333333325,2,8,terminal_mid,0.2922406978897009,0.31401039253857044
1473472,2025,7,5,1,22.481481481481495,10.684931506849315,-30.206666666666678,2,8,terminal_mid,0.24726116493339684,0.27326361604809124
1473472,2025,7,6,1,22.481481481481495,10.75,-30.560000000000002,2,8,terminal_mid,0.25026772495482885,0.27601945417564133
1473472,2025,8,1,1,22.481481481481495,10.816901408450704,-30.913333333333327,2,8,terminal_mid,0.24203541258251016,0.2664755196944356
1473472,2025,8,2,1,22.481481481481495,10.885714285714286,-31.266666666666637,2,8,terminal_mid,0.2458628005839293,0.27005731103246866
1473472,2025,8,3,1,22.481481481481495,10.956521739130434,-31.620000000000005,2,8,terminal_mid,0.23698057736455963,0.2617329425048481
1473472,2025,8,4,1,22.481481481481495,10.588235294117647,-26.97333333333333,2,8,terminal_mid,0.39468357856750946,0.4049519243113703
1473472,2025,8,5,1,22.481481481481495,10.656716417910449,-27.32666666666664,2,8,terminal_mid,0.3907206612159899,0.40143611996374134
1473472,2025,8,6,1,22.481481481481495,10.818181818181818,-28.679999999999993,2,8,terminal_mid,0.3436213707948177,0.3594153955329642
1473472,2025,9,1,1,22.481481481481495,10.8,-28.03333333333333,2,8,terminal_mid,0.35404516580408796,0.3797258010409596
1473472,2025,9,2,1,22.481481481481495,10.875,-28.386666666666656,2,8,terminal_mid,0.35205469236269415,0.37797736897480766
1473472,2025,9,3,1,22.481481481481495,10.666666666666666,-25.739999999999995,2,8,terminal_mid,0.4346540633736371,0.4496253724871897
1473472,2025,9,4,1,22.481481481481495,10.741935483870968,-26.093333333333334,2,8,terminal_mid,0.4255657482364158,0.4418155250791252
1473472,2025,9,5,1,22.481481481481495,10.918032786885245,-27.44666666666666,2,8,terminal_mid,0.4051061313155333,0.4241788412153016
1473472,2025,9,6,1,22.481481481481495,11.0,-27.799999999999997,2,8,terminal_mid,0.3787804211825723,0.40134914820265294
1473472,2025,10,1,1,22.481481481481495,10.983050847457626,-27.153333333333336,2,8,terminal_mid,0.4143551460727356,0.43413206123767617
1473472,2025,10,2,1,22.481481481481495,11.068965517241379,-27.50666666666666,2,8,terminal_mid,0.41197484020878283,0.43197418526590337
1473472,2025,10,3,1,22.481481481481495,11.263157894736842,-28.86,2,8,terminal_mid,0.3646931876661734,0.3888434076055327
1473472,2025,10,4,1,22.481481481481495,11.464285714285715,-30.21333333333334,2,8,terminal_mid,0.3042932009878281,0.33279194838775233
1473472,2025,10,5,1,22.481481481481495,11.563636363636363,-30.566666666666663,2,8,terminal_mid,0.3038598303975672,0.3323849755228865
1473472,2025,10,6,1,22.481481481481495,11.777777777777779,-31.919999999999987,2,8,terminal_mid,0.27756542872300644,0.30754107974852085
1473472,2025,11,1,1,22.481481481481495,11.88679245283019,-32.27333333333334,2,8,terminal_mid,0.2641953494027097,0.2966134668094254
1473472,2025,11,2,1,22.481481481481495,12.0,-32.626666666666665,2,8,terminal_mid,0.2680938456046966,0.30043476723743384
1473472,2025,11,3,1,22.481481481481495,12.117647058823529,-32.97999999999999,2,8,terminal_mid,0.2510991104931424,0.28371965602768007
1473472,2025,11,4,1,22.481481481481495,12.24,-33.333333333333314,2,8,terminal_mid,0.24864484683014368,0.2812932476997034
1473472,2025,11,5,1,22.481481481481495,12.367346938775508,-33.68666666666667,2,8,terminal_mid,0.23111119594014656,0.26386066824738935
1473472,2025,11,6,1,22.481481481481495,11.875,-29.039999999999992,2,8,terminal_mid,0.35459719593264916,0.38353176387889687
1473472,2025,11,7,1,22.481481481481495,12.0,-29.393333333333317,2,8,terminal_mid,0.35296567010515345,0.3819903855532309
1473472,2025,12,1,1,22.481481481481495,11.23404255319149,-23.393333333333317,2,8,terminal_mid,0.4692299624807511,0.48109869283907586
1473472,2025,12,2,1,22.481481481481495,10.695652173913043,-18.74666666666667,2,8,terminal_mid,0.5822557551717611,0.586150361591218
1473472,2025,12,3,1,22.481481481481495,10.933333333333334,-20.099999999999994,2,8,terminal_mid,0.5375287529744953,0.544636650081187
1473472,2025,12,4,1,22.481481481481495,11.045454545454545,-20.45333333333332,2,8,terminal_mid,0.5365814075703743,0.5437570357837287
1473472,2025,12,5,1,22.481481481481495,10.74418604651163,-17.806666666666672,2,8,terminal_mid,0.5892565261074056,0.5926486940837159
1473472,2025,12,6,1,22.481481481481495,10.857142857142858,-18.159999999999997,2,8,terminal_mid,0.5767463882929704,0.5810369611563091
1473472,2025,13,1,1,22.481481481481495,10.975609756097562,-18.51333333333332,2,8,terminal_mid,0.5656521118534215,0.5656682805867592
1473472,2025,13,2,1,22.481481481481495,10.649999999999999,-15.866666666666674,2,8,terminal_mid,0.6218615083892762,0.619444637880654
1473472,2025,13,3,1,22.481481481481495,10.923076923076923,-17.22,2,8,terminal_mid,0.5889974971181622,0.5879873869977381
1473472,2025,13,4,1,22.481481481481495,11.052631578947368,-17.573333333333323,2,8,terminal_mid,0.5838941541336694,0.5831068960047551
1473472,2025,13,5,1,22.481481481481495,11.35135135135135,-18.926666666666648,2,8,terminal_mid,0.5680106505676825,0.5679224329998992
1473472,2025,13,6,1,22.481481481481495,11.0,-16.28,2,8,terminal_mid,0.6126773727307245,0.6106479370742887
1473472,2025,13,7,1,22.481481481481495,11.314285714285713,-17.633333333333326,2,8,terminal_mid,0.5886377362331869,0.5876433041165993
1473472,2025,14,1,1,22.481481481481495,10.628571428571428,-13.633333333333326,2,8,terminal_mid,0.6917100157671139,0.6855163829472883
1473472,2025,14,2,1,22.481481481481495,10.235294117647058,-10.98666666666665,2,8,terminal_mid,0.7382993364653714,0.7307823968504968
1473472,2025,14,3,1,22.481481481481495,9.818181818181818,-8.340000000000003,2,8,terminal_mid,0.84306741669485,0.8341725580471001
1473472,2025,14,4,1,22.481481481481495,9.375,-5.693333333333328,2,8,terminal_mid,0.8794273213515619,0.8708362828285007
1473472,2025,14,5,1,22.481481481481495,8.903225806451612,-3.046666666666681,2,8,terminal_mid,0.8998622815051525,0.8917017188859189
1473472,2025,14,6,1,22.481481481481495,9.200000000000001,-4.400000000000006,2,8,terminal_mid,0.894078835884424,0.8857745234545048
1473472,2025,15,1,1,22.481481481481495,9.310344827586206,-4.75333333333333,2,8,terminal_mid,0.8866650980707861,0.8796983243179051
1473472,2025,15,2,1,22.481481481481495,9.642857142857142,-6.106666666666683,2,8,terminal_mid,0.8711438576142408,0.8639602719528002
1473472,2025,15,3,1,22.481481481481495,9.11111111111111,-3.4599999999999795,2,8,terminal_mid,0.8978476592651756,0.8910968892548913
1473472,2025,15,4,1,22.481481481481495,9.461538461538462,-4.813333333333333,2,8,terminal_mid,0.889808406571386,0.8828970032376968
1473472,2025,15,5,1,22.481481481481495,9.600000000000001,-5.166666666666657,2,8,terminal_mid,0.8820659512536151,0.8750253403631931
1473472,2025,15,6,1,22.481481481481495,9.75,-5.519999999999982,2,8,terminal_mid,0.8682954983337308,0.8610817385091555
1473473,2025,7,1,0,1.0909090909090935,8.493506493506493,7.500000000000014,0,10,terminal_mid,0.9241027607854406,0.8936240241981119
1473473,2025,7,2,0,1.0909090909090935,8.526315789473685,7.0,0,10,terminal_mid,0.9173830858598557,0.8858550776313291
1473473,2025,7,3,0,1.0909090909090935,8.64,5.5,0,10,terminal_mid,0.9136236766173931,0.8815604081166035
1473473,2025,7,4,0,1.0909090909090935,8.594594594594595,6.0,0,10,terminal_mid,0.9149623100097679,0.8830855488939952
1473473,2025,7,5,0,1.0909090909090935,8.63013698630137,5.499999999999986,0,10,terminal_mid,0.9115066474141765,0.8791574117619497
1473473,2025,7,6,0,1.0909090909090935,8.25,10.0,0,10,terminal_mid,0.9338275051885959,0.9050987288978813
1473473,2025,8,1,0,1.0909090909090935,8.28169014084507,9.5,0,10,terminal_mid,0.9323581506616417,0.9087066881478331
1473473,2025,8,2,0,1.0909090909090935,8.314285714285713,9.0,0,10,terminal_mid,0.929722545069346,0.905667462679833
1473473,2025,8,3,0,1.0909090909090935,8.347826086956522,8.499999999999986,0,10,terminal_mid,0.9309385887014037,0.9070674701263182
1473473,2025,8,4,0,1.0909090909090935,8.470588235294118,-3.200000000000003,1,9,terminal_mid,0.8314871047576919,0.8013372385315366
1473473,2025,8,5,0,1.0909090909090935,8.597014925373134,-4.549999999999983,1,9,terminal_mid,0.8380964480422594,0.8079611090093173
1473473,2025,8,6,0,1.0909090909090935,8.636363636363637,-4.899999999999977,1,9,terminal_mid,0.8247553892880909,0.7946333259755719
1473473,2025,9,1,0,1.0909090909090935,8.769230769230768,-6.249999999999986,1,9,terminal_mid,0.8207786913260132,0.7890583829418093
1473473,2025,9,2,0,1.0909090909090935,8.8125,-6.6000000000000085,1,9,terminal_mid,0.8215132492891088,0.7897672711412114
1473473,2025,9,3,0,1.0909090909090935,8.857142857142858,-6.949999999999989,1,9,terminal_mid,0.8257301751686575,0.7938471633326277
1473473,2025,9,4,0,1.0909090909090935,9.0,-8.299999999999983,1,9,terminal_mid,0.8201767161921865,0.7884778366953558
1473473,2025,9,5,0,1.0909090909090935,8.557377049180328,-3.6499999999999915,1,9,terminal_mid,0.8624621535113373,0.8302204361615221
1473473,2025,9,6,0,1.0909090909090935,8.7,-14.0,2,8,terminal_mid,0.7786041955401242,0.7491546388423348
1473473,2025,10,1,0,1.0909090909090935,8.745762711864407,-14.200000000000003,2,8,terminal_mid,0.7921388484761435,0.7759951321179901
1473473,2025,10,2,0,1.0909090909090935,8.793103448275861,-14.399999999999991,2,8,terminal_mid,0.777123339870873,0.7618597116275309
1473473,2025,10,3,0,1.0909090909090935,8.842105263157894,-14.599999999999994,2,8,terminal_mid,0.7927029196909676,0.7765283348332285
1473473,2025,10,4,0,1.0909090909090935,8.892857142857142,-14.800000000000011,2,8,terminal_mid,0.7938704414962332,0.7776324904392061
1473473,2025,10,5,0,1.0909090909090935,9.054545454545455,-16.0,2,8,terminal_mid,0.780829830411189,0.7653388041122772
1473473,2025,10,6,0,1.0909090909090935,9.222222222222221,-17.19999999999999,2,8,terminal_mid,0.7746867595106914,0.7595760895268144
1473473,2025,10,7,0,1.0909090909090935,9.283018867924529,-17.400000000000006,2,8,terminal_mid,0.7675487688082252,0.7529015264644023
1473473,2025,11,1,0,1.0909090909090935,8.60377358490566,-11.400000000000006,2,8,terminal_mid,0.8355490493648426,0.8262052214692459
1473473,2025,11,2,0,1.0909090909090935,8.653846153846153,-11.599999999999994,2,8,terminal_mid,0.8352875796869877,0.8259554427756315
1473473,2025,11,3,0,1.0909090909090935,8.705882352941176,-11.799999999999983,2,8,terminal_mid,0.8400613599382667,0.8305214361314504
1473473,2025,11,4,0,1.0909090909090935,8.879999999999999,-13.0,2,8,terminal_mid,0.8210144422202769,0.8123720807139576
1473473,2025,11,5,0,1.0909090909090935,8.816326530612246,-12.200000000000003,2,8,terminal_mid,0.8399045767177462,0.8303712844636003
1473473,2025,11,6,0,1.0909090909090935,8.5,-9.399999999999991,2,8,terminal_mid,0.8634770494024657,0.8531068404013795
1473473,2025,12,1,0,1.0909090909090935,8.425531914893618,-8.599999999999994,2,8,terminal_mid,0.8909740244329916,0.8801815512331134
1473473,2025,12,2,0,1.0909090909090935,8.08695652173913,-5.800000000000011,2,8,terminal_mid,0.9104296180459626,0.8999968410736935
1473473,2025,12,3,0,1.0909090909090935,8.133333333333333,-5.999999999999986,2,8,terminal_mid,0.9098760211426498,0.8994283495514988
1473473,2025,12,4,0,1.0909090909090935,8.181818181818182,-6.200000000000003,2,8,terminal_mid,0.898425810076938,0.8877329753173497
1473473,2025,12,5,0,1.0909090909090935,8.232558139534884,-6.400000000000006,2,8,terminal_mid,0.9021445435654938,0.8915185897452708
1473473,2025,12,6,0,1.0909090909090935,8.428571428571427,-7.599999999999994,2,8,terminal_mid,0.8934395096033587,0.8826750827536041
1473473,2025,13,1,0,1.0909090909090935,8.634146341463413,-8.799999999999983,2,8,terminal_mid,0.8862396002419577,0.8780140105408695
1473473,2025,13,2,0,1.0909090909090935,8.850000000000001,-10.0,2,8,terminal_mid,0.8824303307376583,0.8741500072214381
1473473,2025,13,3,0,1.0909090909090935,8.923076923076923,-10.199999999999989,2,8,terminal_mid,0.8822915628646213,0.8740093799280535
1473473,2025,13,4,0,1.0909090909090935,8.842105263157894,-9.399999999999977,2,8,terminal_mid,0.8822959027363018,0.8740137778103712
1473473,2025,13,5,0,1.0909090909090935,8.91891891891892,-9.599999999999994,2,8,terminal_mid,0.8865809811560847,0.8783606490429314
1473473,2025,13,6,0,1.0909090909090935,9.166666666666666,-10.800000000000011,2,8,terminal_mid,0.8870134537059237,0.8787998665060139
1473473,2025,14,1,0,1.0909090909090935,9.257142857142858,-11.0,2,8,terminal_mid,0.877450332462229,0.8688285398331917
1473473,2025,14,2,0,1.0909090909090935,9.176470588235293,-10.199999999999989,2,8,terminal_mid,0.8908193858942102,0.8824419556997151
1473473,2025,14,3,0,1.0909090909090935,9.454545454545453,-11.400000000000006,2,8,terminal_mid,0.8838194359928795,0.8753032662998126
1473473,2025,14,4,0,1.0909090909090935,9.5625,-11.599999999999994,2,8,terminal_mid,0.8828792553728946,0.8743462876864685
1473473,2025,14,5,0,1.0909090909090935,9.096774193548388,-8.800000000000011,2,8,terminal_mid,0.8975951309701573,0.8893760340932857
1473473,2025,14,6,0,1.0909090909090935,9.200000000000001,-9.0,2,8,terminal_mid,0.8921857972285762,0.8838383431065594
1473473,2025,15,1,0,1.0909090909090935,9.517241379310345,-10.199999999999989,2,8,terminal_mid,0.8788227804298335,0.8717350656535449
1473473,2025,15,2,0,1.0909090909090935,8.571428571428571,-5.400000000000006,2,8,terminal_mid,0.9212225974880279,0.9151133701690292
1473473,2025,15,3,0,1.0909090909090935,8.666666666666666,-5.599999999999994,2,8,terminal_mid,0.9198263185028535,0.9136706629882199
1473473,2025,15,4,0,1.0909090909090935,8.076923076923077,-2.8000000000000114,2,8,terminal_mid,0.943875881948357,0.9386938807968621
1473473,2025,15,5,0,1.0909090909090935,8.16,-3.0,2,8,terminal_mid,0.9415836833404154,0.936291360235734
1473473,2025,15,6,0,1.0909090909090935,8.25,-3.1999999999999886,2,8,terminal_mid,0.9351004420135258,0.9295175749841691
1473474,2025,7,1,1,-14.5,7.246753246753247,-1.332499999999996,1,9,terminal_mid,0.8923443958360285,0.85786443729326
1473474,2025,7,2,1,-14.5,7.342105263157894,-2.510000000000005,1,9,terminal_mid,0.8660168877968787,0.8297415462712269
1473474,2025,7,3,1,-14.5,7.359999999999999,-2.6875,1,9,terminal_mid,0.8588263370348365,0.8222514700799588
1473474,2025,7,4,1,-14.5,7.378378378378379,-2.864999999999995,1,9,terminal_mid,0.8576591439727599,0.8210425943605442
1473474,2025,7,5,1,-14.5,7.397260273972603,-3.042500000000004,1,9,terminal_mid,0.8558224717476277,0.8191441407044844
1473474,2025,7,6,1,-14.5,7.5,-4.219999999999999,1,9,terminal_mid,0.8445936180796356,0.8076349466497159
1473474,2025,7,7,1,-14.5,7.521126760563381,-4.397500000000008,1,9,terminal_mid,0.8429214340044999,0.8059347643746385
1473474,2025,8,1,1,-14.5,7.436619718309858,-3.397500000000008,1,9,terminal_mid,0.8532242570734416,0.8232899901350231
1473474,2025,8,2,1,-14.5,7.542857142857143,-4.575000000000003,1,9,terminal_mid,0.8423514703046584,0.8122484074412233
1473474,2025,8,3,1,-14.5,7.652173913043478,-5.752500000000012,1,9,terminal_mid,0.8233762869827893,0.7932650340599724
1473474,2025,8,4,1,-14.5,7.6764705882352935,-5.929999999999993,1,9,terminal_mid,0.8217234985063536,0.7916274382355671
1473474,2025,8,5,1,-14.5,7.791044776119403,-7.1074999999999875,1,9,terminal_mid,0.8062368082369131,0.7763964770260551
1473474,2025,8,6,1,-14.5,7.545454545454545,-4.284999999999982,1,9,terminal_mid,0.8391483034077298,0.8090192394651707
1473474,2025,9,1,1,-14.5,7.569230769230769,-4.4624999999999915,1,9,terminal_mid,0.8372688257501457,0.8051048159376399
1473474,2025,9,2,1,-14.5,7.125,0.35999999999999943,1,9,terminal_mid,0.9382172889281524,0.9122375851552224
1473474,2025,9,3,1,-14.5,7.142857142857142,0.18250000000000455,1,9,terminal_mid,0.9350880793529672,0.9085697133650653
1473474,2025,9,4,1,-14.5,7.161290322580646,0.005000000000009663,1,9,terminal_mid,0.9345867432385088,0.907985159609109
1473474,2025,9,5,1,-14.5,6.885245901639344,2.8275000000000006,1,9,terminal_mid,0.9597429822933632,0.9385319809154699
1473474,2025,9,6,1,-14.5,7.0,1.6499999999999915,1,9,terminal_mid,0.9497048312146992,0.9260151720782543
1473474,2025,10,1,1,-14.5,7.016949152542373,1.4724999999999966,1,9,terminal_mid,0.9502437997998261,0.9361587392284387
1473474,2025,10,2,1,-14.5,7.034482758620689,1.2950000000000017,1,9,terminal_mid,0.949828722354612,0.9356892560292788
1473474,2025,10,3,1,-14.5,6.947368421052632,2.1174999999999926,1,9,terminal_mid,0.9576797348232893,0.9446573667126749
1473474,2025,10,4,1,-14.5,6.964285714285715,1.940000000000012,1,9,terminal_mid,0.9579691645795345,0.9449917490735517
1473474,2025,10,5,1,-14.5,6.9818181818181815,1.7625000000000028,1,9,terminal_mid,0.9575098868357298,0.9444612714852714
1473474,2025,10,6,1,-14.5,7.0,1.585000000000008,1,9,terminal_mid,0.9559214727957969,0.942632061929875
1473474,2025,11,1,1,-14.5,7.132075471698113,0.40749999999999886,1,9,terminal_mid,0.9504782730125844,0.9412562612745375
1473474,2025,11,2,1,-14.5,7.038461538461538,1.230000000000004,1,9,terminal_mid,0.961065290680206,0.9527567430502117
1473474,2025,11,3,1,-14.5,7.0588235294117645,1.052500000000009,1,9,terminal_mid,0.961914661683084,0.9536918174328554
1473474,2025,11,4,1,-14.5,6.48,5.875,1,9,terminal_mid,0.9884154729196636,0.9842947400166582
1473474,2025,11,5,1,-14.5,6.122448979591837,8.697499999999991,1,9,terminal_mid,0.9925884129170452,0.9895442602305594
1473474,2025,11,6,1,-14.5,6.25,7.52000000000001,1,9,terminal_mid,0.9904944211620204,0.9868834165795749
1473474,2025,12,1,1,-14.5,6.382978723404255,6.342500000000001,1,9,terminal_mid,0.9904547608165759,0.9873749221043177
1473474,2025,12,2,1,-14.5,6.391304347826088,6.164999999999992,1,9,terminal_mid,0.9902547108554012,0.9871296233334873
1473474,2025,12,3,1,-14.5,6.533333333333333,-0.8999999999999915,2,8,terminal_mid,0.9720142331751968,0.9658018913999491
1473474,2025,12,4,1,-14.5,6.545454545454545,-0.9466666666666725,2,8,terminal_mid,0.9671930968863998,0.9603891841154786
1473474,2025,12,5,1,-14.5,6.55813953488372,-0.9933333333333394,2,8,terminal_mid,0.9701277044710306,0.9636756782047217
1473474,2025,12,6,1,-14.5,6.571428571428572,-1.039999999999992,2,8,terminal_mid,0.9681621586381501,0.9614717422876645
1473474,2025,13,1,1,-14.5,6.146341463414634,1.9133333333333553,2,8,terminal_mid,0.9764738290747113,0.9726849875344775
1473474,2025,13,2,1,-14.5,6.300000000000001,0.86666666666666,2,8,terminal_mid,0.9744411968011089,0.9704430322127185
1473474,2025,13,3,1,-14.5,6.307692307692308,0.8200000000000074,2,8,terminal_mid,0.9761594773106096,0.9723376409347335
1473474,2025,13,4,1,-14.5,6.315789473684211,0.7733333333333405,2,8,terminal_mid,0.9776947353223401,0.9740362998870168
1473474,2025,13,5,1,-14.5,6.486486486486487,-0.2733333333333263,2,8,terminal_mid,0.9735577934395472,0.9694715249007219
1473474,2025,13,6,1,-14.5,6.666666666666667,-1.3200000000000074,2,8,terminal_mid,0.9684161488506753,0.9638484209190179
1473474,2025,14,1,1,-14.5,6.685714285714286,-1.36666666666666,2,8,terminal_mid,0.9702004902477039,0.9658162134915937
1473474,2025,14,2,1,-14.5,6.705882352941177,-1.413333333333327,2,8,terminal_mid,0.9670151049351532,0.9623411531272109
1473474,2025,14,3,1,-14.5,6.90909090909091,-2.460000000000008,2,8,terminal_mid,0.966977420307455,0.9623001449498176
1473474,2025,14,4,1,-14.5,7.125,-3.5066666666666606,2,8,terminal_mid,0.9602323061067035,0.9549956409937445
1473474,2025,14,5,1,-14.5,7.161290322580646,-3.5533333333333275,2,8,terminal_mid,0.9601954384611493,0.954955898479223
1473474,2025,14,6,1,-14.5,7.199999999999999,-3.6000000000000085,2,8,terminal_mid,0.9568034244391099,0.9513071926786251
1473474,2025,15,1,1,-14.5,7.448275862068966,-4.646666666666661,2,8,terminal_mid,0.9425830797964991,0.937338349217246
1473474,2025,15,2,1,-14.5,7.285714285714285,-3.6933333333333422,2,8,terminal_mid,0.9537021687337585,0.949043064003741
1473474,2025,15,3,1,-14.5,7.333333333333334,-3.7399999999999807,2,8,terminal_mid,0.9502643512541631,0.9454126025579711
1473474,2025,15,4,1,-14.5,7.153846153846153,-2.7866666666666617,2,8,terminal_mid,0.963487275223774,0.9594417759958093
1473474,2025,15,5,1,-14.5,6.48,0.16666666666668561,2,8,terminal_mid,0.9779798411318938,0.9750683692174679
1473474,2025,15,6,1,-14.5,6.5,0.12000000000000455,2,8,terminal_mid,0.9773291798816067,0.9743594975193867
1473475,2025,7,1,1,-0.4375,8.649350649350648,-8.36,1,9,terminal_mid,0.7179017997810624,0.6861776205345058
1473475,2025,7,2,1,-0.4375,8.68421052631579,-8.680000000000007,1,9,terminal_mid,0.7028507064649876,0.6724738465126356
1473475,2025,7,3,1,-0.4375,8.32,-4.0,1,9,terminal_mid,0.7527836881518889,0.7184123353930071
1473475,2025,7,4,1,-0.4375,8.35135135135135,-4.319999999999993,1,9,terminal_mid,0.7510555406722417,0.71679802234108
1473475,2025,7,5,1,-0.4375,8.383561643835616,-4.640000000000001,1,9,terminal_mid,0.7351260802918598,0.7020059434893751
1473475,2025,7,6,1,-0.4375,8.416666666666666,-4.959999999999994,1,9,terminal_mid,0.7395819560817181,0.7061280991428994
1473475,2025,8,1,1,-0.4375,8.450704225352112,-5.280000000000001,1,9,terminal_mid,0.7297511570735891,0.7036220443175887
1473475,2025,8,2,1,-0.4375,8.571428571428571,-6.599999999999994,1,9,terminal_mid,0.7141319033802305,0.6891562132494101
1473475,2025,8,3,1,-0.4375,8.347826086956522,-3.9200000000000017,1,9,terminal_mid,0.7450374253741203,0.7178924322997177
1473475,2025,8,4,1,-0.4375,7.9411764705882355,0.7600000000000051,1,9,terminal_mid,0.8100490764869663,0.7801273789753015
1473475,2025,8,5,1,-0.4375,8.059701492537314,-0.5599999999999881,1,9,terminal_mid,0.7932288447105251,0.763750864771134
1473475,2025,8,6,1,-0.4375,8.09090909090909,-0.8799999999999812,1,9,terminal_mid,0.7949180783721366,0.7653858927791701
1473475,2025,9,1,1,-0.4375,8.123076923076923,-1.1999999999999886,1,9,terminal_mid,0.7963167170615886,0.7657343876238187
1473475,2025,9,2,1,-0.4375,8.15625,-1.5200000000000102,1,9,terminal_mid,0.8057643654466832,0.7746799202556828
1473475,2025,9,3,1,-0.4375,8.19047619047619,-1.8399999999999892,1,9,terminal_mid,0.7920746261287764,0.7617416108720484
1473475,2025,9,4,1,-0.4375,8.225806451612902,-2.1599999999999824,1,9,terminal_mid,0.8003634643801562,0.7695568990050464
1473475,2025,9,5,1,-0.4375,8.360655737704917,-3.4799999999999898,1,9,terminal_mid,0.7934614849223591,0.7630453835015212
1473475,2025,9,6,1,-0.4375,8.399999999999999,-3.8000000000000114,1,9,terminal_mid,0.7932495844321381,0.7628460793857849
1473475,2025,10,1,1,-0.4375,7.932203389830509,0.8799999999999955,1,9,terminal_mid,0.8514383559080408,0.8331056077296443
1473475,2025,10,2,1,-0.4375,7.965517241379311,0.5600000000000023,1,9,terminal_mid,0.8464319255075641,0.8281890995462949
1473475,2025,10,3,1,-0.4375,8.0,0.23999999999999488,1,9,terminal_mid,0.848251867285354,0.829974007029234
1473475,2025,10,4,1,-0.4375,8.142857142857142,-1.0799999999999983,1,9,terminal_mid,0.8260673046181064,0.808386884893932
1473475,2025,10,5,1,-0.4375,7.8545454545454545,1.5999999999999943,1,9,terminal_mid,0.8558051954339984,0.8374109332674275
1473475,2025,10,6,1,-0.4375,7.888888888888889,1.2800000000000011,1,9,terminal_mid,0.8549115982002988,0.8365286091374851
1473475,2025,11,1,1,-0.4375,7.924528301886792,0.9599999999999937,1,9,terminal_mid,0.8527139757048097,0.8426843407827092
1473475,2025,11,2,1,-0.4375,7.961538461538462,0.6400000000000006,1,9,terminal_mid,0.8578182796136513,0.8476179355612646
1473475,2025,11,3,1,-0.4375,8.0,0.3200000000000074,1,9,terminal_mid,0.8522190142330728,0.8422067845364213
1473475,2025,11,4,1,-0.4375,8.040000000000001,0.0,1,9,terminal_mid,0.8520293340643089,0.842023813631759
1473475,2025,11,5,1,-0.4375,8.081632653061224,-0.3200000000000074,1,9,terminal_mid,0.8413665220774464,0.8317719102217862
1473475,2025,11,6,1,-0.4375,8.125,-0.6399999999999864,1,9,terminal_mid,0.8513662000630201,0.841384305638967
1473475,2025,12,1,1,-0.4375,8.042553191489361,0.04000000000000625,1,9,terminal_mid,0.8734670877733337,0.8626040096279358
1473475,2025,12,2,1,-0.4375,8.217391304347826,-1.2800000000000011,1,9,terminal_mid,0.8666174928330702,0.8557829890341543
1473475,2025,12,3,1,-0.4375,8.266666666666666,-1.5999999999999943,1,9,terminal_mid,0.8672896756717946,0.8564510710366188
1473475,2025,12,4,1,-0.4375,7.909090909090908,1.0799999999999983,1,9,terminal_mid,0.8957283165554699,0.8849942389907198
1473475,2025,12,5,1,-0.4375,7.534883720930233,3.760000000000005,1,9,terminal_mid,0.9301796203568131,0.9204877929276142
1473475,2025,12,6,1,-0.4375,7.142857142857142,6.439999999999998,1,9,terminal_mid,0.9771525153866638,0.9716532767158094
1473475,2025,13,1,1,-0.4375,7.317073170731707,5.1200000000000045,1,9,terminal_mid,0.9731266799739003,0.9689980205137199
1473475,2025,13,2,1,-0.4375,7.3500000000000005,4.800000000000011,1,9,terminal_mid,0.9532980630481704,0.9475666740474324
1473475,2025,13,3,1,-0.4375,6.9230769230769225,7.47999999999999,1,9,terminal_mid,0.9831722690631965,0.9801481389727112
1473475,2025,13,4,1,-0.4375,6.947368421052632,7.159999999999982,1,9,terminal_mid,0.9823330704295858,0.979206016310777
1473475,2025,13,5,1,-0.4375,6.972972972972972,6.840000000000018,1,9,terminal_mid,0.9814383183596653,0.978203965663155
1473475,2025,13,6,1,-0.4375,7.166666666666666,5.52000000000001,1,9,terminal_mid,0.9805781686638015,0.977242931354321
1473475,2025,13,7,1,-0.4375,7.199999999999999,5.199999999999989,1,9,terminal_mid,0.9796297811959418,0.9761857665208248
1473475,2025,13,8,1,-0.4375,6.352941176470589,9.879999999999995,1,9,terminal_mid,0.9900088188297669,0.9879226291426212
1473475,2025,14,1,1,-0.4375,5.485714285714286,15.199999999999989,1,9,terminal_mid,0.9931602560227064,0.9916179523034714
1473475,2025,14,2,1,-0.4375,5.470588235294118,14.879999999999995,1,9,terminal_mid,0.9932344386532458,0.9917049113150554
1473475,2025,14,3,1,-0.4375,4.909090909090909,17.560000000000002,1,9,terminal_mid,0.9946056224527267,0.9933205090439601
1473475,2025,14,4,1,-0.4375,4.875,17.24000000000001,1,9,terminal_mid,0.9946996883014485,0.9934319674230973
1473475,2025,14,5,1,-0.4375,3.870967741935484,21.920000000000016,1,9,terminal_mid,0.9951280233674944,0.9939406366915051
1473475,2025,14,6,1,-0.4375,4.0,20.599999999999994,1,9,terminal_mid,0.9952998631152309,0.9941452533587519
1473475,2025,15,1,1,-0.4375,3.9310344827586206,20.28,1,9,terminal_mid,0.9955255667561739,0.994634615075489
1473475,2025,15,2,1,-0.4375,2.7857142857142856,24.95999999999998,1,9,terminal_mid,0.9956391241003162,0.994766051584716
1473475,2025,15,3,1,-0.4375,2.6666666666666665,24.640000000000015,1,9,terminal_mid,0.9956861462916724,0.9948205130248869
1473475,2025,15,4,1,-0.4375,1.3846153846153846,29.32000000000002,1,9,terminal_mid,0.9959283002926629,0.9951013199831124
1473475,2025,15,5,1,-0.4375,0.0,34.0,1,9,terminal_mid,0.992331578351471,0.9909783859720904
1473476,2025,7,1,0,1.05263157894737,11.61038961038961,-46.359999999999985,2,8,terminal_mid,0.2501249333836937,0.2758886851049046
1473476,2025,7,2,0,1.05263157894737,11.68421052631579,-46.67999999999999,2,8,terminal_mid,0.25464428663921307,0.28002206424044446
1473476,2025,7,3,0,1.05263157894737,11.84,-48.0,2,8,terminal_mid,0.25371949384005255,0.27917716373119644
1473476,2025,7,4,0,1.05263157894737,11.91891891891892,-48.31999999999999,2,8,terminal_mid,0.24403188396258263,0.27029789169419366
1473476,2025,7,5,0,1.05263157894737,12.082191780821919,-49.640000000000015,2,8,terminal_mid,0.21844245677071716,0.24657035661427143
1473476,2025,7,6,0,1.05263157894737,12.166666666666666,-49.96000000000001,2,8,terminal_mid,0.21060191585450444,0.2392125044548597
1473476,2025,8,1,0,1.05263157894737,12.253521126760564,-50.27999999999999,2,8,terminal_mid,0.19084966449102603,0.21772854035469102
1473476,2025,8,2,0,1.05263157894737,12.342857142857142,-50.59999999999998,2,8,terminal_mid,0.17862091521254492,0.20581020892830393
1473476,2025,8,3,0,1.05263157894737,12.434782608695652,-50.92,2,8,terminal_mid,0.17055688441506345,0.19788302570949123
1473476,2025,8,4,0,1.05263157894737,12.441176470588236,-50.239999999999995,2,8,terminal_mid,0.17952310908492375,0.20669364427556153
1473476,2025,8,5,0,1.05263157894737,12.53731343283582,-50.559999999999974,2,8,terminal_mid,0.17748978909128305,0.20470163787014606
1473476,2025,8,6,0,1.05263157894737,12.545454545454545,-49.879999999999995,2,8,terminal_mid,0.19775390956267833,0.2244062783808383
1473476,2025,9,1,0,1.05263157894737,12.646153846153847,-50.2,2,8,terminal_mid,0.19384096025644287,0.23268993188790152
1473476,2025,9,2,0,1.05263157894737,12.75,-50.51999999999998,2,8,terminal_mid,0.18396786317986852,0.22302356723011374
1473476,2025,9,3,0,1.05263157894737,12.761904761904763,-49.83999999999999,2,8,terminal_mid,0.20135618789412857,0.23998366535852364
1473476,2025,9,4,0,1.05263157894737,12.870967741935484,-50.16,2,8,terminal_mid,0.20115859176901646,0.23979257423789915
1473476,2025,9,5,0,1.05263157894737,13.081967213114755,-51.47999999999999,2,8,terminal_mid,0.15870782056020266,0.1978087648627396
1473476,2025,9,6,0,1.05263157894737,13.099999999999998,-50.8,2,8,terminal_mid,0.18784750656593502,0.2268337562934254
1473476,2025,10,1,0,1.05263157894737,12.915254237288135,-48.120000000000005,2,8,terminal_mid,0.2562589755503803,0.28717079402828505
1473476,2025,10,2,0,1.05263157894737,13.03448275862069,-48.44,2,8,terminal_mid,0.2477623130800576,0.27898108335150484
1473476,2025,10,3,0,1.05263157894737,13.263157894736842,-49.760000000000005,2,8,terminal_mid,0.21892134282156225,0.25086592376058137
1473476,2025,10,4,0,1.05263157894737,13.392857142857142,-50.08000000000001,2,8,terminal_mid,0.19306827207066923,0.22519266350338377
1473476,2025,10,5,0,1.05263157894737,12.98181818181818,-45.39999999999999,2,8,terminal_mid,0.30114389451632406,0.3298327166743191
1473476,2025,10,6,0,1.05263157894737,13.11111111111111,-45.719999999999985,2,8,terminal_mid,0.29683361574852146,0.3257758857631262
1473476,2025,11,1,0,1.05263157894737,13.245283018867926,-46.04000000000002,2,8,terminal_mid,0.2936652380143602,0.32532025650566665
1473476,2025,11,2,0,1.05263157894737,13.26923076923077,-45.359999999999985,2,8,terminal_mid,0.2941300373892217,0.3257698441799036
1473476,2025,11,3,0,1.05263157894737,13.529411764705882,-55.095,3,7,terminal_mid,0.16507446641631954,0.19639788087021798
1473476,2025,11,4,0,1.05263157894737,13.68,-55.24999999999997,3,7,terminal_mid,0.16987401440095332,0.20141251774089802
1473476,2025,11,5,0,1.05263157894737,13.836734693877553,-55.405,3,7,terminal_mid,0.17022965863756556,0.20178331778547706
1473476,2025,11,6,0,1.05263157894737,14.125,-56.56,3,7,terminal_mid,0.131716945449068,0.16095324000167593
1473476,2025,12,1,0,1.05263157894737,14.170212765957448,-55.715,3,7,terminal_mid,0.1530763970020454,0.1746487946734505
1473476,2025,12,2,0,1.05263157894737,14.347826086956522,-55.870000000000005,3,7,terminal_mid,0.13791018985557996,0.15887105411186045
1473476,2025,12,3,0,1.05263157894737,14.533333333333331,-56.025000000000006,3,7,terminal_mid,0.11635047195557151,0.1361253175262182
1473476,2025,12,4,0,1.05263157894737,14.727272727272727,-63.44,4,6,terminal_mid,0.05827076376077183,0.07238183027580508
1473476,2025,12,5,0,1.05263157894737,15.069767441860465,-64.43,4,6,terminal_mid,0.04919491221486337,0.061968091804123646
1473476,2025,12,6,0,1.05263157894737,14.857142857142858,-61.420000000000016,4,6,terminal_mid,0.0583851967910239,0.07251212671680433
1473476,2025,12,7,0,1.05263157894737,14.341463414634145,-56.41,4,6,terminal_mid,0.1199941151491517,0.13999780438223308
1473476,2025,13,1,0,1.05263157894737,14.195121951219512,-55.41,4,6,terminal_mid,0.14006168384849804,0.1515285568489022
1473476,2025,13,2,0,1.05263157894737,14.399999999999999,-55.400000000000006,4,6,terminal_mid,0.13271419553508623,0.1440202716207269
1473476,2025,13,3,0,1.05263157894737,14.615384615384613,-55.389999999999986,4,6,terminal_mid,0.10561294631664706,0.11608857249597064
1473476,2025,13,4,0,1.05263157894737,14.842105263157896,-55.380000000000024,4,6,terminal_mid,0.09271691733129019,0.10264739374964332
1473476,2025,13,5,0,1.05263157894737,15.243243243243242,-56.369999999999976,4,6,terminal_mid,0.07160447520617064,0.08038805246708829
1473476,2025,13,6,0,1.05263157894737,15.5,-56.360000000000014,4,6,terminal_mid,0.06759204870181665,0.07611644554881485
1473476,2025,13,7,0,1.05263157894737,15.771428571428572,-56.349999999999994,4,6,terminal_mid,0.06254400015613706,0.07072108219854793
1473476,2025,13,8,0,1.05263157894737,16.058823529411764,-56.34,4,6,terminal_mid,0.059164654271227884,0.06709519364305108
1473476,2025,14,1,0,1.05263157894737,15.600000000000001,-55.349999999999994,4,6,terminal_mid,0.07624178401213029,0.08439898426217253
1473476,2025,14,2,0,1.05263157894737,15.882352941176471,-55.34,4,6,terminal_mid,0.06866311843913525,0.07641177842615028
1473476,2025,14,3,0,1.05263157894737,16.363636363636363,-56.329999999999984,4,6,terminal_mid,0.05772397568518997,0.06479553323286616
1473476,2025,14,4,0,1.05263157894737,16.875,-57.31999999999999,4,6,terminal_mid,0.045252318169053604,0.05140401403770811
1473476,2025,14,5,0,1.05263157894737,16.645161290322584,-54.31,4,6,terminal_mid,0.05793639747056425,0.06502217719361782
1473476,2025,14,6,0,1.05263157894737,17.0,-54.29999999999998,4,6,terminal_mid,0.05001646819448209,0.056540192162840605
1473476,2025,15,1,0,1.05263157894737,17.586206896551722,-55.28999999999999,4,6,terminal_mid,0.04399946136544184,0.04880904933327224
1473476,2025,15,2,0,1.05263157894737,18.214285714285715,-56.28,4,6,terminal_mid,0.03497072713734086,0.039140999582660894
1473476,2025,15,3,0,1.05263157894737,18.0,-53.27000000000001,4,6,terminal_mid,0.04442556194524437,0.049263108954511185
1473476,2025,15,4,0,1.05263157894737,18.692307692307693,-54.25999999999999,4,6,terminal_mid,0.03325072477916357,0.037288099583622766
1473476,2025,15,5,0,1.05263157894737,19.44,-59.375,5,5,terminal_mid,0.01912018565621591,0.021893543315738076
1473476,2025,15,6,0,1.05263157894737,20.0,-59.20000000000002,5,5,terminal_mid,0.01891651256738709,0.02166892458268434
1473477,2025,7,1,1,-12.235294117647072,7.792207792207792,-7.177499999999995,1,9,terminal_mid,0.8384935875965966,0.8014492083086593
1473477,2025,7,2,1,-12.235294117647072,7.815789473684211,-7.3700000000000045,1,9,terminal_mid,0.8331923270365165,0.7961093022646896
1473477,2025,7,3,1,-12.235294117647072,7.76,-6.5625,1,9,terminal_mid,0.8430485488885578,0.806063886706171
1473477,2025,7,4,1,-12.235294117647072,7.783783783783784,-6.7549999999999955,1,9,terminal_mid,0.8381032089920729,0.8010548663567055
1473477,2025,7,5,1,-12.235294117647072,7.808219178082192,-6.947500000000005,1,9,terminal_mid,0.835847971488503,0.7987802342997052
1473477,2025,7,6,1,-12.235294117647072,7.833333333333334,-7.140000000000001,1,9,terminal_mid,0.8371908256977079,0.8001339200905494
1473477,2025,8,1,1,-12.235294117647072,7.943661971830986,-8.33250000000001,1,9,terminal_mid,0.8298497686155231,0.7997027896002945
1473477,2025,8,2,1,-12.235294117647072,7.9714285714285715,-8.524999999999991,1,9,terminal_mid,0.8277377871514082,0.7975982382621228
1473477,2025,8,3,1,-12.235294117647072,8.0,-8.717500000000001,1,9,terminal_mid,0.8236376380952319,0.7935242055042944
1473477,2025,8,4,1,-12.235294117647072,8.029411764705882,-8.909999999999997,1,9,terminal_mid,0.8213558803347507,0.7912635280835363
1473477,2025,8,5,1,-12.235294117647072,8.149253731343283,-10.102499999999992,1,9,terminal_mid,0.8104943531952886,0.7805639157593556
1473477,2025,8,6,1,-12.235294117647072,8.272727272727273,-11.294999999999987,1,9,terminal_mid,0.7959709678779494,0.7664060507947742
1473477,2025,9,1,1,-12.235294117647072,8.215384615384615,-10.487499999999997,1,9,terminal_mid,0.8121694166868976,0.7807884009593697
1473477,2025,9,2,1,-12.235294117647072,7.96875,-7.680000000000007,1,9,terminal_mid,0.8476291162456533,0.8153386489549889
1473477,2025,9,3,1,-12.235294117647072,8.0,-7.872499999999988,1,9,terminal_mid,0.8450418357789169,0.8127711912440024
1473477,2025,9,4,1,-12.235294117647072,7.935483870967742,-7.0649999999999835,1,9,terminal_mid,0.8538848191912838,0.821580318751912
1473477,2025,9,5,1,-12.235294117647072,7.967213114754098,-7.257499999999993,1,9,terminal_mid,0.8501879813450264,0.8178858918718745
1473477,2025,9,6,1,-12.235294117647072,8.0,-7.450000000000003,1,9,terminal_mid,0.8513606985406699,0.8190559838397535
1473477,2025,10,1,1,-12.235294117647072,7.525423728813559,-2.6424999999999983,1,9,terminal_mid,0.8962898708636138,0.8782023338991105
1473477,2025,10,2,1,-12.235294117647072,7.551724137931034,-2.8349999999999937,1,9,terminal_mid,0.8919079233658819,0.8737002199336432
1473477,2025,10,3,1,-12.235294117647072,7.052631578947369,1.9724999999999966,1,9,terminal_mid,0.9537404073652773,0.9401336721817233
1473477,2025,10,4,1,-12.235294117647072,6.964285714285715,2.780000000000001,1,9,terminal_mid,0.9610233197075555,0.948538145303793
1473477,2025,10,5,1,-12.235294117647072,6.9818181818181815,2.5874999999999915,1,9,terminal_mid,0.9589307711333757,0.9461047763603516
1473477,2025,10,6,1,-12.235294117647072,7.111111111111111,1.3950000000000102,1,9,terminal_mid,0.9549798872354553,0.9415516323693479
1473477,2025,11,1,1,-12.235294117647072,6.566037735849056,6.202500000000001,1,9,terminal_mid,0.9871384276210877,0.9827262894530086
1473477,2025,11,2,1,-12.235294117647072,6.5769230769230775,6.010000000000005,1,9,terminal_mid,0.9868038895168401,0.9823178569873637
1473477,2025,11,3,1,-12.235294117647072,6.588235294117648,5.81750000000001,1,9,terminal_mid,0.9871553865724119,0.9827470204522598
1473477,2025,11,4,1,-12.235294117647072,6.6000000000000005,5.625,1,9,terminal_mid,0.9868827583788982,0.9824140592186468
1473477,2025,11,5,1,-12.235294117647072,6.73469387755102,-2.0600000000000023,2,8,terminal_mid,0.9598624660294799,0.9514359607227927
1473477,2025,11,6,1,-12.235294117647072,6.875,-3.1199999999999903,2,8,terminal_mid,0.9498034153264938,0.9405319913759933
1473477,2025,12,1,1,-12.235294117647072,6.893617021276596,-3.1799999999999926,2,8,terminal_mid,0.9570114762818773,0.9491569520820798
1473477,2025,12,2,1,-12.235294117647072,7.043478260869566,-4.240000000000009,2,8,terminal_mid,0.949382863983829,0.9408857588308411
1473477,2025,12,3,1,-12.235294117647072,7.199999999999999,-5.299999999999997,2,8,terminal_mid,0.941136142094235,0.9320590173200974
1473477,2025,12,4,1,-12.235294117647072,7.363636363636363,-6.359999999999999,2,8,terminal_mid,0.9348028458325282,0.9253504594344966
1473477,2025,12,5,1,-12.235294117647072,7.395348837209302,-6.420000000000002,2,8,terminal_mid,0.9369397578032785,0.92760765643661
1473477,2025,12,6,1,-12.235294117647072,7.428571428571429,-6.47999999999999,2,8,terminal_mid,0.937601265506905,0.9283076812685299
1473477,2025,13,1,1,-12.235294117647072,7.609756097560975,-7.539999999999992,2,8,terminal_mid,0.9257714606205922,0.918602257123752
1473477,2025,13,2,1,-12.235294117647072,7.800000000000001,-8.600000000000009,2,8,terminal_mid,0.9088478953426316,0.901107028306522
1473477,2025,13,3,1,-12.235294117647072,7.846153846153847,-8.659999999999997,2,8,terminal_mid,0.9029332379411018,0.8950372799968183
1473477,2025,13,4,1,-12.235294117647072,7.105263157894736,-3.7199999999999847,2,8,terminal_mid,0.9507866325622094,0.9448918779848798
1473477,2025,13,5,1,-12.235294117647072,7.297297297297297,-4.780000000000001,2,8,terminal_mid,0.950105898665061,0.9441681429211932
1473477,2025,13,6,1,-12.235294117647072,6.5,0.1599999999999966,2,8,terminal_mid,0.9768484882358807,0.9730992787698821
1473477,2025,14,1,1,-12.235294117647072,6.685714285714286,-0.8999999999999915,2,8,terminal_mid,0.9733701390549943,0.9692924599291213
1473477,2025,14,2,1,-12.235294117647072,6.88235294117647,-1.9599999999999937,2,8,terminal_mid,0.9694250900951001,0.9649686680296101
1473477,2025,14,3,1,-12.235294117647072,6.90909090909091,-2.0200000000000102,2,8,terminal_mid,0.96864142330724,0.9641131711574991
1473477,2025,14,4,1,-12.235294117647072,7.125,-3.0799999999999983,2,8,terminal_mid,0.95797267400844,0.9525632105182464
1473477,2025,14,5,1,-12.235294117647072,6.580645161290322,-0.14000000000000057,2,8,terminal_mid,0.9768604626905745,0.9731441100476541
1473477,2025,14,6,1,-12.235294117647072,6.6000000000000005,-0.20000000000000284,2,8,terminal_mid,0.9747099255287912,0.970767840921976
1473477,2025,14,7,1,-12.235294117647072,6.827586206896552,-1.259999999999991,2,8,terminal_mid,0.9704499821383683,0.9660891500863077
1473477,2025,15,1,1,-12.235294117647072,6.0,2.740000000000009,2,8,terminal_mid,0.9860629350306167,0.9839524444111645
1473477,2025,15,2,1,-12.235294117647072,6.0,2.680000000000007,2,8,terminal_mid,0.9869128484973965,0.9848965528734795
1473477,2025,15,3,1,-12.235294117647072,4.888888888888888,7.6200000000000045,2,8,terminal_mid,0.9960959261422175,0.9952960510260151
1473477,2025,15,4,1,-12.235294117647072,5.076923076923077,6.560000000000002,2,8,terminal_mid,0.9957804515040146,0.9949298024179123
1473477,2025,15,5,1,-12.235294117647072,5.04,6.5,2,8,terminal_mid,0.9958302793731735,0.9949875826868325
1473477,2025,15,6,1,-12.235294117647072,4.75,7.439999999999998,2,8,terminal_mid,0.996332662290234,0.995571580363903
1473478,2025,7,1,1,-52.41176470588235,6.545454545454545,-0.4174999999999969,1,9,terminal_mid,0.9624601490381764,0.9409551224154279
1473478,2025,7,2,1,-52.41176470588235,6.157894736842106,4.509999999999991,1,9,terminal_mid,0.9772990283991543,0.9613673712361747
1473478,2025,7,3,1,-52.41176470588235,6.16,4.4375,1,9,terminal_mid,0.9757313811160679,0.9591233475945806
1473478,2025,7,4,1,-52.41176470588235,6.243243243243244,3.365000000000009,1,9,terminal_mid,0.9751293298607693,0.9582679873626189
1473478,2025,7,5,1,-52.41176470588235,6.2465753424657535,3.292500000000004,1,9,terminal_mid,0.9755762555123344,0.958902620253474
1473478,2025,7,6,1,-52.41176470588235,6.25,3.219999999999999,1,9,terminal_mid,0.9767974820473151,0.9606467200378181
1473478,2025,8,1,1,-52.41176470588235,6.253521126760563,3.1474999999999937,1,9,terminal_mid,0.9769755754265241,0.9639669432092586
1473478,2025,8,2,1,-52.41176470588235,6.257142857142858,3.075000000000003,1,9,terminal_mid,0.9769180988113518,0.9638889184996079
1473478,2025,8,3,1,-52.41176470588235,6.3478260869565215,2.0024999999999977,1,9,terminal_mid,0.9771209625213597,0.9641644297429655
1473478,2025,8,4,1,-52.41176470588235,6.088235294117647,4.930000000000007,1,9,terminal_mid,0.9816714242714353,0.9704419333255552
1473478,2025,8,5,1,-52.41176470588235,6.08955223880597,4.857500000000002,1,9,terminal_mid,0.9809856894630445,0.9694831490251348
1473478,2025,8,6,1,-52.41176470588235,6.181818181818182,3.785000000000011,1,9,terminal_mid,0.980054551580583,0.9681888882357231
1473478,2025,9,1,1,-52.41176470588235,6.184615384615384,3.7125000000000057,1,9,terminal_mid,0.9799334937049621,0.9656812757589306
1473478,2025,9,2,1,-52.41176470588235,6.28125,-4.98666666666665,2,8,terminal_mid,0.9631658733022848,0.9429236232589374
1473478,2025,9,3,1,-52.41176470588235,6.2857142857142865,-4.939999999999998,2,8,terminal_mid,0.9603116004616576,0.9392567643675178
1473478,2025,9,4,1,-52.41176470588235,6.387096774193548,-5.893333333333331,2,8,terminal_mid,0.9587956130758954,0.9373284755606358
1473478,2025,9,5,1,-52.41176470588235,6.491803278688526,-6.846666666666664,2,8,terminal_mid,0.9540748075204086,0.9314027894483434
1473478,2025,9,6,1,-52.41176470588235,6.5,-6.799999999999997,2,8,terminal_mid,0.9549006958827149,0.9324312242244134
1473478,2025,10,1,1,-52.41176470588235,6.610169491525424,-7.75333333333333,2,8,terminal_mid,0.9538737622591797,0.940285999267367
1473478,2025,10,2,1,-52.41176470588235,6.310344827586206,-4.7066666666666634,2,8,terminal_mid,0.9709575091671092,0.960329816263086
1473478,2025,10,3,1,-52.41176470588235,6.315789473684211,-4.659999999999997,2,8,terminal_mid,0.9702866146665163,0.9595195071719492
1473478,2025,10,4,1,-52.41176470588235,6.321428571428571,-4.613333333333344,2,8,terminal_mid,0.9675864028588315,0.9562800984961507
1473478,2025,10,5,1,-52.41176470588235,6.4363636363636365,-5.566666666666663,2,8,terminal_mid,0.9676999185188913,0.9564156004535453
1473478,2025,10,6,1,-52.41176470588235,6.555555555555555,-6.519999999999982,2,8,terminal_mid,0.9607202763057701,0.9481847609111788
1473478,2025,11,1,1,-52.41176470588235,6.566037735849056,-6.473333333333343,2,8,terminal_mid,0.9586763982312437,0.9501373819138434
1473478,2025,11,2,1,-52.41176470588235,6.230769230769232,-3.4266666666666623,2,8,terminal_mid,0.9785135211574647,0.9724539905891454
1473478,2025,11,3,1,-52.41176470588235,6.23529411764706,-3.3799999999999955,2,8,terminal_mid,0.9787842413582855,0.9727695103004727
1473478,2025,11,4,1,-52.41176470588235,5.88,-0.3333333333333286,2,8,terminal_mid,0.9829128913627527,0.97763223085336
1473478,2025,11,5,1,-52.41176470588235,5.510204081632653,2.7133333333333383,2,8,terminal_mid,0.9869819217019419,0.9825350924553072
1473478,2025,11,6,1,-52.41176470588235,5.5,2.760000000000005,2,8,terminal_mid,0.9874741944874164,0.9831372151655707
1473478,2025,12,1,1,-52.41176470588235,5.1063829787234045,5.806666666666672,2,8,terminal_mid,0.9950342222428293,0.9931172425717236
1473478,2025,12,2,1,-52.41176470588235,5.217391304347826,4.853333333333325,2,8,terminal_mid,0.9912305022385046,0.9883298272397353
1473478,2025,12,3,1,-52.41176470588235,5.066666666666666,5.900000000000006,2,8,terminal_mid,0.995672644765697,0.9939432082905072
1473478,2025,12,4,1,-52.41176470588235,5.181818181818182,4.9466666666666725,2,8,terminal_mid,0.9925370238178486,0.9899526453884386
1473478,2025,12,5,1,-52.41176470588235,5.302325581395349,3.993333333333325,2,8,terminal_mid,0.9919481371800514,0.9892187957814674
1473478,2025,12,6,1,-52.41176470588235,5.428571428571429,3.0400000000000063,2,8,terminal_mid,0.9910890795727912,0.9881552895580119
1473478,2025,13,1,1,-52.41176470588235,4.975609756097561,6.086666666666673,2,8,terminal_mid,0.9965083602894234,0.9955717182848558
1473478,2025,13,2,1,-52.41176470588235,4.949999999999999,6.133333333333326,2,8,terminal_mid,0.9965364202391609,0.9956057039936639
1473478,2025,13,3,1,-52.41176470588235,4.923076923076923,6.180000000000007,2,8,terminal_mid,0.996436126673155,0.9954842876642599
1473478,2025,13,4,1,-52.41176470588235,4.421052631578947,9.226666666666674,2,8,terminal_mid,0.9974168726880333,0.9966791333176143
1473478,2025,13,5,1,-52.41176470588235,3.891891891891892,12.27333333333334,2,8,terminal_mid,0.9976682099304898,0.9969884250239326
1473478,2025,13,6,1,-52.41176470588235,3.833333333333333,12.319999999999993,2,8,terminal_mid,0.9977328367471894,0.9970681930583793
1473478,2025,14,1,1,-52.41176470588235,3.7714285714285714,12.366666666666674,2,8,terminal_mid,0.9977748991456179,0.9971376208827366
1473478,2025,14,2,1,-52.41176470588235,3.7058823529411766,12.413333333333341,2,8,terminal_mid,0.9976477831321006,0.9969812904902926
1473478,2025,14,3,1,-52.41176470588235,2.727272727272727,17.459999999999994,2,8,terminal_mid,0.9977752484010163,0.9971380509293393
1473478,2025,14,4,1,-52.41176470588235,2.625,17.506666666666675,2,8,terminal_mid,0.9976894603370933,0.9970325047820365
1473478,2025,14,5,1,-52.41176470588235,2.7096774193548385,12.859166666666681,3,7,terminal_mid,0.9973550702151955,0.9966226664478198
1473478,2025,14,6,1,-52.41176470588235,2.6,13.025000000000006,3,7,terminal_mid,0.9946595755716013,0.9933844272934528
1473478,2025,14,7,1,-52.41176470588235,1.4482758620689655,18.19083333333333,3,7,terminal_mid,0.9949007748892387,0.9936705312837015
1473478,2025,15,1,1,-52.41176470588235,1.2413793103448276,19.19083333333333,3,7,terminal_mid,0.9951893725502753,0.994246179132505
1473478,2025,15,2,1,-52.41176470588235,0.42857142857142855,22.35666666666667,3,7,terminal_mid,0.9958827495667999,0.995048453738116
1473478,2025,15,3,1,-52.41176470588235,0.4444444444444444,21.522499999999994,3,7,terminal_mid,0.9962256546732957,0.9954469614495086
1473478,2025,15,4,1,-52.41176470588235,-0.46153846153846156,24.688333333333333,3,7,terminal_mid,0.9968454931208308,0.9961706869921811
1473479,2025,7,1,0,18.294117647058812,9.194805194805195,-11.766666666666652,2,8,terminal_mid,0.6098060597995261,0.5897805186883195
1473479,2025,7,2,0,18.294117647058812,8.842105263157894,-7.133333333333326,2,8,terminal_mid,0.6538188906425275,0.628524242032954
1473479,2025,7,3,0,18.294117647058812,8.96,-8.5,2,8,terminal_mid,0.6551820815284196,0.629733697894152
1473479,2025,7,4,0,18.294117647058812,8.756756756756756,-5.866666666666646,2,8,terminal_mid,0.6820730457064225,0.6537304207988499
1473479,2025,7,5,0,18.294117647058812,8.876712328767123,-7.2333333333333485,2,8,terminal_mid,0.6833496891511774,0.6548766734421301
1473479,2025,7,6,0,18.294117647058812,8.916666666666668,-7.6000000000000085,2,8,terminal_mid,0.6789926459884188,0.6509673999949637
1473479,2025,8,1,0,18.294117647058812,8.95774647887324,-7.966666666666654,2,8,terminal_mid,0.67337781398339,0.6518827471858815
1473479,2025,8,2,0,18.294117647058812,9.085714285714285,-9.333333333333314,2,8,terminal_mid,0.6745466913870289,0.6529434126726659
1473479,2025,8,3,0,18.294117647058812,9.043478260869566,-8.700000000000003,2,8,terminal_mid,0.682066927228657,0.6597784285781705
1473479,2025,8,4,0,18.294117647058812,8.823529411764707,-6.066666666666663,2,8,terminal_mid,0.7085700678509086,0.6840311249002858
1473479,2025,8,5,0,18.294117647058812,8.597014925373134,-3.4333333333333087,2,8,terminal_mid,0.7355644637605272,0.7090352377826972
1473479,2025,8,6,0,18.294117647058812,8.727272727272727,-4.799999999999983,2,8,terminal_mid,0.7269237708607279,0.7009951376509579
1473479,2025,9,1,0,18.294117647058812,8.861538461538462,-17.270833333333343,3,7,terminal_mid,0.6012667006757669,0.5919761897104467
1473479,2025,9,2,0,18.294117647058812,8.90625,-17.46666666666667,3,7,terminal_mid,0.5854851009084996,0.5784394098311376
1473479,2025,9,3,0,18.294117647058812,8.952380952380953,-17.662500000000023,3,7,terminal_mid,0.5803087140450998,0.5740068433886611
1473479,2025,9,4,0,18.294117647058812,9.096774193548388,-18.85833333333332,3,7,terminal_mid,0.5306380850719243,0.5315989080909169
1473479,2025,9,5,0,18.294117647058812,9.245901639344261,-20.054166666666703,3,7,terminal_mid,0.5242288983719752,0.5261363212042847
1473479,2025,9,6,0,18.294117647058812,9.3,-20.25,3,7,terminal_mid,0.5230698325861056,0.5251485154257053
1473479,2025,10,1,0,18.294117647058812,9.457627118644067,-21.445833333333354,3,7,terminal_mid,0.5315713925313381,0.5394052328782726
1473479,2025,10,2,0,18.294117647058812,9.413793103448276,-20.64166666666665,3,7,terminal_mid,0.5356696826401098,0.5430658708646181
1473479,2025,10,3,0,18.294117647058812,9.368421052631579,-19.837500000000006,3,7,terminal_mid,0.5494703536264323,0.5553907969758644
1473479,2025,10,4,0,18.294117647058812,9.428571428571429,-20.03333333333333,3,7,terminal_mid,0.5477049245422732,0.5538142388614019
1473479,2025,10,5,0,18.294117647058812,9.49090909090909,-20.229166666666686,3,7,terminal_mid,0.5464579104698128,0.5527006282108621
1473479,2025,10,6,0,18.294117647058812,9.555555555555555,-20.42500000000001,3,7,terminal_mid,0.5342779746465712,0.5418228258835154
1473479,2025,11,1,0,18.294117647058812,9.622641509433963,-20.620833333333337,3,7,terminal_mid,0.544374233143819,0.5586365978629028
1473479,2025,11,2,0,18.294117647058812,9.692307692307693,-20.816666666666663,3,7,terminal_mid,0.548351421101287,0.5622505448983167
1473479,2025,11,3,0,18.294117647058812,9.882352941176471,-22.01249999999999,3,7,terminal_mid,0.5381712844156685,0.5529980065665293
1473479,2025,11,4,0,18.294117647058812,9.600000000000001,-19.208333333333314,3,7,terminal_mid,0.5690755459336743,0.5810675921356353
1473479,2025,11,5,0,18.294117647058812,9.673469387755102,-19.40416666666667,3,7,terminal_mid,0.5639591414066124,0.5764239235516754
1473479,2025,11,6,0,18.294117647058812,9.75,-19.599999999999994,3,7,terminal_mid,0.5666322999900555,0.5788502246048565
1473479,2025,12,1,0,18.294117647058812,9.829787234042554,-19.79583333333332,3,7,terminal_mid,0.5766159979561183,0.5809159465672624
1473479,2025,12,2,0,18.294117647058812,10.043478260869566,-20.991666666666674,3,7,terminal_mid,0.5491742752130203,0.5554476330791269
1473479,2025,12,3,0,18.294117647058812,10.133333333333333,-21.1875,3,7,terminal_mid,0.5449564021039237,0.551532389570307
1473479,2025,12,4,0,18.294117647058812,10.363636363636363,-22.383333333333354,3,7,terminal_mid,0.5388204288575789,0.5458359335281124
1473479,2025,12,5,0,18.294117647058812,10.465116279069768,-22.57916666666668,3,7,terminal_mid,0.5336594852978231,0.5410438397269018
1473479,2025,12,6,0,18.294117647058812,10.571428571428571,-22.775000000000006,3,7,terminal_mid,0.5268623806411481,0.5347311214903285
1473479,2025,13,1,0,18.294117647058812,10.829268292682928,-23.97083333333333,3,7,terminal_mid,0.5082435130520456,0.5108177980485907
1473479,2025,13,2,0,18.294117647058812,11.100000000000001,-25.166666666666686,3,7,terminal_mid,0.4988529252415927,0.501843968901868
1473479,2025,13,3,0,18.294117647058812,11.076923076923077,-24.362499999999983,3,7,terminal_mid,0.5008362495490888,0.5037394172927693
1473479,2025,13,4,0,18.294117647058812,11.368421052631579,-32.05000000000001,4,6,terminal_mid,0.3665807397558168,0.3749740008440342
1473479,2025,13,5,0,18.294117647058812,11.513513513513512,-32.07499999999999,4,6,terminal_mid,0.3758869460605405,0.3839463322889932
1473479,2025,13,6,0,18.294117647058812,11.666666666666666,-32.10000000000002,4,6,terminal_mid,0.38341753179392535,0.39119984300328786
1473479,2025,13,7,0,18.294117647058812,11.314285714285713,-29.125,4,6,terminal_mid,0.42133506974861945,0.42764035064352857
1473479,2025,14,1,0,18.294117647058812,11.314285714285713,-29.125,4,6,terminal_mid,0.4256310964360551,0.43000648387816365
1473479,2025,14,2,0,18.294117647058812,11.470588235294118,-29.150000000000006,4,6,terminal_mid,0.4250472358117305,0.4294458124928242
1473479,2025,14,3,0,18.294117647058812,11.636363636363637,-29.174999999999983,4,6,terminal_mid,0.4186586508939387,0.42330964342114874
1473479,2025,14,4,0,18.294117647058812,12.0,-30.19999999999999,4,6,terminal_mid,0.39554454466922373,0.4010862545629954
1473479,2025,14,5,0,18.294117647058812,12.387096774193548,-31.224999999999994,4,6,terminal_mid,0.3895898234697658,0.3953545776831186
1473479,2025,14,6,0,18.294117647058812,11.6,-26.25,4,6,terminal_mid,0.47467077312072237,0.47704133309781815
1473479,2025,15,1,0,18.294117647058812,12.0,-27.275000000000006,4,6,terminal_mid,0.4468575915601578,0.4494320849085343
1473479,2025,15,2,0,18.294117647058812,12.214285714285714,-27.30000000000001,4,6,terminal_mid,0.4418796191049327,0.4446194013476637
1473479,2025,15,3,0,18.294117647058812,11.333333333333332,-22.32499999999999,4,6,terminal_mid,0.5443189975974987,0.5435702231764912
1473479,2025,15,4,0,18.294117647058812,11.538461538461538,-22.349999999999994,4,6,terminal_mid,0.539835014603665,0.5392392091526974
1473479,2025,15,5,0,18.294117647058812,11.52,-21.375,4,6,terminal_mid,0.5400732700514361,0.5394693285648714
1473479,2025,15,6,0,18.294117647058812,11.5,-20.400000000000006,4,6,terminal_mid,0.5485813890341205,0.547687530302406
1473480,2025,7,1,1,-10.032258064516128,8.727272727272727,-31.94666666666666,2,8,terminal_mid,0.6048291367461514,0.5854320992736961
1473480,2025,7,2,1,-10.032258064516128,8.526315789473685,-28.97333333333333,2,8,terminal_mid,0.6631326875040771,0.6368005606029137
1473480,2025,7,3,1,-10.032258064516128,8.56,-29.0,2,8,terminal_mid,0.6782072277323901,0.6502635220276126
1473480,2025,7,4,1,-10.032258064516128,8.35135135135135,-26.026666666666657,2,8,terminal_mid,0.7214662798291933,0.6894399244933792
1473480,2025,7,5,1,-10.032258064516128,8.465753424657535,-27.05333333333334,2,8,terminal_mid,0.7114497892322371,0.6802893398700995
1473480,2025,7,6,1,-10.032258064516128,8.416666666666666,-26.08,2,8,terminal_mid,0.7169057059710868,0.6852671620864289
1473480,2025,8,1,1,-10.032258064516128,8.535211267605634,-36.21833333333335,3,7,terminal_mid,0.5499326868179043,0.5417453891707666
1473480,2025,8,2,1,-10.032258064516128,8.657142857142857,-37.116666666666674,3,7,terminal_mid,0.5592764752553135,0.5499904421592895
1473480,2025,8,3,1,-10.032258064516128,8.782608695652174,-38.015,3,7,terminal_mid,0.5537218685453723,0.5450879330965307
1473480,2025,8,4,1,-10.032258064516128,8.911764705882353,-38.91333333333334,3,7,terminal_mid,0.5507642634084888,0.5424788272586871
1473480,2025,8,5,1,-10.032258064516128,9.044776119402984,-39.81166666666667,3,7,terminal_mid,0.5365775794066727,0.5299746650989166
1473480,2025,8,6,1,-10.032258064516128,9.09090909090909,-39.709999999999994,3,7,terminal_mid,0.5390478376773834,0.5321507750671903
1473480,2025,9,1,1,-10.032258064516128,9.138461538461538,-39.608333333333334,3,7,terminal_mid,0.5396961332940065,0.5393210244466335
1473480,2025,9,2,1,-10.032258064516128,8.90625,-36.506666666666675,3,7,terminal_mid,0.5971696545463083,0.5884583279331679
1473480,2025,9,3,1,-10.032258064516128,8.952380952380953,-36.405000000000015,3,7,terminal_mid,0.5980264778425953,0.5891938050474891
1473480,2025,9,4,1,-10.032258064516128,8.516129032258064,-31.303333333333327,3,7,terminal_mid,0.7025127453845659,0.6801719124613833
1473480,2025,9,5,1,-10.032258064516128,8.557377049180328,-31.201666666666682,3,7,terminal_mid,0.6938382879684174,0.6724890019468424
1473480,2025,9,6,1,-10.032258064516128,8.6,-31.10000000000001,3,7,terminal_mid,0.7016159337462546,0.6793761975148743
1473480,2025,10,1,1,-10.032258064516128,8.64406779661017,-30.998333333333335,3,7,terminal_mid,0.7149250447197342,0.7043012288021241
1473480,2025,10,2,1,-10.032258064516128,8.689655172413794,-30.89666666666666,3,7,terminal_mid,0.6889230471256413,0.6806045552877247
1473480,2025,10,3,1,-10.032258064516128,8.631578947368421,-29.795,3,7,terminal_mid,0.7160804284736929,0.7053583948584865
1473480,2025,10,4,1,-10.032258064516128,8.785714285714285,-30.693333333333328,3,7,terminal_mid,0.6885298493017173,0.6802475094826611
1473480,2025,10,5,1,-10.032258064516128,8.836363636363636,-30.59166666666667,3,7,terminal_mid,0.6862721737770796,0.6781980972119395
1473480,2025,10,6,1,-10.032258064516128,8.333333333333332,-25.49000000000001,3,7,terminal_mid,0.7597763694218689,0.7456586530011206
1473480,2025,11,1,1,-10.032258064516128,8.377358490566037,-25.38833333333335,3,7,terminal_mid,0.7699690104296761,0.7644852012799562
1473480,2025,11,2,1,-10.032258064516128,8.423076923076923,-25.28666666666666,3,7,terminal_mid,0.7595810637647638,0.754846710125496
1473480,2025,11,3,1,-10.032258064516128,8.470588235294118,-25.185000000000002,3,7,terminal_mid,0.7708973492081972,0.7653480746012982
1473480,2025,11,4,1,-10.032258064516128,8.52,-25.08333333333333,3,7,terminal_mid,0.757517359403977,0.7529354491995011
1473480,2025,11,5,1,-10.032258064516128,7.959183673469387,-19.981666666666655,3,7,terminal_mid,0.8381315692512972,0.8286741894592065
1473480,2025,11,6,1,-10.032258064516128,8.125,-27.040000000000006,4,6,terminal_mid,0.7409623360635584,0.7376424395630592
1473480,2025,12,1,1,-10.032258064516128,8.170212765957446,-26.810000000000002,4,6,terminal_mid,0.751434364152439,0.7443376844701306
1473480,2025,12,2,1,-10.032258064516128,8.347826086956522,-27.58,4,6,terminal_mid,0.7430258797854437,0.7363731377673867
1473480,2025,12,3,1,-10.032258064516128,8.533333333333333,-28.35000000000001,4,6,terminal_mid,0.7301637417375936,0.7242209559020749
1473480,2025,12,4,1,-10.032258064516128,8.454545454545455,-27.120000000000005,4,6,terminal_mid,0.7335619690652319,0.7274281507650493
1473480,2025,12,5,1,-10.032258064516128,8.511627906976745,-26.89,4,6,terminal_mid,0.7317978009333419,0.7257628552111484
1473480,2025,12,6,1,-10.032258064516128,8.714285714285714,-27.66000000000001,4,6,terminal_mid,0.72282054749453,0.7172985903728866
1473480,2025,12,7,1,-10.032258064516128,8.926829268292682,-28.430000000000007,4,6,terminal_mid,0.7139963903858819,0.7089938876940788
1473480,2025,12,8,1,-10.032258064516128,9.149999999999999,-29.200000000000003,4,6,terminal_mid,0.7017729692320518,0.6975128988925565
1473480,2025,13,1,1,-10.032258064516128,8.195121951219512,-23.430000000000007,4,6,terminal_mid,0.7815607527593903,0.7738363116193677
1473480,2025,13,2,1,-10.032258064516128,8.399999999999999,-24.200000000000003,4,6,terminal_mid,0.7777334884775049,0.7700882471377453
1473480,2025,13,3,1,-10.032258064516128,8.307692307692307,-22.969999999999985,4,6,terminal_mid,0.7858565778968165,0.7780472201397409
1473480,2025,13,4,1,-10.032258064516128,7.894736842105264,-19.74000000000001,4,6,terminal_mid,0.8482503140248658,0.8397682683477763
1473480,2025,13,5,1,-10.032258064516128,7.945945945945946,-19.50999999999999,4,6,terminal_mid,0.8451807050216,0.8367032782373087
1473480,2025,13,6,1,-10.032258064516128,8.166666666666668,-24.900000000000006,5,5,terminal_mid,0.7265553744718316,0.7202511376281652
1473480,2025,13,7,1,-10.032258064516128,8.399999999999999,-25.541666666666657,5,5,terminal_mid,0.7139644716046332,0.7080591808204613
1473480,2025,14,1,1,-10.032258064516128,8.399999999999999,-25.541666666666657,5,5,terminal_mid,0.7193272099717152,0.7123095434315554
1473480,2025,14,2,1,-10.032258064516128,7.9411764705882355,-22.183333333333337,5,5,terminal_mid,0.7605699478679588,0.7525476158735647
1473480,2025,14,3,1,-10.032258064516128,8.181818181818182,-22.825000000000017,5,5,terminal_mid,0.7454246339468885,0.737735981707726
1473480,2025,14,4,1,-10.032258064516128,8.0625,-21.46666666666667,5,5,terminal_mid,0.7548690561613283,0.7469671492985438
1473480,2025,14,5,1,-10.032258064516128,8.129032258064516,-21.10833333333335,5,5,terminal_mid,0.756954689317142,0.7490079829332881
1473480,2025,14,6,1,-10.032258064516128,8.2,-20.75,5,5,terminal_mid,0.7538615418513805,0.745981579097627
1473480,2025,14,7,1,-10.032258064516128,8.482758620689655,-21.39166666666665,5,5,terminal_mid,0.7279122171774131,0.7206613353171747
1473480,2025,15,1,1,-10.032258064516128,8.275862068965518,-20.39166666666665,5,5,terminal_mid,0.7435441943079176,0.7371114791698389
1473480,2025,15,2,1,-10.032258064516128,8.142857142857142,-19.03333333333333,5,5,terminal_mid,0.7678790382156622,0.7610386265006183
1473480,2025,15,3,1,-10.032258064516128,8.444444444444445,-19.674999999999983,5,5,terminal_mid,0.7635854419975936,0.7568098785981362
1473480,2025,15,4,1,-10.032258064516128,7.846153846153847,-16.316666666666663,5,5,terminal_mid,0.8547203695939518,0.8474003607164878
1473480,2025,15,5,1,-10.032258064516128,7.68,-14.958333333333343,5,5,terminal_mid,0.8681581942888466,0.8609430514607669
1473480,2025,15,6,1,-10.032258064516128,7.75,-14.599999999999994,5,5,terminal_mid,0.8596006378057868,0.8523118905831885
1473480,2025,15,7,1,-10.032258064516128,7.826086956521739,-14.241666666666674,5,5,terminal_mid,0.8580950300349393,0.8507958295905628
1473480,2025,15,8,1,-10.032258064516128,7.636363636363637,-12.883333333333326,5,5,terminal_mid,0.8692884669803163,0.8620849037477044
1473482,2025,7,1,0,38.571428571428584,11.532467532467532,-50.42916666666666,3,7,terminal_mid,0.19603227907441567,0.22541732214183183
1473482,2025,7,2,0,38.571428571428584,11.605263157894736,-50.68333333333332,3,7,terminal_mid,0.1977425081372051,0.2270453153216945
1473482,2025,7,3,0,38.571428571428584,11.6,-49.9375,3,7,terminal_mid,0.2206352215310876,0.24862034937859306
1473482,2025,7,4,0,38.571428571428584,11.675675675675677,-50.19166666666668,3,7,terminal_mid,0.2180917502127506,0.24624217495804068
1473482,2025,7,5,0,38.571428571428584,11.753424657534246,-50.44583333333334,3,7,terminal_mid,0.21370986477233087,0.24213440451548005
1473482,2025,7,6,0,38.571428571428584,11.916666666666668,-51.70000000000002,3,7,terminal_mid,0.21421105289779088,0.24260493370716096
1473482,2025,8,1,0,38.571428571428584,11.746478873239436,-48.95416666666668,3,7,terminal_mid,0.2382098590240061,0.2628875758252934
1473482,2025,8,2,0,38.571428571428584,11.571428571428571,-46.20833333333333,3,7,terminal_mid,0.2086720160805467,0.2348959367552685
1473482,2025,8,3,0,38.571428571428584,11.73913043478261,-47.462500000000006,3,7,terminal_mid,0.20930690195986845,0.2355033728579378
1473482,2025,8,4,0,38.571428571428584,11.823529411764707,-47.71666666666667,3,7,terminal_mid,0.2045779121742626,0.2309722583121615
1473482,2025,8,5,0,38.571428571428584,11.91044776119403,-47.97083333333333,3,7,terminal_mid,0.19661385868570244,0.2233060697193941
1473482,2025,8,6,0,38.571428571428584,12.09090909090909,-49.224999999999994,3,7,terminal_mid,0.19188045764998254,0.21872779046239896
1473482,2025,9,1,0,38.571428571428584,11.723076923076922,-44.47916666666666,3,7,terminal_mid,0.22784424626344313,0.26529139982244854
1473482,2025,9,2,0,38.571428571428584,11.34375,-39.73333333333335,3,7,terminal_mid,0.2744429481528522,0.30854589329697507
1473482,2025,9,3,0,38.571428571428584,11.428571428571427,-39.98750000000001,3,7,terminal_mid,0.2810509385835683,0.31456978049207085
1473482,2025,9,4,0,38.571428571428584,11.516129032258064,-40.241666666666674,3,7,terminal_mid,0.2849508055247458,0.31811362980023294
1473482,2025,9,5,0,38.571428571428584,11.311475409836067,-37.495833333333366,3,7,terminal_mid,0.3192609961865372,0.34896327610592515
1473482,2025,9,6,0,38.571428571428584,11.3,-36.75,3,7,terminal_mid,0.3301168157926173,0.3586138762967411
1473482,2025,10,1,0,38.571428571428584,11.491525423728813,-38.00416666666666,3,7,terminal_mid,0.32838301236848344,0.35529912981395717
1473482,2025,10,2,0,38.571428571428584,11.586206896551724,-38.258333333333326,3,7,terminal_mid,0.3284492591442412,0.35536072670460256
1473482,2025,10,3,0,38.571428571428584,11.789473684210526,-39.51249999999999,3,7,terminal_mid,0.30850880237000833,0.3367467956339844
1473482,2025,10,4,0,38.571428571428584,12.0,-40.76666666666668,3,7,terminal_mid,0.3047703893631107,0.33323998131226296
1473482,2025,10,5,0,38.571428571428584,11.781818181818181,-38.02083333333334,3,7,terminal_mid,0.3273990260613935,0.35438402622764936
1473482,2025,10,6,0,38.571428571428584,11.88888888888889,-38.275000000000006,3,7,terminal_mid,0.32889349606297036,0.3557737422952048
1473482,2025,11,1,0,38.571428571428584,12.0,-38.5291666666667,3,7,terminal_mid,0.33406524594959075,0.3640695330420737
1473482,2025,11,2,0,38.571428571428584,12.23076923076923,-49.099999999999994,4,6,terminal_mid,0.1853971858193505,0.21750089938295078
1473482,2025,11,3,0,38.571428571428584,12.47058823529412,-50.17500000000001,4,6,terminal_mid,0.19365324244055931,0.2259809609784956
1473482,2025,11,4,0,38.571428571428584,12.72,-51.25,4,6,terminal_mid,0.19213619527569537,0.2244265683480892
1473482,2025,11,5,0,38.571428571428584,12.857142857142858,-51.32499999999999,4,6,terminal_mid,0.18723362603208532,0.21939160831259094
1473482,2025,11,6,0,38.571428571428584,13.0,-51.400000000000006,4,6,terminal_mid,0.18798597401863126,0.22016544694367227
1473482,2025,12,1,0,38.571428571428584,13.148936170212766,-51.474999999999994,4,6,terminal_mid,0.17561806303651434,0.19780431295237963
1473482,2025,12,2,0,38.571428571428584,12.913043478260867,-48.55000000000001,4,6,terminal_mid,0.20406612906905758,0.2265901603944525
1473482,2025,12,3,0,38.571428571428584,13.200000000000001,-49.625,4,6,terminal_mid,0.18779633044345895,0.2101826680142102
1473482,2025,12,4,0,38.571428571428584,13.227272727272727,-48.70000000000002,4,6,terminal_mid,0.19660676216708817,0.21908531135137663
1473482,2025,12,5,0,38.571428571428584,13.534883720930232,-49.775000000000006,4,6,terminal_mid,0.17066757334473953,0.19274709013460578
1473482,2025,12,6,0,38.571428571428584,13.285714285714286,-46.849999999999994,4,6,terminal_mid,0.2054874606563337,0.22801688356757202
1473482,2025,13,1,0,38.571428571428584,13.463414634146343,-46.92500000000001,4,6,terminal_mid,0.20713316200446666,0.21906925497318674
1473482,2025,13,2,0,38.571428571428584,13.5,-46.0,4,6,terminal_mid,0.22719047373736787,0.2389806896195815
1473482,2025,13,3,0,38.571428571428584,13.538461538461538,-45.07499999999999,4,6,terminal_mid,0.2293727713316534,0.24114050198648113
1473482,2025,13,4,0,38.571428571428584,13.263157894736842,-42.150000000000006,4,6,terminal_mid,0.26375269454239303,0.27501216057595507
1473482,2025,13,5,0,38.571428571428584,13.45945945945946,-42.224999999999994,4,6,terminal_mid,0.2545580676018109,0.26598041889887647
1473482,2025,13,6,0,38.571428571428584,13.666666666666666,-42.30000000000001,4,6,terminal_mid,0.24039123383256453,0.25202683330951675
1473482,2025,13,7,0,38.571428571428584,14.057142857142857,-43.375,4,6,terminal_mid,0.22991495095876407,0.24167690261871475
1473482,2025,14,1,0,38.571428571428584,13.885714285714286,-42.375,4,6,terminal_mid,0.23577909519786397,0.2458070125209603
1473482,2025,14,2,0,38.571428571428584,14.294117647058822,-49.541666666666686,5,5,terminal_mid,0.10961911833253565,0.1190978102905806
1473482,2025,14,3,0,38.571428571428584,14.545454545454547,-49.4375,5,5,terminal_mid,0.11368134414109399,0.12327561115015044
1473482,2025,14,4,0,38.571428571428584,14.8125,-49.33333333333334,5,5,terminal_mid,0.10759838542203598,0.11701629155365773
1473482,2025,14,5,0,38.571428571428584,15.096774193548388,-49.22916666666666,5,5,terminal_mid,0.09746634955009176,0.10654477962940863
1473482,2025,14,6,0,38.571428571428584,15.2,-48.125,5,5,terminal_mid,0.12208115639161113,0.13188752517780528
1473482,2025,15,1,0,38.571428571428584,15.517241379310345,-48.02083333333334,5,5,terminal_mid,0.11580387145765945,0.12347736015316056
1473482,2025,15,2,0,38.571428571428584,16.07142857142857,-53.93333333333334,6,4,terminal_mid,0.047822356092534046,0.05287630021639095
1473482,2025,15,3,0,38.571428571428584,16.666666666666664,-54.650000000000006,6,4,terminal_mid,0.033129146965455276,0.03715698048444893
1473482,2025,15,4,0,38.571428571428584,17.076923076923077,-54.366666666666674,6,4,terminal_mid,0.023343548681310847,0.026531416886934066
1473482,2025,15,5,0,38.571428571428584,17.759999999999998,-59.5625,7,3,terminal_mid,0.017475207083472628,0.020076635167908786
1473482,2025,15,6,0,38.571428571428584,18.5,-64.4,8,2,terminal_mid,0.009754611553703784,0.011447150044028997
1473483,2025,7,1,1,-37.41176470588235,8.96103896103896,-41.234999999999985,3,7,terminal_mid,0.35694318302807415,0.37120995483682806
1473483,2025,7,2,1,-37.41176470588235,9.078947368421051,-42.17999999999999,3,7,terminal_mid,0.33433206084127154,0.3513716344662064
1473483,2025,7,3,1,-37.41176470588235,9.200000000000001,-43.125,3,7,terminal_mid,0.3206569246467248,0.33930087860949726
1473483,2025,7,4,1,-37.41176470588235,9.324324324324323,-44.07000000000001,3,7,terminal_mid,0.3112365605199131,0.330949728710983
1473483,2025,7,5,1,-37.41176470588235,9.45205479452055,-45.015000000000015,3,7,terminal_mid,0.30199514177035175,0.3227262064903673
1473483,2025,7,6,1,-37.41176470588235,9.416666666666666,-43.96000000000001,3,7,terminal_mid,0.3076172718040451,0.32773286675426877
1473483,2025,8,1,1,-37.41176470588235,9.464788732394366,-43.905000000000015,3,7,terminal_mid,0.30756559395990096,0.3268663949160215
1473483,2025,8,2,1,-37.41176470588235,9.514285714285714,-43.849999999999994,3,7,terminal_mid,0.3075779786813816,0.3268776452945541
1473483,2025,8,3,1,-37.41176470588235,9.565217391304348,-43.795,3,7,terminal_mid,0.30183044362174816,0.32165080866893897
1473483,2025,8,4,1,-37.41176470588235,9.617647058823529,-43.74000000000001,3,7,terminal_mid,0.3027148440272514,0.32245584313709663
1473483,2025,8,5,1,-37.41176470588235,9.671641791044776,-43.68499999999999,3,7,terminal_mid,0.30634610596588163,0.32575834406731347
1473483,2025,8,6,1,-37.41176470588235,9.727272727272727,-43.629999999999995,3,7,terminal_mid,0.3074074000541188,0.3267226856972292
1473483,2025,9,1,1,-37.41176470588235,9.692307692307693,-42.575,3,7,terminal_mid,0.3187574248367117,0.3485144205771438
1473483,2025,9,2,1,-37.41176470588235,9.75,-42.52000000000001,3,7,terminal_mid,0.3132132116587395,0.3435653649698132
1473483,2025,9,3,1,-37.41176470588235,9.904761904761905,-43.465,3,7,terminal_mid,0.2975263137686851,0.32948678299209216
1473483,2025,9,4,1,-37.41176470588235,10.064516129032258,-44.41,3,7,terminal_mid,0.2877538053352783,0.32065571279875693
1473483,2025,9,5,1,-37.41176470588235,9.836065573770492,-41.35500000000002,3,7,terminal_mid,0.3197722252692293,0.34941884675337237
1473483,2025,9,6,1,-37.41176470588235,9.899999999999999,-41.3,3,7,terminal_mid,0.3167750502392106,0.3467463846531251
1473483,2025,10,1,1,-37.41176470588235,9.966101694915254,-41.245000000000005,3,7,terminal_mid,0.31648647737106306,0.3442117767542734
1473483,2025,10,2,1,-37.41176470588235,9.517241379310345,-36.19,3,7,terminal_mid,0.3740949589390444,0.3974643883248194
1473483,2025,10,3,1,-37.41176470588235,9.68421052631579,-37.13499999999999,3,7,terminal_mid,0.36955230046796506,0.3933020209470447
1473483,2025,10,4,1,-37.41176470588235,9.75,-37.08,3,7,terminal_mid,0.3712877329876172,0.3948928312723206
1473483,2025,10,5,1,-37.41176470588235,9.927272727272728,-38.025000000000006,3,7,terminal_mid,0.37091764283876794,0.39455365155313527
1473483,2025,10,6,1,-37.41176470588235,10.0,-37.97000000000001,3,7,terminal_mid,0.36819390816907527,0.3920562530437147
1473483,2025,11,1,1,-37.41176470588235,9.962264150943398,-36.915000000000006,3,7,terminal_mid,0.3768149136151462,0.40443968605409636
1473483,2025,11,2,1,-37.41176470588235,10.038461538461538,-36.86,3,7,terminal_mid,0.37593272476351286,0.40361230982267005
1473483,2025,11,3,1,-37.41176470588235,10.117647058823529,-36.80500000000001,3,7,terminal_mid,0.36601980769782183,0.3942996784587529
1473483,2025,11,4,1,-37.41176470588235,10.2,-36.749999999999986,3,7,terminal_mid,0.36107653963919584,0.38964472824852653
1473483,2025,11,5,1,-37.41176470588235,10.408163265306122,-37.69499999999999,3,7,terminal_mid,0.3473501289180482,0.37667848531016734
1473483,2025,11,6,1,-37.41176470588235,10.625,-38.64,3,7,terminal_mid,0.34044943200283345,0.3701364910266579
1473483,2025,12,1,1,-37.41176470588235,10.72340425531915,-38.584999999999994,3,7,terminal_mid,0.33917325912024876,0.3585434287249264
1473483,2025,12,2,1,-37.41176470588235,10.956521739130434,-39.53,3,7,terminal_mid,0.3185660576950646,0.3388089434211809
1473483,2025,12,3,1,-37.41176470588235,10.4,-34.47500000000001,3,7,terminal_mid,0.3788705305297881,0.39627179181207045
1473483,2025,12,4,1,-37.41176470588235,9.818181818181818,-29.420000000000016,3,7,terminal_mid,0.48870077440745197,0.49924515064637187
1473483,2025,12,5,1,-37.41176470588235,10.046511627906977,-30.36500000000001,3,7,terminal_mid,0.44211113419236503,0.4557603699532578
1473483,2025,12,6,1,-37.41176470588235,10.0,-29.310000000000002,3,7,terminal_mid,0.4816996894080987,0.4927240982343166
1473483,2025,13,1,1,-37.41176470588235,9.951219512195122,-28.25500000000001,3,7,terminal_mid,0.49074354195792685,0.49409292547893946
1473483,2025,13,2,1,-37.41176470588235,10.05,-28.200000000000003,3,7,terminal_mid,0.48234548752855955,0.4860640475729815
1473483,2025,13,3,1,-37.41176470588235,9.384615384615385,-23.144999999999996,3,7,terminal_mid,0.576683731967156,0.5762128766618594
1473483,2025,13,4,1,-37.41176470588235,9.473684210526315,-23.090000000000003,3,7,terminal_mid,0.5754492232101535,0.5750327040171759
1473483,2025,13,5,1,-37.41176470588235,9.567567567567567,-23.034999999999997,3,7,terminal_mid,0.5729380878258296,0.5726322308651869
1473483,2025,13,6,1,-37.41176470588235,9.666666666666668,-22.980000000000004,3,7,terminal_mid,0.5639027999656014,0.5639964726243478
1473483,2025,14,1,1,-37.41176470588235,9.771428571428572,-22.92500000000001,3,7,terminal_mid,0.5882034208034714,0.5858215909667582
1473483,2025,14,2,1,-37.41176470588235,9.882352941176471,-22.870000000000005,3,7,terminal_mid,0.5792017790397102,0.5771869868820059
1473483,2025,14,3,1,-37.41176470588235,10.0,-22.814999999999998,3,7,terminal_mid,0.5699504341271819,0.5683163605596872
1473483,2025,14,4,1,-37.41176470588235,10.125,-22.75999999999999,3,7,terminal_mid,0.5634594785841326,0.5620943627533933
1473483,2025,14,5,1,-37.41176470588235,10.451612903225806,-23.704999999999984,3,7,terminal_mid,0.5156227912217983,0.5162685806003219
1473483,2025,14,6,1,-37.41176470588235,10.6,-23.650000000000006,3,7,terminal_mid,0.5100205767329395,0.5109032565317773
1473483,2025,14,7,1,-37.41176470588235,10.137931034482758,-20.595,3,7,terminal_mid,0.6023498821006044,0.5993992181000064
1473483,2025,15,1,1,-37.41176470588235,9.931034482758621,-19.595,3,7,terminal_mid,0.641635538354086,0.6377370855333612
1473483,2025,15,2,1,-37.41176470588235,10.071428571428571,-19.539999999999992,3,7,terminal_mid,0.6520348101468352,0.647830936738534
1473483,2025,15,3,1,-37.41176470588235,9.555555555555555,-16.485000000000014,3,7,terminal_mid,0.6856279113035394,0.6804999237347569
1473483,2025,15,4,1,-37.41176470588235,9.461538461538462,-15.430000000000007,3,7,terminal_mid,0.7140391018915622,0.70821880285261
1473483,2025,15,5,1,-37.41176470588235,9.600000000000001,-15.375,3,7,terminal_mid,0.7097075629316854,0.7039867877870696
1473483,2025,15,6,1,-37.41176470588235,9.5,-14.319999999999993,3,7,terminal_mid,0.7151301007179205,0.7092850989080026
1473484,2025,7,1,1,30.0,9.272727272727273,16.10833333333335,0,10,terminal_mid,0.86707966735629,0.8308550081784822
1473484,2025,7,2,1,30.0,9.078947368421051,18.36666666666666,0,10,terminal_mid,0.8787922667620964,0.8432423455619994
1473484,2025,7,3,1,30.0,8.879999999999999,20.625,0,10,terminal_mid,0.8937318611945322,0.8593805643934408
1473484,2025,7,4,1,30.0,8.837837837837839,20.88333333333334,0,10,terminal_mid,0.8999495061299219,0.8662217524584823
1473484,2025,7,5,1,30.0,8.876712328767123,20.14166666666665,0,10,terminal_mid,0.9003400750717736,0.8666541302506495
1473484,2025,7,6,1,30.0,8.5,24.39999999999999,0,10,terminal_mid,0.9174331258477058,0.8859124852274264
1473484,2025,8,1,1,30.0,8.535211267605634,23.65833333333333,0,10,terminal_mid,0.9137336468554136,0.8875893903631393
1473484,2025,8,2,1,30.0,8.657142857142857,21.91666666666667,0,10,terminal_mid,0.9128925315566738,0.8866539767238603
1473484,2025,8,3,1,30.0,8.434782608695652,24.174999999999997,0,10,terminal_mid,0.9180387563135243,0.8924003076596236
1473484,2025,8,4,1,30.0,8.470588235294118,23.433333333333337,0,10,terminal_mid,0.9172953689138492,0.891566759341623
1473484,2025,8,5,1,30.0,8.597014925373134,21.691666666666663,0,10,terminal_mid,0.9170950327934221,0.8913423300013587
1473484,2025,8,6,1,30.0,8.727272727272727,19.950000000000003,0,10,terminal_mid,0.9130697309107316,0.8868509216990954
1473484,2025,9,1,1,30.0,8.307692307692307,24.20833333333333,0,10,terminal_mid,0.9320379186450363,0.9050259574586796
1473484,2025,9,2,1,30.0,8.0625,26.46666666666667,0,10,terminal_mid,0.9366505431446466,0.9103969439508599
1473484,2025,9,3,1,30.0,7.619047619047619,30.72500000000001,0,10,terminal_mid,0.9659928278214207,0.9466055123033232
1473484,2025,9,4,1,30.0,7.35483870967742,32.98333333333335,0,10,terminal_mid,0.9739203261803461,0.9572391586903871
1473484,2025,9,5,1,30.0,7.081967213114754,35.24166666666666,0,10,terminal_mid,0.9802798387368612,0.9661796754461076
1473484,2025,9,6,1,30.0,6.6000000000000005,39.5,0,10,terminal_mid,0.9857349722288518,0.9742469136846323
1473484,2025,10,1,1,30.0,6.610169491525424,38.75833333333334,0,10,terminal_mid,0.9858817708020469,0.979083494484521
1473484,2025,10,2,1,30.0,6.1034482758620685,43.01666666666668,0,10,terminal_mid,0.9873832304937756,0.981073862169747
1473484,2025,10,3,1,30.0,6.105263157894737,42.27499999999999,0,10,terminal_mid,0.9880042399484845,0.9819049081149595
1473484,2025,10,4,1,30.0,6.214285714285715,40.53333333333333,0,10,terminal_mid,0.9879696908065312,0.9818585464694675
1473484,2025,10,5,1,30.0,6.1090909090909085,40.79166666666666,0,10,terminal_mid,0.9880482612473735,0.981964002654379
1473484,2025,10,6,1,30.0,6.111111111111112,40.05,0,10,terminal_mid,0.9879284918052975,0.9818032812769822
1473484,2025,11,1,1,30.0,5.773584905660377,42.30833333333334,0,10,terminal_mid,0.9884977497882488,0.9843963231496995
1473484,2025,11,2,1,30.0,5.1923076923076925,46.56666666666666,0,10,terminal_mid,0.9894025331432831,0.9855179583119346
1473484,2025,11,3,1,30.0,5.176470588235294,45.825,0,10,terminal_mid,0.9895639518341546,0.9857189729115395
1473484,2025,11,4,1,30.0,5.28,44.08333333333334,0,10,terminal_mid,0.989975035195257,0.986232198390426
1473484,2025,11,5,1,30.0,5.387755102040816,33.807499999999976,1,9,terminal_mid,0.9907070287321619,0.9871509213768497
1473484,2025,11,6,1,30.0,5.0,36.24000000000001,1,9,terminal_mid,0.9841306783238435,0.9790867717567321
1473484,2025,12,1,1,30.0,5.1063829787234045,34.672500000000014,1,9,terminal_mid,0.9865213789335816,0.9826134689647674
1473484,2025,12,2,1,30.0,5.086956521739131,34.10499999999999,1,9,terminal_mid,0.987408380944101,0.9836768114479408
1473484,2025,12,3,1,30.0,5.2,24.700000000000017,2,8,terminal_mid,0.9840807814159831,0.9797139941200168
1473484,2025,12,4,1,30.0,5.045454545454546,25.306666666666672,2,8,terminal_mid,0.9838378086075465,0.9794272810016148
1473484,2025,12,5,1,30.0,5.023255813953488,24.913333333333327,2,8,terminal_mid,0.9856702573690679,0.9815981189914862
1473484,2025,12,6,1,30.0,5.142857142857142,23.52000000000001,2,8,terminal_mid,0.9872767346988944,0.9835186445985235
1473484,2025,13,1,1,30.0,4.975609756097561,24.126666666666694,2,8,terminal_mid,0.9872466700191803,0.9847576645446761
1473484,2025,13,2,1,30.0,4.800000000000001,24.73333333333332,2,8,terminal_mid,0.9878806722102116,0.9854809110515736
1473484,2025,13,3,1,30.0,4.923076923076923,23.340000000000003,2,8,terminal_mid,0.9891309175779956,0.9869126132570941
1473484,2025,13,4,1,30.0,4.894736842105263,22.946666666666687,2,8,terminal_mid,0.98885900760437,0.9866005930839571
1473484,2025,13,5,1,30.0,4.54054054054054,24.55333333333334,2,8,terminal_mid,0.9897902285170639,0.9876707592649611
1473484,2025,13,6,1,30.0,4.5,24.159999999999997,2,8,terminal_mid,0.9895867942689561,0.9874365850438873
1473484,2025,14,1,1,30.0,3.942857142857143,26.76666666666668,2,8,terminal_mid,0.989520336768174,0.9873959447085954
1473484,2025,14,2,1,30.0,4.0588235294117645,25.373333333333335,2,8,terminal_mid,0.9900811738391538,0.9880414200617754
1473484,2025,14,3,1,30.0,3.090909090909091,29.97999999999999,2,8,terminal_mid,0.9903554756064537,0.9883577208708225
1473484,2025,14,4,1,30.0,2.8125,30.586666666666673,2,8,terminal_mid,0.9904903037917092,0.9885133429104856
1473484,2025,14,5,1,30.0,2.903225806451613,29.193333333333328,2,8,terminal_mid,0.9910102225289763,0.9891144019322505
1473484,2025,14,6,1,30.0,2.1999999999999997,31.799999999999983,2,8,terminal_mid,0.9912390462410084,0.9893794332595642
1473484,2025,15,1,1,30.0,2.0689655172413794,31.406666666666666,2,8,terminal_mid,0.991587460069116,0.9901356249502057
1473484,2025,15,2,1,30.0,1.9285714285714288,31.01333333333332,2,8,terminal_mid,0.9916503379324024,0.9902067284706045
1473484,2025,15,3,1,30.0,1.1111111111111112,33.620000000000005,2,8,terminal_mid,0.9920572742924026,0.9906673839308973
1473484,2025,15,4,1,30.0,0.9230769230769231,33.22666666666666,2,8,terminal_mid,0.9921303584788075,0.9907502066131528
1473484,2025,15,5,1,30.0,-0.48,37.83333333333334,2,8,terminal_mid,0.9870879398336188,0.9850913331680855
1473485,2025,7,1,0,6.666666666666657,11.064935064935064,-49.36999999999999,3,7,terminal_mid,0.10080629000726879,0.1298260052188375
1473485,2025,7,2,0,6.666666666666657,11.210526315789474,-50.56,3,7,terminal_mid,0.09525644755710858,0.1238483836002523
1473485,2025,7,3,0,6.666666666666657,10.879999999999999,-45.75,3,7,terminal_mid,0.11690900699891513,0.14684883897894174
1473485,2025,7,4,0,6.666666666666657,10.945945945945946,-45.94,3,7,terminal_mid,0.11308750592185211,0.14284941898381656
1473485,2025,7,5,0,6.666666666666657,11.095890410958905,-47.13000000000001,3,7,terminal_mid,0.11625864676906422,0.14616988111042775
1473485,2025,7,6,0,6.666666666666657,11.166666666666668,-47.32000000000002,3,7,terminal_mid,0.11356227168874578,0.14334759613563877
1473485,2025,8,1,0,6.666666666666657,11.23943661971831,-47.51000000000002,3,7,terminal_mid,0.11452987571428522,0.14097568077253786
1473485,2025,8,2,0,6.666666666666657,11.314285714285713,-47.7,3,7,terminal_mid,0.10833071603168495,0.1344382854832501
1473485,2025,8,3,0,6.666666666666657,11.130434782608695,-44.89,3,7,terminal_mid,0.1414818111435378,0.16879272332353265
1473485,2025,8,4,0,6.666666666666657,10.941176470588236,-42.08000000000001,3,7,terminal_mid,0.14824427363310344,0.1756357045970777
1473485,2025,8,5,0,6.666666666666657,11.104477611940299,-43.269999999999996,3,7,terminal_mid,0.1462434894406086,0.17361628636287846
1473485,2025,8,6,0,6.666666666666657,10.727272727272727,-38.459999999999994,3,7,terminal_mid,0.18630185506732952,0.21331010259839855
1473485,2025,9,1,0,6.666666666666657,10.8,-38.650000000000006,3,7,terminal_mid,0.17775870740881533,0.2168925718192606
1473485,2025,9,2,0,6.666666666666657,10.875,-38.84,3,7,terminal_mid,0.1809931124617422,0.2200914157424773
1473485,2025,9,3,0,6.666666666666657,10.952380952380953,-39.03,3,7,terminal_mid,0.1694950419427869,0.20866700801698615
1473485,2025,9,4,0,6.666666666666657,11.032258064516128,-39.22,3,7,terminal_mid,0.18002045488443522,0.21913064189626597
1473485,2025,9,5,0,6.666666666666657,11.213114754098362,-40.410000000000025,3,7,terminal_mid,0.16276558647549588,0.20190991913204853
1473485,2025,9,6,0,6.666666666666657,10.8,-35.599999999999994,3,7,terminal_mid,0.2025196460479965,0.24110809047202358
1473485,2025,10,1,0,6.666666666666657,10.881355932203391,-35.79000000000002,3,7,terminal_mid,0.21182977646775195,0.2438712228027778
1473485,2025,10,2,0,6.666666666666657,10.655172413793103,-32.97999999999999,3,7,terminal_mid,0.2383837409628843,0.2698939781086806
1473485,2025,10,3,0,6.666666666666657,10.842105263157896,-34.16999999999999,3,7,terminal_mid,0.22089549197090647,0.25280706817164067
1473485,2025,10,4,0,6.666666666666657,10.928571428571429,-34.360000000000014,3,7,terminal_mid,0.2156317232754444,0.24762550324700117
1473485,2025,10,5,0,6.666666666666657,10.690909090909091,-31.55000000000001,3,7,terminal_mid,0.2604903880285343,0.2912347651315149
1473485,2025,10,6,0,6.666666666666657,10.777777777777779,-31.74000000000001,3,7,terminal_mid,0.2550979906771715,0.2860540798791011
1473485,2025,11,1,0,6.666666666666657,10.754716981132075,-30.930000000000007,3,7,terminal_mid,0.264057217013855,0.29647793017647817
1473485,2025,11,2,0,6.666666666666657,10.5,-28.120000000000005,3,7,terminal_mid,0.30702768092478905,0.3382087289733822
1473485,2025,11,3,0,6.666666666666657,10.588235294117647,-28.310000000000002,3,7,terminal_mid,0.30697318568684684,0.3381563177189093
1473485,2025,11,4,0,6.666666666666657,10.8,-29.49999999999997,3,7,terminal_mid,0.30884610695290904,0.3399569238290424
1473485,2025,11,5,0,6.666666666666657,10.89795918367347,-29.689999999999998,3,7,terminal_mid,0.30068132955839255,0.3320968528177806
1473485,2025,11,6,0,6.666666666666657,11.0,-29.879999999999995,3,7,terminal_mid,0.2670683419892802,0.29943030327324255
1473485,2025,11,7,0,6.666666666666657,11.23404255319149,-31.069999999999993,3,7,terminal_mid,0.25088808215478386,0.28351115066628707
1473485,2025,11,8,0,6.666666666666657,10.956521739130434,-28.25999999999999,3,7,terminal_mid,0.3026968410316878,0.3340397076447097
1473485,2025,12,1,0,6.666666666666657,10.595744680851064,-26.069999999999993,3,7,terminal_mid,0.3433508073681787,0.36253078985331616
1473485,2025,12,2,0,6.666666666666657,10.695652173913043,-26.25999999999999,3,7,terminal_mid,0.33964600657165983,0.35899486974648687
1473485,2025,12,3,0,6.666666666666657,10.8,-26.450000000000017,3,7,terminal_mid,0.3452139046368753,0.3643076947159873
1473485,2025,12,4,0,6.666666666666657,11.045454545454545,-27.640000000000015,3,7,terminal_mid,0.316020112489408,0.3363628836818477
1473485,2025,12,5,0,6.666666666666657,11.162790697674419,-27.830000000000013,3,7,terminal_mid,0.29979190855346166,0.32072737490230063
1473485,2025,12,6,0,6.666666666666657,10.857142857142858,-25.02000000000001,3,7,terminal_mid,0.34842786804283166,0.36737101378803666
1473485,2025,12,7,0,6.666666666666657,10.975609756097562,-25.210000000000008,3,7,terminal_mid,0.34869038218986803,0.3676211150558765
1473485,2025,13,1,0,6.666666666666657,10.097560975609756,-19.210000000000008,3,7,terminal_mid,0.43964871417434254,0.44519963637571347
1473485,2025,13,2,0,6.666666666666657,10.350000000000001,-27.200000000000017,4,6,terminal_mid,0.30999748914164965,0.3201806037535826
1473485,2025,13,3,0,6.666666666666657,10.615384615384615,-28.22,4,6,terminal_mid,0.30306137532977717,0.31343087158706173
1473485,2025,13,4,0,6.666666666666657,10.736842105263158,-28.24000000000001,4,6,terminal_mid,0.29203067238076785,0.3026794178086952
1473485,2025,13,5,0,6.666666666666657,10.864864864864865,-28.25999999999999,4,6,terminal_mid,0.30487246233751664,0.31519407642233127
1473485,2025,13,6,0,6.666666666666657,11.166666666666668,-35.400000000000006,5,5,terminal_mid,0.16493256065743622,0.17676838768014727
1473485,2025,14,1,0,6.666666666666657,11.314285714285713,-35.25,5,5,terminal_mid,0.1816183532197027,0.19206383952565162
1473485,2025,14,2,0,6.666666666666657,11.470588235294118,-35.10000000000002,5,5,terminal_mid,0.16090234495076475,0.1712780532928947
1473485,2025,14,3,0,6.666666666666657,11.818181818181818,-35.95000000000002,5,5,terminal_mid,0.16196747524339164,0.1723503783501277
1473485,2025,14,4,0,6.666666666666657,12.0,-35.80000000000001,5,5,terminal_mid,0.16234950720166524,0.17273489144319162
1473485,2025,14,5,0,6.666666666666657,12.387096774193548,-36.650000000000006,5,5,terminal_mid,0.1476861633057899,0.15793747931723673
1473485,2025,14,6,0,6.666666666666657,12.600000000000001,-36.5,5,5,terminal_mid,0.15199765334923737,0.16229686072621646
1473485,2025,14,7,0,6.666666666666657,12.206896551724137,-33.349999999999994,5,5,terminal_mid,0.16250455393059268,0.17289093021396254
1473485,2025,15,1,0,6.666666666666657,12.206896551724137,-33.349999999999994,5,5,terminal_mid,0.19340696773395732,0.20166670709396872
1473485,2025,15,2,0,6.666666666666657,12.642857142857142,-38.95999999999998,6,4,terminal_mid,0.07684667056342753,0.08335993647943923
1473485,2025,15,3,0,6.666666666666657,13.11111111111111,-39.640000000000015,6,4,terminal_mid,0.06563600688091134,0.07165921439904123
1473485,2025,15,4,0,6.666666666666657,13.615384615384615,-40.31999999999999,6,4,terminal_mid,0.05725991752317061,0.06285947664670426
1473485,2025,15,5,0,6.666666666666657,13.919999999999998,-40.0,6,4,terminal_mid,0.06224093777684632,0.06809877626651738
1473485,2025,15,6,0,6.666666666666657,14.25,-39.67999999999998,6,4,terminal_mid,0.05788886718133903,0.06352210800393969
1473486,2025,7,1,1,26.28125,10.441558441558442,-23.27499999999999,1,9,terminal_mid,0.5881701948953286,0.5709167690218453
1473486,2025,7,2,1,26.28125,10.263157894736842,-20.700000000000003,1,9,terminal_mid,0.6429389594942535,0.6188933982216128
1473486,2025,7,3,1,26.28125,10.32,-21.125,1,9,terminal_mid,0.6355566005631429,0.6123798914825179
1473486,2025,7,4,1,26.28125,10.378378378378379,-21.549999999999997,1,9,terminal_mid,0.6342817080025807,0.6112567052534756
1473486,2025,7,5,1,26.28125,10.438356164383562,-21.97500000000001,1,9,terminal_mid,0.6312547297340645,0.6085918241868306
1473486,2025,7,6,1,26.28125,10.25,-19.39999999999999,1,9,terminal_mid,0.6572494498637622,0.6315691345496056
1473486,2025,8,1,1,26.28125,10.394366197183098,-20.825000000000003,1,9,terminal_mid,0.6469270384476247,0.6279938437560858
1473486,2025,8,2,1,26.28125,10.457142857142857,-21.25,1,9,terminal_mid,0.6410020743575532,0.6226701074730757
1473486,2025,8,3,1,26.28125,10.26086956521739,-18.67500000000001,1,9,terminal_mid,0.6716621579860417,0.6503267346262525
1473486,2025,8,4,1,26.28125,9.882352941176471,-14.099999999999994,1,9,terminal_mid,0.7115837189698389,0.6868064964501384
1473486,2025,8,5,1,26.28125,9.940298507462686,-14.524999999999991,1,9,terminal_mid,0.706548170825094,0.6821712188553439
1473486,2025,8,6,1,26.28125,10.0,-14.949999999999974,1,9,terminal_mid,0.7019102732463147,0.6779112170410841
1473486,2025,9,1,1,26.28125,10.153846153846153,-16.374999999999986,1,9,terminal_mid,0.6929524409721741,0.6717060941544639
1473486,2025,9,2,1,26.28125,10.21875,-16.799999999999997,1,9,terminal_mid,0.6888380883754639,0.6680737926718386
1473486,2025,9,3,1,26.28125,10.380952380952381,-18.224999999999994,1,9,terminal_mid,0.6917260505428646,0.6706227159878597
1473486,2025,9,4,1,26.28125,10.451612903225806,-18.64999999999999,1,9,terminal_mid,0.6901775621849996,0.6692556229968664
1473486,2025,9,5,1,26.28125,10.22950819672131,-16.075000000000003,1,9,terminal_mid,0.7103300847752323,0.687122400438441
1473486,2025,9,6,1,26.28125,10.299999999999999,-16.500000000000014,1,9,terminal_mid,0.7053451281142713,0.6826872073735331
1473486,2025,10,1,1,26.28125,10.372881355932204,-16.924999999999997,1,9,terminal_mid,0.6985148831458687,0.6893258406113842
1473486,2025,10,2,1,26.28125,10.448275862068966,-17.349999999999994,1,9,terminal_mid,0.6956577260200867,0.6867256683116211
1473486,2025,10,3,1,26.28125,10.0,-12.775000000000006,1,9,terminal_mid,0.7307837553425258,0.718846894709431
1473486,2025,10,4,1,26.28125,10.178571428571429,-14.199999999999989,1,9,terminal_mid,0.7273884313382475,0.7157261317037777
1473486,2025,10,5,1,26.28125,10.254545454545454,-14.625,1,9,terminal_mid,0.725145733658364,0.7136668012391402
1473486,2025,10,6,1,26.28125,10.333333333333334,-15.049999999999997,1,9,terminal_mid,0.7218895784316528,0.7106796600257551
1473486,2025,10,7,1,26.28125,10.075471698113208,-12.475000000000009,1,9,terminal_mid,0.7372879012730649,0.7248356642870061
1473486,2025,11,1,1,26.28125,9.962264150943398,-11.475000000000009,1,9,terminal_mid,0.7397335903664106,0.7365099731198663
1473486,2025,11,2,1,26.28125,10.153846153846153,-12.899999999999991,1,9,terminal_mid,0.7311311874109496,0.7285909172630362
1473486,2025,11,3,1,26.28125,10.235294117647058,-13.324999999999989,1,9,terminal_mid,0.7247653105737326,0.7227406734746225
1473486,2025,11,4,1,26.28125,10.32,-13.75,1,9,terminal_mid,0.7161387256786442,0.7148253285792556
1473486,2025,11,5,1,26.28125,10.408163265306122,-14.175000000000011,1,9,terminal_mid,0.7208642939546284,0.7191595666571722
1473486,2025,11,6,1,26.28125,10.5,-14.59999999999998,1,9,terminal_mid,0.7160639266422627,0.7147567562368036
1473486,2025,12,1,1,26.28125,10.72340425531915,-16.02499999999999,1,9,terminal_mid,0.7262398180089777,0.7205205687995528
1473486,2025,12,2,1,26.28125,10.826086956521738,-16.450000000000003,1,9,terminal_mid,0.7080312465094096,0.7033878809077023
1473486,2025,12,3,1,26.28125,10.933333333333334,-16.875,1,9,terminal_mid,0.7018666725791378,0.6976008158749888
1473486,2025,12,4,1,26.28125,10.363636363636363,-12.300000000000011,1,9,terminal_mid,0.7493179383301058,0.742331417553955
1473486,2025,12,5,1,26.28125,10.465116279069768,-12.724999999999994,1,9,terminal_mid,0.7456786137221274,0.7388840217672717
1473486,2025,12,6,1,26.28125,10.714285714285715,-20.799999999999983,2,8,terminal_mid,0.6384802230105535,0.6383929703961114
1473486,2025,13,1,1,26.28125,10.829268292682928,-21.066666666666663,2,8,terminal_mid,0.6758825302410545,0.6713139774419287
1473486,2025,13,2,1,26.28125,10.95,-21.333333333333343,2,8,terminal_mid,0.6503018037588666,0.6467214180915274
1473486,2025,13,3,1,26.28125,10.307692307692307,-16.599999999999994,2,8,terminal_mid,0.7333130997970034,0.7268048487510558
1473486,2025,13,4,1,26.28125,10.263157894736842,-15.866666666666646,2,8,terminal_mid,0.7516155053875151,0.7445934116209967
1473486,2025,13,5,1,26.28125,9.891891891891891,-13.133333333333326,2,8,terminal_mid,0.7685885290014793,0.7611455452007381
1473486,2025,13,6,1,26.28125,10.0,-13.400000000000006,2,8,terminal_mid,0.7696344985342458,0.7621674763536811
1473486,2025,14,1,1,26.28125,10.114285714285714,-13.666666666666657,2,8,terminal_mid,0.7664432577094697,0.7583036922990767
1473486,2025,14,2,1,26.28125,9.705882352941178,-10.933333333333337,2,8,terminal_mid,0.8110783074062856,0.802303991104412
1473486,2025,14,3,1,26.28125,10.0,-17.42500000000001,3,7,terminal_mid,0.6921522257497481,0.6859445808186131
1473486,2025,14,4,1,26.28125,10.3125,-18.53333333333333,3,7,terminal_mid,0.688711632064543,0.6826136606531591
1473486,2025,14,5,1,26.28125,10.451612903225806,-18.64166666666665,3,7,terminal_mid,0.687208921182955,0.6811593158520443
1473486,2025,14,6,1,26.28125,10.4,-17.75,3,7,terminal_mid,0.7234994744043833,0.716367009479685
1473486,2025,15,1,1,26.28125,9.517241379310345,-12.85833333333332,3,7,terminal_mid,0.7984497642908855,0.7912461123996879
1473486,2025,15,2,1,26.28125,9.857142857142858,-13.966666666666669,3,7,terminal_mid,0.7917648676918498,0.7846249976704553
1473486,2025,15,3,1,26.28125,10.0,-14.075000000000017,3,7,terminal_mid,0.7969072315469038,0.7897174713841009
1473486,2025,15,4,1,26.28125,10.153846153846153,-14.183333333333337,3,7,terminal_mid,0.7993793042439897,0.7921675242635973
1473486,2025,15,5,1,26.28125,10.08,-13.291666666666657,3,7,terminal_mid,0.7940452892329043,0.7868826218907264
1473486,2025,15,6,1,26.28125,10.25,-13.400000000000006,3,7,terminal_mid,0.7936520250419605,0.7864932131352004
1473487,2025,7,1,0,35.69230769230768,12.0,-97.30333333333331,6,4,terminal_mid,0.008836696729410187,0.01663649701240381
1473487,2025,7,2,0,35.69230769230768,12.157894736842104,-98.02666666666664,6,4,terminal_mid,0.009095951876019186,0.017051961963622932
1473487,2025,7,3,0,35.69230769230768,12.32,-98.75,6,4,terminal_mid,0.008617929110798294,0.016284468344495297
1473487,2025,7,4,0,35.69230769230768,12.486486486486488,-99.47333333333333,6,4,terminal_mid,0.007918102282382045,0.015148995712503187
1473487,2025,7,5,0,35.69230769230768,12.575342465753424,-99.19666666666669,6,4,terminal_mid,0.007773946436697822,0.01491324728004719
1473487,2025,7,6,0,35.69230769230768,12.666666666666668,-98.92000000000002,6,4,terminal_mid,0.007659970353109708,0.014726385408357226
1473487,2025,8,1,0,35.69230769230768,12.760563380281688,-98.64333333333332,6,4,terminal_mid,0.007121406886201513,0.01273884627365282
1473487,2025,8,2,0,35.69230769230768,12.857142857142858,-98.36666666666665,6,4,terminal_mid,0.007035942967971149,0.012605079159883145
1473487,2025,8,3,0,35.69230769230768,12.521739130434781,-93.09,6,4,terminal_mid,0.008566624040923985,0.014971315372938757
1473487,2025,8,4,0,35.69230769230768,12.617647058823529,-92.81333333333333,6,4,terminal_mid,0.008389713103798742,0.014700851881321076
1473487,2025,8,5,0,35.69230769230768,12.71641791044776,-92.53666666666666,6,4,terminal_mid,0.007795033740292933,0.013786117197458316
1473487,2025,8,6,0,35.69230769230768,12.909090909090908,-105.195,7,3,terminal_mid,0.005461670020547111,0.010100040596411806
1473487,2025,9,1,0,35.69230769230768,13.107692307692307,-105.73750000000001,7,3,terminal_mid,0.005501930411014669,0.012020806126169143
1473487,2025,9,2,0,35.69230769230768,13.3125,-106.28,7,3,terminal_mid,0.005585234155538796,0.012174779350056668
1473487,2025,9,3,0,35.69230769230768,13.142857142857144,-102.82250000000002,7,3,terminal_mid,0.005704479306839211,0.012394555519547745
1473487,2025,9,4,0,35.69230769230768,13.258064516129032,-102.36499999999998,7,3,terminal_mid,0.005692196331134186,0.012371951015364202
1473487,2025,9,5,0,35.69230769230768,13.475409836065573,-102.9075,7,3,terminal_mid,0.005553498693321987,0.012116164619885468
1473487,2025,9,6,0,35.69230769230768,13.6,-102.44999999999999,7,3,terminal_mid,0.005187899239433045,0.011437007240756952
1473487,2025,10,1,0,35.69230769230768,13.830508474576272,-102.9925,7,3,terminal_mid,0.005082370495804824,0.009198757972571662
1473487,2025,10,2,0,35.69230769230768,14.068965517241377,-103.535,7,3,terminal_mid,0.004859791745293373,0.008838699982914972
1473487,2025,10,3,0,35.69230769230768,14.315789473684209,-104.07750000000001,7,3,terminal_mid,0.004602047413160303,0.00841944799225931
1473487,2025,10,4,0,35.69230769230768,14.142857142857142,-100.62,7,3,terminal_mid,0.005109507574785662,0.009242534941569396
1473487,2025,10,5,0,35.69230769230768,14.399999999999999,-101.16250000000002,7,3,terminal_mid,0.004468775860472943,0.00820164880575341
1473487,2025,10,6,0,35.69230769230768,14.555555555555557,-100.70499999999998,7,3,terminal_mid,0.004457621638224584,0.008183387573692066
1473487,2025,11,1,0,35.69230769230768,14.830188679245284,-110.83166666666665,8,2,terminal_mid,0.003219046985058776,0.0056496218543409605
1473487,2025,11,2,0,35.69230769230768,15.115384615384615,-111.19333333333333,8,2,terminal_mid,0.002569599922243699,0.004599940561181247
1473487,2025,11,3,0,35.69230769230768,15.176470588235293,-109.555,8,2,terminal_mid,0.0031628432079432453,0.00555959151077393
1473487,2025,11,4,0,35.69230769230768,15.24,-107.91666666666666,8,2,terminal_mid,0.0032102889808351184,0.00563560215542177
1473487,2025,11,5,0,35.69230769230768,15.551020408163264,-117.13916666666668,9,1,terminal_mid,0.0026214084530241082,0.004684480763349123
1473487,2025,11,6,0,35.69230769230768,15.875,-117.32,9,1,terminal_mid,0.002001209244620273,0.0036616437880798965
1473487,2025,12,1,0,35.69230769230768,16.212765957446805,-117.50083333333333,9,1,terminal_mid,0.0017368794019741425,0.0028026075513065125
1473487,2025,12,2,0,35.69230769230768,15.782608695652176,-111.68166666666667,9,1,terminal_mid,0.0019304108774318993,0.0030918199805711564
1473487,2025,12,3,0,35.69230769230768,15.333333333333332,-105.86250000000001,9,1,terminal_mid,0.0034188841311232733,0.0052589426559944506
1473487,2025,12,4,0,35.69230769230768,15.681818181818183,-106.04333333333335,9,1,terminal_mid,0.003188790258754756,0.00492933348714117
1473487,2025,12,5,0,35.69230769230768,15.906976744186046,-105.22416666666666,9,1,terminal_mid,0.002349027869628227,0.003710594502324108
1473487,2025,12,6,0,35.69230769230768,16.285714285714285,-105.405,9,1,terminal_mid,0.0018837406603895422,0.0030222735315719065
1473487,2025,13,1,0,35.69230769230768,16.68292682926829,-105.58583333333334,9,1,terminal_mid,0.0016093154275904434,0.0021635183724070524
1473487,2025,13,2,0,35.69230769230768,16.950000000000003,-104.76666666666668,9,1,terminal_mid,0.0016068516124179719,0.0021603543967763884
1473487,2025,13,3,0,35.69230769230768,17.23076923076923,-103.94750000000002,9,1,terminal_mid,0.001534799380933975,0.0020677279595332967
1473487,2025,13,4,0,35.69230769230768,17.05263157894737,-100.12833333333333,9,1,terminal_mid,0.0016338788009644127,0.002195050166149882
1473487,2025,13,5,0,35.69230769230768,17.351351351351354,-99.30916666666667,9,1,terminal_mid,0.0015976601903515927,0.0021485490401727783
1473487,2025,13,6,0,35.69230769230768,17.833333333333336,-99.48999999999998,9,1,terminal_mid,0.0015537823712261237,0.0020921501852096693
1473487,2025,14,1,0,35.69230769230768,18.17142857142857,-98.67083333333332,9,1,terminal_mid,0.0015849640009160265,0.0020903671518292225
1473487,2025,14,2,0,35.69230769230768,18.529411764705884,-97.85166666666666,9,1,terminal_mid,0.0015458227993874734,0.0020409222567841652
1473487,2025,14,3,0,35.69230769230768,19.09090909090909,-98.0325,9,1,terminal_mid,0.0016103598394895619,0.0021224200685067843
1473487,2025,14,4,0,35.69230769230768,19.6875,-98.21333333333334,9,1,terminal_mid,0.0015877072704983243,0.002093830582513427
1473487,2025,14,5,0,35.69230769230768,20.322580645161292,-98.39416666666665,9,1,terminal_mid,0.0015695384511167515,0.002070887272451673
1473487,2025,14,6,0,35.69230769230768,21.0,-98.57499999999999,9,1,terminal_mid,0.0017226847547463986,0.002263932329317656
1473487,2025,15,1,0,35.69230769230768,21.724137931034484,-98.75583333333333,9,1,terminal_mid,0.0019816764658916147,0.0024600062637664126
1473487,2025,15,2,0,35.69230769230768,22.5,-98.93666666666667,9,1,terminal_mid,0.0021667334502614532,0.00268138473341162
1473487,2025,15,3,0,35.69230769230768,23.11111111111111,-98.1175,9,1,terminal_mid,0.002280425292042497,0.0028170570390433696
1473487,2025,15,4,0,35.69230769230768,23.76923076923077,-97.29833333333332,9,1,terminal_mid,0.0023636657524182285,0.002916238707329781
1473487,2025,15,5,0,35.69230769230768,24.48,-96.47916666666666,9,1,terminal_mid,0.0023636493655909635,0.0029162191945758397
1473487,2025,15,6,0,35.69230769230768,25.25,-95.66,9,1,terminal_mid,0.002337393389360118,0.0028849485070972895
1473488,2025,7,1,0,42.678571428571416,12.545454545454545,-30.64,1,9,terminal_mid,0.14373653649610152,0.17431189161737667
1473488,2025,7,2,0,42.678571428571416,12.394736842105264,-28.320000000000007,1,9,terminal_mid,0.1676607543765531,0.19803526012753817
1473488,2025,7,3,0,42.678571428571416,12.400000000000002,-28.0,1,9,terminal_mid,0.17894986008544422,0.20901942380035693
1473488,2025,7,4,0,42.678571428571416,12.567567567567568,-29.679999999999993,1,9,terminal_mid,0.1713303389621028,0.2016194255924227
1473488,2025,7,5,0,42.678571428571416,12.493150684931507,-28.36,1,9,terminal_mid,0.18508203770120146,0.21493542264537135
1473488,2025,7,6,0,42.678571428571416,12.583333333333334,-29.039999999999992,1,9,terminal_mid,0.17924840861245567,0.20930824689457708
1473488,2025,8,1,0,42.678571428571416,12.676056338028168,-29.72,1,9,terminal_mid,0.17639001495496376,0.20362275781696398
1473488,2025,8,2,0,42.678571428571416,12.771428571428572,-30.39999999999999,1,9,terminal_mid,0.1717855039459747,0.19909444533781306
1473488,2025,8,3,0,42.678571428571416,12.956521739130434,-32.08000000000001,1,9,terminal_mid,0.1500057939421855,0.17741010641483992
1473488,2025,8,4,0,42.678571428571416,13.058823529411764,-32.75999999999999,1,9,terminal_mid,0.14793566479168976,0.17532450086213633
1473488,2025,8,5,0,42.678571428571416,13.164179104477611,-33.43999999999998,1,9,terminal_mid,0.14179653449363006,0.16911231318807687
1473488,2025,8,6,0,42.678571428571416,13.272727272727272,-34.119999999999976,1,9,terminal_mid,0.13315383889446886,0.16029451910188278
1473488,2025,8,7,0,42.678571428571416,13.384615384615385,-34.79999999999998,1,9,terminal_mid,0.12427609973078338,0.15114260838502871
1473488,2025,9,1,0,42.678571428571416,13.384615384615385,-34.79999999999998,1,9,terminal_mid,0.12283259731955544,0.1605534521448995
1473488,2025,9,2,0,42.678571428571416,13.40625,-34.480000000000004,1,9,terminal_mid,0.1270646851051444,0.16505152197213888
1473488,2025,9,3,0,42.678571428571416,13.619047619047619,-47.91999999999999,2,8,terminal_mid,0.062424763120651885,0.09212388509581491
1473488,2025,9,4,0,42.678571428571416,13.741935483870968,-48.41333333333333,2,8,terminal_mid,0.0703928346717125,0.10171823552175975
1473488,2025,9,5,0,42.678571428571416,13.868852459016395,-48.90666666666664,2,8,terminal_mid,0.07251675232940208,0.10423938470965778
1473488,2025,9,6,0,42.678571428571416,14.0,-49.400000000000006,2,8,terminal_mid,0.06536204658214352,0.09568664828224538
1473488,2025,10,1,0,42.678571428571416,14.23728813559322,-50.893333333333345,2,8,terminal_mid,0.0589628035344619,0.08052756638786475
1473488,2025,10,2,0,42.678571428571416,14.379310344827587,-51.386666666666656,2,8,terminal_mid,0.054043384860959616,0.0746153516827078
1473488,2025,10,3,0,42.678571428571416,14.0,-46.879999999999995,2,8,terminal_mid,0.09187766112050882,0.11855013544992186
1473488,2025,10,4,0,42.678571428571416,14.142857142857142,-47.373333333333335,2,8,terminal_mid,0.08688181902440016,0.1129258666785637
1473488,2025,10,5,0,42.678571428571416,13.745454545454546,-42.866666666666674,2,8,terminal_mid,0.11347988106975171,0.14238404545240455
1473488,2025,10,6,0,42.678571428571416,13.88888888888889,-43.359999999999985,2,8,terminal_mid,0.1097745627756617,0.13834764345476722
1473488,2025,11,1,0,42.678571428571416,14.150943396226417,-44.85333333333335,2,8,terminal_mid,0.09959793854906884,0.12565928044149594
1473488,2025,11,2,0,42.678571428571416,14.307692307692307,-45.346666666666664,2,8,terminal_mid,0.09614263468297621,0.12178039661766404
1473488,2025,11,3,0,42.678571428571416,13.882352941176471,-40.839999999999975,2,8,terminal_mid,0.14917763168267945,0.1796416817147384
1473488,2025,11,4,0,42.678571428571416,14.16,-42.333333333333314,2,8,terminal_mid,0.13917137385453465,0.16897043806185646
1473488,2025,11,5,0,42.678571428571416,14.326530612244898,-42.826666666666654,2,8,terminal_mid,0.1340588108881688,0.163478333974763
1473488,2025,11,6,0,42.678571428571416,14.5,-43.31999999999999,2,8,terminal_mid,0.12229640786276053,0.15073348876419151
1473488,2025,12,1,0,42.678571428571416,14.680851063829786,-43.81333333333333,2,8,terminal_mid,0.11398429310631959,0.1336039257286161
1473488,2025,12,2,0,42.678571428571416,14.478260869565219,-41.30666666666667,2,8,terminal_mid,0.13879215113458654,0.15979333517944874
1473488,2025,12,3,0,42.678571428571416,14.0,-36.79999999999998,2,8,terminal_mid,0.17750639578777913,0.1997294081717436
1473488,2025,12,4,0,42.678571428571416,14.181818181818183,-37.29333333333332,2,8,terminal_mid,0.1719331175054743,0.19404136280179626
1473488,2025,12,5,0,42.678571428571416,14.372093023255813,-37.78666666666669,2,8,terminal_mid,0.15299685242170452,0.17456648081021342
1473488,2025,12,6,0,42.678571428571416,14.57142857142857,-38.28,2,8,terminal_mid,0.15417424882277914,0.17578441314347604
1473488,2025,13,1,0,42.678571428571416,14.926829268292682,-39.77333333333331,2,8,terminal_mid,0.13850736225930904,0.1499423167571966
1473488,2025,13,2,0,42.678571428571416,15.149999999999999,-40.26666666666668,2,8,terminal_mid,0.13168219142306858,0.1429636335368885
1473488,2025,13,3,0,42.678571428571416,15.384615384615387,-40.75999999999999,2,8,terminal_mid,0.11122661660256332,0.12190741226976347
1473488,2025,13,4,0,42.678571428571416,15.631578947368421,-41.25333333333333,2,8,terminal_mid,0.10705376085759957,0.1175838234112465
1473488,2025,13,5,0,42.678571428571416,15.891891891891891,-41.74666666666667,2,8,terminal_mid,0.08371532540770624,0.09319854393200357
1473488,2025,13,6,0,42.678571428571416,16.333333333333336,-43.24000000000001,2,8,terminal_mid,0.07966646227205007,0.08892891225750973
1473488,2025,14,1,0,42.678571428571416,16.628571428571426,-43.73333333333332,2,8,terminal_mid,0.07101867713282731,0.07889930335135845
1473488,2025,14,2,0,42.678571428571416,16.941176470588236,-44.22666666666666,2,8,terminal_mid,0.06316350517643943,0.07058547997759139
1473488,2025,14,3,0,42.678571428571416,16.727272727272727,-41.72,2,8,terminal_mid,0.07228062897515816,0.08023007167983397
1473488,2025,14,4,0,42.678571428571416,17.0625,-42.21333333333331,2,8,terminal_mid,0.06242853238374939,0.06980479595749559
1473488,2025,14,5,0,42.678571428571416,17.41935483870968,-42.70666666666668,2,8,terminal_mid,0.05823258181742966,0.06533811693990546
1473488,2025,14,6,0,42.678571428571416,17.2,-40.20000000000002,2,8,terminal_mid,0.07628949460413871,0.08444912264268441
1473488,2025,14,7,0,42.678571428571416,17.793103448275865,-47.106666666666655,3,7,terminal_mid,0.03284346263390341,0.03788392563605831
1473488,2025,15,1,0,42.678571428571416,17.586206896551722,-46.106666666666655,3,7,terminal_mid,0.043062129700413815,0.04780955386587698
1473488,2025,15,2,0,42.678571428571416,18.0,-46.41333333333333,3,7,terminal_mid,0.035459238953553296,0.03966656113018554
1473488,2025,15,3,0,42.678571428571416,18.666666666666668,-52.75999999999999,4,6,terminal_mid,0.017707653999682008,0.020333767394832444
1473488,2025,15,4,0,42.678571428571416,19.153846153846153,-52.879999999999995,4,6,terminal_mid,0.015641006522553274,0.01804284202196266
1473488,2025,15,5,0,42.678571428571416,19.44,-52.0,4,6,terminal_mid,0.014943345845881379,0.017266900549995225
1473488,2025,15,6,0,42.678571428571416,20.0,-52.120000000000005,4,6,terminal_mid,0.012317639220512915,0.014333534154927927
1473489,2025,7,1,0,25.27777777777777,11.064935064935064,-31.659999999999982,2,8,terminal_mid,0.29257372544271854,0.31430859419913837
1473489,2025,7,2,0,25.27777777777777,11.210526315789474,-33.079999999999984,2,8,terminal_mid,0.2633814259611211,0.2879819847247017
1473489,2025,7,3,0,25.27777777777777,11.28,-33.5,2,8,terminal_mid,0.2558735007130307,0.2811443716216735
1473489,2025,7,4,0,25.27777777777777,11.35135135135135,-33.91999999999999,2,8,terminal_mid,0.24572375210914324,0.2718524277042633
1473489,2025,7,5,0,25.27777777777777,11.17808219178082,-31.340000000000018,2,8,terminal_mid,0.3197640093288858,0.3385106173473302
1473489,2025,7,6,0,25.27777777777777,11.25,-31.760000000000005,2,8,terminal_mid,0.30963338912522176,0.3295254020509116
1473489,2025,8,1,0,25.27777777777777,11.32394366197183,-32.17999999999999,2,8,terminal_mid,0.3018178625588931,0.3216393546165597
1473489,2025,8,2,0,25.27777777777777,11.399999999999999,-32.59999999999998,2,8,terminal_mid,0.3034388133210606,0.32311463675630026
1473489,2025,8,3,0,25.27777777777777,11.217391304347826,-30.02000000000001,2,8,terminal_mid,0.3529173423852068,0.36774813605482687
1473489,2025,8,4,0,25.27777777777777,11.294117647058822,-30.439999999999998,2,8,terminal_mid,0.34334719729083685,0.35916929751385845
1473489,2025,8,5,0,25.27777777777777,11.373134328358208,-30.859999999999985,2,8,terminal_mid,0.33966113551466004,0.3558587647729945
1473489,2025,8,6,0,25.27777777777777,11.454545454545455,-31.279999999999987,2,8,terminal_mid,0.3301408582256739,0.3472912054985821
1473489,2025,9,1,0,25.27777777777777,11.538461538461538,-31.700000000000003,2,8,terminal_mid,0.32713905809918054,0.3559715027126872
1473489,2025,9,2,0,25.27777777777777,11.15625,-27.119999999999976,2,8,terminal_mid,0.43428850821242126,0.4493115001003599
1473489,2025,9,3,0,25.27777777777777,11.333333333333332,-28.539999999999992,2,8,terminal_mid,0.4157219241642641,0.43334011795190885
1473489,2025,9,4,0,25.27777777777777,10.935483870967742,-23.959999999999994,2,8,terminal_mid,0.49222079292110155,0.49885401043889005
1473489,2025,9,5,0,25.27777777777777,10.721311475409836,-21.37999999999998,2,8,terminal_mid,0.5180708930526932,0.5208883383318199
1473489,2025,9,6,0,25.27777777777777,10.8,-21.799999999999997,2,8,terminal_mid,0.5150801722496898,0.5183396340143739
1473489,2025,10,1,0,25.27777777777777,10.881355932203391,-22.22,2,8,terminal_mid,0.5149551328156046,0.5245578032202494
1473489,2025,10,2,0,25.27777777777777,10.448275862068966,-17.639999999999986,2,8,terminal_mid,0.5610375353135186,0.5657207856000538
1473489,2025,10,3,0,25.27777777777777,10.421052631578949,-17.060000000000002,2,8,terminal_mid,0.5694794342166933,0.5732609831866359
1473489,2025,10,4,0,25.27777777777777,10.178571428571429,-14.480000000000018,2,8,terminal_mid,0.586093690206386,0.5881073740235387
1473489,2025,10,5,0,25.27777777777777,10.254545454545454,-14.900000000000006,2,8,terminal_mid,0.59075875010127,0.5922783835252463
1473489,2025,10,6,0,25.27777777777777,10.333333333333334,-15.319999999999993,2,8,terminal_mid,0.6029232641242284,0.6031611827887787
1473489,2025,11,1,0,25.27777777777777,10.30188679245283,-14.740000000000009,2,8,terminal_mid,0.6126814628640096,0.6206220207038559
1473489,2025,11,2,0,25.27777777777777,10.5,-16.159999999999997,2,8,terminal_mid,0.6074114778758464,0.6158419543462686
1473489,2025,11,3,0,25.27777777777777,10.588235294117647,-16.579999999999984,2,8,terminal_mid,0.5929968363002038,0.6027684191536011
1473489,2025,11,4,0,25.27777777777777,10.68,-17.0,2,8,terminal_mid,0.5801208236913081,0.5910892209421437
1473489,2025,11,5,0,25.27777777777777,10.775510204081632,-17.419999999999987,2,8,terminal_mid,0.5826178308655594,0.5933543541143761
1473489,2025,11,6,0,25.27777777777777,10.875,-17.839999999999975,2,8,terminal_mid,0.5712082303939026,0.5830029270744327
1473489,2025,12,1,0,25.27777777777777,10.595744680851064,-15.259999999999991,2,8,terminal_mid,0.6181885741509754,0.6195204885767879
1473489,2025,12,2,0,25.27777777777777,10.695652173913043,-15.680000000000007,2,8,terminal_mid,0.6081984856220304,0.6102379676263678
1473489,2025,12,3,0,25.27777777777777,10.666666666666666,-15.099999999999994,2,8,terminal_mid,0.6259488464538618,0.6267348399329993
1473489,2025,12,4,0,25.27777777777777,10.636363636363637,-14.52000000000001,2,8,terminal_mid,0.6294059377850618,0.6299499317390302
1473489,2025,12,5,0,25.27777777777777,10.883720930232558,-15.939999999999998,2,8,terminal_mid,0.6215981830615835,0.6226898004421705
1473489,2025,12,6,0,25.27777777777777,10.571428571428571,-13.359999999999985,2,8,terminal_mid,0.6760173759365505,0.6733972583691334
1473489,2025,13,1,0,25.27777777777777,10.682926829268293,-13.779999999999973,2,8,terminal_mid,0.6651560612564691,0.6609941890749629
1473489,2025,13,2,0,25.27777777777777,10.8,-14.200000000000017,2,8,terminal_mid,0.6299211462230209,0.6271686224477538
1473489,2025,13,3,0,25.27777777777777,10.923076923076923,-14.620000000000005,2,8,terminal_mid,0.6162888090615277,0.6141064294894936
1473489,2025,13,4,0,25.27777777777777,11.052631578947368,-15.039999999999992,2,8,terminal_mid,0.6254399487236155,0.6228735226772201
1473489,2025,13,5,0,25.27777777777777,10.702702702702702,-12.45999999999998,2,8,terminal_mid,0.6742525572186466,0.6697450377182611
1473489,2025,13,6,0,25.27777777777777,10.666666666666666,-11.879999999999995,2,8,terminal_mid,0.6832242159449294,0.6783843322338552
1473489,2025,14,1,0,25.27777777777777,10.8,-12.299999999999983,2,8,terminal_mid,0.6794112713594161,0.6736170448283204
1473489,2025,14,2,0,25.27777777777777,11.117647058823529,-13.719999999999999,2,8,terminal_mid,0.6646344916663266,0.6593433171438755
1473489,2025,14,3,0,25.27777777777777,11.272727272727273,-14.140000000000015,2,8,terminal_mid,0.6302745014426554,0.6262365534566829
1473489,2025,14,4,0,25.27777777777777,11.4375,-14.560000000000002,2,8,terminal_mid,0.6279413888725359,0.6239921945852
1473489,2025,14,5,0,25.27777777777777,11.612903225806452,-14.97999999999999,2,8,terminal_mid,0.6078251667775025,0.6046573100235184
1473489,2025,14,6,0,25.27777777777777,10.8,-10.400000000000006,2,8,terminal_mid,0.7452314486170994,0.7375473317099157
1473489,2025,15,1,0,25.27777777777777,10.758620689655173,-9.819999999999993,2,8,terminal_mid,0.7528644450030398,0.7462643153996844
1473489,2025,15,2,0,25.27777777777777,10.928571428571429,-10.240000000000009,2,8,terminal_mid,0.7463166322955022,0.7398327208393467
1473489,2025,15,3,0,25.27777777777777,10.88888888888889,-9.659999999999997,2,8,terminal_mid,0.7570872700534226,0.7504157885026855
1473489,2025,15,4,0,25.27777777777777,11.076923076923077,-10.080000000000013,2,8,terminal_mid,0.7480474990733615,0.7415322187277388
1473489,2025,15,5,0,25.27777777777777,10.56,-7.499999999999972,2,8,terminal_mid,0.7978442294877952,0.7906459710752156
1473489,2025,15,6,0,25.27777777777777,10.75,-7.9199999999999875,2,8,terminal_mid,0.7932746600704592,0.7861195776108848
1473490,2025,7,1,0,9.0,10.675324675324676,-43.471666666666664,3,7,terminal_mid,0.12500293203739213,0.15524324954710672
1473490,2025,7,2,0,9.0,10.736842105263158,-43.67333333333333,3,7,terminal_mid,0.13359437496183305,0.16404758217671217
1473490,2025,7,3,0,9.0,10.879999999999999,-57.75,4,6,terminal_mid,0.05901967323787462,0.08303057320194476
1473490,2025,7,4,0,9.0,11.027027027027028,-58.78,4,6,terminal_mid,0.05745680460556984,0.0811839324164599
1473490,2025,7,5,0,9.0,11.17808219178082,-72.34166666666667,5,5,terminal_mid,0.02933793708607036,0.04610630170388083
1473490,2025,7,6,0,9.0,11.25,-72.19999999999999,5,5,terminal_mid,0.03173778784245403,0.04927227420180181
1473490,2025,8,1,0,9.0,11.408450704225352,-73.05833333333331,5,5,terminal_mid,0.030537470091320986,0.04525222308118674
1473490,2025,8,2,0,9.0,11.485714285714286,-72.91666666666666,5,5,terminal_mid,0.030436438335331478,0.045122549225177076
1473490,2025,8,3,0,9.0,11.565217391304348,-72.775,5,5,terminal_mid,0.030994885876577165,0.04583854681991235
1473490,2025,8,4,0,9.0,11.735294117647058,-73.63333333333333,5,5,terminal_mid,0.029426689200723673,0.043823107867902444
1473490,2025,8,5,0,9.0,11.82089552238806,-73.49166666666667,5,5,terminal_mid,0.029549036708596304,0.043980892420275045
1473490,2025,8,6,0,9.0,12.0,-74.35,5,5,terminal_mid,0.0300325229810349,0.044603505753660004
1473490,2025,9,1,0,9.0,12.0,-73.20833333333334,5,5,terminal_mid,0.030775046444130264,0.05120905635446438
1473490,2025,9,2,0,9.0,12.1875,-74.06666666666669,5,5,terminal_mid,0.024311033886362653,0.04204924013507601
1473490,2025,9,3,0,9.0,12.19047619047619,-72.92500000000001,5,5,terminal_mid,0.028108641282871164,0.0474764453545538
1473490,2025,9,4,0,9.0,12.29032258064516,-72.78333333333333,5,5,terminal_mid,0.02595283793668124,0.044412616225570606
1473490,2025,9,5,0,9.0,12.295081967213115,-71.64166666666668,5,5,terminal_mid,0.03115336669774664,0.0517338794488253
1473490,2025,9,6,0,9.0,12.5,-72.5,5,5,terminal_mid,0.028608280816507337,0.04818050219832332
1473490,2025,10,1,0,9.0,12.305084745762711,-69.35833333333332,5,5,terminal_mid,0.03500443266250414,0.050954400168249904
1473490,2025,10,2,0,9.0,12.413793103448278,-69.21666666666667,5,5,terminal_mid,0.03419528473868767,0.049915777709308745
1473490,2025,10,3,0,9.0,12.526315789473683,-69.07499999999999,5,5,terminal_mid,0.03340133669147856,0.04889355156148775
1473490,2025,10,4,0,9.0,12.642857142857142,-68.93333333333331,5,5,terminal_mid,0.030824419712468402,0.045553534566661794
1473490,2025,10,5,0,9.0,12.763636363636365,-68.79166666666669,5,5,terminal_mid,0.03151042828929597,0.046446095596920006
1473490,2025,10,6,0,9.0,13.0,-69.65,5,5,terminal_mid,0.02687674990913968,0.040365613935380046
1473490,2025,11,1,0,9.0,13.245283018867926,-70.50833333333333,5,5,terminal_mid,0.025860426907500355,0.037521046568573385
1473490,2025,11,2,0,9.0,13.038461538461537,-67.36666666666667,5,5,terminal_mid,0.032660208915986665,0.046318488867999115
1473490,2025,11,3,0,9.0,12.823529411764707,-64.225,5,5,terminal_mid,0.0407724626492087,0.056557835887290415
1473490,2025,11,4,0,9.0,12.96,-64.08333333333331,5,5,terminal_mid,0.03946258409938902,0.05492105899389804
1473490,2025,11,5,0,9.0,12.979591836734695,-62.94166666666669,5,5,terminal_mid,0.03987145869637658,0.055432617548995075
1473490,2025,11,6,0,9.0,13.125,-62.80000000000001,5,5,terminal_mid,0.037045997281072066,0.05188527533755227
1473490,2025,12,1,0,9.0,13.27659574468085,-62.65833333333333,5,5,terminal_mid,0.035936260932747,0.04642741453770692
1473490,2025,12,2,0,9.0,12.782608695652176,-57.51666666666668,5,5,terminal_mid,0.06429757098777839,0.07921278718446197
1473490,2025,12,3,0,9.0,12.266666666666666,-52.375,5,5,terminal_mid,0.0984403354746445,0.11690254571200516
1473490,2025,12,4,0,9.0,11.727272727272727,-47.23333333333332,5,5,terminal_mid,0.15514894390312234,0.1767919318492548
1473490,2025,12,5,0,9.0,11.162790697674419,-42.09166666666667,5,5,terminal_mid,0.1850407558823413,0.2073893692597697
1473490,2025,12,6,0,9.0,11.285714285714285,-41.94999999999999,5,5,terminal_mid,0.1787271597914985,0.20097279666423984
1473490,2025,12,7,0,9.0,10.682926829268293,-36.80833333333331,5,5,terminal_mid,0.20379431178637963,0.22631719426029095
1473490,2025,13,1,0,9.0,10.536585365853659,-35.80833333333331,5,5,terminal_mid,0.20383294664238355,0.21578200995786675
1473490,2025,13,2,0,9.0,9.899999999999999,-30.666666666666686,5,5,terminal_mid,0.2788178096874504,0.2897716117163647
1473490,2025,13,3,0,9.0,10.153846153846153,-31.525000000000006,5,5,terminal_mid,0.27527879929316545,0.28630856974835595
1473490,2025,13,4,0,9.0,10.421052631578949,-32.383333333333326,5,5,terminal_mid,0.25694603163697516,0.2683278753271718
1473490,2025,13,5,0,9.0,10.54054054054054,-32.241666666666674,5,5,terminal_mid,0.2576165953062779,0.268986834879766
1473490,2025,13,6,0,9.0,10.5,-31.099999999999994,5,5,terminal_mid,0.27447224400229514,0.285518977363237
1473490,2025,14,1,0,9.0,10.457142857142857,-29.958333333333314,5,5,terminal_mid,0.31027539087917744,0.3186700958433337
1473490,2025,14,2,0,9.0,10.588235294117647,-29.81666666666669,5,5,terminal_mid,0.3054735926604381,0.31400233630064367
1473490,2025,14,3,0,9.0,9.818181818181818,-24.67500000000001,5,5,terminal_mid,0.4444800718311409,0.4480970284548137
1473490,2025,14,4,0,9.0,9.9375,-24.53333333333333,5,5,terminal_mid,0.43851249327480113,0.44237151222097304
1473490,2025,14,5,0,9.0,10.064516129032258,-24.39166666666668,5,5,terminal_mid,0.4467616260075768,0.45028560393247063
1473490,2025,14,6,0,9.0,10.4,-25.25,5,5,terminal_mid,0.41823136714431897,0.42289915311895326
1473490,2025,15,1,0,9.0,9.931034482758621,-22.10833333333332,5,5,terminal_mid,0.49259618471344685,0.493621224429584
1473490,2025,15,2,0,9.0,10.071428571428571,-21.96666666666667,5,5,terminal_mid,0.48390023284990163,0.4852229381347478
1473490,2025,15,3,0,9.0,10.222222222222221,-21.82499999999999,5,5,terminal_mid,0.45477042656266564,0.45708048861390327
1473490,2025,15,4,0,9.0,10.384615384615385,-21.68333333333331,5,5,terminal_mid,0.4317410292853303,0.4348145938890759
1473490,2025,15,5,0,9.0,10.56,-21.541666666666686,5,5,terminal_mid,0.4344109843291829,0.4373970432206316
1473490,2025,15,6,0,9.0,11.0,-26.519999999999982,6,4,terminal_mid,0.2340472745336834,0.24198860849458936
1473490,2025,15,7,0,9.0,11.217391304347826,-26.206666666666678,6,4,terminal_mid,0.2611783692958275,0.26873163592264104
1473491,2025,7,1,0,34.0,14.415584415584416,-77.99666666666667,3,7,terminal_mid,0.02107609957618098,0.034848257635817885
1473491,2025,7,2,0,34.0,14.526315789473685,-78.37333333333333,3,7,terminal_mid,0.02019855459359675,0.03361397853918362
1473491,2025,7,3,0,34.0,14.56,-77.75,3,7,terminal_mid,0.021717941953673693,0.03574576378155907
1473491,2025,7,4,0,34.0,14.675675675675677,-78.12666666666667,3,7,terminal_mid,0.020277213632096155,0.0337249606692186
1473491,2025,7,5,0,34.0,14.712328767123289,-77.50333333333333,3,7,terminal_mid,0.02064198002802197,0.03423871901692846
1473491,2025,7,6,0,34.0,14.916666666666668,-93.03999999999999,4,6,terminal_mid,0.00815366190552027,0.015532831109788514
1473491,2025,7,7,0,34.0,15.126760563380284,-94.22,4,6,terminal_mid,0.00882124419647852,0.01661167560319049
1473491,2025,8,1,0,34.0,15.042253521126762,-93.22,4,6,terminal_mid,0.00944175159078404,0.016298768099985796
1473491,2025,8,2,0,34.0,15.085714285714285,-92.39999999999998,4,6,terminal_mid,0.009766039338465066,0.016786488506100445
1473491,2025,8,3,0,34.0,14.782608695652172,-87.58000000000001,4,6,terminal_mid,0.013614704922832736,0.022429426751897442
1473491,2025,8,4,0,34.0,14.911764705882353,-87.76000000000002,4,6,terminal_mid,0.012999529523237859,0.021543537972399655
1473491,2025,8,5,0,34.0,15.044776119402986,-87.94,4,6,terminal_mid,0.012655935253150962,0.021046300344834224
1473491,2025,8,6,0,34.0,15.181818181818182,-88.11999999999998,4,6,terminal_mid,0.011564370347578502,0.019454324501755077
1473491,2025,8,7,0,34.0,15.323076923076922,-88.30000000000001,4,6,terminal_mid,0.010583633263244728,0.018006822969195434
1473491,2025,9,1,0,34.0,15.323076923076922,-88.30000000000001,4,6,terminal_mid,0.010673669907565407,0.021049800572929583
1473491,2025,9,2,0,34.0,15.46875,-88.47999999999999,4,6,terminal_mid,0.010532206002495895,0.02081418249862992
1473491,2025,9,3,0,34.0,15.714285714285715,-89.66000000000003,4,6,terminal_mid,0.009599131997373953,0.019246725087641848
1473491,2025,9,4,0,34.0,15.870967741935484,-89.83999999999997,4,6,terminal_mid,0.009510038670129953,0.019095792845399424
1473491,2025,9,5,0,34.0,16.131147540983605,-103.01666666666668,5,5,terminal_mid,0.0038730550955064207,0.008926889482298282
1473491,2025,9,6,0,34.0,16.3,-103.0,5,5,terminal_mid,0.004016010434420016,0.009205592149181792
1473491,2025,10,1,0,34.0,16.576271186440678,-103.98333333333332,5,5,terminal_mid,0.003801993426209181,0.007100612452296878
1473491,2025,10,2,0,34.0,16.862068965517242,-104.96666666666667,5,5,terminal_mid,0.0031070849814072866,0.0059300645713175615
1473491,2025,10,3,0,34.0,16.736842105263158,-101.94999999999999,5,5,terminal_mid,0.0036512707982431242,0.006848883092847589
1473491,2025,10,4,0,34.0,17.035714285714285,-102.93333333333331,5,5,terminal_mid,0.0032757922881814063,0.006216673579549278
1473491,2025,10,5,0,34.0,17.345454545454547,-103.91666666666669,5,5,terminal_mid,0.003106049425427103,0.005928300136121756
1473491,2025,10,6,0,34.0,17.555555555555557,-103.9,5,5,terminal_mid,0.0030558910274042493,0.005842760046938997
1473491,2025,11,1,0,34.0,17.20754716981132,-98.88333333333333,5,5,terminal_mid,0.003881280641266494,0.0067004194326763375
1473491,2025,11,2,0,34.0,17.423076923076923,-98.86666666666667,5,5,terminal_mid,0.0037054502725371815,0.00642312346092275
1473491,2025,11,3,0,34.0,17.058823529411764,-93.85,5,5,terminal_mid,0.0059474734611600555,0.009885265382564687
1473491,2025,11,4,0,34.0,16.919999999999998,-90.83333333333331,5,5,terminal_mid,0.007157071454960479,0.011699858555588968
1473491,2025,11,5,0,34.0,17.26530612244898,-91.81666666666669,5,5,terminal_mid,0.006836630407777891,0.011222139068298167
1473491,2025,11,6,0,34.0,17.125,-88.80000000000001,5,5,terminal_mid,0.008224122590181494,0.013276721191118541
1473491,2025,12,1,0,34.0,17.361702127659576,-88.78333333333333,5,5,terminal_mid,0.0072675454642323984,0.010590780229569812
1473491,2025,12,2,0,34.0,16.956521739130437,-83.76666666666668,5,5,terminal_mid,0.010432409020190823,0.014807340347649496
1473491,2025,12,3,0,34.0,17.333333333333332,-84.75,5,5,terminal_mid,0.009026979354719515,0.012948997073254486
1473491,2025,12,4,0,34.0,16.90909090909091,-79.73333333333332,5,5,terminal_mid,0.012749226286753405,0.01782999265453054
1473491,2025,12,5,0,34.0,17.16279069767442,-79.71666666666667,5,5,terminal_mid,0.01151553840484725,0.016226297394702986
1473491,2025,12,6,0,34.0,17.285714285714285,-78.69999999999999,5,5,terminal_mid,0.01182826128921207,0.01663402153031358
1473491,2025,12,7,0,34.0,17.70731707317073,-79.68333333333331,5,5,terminal_mid,0.010008929719466618,0.014249531919107645
1473491,2025,13,1,0,34.0,17.414634146341463,-77.68333333333331,5,5,terminal_mid,0.01204772245460552,0.01477583452277902
1473491,2025,13,2,0,34.0,17.700000000000003,-77.66666666666669,5,5,terminal_mid,0.010363002978661572,0.012799483276282622
1473491,2025,13,3,0,34.0,17.538461538461537,-74.65,5,5,terminal_mid,0.01331278174989523,0.01625088236432722
1473491,2025,13,4,0,34.0,17.842105263157897,-74.63333333333333,5,5,terminal_mid,0.011316233710841011,0.013919498082120256
1473491,2025,13,5,0,34.0,18.16216216216216,-74.61666666666667,5,5,terminal_mid,0.009742913055760246,0.01206823417926642
1473491,2025,13,6,0,34.0,18.5,-74.6,5,5,terminal_mid,0.008650188908613573,0.010774045842441068
1473491,2025,14,1,0,34.0,18.857142857142858,-74.58333333333331,5,5,terminal_mid,0.007550354713766086,0.009308831038061875
1473491,2025,14,2,0,34.0,19.235294117647058,-74.56666666666669,5,5,terminal_mid,0.006020541745123203,0.007496642662503548
1473491,2025,14,3,0,34.0,19.636363636363637,-74.55000000000001,5,5,terminal_mid,0.005235523985894184,0.006558947387095922
1473491,2025,14,4,0,34.0,20.0625,-74.53333333333333,5,5,terminal_mid,0.004930258394986727,0.006192662127112169
1473491,2025,14,5,0,34.0,20.516129032258064,-74.51666666666668,5,5,terminal_mid,0.004445300539210838,0.005608663054289031
1473491,2025,14,6,0,34.0,20.4,-71.5,5,5,terminal_mid,0.0056334976723929845,0.0070350531527056965
1473491,2025,14,7,0,34.0,19.862068965517242,-66.48333333333332,5,5,terminal_mid,0.008516599121597954,0.010444641009605876
1473491,2025,14,8,0,34.0,20.142857142857142,-65.46666666666667,5,5,terminal_mid,0.008377651283589624,0.01028168627595076
1473491,2025,15,1,0,34.0,19.03448275862069,-62.48333333333332,5,5,terminal_mid,0.011886617483096894,0.013849856854352168
1473491,2025,15,2,0,34.0,19.5,-62.46666666666667,5,5,terminal_mid,0.010644636611094384,0.01245235689399776
1473491,2025,15,3,0,34.0,20.0,-62.44999999999999,5,5,terminal_mid,0.009139951099249526,0.01075095997647361
1473491,2025,15,4,0,34.0,20.538461538461537,-62.43333333333331,5,5,terminal_mid,0.0082167183541492,0.00970195465093814
1473491,2025,15,5,0,34.0,21.12,-62.416666666666686,5,5,terminal_mid,0.007199652507977679,0.008541251888341225
1473491,2025,15,6,0,34.0,22.0,-63.400000000000006,5,5,terminal_mid,0.006612562886252966,0.007868551293985226
1473493,2025,7,1,1,-22.19999999999999,8.96103896103896,-24.487499999999997,1,9,terminal_mid,0.7272752224734726,0.6947710300770122
1473493,2025,7,2,1,-22.19999999999999,8.763157894736842,-21.650000000000006,1,9,terminal_mid,0.7633291220163354,0.728306189071237
1473493,2025,7,3,1,-22.19999999999999,8.799999999999999,-21.8125,1,9,terminal_mid,0.7554415332127302,0.7208989182625661
1473493,2025,7,4,1,-22.19999999999999,8.837837837837839,-21.974999999999994,1,9,terminal_mid,0.7608156959879783,0.7259412044966782
1473493,2025,7,5,1,-22.19999999999999,8.876712328767123,-22.137500000000003,1,9,terminal_mid,0.7629757603068541,0.7279734316664971
1473493,2025,7,6,1,-22.19999999999999,8.916666666666668,-22.299999999999997,1,9,terminal_mid,0.7597870752252989,0.7249745898601387
1473493,2025,7,7,1,-22.19999999999999,8.95774647887324,-22.462500000000006,1,9,terminal_mid,0.7498926835274651,0.7157128498690809
1473493,2025,7,8,1,-22.19999999999999,8.571428571428571,-17.625,1,9,terminal_mid,0.79850418996172,0.7619021689500034
1473493,2025,7,9,1,-22.19999999999999,8.608695652173912,-17.78750000000001,1,9,terminal_mid,0.7951546913080028,0.7586598100778722
1473493,2025,7,10,1,-22.19999999999999,8.647058823529411,-17.950000000000003,1,9,terminal_mid,0.7902478783406208,0.7539273775308262
1473493,2025,7,11,1,-22.19999999999999,8.776119402985074,-19.112499999999997,1,9,terminal_mid,0.7871023267216453,0.7509042315049611
1473493,2025,8,1,1,-22.19999999999999,8.197183098591548,-13.462500000000006,1,9,terminal_mid,0.8229649800530816,0.7928572809686858
1473493,2025,8,2,1,-22.19999999999999,8.314285714285713,-14.625,1,9,terminal_mid,0.8149519226209603,0.7849429779594795
1473493,2025,8,3,1,-22.19999999999999,8.347826086956522,-14.787500000000009,1,9,terminal_mid,0.8097090167332262,0.7797941024025067
1473493,2025,8,4,1,-22.19999999999999,8.382352941176471,-14.950000000000003,1,9,terminal_mid,0.8146849891579941,0.7846802807503666
1473493,2025,8,5,1,-22.19999999999999,8.417910447761194,-15.112499999999997,1,9,terminal_mid,0.8108687559783047,0.7809310947147537
1473493,2025,8,6,1,-22.19999999999999,8.454545454545455,-15.274999999999977,1,9,terminal_mid,0.8138192171275621,0.783828659453547
1473493,2025,9,1,1,-22.19999999999999,8.492307692307692,-15.4375,1,9,terminal_mid,0.8095136166953484,0.7782511297147765
1473493,2025,9,2,1,-22.19999999999999,8.53125,-15.600000000000009,1,9,terminal_mid,0.8051550959589415,0.7741007472495074
1473493,2025,9,3,1,-22.19999999999999,8.571428571428571,-15.762499999999989,1,9,terminal_mid,0.7975434187328128,0.7668916949044239
1473493,2025,9,4,1,-22.19999999999999,8.70967741935484,-16.924999999999983,1,9,terminal_mid,0.7856776845726741,0.7557472504704766
1473493,2025,9,5,1,-22.19999999999999,8.754098360655739,-17.08749999999999,1,9,terminal_mid,0.7850541828790998,0.7551646541274608
1473493,2025,9,6,1,-22.19999999999999,8.799999999999999,-17.25,1,9,terminal_mid,0.7826311979926224,0.7529033779435585
1473493,2025,10,1,1,-22.19999999999999,8.542372881355933,-14.412499999999994,1,9,terminal_mid,0.8149401671617913,0.7976878433810004
1473493,2025,10,2,1,-22.19999999999999,8.689655172413794,-15.574999999999989,1,9,terminal_mid,0.8054007510374999,0.7885763822757553
1473493,2025,10,3,1,-22.19999999999999,8.736842105263158,-15.737499999999997,1,9,terminal_mid,0.7983470837561002,0.7818728420129072
1473493,2025,10,4,1,-22.19999999999999,8.892857142857142,-16.89999999999999,1,9,terminal_mid,0.7850580982343914,0.7693156452953159
1473493,2025,10,5,1,-22.19999999999999,8.945454545454545,-17.0625,1,9,terminal_mid,0.7840317056076057,0.7683494898410131
1473493,2025,10,6,1,-22.19999999999999,8.88888888888889,-16.224999999999994,1,9,terminal_mid,0.8021325218839428,0.7854669343867335
1473493,2025,11,1,1,-22.19999999999999,8.943396226415093,-16.387500000000003,1,9,terminal_mid,0.7973844002396037,0.7900839152055841
1473493,2025,11,2,1,-22.19999999999999,9.0,-16.549999999999997,1,9,terminal_mid,0.7992137472962604,0.7918013571026248
1473493,2025,11,3,1,-22.19999999999999,9.176470588235293,-24.299999999999983,2,8,terminal_mid,0.7175029276464999,0.7160761422454078
1473493,2025,11,4,1,-22.19999999999999,9.36,-25.33333333333333,2,8,terminal_mid,0.7674548572224964,0.7621496170142822
1473493,2025,11,5,1,-22.19999999999999,9.428571428571429,-25.366666666666674,2,8,terminal_mid,0.7663461156971402,0.761120207685771
1473493,2025,11,6,1,-22.19999999999999,9.625,-26.39999999999999,2,8,terminal_mid,0.7762660486734352,0.770343282537898
1473493,2025,12,1,1,-22.19999999999999,9.829787234042554,-27.433333333333337,2,8,terminal_mid,0.73306290926925,0.7269569943290658
1473493,2025,12,2,1,-22.19999999999999,10.043478260869566,-28.46666666666667,2,8,terminal_mid,0.6868855497695816,0.6835619581776503
1473493,2025,12,3,1,-22.19999999999999,10.266666666666666,-29.5,2,8,terminal_mid,0.6849765513931969,0.6817753806073465
1473493,2025,12,4,1,-22.19999999999999,10.363636363636363,-29.53333333333333,2,8,terminal_mid,0.6799748224622739,0.6770967483393356
1473493,2025,12,5,1,-22.19999999999999,10.046511627906977,-26.566666666666677,2,8,terminal_mid,0.7487988356184685,0.741839498748395
1473493,2025,12,6,1,-22.19999999999999,9.714285714285715,-23.599999999999994,2,8,terminal_mid,0.7933720349743674,0.7843430933756232
1473493,2025,12,7,1,-22.19999999999999,9.073170731707318,-18.633333333333326,2,8,terminal_mid,0.8529473763940472,0.8422538539623019
1473493,2025,13,1,1,-22.19999999999999,8.926829268292682,-17.633333333333326,2,8,terminal_mid,0.866767188654459,0.8583333295149386
1473493,2025,13,2,1,-22.19999999999999,9.0,-17.66666666666667,2,8,terminal_mid,0.8651951295872551,0.8567518357513281
1473493,2025,13,3,1,-22.19999999999999,9.076923076923077,-17.700000000000003,2,8,terminal_mid,0.8733662183653244,0.8649835449543226
1473493,2025,13,4,1,-22.19999999999999,8.368421052631579,-12.73333333333332,2,8,terminal_mid,0.9118103668114981,0.9041554148942512
1473493,2025,13,5,1,-22.19999999999999,8.27027027027027,-11.766666666666666,2,8,terminal_mid,0.9145200714350668,0.9069487299878968
1473493,2025,13,6,1,-22.19999999999999,8.166666666666668,-10.799999999999997,2,8,terminal_mid,0.9163750846636014,0.9088638320485214
1473493,2025,14,1,1,-22.19999999999999,8.399999999999999,-11.833333333333329,2,8,terminal_mid,0.916859954760143,0.9092353320534622
1473493,2025,14,2,1,-22.19999999999999,7.9411764705882355,-8.86666666666666,2,8,terminal_mid,0.9300576440225834,0.9229827798500357
1473493,2025,14,3,1,-22.19999999999999,8.0,-8.900000000000006,2,8,terminal_mid,0.9288908315017433,0.9217620765022003
1473493,2025,14,4,1,-22.19999999999999,8.0625,-8.933333333333323,2,8,terminal_mid,0.9230770068546612,0.9156954246562408
1473493,2025,14,5,1,-22.19999999999999,8.322580645161292,-13.970833333333317,3,7,terminal_mid,0.8982196282734332,0.890016370128892
1473493,2025,14,6,1,-22.19999999999999,8.6,-14.875,3,7,terminal_mid,0.8912513804605013,0.8828833227282213
1473493,2025,15,1,1,-22.19999999999999,8.689655172413794,-14.779166666666669,3,7,terminal_mid,0.8936750545997415,0.8868374229969463
1473493,2025,15,2,1,-22.19999999999999,8.785714285714285,-14.683333333333337,3,7,terminal_mid,0.889938386104844,0.8830293602198493
1473493,2025,15,3,1,-22.19999999999999,9.11111111111111,-19.07499999999999,4,6,terminal_mid,0.828991324293147,0.8216233109434584
1473493,2025,15,4,1,-22.19999999999999,9.230769230769232,-18.849999999999994,4,6,terminal_mid,0.8232110789641894,0.8158570491004475
1473493,2025,15,5,1,-22.19999999999999,9.36,-18.625,4,6,terminal_mid,0.8145125948358556,0.8071952089952127
1473493,2025,15,6,1,-22.19999999999999,9.5,-18.400000000000006,4,6,terminal_mid,0.8026473960755847,0.7954085088064029
1473494,2025,7,1,1,-18.428571428571416,8.25974025974026,-47.57083333333334,5,5,terminal_mid,0.1524198025114061,0.1829974174080418
1473494,2025,7,2,1,-18.428571428571416,8.289473684210526,-47.31666666666666,5,5,terminal_mid,0.16039414191012635,0.1908968881888044
1473494,2025,7,3,1,-18.428571428571416,8.399999999999999,-48.0625,5,5,terminal_mid,0.1592023884540404,0.1897208057491655
1473494,2025,7,4,1,-18.428571428571416,8.35135135135135,-46.80833333333334,5,5,terminal_mid,0.1769156012379019,0.20704920841948135
1473494,2025,7,5,1,-18.428571428571416,8.383561643835616,-46.55416666666666,5,5,terminal_mid,0.1743746575293228,0.20458274263319554
1473494,2025,7,6,1,-18.428571428571416,8.416666666666666,-46.3,5,5,terminal_mid,0.1693498492923976,0.19968671812452857
1473494,2025,8,1,1,-18.428571428571416,8.535211267605634,-47.04583333333332,5,5,terminal_mid,0.16888918946939074,0.19623652604032607
1473494,2025,8,2,1,-18.428571428571416,8.571428571428571,-46.79166666666666,5,5,terminal_mid,0.17089361492610766,0.19821517529100077
1473494,2025,8,3,1,-18.428571428571416,8.173913043478262,-41.53750000000001,5,5,terminal_mid,0.2269392174153246,0.2522692377764118
1473494,2025,8,4,1,-18.428571428571416,8.294117647058822,-42.28333333333333,5,5,terminal_mid,0.22202211836376837,0.24761336144785343
1473494,2025,8,5,1,-18.428571428571416,8.417910447761194,-43.02916666666667,5,5,terminal_mid,0.21357927859433612,0.23958404511623047
1473494,2025,8,6,1,-18.428571428571416,8.363636363636363,-41.775000000000006,5,5,terminal_mid,0.22557879422727353,0.250982548505032
1473494,2025,9,1,1,-18.428571428571416,8.399999999999999,-41.52083333333334,5,5,terminal_mid,0.2186732124613287,0.2565955977813239
1473494,2025,9,2,1,-18.428571428571416,8.53125,-42.26666666666668,5,5,terminal_mid,0.21277596127715387,0.2509676527794359
1473494,2025,9,3,1,-18.428571428571416,8.666666666666666,-43.01250000000002,5,5,terminal_mid,0.20352559828949088,0.24207929170545323
1473494,2025,9,4,1,-18.428571428571416,8.806451612903226,-43.758333333333326,5,5,terminal_mid,0.19621456510404328,0.23499939735009384
1473494,2025,9,5,1,-18.428571428571416,8.852459016393443,-43.50416666666666,5,5,terminal_mid,0.19847111935237605,0.23718996140712226
1473494,2025,9,6,1,-18.428571428571416,8.9,-43.25,5,5,terminal_mid,0.1980235443632749,0.2367558599330842
1473494,2025,9,7,1,-18.428571428571416,8.847457627118644,-41.99583333333334,5,5,terminal_mid,0.20776869921044896,0.24616573505299483
1473494,2025,10,1,1,-18.428571428571416,8.23728813559322,-35.99583333333334,5,5,terminal_mid,0.2864806381012197,0.3159989571357905
1473494,2025,10,2,1,-18.428571428571416,7.965517241379311,-32.741666666666674,5,5,terminal_mid,0.34569934691858545,0.37134882669787445
1473494,2025,10,3,1,-18.428571428571416,7.684210526315789,-29.487499999999983,5,5,terminal_mid,0.429052475938779,0.44743179303612785
1473494,2025,10,4,1,-18.428571428571416,7.178571428571429,-24.23333333333332,5,5,terminal_mid,0.5449173171147497,0.5513248333957569
1473494,2025,10,5,1,-18.428571428571416,6.654545454545454,-18.979166666666686,5,5,terminal_mid,0.6523369953370601,0.6475190527033418
1473494,2025,10,6,1,-18.428571428571416,6.333333333333334,-15.724999999999994,5,5,terminal_mid,0.7403746709528223,0.7276828729721599
1473494,2025,11,1,1,-18.428571428571416,6.339622641509434,-15.470833333333331,5,5,terminal_mid,0.7376550822527745,0.7345950995614895
1473494,2025,11,2,1,-18.428571428571416,6.346153846153847,-15.216666666666669,5,5,terminal_mid,0.7517415750708665,0.7475922475513599
1473494,2025,11,3,1,-18.428571428571416,6.470588235294118,-15.962500000000006,5,5,terminal_mid,0.74754667898326,0.7437168175801725
1473494,2025,11,4,1,-18.428571428571416,6.6000000000000005,-16.708333333333314,5,5,terminal_mid,0.7313104793312,0.7287558057943715
1473494,2025,11,5,1,-18.428571428571416,6.612244897959183,-16.45416666666668,5,5,terminal_mid,0.7313617848878554,0.7288029909545939
1473494,2025,11,6,1,-18.428571428571416,6.625,-16.200000000000017,5,5,terminal_mid,0.747492694549531,0.7436669724947561
1473494,2025,12,1,1,-18.428571428571416,6.76595744680851,-23.95666666666665,6,4,terminal_mid,0.4933886402239531,0.5036094056316207
1473494,2025,12,2,1,-18.428571428571416,6.782608695652174,-23.55333333333334,6,4,terminal_mid,0.4667821672687101,0.47881489673092936
1473494,2025,12,3,1,-18.428571428571416,6.933333333333333,-24.150000000000006,6,4,terminal_mid,0.49039228417504444,0.5008200875191228
1473494,2025,12,4,1,-18.428571428571416,7.090909090909092,-24.74666666666667,6,4,terminal_mid,0.4916748652690474,0.5020141300008465
1473494,2025,12,5,1,-18.428571428571416,7.116279069767442,-24.343333333333334,6,4,terminal_mid,0.502247241590231,0.5118521119307233
1473494,2025,12,6,1,-18.428571428571416,7.285714285714285,-24.939999999999998,6,4,terminal_mid,0.4807352340021191,0.49182544843701936
1473494,2025,13,1,1,-18.428571428571416,7.317073170731707,-24.53666666666666,6,4,terminal_mid,0.5051087510424217,0.5078223424603621
1473494,2025,13,2,1,-18.428571428571416,7.3500000000000005,-24.133333333333326,6,4,terminal_mid,0.49816702163157367,0.5011884357875767
1473494,2025,13,3,1,-18.428571428571416,7.538461538461538,-24.72999999999999,6,4,terminal_mid,0.47866843390272634,0.48254792241545724
1473494,2025,13,4,1,-18.428571428571416,7.7368421052631575,-25.326666666666654,6,4,terminal_mid,0.4325212575259263,0.4383684758204072
1473494,2025,13,5,1,-18.428571428571416,7.783783783783784,-24.923333333333346,6,4,terminal_mid,0.4275454297929237,0.4335974962840557
1473494,2025,13,6,1,-18.428571428571416,8.0,-25.52000000000001,6,4,terminal_mid,0.4076572537092262,0.4145097979651413
1473494,2025,14,1,1,-18.428571428571416,8.228571428571428,-26.116666666666674,6,4,terminal_mid,0.41769682372768824,0.4223856026664508
1473494,2025,14,2,1,-18.428571428571416,8.294117647058822,-25.71333333333334,6,4,terminal_mid,0.42281856168732124,0.4273054719524666
1473494,2025,14,3,1,-18.428571428571416,8.545454545454547,-26.310000000000002,6,4,terminal_mid,0.3962598053266744,0.4017745343774124
1473494,2025,14,4,1,-18.428571428571416,8.625,-25.906666666666666,6,4,terminal_mid,0.39423699277665586,0.39982792211753204
1473494,2025,14,5,1,-18.428571428571416,7.741935483870968,-20.50333333333333,6,4,terminal_mid,0.5425010349848909,0.5420123796742773
1473494,2025,14,6,1,-18.428571428571416,8.0,-21.099999999999994,6,4,terminal_mid,0.5108276340567637,0.5116761909698373
1473494,2025,15,1,1,-18.428571428571416,8.275862068965518,-21.69666666666666,6,4,terminal_mid,0.48708270917495744,0.4882965831804242
1473494,2025,15,2,1,-18.428571428571416,8.357142857142858,-21.293333333333322,6,4,terminal_mid,0.48691287954417,0.488132564565737
1473494,2025,15,3,1,-18.428571428571416,8.666666666666666,-21.890000000000015,6,4,terminal_mid,0.4725370876817509,0.47424709119442365
1473494,2025,15,4,1,-18.428571428571416,8.076923076923077,-18.48666666666668,6,4,terminal_mid,0.5958801256590822,0.5934098060398997
1473494,2025,15,5,1,-18.428571428571416,8.16,-18.083333333333314,6,4,terminal_mid,0.5899623545959194,0.5876848942697556
1473494,2025,15,6,1,-18.428571428571416,8.25,-17.67999999999998,6,4,terminal_mid,0.6080499314228736,0.6051881518117032
1473497,2025,7,1,0,35.14285714285714,9.74025974025974,2.4724999999999966,1,9,terminal_mid,0.5443366503859197,0.5329590939157289
1473497,2025,7,2,0,35.14285714285714,9.868421052631579,0.8299999999999841,1,9,terminal_mid,0.5162946512967392,0.5087984075935649
1473497,2025,7,3,0,35.14285714285714,9.52,5.1875,1,9,terminal_mid,0.6300533115519338,0.607534854604639
1473497,2025,7,4,0,35.14285714285714,9.486486486486488,5.545000000000016,1,9,terminal_mid,0.635960473844038,0.6127358058869569
1473497,2025,7,5,0,35.14285714285714,9.534246575342465,4.902500000000003,1,9,terminal_mid,0.5784918616265469,0.5625092943580338
1473497,2025,7,6,0,35.14285714285714,9.583333333333334,4.260000000000005,1,9,terminal_mid,0.5780708796368764,0.5621439786497058
1473497,2025,8,1,0,35.14285714285714,9.633802816901408,3.6174999999999926,1,9,terminal_mid,0.5816824277294066,0.5698033336621384
1473497,2025,8,2,0,35.14285714285714,9.600000000000001,3.9750000000000085,1,9,terminal_mid,0.5905591162195132,0.5776721697934994
1473497,2025,8,3,0,35.14285714285714,9.652173913043478,3.332499999999996,1,9,terminal_mid,0.5887610776939252,0.5760772793101676
1473497,2025,8,4,0,35.14285714285714,9.794117647058822,-10.719999999999999,2,8,terminal_mid,0.40882817934612925,0.41748077774132336
1473497,2025,8,5,0,35.14285714285714,9.940298507462686,-12.179999999999978,2,8,terminal_mid,0.37630726969764144,0.3886257271782286
1473497,2025,8,6,0,35.14285714285714,10.0,-12.639999999999986,2,8,terminal_mid,0.37677046781624124,0.38903801158022266
1473497,2025,9,1,0,35.14285714285714,10.153846153846153,-14.099999999999994,2,8,terminal_mid,0.3730446856255493,0.3963512677540731
1473497,2025,9,2,0,35.14285714285714,10.21875,-14.559999999999988,2,8,terminal_mid,0.3622175968657733,0.3868908325912645
1473497,2025,9,3,0,35.14285714285714,10.285714285714285,-15.019999999999996,2,8,terminal_mid,0.3535809341455353,0.3793181387223176
1473497,2025,9,4,0,35.14285714285714,10.451612903225806,-16.47999999999999,2,8,terminal_mid,0.35300047813044527,0.37880831321362957
1473497,2025,9,5,0,35.14285714285714,10.524590163934427,-16.939999999999998,2,8,terminal_mid,0.35337850228084217,0.3791403518063136
1473497,2025,9,6,0,35.14285714285714,10.6,-17.400000000000006,2,8,terminal_mid,0.35423277431298655,0.37989052796001427
1473497,2025,10,1,0,35.14285714285714,10.779661016949152,-18.860000000000014,2,8,terminal_mid,0.34382035552862034,0.36961209864532674
1473497,2025,10,2,0,35.14285714285714,10.965517241379311,-30.905,3,7,terminal_mid,0.2327714546111696,0.2644312479416287
1473497,2025,10,3,0,35.14285714285714,11.157894736842106,-32.182500000000005,3,7,terminal_mid,0.22778593156120616,0.2595623468796074
1473497,2025,10,4,0,35.14285714285714,11.142857142857142,-31.460000000000008,3,7,terminal_mid,0.25127058678893777,0.2823674371875816
1473497,2025,10,5,0,35.14285714285714,11.236363636363636,-31.73750000000001,3,7,terminal_mid,0.24280660545241745,0.2741857406213186
1473497,2025,10,6,0,35.14285714285714,11.222222222222223,-31.015000000000015,3,7,terminal_mid,0.25511323517611184,0.28606874778315444
1473497,2025,11,1,0,35.14285714285714,11.433962264150944,-32.29250000000002,3,7,terminal_mid,0.24523828130514005,0.27791990154804824
1473497,2025,11,2,0,35.14285714285714,11.192307692307693,-29.569999999999993,3,7,terminal_mid,0.2698195571265925,0.3021239028046066
1473497,2025,11,3,0,35.14285714285714,11.294117647058822,-29.847499999999997,3,7,terminal_mid,0.27058296716304797,0.30287066682238317
1473497,2025,11,4,0,35.14285714285714,11.399999999999999,-30.12499999999997,3,7,terminal_mid,0.2623500017976256,0.2948020010602124
1473497,2025,11,5,0,35.14285714285714,11.63265306122449,-31.402499999999975,3,7,terminal_mid,0.26045593640043646,0.2929409126816919
1473497,2025,11,6,0,35.14285714285714,11.75,-31.680000000000007,3,7,terminal_mid,0.2571567899269841,0.28969480246034235
1473497,2025,12,1,0,35.14285714285714,11.23404255319149,-26.95750000000001,3,7,terminal_mid,0.295537432642536,0.31661518030695074
1473497,2025,12,2,0,35.14285714285714,11.347826086956522,-27.235000000000014,3,7,terminal_mid,0.30367556330807094,0.3244762943195969
1473497,2025,12,3,0,35.14285714285714,11.466666666666667,-27.512500000000017,3,7,terminal_mid,0.2918373593724152,0.31303423155772836
1473497,2025,12,4,0,35.14285714285714,11.454545454545455,-26.79000000000002,3,7,terminal_mid,0.30244482714168813,0.32328875151964365
1473497,2025,12,5,0,35.14285714285714,11.58139534883721,-27.067500000000024,3,7,terminal_mid,0.29950145622850766,0.3204468142640877
1473497,2025,12,6,0,35.14285714285714,11.0,-22.345,3,7,terminal_mid,0.3589631481960254,0.37739561337513
1473497,2025,13,1,0,35.14285714285714,11.121951219512196,-22.622500000000002,3,7,terminal_mid,0.3506404354620777,0.3595819311049076
1473497,2025,13,2,0,35.14285714285714,11.399999999999999,-31.200000000000017,4,6,terminal_mid,0.24911185633771413,0.2606217489843578
1473497,2025,13,3,0,35.14285714285714,11.692307692307692,-32.29499999999999,4,6,terminal_mid,0.2571366060175895,0.2685151619874552
1473497,2025,13,4,0,35.14285714285714,11.842105263157894,-32.390000000000015,4,6,terminal_mid,0.2517583898941223,0.2632265920240353
1473497,2025,13,5,0,35.14285714285714,12.162162162162163,-33.484999999999985,4,6,terminal_mid,0.24414165662878376,0.2557254195516961
1473497,2025,13,6,0,35.14285714285714,12.333333333333332,-33.58000000000001,4,6,terminal_mid,0.23840905243291197,0.2500706647294752
1473497,2025,14,1,0,35.14285714285714,12.514285714285716,-33.67499999999998,4,6,terminal_mid,0.22943795541199646,0.2395536744146319
1473497,2025,14,2,0,35.14285714285714,12.705882352941178,-33.77000000000001,4,6,terminal_mid,0.2509182992227691,0.2607002941929516
1473497,2025,14,3,0,35.14285714285714,12.0,-28.86499999999998,4,6,terminal_mid,0.277906371909164,0.2871344037664072
1473497,2025,14,4,0,35.14285714285714,12.375,-29.95999999999998,4,6,terminal_mid,0.2700100549016323,0.27941449078656133
1473497,2025,14,5,0,35.14285714285714,12.774193548387096,-31.055000000000007,4,6,terminal_mid,0.2643573317166644,0.27388096518226934
1473497,2025,14,6,0,35.14285714285714,13.200000000000001,-32.150000000000006,4,6,terminal_mid,0.263677108158779,0.2732146756253576
1473497,2025,15,1,0,35.14285714285714,13.655172413793103,-33.245000000000005,4,6,terminal_mid,0.23516302834369993,0.24309094810306853
1473497,2025,15,2,0,35.14285714285714,13.285714285714286,-30.340000000000003,4,6,terminal_mid,0.2725457791082794,0.2799007746377585
1473497,2025,15,3,0,35.14285714285714,13.555555555555554,-30.435000000000002,4,6,terminal_mid,0.25438911910392203,0.26205115555130065
1473497,2025,15,4,0,35.14285714285714,13.153846153846155,-27.53,4,6,terminal_mid,0.29128540336532005,0.2982724644488863
1473497,2025,15,5,0,35.14285714285714,13.440000000000001,-27.625,4,6,terminal_mid,0.27219315901066055,0.27955459848352127
1473497,2025,15,6,0,35.14285714285714,13.75,-27.72,4,6,terminal_mid,0.2526517860399464,0.26034045070475964
1473498,2025,7,1,1,1.3157894736842195,10.597402597402597,-7.308333333333323,0,10,terminal_mid,0.6118797787021225,0.5915940978841773
1473498,2025,7,2,1,1.3157894736842195,10.578947368421051,-6.966666666666669,0,10,terminal_mid,0.6084708226429649,0.5886133282186858
1473498,2025,7,3,1,1.3157894736842195,10.64,-7.625,0,10,terminal_mid,0.6010605517151659,0.5821432155097374
1473498,2025,7,4,1,1.3157894736842195,10.702702702702702,-8.283333333333331,0,10,terminal_mid,0.5895946733786182,0.5721557004362865
1473498,2025,7,5,1,1.3157894736842195,10.767123287671232,-8.941666666666677,0,10,terminal_mid,0.5812643267189406,0.5649159439224984
1473498,2025,7,6,1,1.3157894736842195,10.833333333333334,-9.600000000000009,0,10,terminal_mid,0.5751069946662204,0.5595728780102364
1473498,2025,8,1,1,1.3157894736842195,10.647887323943662,-7.258333333333326,0,10,terminal_mid,0.6099253831980138,0.5948859994275186
1473498,2025,8,2,1,1.3157894736842195,10.714285714285715,-7.916666666666657,0,10,terminal_mid,0.6024266811341548,0.5882126315162466
1473498,2025,8,3,1,1.3157894736842195,10.347826086956523,-3.575000000000003,0,10,terminal_mid,0.6388634698973106,0.620750766906792
1473498,2025,8,4,1,1.3157894736842195,10.5,-5.233333333333334,0,10,terminal_mid,0.6277675200487751,0.6108106766642469
1473498,2025,8,5,1,1.3157894736842195,10.567164179104477,-5.891666666666666,0,10,terminal_mid,0.6277239101992347,0.6107716677995894
1473498,2025,8,6,1,1.3157894736842195,10.727272727272727,-7.549999999999997,0,10,terminal_mid,0.6232878706008175,0.6068059235893688
1473498,2025,9,1,1,1.3157894736842195,10.8,-8.208333333333343,0,10,terminal_mid,0.6050909130758741,0.5952622644326815
1473498,2025,9,2,1,1.3157894736842195,10.875,-8.866666666666674,0,10,terminal_mid,0.6016613353881503,0.5923151792008035
1473498,2025,9,3,1,1.3157894736842195,10.476190476190476,-4.5249999999999915,0,10,terminal_mid,0.6519308463838842,0.635751791996849
1473498,2025,9,4,1,1.3157894736842195,10.548387096774194,-5.183333333333323,0,10,terminal_mid,0.648343525773696,0.6326323515844628
1473498,2025,9,5,1,1.3157894736842195,10.62295081967213,-5.841666666666669,0,10,terminal_mid,0.6492115142960965,0.6333868102404255
1473498,2025,9,6,1,1.3157894736842195,10.700000000000001,-6.5,0,10,terminal_mid,0.6440305538935212,0.6288864743020782
1473498,2025,9,7,1,1.3157894736842195,10.881355932203391,-8.158333333333331,0,10,terminal_mid,0.6250534304378241,0.6124591913836981
1473498,2025,10,1,1,1.3157894736842195,10.779661016949152,-7.158333333333331,0,10,terminal_mid,0.6390369019204307,0.635549706393735
1473498,2025,10,2,1,1.3157894736842195,10.862068965517242,-7.816666666666649,0,10,terminal_mid,0.6216261471895236,0.619917246883981
1473498,2025,10,3,1,1.3157894736842195,10.94736842105263,-8.475000000000009,0,10,terminal_mid,0.6088339901324142,0.6084531734698935
1473498,2025,10,4,1,1.3157894736842195,10.5,-4.133333333333326,0,10,terminal_mid,0.657123225709332,0.6518331488339222
1473498,2025,10,5,1,1.3157894736842195,10.581818181818182,-4.791666666666686,0,10,terminal_mid,0.6436379916312385,0.6396874670228103
1473498,2025,10,6,1,1.3157894736842195,10.666666666666666,-5.450000000000003,0,10,terminal_mid,0.6426826823829749,0.6388281090195698
1473498,2025,11,1,1,1.3157894736842195,10.18867924528302,-1.1083333333333343,0,10,terminal_mid,0.6809930196783205,0.6827020739645598
1473498,2025,11,2,1,1.3157894736842195,10.269230769230768,-1.7666666666666657,0,10,terminal_mid,0.6700606495897039,0.6727427852363724
1473498,2025,11,3,1,1.3157894736842195,10.352941176470589,-2.424999999999997,0,10,terminal_mid,0.6708540297639565,0.6734651207156336
1473498,2025,11,4,1,1.3157894736842195,10.44,-3.0833333333333144,0,10,terminal_mid,0.6686168254710196,0.671428411916043
1473498,2025,11,5,1,1.3157894736842195,10.53061224489796,-3.7416666666666742,0,10,terminal_mid,0.6672335109358964,0.6701693141603154
1473498,2025,11,6,1,1.3157894736842195,10.625,-4.3999999999999915,0,10,terminal_mid,0.6617218309373463,0.6651543405114033
1473498,2025,12,1,1,1.3157894736842195,10.72340425531915,-5.058333333333351,0,10,terminal_mid,0.6740711912076737,0.6715786539025403
1473498,2025,12,2,1,1.3157894736842195,10.695652173913043,-4.716666666666669,0,10,terminal_mid,0.6737117023672456,0.6712427820093858
1473498,2025,12,3,1,1.3157894736842195,10.8,-5.375,0,10,terminal_mid,0.6626035236712502,0.6608718312501062
1473498,2025,12,4,1,1.3157894736842195,10.5,-3.0333333333333314,0,10,terminal_mid,0.6853065680917803,0.6820841979219067
1473498,2025,12,5,1,1.3157894736842195,9.906976744186046,1.3083333333333513,0,10,terminal_mid,0.7821044136687219,0.7735436906208439
1473498,2025,12,6,1,1.3157894736842195,10.0,0.6500000000000057,0,10,terminal_mid,0.7806144588344909,0.7721186613164625
1473498,2025,12,7,1,1.3157894736842195,9.658536585365855,2.9916666666666742,0,10,terminal_mid,0.8249928310665064,0.8148910279200834
1473498,2025,13,1,1,1.3157894736842195,9.073170731707318,6.991666666666674,0,10,terminal_mid,0.917636830621832,0.910167804086013
1473498,2025,13,2,1,1.3157894736842195,9.149999999999999,6.333333333333314,0,10,terminal_mid,0.9131174634012255,0.905502233808102
1473498,2025,13,3,1,1.3157894736842195,9.076923076923077,6.674999999999983,0,10,terminal_mid,0.9183743126686854,0.9109304828524101
1473498,2025,13,4,1,1.3157894736842195,9.31578947368421,5.0166666666666515,0,10,terminal_mid,0.9033477609238334,0.8954619802597462
1473498,2025,13,5,1,1.3157894736842195,9.405405405405405,4.3583333333333485,0,10,terminal_mid,0.84656095612826,0.8380810318380131
1473498,2025,13,6,1,1.3157894736842195,9.5,3.700000000000017,0,10,terminal_mid,0.8370172860718428,0.8285682924700614
1473498,2025,14,1,1,1.3157894736842195,8.742857142857142,8.041666666666686,0,10,terminal_mid,0.9326953606630215,0.9257463762037855
1473498,2025,14,2,1,1.3157894736842195,8.823529411764707,7.383333333333326,0,10,terminal_mid,0.9311040710855136,0.9240784660228021
1473498,2025,14,3,1,1.3157894736842195,8.90909090909091,6.724999999999994,0,10,terminal_mid,0.9290403063027837,0.921918394617795
1473498,2025,14,4,1,1.3157894736842195,9.0,6.066666666666663,0,10,terminal_mid,0.9252759701492537,0.9179870061060192
1473498,2025,14,5,1,1.3157894736842195,9.096774193548388,5.408333333333331,0,10,terminal_mid,0.923261910690862,0.9158879789244307
1473498,2025,14,6,1,1.3157894736842195,9.200000000000001,4.75,0,10,terminal_mid,0.863444706150567,0.8546544779981483
1473498,2025,14,7,1,1.3157894736842195,9.517241379310345,3.0916666666666686,0,10,terminal_mid,0.8404760903760556,0.8315787641994292
1473498,2025,15,1,1,1.3157894736842195,8.689655172413794,7.091666666666669,0,10,terminal_mid,0.9405768397176407,0.9352373490701652
1473498,2025,15,2,1,1.3157894736842195,8.142857142857142,9.433333333333337,0,10,terminal_mid,0.9632998190241953,0.9592415646950297
1473498,2025,15,3,1,1.3157894736842195,8.222222222222223,8.775000000000006,0,10,terminal_mid,0.9554247896831469,0.9508664426299331
1473498,2025,15,4,1,1.3157894736842195,8.307692307692307,8.116666666666674,0,10,terminal_mid,0.9520205673760977,0.9472658584959677
1473498,2025,15,5,1,1.3157894736842195,8.399999999999999,7.458333333333343,0,10,terminal_mid,0.9511440622800376,0.9463405696136972
1473498,2025,15,6,1,1.3157894736842195,8.75,5.799999999999983,0,10,terminal_mid,0.9382650684215366,0.9328201720129661
1473499,2025,7,1,1,34.44444444444446,8.415584415584416,11.387500000000003,1,9,terminal_mid,0.8972433922053731,0.8632346437663664
1473499,2025,7,2,1,34.44444444444446,8.447368421052632,10.849999999999994,1,9,terminal_mid,0.8985856348120795,0.8647143762396751
1473499,2025,7,3,1,34.44444444444446,8.56,-3.5,2,8,terminal_mid,0.7911334008740175,0.7547799236842362
1473499,2025,7,4,1,34.44444444444446,8.594594594594595,-3.866666666666646,2,8,terminal_mid,0.7740935145548873,0.7384856909130727
1473499,2025,7,5,1,34.44444444444446,8.63013698630137,-4.2333333333333485,2,8,terminal_mid,0.7891338742983388,0.7528557878702827
1473499,2025,7,6,1,34.44444444444446,8.583333333333334,-3.6000000000000085,2,8,terminal_mid,0.8012658050429559,0.7645828934768258
1473499,2025,8,1,1,34.44444444444446,8.704225352112676,-4.966666666666654,2,8,terminal_mid,0.8033360287947422,0.7735653252835328
1473499,2025,8,2,1,34.44444444444446,8.485714285714286,-2.3333333333333144,2,8,terminal_mid,0.8122728993975108,0.7823091685545402
1473499,2025,8,3,1,34.44444444444446,8.521739130434783,-2.700000000000003,2,8,terminal_mid,0.8230318189776094,0.7929235321155667
1473499,2025,8,4,1,34.44444444444446,8.470588235294118,-2.066666666666663,2,8,terminal_mid,0.8174829704535824,0.7874368508953473
1473499,2025,8,5,1,34.44444444444446,8.507462686567164,-2.4333333333333087,2,8,terminal_mid,0.8212241307192112,0.7911331363499167
1473499,2025,8,6,1,34.44444444444446,8.09090909090909,2.200000000000017,2,8,terminal_mid,0.8718792889564881,0.8425518562862176
1473499,2025,9,1,1,34.44444444444446,8.123076923076923,1.8333333333333428,2,8,terminal_mid,0.8624163569701748,0.8301740412682738
1473499,2025,9,2,1,34.44444444444446,8.25,0.4666666666666828,2,8,terminal_mid,0.8608105660342324,0.8285490934779731
1473499,2025,9,3,1,34.44444444444446,8.38095238095238,-0.8999999999999915,2,8,terminal_mid,0.8659374310384114,0.8337496666024948
1473499,2025,9,4,1,34.44444444444446,8.516129032258064,-2.2666666666666657,2,8,terminal_mid,0.8613918453378615,0.829136899223111
1473499,2025,9,5,1,34.44444444444446,8.557377049180328,-2.6333333333333258,2,8,terminal_mid,0.8653825575489233,0.8331850366207668
1473499,2025,9,6,1,34.44444444444446,8.6,-3.0,2,8,terminal_mid,0.8616718572150446,0.8294202199051244
1473499,2025,10,1,1,34.44444444444446,8.338983050847459,-0.36666666666667425,2,8,terminal_mid,0.8749011884328858,0.8564395571139083
1473499,2025,10,2,1,34.44444444444446,8.379310344827587,-0.7333333333333201,2,8,terminal_mid,0.86925335449919,0.8507755885206828
1473499,2025,10,3,1,34.44444444444446,8.421052631578947,-1.0999999999999943,2,8,terminal_mid,0.8730944519791336,0.8546241846750794
1473499,2025,10,4,1,34.44444444444446,8.142857142857142,1.5333333333333314,2,8,terminal_mid,0.8853867117945535,0.8670432070578725
1473499,2025,10,5,1,34.44444444444446,8.181818181818182,1.1666666666666856,2,8,terminal_mid,0.8845771859143657,0.866220268748357
1473499,2025,10,6,1,34.44444444444446,8.11111111111111,1.8000000000000114,2,8,terminal_mid,0.8905080708410277,0.8722669666586277
1473499,2025,11,1,1,34.44444444444446,7.584905660377358,6.433333333333309,2,8,terminal_mid,0.939612130793156,0.9297045646463945
1473499,2025,11,2,1,34.44444444444446,7.615384615384615,6.066666666666663,2,8,terminal_mid,0.9388897292760797,0.9289443374316273
1473499,2025,11,3,1,34.44444444444446,7.764705882352942,-4.012499999999989,3,7,terminal_mid,0.8657062386044836,0.8552749449688775
1473499,2025,11,4,1,34.44444444444446,7.92,-5.208333333333314,3,7,terminal_mid,0.8402921759647808,0.8307425133669151
1473499,2025,11,5,1,34.44444444444446,8.081632653061224,-6.404166666666669,3,7,terminal_mid,0.8335080686338883,0.8242564344983545
1473499,2025,11,6,1,34.44444444444446,8.0,-5.599999999999994,3,7,terminal_mid,0.849380491710191,0.8394709110926832
1473499,2025,12,1,1,34.44444444444446,8.042553191489361,-5.79583333333332,3,7,terminal_mid,0.854875794818328,0.844155973363007
1473499,2025,12,2,1,34.44444444444446,8.08695652173913,-5.991666666666674,3,7,terminal_mid,0.8536105137169897,0.842907718991962
1473499,2025,12,3,1,34.44444444444446,8.133333333333333,-6.1875,3,7,terminal_mid,0.8650593299138081,0.8542353898241587
1473499,2025,12,4,1,34.44444444444446,8.045454545454545,-5.383333333333354,3,7,terminal_mid,0.8777099889488573,0.8668443916895534
1473499,2025,12,5,1,34.44444444444446,8.232558139534884,-6.57916666666668,3,7,terminal_mid,0.8669501110732847,0.8561135434730284
1473499,2025,12,6,1,34.44444444444446,8.285714285714285,-6.775000000000006,3,7,terminal_mid,0.8673929328931929,0.8565537228510358
1473499,2025,13,1,1,34.44444444444446,7.902439024390244,-3.9708333333333314,3,7,terminal_mid,0.8941792034528607,0.8860914612698138
1473499,2025,13,2,1,34.44444444444446,7.5,-1.1666666666666856,3,7,terminal_mid,0.9162079195655735,0.9086911553827111
1473499,2025,13,3,1,34.44444444444446,7.076923076923077,1.637500000000017,3,7,terminal_mid,0.9325733759557338,0.9256942220252806
1473499,2025,13,4,1,34.44444444444446,6.947368421052632,2.441666666666663,3,7,terminal_mid,0.9374505594768668,0.930803547353298
1473499,2025,13,5,1,34.44444444444446,6.972972972972972,2.245833333333337,3,7,terminal_mid,0.9345879323820219,0.9278021133313554
1473499,2025,13,6,1,34.44444444444446,7.0,2.049999999999983,3,7,terminal_mid,0.933676998961729,0.9268485394681439
1473499,2025,13,7,1,34.44444444444446,7.0285714285714285,1.8541666666666572,3,7,terminal_mid,0.9341374051647546,0.9273304063108678
1473499,2025,14,1,1,34.44444444444446,7.0285714285714285,1.8541666666666572,3,7,terminal_mid,0.9370072012827186,0.9302765728177045
1473499,2025,14,2,1,34.44444444444446,7.0588235294117645,1.658333333333303,3,7,terminal_mid,0.9376990394470119,0.9310049554305624
1473499,2025,14,3,1,34.44444444444446,6.90909090909091,2.4625000000000057,3,7,terminal_mid,0.9404887728842631,0.933946454518408
1473499,2025,14,4,1,34.44444444444446,6.9375,2.2666666666666515,3,7,terminal_mid,0.9393529999329615,0.9327480312212203
1473499,2025,14,5,1,34.44444444444446,6.967741935483872,2.070833333333354,3,7,terminal_mid,0.9383931509345946,0.9317361630404072
1473499,2025,14,6,1,34.44444444444446,7.0,1.875,3,7,terminal_mid,0.937524315663822,0.9308209619901247
1473499,2025,15,1,1,34.44444444444446,7.034482758620689,1.6791666666666742,3,7,terminal_mid,0.9368920741781318,0.9313864378228222
1473499,2025,15,2,1,34.44444444444446,7.071428571428571,1.48333333333332,3,7,terminal_mid,0.9364643441677527,0.9309400630160694
1473499,2025,15,3,1,34.44444444444446,6.888888888888889,2.2874999999999943,3,7,terminal_mid,0.9413346963050744,0.9360306365816327
1473499,2025,15,4,1,34.44444444444446,6.9230769230769225,2.0916666666666686,3,7,terminal_mid,0.9408392938705947,0.9355120237003207
1473499,2025,15,5,1,34.44444444444446,6.720000000000001,2.895833333333343,3,7,terminal_mid,0.9521114641558787,0.9473618550095294
1473499,2025,15,6,1,34.44444444444446,6.75,2.6999999999999886,3,7,terminal_mid,0.9531364107292533,0.9484448418996517
1473500,2025,7,1,1,-10.75,9.506493506493507,-13.007499999999993,1,9,terminal_mid,0.5435471983050407,0.5322779028883948
1473500,2025,7,2,1,-10.75,9.552631578947368,-13.41000000000001,1,9,terminal_mid,0.5446406839424307,0.5332214524586304
1473500,2025,7,3,1,-10.75,9.600000000000001,-13.8125,1,9,terminal_mid,0.5338461804820385,0.5239125393190129
1473500,2025,7,4,1,-10.75,9.243243243243244,-9.21499999999999,1,9,terminal_mid,0.6141542797069504,0.5935844792585269
1473500,2025,7,5,1,-10.75,9.04109589041096,-6.617500000000007,1,9,terminal_mid,0.6505323294032758,0.625610907058416
1473500,2025,7,6,1,-10.75,8.833333333333334,-4.019999999999996,1,9,terminal_mid,0.6944294358491685,0.6648539288123829
1473500,2025,8,1,1,-10.75,8.873239436619718,-4.422499999999999,1,9,terminal_mid,0.6934195307772659,0.670134346246055
1473500,2025,8,2,1,-10.75,9.0,-5.825000000000003,1,9,terminal_mid,0.6753808593880464,0.6537006319264027
1473500,2025,8,3,1,-10.75,9.043478260869566,-6.227500000000006,1,9,terminal_mid,0.6679136490612706,0.6469303370892828
1473500,2025,8,4,1,-10.75,9.176470588235293,-7.6299999999999955,1,9,terminal_mid,0.6486957548394462,0.6295849048082424
1473500,2025,8,5,1,-10.75,9.313432835820896,-9.032499999999985,1,9,terminal_mid,0.6309595530349894,0.6136671493835449
1473500,2025,8,6,1,-10.75,9.363636363636363,-9.434999999999974,1,9,terminal_mid,0.6247576873659082,0.6081194192342707
1473500,2025,9,1,1,-10.75,8.953846153846154,-4.8374999999999915,1,9,terminal_mid,0.6911742581393356,0.6701354576820799
1473500,2025,9,2,1,-10.75,9.0,-5.240000000000009,1,9,terminal_mid,0.7046756510131843,0.6820923744327133
1473500,2025,9,3,1,-10.75,9.047619047619047,-5.642499999999998,1,9,terminal_mid,0.7006919828370883,0.6785567496951191
1473500,2025,9,4,1,-10.75,9.193548387096774,-7.0449999999999875,1,9,terminal_mid,0.6701571793226493,0.6516585196624195
1473500,2025,9,5,1,-10.75,9.245901639344261,-7.447499999999991,1,9,terminal_mid,0.6681615919671855,0.6499119438138471
1473500,2025,9,6,1,-10.75,9.3,-7.8500000000000085,1,9,terminal_mid,0.6580939257393943,0.6411194476587604
1473500,2025,10,1,1,-10.75,9.35593220338983,-8.252499999999998,1,9,terminal_mid,0.6573365348349713,0.6520255052244256
1473500,2025,10,2,1,-10.75,9.413793103448276,-8.654999999999987,1,9,terminal_mid,0.6534774613114521,0.6485466760902373
1473500,2025,10,3,1,-10.75,8.947368421052632,-4.0575000000000045,1,9,terminal_mid,0.7266014958230852,0.7150033571597328
1473500,2025,10,4,1,-10.75,9.107142857142858,-5.459999999999994,1,9,terminal_mid,0.7024080705816318,0.6928721650335278
1473500,2025,10,5,1,-10.75,8.618181818181817,-0.8624999999999972,1,9,terminal_mid,0.7722837067556722,0.7573265304163987
1473500,2025,10,6,1,-10.75,8.666666666666666,-1.2650000000000006,1,9,terminal_mid,0.7715633297474218,0.7566526708587596
1473500,2025,11,1,1,-10.75,8.60377358490566,-0.667500000000004,1,9,terminal_mid,0.7774499149534484,0.7714459857850077
1473500,2025,11,2,1,-10.75,8.653846153846153,-1.0699999999999932,1,9,terminal_mid,0.7738327591095286,0.7680781825808775
1473500,2025,11,3,1,-10.75,8.823529411764707,-2.4724999999999824,1,9,terminal_mid,0.758742766399394,0.754070199397856
1473500,2025,11,4,1,-10.75,8.879999999999999,-2.875,1,9,terminal_mid,0.7562219481386723,0.7517363061843149
1473500,2025,11,5,1,-10.75,8.938775510204081,-3.2775000000000176,1,9,terminal_mid,0.7536990483755874,0.7494021519916471
1473500,2025,11,6,1,-10.75,8.375,1.3200000000000216,1,9,terminal_mid,0.8372539004456745,0.8278347179735963
1473500,2025,11,7,1,-10.75,8.553191489361701,-0.08249999999999602,1,9,terminal_mid,0.8097315020272988,0.8017009977952708
1473500,2025,12,1,1,-10.75,8.042553191489361,3.917500000000004,1,9,terminal_mid,0.893374382087492,0.8826091529304716
1473500,2025,12,2,1,-10.75,8.08695652173913,3.5150000000000006,1,9,terminal_mid,0.889958579682036,0.8791559279871334
1473500,2025,12,3,1,-10.75,8.133333333333333,3.112499999999997,1,9,terminal_mid,0.8985002771913987,0.887808666542926
1473500,2025,12,4,1,-10.75,8.181818181818182,2.7099999999999937,1,9,terminal_mid,0.8918095829098577,0.8810260823355287
1473500,2025,12,5,1,-10.75,8.232558139534884,2.3075000000000045,1,9,terminal_mid,0.8919088666370893,0.8811264683044154
1473500,2025,12,6,1,-10.75,8.285714285714285,1.9050000000000011,1,9,terminal_mid,0.8842045712088231,0.8733588988237017
1473500,2025,12,7,1,-10.75,7.902439024390244,4.502499999999998,1,9,terminal_mid,0.9236303644474052,0.9136448520129399
1473500,2025,13,1,1,-10.75,7.7560975609756095,5.502499999999998,1,9,terminal_mid,0.9541473993295129,0.948472986217557
1473500,2025,13,2,1,-10.75,7.949999999999999,-2.133333333333354,2,8,terminal_mid,0.8683539695860425,0.8599306949666792
1473500,2025,13,3,1,-10.75,8.0,-2.3799999999999955,2,8,terminal_mid,0.8558594721622725,0.8473809915936638
1473500,2025,13,4,1,-10.75,8.052631578947368,-2.626666666666665,2,8,terminal_mid,0.8557214767355434,0.8472427357300125
1473500,2025,13,5,1,-10.75,8.108108108108109,-2.873333333333335,2,8,terminal_mid,0.844837983541981,0.8363612824947004
1473500,2025,13,6,1,-10.75,8.333333333333332,-9.730000000000018,3,7,terminal_mid,0.735679833264484,0.7291018866594319
1473500,2025,14,1,1,-10.75,8.399999999999999,-9.820833333333354,3,7,terminal_mid,0.7338050777460338,0.7264010207228229
1473500,2025,14,2,1,-10.75,8.647058823529411,-10.91166666666669,3,7,terminal_mid,0.7192953621471356,0.7122785822853611
1473500,2025,14,3,1,-10.75,8.90909090909091,-12.002499999999998,3,7,terminal_mid,0.6788105964869446,0.6730363415912394
1473500,2025,14,4,1,-10.75,8.0625,-7.093333333333334,3,7,terminal_mid,0.7979394776218705,0.789301095396073
1473500,2025,14,5,1,-10.75,7.548387096774194,-4.184166666666641,3,7,terminal_mid,0.8881308941431911,0.8796972805306399
1473500,2025,14,6,1,-10.75,7.6,-4.275000000000006,3,7,terminal_mid,0.8961072352724393,0.8878512636376603
1473500,2025,15,1,1,-10.75,7.448275862068966,-3.3658333333333417,3,7,terminal_mid,0.9135377728444032,0.9071865328118177
1473500,2025,15,2,1,-10.75,6.857142857142857,-0.45666666666667766,3,7,terminal_mid,0.9585443225962624,0.9541760473916328
1473500,2025,15,3,1,-10.75,6.888888888888889,-0.5475000000000136,3,7,terminal_mid,0.9587824473300611,0.9544290987293111
1473500,2025,15,4,1,-10.75,6.9230769230769225,-0.6383333333333496,3,7,terminal_mid,0.957527310938601,0.9530959627746074
1473500,2025,15,5,1,-10.75,7.199999999999999,-5.625,4,6,terminal_mid,0.8959955892681715,0.8892053169763863
1473500,2025,15,6,1,-10.75,6.25,-1.5600000000000023,4,6,terminal_mid,0.9527642588843477,0.948051501545376
1473500,2025,15,7,1,-10.75,6.521739130434782,-2.4950000000000045,4,6,terminal_mid,0.9450178741371575,0.9398923986014314
1473500,2025,15,8,1,-10.75,6.545454545454545,-2.430000000000007,4,6,terminal_mid,0.9421943719179395,0.9369310381520802
1473501,2025,7,1,0,3.235294117647072,9.896103896103895,-45.14999999999999,3,7,terminal_mid,0.37878906686455505,0.3902568816160083
1473501,2025,7,2,0,3.235294117647072,10.026315789473685,-46.19999999999999,3,7,terminal_mid,0.3753540193368434,0.38726878940372034
1473501,2025,7,3,0,3.235294117647072,10.08,-46.25,3,7,terminal_mid,0.35961738166830415,0.37354737257673504
1473501,2025,7,4,0,3.235294117647072,10.216216216216216,-47.30000000000001,3,7,terminal_mid,0.34394841145446275,0.35982583846968896
1473501,2025,7,5,0,3.235294117647072,10.356164383561644,-48.35000000000001,3,7,terminal_mid,0.32253909630150945,0.3409657951521742
1473501,2025,7,6,0,3.235294117647072,10.5,-60.2,4,6,terminal_mid,0.13251243059422696,0.1629445438094416
1473501,2025,8,1,0,3.235294117647072,10.647887323943662,-61.10000000000001,4,6,terminal_mid,0.14218894814171318,0.16951063897780103
1473501,2025,8,2,0,3.235294117647072,10.714285714285715,-60.999999999999986,4,6,terminal_mid,0.15199589303365924,0.17941085104434423
1473501,2025,8,3,0,3.235294117647072,10.782608695652174,-60.900000000000006,4,6,terminal_mid,0.14617556763396033,0.17354765645736261
1473501,2025,8,4,0,3.235294117647072,10.852941176470589,-60.80000000000001,4,6,terminal_mid,0.16370402886055185,0.19110110658955742
1473501,2025,8,5,0,3.235294117647072,10.925373134328357,-60.7,4,6,terminal_mid,0.16076865233319504,0.1881827711058703
1473501,2025,8,6,0,3.235294117647072,10.545454545454545,-55.599999999999994,4,6,terminal_mid,0.2486039819048578,0.27261786756496337
1473501,2025,9,1,0,3.235294117647072,10.707692307692309,-56.500000000000014,4,6,terminal_mid,0.245805274174071,0.2821366636723003
1473501,2025,9,2,0,3.235294117647072,10.875,-67.0,5,5,terminal_mid,0.08626326437117293,0.12022974599545051
1473501,2025,9,3,0,3.235294117647072,11.047619047619047,-67.75,5,5,terminal_mid,0.08728689450552482,0.12139953197196794
1473501,2025,9,4,0,3.235294117647072,11.225806451612902,-68.5,5,5,terminal_mid,0.08063775998692566,0.11375117014099871
1473501,2025,9,5,0,3.235294117647072,11.40983606557377,-69.25,5,5,terminal_mid,0.07380194437409406,0.10575796829244345
1473501,2025,9,6,0,3.235294117647072,11.5,-69.0,5,5,terminal_mid,0.07777181161691998,0.11041676061179673
1473501,2025,10,1,0,3.235294117647072,11.694915254237287,-69.75,5,5,terminal_mid,0.06859451323707026,0.09191013635197073
1473501,2025,10,2,0,3.235294117647072,11.482758620689655,-66.5,5,5,terminal_mid,0.09016039478040459,0.1166220266352823
1473501,2025,10,3,0,3.235294117647072,11.578947368421053,-66.25,5,5,terminal_mid,0.08821591857465721,0.11443230435875817
1473501,2025,10,4,0,3.235294117647072,11.357142857142858,-63.0,5,5,terminal_mid,0.11065771313885625,0.1393115304469196
1473501,2025,10,5,0,3.235294117647072,11.454545454545455,-62.75,5,5,terminal_mid,0.11511670109177181,0.14416081196032762
1473501,2025,10,6,0,3.235294117647072,11.0,-57.5,5,5,terminal_mid,0.19833991623131225,0.2304675098930631
1473501,2025,11,1,0,3.235294117647072,11.09433962264151,-57.25,5,5,terminal_mid,0.206408198770408,0.23898465508627212
1473501,2025,11,2,0,3.235294117647072,11.307692307692307,-58.0,5,5,terminal_mid,0.2116480641297152,0.24429412362113487
1473501,2025,11,3,0,3.235294117647072,11.529411764705882,-58.75,5,5,terminal_mid,0.20226020493827626,0.2347683235326918
1473501,2025,11,4,0,3.235294117647072,11.64,-58.5,5,5,terminal_mid,0.23002075471342526,0.2627706281002126
1473501,2025,11,5,0,3.235294117647072,11.877551020408163,-59.25,5,5,terminal_mid,0.2005065290237045,0.23298216393052895
1473501,2025,11,6,0,3.235294117647072,12.125,-60.0,5,5,terminal_mid,0.1402603356788181,0.17013669064796222
1473501,2025,12,1,0,3.235294117647072,12.127659574468087,-58.75,5,5,terminal_mid,0.1479767824013728,0.16936251566109836
1473501,2025,12,2,0,3.235294117647072,12.260869565217392,-58.5,5,5,terminal_mid,0.14059965027017884,0.16168157478210468
1473501,2025,12,3,0,3.235294117647072,12.533333333333335,-59.25,5,5,terminal_mid,0.13399176109059124,0.15476605112874667
1473501,2025,12,4,0,3.235294117647072,12.272727272727273,-56.0,5,5,terminal_mid,0.16525746119281018,0.18720273995239065
1473501,2025,12,5,0,3.235294117647072,12.558139534883722,-56.75,5,5,terminal_mid,0.1568280673863494,0.17852605619257933
1473501,2025,12,6,0,3.235294117647072,12.285714285714285,-53.5,5,5,terminal_mid,0.18609240899039017,0.20845592966110899
1473501,2025,13,1,0,3.235294117647072,12.439024390243903,-53.25,5,5,terminal_mid,0.18396246972591532,0.19591790876881535
1473501,2025,13,2,0,3.235294117647072,12.149999999999999,-50.0,5,5,terminal_mid,0.2604895804375182,0.2718089777906352
1473501,2025,13,3,0,3.235294117647072,12.461538461538463,-50.75,5,5,terminal_mid,0.21558209267309453,0.22747045616136324
1473501,2025,13,4,0,3.235294117647072,12.631578947368421,-50.5,5,5,terminal_mid,0.21713938962078816,0.22901673385429136
1473501,2025,13,5,0,3.235294117647072,12.81081081081081,-50.25,5,5,terminal_mid,0.20652183631757437,0.21846057664941418
1473501,2025,13,6,0,3.235294117647072,13.0,-50.0,5,5,terminal_mid,0.19761579020755948,0.20958032131492269
1473501,2025,14,1,0,3.235294117647072,13.371428571428572,-50.75,5,5,terminal_mid,0.18193326010380795,0.1923787148081018
1473501,2025,14,2,0,3.235294117647072,13.76470588235294,-56.60000000000002,6,4,terminal_mid,0.048794722230949786,0.055225611021449544
1473501,2025,14,3,0,3.235294117647072,14.181818181818183,-57.19999999999999,6,4,terminal_mid,0.04009423709169309,0.0458108716093698
1473501,2025,14,4,0,3.235294117647072,14.4375,-56.79999999999998,6,4,terminal_mid,0.044895524395520636,0.05101824509661854
1473501,2025,14,5,0,3.235294117647072,14.903225806451612,-62.05000000000001,7,3,terminal_mid,0.007268281003354729,0.008976046630929517
1473501,2025,14,6,0,3.235294117647072,15.2,-61.5,7,3,terminal_mid,0.0065405189377604174,0.00811469224535465
1473501,2025,15,1,0,3.235294117647072,15.517241379310345,-60.94999999999999,7,3,terminal_mid,0.005823769002079956,0.00696124996380918
1473501,2025,15,2,0,3.235294117647072,15.642857142857142,-59.400000000000006,7,3,terminal_mid,0.006236543115298643,0.0074365617829632
1473501,2025,15,3,0,3.235294117647072,16.22222222222222,-63.900000000000006,8,2,terminal_mid,0.004799096033733334,0.00577582676588048
1473501,2025,15,4,0,3.235294117647072,16.615384615384613,-63.19999999999999,8,2,terminal_mid,0.004668140279665501,0.005623703475003356
1473501,2025,15,5,0,3.235294117647072,17.04,-62.5,8,2,terminal_mid,0.004617315280223266,0.005564621979742751
1473501,2025,15,6,0,3.235294117647072,17.75,-62.79999999999998,8,2,terminal_mid,0.004629589612987968,0.005578892407482533
1473502,2025,7,1,0,52.20689655172413,12.38961038961039,-22.287499999999994,1,9,terminal_mid,0.2352635943218085,0.2622141747867336
1473502,2025,7,2,0,52.20689655172413,12.236842105263158,-20.05000000000001,1,9,terminal_mid,0.25132537561210433,0.27698770139680584
1473502,2025,7,3,0,52.20689655172413,12.32,-20.8125,1,9,terminal_mid,0.2451274532835322,0.27130472065559974
1473502,2025,7,4,0,52.20689655172413,12.324324324324323,-20.57499999999999,1,9,terminal_mid,0.246060159839592,0.2721613315327898
1473502,2025,7,5,0,52.20689655172413,12.410958904109588,-21.337500000000006,1,9,terminal_mid,0.24547646699096531,0.27162531849016436
1473502,2025,7,6,0,52.20689655172413,12.583333333333334,-37.2,2,8,terminal_mid,0.1557130257395085,0.1862683524331291
1473502,2025,8,1,0,52.20689655172413,12.676056338028168,-37.76666666666665,2,8,terminal_mid,0.16722109657342787,0.1945871259687977
1473502,2025,8,2,0,52.20689655172413,12.771428571428572,-38.3333333333333,2,8,terminal_mid,0.15864204282287192,0.18606335041668348
1473502,2025,8,3,0,52.20689655172413,12.869565217391305,-38.900000000000006,2,8,terminal_mid,0.15680692353499118,0.184230887663665
1473502,2025,8,4,0,52.20689655172413,12.970588235294116,-39.46666666666667,2,8,terminal_mid,0.14629858490140046,0.17367195254268195
1473502,2025,8,5,0,52.20689655172413,12.805970149253731,-37.0333333333333,2,8,terminal_mid,0.16342382023475663,0.19082287665082906
1473502,2025,8,6,0,52.20689655172413,12.909090909090908,-37.599999999999994,2,8,terminal_mid,0.15877415767534925,0.186195146549079
1473502,2025,9,1,0,52.20689655172413,13.015384615384615,-38.16666666666666,2,8,terminal_mid,0.15423281001188963,0.19326163463451937
1473502,2025,9,2,0,52.20689655172413,13.125,-38.73333333333332,2,8,terminal_mid,0.1448987828301656,0.18369117977860056
1473502,2025,9,3,0,52.20689655172413,13.333333333333334,-52.63750000000002,3,7,terminal_mid,0.06972013460409746,0.10091666325203967
1473502,2025,9,4,0,52.20689655172413,13.548387096774196,-54.008333333333326,3,7,terminal_mid,0.06556576867048203,0.09593259653292655
1473502,2025,9,5,0,52.20689655172413,13.770491803278688,-55.37916666666669,3,7,terminal_mid,0.06283748523567068,0.09262640529165987
1473502,2025,9,6,0,52.20689655172413,13.900000000000002,-55.75,3,7,terminal_mid,0.06918947316178939,0.1002832841770203
1473502,2025,10,1,0,52.20689655172413,14.033898305084746,-56.12083333333334,3,7,terminal_mid,0.06720020173114588,0.09027707169538869
1473502,2025,10,2,0,52.20689655172413,14.172413793103448,-56.491666666666646,3,7,terminal_mid,0.06615563959628634,0.08905050490662857
1473502,2025,10,3,0,52.20689655172413,14.315789473684209,-56.86249999999998,3,7,terminal_mid,0.06724290102981638,0.09032715330673127
1473502,2025,10,4,0,52.20689655172413,14.357142857142858,-56.23333333333335,3,7,terminal_mid,0.06978950631434942,0.09330600696408153
1473502,2025,10,5,0,52.20689655172413,14.509090909090908,-56.604166666666686,3,7,terminal_mid,0.0646130260485656,0.08723408560249085
1473502,2025,10,6,0,52.20689655172413,14.333333333333332,-53.97500000000002,3,7,terminal_mid,0.07656067038289618,0.10115297047336724
1473502,2025,11,1,0,52.20689655172413,13.924528301886793,-49.34583333333336,3,7,terminal_mid,0.10858637920373099,0.13566972900051566
1473502,2025,11,2,0,52.20689655172413,14.192307692307693,-50.71666666666667,3,7,terminal_mid,0.0995255755542289,0.12557822653941694
1473502,2025,11,3,0,52.20689655172413,14.352941176470587,-51.087500000000006,3,7,terminal_mid,0.10236259132934872,0.12875032305831774
1473502,2025,11,4,0,52.20689655172413,13.919999999999998,-46.458333333333314,3,7,terminal_mid,0.14023133509568506,0.1701056476200553
1473502,2025,11,5,0,52.20689655172413,14.081632653061225,-46.82916666666665,3,7,terminal_mid,0.1318655665470902,0.1611136675828158
1473502,2025,11,6,0,52.20689655172413,14.25,-47.19999999999999,3,7,terminal_mid,0.12751898381303578,0.15641164107730024
1473502,2025,12,1,0,52.20689655172413,14.297872340425531,-46.570833333333326,3,7,terminal_mid,0.13319314768460286,0.1539279012145175
1473502,2025,12,2,0,52.20689655172413,14.478260869565219,-46.94166666666666,3,7,terminal_mid,0.1285076946351163,0.1489999325925137
1473502,2025,12,3,0,52.20689655172413,14.666666666666668,-47.3125,3,7,terminal_mid,0.1247130084600236,0.1449952941925372
1473502,2025,12,4,0,52.20689655172413,14.863636363636363,-47.68333333333334,3,7,terminal_mid,0.11881205064210057,0.13874283133855897
1473502,2025,12,5,0,52.20689655172413,15.069767441860465,-48.054166666666674,3,7,terminal_mid,0.11383622986045269,0.13344597416814524
1473502,2025,12,6,0,52.20689655172413,15.285714285714285,-48.42500000000001,3,7,terminal_mid,0.10346003698812095,0.12232320755681425
1473502,2025,12,7,0,52.20689655172413,15.658536585365855,-49.79583333333335,3,7,terminal_mid,0.0891476977562978,0.1067934911342588
1473502,2025,13,1,0,52.20689655172413,15.073170731707318,-45.79583333333335,3,7,terminal_mid,0.12138876425125264,0.1323955187373412
1473502,2025,13,2,0,52.20689655172413,15.149999999999999,-45.166666666666686,3,7,terminal_mid,0.12460822207264863,0.13570667393436328
1473502,2025,13,3,0,52.20689655172413,14.923076923076923,-42.537499999999994,3,7,terminal_mid,0.13872684107894834,0.15016636986532786
1473502,2025,13,4,0,52.20689655172413,15.315789473684212,-43.90833333333333,3,7,terminal_mid,0.12723147026441112,0.13840069985924225
1473502,2025,13,5,0,52.20689655172413,15.567567567567568,-44.27916666666667,3,7,terminal_mid,0.12030051500947225,0.1312750464311139
1473502,2025,13,6,0,52.20689655172413,15.0,-39.650000000000006,3,7,terminal_mid,0.15953225528579754,0.17130956413518653
1473502,2025,14,1,0,52.20689655172413,14.399999999999999,-35.02083333333334,3,7,terminal_mid,0.21108356248983087,0.22139870509175746
1473502,2025,14,2,0,52.20689655172413,14.647058823529413,-35.39166666666668,3,7,terminal_mid,0.20275641157026283,0.2131333903297135
1473502,2025,14,3,0,52.20689655172413,14.727272727272727,-34.76249999999999,3,7,terminal_mid,0.20678655232363893,0.2171359385672775
1473502,2025,14,4,0,52.20689655172413,14.4375,-32.133333333333326,3,7,terminal_mid,0.22779128240734753,0.23792826609271858
1473502,2025,14,5,0,52.20689655172413,13.741935483870968,-27.504166666666663,3,7,terminal_mid,0.2806577442354895,0.28982168609261305
1473502,2025,14,6,0,52.20689655172413,14.2,-28.875,3,7,terminal_mid,0.25839049169227857,0.26803328353074835
1473502,2025,15,1,0,52.20689655172413,13.862068965517242,-26.245833333333337,3,7,terminal_mid,0.27524353887311226,0.28254862949482773
1473502,2025,15,2,0,52.20689655172413,13.07142857142857,-21.616666666666674,3,7,terminal_mid,0.3427398849048935,0.34849316480231035
1473502,2025,15,3,0,52.20689655172413,12.666666666666668,-18.98750000000001,3,7,terminal_mid,0.3814980138281914,0.38615087708880125
1473502,2025,15,4,0,52.20689655172413,12.923076923076923,-19.35833333333335,3,7,terminal_mid,0.3667281474874856,0.37181475943636955
1473502,2025,15,5,0,52.20689655172413,13.440000000000001,-20.729166666666657,3,7,terminal_mid,0.33372053182708883,0.33971086165611614
1473502,2025,15,6,0,52.20689655172413,13.75,-21.099999999999994,3,7,terminal_mid,0.32158931447552264,0.32788546755894393
1473502,2025,15,7,0,52.20689655172413,14.086956521739133,-21.47083333333333,3,7,terminal_mid,0.3116394845508554,0.3181745334784354
1473503,2025,7,1,0,58.63157894736841,11.532467532467532,-13.597499999999997,1,9,terminal_mid,0.282775079507852,0.3055149884129139
1473503,2025,7,2,0,58.63157894736841,11.605263157894736,-14.330000000000013,1,9,terminal_mid,0.2808016869293729,0.3037389488543329
1473503,2025,7,3,0,58.63157894736841,11.76,-16.0625,1,9,terminal_mid,0.2639473753929362,0.2884962242299127
1473503,2025,7,4,0,58.63157894736841,11.594594594594595,-13.794999999999987,1,9,terminal_mid,0.27577727373608363,0.29920904657724057
1473503,2025,7,5,0,58.63157894736841,11.67123287671233,-14.527500000000003,1,9,terminal_mid,0.2692599839172586,0.2933156014012695
1473503,2025,7,6,0,58.63157894736841,11.333333333333332,-10.259999999999991,1,9,terminal_mid,0.31036002690226355,0.33017109367181596
1473503,2025,8,1,0,58.63157894736841,11.408450704225352,-10.992500000000007,1,9,terminal_mid,0.29106875323153913,0.3118319496691146
1473503,2025,8,2,0,58.63157894736841,11.057142857142857,-6.724999999999994,1,9,terminal_mid,0.3557334121296216,0.3702682161522062
1473503,2025,8,3,0,58.63157894736841,11.130434782608695,-7.45750000000001,1,9,terminal_mid,0.3529958211377913,0.36781839183887394
1473503,2025,8,4,0,58.63157894736841,11.117647058823529,-7.189999999999998,1,9,terminal_mid,0.3499009145950935,0.36504663179859087
1473503,2025,8,5,0,58.63157894736841,11.194029850746269,-7.922499999999985,1,9,terminal_mid,0.3519059883410581,0.36684261781845956
1473503,2025,8,6,0,58.63157894736841,11.272727272727273,-8.654999999999973,1,9,terminal_mid,0.3517096166860231,0.3666667671810889
1473503,2025,9,1,0,58.63157894736841,11.26153846153846,-8.387499999999989,1,9,terminal_mid,0.3807790742964448,0.4030885465482861
1473503,2025,9,2,0,58.63157894736841,11.34375,-9.120000000000005,1,9,terminal_mid,0.3482493225717118,0.3746309842058226
1473503,2025,9,3,0,58.63157894736841,11.428571428571427,-9.852499999999992,1,9,terminal_mid,0.33040669364701225,0.35887091670069593
1473503,2025,9,4,0,58.63157894736841,11.225806451612902,-7.5849999999999795,1,9,terminal_mid,0.3780431390799466,0.40070722645877876
1473503,2025,9,5,0,58.63157894736841,11.40983606557377,-9.317499999999995,1,9,terminal_mid,0.34705165399382937,0.37357673680606485
1473503,2025,9,6,0,58.63157894736841,11.399999999999999,-9.050000000000011,1,9,terminal_mid,0.35465676306437466,0.38026276197345465
1473503,2025,10,1,0,58.63157894736841,11.491525423728813,-9.782499999999999,1,9,terminal_mid,0.34584041160271256,0.37147916530239805
1473503,2025,10,2,0,58.63157894736841,11.586206896551724,-10.514999999999986,1,9,terminal_mid,0.3488700652858067,0.3742769294813061
1473503,2025,10,3,0,58.63157894736841,11.789473684210526,-12.247500000000002,1,9,terminal_mid,0.3308034639561948,0.35754868325804146
1473503,2025,10,4,0,58.63157894736841,12.0,-24.76000000000002,2,8,terminal_mid,0.23270090245382113,0.26436245386851026
1473503,2025,10,5,0,58.63157894736841,12.10909090909091,-25.299999999999983,2,8,terminal_mid,0.24284562992918377,0.27422355740154697
1473503,2025,10,6,0,58.63157894736841,11.666666666666666,-20.839999999999975,2,8,terminal_mid,0.29690474190056126,0.3258428933302377
1473503,2025,11,1,0,58.63157894736841,11.773584905660378,-21.380000000000024,2,8,terminal_mid,0.2786662969813483,0.3107605165418168
1473503,2025,11,2,0,58.63157894736841,11.884615384615385,-21.919999999999987,2,8,terminal_mid,0.2881645364813615,0.31999238197218566
1473503,2025,11,3,0,58.63157894736841,12.117647058823529,-33.2775,3,7,terminal_mid,0.19300923972647357,0.22532131145157636
1473503,2025,11,4,0,58.63157894736841,11.64,-28.62499999999997,3,7,terminal_mid,0.21690542623493697,0.24960305861589485
1473503,2025,11,5,0,58.63157894736841,11.755102040816325,-28.972499999999997,3,7,terminal_mid,0.20791437699468357,0.2405127322713777
1473503,2025,11,6,0,58.63157894736841,11.875,-29.319999999999993,3,7,terminal_mid,0.20391542717922329,0.23645223830039067
1473503,2025,11,7,0,58.63157894736841,12.0,-29.66749999999999,3,7,terminal_mid,0.19941950655126872,0.23187392045742525
1473503,2025,11,8,0,58.63157894736841,12.260869565217392,-31.015000000000015,3,7,terminal_mid,0.1933411016057979,0.22566127431090413
1473503,2025,12,1,0,58.63157894736841,11.48936170212766,-25.66749999999999,3,7,terminal_mid,0.2381597453540245,0.26054560950073263
1473503,2025,12,2,0,58.63157894736841,11.73913043478261,-27.015000000000015,3,7,terminal_mid,0.25278357216639596,0.2749531834402367
1473503,2025,12,3,0,58.63157894736841,11.733333333333333,-26.36250000000001,3,7,terminal_mid,0.26315908546612227,0.2851239132625464
1473503,2025,12,4,0,58.63157894736841,11.727272727272727,-25.710000000000008,3,7,terminal_mid,0.2625992085026245,0.28457612857263065
1473503,2025,12,5,0,58.63157894736841,11.86046511627907,-26.057500000000033,3,7,terminal_mid,0.259170936255365,0.2812193374248534
1473503,2025,12,6,0,58.63157894736841,12.0,-26.405,3,7,terminal_mid,0.25361286260259475,0.27576763075526006
1473503,2025,13,1,0,58.63157894736841,11.707317073170731,-23.752499999999998,3,7,terminal_mid,0.28954435186871014,0.3002530146326167
1473503,2025,13,2,0,58.63157894736841,11.100000000000001,-19.100000000000023,3,7,terminal_mid,0.34495715284082556,0.35408637753264555
1473503,2025,13,3,0,58.63157894736841,11.23076923076923,-19.44749999999999,3,7,terminal_mid,0.3432833808867282,0.35246707837284985
1473503,2025,13,4,0,58.63157894736841,11.210526315789474,-18.794999999999987,3,7,terminal_mid,0.3517188090681434,0.3606242101748376
1473503,2025,13,5,0,58.63157894736841,11.35135135135135,-19.142500000000013,3,7,terminal_mid,0.3494680306646375,0.358448598337156
1473503,2025,13,6,0,58.63157894736841,11.5,-19.49000000000001,3,7,terminal_mid,0.3381052765256595,0.3474550841276447
1473503,2025,14,1,0,58.63157894736841,11.657142857142857,-19.837500000000006,3,7,terminal_mid,0.33602239375584625,0.3436435074467201
1473503,2025,14,2,0,58.63157894736841,11.823529411764707,-20.18500000000003,3,7,terminal_mid,0.3072723291078988,0.3157512623969173
1473503,2025,14,3,0,58.63157894736841,12.181818181818182,-21.5325,3,7,terminal_mid,0.29741442978413185,0.30616030451909093
1473503,2025,14,4,0,58.63157894736841,12.375,-21.879999999999995,3,7,terminal_mid,0.2915079539177807,0.3004064830152386
1473503,2025,14,5,0,58.63157894736841,12.774193548387096,-23.227499999999992,3,7,terminal_mid,0.2820068160634326,0.291138848984154
1473503,2025,14,6,0,58.63157894736841,13.0,-23.57499999999999,3,7,terminal_mid,0.27888240532147546,0.2880878541344727
1473503,2025,15,1,0,58.63157894736841,12.620689655172413,-20.922499999999985,3,7,terminal_mid,0.31847126283377164,0.3248434761792092
1473503,2025,15,2,0,58.63157894736841,12.857142857142858,-21.27000000000001,3,7,terminal_mid,0.30848038147628426,0.31508890589482885
1473503,2025,15,3,0,58.63157894736841,13.11111111111111,-21.617500000000007,3,7,terminal_mid,0.2961983736809973,0.30308108565241465
1473503,2025,15,4,0,58.63157894736841,13.615384615384615,-27.97,4,6,terminal_mid,0.20948155579197197,0.21765701627962095
1473503,2025,15,5,0,58.63157894736841,13.919999999999998,-28.125,4,6,terminal_mid,0.22550034637098126,0.23353667604384504
1473503,2025,15,6,0,58.63157894736841,14.5,-33.900000000000006,5,5,terminal_mid,0.12021540034042155,0.12797634284195908
1473504,2025,7,1,0,45.46666666666667,14.493506493506494,-81.69166666666666,3,7,terminal_mid,0.019268061312344126,0.03229576312587949
1473504,2025,7,2,0,45.46666666666667,14.605263157894736,-82.03333333333333,3,7,terminal_mid,0.017267390123853647,0.029426014263972077
1473504,2025,7,3,0,45.46666666666667,14.8,-83.375,3,7,terminal_mid,0.0162303675168225,0.02791791937180209
1473504,2025,7,4,0,45.46666666666667,14.594594594594595,-79.71666666666667,3,7,terminal_mid,0.021121872455714393,0.03491240779571971
1473504,2025,7,5,0,45.46666666666667,14.712328767123289,-80.05833333333334,3,7,terminal_mid,0.020750739527371012,0.03439161840125612
1473504,2025,7,6,0,45.46666666666667,14.416666666666666,-75.4,3,7,terminal_mid,0.02876385717024213,0.04534269245377641
1473504,2025,7,7,0,45.46666666666667,14.535211267605632,-75.74166666666667,3,7,terminal_mid,0.028936924339507588,0.04557316009740094
1473504,2025,8,1,0,45.46666666666667,14.450704225352112,-74.74166666666667,3,7,terminal_mid,0.030153735743317398,0.04475937241327387
1473504,2025,8,2,0,45.46666666666667,14.57142857142857,-75.08333333333334,3,7,terminal_mid,0.02921169866751861,0.04354561911777042
1473504,2025,8,3,0,45.46666666666667,14.695652173913045,-75.42500000000001,3,7,terminal_mid,0.028065846402534195,0.042061677959316035
1473504,2025,8,4,0,45.46666666666667,14.558823529411764,-72.76666666666668,3,7,terminal_mid,0.0384862871433522,0.05527687553963473
1473504,2025,8,5,0,45.46666666666667,14.686567164179104,-73.10833333333332,3,7,terminal_mid,0.0372544258714452,0.05374471433102838
1473504,2025,8,6,0,45.46666666666667,14.90909090909091,-74.44999999999999,3,7,terminal_mid,0.033348850529753275,0.048836650683566574
1473504,2025,9,1,0,45.46666666666667,14.76923076923077,-71.79166666666666,3,7,terminal_mid,0.042958012053721,0.0676011165006784
1473504,2025,9,2,0,45.46666666666667,14.625,-69.13333333333335,3,7,terminal_mid,0.04951476590170849,0.07605694207044332
1473504,2025,9,3,0,45.46666666666667,14.761904761904763,-69.47500000000002,3,7,terminal_mid,0.04607630973543073,0.07165046661315178
1473504,2025,9,4,0,45.46666666666667,14.419354838709678,-64.81666666666666,3,7,terminal_mid,0.06277997659325915,0.09255642222428394
1473504,2025,9,5,0,45.46666666666667,14.557377049180328,-65.15833333333336,3,7,terminal_mid,0.05802060637425554,0.08672086047650938
1473504,2025,9,6,0,45.46666666666667,14.599999999999998,-64.5,3,7,terminal_mid,0.06324939635968543,0.09312730745194642
1473504,2025,10,1,0,45.46666666666667,14.847457627118644,-77.15,4,6,terminal_mid,0.026411777470753076,0.039748411177584535
1473504,2025,10,2,0,45.46666666666667,15.0,-77.29999999999998,4,6,terminal_mid,0.03363933341572048,0.049200305900126265
1473504,2025,10,3,0,45.46666666666667,15.263157894736842,-78.45000000000002,4,6,terminal_mid,0.03125877471541848,0.04611896440208327
1473504,2025,10,4,0,45.46666666666667,15.535714285714286,-90.33333333333331,5,5,terminal_mid,0.012528824062204794,0.020533162729353505
1473504,2025,10,5,0,45.46666666666667,15.818181818181817,-91.29166666666669,5,5,terminal_mid,0.010281745254758577,0.01722597227693935
1473504,2025,10,6,0,45.46666666666667,16.11111111111111,-92.25,5,5,terminal_mid,0.009135550792347048,0.015507326604910682
1473504,2025,11,1,0,45.46666666666667,16.41509433962264,-93.20833333333334,5,5,terminal_mid,0.00751475804206755,0.012230749835286292
1473504,2025,11,2,0,45.46666666666667,16.5,-92.16666666666666,5,5,terminal_mid,0.008204122178502245,0.013247350073463152
1473504,2025,11,3,0,45.46666666666667,16.588235294117645,-91.125,5,5,terminal_mid,0.00865723546676581,0.013911132593462954
1473504,2025,11,4,0,45.46666666666667,16.799999999999997,-91.08333333333331,5,5,terminal_mid,0.007237661243589742,0.011819685440660149
1473504,2025,11,5,0,45.46666666666667,17.020408163265305,-91.04166666666669,5,5,terminal_mid,0.006812479498744429,0.011186050865570306
1473504,2025,11,6,0,45.46666666666667,16.875,-88.0,5,5,terminal_mid,0.00869858420707571,0.013971539726472732
1473504,2025,11,7,0,45.46666666666667,17.106382978723403,-87.95833333333334,5,5,terminal_mid,0.008786058080525527,0.014099242426774145
1473504,2025,12,1,0,45.46666666666667,16.340425531914892,-81.95833333333334,5,5,terminal_mid,0.01685398099230842,0.0230845209398552
1473504,2025,12,2,0,45.46666666666667,16.695652173913043,-82.91666666666666,5,5,terminal_mid,0.013937111993923276,0.019362722443162943
1473504,2025,12,3,0,45.46666666666667,16.933333333333334,-82.875,5,5,terminal_mid,0.01280208020407908,0.017898420408163633
1473504,2025,12,4,0,45.46666666666667,17.181818181818183,-82.83333333333334,5,5,terminal_mid,0.011818903794636253,0.016621833578644298
1473504,2025,12,5,0,45.46666666666667,17.58139534883721,-92.03333333333333,6,4,terminal_mid,0.005025501671264799,0.00752072169882899
1473504,2025,12,6,0,45.46666666666667,17.857142857142858,-91.79999999999998,6,4,terminal_mid,0.004892793807512819,0.007336173034074106
1473504,2025,13,1,0,45.46666666666667,18.29268292682927,-92.56666666666666,6,4,terminal_mid,0.004621204869830143,0.005923858358588243
1473504,2025,13,2,0,45.46666666666667,18.15,-89.33333333333334,6,4,terminal_mid,0.005005010619605808,0.006392569900150442
1473504,2025,13,3,0,45.46666666666667,18.615384615384617,-90.1,6,4,terminal_mid,0.00457946822249199,0.005872781808623285
1473504,2025,13,4,0,45.46666666666667,19.105263157894736,-98.15,7,3,terminal_mid,0.002513015167903875,0.0033114662597976477
1473504,2025,13,5,0,45.46666666666667,19.62162162162162,-98.725,7,3,terminal_mid,0.0025426118870013966,0.0033486999672177773
1473504,2025,13,6,0,45.46666666666667,20.166666666666668,-99.30000000000001,7,3,terminal_mid,0.002586060255644604,0.0034033237202590948
1473504,2025,14,1,0,45.46666666666667,20.057142857142857,-95.875,7,3,terminal_mid,0.00285626988364937,0.0036732195319350304
1473504,2025,14,2,0,45.46666666666667,20.294117647058822,-94.45000000000002,7,3,terminal_mid,0.0028554065380429136,0.003672156979995097
1473504,2025,14,3,0,45.46666666666667,20.727272727272727,-94.025,7,3,terminal_mid,0.002843265277272014,0.003657212785757338
1473504,2025,14,4,0,45.46666666666667,21.375,-94.60000000000002,7,3,terminal_mid,0.002705850181321721,0.0034878768444915683
1473504,2025,14,5,0,45.46666666666667,21.870967741935484,-94.17499999999998,7,3,terminal_mid,0.0029284996007214576,0.0037620661223567754
1473504,2025,14,6,0,45.46666666666667,21.400000000000002,-88.75,7,3,terminal_mid,0.0032340420162888833,0.0041368690053784195
1473504,2025,14,7,0,45.46666666666667,21.931034482758623,-88.32499999999999,7,3,terminal_mid,0.0032928018765947444,0.004208766282186637
1473504,2025,15,1,0,45.46666666666667,21.931034482758623,-88.32499999999999,7,3,terminal_mid,0.0032141562576400214,0.003923196067418753
1473504,2025,15,2,0,45.46666666666667,22.5,-87.9,7,3,terminal_mid,0.0032005684870748037,0.003907190459815119
1473504,2025,15,3,0,45.46666666666667,23.333333333333332,-93.64999999999998,8,2,terminal_mid,0.002653894259754236,0.003261110567542439
1473504,2025,15,4,0,45.46666666666667,24.23076923076923,-94.03333333333333,8,2,terminal_mid,0.002645907329991023,0.0032516384365362926
1473504,2025,15,5,0,45.46666666666667,25.200000000000003,-94.41666666666669,8,2,terminal_mid,0.002532415650296091,0.0031169315947935025
1473504,2025,15,6,0,45.46666666666667,26.0,-93.79999999999998,8,2,terminal_mid,0.002531637253185387,0.0031160069636136443
1473505,2025,7,1,0,80.76190476190476,16.90909090909091,-91.13166666666666,3,7,terminal_mid,0.0031677532660258777,0.006919922515129395
1473505,2025,7,2,0,80.76190476190476,16.973684210526315,-90.75333333333333,3,7,terminal_mid,0.0031808117727773347,0.006944351362154351
1473505,2025,7,3,0,80.76190476190476,17.2,-92.375,3,7,terminal_mid,0.003242343980272494,0.007059264932661279
1473505,2025,7,4,0,80.76190476190476,16.945945945945944,-87.99666666666667,3,7,terminal_mid,0.004453401496403548,0.009263292182143272
1473505,2025,7,5,0,80.76190476190476,17.17808219178082,-106.53,4,6,terminal_mid,0.001847061116245588,0.004357989085423897
1473505,2025,7,6,0,80.76190476190476,17.416666666666664,-124.6,5,5,terminal_mid,0.0012180115629580833,0.003048829101838324
1473505,2025,8,1,0,80.76190476190476,17.661971830985916,-125.75833333333333,5,5,terminal_mid,0.0011662955044378508,0.0026084368717305905
1473505,2025,8,2,0,80.76190476190476,17.82857142857143,-125.91666666666666,5,5,terminal_mid,0.0011898607011568444,0.002654654273264261
1473505,2025,8,3,0,80.76190476190476,18.0,-126.07500000000002,5,5,terminal_mid,0.0011513781038029068,0.0025791206784145882
1473505,2025,8,4,0,80.76190476190476,18.176470588235293,-126.23333333333335,5,5,terminal_mid,0.001071986393498881,0.0024222932080351324
1473505,2025,8,5,0,80.76190476190476,18.35820895522388,-126.39166666666665,5,5,terminal_mid,0.0011213412275168672,0.0025199484996769146
1473505,2025,8,6,0,80.76190476190476,18.545454545454547,-126.54999999999998,5,5,terminal_mid,0.0010493955398279478,0.0023774107993101454
1473505,2025,8,7,0,80.76190476190476,18.73846153846154,-126.70833333333334,5,5,terminal_mid,0.0010153253822769944,0.0023094959814331023
1473505,2025,9,1,0,80.76190476190476,18.73846153846154,-126.70833333333334,5,5,terminal_mid,0.0010582330583787133,0.0029638484929822013
1473505,2025,9,2,0,80.76190476190476,19.03125,-127.86666666666667,5,5,terminal_mid,0.0010501139848813792,0.0029444870462145235
1473505,2025,9,3,0,80.76190476190476,19.23809523809524,-128.025,5,5,terminal_mid,0.0010465268511192373,0.002935925687743594
1473505,2025,9,4,0,80.76190476190476,19.354838709677416,-127.18333333333334,5,5,terminal_mid,0.0010089163659595729,0.0028458920063898782
1473505,2025,9,5,0,80.76190476190476,19.573770491803277,-127.34166666666667,5,5,terminal_mid,0.0009973035114398177,0.0028179913242385676
1473505,2025,9,6,0,80.76190476190476,19.799999999999997,-127.5,5,5,terminal_mid,0.0009846593798504546,0.0027875572989591924
1473505,2025,10,1,0,80.76190476190476,20.033898305084747,-127.65833333333333,5,5,terminal_mid,0.0009681370094723014,0.0020918240128833467
1473505,2025,10,2,0,80.76190476190476,20.379310344827587,-128.81666666666666,5,5,terminal_mid,0.0009123683943262344,0.001983730483554429
1473505,2025,10,3,0,80.76190476190476,20.63157894736842,-128.975,5,5,terminal_mid,0.0009529376791364786,0.002062431343233578
1473505,2025,10,4,0,80.76190476190476,20.892857142857142,-129.13333333333333,5,5,terminal_mid,0.0009339104559852165,0.0020255656177079746
1473505,2025,10,5,0,80.76190476190476,21.272727272727273,-130.29166666666669,5,5,terminal_mid,0.0008893830992037198,0.001938976259162353
1473505,2025,10,6,0,80.76190476190476,21.22222222222222,-127.45000000000002,5,5,terminal_mid,0.000947177497669088,0.002051279200419322
1473505,2025,11,1,0,80.76190476190476,21.50943396226415,-127.60833333333335,5,5,terminal_mid,0.000990331096515787,0.0019263092996182167
1473505,2025,11,2,0,80.76190476190476,21.923076923076923,-128.76666666666665,5,5,terminal_mid,0.0010309839194177193,0.001998404959850856
1473505,2025,11,3,0,80.76190476190476,22.235294117647058,-128.92499999999998,5,5,terminal_mid,0.0010377830441297131,0.002010438333799546
1473505,2025,11,4,0,80.76190476190476,22.56,-129.08333333333331,5,5,terminal_mid,0.0010028253010474044,0.0019484941869774165
1473505,2025,11,5,0,80.76190476190476,22.53061224489796,-126.24166666666667,5,5,terminal_mid,0.0010606943758633032,0.002050937280568888
1473505,2025,11,6,0,80.76190476190476,23.0,-127.4,5,5,terminal_mid,0.000999358952489823,0.0019423417238759312
1473505,2025,12,1,0,80.76190476190476,23.48936170212766,-128.55833333333334,5,5,terminal_mid,0.0009920140050507181,0.001664819976558885
1473505,2025,12,2,0,80.76190476190476,24.0,-140.37333333333333,6,4,terminal_mid,0.0007853441481364144,0.0013396788931324005
1473505,2025,12,3,0,80.76190476190476,24.4,-140.29999999999998,6,4,terminal_mid,0.0007695372813997092,0.0013145800580523835
1473505,2025,12,4,0,80.76190476190476,24.954545454545453,-141.22666666666666,6,4,terminal_mid,0.0008483664780637014,0.0014394028514915368
1473505,2025,12,5,0,80.76190476190476,25.395348837209305,-141.15333333333334,6,4,terminal_mid,0.0008706468110484866,0.0014745317452102003
1473505,2025,12,6,0,80.76190476190476,26.0,-142.07999999999998,6,4,terminal_mid,0.0008994233733378168,0.0015198097712026553
1473505,2025,13,1,0,80.76190476190476,26.634146341463417,-143.00666666666666,6,4,terminal_mid,0.0009146912907125313,0.001261136638693334
1473505,2025,13,2,0,80.76190476190476,27.150000000000002,-142.93333333333334,6,4,terminal_mid,0.0009003917996949354,0.0012422939681514167
1473505,2025,13,3,0,80.76190476190476,26.923076923076923,-137.85999999999999,6,4,terminal_mid,0.0009175443843419375,0.0012648946172431638
1473505,2025,13,4,0,80.76190476190476,26.68421052631579,-132.78666666666666,6,4,terminal_mid,0.0009468915105256844,0.001303519299229508
1473505,2025,13,5,0,80.76190476190476,27.405405405405403,-142.285,7,3,terminal_mid,0.0008562129523094826,0.0011839928899620752
1473505,2025,13,6,0,80.76190476190476,28.0,-141.98000000000002,7,3,terminal_mid,0.0008506449735540142,0.0011766356055577278
1473505,2025,14,1,0,80.76190476190476,28.114285714285714,-138.67499999999998,7,3,terminal_mid,0.0008746099352157328,0.001183082081148487
1473505,2025,14,2,0,80.76190476190476,28.941176470588232,-139.37,7,3,terminal_mid,0.0008745555650216195,0.001183011660704413
1473505,2025,14,3,0,80.76190476190476,28.727272727272727,-134.065,7,3,terminal_mid,0.000891944898969154,0.0012055248993860389
1473505,2025,14,4,0,80.76190476190476,28.5,-128.76000000000002,7,3,terminal_mid,0.0009266157693504709,0.0012503561719366496
1473505,2025,14,5,0,80.76190476190476,29.032258064516128,-127.45499999999998,7,3,terminal_mid,0.0009264697639232074,0.0012501675315398282
1473505,2025,14,6,0,80.76190476190476,29.8,-127.15000000000003,7,3,terminal_mid,0.0009263508494691383,0.0012500138919973938
1473505,2025,15,1,0,80.76190476190476,30.620689655172416,-126.84499999999997,7,3,terminal_mid,0.0009126811346667282,0.00116385264688246
1473505,2025,15,2,0,80.76190476190476,30.428571428571427,-121.54000000000002,7,3,terminal_mid,0.0009599634589503335,0.0012220108557647793
1473505,2025,15,3,0,80.76190476190476,31.333333333333336,-121.23500000000001,7,3,terminal_mid,0.0009480240796194104,0.0012073347840858106
1473505,2025,15,4,0,80.76190476190476,32.30769230769231,-120.93,7,3,terminal_mid,0.0009656049517580228,0.0012289432521264394
1473505,2025,15,5,0,80.76190476190476,32.160000000000004,-115.625,7,3,terminal_mid,0.0010482806055594933,0.0013303795105747917
1473505,2025,15,6,0,80.76190476190476,32.0,-110.32,7,3,terminal_mid,0.001063008131941381,0.0013484190975032496
1473506,2025,7,1,1,-3.4375,9.350649350649352,-12.739999999999995,1,9,terminal_mid,0.6935750102706943,0.6640826150907834
1473506,2025,7,2,1,-3.4375,9.473684210526315,-14.120000000000005,1,9,terminal_mid,0.6815047808358947,0.6532204128581226
1473506,2025,7,3,1,-3.4375,9.52,-14.5,1,9,terminal_mid,0.6835673115560265,0.6550721364084281
1473506,2025,7,4,1,-3.4375,9.162162162162161,-9.879999999999995,1,9,terminal_mid,0.7305986821291145,0.6978294742071927
1473506,2025,7,5,1,-3.4375,9.123287671232877,-9.260000000000005,1,9,terminal_mid,0.7358866563533661,0.7027087283818172
1473506,2025,7,6,1,-3.4375,9.166666666666666,-9.639999999999986,1,9,terminal_mid,0.7385157248271651,0.7051406515479628
1473506,2025,8,1,1,-3.4375,9.211267605633802,-10.02000000000001,1,9,terminal_mid,0.73352405411683,0.7071333849122489
1473506,2025,8,2,1,-3.4375,9.257142857142858,-10.399999999999991,1,9,terminal_mid,0.7295451035429665,0.7034304729893668
1473506,2025,8,3,1,-3.4375,9.043478260869566,-7.780000000000001,1,9,terminal_mid,0.7408542365060258,0.7139754926339571
1473506,2025,8,4,1,-3.4375,9.088235294117647,-8.159999999999997,1,9,terminal_mid,0.7337083567106071,0.7073050879935289
1473506,2025,8,5,1,-3.4375,9.134328358208954,-8.539999999999992,1,9,terminal_mid,0.7328122868315591,0.7064704323590254
1473506,2025,8,6,1,-3.4375,9.181818181818182,-8.919999999999987,1,9,terminal_mid,0.730466019309756,0.7042868209597488
1473506,2025,8,7,1,-3.4375,9.323076923076924,-10.299999999999997,1,9,terminal_mid,0.7259439421473803,0.7000856642197071
1473506,2025,9,1,1,-3.4375,9.323076923076924,-10.299999999999997,1,9,terminal_mid,0.7253976990043646,0.7005963963258294
1473506,2025,9,2,1,-3.4375,9.375,-10.680000000000007,1,9,terminal_mid,0.727757874159483,0.7027167318363866
1473506,2025,9,3,1,-3.4375,9.142857142857142,-8.059999999999988,1,9,terminal_mid,0.7377699709781013,0.711742845230788
1473506,2025,9,4,1,-3.4375,9.29032258064516,-9.439999999999984,1,9,terminal_mid,0.7347555945594104,0.7090198491877082
1473506,2025,9,5,1,-3.4375,9.442622950819672,-10.819999999999993,1,9,terminal_mid,0.726591219699403,0.7016682880031047
1473506,2025,9,6,1,-3.4375,9.600000000000001,-12.200000000000003,1,9,terminal_mid,0.7190543967492011,0.6949111002164962
1473506,2025,10,1,1,-3.4375,9.661016949152541,-12.579999999999998,1,9,terminal_mid,0.7189709630290123,0.7080049134188112
1473506,2025,10,2,1,-3.4375,9.413793103448276,-9.959999999999994,1,9,terminal_mid,0.7433447805009203,0.7304256306620319
1473506,2025,10,3,1,-3.4375,9.157894736842106,-7.340000000000003,1,9,terminal_mid,0.7660451522088692,0.7514983671474951
1473506,2025,10,4,1,-3.4375,8.892857142857142,-4.719999999999999,1,9,terminal_mid,0.7932967639041911,0.7770898598209475
1473506,2025,10,5,1,-3.4375,8.945454545454545,-5.1000000000000085,1,9,terminal_mid,0.7866718357003772,0.7708357217300685
1473506,2025,10,6,1,-3.4375,9.0,-5.47999999999999,1,9,terminal_mid,0.782525203077167,0.7669323288217735
1473506,2025,10,7,1,-3.4375,9.056603773584907,-5.860000000000014,1,9,terminal_mid,0.774171253066241,0.7590932914936137
1473506,2025,11,1,1,-3.4375,8.943396226415093,-4.860000000000014,1,9,terminal_mid,0.7906332573267297,0.7837564359638507
1473506,2025,11,2,1,-3.4375,9.0,-5.239999999999995,1,9,terminal_mid,0.781654878495242,0.7753662720404666
1473506,2025,11,3,1,-3.4375,9.058823529411764,-5.61999999999999,1,9,terminal_mid,0.772672482119809,0.7669987439609911
1473506,2025,11,4,1,-3.4375,9.120000000000001,-6.0,1,9,terminal_mid,0.7671027398388267,0.7618226558171571
1473506,2025,11,5,1,-3.4375,9.183673469387754,-6.38000000000001,1,9,terminal_mid,0.7619535707362631,0.7570453841445383
1473506,2025,11,6,1,-3.4375,8.875,-3.7599999999999767,1,9,terminal_mid,0.792871098382363,0.7858520136086552
1473506,2025,11,7,1,-3.4375,8.297872340425533,0.8600000000000136,1,9,terminal_mid,0.8616096206909651,0.8512931508227785
1473506,2025,12,1,1,-3.4375,7.787234042553191,4.860000000000014,1,9,terminal_mid,0.932843618068044,0.9232863629405443
1473506,2025,12,2,1,-3.4375,7.826086956521739,4.47999999999999,1,9,terminal_mid,0.9287270247894925,0.9189655936326399
1473506,2025,12,3,1,-3.4375,8.0,3.1000000000000085,1,9,terminal_mid,0.9210301604420617,0.9109418844044916
1473506,2025,12,4,1,-3.4375,8.181818181818182,1.7199999999999989,1,9,terminal_mid,0.9062618269381213,0.8957240200527424
1473506,2025,12,5,1,-3.4375,8.372093023255815,0.3400000000000034,1,9,terminal_mid,0.8867156506490903,0.875885733022862
1473506,2025,12,6,1,-3.4375,7.714285714285715,4.959999999999994,1,9,terminal_mid,0.9498672506254371,0.9414077371343194
1473506,2025,13,1,1,-3.4375,7.317073170731707,7.579999999999998,1,9,terminal_mid,0.9840121738063701,0.981093382039905
1473506,2025,13,2,1,-3.4375,7.3500000000000005,7.200000000000017,1,9,terminal_mid,0.9840020869630036,0.9810820158602486
1473506,2025,13,3,1,-3.4375,6.9230769230769225,9.819999999999993,1,9,terminal_mid,0.9904641311106013,0.9884481151271289
1473506,2025,13,4,1,-3.4375,7.105263157894736,8.439999999999998,1,9,terminal_mid,0.9889481888128551,0.9867028888423705
1473506,2025,13,5,1,-3.4375,7.135135135135135,8.060000000000002,1,9,terminal_mid,0.9883309593136171,0.9859956899728983
1473506,2025,13,6,1,-3.4375,7.0,8.680000000000007,1,9,terminal_mid,0.9900613053883089,0.9879831456561426
1473506,2025,14,1,1,-3.4375,7.199999999999999,1.9333333333333371,2,8,terminal_mid,0.9680211805046766,0.9634368331453597
1473506,2025,14,2,1,-3.4375,7.235294117647058,1.7066666666666777,2,8,terminal_mid,0.9602333172086572,0.9549967309659262
1473506,2025,14,3,1,-3.4375,7.454545454545455,0.47999999999998977,2,8,terminal_mid,0.9460316658262891,0.9398128895028185
1473506,2025,14,4,1,-3.4375,7.5,0.2533333333333303,2,8,terminal_mid,0.9439943429807003,0.9376531250134265
1473506,2025,14,5,1,-3.4375,7.741935483870968,-0.9733333333333292,2,8,terminal_mid,0.9243498123981237,0.9170214021223861
1473506,2025,14,6,1,-3.4375,7.800000000000001,-1.200000000000017,2,8,terminal_mid,0.9195258314591177,0.9120021010265257
1473506,2025,15,1,1,-3.4375,7.655172413793104,-0.4266666666666765,2,8,terminal_mid,0.9337639374613838,0.9281249220195298
1473506,2025,15,2,1,-3.4375,7.5,0.346666666666664,2,8,terminal_mid,0.9508788607973349,0.9460607467150937
1473506,2025,15,3,1,-3.4375,7.555555555555555,0.12000000000000455,2,8,terminal_mid,0.9484292080541701,0.943479019605585
1473506,2025,15,4,1,-3.4375,7.846153846153847,-1.106666666666655,2,8,terminal_mid,0.9272087223521321,0.9213116081547554
1473506,2025,15,5,1,-3.4375,7.199999999999999,1.6666666666666856,2,8,terminal_mid,0.9664501520756884,0.9626120134298717
1473506,2025,15,6,1,-3.4375,7.0,2.4399999999999977,2,8,terminal_mid,0.9747193195592235,0.9715239935219646
1473506,2025,15,7,1,-3.4375,7.043478260869566,2.2133333333333383,2,8,terminal_mid,0.9749863255321033,0.9718135304890736
1473507,2025,7,1,1,51.69999999999999,11.766233766233768,-18.9075,1,9,terminal_mid,0.28004640425117183,0.30305873755052465
1473507,2025,7,2,1,51.69999999999999,11.447368421052632,-14.610000000000014,1,9,terminal_mid,0.3649372779282083,0.3781922312603902
1473507,2025,7,3,1,51.69999999999999,11.52,-15.3125,1,9,terminal_mid,0.34641016659984186,0.361985894080564
1473507,2025,7,4,1,51.69999999999999,11.35135135135135,-13.014999999999986,1,9,terminal_mid,0.392222273258087,0.4019205203142716
1473507,2025,7,5,1,51.69999999999999,11.342465753424658,-12.717500000000001,1,9,terminal_mid,0.4057956980427404,0.4136746523761058
1473507,2025,7,6,1,51.69999999999999,11.5,-28.040000000000006,2,8,terminal_mid,0.20844290493384335,0.23717855115487896
1473507,2025,7,7,1,51.69999999999999,11.661971830985916,-42.98416666666668,3,7,terminal_mid,0.10015146598695318,0.12912384873337923
1473507,2025,8,1,1,51.69999999999999,11.577464788732396,-41.98416666666668,3,7,terminal_mid,0.1092833374646046,0.135446638842831
1473507,2025,8,2,1,51.69999999999999,11.657142857142857,-42.30833333333334,3,7,terminal_mid,0.10947846321447598,0.13565300895126559
1473507,2025,8,3,1,51.69999999999999,11.82608695652174,-43.63249999999999,3,7,terminal_mid,0.11130782239130745,0.13758498474413877
1473507,2025,8,4,1,51.69999999999999,12.0,-44.95666666666668,3,7,terminal_mid,0.11434004999859305,0.14077634028403824
1473507,2025,8,5,1,51.69999999999999,11.82089552238806,-42.280833333333334,3,7,terminal_mid,0.12089511567748662,0.14763043118270044
1473507,2025,8,6,1,51.69999999999999,11.90909090909091,-42.60499999999999,3,7,terminal_mid,0.12753669405140683,0.15451548928092104
1473507,2025,9,1,1,51.69999999999999,11.723076923076922,-39.929166666666674,3,7,terminal_mid,0.13701617789739556,0.17551270001574576
1473507,2025,9,2,1,51.69999999999999,11.8125,-40.25333333333333,3,7,terminal_mid,0.1353799428328897,0.173803396192945
1473507,2025,9,3,1,51.69999999999999,11.619047619047619,-37.577500000000015,3,7,terminal_mid,0.14289896574792937,0.1816249096739038
1473507,2025,9,4,1,51.69999999999999,11.419354838709678,-34.90166666666667,3,7,terminal_mid,0.16425827632613385,0.20341344216570678
1473507,2025,9,5,1,51.69999999999999,11.213114754098362,-32.225833333333355,3,7,terminal_mid,0.21093752259703982,0.24920713892003815
1473507,2025,9,6,1,51.69999999999999,11.3,-32.55000000000001,3,7,terminal_mid,0.2192633306159183,0.25715717428714724
1473507,2025,10,1,1,51.69999999999999,11.491525423728813,-33.87416666666667,3,7,terminal_mid,0.20404305260333688,0.23615040236187193
1473507,2025,10,2,1,51.69999999999999,11.689655172413794,-35.19833333333332,3,7,terminal_mid,0.19404634620063024,0.22617295620071046
1473507,2025,10,3,1,51.69999999999999,11.473684210526315,-32.52250000000001,3,7,terminal_mid,0.22997175110368148,0.26169894669505545
1473507,2025,10,4,1,51.69999999999999,11.571428571428571,-32.846666666666664,3,7,terminal_mid,0.21693257207934538,0.2489077699859158
1473507,2025,10,5,1,51.69999999999999,11.672727272727274,-33.17083333333335,3,7,terminal_mid,0.22746715532911846,0.25925049680209383
1473507,2025,10,6,1,51.69999999999999,11.777777777777779,-33.495000000000005,3,7,terminal_mid,0.2222866560896668,0.25417342724791464
1473507,2025,11,1,1,51.69999999999999,11.88679245283019,-33.81916666666669,3,7,terminal_mid,0.20430319067725156,0.23684644923161105
1473507,2025,11,2,1,51.69999999999999,12.115384615384615,-44.97999999999999,4,6,terminal_mid,0.11504532866657687,0.14279591084222
1473507,2025,11,3,1,51.69999999999999,11.882352941176471,-42.11500000000001,4,6,terminal_mid,0.13273874453694975,0.16205572127422083
1473507,2025,11,4,1,51.69999999999999,12.0,-42.25,4,6,terminal_mid,0.1310947550777457,0.16028135839561503
1473507,2025,11,5,1,51.69999999999999,12.0,-41.38499999999999,4,6,terminal_mid,0.14413994536476055,0.1742817744019618
1473507,2025,11,6,1,51.69999999999999,12.0,-40.52000000000001,4,6,terminal_mid,0.15523308122791776,0.18605196666193172
1473507,2025,12,1,1,51.69999999999999,12.127659574468087,-40.655,4,6,terminal_mid,0.14537670494144328,0.16666000202671377
1473507,2025,12,2,1,51.69999999999999,12.260869565217392,-40.78999999999999,4,6,terminal_mid,0.1439965001534183,0.16522338459847233
1473507,2025,12,3,1,51.69999999999999,12.266666666666666,-39.92500000000001,4,6,terminal_mid,0.1465031864978607,0.1678314755989855
1473507,2025,12,4,1,51.69999999999999,12.40909090909091,-40.06,4,6,terminal_mid,0.15194647621587537,0.1734791173919506
1473507,2025,12,5,1,51.69999999999999,12.558139534883722,-40.19499999999999,4,6,terminal_mid,0.1544165261583878,0.1760349112185766
1473507,2025,12,6,1,51.69999999999999,12.714285714285715,-40.33000000000001,4,6,terminal_mid,0.14722070894759748,0.16857716773974232
1473507,2025,13,1,1,51.69999999999999,12.878048780487806,-40.465,4,6,terminal_mid,0.1463187535392587,0.15790310835006208
1473507,2025,13,2,1,51.69999999999999,12.75,-38.60000000000002,4,6,terminal_mid,0.17782091879959439,0.18975192908661975
1473507,2025,13,3,1,51.69999999999999,12.153846153846153,-33.734999999999985,4,6,terminal_mid,0.24671390224958734,0.2582601625394672
1473507,2025,13,4,1,51.69999999999999,11.842105263157894,-30.870000000000005,4,6,terminal_mid,0.28041736001113116,0.2913360129402308
1473507,2025,13,5,1,51.69999999999999,12.0,-31.004999999999995,4,6,terminal_mid,0.27640958746348865,0.2874153558388385
1473507,2025,13,6,1,51.69999999999999,12.0,-30.140000000000015,4,6,terminal_mid,0.2868735616144479,0.29764530879308165
1473507,2025,14,1,1,51.69999999999999,11.657142857142857,-27.274999999999977,4,6,terminal_mid,0.31831182330841074,0.3264747286155536
1473507,2025,14,2,1,51.69999999999999,11.647058823529411,-26.410000000000025,4,6,terminal_mid,0.3411430444694775,0.34860008846033474
1473507,2025,14,3,1,51.69999999999999,10.909090909090908,-21.544999999999987,4,6,terminal_mid,0.4210248023872175,0.4255825941843533
1473507,2025,14,4,1,51.69999999999999,10.5,-18.680000000000007,4,6,terminal_mid,0.46141852616992585,0.46434011648816426
1473507,2025,14,5,1,51.69999999999999,10.64516129032258,-18.814999999999998,4,6,terminal_mid,0.4587184020213919,0.4617515769689761
1473507,2025,14,6,1,51.69999999999999,10.2,-15.949999999999989,4,6,terminal_mid,0.5402735338699713,0.5398785853937988
1473507,2025,15,1,1,51.69999999999999,10.344827586206897,-16.085000000000008,4,6,terminal_mid,0.5257798718035727,0.5256653003417754
1473507,2025,15,2,1,51.69999999999999,10.5,-16.22,4,6,terminal_mid,0.5192177609487599,0.5193284801390183
1473507,2025,15,3,1,51.69999999999999,10.666666666666666,-16.35499999999999,4,6,terminal_mid,0.5087261676232584,0.5091974061055695
1473507,2025,15,4,1,51.69999999999999,10.153846153846153,-13.490000000000009,4,6,terminal_mid,0.5525106436431251,0.551483356851645
1473507,2025,15,5,1,51.69999999999999,9.600000000000001,-10.625,4,6,terminal_mid,0.6852177964288263,0.6801004483758722
1473507,2025,15,6,1,51.69999999999999,10.0,-11.759999999999991,4,6,terminal_mid,0.6524706942699927,0.6482542017328978
1473507,2025,15,7,1,51.69999999999999,10.173913043478262,-11.89500000000001,4,6,terminal_mid,0.6469868813350946,0.6429302344150556
1473508,2025,7,1,1,-68.88888888888889,2.25974025974026,30.3275,1,9,terminal_mid,0.994961211948037,0.9892703721245371
1473508,2025,7,2,1,-68.88888888888889,2.2105263157894735,30.569999999999993,1,9,terminal_mid,0.9953625982128059,0.9900055814531338
1473508,2025,7,3,1,-68.88888888888889,1.76,35.8125,1,9,terminal_mid,0.9958712173354534,0.9909510326063511
1473508,2025,7,4,1,-68.88888888888889,1.4594594594594597,39.05500000000001,1,9,terminal_mid,0.9962190915091327,0.9916075775794686
1473508,2025,7,5,1,-68.88888888888889,1.4794520547945205,32.15333333333332,2,8,terminal_mid,0.9955655362295179,0.9903808697558245
1473508,2025,7,6,1,-68.88888888888889,1.4166666666666665,32.48,2,8,terminal_mid,0.9925906140576604,0.985085005719208
1473508,2025,8,1,1,-68.88888888888889,1.352112676056338,32.80666666666667,2,8,terminal_mid,0.9932263429618555,0.9875920993973342
1473508,2025,8,2,1,-68.88888888888889,1.2857142857142856,33.13333333333335,2,8,terminal_mid,0.9936962731049288,0.9883481783766211
1473508,2025,8,3,1,-68.88888888888889,1.3043478260869565,32.459999999999994,2,8,terminal_mid,0.9940745629945416,0.9889621170445047
1473508,2025,8,4,1,-68.88888888888889,1.2352941176470589,32.78666666666667,2,8,terminal_mid,0.9943794431457993,0.9894605983209247
1473508,2025,8,5,1,-68.88888888888889,0.8955223880597014,36.113333333333344,2,8,terminal_mid,0.9957479633865438,0.991744583336702
1473508,2025,8,6,1,-68.88888888888889,0.9090909090909092,35.440000000000005,2,8,terminal_mid,0.9962406293701003,0.9925887045615107
1473508,2025,9,1,1,-68.88888888888889,0.8307692307692308,35.766666666666666,2,8,terminal_mid,0.996268223014817,0.99171852071357
1473508,2025,9,2,1,-68.88888888888889,0.75,36.09333333333334,2,8,terminal_mid,0.9964715647513128,0.9921031388206722
1473508,2025,9,3,1,-68.88888888888889,0.38095238095238093,39.42,2,8,terminal_mid,0.9966274645249507,0.9924003381692627
1473508,2025,9,4,1,-68.88888888888889,0.29032258064516125,39.74666666666667,2,8,terminal_mid,0.996698910879058,0.9925372435797005
1473508,2025,9,5,1,-68.88888888888889,0.19672131147540983,40.07333333333334,2,8,terminal_mid,0.9970407512532978,0.9931988111113276
1473508,2025,9,6,1,-68.88888888888889,-0.4,45.400000000000006,2,8,terminal_mid,0.9966474355765274,0.99243856126402
1473509,2025,7,1,0,62.20896079904773,11.922077922077923,-34.95999999999998,2,8,terminal_mid,0.0999900720094182,0.12895066205180736
1473509,2025,7,2,0,62.20896079904773,12.0,-35.47999999999999,2,8,terminal_mid,0.09920461845133863,0.12810709733121242
1473509,2025,7,3,0,62.20896079904773,12.0,-35.0,2,8,terminal_mid,0.10824882697989258,0.13775032593934144
1473509,2025,7,4,0,62.20896079904773,11.837837837837839,-32.51999999999998,2,8,terminal_mid,0.12659618208840767,0.15688397116818498
1473509,2025,7,5,0,62.20896079904773,11.917808219178081,-33.04000000000002,2,8,terminal_mid,0.12459568416983538,0.15482326662681367
1473509,2025,7,6,0,62.20896079904773,12.0,-33.56,2,8,terminal_mid,0.11585631481153583,0.14574951581448237
1473509,2025,8,1,0,62.20896079904773,12.0,-33.079999999999984,2,8,terminal_mid,0.12479993825208414,0.151685417372271
1473509,2025,8,2,0,62.20896079904773,11.82857142857143,-30.599999999999966,2,8,terminal_mid,0.1575014348344832,0.18492478342262159
1473509,2025,8,3,0,62.20896079904773,11.91304347826087,-31.120000000000005,2,8,terminal_mid,0.14783946478445953,0.17522747123601412
1473509,2025,8,4,0,62.20896079904773,12.0,-31.639999999999986,2,8,terminal_mid,0.15671415531086647,0.1841381655322282
1473509,2025,8,5,0,62.20896079904773,12.089552238805968,-32.15999999999998,2,8,terminal_mid,0.13751492069601784,0.1647548349461093
1473509,2025,8,6,0,62.20896079904773,12.181818181818182,-32.67999999999999,2,8,terminal_mid,0.1402186517779216,0.16750890736454688
1473509,2025,9,1,0,62.20896079904773,12.0,-30.19999999999999,2,8,terminal_mid,0.1614545338826671,0.20058709304944072
1473509,2025,9,2,0,62.20896079904773,12.09375,-30.71999999999997,2,8,terminal_mid,0.1600121617113551,0.1991293005803259
1473509,2025,9,3,0,62.20896079904773,11.904761904761905,-28.23999999999998,2,8,terminal_mid,0.17748031623665667,0.21661670926524004
1473509,2025,9,4,0,62.20896079904773,12.0,-28.75999999999999,2,8,terminal_mid,0.17640010518289423,0.21554550195328825
1473509,2025,9,5,0,62.20896079904773,12.098360655737704,-29.279999999999973,2,8,terminal_mid,0.18704236402103583,0.22604430234732015
1473509,2025,9,6,0,62.20896079904773,12.299999999999999,-30.799999999999983,2,8,terminal_mid,0.16730341985600683,0.2064723238105038
1473509,2025,10,1,0,62.20896079904773,12.305084745762711,-30.319999999999993,2,8,terminal_mid,0.19542741243561426,0.2275558870034877
1473509,2025,10,2,0,62.20896079904773,12.413793103448278,-30.839999999999975,2,8,terminal_mid,0.18634486160109856,0.2184334521107235
1473509,2025,10,3,0,62.20896079904773,12.210526315789474,-28.359999999999985,2,8,terminal_mid,0.20539039468523312,0.23748945550922043
1473509,2025,10,4,0,62.20896079904773,12.42857142857143,-29.879999999999995,2,8,terminal_mid,0.1980716235061035,0.23019956904834515
1473509,2025,10,5,0,62.20896079904773,12.654545454545453,-31.400000000000006,2,8,terminal_mid,0.18497673709346837,0.21705356232502276
1473509,2025,10,6,0,62.20896079904773,12.222222222222223,-26.919999999999987,2,8,terminal_mid,0.2452730956587841,0.2765741716593941
1473509,2025,11,1,0,62.20896079904773,12.226415094339622,-26.440000000000026,2,8,terminal_mid,0.26095352287606455,0.29343001331187607
1473509,2025,11,2,0,62.20896079904773,12.23076923076923,-25.960000000000008,2,8,terminal_mid,0.2722123661429462,0.30446358791026
1473509,2025,11,3,0,62.20896079904773,12.352941176470587,-26.47999999999999,2,8,terminal_mid,0.2648734294704435,0.2972786653617077
1473509,2025,11,4,0,62.20896079904773,12.48,-27.0,2,8,terminal_mid,0.24603951289151096,0.27871389402004576
1473509,2025,11,5,0,62.20896079904773,12.612244897959183,-27.52000000000001,2,8,terminal_mid,0.2514684568644201,0.28408452901205056
1473509,2025,11,6,0,62.20896079904773,12.375,-25.039999999999992,2,8,terminal_mid,0.2590153587423911,0.29152418549161213
1473509,2025,12,1,0,62.20896079904773,12.638297872340424,-26.560000000000002,2,8,terminal_mid,0.2597664954466318,0.2818027970636815
1473509,2025,12,2,0,62.20896079904773,12.782608695652176,-27.080000000000013,2,8,terminal_mid,0.254257995457752,0.27640103057003823
1473509,2025,12,3,0,62.20896079904773,13.066666666666666,-28.599999999999994,2,8,terminal_mid,0.2313101051137762,0.25376644783014063
1473509,2025,12,4,0,62.20896079904773,12.545454545454545,-24.120000000000005,2,8,terminal_mid,0.28650946996023907,0.30787015359283276
1473509,2025,12,5,0,62.20896079904773,12.0,-19.640000000000015,2,8,terminal_mid,0.35656081490457864,0.3751119568057329
1473509,2025,12,6,0,62.20896079904773,12.142857142857142,-20.159999999999997,2,8,terminal_mid,0.33036787432720593,0.3501245842570851
1473509,2025,12,7,0,62.20896079904773,11.853658536585366,-17.67999999999998,2,8,terminal_mid,0.3953085163833379,0.41179877195928066
1473509,2025,13,1,0,62.20896079904773,11.707317073170731,-16.67999999999998,2,8,terminal_mid,0.4135702435011603,0.4201880380226347
1473509,2025,13,2,0,62.20896079904773,11.850000000000001,-17.200000000000017,2,8,terminal_mid,0.40239625763675435,0.40945518395812
1473509,2025,13,3,0,62.20896079904773,12.0,-17.72,2,8,terminal_mid,0.4091309585152588,0.4159252667044531
1473509,2025,13,4,0,62.20896079904773,12.315789473684212,-26.460000000000008,3,7,terminal_mid,0.25186788824650796,0.2633343306956306
1473509,2025,13,5,0,62.20896079904773,12.648648648648647,-27.789999999999992,3,7,terminal_mid,0.25944720625882944,0.27078526005928594
1473509,2025,13,6,0,62.20896079904773,12.833333333333332,-28.120000000000005,3,7,terminal_mid,0.24710327902638066,0.2586437257467427
1473509,2025,14,1,0,62.20896079904773,13.028571428571428,-28.450000000000017,3,7,terminal_mid,0.24051211386677718,0.2504685268389317
1473509,2025,14,2,0,62.20896079904773,13.23529411764706,-28.78000000000003,3,7,terminal_mid,0.24658003392041675,0.25643755734324547
1473509,2025,14,3,0,62.20896079904773,13.454545454545453,-29.109999999999985,3,7,terminal_mid,0.2139525381211422,0.2242421074637483
1473509,2025,14,4,0,62.20896079904773,13.6875,-29.439999999999998,3,7,terminal_mid,0.22278708915952997,0.23298470925328513
1473509,2025,14,5,0,62.20896079904773,13.354838709677418,-26.769999999999982,3,7,terminal_mid,0.23801643632789946,0.24801117817118604
1473509,2025,14,6,0,62.20896079904773,13.6,-27.099999999999994,3,7,terminal_mid,0.22942399794180546,0.23953989988136418
1473509,2025,15,1,0,62.20896079904773,13.241379310344827,-24.430000000000007,3,7,terminal_mid,0.26018883002017285,0.26775841009110196
1473509,2025,15,2,0,62.20896079904773,12.857142857142858,-21.75999999999999,3,7,terminal_mid,0.29859282797461517,0.30542355661113
1473509,2025,15,3,0,62.20896079904773,13.11111111111111,-22.090000000000003,3,7,terminal_mid,0.29348176326363623,0.30042256280575225
1473509,2025,15,4,0,62.20896079904773,13.615384615384615,-28.359999999999985,4,6,terminal_mid,0.20149976331031413,0.20972434023772316
1473509,2025,15,5,0,62.20896079904773,13.919999999999998,-28.5,4,6,terminal_mid,0.17836290514639164,0.18664624439743038
1473509,2025,15,6,0,62.20896079904773,13.5,-25.640000000000015,4,6,terminal_mid,0.23054905772316125,0.23853094757863144
1473510,2025,7,1,1,17.0,10.441558441558442,-28.793333333333322,2,8,terminal_mid,0.47611448637779125,0.47425216372329865
1473510,2025,7,2,1,17.0,10.578947368421051,-30.14666666666666,2,8,terminal_mid,0.41737199418009585,0.4236782756215771
1473510,2025,7,3,1,17.0,10.64,-30.5,2,8,terminal_mid,0.3857390680919909,0.39629550336187414
1473510,2025,7,4,1,17.0,10.702702702702702,-30.853333333333325,2,8,terminal_mid,0.365633659447971,0.37879976400167364
1473510,2025,7,5,1,17.0,10.84931506849315,-44.55583333333334,3,7,terminal_mid,0.20592892550675088,0.23480578469199054
1473510,2025,7,6,1,17.0,11.0,-45.74000000000001,3,7,terminal_mid,0.2000797926240298,0.22926638597580315
1473510,2025,8,1,1,17.0,11.070422535211268,-45.92416666666668,3,7,terminal_mid,0.20254071699263973,0.22901554893487347
1473510,2025,8,2,1,17.0,11.142857142857142,-46.108333333333334,3,7,terminal_mid,0.20172934394497397,0.2282354199557697
1473510,2025,8,3,1,17.0,11.217391304347826,-46.292500000000004,3,7,terminal_mid,0.20202000471612677,0.22851494154167604
1473510,2025,8,4,1,17.0,11.294117647058822,-46.476666666666674,3,7,terminal_mid,0.19943038937235513,0.22602245074328395
1473510,2025,8,5,1,17.0,11.373134328358208,-46.66083333333333,3,7,terminal_mid,0.20011538498184728,0.22668222145438993
1473510,2025,8,6,1,17.0,11.181818181818182,-43.845,3,7,terminal_mid,0.21671894839346684,0.24257522515797825
1473510,2025,9,1,1,17.0,11.26153846153846,-44.02916666666667,3,7,terminal_mid,0.2135212569294274,0.2516805320375735
1473510,2025,9,2,1,17.0,10.875,-39.21333333333334,3,7,terminal_mid,0.24785211041271715,0.2840417616596098
1473510,2025,9,3,1,17.0,10.952380952380953,-39.39750000000001,3,7,terminal_mid,0.24795549477372536,0.28413791115167164
1473510,2025,9,4,1,17.0,10.741935483870968,-36.58166666666665,3,7,terminal_mid,0.27908756593573547,0.31278250236905264
1473510,2025,9,5,1,17.0,10.819672131147541,-36.76583333333335,3,7,terminal_mid,0.2888417675920809,0.32164128744165243
1473510,2025,9,6,1,17.0,10.6,-33.95000000000002,3,7,terminal_mid,0.3170266464916128,0.346970871667194
1473510,2025,10,1,1,17.0,10.677966101694915,-34.13416666666669,3,7,terminal_mid,0.3204491321000461,0.3479106968529291
1473510,2025,10,2,1,17.0,10.862068965517242,-35.31833333333333,3,7,terminal_mid,0.31294856907448715,0.340904290922537
1473510,2025,10,3,1,17.0,10.842105263157896,-34.5025,3,7,terminal_mid,0.32395614785708043,0.35117942997284785
1473510,2025,10,4,1,17.0,11.035714285714285,-35.68666666666667,3,7,terminal_mid,0.3187245052832607,0.3463015779733437
1473510,2025,10,5,1,17.0,11.236363636363636,-36.87083333333334,3,7,terminal_mid,0.3058928122705102,0.3342934609918151
1473510,2025,10,6,1,17.0,11.333333333333332,-37.05500000000001,3,7,terminal_mid,0.30392286369861093,0.33244417407375104
1473510,2025,11,1,1,17.0,11.320754716981131,-36.23916666666668,3,7,terminal_mid,0.3124546807530876,0.343422185562437
1473510,2025,11,2,1,17.0,11.538461538461538,-37.42333333333332,3,7,terminal_mid,0.3023198753280434,0.3336764601033555
1473510,2025,11,3,1,17.0,11.529411764705882,-36.607500000000016,3,7,terminal_mid,0.3183535445796959,0.3490756989276304
1473510,2025,11,4,1,17.0,11.64,-36.79166666666666,3,7,terminal_mid,0.3126123361551236,0.3435734613619906
1473510,2025,11,5,1,17.0,11.755102040816325,-36.97583333333333,3,7,terminal_mid,0.3096273240067145,0.34070755807216924
1473510,2025,11,6,1,17.0,11.875,-37.16,3,7,terminal_mid,0.3023841321115261,0.33373838270325273
1473510,2025,12,1,1,17.0,12.0,-37.344166666666666,3,7,terminal_mid,0.29982093792474596,0.320755414220669
1473510,2025,12,2,1,17.0,11.478260869565219,-32.528333333333336,3,7,terminal_mid,0.38020089589750883,0.39753034360470413
1473510,2025,12,3,1,17.0,10.933333333333334,-27.712500000000006,3,7,terminal_mid,0.5267323752786923,0.534610363461793
1473510,2025,12,4,1,17.0,10.363636363636363,-22.896666666666675,3,7,terminal_mid,0.6330722309350865,0.6333604636440298
1473510,2025,12,5,1,17.0,10.604651162790699,-24.080833333333345,3,7,terminal_mid,0.5846389423714657,0.5883624044174581
1473510,2025,12,6,1,17.0,10.857142857142858,-25.265000000000015,3,7,terminal_mid,0.5817151082654107,0.5856485533290321
1473510,2025,13,1,1,17.0,10.975609756097562,-25.449166666666684,3,7,terminal_mid,0.5733866576722926,0.5730610198183482
1473510,2025,13,2,1,17.0,10.95,-24.633333333333354,3,7,terminal_mid,0.5801714482326372,0.5795473356599349
1473510,2025,13,3,1,17.0,11.076923076923077,-24.817499999999995,3,7,terminal_mid,0.5736687941280252,0.5733307175731628
1473510,2025,13,4,1,17.0,10.736842105263158,-22.001666666666665,3,7,terminal_mid,0.6469758510622339,0.6435283320967518
1473510,2025,13,5,1,17.0,10.378378378378379,-19.185833333333335,3,7,terminal_mid,0.6962074511398033,0.690902933070652
1473510,2025,13,6,1,17.0,10.5,-19.370000000000005,3,7,terminal_mid,0.6918322887896711,0.6866820847524665
1473510,2025,13,7,1,17.0,10.628571428571428,-19.554166666666674,3,7,terminal_mid,0.6885458493403414,0.6835130920857542
1473510,2025,14,1,1,17.0,10.285714285714285,-17.554166666666674,3,7,terminal_mid,0.7267365867985265,0.7195169471363944
1473510,2025,14,2,1,17.0,10.588235294117647,-18.738333333333344,3,7,terminal_mid,0.695662524640144,0.6893445431659865
1473510,2025,14,3,1,17.0,10.727272727272727,-18.922499999999985,3,7,terminal_mid,0.6885237959927439,0.6824318549195134
1473510,2025,14,4,1,17.0,11.0625,-20.106666666666683,3,7,terminal_mid,0.6500183084994552,0.6452470931571905
1473510,2025,14,5,1,17.0,11.225806451612902,-20.290833333333325,3,7,terminal_mid,0.6376686030346091,0.6333522031594159
1473510,2025,14,6,1,17.0,11.399999999999999,-20.474999999999994,3,7,terminal_mid,0.634031565735898,0.6298515844636733
1473510,2025,15,1,1,17.0,10.551724137931034,-15.659166666666664,3,7,terminal_mid,0.7449705375733124,0.7385113380603588
1473510,2025,15,2,1,17.0,10.714285714285715,-15.843333333333334,3,7,terminal_mid,0.7380820167586287,0.73175352169169
1473510,2025,15,3,1,17.0,10.88888888888889,-16.027500000000003,3,7,terminal_mid,0.7328056527412206,0.7265819397277934
1473510,2025,15,4,1,17.0,11.076923076923077,-16.211666666666673,3,7,terminal_mid,0.7223436929848019,0.7163391542737677
1473510,2025,15,5,1,17.0,11.52,-21.625,4,6,terminal_mid,0.5708144130298545,0.5691705415469512
1473510,2025,15,6,1,17.0,11.75,-21.640000000000015,4,6,terminal_mid,0.595907887863201,0.5934366671515844
1473510,2025,15,7,1,17.0,10.695652173913043,-16.655,4,6,terminal_mid,0.726081167032294,0.7199966317440134
1473511,2025,7,1,0,3.46875,10.51948051948052,-24.27499999999999,1,9,terminal_mid,0.5693228783710829,0.5545595356439892
1473511,2025,7,2,0,3.46875,10.18421052631579,-19.700000000000003,1,9,terminal_mid,0.633404437026984,0.6104841026077056
1473511,2025,7,3,0,3.46875,10.24,-20.125,1,9,terminal_mid,0.6245042492429493,0.6026582184487713
1473511,2025,7,4,0,3.46875,10.378378378378379,-21.549999999999997,1,9,terminal_mid,0.6160859896905932,0.5952758994498255
1473511,2025,7,5,0,3.46875,10.027397260273972,-16.97500000000001,1,9,terminal_mid,0.6606772927352825,0.6346157055015574
1473511,2025,7,6,0,3.46875,10.083333333333334,-17.39999999999999,1,9,terminal_mid,0.6550729979389815,0.6296368929370673
1473511,2025,8,1,0,3.46875,10.140845070422536,-17.825000000000003,1,9,terminal_mid,0.6471148285584842,0.6281627312542122
1473511,2025,8,2,0,3.46875,10.2,-18.25,1,9,terminal_mid,0.6344063505315065,0.6167543352557807
1473511,2025,8,3,0,3.46875,10.347826086956523,-30.60000000000001,2,8,terminal_mid,0.3956512154286597,0.4058099989278721
1473511,2025,8,4,0,3.46875,10.411764705882353,-30.86666666666666,2,8,terminal_mid,0.3965825515115524,0.40663574176115364
1473511,2025,8,5,0,3.46875,10.567164179104477,-32.13333333333331,2,8,terminal_mid,0.3753534792431949,0.38777664300079273
1473511,2025,8,6,0,3.46875,10.636363636363637,-32.39999999999999,2,8,terminal_mid,0.3762842316754835,0.38860522035170575
1473511,2025,9,1,0,3.46875,10.430769230769231,-29.666666666666657,2,8,terminal_mid,0.47963583784855485,0.4881175065965354
1473511,2025,9,2,0,3.46875,10.59375,-30.933333333333323,2,8,terminal_mid,0.40680551433891043,0.42564696254756984
1473511,2025,9,3,0,3.46875,10.666666666666666,-31.19999999999999,2,8,terminal_mid,0.41379273766393965,0.4316769624262578
1473511,2025,9,4,0,3.46875,10.838709677419354,-42.28333333333333,3,7,terminal_mid,0.24283918589182213,0.2793708455935418
1473511,2025,9,5,0,3.46875,10.918032786885245,-42.391666666666694,3,7,terminal_mid,0.24232432732010356,0.2788901252215698
1473511,2025,9,6,0,3.46875,11.0,-42.5,3,7,terminal_mid,0.24634513217887427,0.2826394161069322
1473511,2025,10,1,0,3.46875,10.576271186440678,-37.60833333333335,3,7,terminal_mid,0.30517167900362496,0.33361668103458203
1473511,2025,10,2,0,3.46875,10.758620689655173,-38.716666666666654,3,7,terminal_mid,0.29655749820808497,0.3255157364756473
1473511,2025,10,3,0,3.46875,10.842105263157896,-38.825,3,7,terminal_mid,0.3121630789387638,0.3401693035983487
1473511,2025,10,4,0,3.46875,11.035714285714285,-39.93333333333334,3,7,terminal_mid,0.3031501874987511,0.3317183927685291
1473511,2025,10,5,0,3.46875,11.236363636363636,-41.041666666666686,3,7,terminal_mid,0.2866357619997648,0.31614580021964933
1473511,2025,10,6,0,3.46875,11.444444444444445,-42.150000000000006,3,7,terminal_mid,0.2758728317807566,0.3059310992033921
1473511,2025,11,1,0,3.46875,11.547169811320755,-42.258333333333354,3,7,terminal_mid,0.2741356715349462,0.30634218405858743
1473511,2025,11,2,0,3.46875,11.769230769230768,-43.366666666666674,3,7,terminal_mid,0.25501198877419107,0.2875814419435913
1473511,2025,11,3,0,3.46875,11.882352941176471,-43.474999999999994,3,7,terminal_mid,0.2548988567776491,0.28746990124772315
1473511,2025,11,4,0,3.46875,12.120000000000001,-44.583333333333314,3,7,terminal_mid,0.2598384720909128,0.2923338020135294
1473511,2025,11,5,0,3.46875,12.244897959183675,-44.69166666666666,3,7,terminal_mid,0.25933996538048876,0.2918435111807895
1473511,2025,11,6,0,3.46875,11.75,-39.79999999999998,3,7,terminal_mid,0.327061624909202,0.3573971932561068
1473511,2025,11,7,0,3.46875,11.872340425531915,-39.90833333333333,3,7,terminal_mid,0.3141900134285758,0.3450867558848039
1473511,2025,12,1,0,3.46875,11.872340425531915,-47.349999999999994,4,6,terminal_mid,0.21951115649624967,0.24203996944861625
1473511,2025,12,2,0,3.46875,12.130434782608695,-48.30000000000001,4,6,terminal_mid,0.2294019077617631,0.2518742348326803
1473511,2025,12,3,0,3.46875,12.400000000000002,-49.25,4,6,terminal_mid,0.20880528907547996,0.23134331256177654
1473511,2025,12,4,0,3.46875,12.545454545454545,-49.20000000000002,4,6,terminal_mid,0.2026963303946721,0.22521418529884418
1473511,2025,12,5,0,3.46875,12.697674418604652,-49.150000000000006,4,6,terminal_mid,0.19804757304094678,0.220537189466764
1473511,2025,12,6,0,3.46875,12.857142857142858,-49.099999999999994,4,6,terminal_mid,0.19283193150781813,0.21527618961984216
1473511,2025,13,1,0,3.46875,13.02439024390244,-49.05000000000001,4,6,terminal_mid,0.18878260009630993,0.20074821317844135
1473511,2025,13,2,0,3.46875,13.350000000000001,-50.0,4,6,terminal_mid,0.17594507524875455,0.18786599375939564
1473511,2025,13,3,0,3.46875,13.384615384615385,-48.94999999999999,4,6,terminal_mid,0.18544540182853475,0.19740480058912016
1473511,2025,13,4,0,3.46875,13.736842105263158,-49.900000000000006,4,6,terminal_mid,0.1788889419688061,0.19082514233171588
1473511,2025,13,5,0,3.46875,13.945945945945944,-49.849999999999994,4,6,terminal_mid,0.1684371231556953,0.1803049175410123
1473511,2025,13,6,0,3.46875,14.166666666666668,-49.80000000000001,4,6,terminal_mid,0.13388247946433923,0.145215823941983
1473511,2025,14,1,0,3.46875,13.885714285714286,-46.75,4,6,terminal_mid,0.19898504526216682,0.20938377978973133
1473511,2025,14,2,0,3.46875,14.117647058823529,-46.70000000000002,4,6,terminal_mid,0.17412776597319402,0.18456463897686506
1473511,2025,14,3,0,3.46875,13.454545454545453,-41.650000000000006,4,6,terminal_mid,0.24559078036505788,0.2554649685617506
1473511,2025,14,4,0,3.46875,13.6875,-41.599999999999994,4,6,terminal_mid,0.23418419925258038,0.24423507286402796
1473511,2025,14,5,0,3.46875,14.129032258064516,-42.54999999999998,4,6,terminal_mid,0.20456345066639625,0.21492860621487345
1473511,2025,14,6,0,3.46875,14.399999999999999,-42.5,4,6,terminal_mid,0.18455477063503123,0.19499875655622298
1473511,2025,15,1,0,3.46875,14.689655172413792,-42.44999999999999,4,6,terminal_mid,0.1436263076669696,0.15172875189794297
1473511,2025,15,2,0,3.46875,15.0,-42.400000000000006,4,6,terminal_mid,0.128802256736312,0.13671158857762586
1473511,2025,15,3,0,3.46875,14.222222222222221,-37.349999999999994,4,6,terminal_mid,0.2599652515151411,0.2675384959692595
1473511,2025,15,4,0,3.46875,14.538461538461537,-37.30000000000001,4,6,terminal_mid,0.21154838496338269,0.21970887486548688
1473511,2025,15,5,0,3.46875,14.879999999999999,-37.25,4,6,terminal_mid,0.19780575215445007,0.20604825126449716
1473511,2025,15,6,0,3.46875,15.25,-37.19999999999999,4,6,terminal_mid,0.1695209014624614,0.17779100284512517
1473511,2025,15,7,0,3.46875,14.347826086956522,-32.150000000000006,4,6,terminal_mid,0.3078650693888265,0.31448776786560345
1485779,2025,7,1,1,19.80000000000001,10.987012987012987,-34.253333333333316,2,8,terminal_mid,0.27521859344768884,0.29870463307994943
1485779,2025,7,2,1,19.80000000000001,11.052631578947368,-34.62666666666665,2,8,terminal_mid,0.2704770053905779,0.2944176739835549
1485779,2025,7,3,1,19.80000000000001,11.12,-35.0,2,8,terminal_mid,0.28117889976762733,0.3040785724342432
1485779,2025,7,4,1,19.80000000000001,10.783783783783784,-30.37333333333332,2,8,terminal_mid,0.39871006557230515,0.4075423409892167
1485779,2025,7,5,1,19.80000000000001,10.767123287671232,-29.746666666666684,2,8,terminal_mid,0.4062657979767354,0.4140812414467608
1485779,2025,7,6,1,19.80000000000001,10.833333333333334,-30.120000000000005,2,8,terminal_mid,0.39126563295846545,0.4010909756571623
1485779,2025,8,1,1,19.80000000000001,10.901408450704226,-30.493333333333325,2,8,terminal_mid,0.39600535011091276,0.40612399868223886
1485779,2025,8,2,1,19.80000000000001,10.971428571428572,-30.866666666666646,2,8,terminal_mid,0.3872839046437605,0.39838497269715867
1485779,2025,8,3,1,19.80000000000001,11.043478260869565,-31.24000000000001,2,8,terminal_mid,0.38879501253087734,0.3997267820670843
1485779,2025,8,4,1,19.80000000000001,11.205882352941178,-32.61333333333333,2,8,terminal_mid,0.37089059923392886,0.3838012830576727
1485779,2025,8,5,1,19.80000000000001,11.28358208955224,-32.98666666666665,2,8,terminal_mid,0.36531141867140726,0.3788257808832697
1485779,2025,8,6,1,19.80000000000001,11.454545454545455,-34.359999999999985,2,8,terminal_mid,0.3314607407728533,0.3484805306039742
1485779,2025,9,1,1,19.80000000000001,11.538461538461538,-34.733333333333334,2,8,terminal_mid,0.3214471330727045,0.3509106287240839
1485779,2025,9,2,1,19.80000000000001,11.53125,-34.106666666666655,2,8,terminal_mid,0.33233176575949763,0.3605770772853136
1485779,2025,9,3,1,19.80000000000001,11.523809523809524,-33.47999999999999,2,8,terminal_mid,0.3819450680795807,0.40410279431812773
1485779,2025,9,4,1,19.80000000000001,11.129032258064516,-28.85333333333334,2,8,terminal_mid,0.4732746996062088,0.48268669541230197
1485779,2025,9,5,1,19.80000000000001,11.311475409836067,-30.22666666666666,2,8,terminal_mid,0.44264213080043663,0.4564790196896688
1485779,2025,9,6,1,19.80000000000001,11.399999999999999,-30.599999999999994,2,8,terminal_mid,0.446653964417548,0.4599176641053587
1485779,2025,10,1,1,19.80000000000001,11.59322033898305,-42.10166666666669,3,7,terminal_mid,0.28017486745078707,0.31002048671613525
1485779,2025,10,2,1,19.80000000000001,11.689655172413794,-42.30333333333331,3,7,terminal_mid,0.29045042479121436,0.3197534337972597
1485779,2025,10,3,1,19.80000000000001,11.473684210526315,-39.504999999999995,3,7,terminal_mid,0.322029032144561,0.3493838115498172
1485779,2025,10,4,1,19.80000000000001,11.25,-36.70666666666668,3,7,terminal_mid,0.34799620195185443,0.3734702492405252
1485779,2025,10,5,1,19.80000000000001,11.01818181818182,-33.90833333333333,3,7,terminal_mid,0.3609554882110876,0.3854092307520379
1485779,2025,10,6,1,19.80000000000001,10.777777777777779,-31.110000000000014,3,7,terminal_mid,0.433064915416457,0.4510558595267053
1485779,2025,11,1,1,19.80000000000001,10.867924528301888,-31.311666666666696,3,7,terminal_mid,0.43304754845945764,0.4567624966024708
1485779,2025,11,2,1,19.80000000000001,10.961538461538462,-31.51333333333332,3,7,terminal_mid,0.4309943423625494,0.45486500834847965
1485779,2025,11,3,1,19.80000000000001,11.176470588235293,-32.715,3,7,terminal_mid,0.4110573891932312,0.43639249503817806
1485779,2025,11,4,1,19.80000000000001,11.399999999999999,-33.91666666666666,3,7,terminal_mid,0.3736122365138431,0.4014349284922887
1485779,2025,11,5,1,19.80000000000001,11.63265306122449,-35.11833333333331,3,7,terminal_mid,0.3605128178426191,0.38911340699712743
1485779,2025,11,6,1,19.80000000000001,11.75,-35.31999999999999,3,7,terminal_mid,0.36086627838432095,0.3894465635589884
1485779,2025,11,7,1,19.80000000000001,11.872340425531915,-35.521666666666675,3,7,terminal_mid,0.36319876865339085,0.3916440964546689
1485779,2025,12,1,1,19.80000000000001,11.74468085106383,-34.521666666666675,3,7,terminal_mid,0.3682752905225015,0.3862357562948876
1485779,2025,12,2,1,19.80000000000001,11.869565217391305,-34.72333333333333,3,7,terminal_mid,0.3640314798201306,0.38220937628309914
1485779,2025,12,3,1,19.80000000000001,11.6,-31.92500000000001,3,7,terminal_mid,0.41369627138805537,0.42911057331358166
1485779,2025,12,4,1,19.80000000000001,11.045454545454545,-27.126666666666694,3,7,terminal_mid,0.5260365134480427,0.5339639867778622
1485779,2025,12,5,1,19.80000000000001,11.162790697674419,-27.328333333333347,3,7,terminal_mid,0.5208401365286918,0.5291364834733171
1485779,2025,12,6,1,19.80000000000001,11.285714285714285,-27.53,3,7,terminal_mid,0.5258312148263997,0.5337732838266182
1485779,2025,13,1,1,19.80000000000001,11.414634146341463,-27.731666666666683,3,7,terminal_mid,0.5156763716009537,0.5179197541366652
1485779,2025,13,2,1,19.80000000000001,11.55,-27.933333333333337,3,7,terminal_mid,0.4954618367091501,0.49860292510006393
1485779,2025,13,3,1,19.80000000000001,10.923076923076923,-23.13499999999999,3,7,terminal_mid,0.5631276954709187,0.5632557304801579
1485779,2025,13,4,1,19.80000000000001,11.052631578947368,-23.336666666666673,3,7,terminal_mid,0.5543348226695382,0.5548534647949215
1485779,2025,13,5,1,19.80000000000001,11.18918918918919,-23.538333333333327,3,7,terminal_mid,0.5482165249540285,0.5490076628752788
1485779,2025,13,6,1,19.80000000000001,11.166666666666668,-22.74000000000001,3,7,terminal_mid,0.5802652624000026,0.5796370327799593
1485779,2025,13,7,1,19.80000000000001,10.457142857142857,-17.94166666666669,3,7,terminal_mid,0.6844122718956094,0.6795290457640221
1485779,2025,14,1,1,19.80000000000001,10.285714285714285,-16.94166666666669,3,7,terminal_mid,0.7094861046189254,0.7027496922508731
1485779,2025,14,2,1,19.80000000000001,10.411764705882353,-17.143333333333345,3,7,terminal_mid,0.6987394335694899,0.6923260638441636
1485779,2025,14,3,1,19.80000000000001,10.0,-14.344999999999999,3,7,terminal_mid,0.74330149142164,0.7356630551856003
1485779,2025,14,4,1,19.80000000000001,10.125,-14.546666666666681,3,7,terminal_mid,0.7396180348804773,0.732068636651655
1485779,2025,14,5,1,19.80000000000001,10.258064516129032,-14.748333333333306,3,7,terminal_mid,0.7366486522908088,0.7291727695073642
1485779,2025,14,6,1,19.80000000000001,10.4,-14.949999999999989,3,7,terminal_mid,0.7259166506725827,0.7187189329939702
1485779,2025,14,7,1,19.80000000000001,10.758620689655173,-21.129999999999995,4,6,terminal_mid,0.5783006894016833,0.576322831978244
1485779,2025,15,1,1,19.80000000000001,10.551724137931034,-20.129999999999995,4,6,terminal_mid,0.6025564980676612,0.5998705206533075
1485779,2025,15,2,1,19.80000000000001,10.928571428571429,-21.159999999999997,4,6,terminal_mid,0.5817254577372521,0.5797188768855915
1485779,2025,15,3,1,19.80000000000001,11.11111111111111,-21.189999999999998,4,6,terminal_mid,0.5781863138228844,0.5762969254215023
1485779,2025,15,4,1,19.80000000000001,11.307692307692307,-21.22,4,6,terminal_mid,0.5769232621540147,0.5750758071441184
1485779,2025,15,5,1,19.80000000000001,11.76,-22.25,4,6,terminal_mid,0.5532918924434209,0.5522381154762627
1485779,2025,15,6,1,19.80000000000001,12.0,-22.28,4,6,terminal_mid,0.55414474415369,0.5530620646563104
1527674,2026,7,1,1,11.94736842105263,8.727272727272727,5.077500000000001,1,9,terminal_mid,0.912961639917711,0.8808077700859621
1527674,2026,7,2,1,11.94736842105263,8.842105263157894,3.569999999999993,1,9,terminal_mid,0.8500959794440928,0.8132542034943288
1527674,2026,7,3,1,11.94736842105263,8.879999999999999,3.0625,1,9,terminal_mid,0.853208240363327,0.8164498804529849
1527674,2026,7,4,1,11.94736842105263,8.675675675675677,5.555000000000007,1,9,terminal_mid,0.924472096420436,0.8940546475341739
1527674,2026,7,5,1,11.94736842105263,8.465753424657535,8.0475,1,9,terminal_mid,0.9394407394677995,0.9118616276611149
1527674,2026,7,6,1,11.94736842105263,8.583333333333334,6.540000000000006,1,9,terminal_mid,0.9374252298361915,0.9094206816770154
1527674,2026,8,1,1,11.94736842105263,8.619718309859156,6.032499999999999,1,9,terminal_mid,0.9366839526305322,0.9137356416544299
1527674,2026,8,2,1,11.94736842105263,8.399999999999999,8.525000000000006,1,9,terminal_mid,0.9467838169073295,0.9256940508415478
1527674,2026,8,3,1,11.94736842105263,8.0,13.017499999999998,1,9,terminal_mid,0.9589734922692478,0.9406065169861118
1527674,2026,8,4,1,11.94736842105263,8.117647058823529,0.12000000000000455,2,8,terminal_mid,0.8836667999975221,0.854955651389773
1527674,2026,8,5,1,11.94736842105263,8.149253731343283,-0.21999999999998465,2,8,terminal_mid,0.8550201546002276,0.8251262587671963
1527674,2026,8,6,1,11.94736842105263,8.272727272727273,-1.559999999999988,2,8,terminal_mid,0.8515195131915401,0.8215502819599104
1527674,2026,9,1,1,11.94736842105263,8.307692307692307,-1.8999999999999915,2,8,terminal_mid,0.8502878772552012,0.8179854974986472
1527674,2026,9,2,1,11.94736842105263,7.875,2.7600000000000193,2,8,terminal_mid,0.8903592558304723,0.8590718370525997
1527674,2026,9,3,1,11.94736842105263,7.904761904761905,2.4200000000000017,2,8,terminal_mid,0.8927998912906319,0.8616579598370998
1527674,2026,9,4,1,11.94736842105263,7.64516129032258,5.079999999999998,2,8,terminal_mid,0.9521106966103396,0.928970281707194
1527674,2026,9,5,1,11.94736842105263,7.672131147540984,4.740000000000009,2,8,terminal_mid,0.9138801426063544,0.8844951093054487
1527674,2026,9,6,1,11.94736842105263,7.700000000000001,4.400000000000006,2,8,terminal_mid,0.913224967652619,0.8837705320724621
1527674,2026,9,7,1,11.94736842105263,7.728813559322033,4.060000000000002,2,8,terminal_mid,0.9136321470246931,0.8842207219815923
1527674,2026,10,1,1,11.94736842105263,7.627118644067796,5.060000000000002,2,8,terminal_mid,0.9580442124519133,0.9450784996624759
1527674,2026,10,2,1,11.94736842105263,7.137931034482759,9.720000000000013,2,8,terminal_mid,0.9676781257242761,0.9563895822132521
1527674,2026,10,3,1,11.94736842105263,7.157894736842104,9.379999999999995,2,8,terminal_mid,0.9711527866563021,0.9605660976747741
1527674,2026,10,4,1,11.94736842105263,7.285714285714285,8.039999999999992,2,8,terminal_mid,0.9711920330669145,0.9606136083080425
1527674,2026,10,5,1,11.94736842105263,6.763636363636364,12.700000000000003,2,8,terminal_mid,0.9780668910262934,0.9690686103262768
1527674,2026,10,6,1,11.94736842105263,6.888888888888889,11.360000000000014,2,8,terminal_mid,0.9784174955141697,0.9695076127169551
1527674,2026,11,1,1,11.94736842105263,6.566037735849056,14.019999999999982,2,8,terminal_mid,0.9812269552827229,0.9756344432430749
1527674,2026,11,2,1,11.94736842105263,6.5769230769230775,13.680000000000007,2,8,terminal_mid,0.9819015759924522,0.9764317293227865
1527674,2026,11,3,1,11.94736842105263,6.705882352941177,12.340000000000003,2,8,terminal_mid,0.9820588345815069,0.9766179819549631
1527674,2026,11,4,1,11.94736842105263,6.720000000000001,12.0,2,8,terminal_mid,0.9825299555350546,0.9771768923086146
1527674,2026,11,5,1,11.94736842105263,6.122448979591837,16.659999999999997,2,8,terminal_mid,0.987864295999501,0.9836159243599087
1527674,2026,11,6,1,11.94736842105263,6.125,16.32000000000002,2,8,terminal_mid,0.9883129041409233,0.9841681967464231
1527674,2026,11,7,1,11.94736842105263,5.48936170212766,20.97999999999999,2,8,terminal_mid,0.9903107459320712,0.9866527561601067
1527674,2026,11,8,1,11.94736842105263,5.478260869565217,20.639999999999986,2,8,terminal_mid,0.9906234835008018,0.9870457378460253
1527674,2026,11,9,1,11.94736842105263,5.466666666666667,20.30000000000001,2,8,terminal_mid,0.9916840801913704,0.9883876879274912
1527674,2026,11,10,1,11.94736842105263,5.454545454545454,19.960000000000008,2,8,terminal_mid,0.9914030121960511,0.9880306118821773
1527674,2026,12,1,1,11.94736842105263,4.9787234042553195,24.97999999999999,2,8,terminal_mid,0.9914750234881564,0.9886320994741372
1527674,2026,12,2,1,11.94736842105263,5.086956521739131,15.935000000000002,3,7,terminal_mid,0.987364607437104,0.9836242058220325
1527674,2026,12,3,1,11.94736842105263,5.2,7.224999999999994,4,6,terminal_mid,0.9682942026038127,0.9616194535158525
1527674,2026,12,4,1,11.94736842105263,5.318181818181818,6.219999999999999,4,6,terminal_mid,0.9717476799125245,0.9655007990921741
1527674,2026,12,5,1,11.94736842105263,5.441860465116279,5.215000000000003,4,6,terminal_mid,0.9722158469540301,0.9660297804444498
1527674,2026,12,6,1,11.94736842105263,5.428571428571429,5.2099999999999795,4,6,terminal_mid,0.9741699829512462,0.9682455260596714
1527674,2026,13,1,1,11.94736842105263,5.414634146341464,5.204999999999984,4,6,terminal_mid,0.9743981208361732,0.9703956209168302
1527674,2026,13,2,1,11.94736842105263,5.4,5.199999999999989,4,6,terminal_mid,0.978892580063684,0.9753657173038347
1527674,2026,13,3,1,11.94736842105263,5.384615384615385,5.195000000000022,4,6,terminal_mid,0.9813727814925264,0.9781306653493442
1527674,2026,13,4,1,11.94736842105263,5.526315789473684,4.189999999999998,4,6,terminal_mid,0.9697991568914333,0.9653559480400972
1527674,2026,13,5,1,11.94736842105263,5.513513513513514,4.185000000000002,4,6,terminal_mid,0.97160804165429,0.9673331114557154
1527674,2026,13,6,1,11.94736842105263,5.5,4.179999999999978,4,6,terminal_mid,0.9703207346687701,0.9659254048786519
1527674,2026,13,7,1,11.94736842105263,5.485714285714286,4.175000000000011,4,6,terminal_mid,0.971687704386599,0.9674203313568925
1527674,2026,14,1,1,11.94736842105263,5.314285714285714,5.175000000000011,4,6,terminal_mid,0.9863696504341608,0.9837971198912409
1527674,2026,14,2,1,11.94736842105263,5.294117647058823,5.1699999999999875,4,6,terminal_mid,0.9883464346519484,0.986049916288561
1527674,2026,14,3,1,11.94736842105263,4.727272727272727,8.16500000000002,4,6,terminal_mid,0.9885858462905721,0.986323904059599
1527674,2026,14,4,1,11.94736842105263,4.6875,8.159999999999997,4,6,terminal_mid,0.9881668569715083,0.9858445745317721
1527674,2026,14,5,1,11.94736842105263,3.67741935483871,13.155000000000001,4,6,terminal_mid,0.9891219047185558,0.9869383504641757
1527674,2026,14,6,1,11.94736842105263,3.5999999999999996,13.150000000000006,4,6,terminal_mid,0.9894814646793264,0.9873512659091823
1527674,2026,14,7,1,11.94736842105263,3.5172413793103443,13.14500000000001,4,6,terminal_mid,0.9904379745344549,0.9884529313017603
1527674,2026,15,1,1,11.94736842105263,2.275862068965517,19.14500000000001,4,6,terminal_mid,0.9886096404528764,0.9867885043498256
1527674,2026,15,2,1,11.94736842105263,1.5,22.140000000000015,4,6,terminal_mid,0.9909820259901648,0.9894519702402087
1527674,2026,15,3,1,11.94736842105263,0.6666666666666666,25.13499999999999,4,6,terminal_mid,0.9936146709151719,0.9924388219092645
1527674,2026,15,4,1,11.94736842105263,-0.23076923076923078,28.129999999999995,4,6,terminal_mid,0.994072981139319,0.9929629767848475
1527675,2026,7,1,1,43.173076923076934,10.285714285714285,10.166666666666671,0,10,terminal_mid,0.7158751509579414,0.6843257467304265
1527675,2026,7,2,1,43.173076923076934,10.342105263157894,9.333333333333329,0,10,terminal_mid,0.7093655613493879,0.6783917138952453
1527675,2026,7,3,1,43.173076923076934,10.16,11.5,0,10,terminal_mid,0.7166248602976497,0.6850105541975416
1527675,2026,7,4,1,43.173076923076934,10.216216216216216,10.666666666666671,0,10,terminal_mid,0.7124045132159027,0.6811593116962171
1527675,2026,7,5,1,43.173076923076934,10.356164383561644,8.833333333333329,0,10,terminal_mid,0.7037791596092948,0.6733159726308249
1527675,2026,7,6,1,43.173076923076934,10.416666666666668,8.0,0,10,terminal_mid,0.7006988640122991,0.6705236467745147
1527675,2026,8,1,1,43.173076923076934,10.056338028169014,12.166666666666671,0,10,terminal_mid,0.7460480214362301,0.7188400816824658
1527675,2026,8,2,1,43.173076923076934,10.2,10.333333333333343,0,10,terminal_mid,0.7131914195037715,0.6882886555382415
1527675,2026,8,3,1,43.173076923076934,9.826086956521738,14.499999999999986,0,10,terminal_mid,0.8124392774043641,0.7824725650167145
1527675,2026,8,4,1,43.173076923076934,9.882352941176471,13.666666666666657,0,10,terminal_mid,0.7698699738091704,0.7413433024712279
1527675,2026,8,5,1,43.173076923076934,9.940298507462686,12.833333333333343,0,10,terminal_mid,0.7581923582105063,0.7302714363287066
1527675,2026,8,6,1,43.173076923076934,10.090909090909092,11.000000000000014,0,10,terminal_mid,0.733875995048912,0.7074612805094884
1527675,2026,9,1,1,43.173076923076934,10.061538461538461,11.166666666666657,0,10,terminal_mid,0.7394374335379594,0.7132512067948055
1527675,2026,9,2,1,43.173076923076934,10.21875,9.333333333333329,0,10,terminal_mid,0.719599110962527,0.6953985578502802
1527675,2026,9,3,1,43.173076923076934,10.19047619047619,9.5,0,10,terminal_mid,0.7275196037139928,0.7025025490684821
1527675,2026,9,4,1,43.173076923076934,10.258064516129032,8.666666666666671,0,10,terminal_mid,0.7222492692071548,0.697772150644038
1527675,2026,9,5,1,43.173076923076934,10.032786885245901,10.833333333333329,0,10,terminal_mid,0.7443473330646262,0.7177014366790168
1527675,2026,9,6,1,43.173076923076934,10.1,10.0,0,10,terminal_mid,0.7424790697105368,0.7160065148082397
1527675,2026,9,7,1,43.173076923076934,10.067796610169491,10.166666666666671,0,10,terminal_mid,0.7439187601250656,0.7173124556981783
1527675,2026,10,1,1,43.173076923076934,9.966101694915254,11.166666666666671,0,10,terminal_mid,0.7434910800076222,0.7305608126714145
1527675,2026,10,2,1,43.173076923076934,9.517241379310345,15.333333333333343,0,10,terminal_mid,0.8271993146123697,0.8094798821600676
1527675,2026,10,3,1,43.173076923076934,9.68421052631579,13.5,0,10,terminal_mid,0.786371225672311,0.7705524615394271
1527675,2026,10,4,1,43.173076923076934,9.75,12.666666666666671,0,10,terminal_mid,0.7804993029687266,0.7650282924574654
1527675,2026,10,5,1,43.173076923076934,9.818181818181818,11.833333333333314,0,10,terminal_mid,0.7630759272617978,0.748730333790383
1527675,2026,10,6,1,43.173076923076934,9.555555555555555,13.999999999999986,0,10,terminal_mid,0.796053608031547,0.7796990889356916
1527675,2026,11,1,1,43.173076923076934,9.283018867924529,16.166666666666657,0,10,terminal_mid,0.8432803868990411,0.8336072682501867
1527675,2026,11,2,1,43.173076923076934,8.769230769230768,20.333333333333343,0,10,terminal_mid,0.8785343871856625,0.8678201054659932
1527675,2026,11,3,1,43.173076923076934,8.823529411764707,19.500000000000014,0,10,terminal_mid,0.8735347169156986,0.862916375767092
1527675,2026,11,4,1,43.173076923076934,8.879999999999999,18.666666666666686,0,10,terminal_mid,0.8775312608562055,0.8668346994983129
1527675,2026,11,5,1,43.173076923076934,8.938775510204081,17.833333333333343,0,10,terminal_mid,0.8666880183463593,0.8562308972171391
1527675,2026,11,6,1,43.173076923076934,9.125,7.200000000000017,1,9,terminal_mid,0.8545289080634715,0.8444367265667159
1527675,2026,11,7,1,43.173076923076934,8.808510638297872,9.550000000000011,1,9,terminal_mid,0.8594066795563499,0.8491565534579654
1527675,2026,12,1,1,43.173076923076934,8.808510638297872,9.550000000000011,1,9,terminal_mid,0.8688136569459312,0.8579667851476054
1527675,2026,12,2,1,43.173076923076934,8.869565217391305,8.900000000000006,1,9,terminal_mid,0.864582371046559,0.8537619575697522
1527675,2026,12,3,1,43.173076923076934,8.933333333333334,8.25,1,9,terminal_mid,0.8603274742954701,0.8495444861937173
1527675,2026,12,4,1,43.173076923076934,9.0,7.599999999999994,1,9,terminal_mid,0.87040010724976,0.859546166081371
1527675,2026,12,5,1,43.173076923076934,9.069767441860465,6.949999999999989,1,9,terminal_mid,0.8806353165291994,0.8697750505772219
1527675,2026,12,6,1,43.173076923076934,9.142857142857142,6.299999999999983,1,9,terminal_mid,0.8822197388932085,0.8713648375823
1527675,2026,12,7,1,43.173076923076934,8.487804878048781,10.650000000000006,1,9,terminal_mid,0.9347669457787091,0.9253125917653424
1527675,2026,13,1,1,43.173076923076934,7.902439024390244,14.650000000000006,1,9,terminal_mid,0.9384410036924706,0.9318437582228486
1527675,2026,13,2,1,43.173076923076934,7.949999999999999,14.0,1,9,terminal_mid,0.9398691149374045,0.9333452469866083
1527675,2026,13,3,1,43.173076923076934,8.0,13.349999999999994,1,9,terminal_mid,0.9442749199342144,0.9379899351865038
1527675,2026,13,4,1,43.173076923076934,8.052631578947368,12.699999999999989,1,9,terminal_mid,0.9428995586859843,0.9365379225500502
1527675,2026,13,5,1,43.173076923076934,8.108108108108109,12.050000000000011,1,9,terminal_mid,0.9467960679920724,0.940656690945687
1527675,2026,13,6,1,43.173076923076934,8.333333333333332,10.400000000000006,1,9,terminal_mid,0.9419734785515155,0.9355613060649342
1527675,2026,13,7,1,43.173076923076934,7.885714285714286,12.75,1,9,terminal_mid,0.945926873516552,0.9397365378004039
1527675,2026,14,1,1,43.173076923076934,7.199999999999999,16.75,1,9,terminal_mid,0.9459260783116121,0.9397008525055004
1527675,2026,14,2,1,43.173076923076934,7.411764705882353,8.866666666666674,2,8,terminal_mid,0.9405012073750754,0.9339595815620491
1527675,2026,14,3,1,43.173076923076934,6.90909090909091,11.400000000000006,2,8,terminal_mid,0.9362493724957704,0.9294792012877411
1527675,2026,14,4,1,43.173076923076934,7.125,9.933333333333337,2,8,terminal_mid,0.9367613491982094,0.9300178368337807
1527675,2026,14,5,1,43.173076923076934,7.35483870967742,8.466666666666669,2,8,terminal_mid,0.9380127269983282,0.9313353538954707
1527675,2026,14,6,1,43.173076923076934,7.6,7.0,2,8,terminal_mid,0.9405283799428622,0.9339882680410541
1527675,2026,15,1,1,43.173076923076934,7.862068965517241,5.533333333333331,2,8,terminal_mid,0.9417370564406722,0.9364519867614503
1527675,2026,15,2,1,43.173076923076934,7.928571428571429,-0.06666666666666288,3,7,terminal_mid,0.8979040104846241,0.8911544664077655
1527675,2026,15,3,1,43.173076923076934,8.0,-0.3499999999999943,3,7,terminal_mid,0.8876228570783531,0.8806725255479958
1527675,2026,15,4,1,43.173076923076934,7.384615384615385,2.366666666666646,3,7,terminal_mid,0.9084451302091201,0.9019509375612621
1527675,2026,15,5,1,43.173076923076934,6.720000000000001,5.083333333333343,3,7,terminal_mid,0.9352678466638555,0.929692099957664
1527675,2026,15,6,1,43.173076923076934,7.0,3.8000000000000114,3,7,terminal_mid,0.9174361190799261,0.9112035566402339
1527676,2026,7,1,1,-47.599999999999994,3.896103896103896,24.3425,1,9,terminal_mid,0.9913816840244054,0.9830326567456499
1527676,2026,7,2,1,-47.599999999999994,3.947368421052632,23.389999999999993,1,9,terminal_mid,0.9920018154674948,0.9840795096556859
1527676,2026,7,3,1,-47.599999999999994,3.6799999999999997,26.4375,1,9,terminal_mid,0.9929939330264658,0.9857807536483921
1527676,2026,7,4,1,-47.599999999999994,3.4054054054054053,29.485000000000007,1,9,terminal_mid,0.9929149064359917,0.9856439595829937
1527676,2026,7,5,1,-47.599999999999994,3.3698630136986303,29.5325,1,9,terminal_mid,0.99333885305219,0.9863805868695302
1527676,2026,7,6,1,-47.599999999999994,3.083333333333333,32.580000000000005,1,9,terminal_mid,0.9932487927940612,0.9862235232437782
1527676,2026,8,1,1,-47.599999999999994,2.788732394366197,35.6275,1,9,terminal_mid,0.9922562747208998,0.9860522740855817
1527676,2026,8,2,1,-47.599999999999994,2.4857142857142858,38.675000000000004,1,9,terminal_mid,0.992059877705103,0.9857436876297688
1527676,2026,8,3,1,-47.599999999999994,2.5217391304347823,30.42,2,8,terminal_mid,0.9907047776706177,0.9836403930914244
1527676,2026,8,4,1,-47.599999999999994,2.4705882352941178,30.573333333333338,2,8,terminal_mid,0.9856851496381039,0.9761610934740345
1527676,2026,8,5,1,-47.599999999999994,2.5074626865671643,29.726666666666674,2,8,terminal_mid,0.9890803364771132,0.9811716073898913
1527676,2026,8,6,1,-47.599999999999994,2.5454545454545454,28.88000000000001,2,8,terminal_mid,0.9895556950548612,0.981888650240031
1527676,2026,9,1,1,-47.599999999999994,2.4923076923076923,29.03333333333333,2,8,terminal_mid,0.9893916608791501,0.9799402420873824
1527676,2026,9,2,1,-47.599999999999994,2.4375,29.18666666666668,2,8,terminal_mid,0.9894067379633907,0.9799643195968649
1527676,2026,9,3,1,-47.599999999999994,2.4761904761904763,28.340000000000003,2,8,terminal_mid,0.9913584873391671,0.9831316043126979
1527676,2026,9,4,1,-47.599999999999994,2.5161290322580645,27.49333333333334,2,8,terminal_mid,0.9929023070372509,0.9857187284859107
1527676,2026,9,5,1,-47.599999999999994,2.1639344262295084,30.646666666666675,2,8,terminal_mid,0.9926466743650422,0.9852845979549543
1527676,2026,9,6,1,-47.599999999999994,2.1999999999999997,29.799999999999997,2,8,terminal_mid,0.9937407528581226,0.9871606646746534
1527676,2026,10,1,1,-47.599999999999994,2.135593220338983,29.953333333333333,2,8,terminal_mid,0.9941921917844687,0.9905178860228322
1527676,2026,10,2,1,-47.599999999999994,2.0689655172413794,30.10666666666667,2,8,terminal_mid,0.9942831826819094,0.9906505066372953
1527676,2026,10,3,1,-47.599999999999994,2.1052631578947367,29.260000000000005,2,8,terminal_mid,0.9951266892685201,0.9918916306673629
1527676,2026,10,4,1,-47.599999999999994,2.0357142857142856,29.413333333333327,2,8,terminal_mid,0.995270512337464,0.9921055182376363
1527676,2026,10,5,1,-47.599999999999994,2.0727272727272728,28.566666666666677,2,8,terminal_mid,0.9952074000212563,0.9920115734475673
1527676,2026,10,6,1,-47.599999999999994,1.4444444444444444,33.72000000000001,2,8,terminal_mid,0.9956582225690622,0.9926857419467426
1527676,2026,11,1,1,-47.599999999999994,0.7924528301886793,38.87333333333332,2,8,terminal_mid,0.9962491982429673,0.994381790531925
1527676,2026,11,2,1,-47.599999999999994,0.576923076923077,40.02666666666667,2,8,terminal_mid,0.9964245321778977,0.9946219447307019
1527676,2026,11,3,1,-47.599999999999994,0.47058823529411764,40.18000000000001,2,8,terminal_mid,0.996383546246594,0.9945657145836648
1527676,2026,11,4,1,-47.599999999999994,0.36,40.33333333333334,2,8,terminal_mid,0.9962520733618851,0.9943857204017713
1527676,2026,11,5,1,-47.599999999999994,0.24489795918367346,40.486666666666665,2,8,terminal_mid,0.9963787497215751,0.9945591377603544
1527676,2026,11,6,1,-47.599999999999994,0.125,40.640000000000015,2,8,terminal_mid,0.9962652433177674,0.9944037252465592
1527676,2026,11,7,1,-47.599999999999994,0.1276595744680851,39.79333333333334,2,8,terminal_mid,0.9964359447876336,0.994637612282667
1527676,2026,12,1,1,-47.599999999999994,0.0,40.79333333333334,2,8,terminal_mid,0.9938393752234836,0.9915913454990596
1527677,2026,7,1,1,-66.0,7.714285714285715,-4.444999999999993,1,9,terminal_mid,0.9322452449613898,0.9032116670777812
1527677,2026,7,2,1,-66.0,7.342105263157894,0.3399999999999892,1,9,terminal_mid,0.9604366518152999,0.938291860828727
1527677,2026,7,3,1,-66.0,7.359999999999999,0.125,1,9,terminal_mid,0.9601586689072659,0.9379278621172599
1527677,2026,7,4,1,-66.0,7.45945945945946,-1.0899999999999892,1,9,terminal_mid,0.9502152365524555,0.9251759202961111
1527677,2026,7,5,1,-66.0,7.561643835616438,-2.305000000000007,1,9,terminal_mid,0.9441252058906437,0.9175930182247217
1527677,2026,7,6,1,-66.0,7.583333333333333,-2.519999999999996,1,9,terminal_mid,0.9423367059174244,0.9153949271739964
1527677,2026,8,1,1,-66.0,7.183098591549296,2.2650000000000006,1,9,terminal_mid,0.9701293516358742,0.9548490674382129
1527677,2026,8,2,1,-66.0,7.199999999999999,2.049999999999997,1,9,terminal_mid,0.9695845754609657,0.9541373588582055
1527677,2026,8,3,1,-66.0,7.304347826086957,0.8349999999999937,1,9,terminal_mid,0.9625657352166344,0.9451218192021115
1527677,2026,8,4,1,-66.0,7.3235294117647065,0.6200000000000045,1,9,terminal_mid,0.9624717066848718,0.9450028338250526
1527677,2026,8,5,1,-66.0,7.343283582089552,0.40500000000001535,1,9,terminal_mid,0.9616558553492489,0.943972279771877
1527677,2026,8,6,1,-66.0,7.454545454545455,-0.8099999999999881,1,9,terminal_mid,0.9549780255212972,0.9356530908364715
1527677,2026,9,1,1,-66.0,7.476923076923077,-1.0249999999999915,1,9,terminal_mid,0.9541894886967696,0.9315453946471186
1527677,2026,9,2,1,-66.0,7.5,-1.240000000000009,1,9,terminal_mid,0.9514468455951466,0.9281522364900537
1527677,2026,9,3,1,-66.0,7.619047619047619,-10.959999999999994,2,8,terminal_mid,0.9230249066904246,0.8947213739494989
1527677,2026,9,4,1,-66.0,7.548387096774194,-10.040000000000006,2,8,terminal_mid,0.9302022275463959,0.9029075090440822
1527677,2026,9,5,1,-66.0,7.573770491803279,-10.11999999999999,2,8,terminal_mid,0.9264239195451451,0.8985794931856474
1527677,2026,9,6,1,-66.0,7.700000000000001,-11.200000000000003,2,8,terminal_mid,0.9211228048413556,0.8925763350925247
1527677,2026,10,1,1,-66.0,7.830508474576272,-12.280000000000001,2,8,terminal_mid,0.9081049294629809,0.8904673858663398
1527677,2026,10,2,1,-66.0,7.344827586206896,-7.359999999999985,2,8,terminal_mid,0.948085128633086,0.9337224108734886
1527677,2026,10,3,1,-66.0,6.842105263157895,-2.4399999999999977,2,8,terminal_mid,0.9723863376584923,0.9620632045967664
1527677,2026,10,4,1,-66.0,6.964285714285715,-3.5200000000000102,2,8,terminal_mid,0.9722807613461351,0.961934759592731
1527677,2026,10,5,1,-66.0,7.090909090909092,-4.599999999999994,2,8,terminal_mid,0.9702436405570005,0.9594676790242606
1527677,2026,10,6,1,-66.0,7.111111111111111,-4.679999999999978,2,8,terminal_mid,0.9680687568119464,0.9568562799221038
1527677,2026,11,1,1,-66.0,7.132075471698113,-4.760000000000005,2,8,terminal_mid,0.9673388138389363,0.959713735839866
1527677,2026,11,2,1,-66.0,6.5769230769230775,0.1599999999999966,2,8,terminal_mid,0.981278728376823,0.9756955330343922
1527677,2026,11,3,1,-66.0,6.588235294117648,0.0800000000000125,2,8,terminal_mid,0.9830641698972937,0.977812375724004
1527677,2026,11,4,1,-66.0,6.6000000000000005,0.0,2,8,terminal_mid,0.9833169747385073,0.9781137584431326
1527677,2026,11,5,1,-66.0,6.73469387755102,-1.0799999999999983,2,8,terminal_mid,0.9827680960254652,0.977459946831989
1527677,2026,11,6,1,-66.0,6.625,-0.1599999999999966,2,8,terminal_mid,0.9847206665314854,0.9797951893966678
1527677,2026,12,1,1,-66.0,6.76595744680851,-7.584999999999994,3,7,terminal_mid,0.9675663283137947,0.9608058213305661
1527677,2026,12,2,1,-66.0,6.913043478260869,-8.530000000000001,3,7,terminal_mid,0.9636848185203892,0.9564908754084385
1527677,2026,12,3,1,-66.0,7.066666666666666,-9.475000000000009,3,7,terminal_mid,0.9549279507837984,0.9468868110777416
1527677,2026,12,4,1,-66.0,6.954545454545455,-8.420000000000016,3,7,terminal_mid,0.9617399355502481,0.9543430039489144
1527677,2026,12,5,1,-66.0,7.116279069767442,-9.365000000000009,3,7,terminal_mid,0.9543695625188459,0.9462798811656195
1527677,2026,12,6,1,-66.0,7.142857142857142,-9.310000000000002,3,7,terminal_mid,0.9559196543841226,0.9479662458045932
1527677,2026,13,1,1,-66.0,7.317073170731707,-15.79000000000002,4,6,terminal_mid,0.9091060625416953,0.9013724590252663
1527677,2026,13,2,1,-66.0,7.199999999999999,-14.599999999999994,4,6,terminal_mid,0.9098048309032515,0.9020910997653429
1527677,2026,13,3,1,-66.0,7.23076923076923,-14.409999999999997,4,6,terminal_mid,0.9096229919262757,0.9019040594740163
1527677,2026,13,4,1,-66.0,7.421052631578948,-15.219999999999999,4,6,terminal_mid,0.9108619981050734,0.9031789265006331
1527677,2026,13,5,1,-66.0,7.45945945945946,-15.030000000000001,4,6,terminal_mid,0.9093249230085723,0.9015975102487431
1527677,2026,13,6,1,-66.0,7.5,-14.840000000000003,4,6,terminal_mid,0.9093081232087008,0.9015802341653624
1527677,2026,14,1,1,-66.0,7.714285714285715,-15.650000000000006,4,6,terminal_mid,0.9207188469943415,0.9132418678267438
1527677,2026,14,2,1,-66.0,7.9411764705882355,-21.05000000000001,5,5,terminal_mid,0.7708342884111667,0.7626117637391668
1527677,2026,14,3,1,-66.0,8.181818181818182,-21.724999999999994,5,5,terminal_mid,0.7584846198592459,0.7505055929820955
1527677,2026,14,4,1,-66.0,8.4375,-26.72,6,4,terminal_mid,0.58935822657098,0.5869295786370234
1527677,2026,14,5,1,-66.0,8.516129032258064,-26.25999999999999,6,4,terminal_mid,0.603562455541943,0.600563539269546
1527677,2026,14,6,1,-66.0,8.6,-25.80000000000001,6,4,terminal_mid,0.6118398565294327,0.6085139036664537
1527677,2026,14,7,1,-66.0,8.689655172413794,-25.340000000000003,6,4,terminal_mid,0.6233694771658362,0.6195953873594884
1527677,2026,15,1,1,-66.0,7.862068965517241,-21.340000000000003,6,4,terminal_mid,0.7329356862449821,0.7267093434952615
1527677,2026,15,2,1,-66.0,7.928571428571429,-20.879999999999995,6,4,terminal_mid,0.7321566108066577,0.7259460591032132
1527677,2026,15,3,1,-66.0,8.222222222222223,-21.420000000000016,6,4,terminal_mid,0.6875571731437633,0.6823793669993219
1527677,2026,15,4,1,-66.0,8.307692307692307,-20.960000000000008,6,4,terminal_mid,0.6896496784702093,0.6844182751579313
1527677,2026,15,5,1,-66.0,8.64,-21.5,6,4,terminal_mid,0.6987497262967235,0.6932906860062166
1527677,2026,15,6,1,-66.0,7.5,-16.039999999999992,6,4,terminal_mid,0.8380715818500878,0.8306992342045234
1527678,2026,7,1,1,-36.76190476190476,7.870129870129871,-45.715,4,6,terminal_mid,0.31968724694384976,0.3384426674465585
1527678,2026,7,2,1,-36.76190476190476,7.973684210526316,-46.420000000000016,4,6,terminal_mid,0.3107094956443233,0.3304815640735929
1527678,2026,7,3,1,-36.76190476190476,8.0,-46.125,4,6,terminal_mid,0.3082959444696484,0.32833644306411197
1527678,2026,7,4,1,-36.76190476190476,8.027027027027028,-45.83,4,6,terminal_mid,0.3074261702319038,0.3275628802331557
1527678,2026,7,5,1,-36.76190476190476,7.972602739726027,-44.535,4,6,terminal_mid,0.31790321542450817,0.3368628846962366
1527678,2026,7,6,1,-36.76190476190476,8.0,-44.239999999999995,4,6,terminal_mid,0.3196009020460499,0.3383662327528018
1527678,2026,7,7,1,-36.76190476190476,8.028169014084508,-43.94500000000001,4,6,terminal_mid,0.3233182568936226,0.34165467623558027
1527678,2026,7,8,1,-36.76190476190476,7.628571428571428,-38.64999999999999,4,6,terminal_mid,0.42564125990724844,0.43081405415234775
1527678,2026,8,1,1,-36.76190476190476,7.436619718309858,-36.94500000000001,4,6,terminal_mid,0.4434870123589206,0.44807515191280656
1527678,2026,8,2,1,-36.76190476190476,7.457142857142857,-36.64999999999999,4,6,terminal_mid,0.4500032340579863,0.45381470988291556
1527678,2026,8,3,1,-36.76190476190476,7.478260869565217,-36.355000000000004,4,6,terminal_mid,0.4464297808462709,0.45066755420576743
1527678,2026,8,4,1,-36.76190476190476,7.5,-36.06,4,6,terminal_mid,0.4520552103601741,0.4556215039490022
1527678,2026,8,5,1,-36.76190476190476,7.611940298507463,-36.765,4,6,terminal_mid,0.44069206166160224,0.44561234734213506
1527678,2026,8,6,1,-36.76190476190476,7.363636363636363,-33.469999999999985,4,6,terminal_mid,0.5219901746307434,0.5171324646080003
1527678,2026,9,1,1,-36.76190476190476,7.292307692307691,-32.17500000000001,4,6,terminal_mid,0.546486800224336,0.5451123691432112
1527678,2026,9,2,1,-36.76190476190476,7.03125,-28.879999999999995,4,6,terminal_mid,0.689966810856733,0.6690696302573002
1527678,2026,9,3,1,-36.76190476190476,7.0476190476190474,-28.585000000000008,4,6,terminal_mid,0.6871819452465782,0.6666134910881024
1527678,2026,9,4,1,-36.76190476190476,7.064516129032258,-28.289999999999992,4,6,terminal_mid,0.6815825674545003,0.6616836915261761
1527678,2026,9,5,1,-36.76190476190476,6.786885245901638,-24.995000000000005,4,6,terminal_mid,0.8081709600973859,0.7769708052888553
1527678,2026,9,6,1,-36.76190476190476,6.5,-21.69999999999999,4,6,terminal_mid,0.8628181857305859,0.830581219069445
1527678,2026,10,1,1,-36.76190476190476,6.508474576271187,-21.405000000000015,4,6,terminal_mid,0.8732308615012075,0.8547611306982495
1527678,2026,10,2,1,-36.76190476190476,6.413793103448276,-20.11,4,6,terminal_mid,0.8868977984380823,0.8685813303807602
1527678,2026,10,3,1,-36.76190476190476,6.421052631578947,-19.815000000000012,4,6,terminal_mid,0.8878863248731894,0.8695889696383117
1527678,2026,10,4,1,-36.76190476190476,6.428571428571429,-19.519999999999996,4,6,terminal_mid,0.8875436250543935,0.869239515158698
1527678,2026,10,5,1,-36.76190476190476,6.545454545454545,-20.22500000000001,4,6,terminal_mid,0.8802135257960486,0.8617969001549146
1527678,2026,10,6,1,-36.76190476190476,6.555555555555555,-19.929999999999993,4,6,terminal_mid,0.8759002605299102,0.8574448381261567
1527678,2026,11,1,1,-36.76190476190476,6.566037735849056,-19.63500000000002,4,6,terminal_mid,0.8770238881433174,0.8663365853541025
1527678,2026,11,2,1,-36.76190476190476,6.6923076923076925,-20.340000000000003,4,6,terminal_mid,0.8671838224275457,0.8567139111910903
1527678,2026,11,3,1,-36.76190476190476,6.823529411764706,-21.045,4,6,terminal_mid,0.8598594050709577,0.8495953870249426
1527678,2026,11,4,1,-36.76190476190476,6.84,-20.75,4,6,terminal_mid,0.8615511144853523,0.8512363655720772
1527678,2026,11,5,1,-36.76190476190476,6.857142857142857,-20.455,4,6,terminal_mid,0.8629604342128396,0.8526048597281947
1527678,2026,11,6,1,-36.76190476190476,7.0,-21.159999999999997,4,6,terminal_mid,0.8494019735829045,0.8394915981840081
1527678,2026,11,7,1,-36.76190476190476,7.0212765957446805,-20.864999999999995,4,6,terminal_mid,0.8479803637730967,0.8381231671096083
1527678,2026,12,1,1,-36.76190476190476,7.0212765957446805,-20.864999999999995,4,6,terminal_mid,0.8446156623480952,0.8340584788752373
1527678,2026,12,2,1,-36.76190476190476,7.043478260869566,-20.570000000000007,4,6,terminal_mid,0.8451368713123195,0.8345701065403096
1527678,2026,12,3,1,-36.76190476190476,7.066666666666666,-20.275000000000006,4,6,terminal_mid,0.8420926791068017,0.8315838010971218
1527678,2026,12,4,1,-36.76190476190476,7.2272727272727275,-20.980000000000004,4,6,terminal_mid,0.8180033918744253,0.8081052071190356
1527678,2026,12,5,1,-36.76190476190476,7.116279069767442,-19.685000000000002,4,6,terminal_mid,0.8493893734263525,0.8387496304759758
1527678,2026,12,6,1,-36.76190476190476,7.0,-18.39,4,6,terminal_mid,0.8700746415782723,0.8592220218170971
1527678,2026,13,1,1,-36.76190476190476,7.024390243902438,-18.095,4,6,terminal_mid,0.8633902775624207,0.8549374249982816
1527678,2026,13,2,1,-36.76190476190476,6.8999999999999995,-16.80000000000001,4,6,terminal_mid,0.8778377964416922,0.8695008295583097
1527678,2026,13,3,1,-36.76190476190476,7.076923076923077,-17.504999999999995,4,6,terminal_mid,0.8678072081209312,0.8593801650650995
1527678,2026,13,4,1,-36.76190476190476,6.315789473684211,-12.210000000000008,4,6,terminal_mid,0.9416766153966815,0.9352484235978874
1527678,2026,13,5,1,-36.76190476190476,5.837837837837839,-8.914999999999992,4,6,terminal_mid,0.964427492835636,0.9595193198544524
1527678,2026,13,6,1,-36.76190476190476,6.0,-9.620000000000005,4,6,terminal_mid,0.9606504080861236,0.9554433019967462
1527678,2026,14,1,1,-36.76190476190476,6.0,-9.324999999999989,4,6,terminal_mid,0.9589251308483218,0.9535876682690975
1527678,2026,14,2,1,-36.76190476190476,6.1764705882352935,-10.030000000000015,4,6,terminal_mid,0.9563035316934497,0.9507707382363503
1527678,2026,14,3,1,-36.76190476190476,6.181818181818182,-9.735,4,6,terminal_mid,0.9574792015988312,0.9520329027209735
1527678,2026,14,4,1,-36.76190476190476,5.625,-6.439999999999998,4,6,terminal_mid,0.9732581200418237,0.9691692712357958
1527678,2026,14,5,1,-36.76190476190476,5.806451612903226,-7.144999999999996,4,6,terminal_mid,0.9701158064246695,0.9657235977349973
1527678,2026,14,6,1,-36.76190476190476,5.8,-6.849999999999994,4,6,terminal_mid,0.971542616486401,0.9672858163880608
1527678,2026,15,1,1,-36.76190476190476,5.793103448275862,-6.554999999999993,4,6,terminal_mid,0.9725065801096017,0.9691291046222587
1527678,2026,15,2,1,-36.76190476190476,5.785714285714286,-6.260000000000005,4,6,terminal_mid,0.9739092633453166,0.970646320752352
1527678,2026,15,3,1,-36.76190476190476,5.777777777777778,-5.965000000000003,4,6,terminal_mid,0.9722433276544857,0.9688447068731039
1527678,2026,15,4,1,-36.76190476190476,5.076923076923077,-2.6700000000000017,4,6,terminal_mid,0.9854994438026857,0.9833277147370139
1527678,2026,15,5,1,-36.76190476190476,3.84,2.625,4,6,terminal_mid,0.9948642779467467,0.9938714971773855
1527678,2026,15,6,1,-36.76190476190476,4.0,1.9200000000000017,4,6,terminal_mid,0.9945649630186213,0.9935272846873017
1527679,2026,7,1,0,29.409090909090907,11.532467532467532,-45.488333333333316,3,7,terminal_mid,0.1454381106315476,0.17602108725320947
1527679,2026,7,2,0,29.409090909090907,11.605263157894736,-45.80666666666666,3,7,terminal_mid,0.1426002690118905,0.17316853007285804
1527679,2026,7,3,0,29.409090909090907,11.440000000000001,-43.125,3,7,terminal_mid,0.1529568247029145,0.18353165106535524
1527679,2026,7,4,0,29.409090909090907,11.432432432432433,-42.44333333333333,3,7,terminal_mid,0.16160097331000264,0.19208628547317688
1527679,2026,7,5,0,29.409090909090907,11.506849315068493,-42.761666666666684,3,7,terminal_mid,0.16025604439333577,0.19076068554022346
1527679,2026,7,6,0,29.409090909090907,11.583333333333334,-43.08000000000001,3,7,terminal_mid,0.16011490398916295,0.19062146042598727
1527679,2026,8,1,0,29.409090909090907,11.661971830985916,-43.39833333333337,3,7,terminal_mid,0.15319211728098314,0.18061150627391478
1527679,2026,8,2,0,29.409090909090907,11.485714285714286,-40.71666666666667,3,7,terminal_mid,0.1755884140689991,0.20283573781726358
1527679,2026,8,3,0,29.409090909090907,11.652173913043478,-42.035,3,7,terminal_mid,0.17363277396545027,0.20091335422574733
1527679,2026,8,4,0,29.409090909090907,11.558823529411764,-40.35333333333335,3,7,terminal_mid,0.18430323735582785,0.21136319490526673
1527679,2026,8,5,0,29.409090909090907,11.373134328358208,-37.67166666666665,3,7,terminal_mid,0.186247185744783,0.21325688998517875
1527679,2026,8,6,0,29.409090909090907,11.545454545454547,-38.99000000000001,3,7,terminal_mid,0.18260510192765883,0.20970647680819876
1527679,2026,9,1,0,29.409090909090907,11.63076923076923,-39.30833333333334,3,7,terminal_mid,0.1822113201844737,0.22129331202183608
1527679,2026,9,2,0,29.409090909090907,11.625,-38.626666666666665,3,7,terminal_mid,0.185662929691746,0.2246902015069602
1527679,2026,9,3,0,29.409090909090907,11.714285714285714,-38.94500000000002,3,7,terminal_mid,0.1798753334328801,0.21898720624092624
1527679,2026,9,4,0,29.409090909090907,11.806451612903226,-39.26333333333332,3,7,terminal_mid,0.18478250677692867,0.22382491971402127
1527679,2026,9,5,0,29.409090909090907,11.60655737704918,-36.58166666666668,3,7,terminal_mid,0.2005634752709507,0.23921683058031806
1527679,2026,9,6,0,29.409090909090907,11.7,-36.900000000000006,3,7,terminal_mid,0.20051544153844325,0.23917034613382254
1527679,2026,10,1,0,29.409090909090907,11.898305084745763,-38.218333333333334,3,7,terminal_mid,0.19891456733570662,0.23104122380730385
1527679,2026,10,2,0,29.409090909090907,11.689655172413794,-35.53666666666666,3,7,terminal_mid,0.21325055052193276,0.24527535114777477
1527679,2026,10,3,0,29.409090909090907,11.789473684210526,-35.85499999999999,3,7,terminal_mid,0.20667393143387017,0.23876387083013237
1527679,2026,10,4,0,29.409090909090907,11.892857142857142,-36.173333333333346,3,7,terminal_mid,0.20419153321028147,0.23629803441532998
1527679,2026,10,5,0,29.409090909090907,11.672727272727274,-33.491666666666674,3,7,terminal_mid,0.23376694489516606,0.26540160586274925
1527679,2026,10,6,0,29.409090909090907,11.88888888888889,-44.97999999999999,4,6,terminal_mid,0.14075122316729444,0.17152681163083963
1527679,2026,11,1,0,29.409090909090907,12.113207547169813,-46.110000000000014,4,6,terminal_mid,0.14813389532515991,0.17853323489522097
1527679,2026,11,2,0,29.409090909090907,12.346153846153845,-57.03333333333333,5,5,terminal_mid,0.07582719338638462,0.09858819110914191
1527679,2026,11,3,0,29.409090909090907,12.47058823529412,-56.974999999999994,5,5,terminal_mid,0.07796487805928703,0.10106225299488576
1527679,2026,11,4,0,29.409090909090907,12.600000000000001,-56.91666666666666,5,5,terminal_mid,0.07755452212534061,0.10058798510194474
1527679,2026,11,5,0,29.409090909090907,12.857142857142858,-57.85833333333335,5,5,terminal_mid,0.06873182063415112,0.09031295900475532
1527679,2026,11,6,0,29.409090909090907,13.0,-57.80000000000001,5,5,terminal_mid,0.06501455901850733,0.08593637896027227
1527679,2026,12,1,0,29.409090909090907,12.76595744680851,-54.741666666666674,5,5,terminal_mid,0.08137193634101696,0.09825466468392703
1527679,2026,12,2,0,29.409090909090907,12.913043478260867,-54.68333333333334,5,5,terminal_mid,0.0820980601343106,0.09905531685396261
1527679,2026,12,3,0,29.409090909090907,13.066666666666666,-54.625,5,5,terminal_mid,0.08156438574709178,0.09846693439617142
1527679,2026,12,4,0,29.409090909090907,13.227272727272727,-54.56666666666666,5,5,terminal_mid,0.07486347624452816,0.09104636578220907
1527679,2026,12,5,0,29.409090909090907,12.697674418604652,-49.508333333333326,5,5,terminal_mid,0.11477184439440494,0.13444372342293193
1527679,2026,12,6,0,29.409090909090907,12.857142857142858,-49.44999999999999,5,5,terminal_mid,0.1170776294779556,0.13689912106425087
1527679,2026,13,1,0,29.409090909090907,13.170731707317074,-50.39166666666665,5,5,terminal_mid,0.1053190066983422,0.11578337390646651
1527679,2026,13,2,0,29.409090909090907,13.350000000000001,-50.33333333333334,5,5,terminal_mid,0.10419029498054075,0.11461094089303137
1527679,2026,13,3,0,29.409090909090907,13.538461538461538,-50.275000000000006,5,5,terminal_mid,0.09633871103944869,0.10643317913125704
1527679,2026,13,4,0,29.409090909090907,13.894736842105264,-58.373333333333335,6,4,terminal_mid,0.03570479970522532,0.04155052429942283
1527679,2026,13,5,0,29.409090909090907,13.297297297297298,-53.126666666666665,6,4,terminal_mid,0.06222217586817947,0.07037627697923146
1527679,2026,13,6,0,29.409090909090907,12.666666666666668,-47.879999999999995,6,4,terminal_mid,0.08764432861871821,0.09732994007362152
1527679,2026,14,1,0,29.409090909090907,12.857142857142858,-47.633333333333326,6,4,terminal_mid,0.08672140386394847,0.09537167521245343
1527679,2026,14,2,0,29.409090909090907,13.058823529411764,-47.386666666666684,6,4,terminal_mid,0.08411190154754275,0.09264671450105859
1527679,2026,14,3,0,29.409090909090907,13.272727272727272,-47.140000000000015,6,4,terminal_mid,0.08070399150272292,0.08908083898302363
1527679,2026,14,4,0,29.409090909090907,13.6875,-47.89333333333332,6,4,terminal_mid,0.07440551062846429,0.08246793413723313
1527679,2026,14,5,0,29.409090909090907,14.129032258064516,-54.484999999999985,7,3,terminal_mid,0.017823100448256697,0.02114819270202581
1527679,2026,14,6,0,29.409090909090907,13.799999999999999,-51.05000000000001,7,3,terminal_mid,0.02126979597602616,0.02503496152808594
1527679,2026,14,7,0,29.409090909090907,14.068965517241377,-50.61500000000001,7,3,terminal_mid,0.01950050769642779,0.023043914075475767
1527679,2026,14,8,0,29.409090909090907,14.57142857142857,-56.45333333333335,8,2,terminal_mid,0.011565433482301013,0.013992683034595334
1527679,2026,15,1,0,29.409090909090907,14.068965517241377,-56.076666666666654,8,2,terminal_mid,0.010140334375399847,0.011883194461109158
1527679,2026,15,2,0,29.409090909090907,14.357142857142858,-55.45333333333335,8,2,terminal_mid,0.010436858312599653,0.012217980535431576
1527679,2026,15,3,0,29.409090909090907,14.88888888888889,-55.829999999999984,8,2,terminal_mid,0.008193395257039635,0.00967539965526136
1527679,2026,15,4,0,29.409090909090907,15.23076923076923,-55.20666666666668,8,2,terminal_mid,0.008018138277258214,0.009475767319441292
1527679,2026,15,5,0,29.409090909090907,15.84,-60.29166666666666,9,1,terminal_mid,0.006628633058910839,0.007886993124886237
1527679,2026,15,6,0,29.409090909090907,16.5,-65.0,10,0,terminal_mid,0.010174784942913137,0.01192210897987431
1527680,2026,7,1,1,44.4848484848485,10.051948051948052,-7.302499999999995,1,9,terminal_mid,0.7286790269233209,0.6960621394600476
1527680,2026,7,2,1,44.4848484848485,10.18421052631579,-8.870000000000005,1,9,terminal_mid,0.7237233833900465,0.6915091831140114
1527680,2026,7,3,1,44.4848484848485,10.24,-9.4375,1,9,terminal_mid,0.7029295965225859,0.6725453855112687
1527680,2026,7,4,1,44.4848484848485,10.297297297297298,-10.004999999999995,1,9,terminal_mid,0.6863008116799789,0.6575289894225566
1527680,2026,7,5,1,44.4848484848485,10.356164383561644,-10.572500000000005,1,9,terminal_mid,0.6982407050638179,0.668298479326767
1527680,2026,7,6,1,44.4848484848485,10.166666666666666,-8.139999999999986,1,9,terminal_mid,0.718873067687274,0.6870658861146023
1527680,2026,8,1,1,44.4848484848485,10.056338028169014,-6.70750000000001,1,9,terminal_mid,0.7479070193052246,0.7205847076221822
1527680,2026,8,2,1,44.4848484848485,10.114285714285714,-7.2749999999999915,1,9,terminal_mid,0.7437252984655729,0.7166628368193652
1527680,2026,8,3,1,44.4848484848485,10.173913043478262,-7.842500000000015,1,9,terminal_mid,0.7455567721838221,0.7183793632003156
1527680,2026,8,4,1,44.4848484848485,10.235294117647058,-8.409999999999997,1,9,terminal_mid,0.7247908222196091,0.6990159160593136
1527680,2026,8,5,1,44.4848484848485,10.298507462686567,-20.646666666666647,2,8,terminal_mid,0.59940724989795,0.5855285047114894
1527680,2026,8,6,1,44.4848484848485,10.454545454545455,-22.039999999999992,2,8,terminal_mid,0.5948534883423168,0.581483506687124
1527680,2026,9,1,1,44.4848484848485,10.523076923076923,-22.433333333333337,2,8,terminal_mid,0.5901815452438244,0.5824640374176363
1527680,2026,9,2,1,44.4848484848485,10.6875,-23.826666666666654,2,8,terminal_mid,0.5464449676926073,0.545076685546821
1527680,2026,9,3,1,44.4848484848485,10.761904761904763,-24.219999999999985,2,8,terminal_mid,0.5469850631825144,0.5455374002404461
1527680,2026,9,4,1,44.4848484848485,10.838709677419354,-24.61333333333333,2,8,terminal_mid,0.5416010700439683,0.5409454058565062
1527680,2026,9,5,1,44.4848484848485,10.62295081967213,-22.006666666666646,2,8,terminal_mid,0.617889254635749,0.6062785880371061
1527680,2026,9,6,1,44.4848484848485,10.700000000000001,-22.39999999999999,2,8,terminal_mid,0.6102517323198993,0.5997008647091441
1527680,2026,10,1,1,44.4848484848485,10.474576271186441,-19.793333333333337,2,8,terminal_mid,0.6327398765040775,0.6298914876468983
1527680,2026,10,2,1,44.4848484848485,10.551724137931034,-20.186666666666667,2,8,terminal_mid,0.6335192400465166,0.6305915060390802
1527680,2026,10,3,1,44.4848484848485,10.631578947368421,-20.580000000000013,2,8,terminal_mid,0.626302938723289,0.6241127599045678
1527680,2026,10,4,1,44.4848484848485,10.285714285714285,-16.97333333333333,2,8,terminal_mid,0.6723741350221638,0.6656065429651054
1527680,2026,10,5,1,44.4848484848485,10.254545454545454,-16.366666666666674,2,8,terminal_mid,0.710834039166248,0.7005610552054001
1527680,2026,10,6,1,44.4848484848485,10.333333333333334,-16.75999999999999,2,8,terminal_mid,0.6942032070681416,0.6854027457782859
1527680,2026,10,7,1,44.4848484848485,10.528301886792454,-18.153333333333336,2,8,terminal_mid,0.6760996897820296,0.6689779083114165
1527680,2026,11,1,1,44.4848484848485,10.075471698113208,-14.153333333333336,2,8,terminal_mid,0.71593512405535,0.7146386782366769
1527680,2026,11,2,1,44.4848484848485,10.153846153846153,-14.546666666666653,2,8,terminal_mid,0.7152484700538214,0.7140092472725198
1527680,2026,11,3,1,44.4848484848485,10.235294117647058,-14.93999999999997,2,8,terminal_mid,0.7074055171491133,0.7068256480613284
1527680,2026,11,4,1,44.4848484848485,9.959999999999999,-12.333333333333314,2,8,terminal_mid,0.732225114246875,0.7295970677640066
1527680,2026,11,5,1,44.4848484848485,10.16326530612245,-22.260833333333323,3,7,terminal_mid,0.6183460506720808,0.6257605815103836
1527680,2026,11,6,1,44.4848484848485,10.375,-23.47999999999999,3,7,terminal_mid,0.5826491228170684,0.5933827394251733
1527680,2026,12,1,1,44.4848484848485,10.595744680851064,-24.699166666666656,3,7,terminal_mid,0.5811980721524839,0.5851686639059691
1527680,2026,12,2,1,44.4848484848485,10.565217391304348,-23.91833333333335,3,7,terminal_mid,0.6013908817594127,0.603915090572861
1527680,2026,12,3,1,44.4848484848485,10.0,-19.137500000000017,3,7,terminal_mid,0.6884712067626995,0.6850463163164572
1527680,2026,12,4,1,44.4848484848485,10.090909090909092,-19.356666666666683,3,7,terminal_mid,0.6929214044747867,0.6892141391607496
1527680,2026,12,5,1,44.4848484848485,10.186046511627907,-19.57583333333335,3,7,terminal_mid,0.6973563472276235,0.6933705940654218
1527680,2026,12,6,1,44.4848484848485,9.571428571428573,-14.794999999999987,3,7,terminal_mid,0.7438642986078439,0.7371665484350147
1527680,2026,13,1,1,44.4848484848485,9.658536585365855,-15.014166666666682,3,7,terminal_mid,0.7411620009184829,0.7344262335307337
1527680,2026,13,2,1,44.4848484848485,9.899999999999999,-16.23333333333335,3,7,terminal_mid,0.738659219722511,0.7319948677315616
1527680,2026,13,3,1,44.4848484848485,10.0,-16.452499999999986,3,7,terminal_mid,0.7300648153421684,0.7236537145733701
1527680,2026,13,4,1,44.4848484848485,10.105263157894736,-16.671666666666653,3,7,terminal_mid,0.7243424492171733,0.7181065918772265
1527680,2026,13,5,1,44.4848484848485,10.216216216216216,-16.890833333333347,3,7,terminal_mid,0.7283372167127937,0.7219784778908638
1527680,2026,13,6,1,44.4848484848485,10.333333333333334,-17.110000000000014,3,7,terminal_mid,0.7285533831359354,0.7221880664721883
1527680,2026,13,7,1,44.4848484848485,10.628571428571428,-18.32916666666668,3,7,terminal_mid,0.7134421993371303,0.7075539618233674
1527680,2026,14,1,1,44.4848484848485,10.285714285714285,-16.32916666666668,3,7,terminal_mid,0.7462522768072093,0.738544271500287
1527680,2026,14,2,1,44.4848484848485,10.235294117647058,-15.548333333333346,3,7,terminal_mid,0.7506268799093969,0.742818684286481
1527680,2026,14,3,1,44.4848484848485,10.545454545454545,-16.767500000000013,3,7,terminal_mid,0.7375306199237347,0.7300327415459589
1527680,2026,14,4,1,44.4848484848485,10.125,-13.986666666666679,3,7,terminal_mid,0.7713926092112589,0.7631598303003482
1527680,2026,14,5,1,44.4848484848485,9.29032258064516,-9.205833333333317,3,7,terminal_mid,0.8357567359434921,0.8268607801992878
1527680,2026,14,6,1,44.4848484848485,9.4,-9.424999999999983,3,7,terminal_mid,0.8427420470639755,0.8338467511495697
1527680,2026,15,1,1,44.4848484848485,8.896551724137932,-6.644166666666649,3,7,terminal_mid,0.8842753328180801,0.8772691455947352
1527680,2026,15,2,1,44.4848484848485,9.0,-6.863333333333344,3,7,terminal_mid,0.8814727442780722,0.8744232154739717
1527680,2026,15,3,1,44.4848484848485,8.0,-2.0825000000000102,3,7,terminal_mid,0.9401186946136846,0.9347579969027205
1527680,2026,15,4,1,44.4848484848485,8.076923076923077,-2.3016666666666765,3,7,terminal_mid,0.9395066066609172,0.934117822791844
1527680,2026,15,5,1,44.4848484848485,8.16,-2.5208333333333144,3,7,terminal_mid,0.9389646724350844,0.9335512550646073
1527680,2026,15,6,1,44.4848484848485,8.25,-2.740000000000009,3,7,terminal_mid,0.9325992903354805,0.9269123450065787
1527680,2026,15,7,1,44.4848484848485,8.608695652173912,-3.9591666666666754,3,7,terminal_mid,0.9161914477756438,0.9099200964008349
1527681,2026,7,1,1,-38.90909090909091,8.883116883116884,-29.83999999999999,2,8,terminal_mid,0.43856876564982245,0.4419555829380892
1527681,2026,7,2,1,-38.90909090909091,8.921052631578949,-29.919999999999987,2,8,terminal_mid,0.3583738167952293,0.37246063495162757
1527681,2026,7,3,1,-38.90909090909091,8.96,-30.0,2,8,terminal_mid,0.4161830369287488,0.4226516380993376
1527681,2026,7,4,1,-38.90909090909091,9.08108108108108,-31.079999999999984,2,8,terminal_mid,0.4021409642179916,0.41051257983415784
1527681,2026,7,5,1,-38.90909090909091,9.123287671232877,-31.16000000000001,2,8,terminal_mid,0.39852714979387094,0.4073839336300652
1527681,2026,7,6,1,-38.90909090909091,9.166666666666666,-31.24000000000001,2,8,terminal_mid,0.32610011085876117,0.3441125896944535
1527681,2026,7,7,1,-38.90909090909091,9.211267605633802,-31.319999999999993,2,8,terminal_mid,0.3941904579259589,0.4036267304688693
1527681,2026,8,1,1,-38.90909090909091,9.126760563380282,-30.319999999999993,2,8,terminal_mid,0.4017522913204022,0.411216893771788
1527681,2026,8,2,1,-38.90909090909091,9.17142857142857,-30.399999999999977,2,8,terminal_mid,0.3304076100935082,0.34753161192688603
1527681,2026,8,3,1,-38.90909090909091,9.217391304347826,-30.480000000000004,2,8,terminal_mid,0.3891330527716887,0.400026895599002
1527681,2026,8,4,1,-38.90909090909091,8.823529411764707,-25.559999999999988,2,8,terminal_mid,0.5099001038249855,0.5064969187204643
1527681,2026,8,5,1,-38.90909090909091,8.865671641791046,-25.639999999999986,2,8,terminal_mid,0.5116613036185476,0.5080458978523176
1527681,2026,8,6,1,-38.90909090909091,8.90909090909091,-25.719999999999985,2,8,terminal_mid,0.43273466146413814,0.43859695192324066
1527681,2026,8,7,1,-38.90909090909091,8.953846153846154,-25.799999999999997,2,8,terminal_mid,0.5128837924094158,0.5091211378272646
1527681,2026,9,1,1,-38.90909090909091,8.584615384615384,-21.799999999999997,2,8,terminal_mid,0.5841458726440649,0.5772922955191886
1527681,2026,9,2,1,-38.90909090909091,8.625,-21.87999999999998,2,8,terminal_mid,0.5761976120728804,0.5704888092436299
1527681,2026,9,3,1,-38.90909090909091,8.666666666666666,-21.959999999999994,2,8,terminal_mid,0.5004243182684058,0.5058484283536164
1527681,2026,9,4,1,-38.90909090909091,8.70967741935484,-22.040000000000006,2,8,terminal_mid,0.5768788377784206,0.5710716257889714
1527681,2026,9,5,1,-38.90909090909091,8.852459016393443,-31.355000000000018,3,7,terminal_mid,0.3287978136789934,0.3574438702652194
1527681,2026,9,6,1,-38.90909090909091,9.0,-32.3,3,7,terminal_mid,0.404800697823904,0.423914906731263
1527681,2026,10,1,1,-38.90909090909091,9.152542372881356,-33.245000000000005,3,7,terminal_mid,0.406516347808639,0.42702138711225646
1527681,2026,10,2,1,-38.90909090909091,8.896551724137932,-30.189999999999998,3,7,terminal_mid,0.45100212250861343,0.46722480509332326
1527681,2026,10,3,1,-38.90909090909091,8.631578947368421,-27.13499999999999,3,7,terminal_mid,0.533881380833232,0.5414685885516695
1527681,2026,10,4,1,-38.90909090909091,8.785714285714285,-28.08,3,7,terminal_mid,0.49861119654457986,0.509940188615123
1527681,2026,10,5,1,-38.90909090909091,8.290909090909091,-23.025000000000006,3,7,terminal_mid,0.6074727196380527,0.6072341393026084
1527681,2026,10,6,1,-38.90909090909091,7.777777777777778,-17.970000000000013,3,7,terminal_mid,0.6841370440009966,0.6762609837021585
1527681,2026,11,1,1,-38.90909090909091,7.811320754716981,-17.915000000000006,3,7,terminal_mid,0.6782086587833741,0.6801642999325738
1527681,2026,11,2,1,-38.90909090909091,7.961538461538462,-18.86,3,7,terminal_mid,0.6753519915089037,0.6775615311506425
1527681,2026,11,3,1,-38.90909090909091,7.411764705882353,-13.805000000000007,3,7,terminal_mid,0.7936228338123097,0.7865563625842907
1527681,2026,11,4,1,-38.90909090909091,6.84,-8.749999999999986,3,7,terminal_mid,0.91303853379975,0.902255320805939
1527681,2026,11,5,1,-38.90909090909091,6.979591836734693,-9.694999999999993,3,7,terminal_mid,0.8888812261527117,0.8780314057046383
1527681,2026,11,6,1,-38.90909090909091,7.0,-9.64,3,7,terminal_mid,0.8868028144923653,0.8759730790452174
1527681,2026,12,1,1,-38.90909090909091,7.148936170212766,-10.584999999999994,3,7,terminal_mid,0.8431065448652271,0.8325778737056616
1527681,2026,12,2,1,-38.90909090909091,7.304347826086957,-11.530000000000001,3,7,terminal_mid,0.8276384468994329,0.8174649909680967
1527681,2026,12,3,1,-38.90909090909091,7.333333333333334,-11.475000000000009,3,7,terminal_mid,0.8272709054182843,0.8171072214145361
1527681,2026,12,4,1,-38.90909090909091,7.5,-12.420000000000016,3,7,terminal_mid,0.8065400153326348,0.7970183632144583
1527681,2026,12,5,1,-38.90909090909091,7.674418604651163,-13.365000000000009,3,7,terminal_mid,0.7736112902350012,0.7654296199369534
1527681,2026,12,6,1,-38.90909090909091,7.857142857142858,-14.310000000000002,3,7,terminal_mid,0.7465518458709304,0.7397109168215097
1527681,2026,13,1,1,-38.90909090909091,7.463414634146341,-11.25500000000001,3,7,terminal_mid,0.8344665332529759,0.8260310736597122
1527681,2026,13,2,1,-38.90909090909091,7.6499999999999995,-12.200000000000003,3,7,terminal_mid,0.8056155192285552,0.7974733331581059
1527681,2026,13,3,1,-38.90909090909091,6.9230769230769225,-7.144999999999996,3,7,terminal_mid,0.9279719061912908,0.9208924303717314
1527681,2026,13,4,1,-38.90909090909091,6.789473684210526,-6.090000000000003,3,7,terminal_mid,0.9462187139057192,0.9400453979751964
1527681,2026,13,5,1,-38.90909090909091,6.972972972972972,-7.034999999999997,3,7,terminal_mid,0.922246228733169,0.914941083609443
1527681,2026,13,6,1,-38.90909090909091,7.0,-6.980000000000004,3,7,terminal_mid,0.9212663449058058,0.9139250709661481
1527681,2026,14,1,1,-38.90909090909091,6.514285714285714,-3.9250000000000114,3,7,terminal_mid,0.9572886080474827,0.9518281668326158
1527681,2026,14,2,1,-38.90909090909091,6.529411764705882,-3.8700000000000045,3,7,terminal_mid,0.9569952900868376,0.951513175624689
1527681,2026,14,3,1,-38.90909090909091,6.545454545454545,-3.8149999999999977,3,7,terminal_mid,0.9537692040686163,0.9480558308220663
1527681,2026,14,4,1,-38.90909090909091,6.0,-0.7599999999999909,3,7,terminal_mid,0.9821744972620073,0.9790643311034621
1527681,2026,14,5,1,-38.90909090909091,6.0,-0.7049999999999841,3,7,terminal_mid,0.981948872200346,0.9788114037285942
1527681,2026,14,6,1,-38.90909090909091,6.200000000000001,-1.6500000000000057,3,7,terminal_mid,0.9718902134630885,0.9676669808829457
1527681,2026,14,7,1,-38.90909090909091,5.172413793103448,3.405000000000001,3,7,terminal_mid,0.9885837436742299,0.986321496634866
1527681,2026,15,1,1,-38.90909090909091,4.9655172413793105,4.405000000000001,3,7,terminal_mid,0.9883931643443665,0.9865465701903722
1527681,2026,15,2,1,-38.90909090909091,4.928571428571429,4.460000000000008,3,7,terminal_mid,0.9890941555548033,0.9873306293802624
1527681,2026,15,3,1,-38.90909090909091,4.222222222222222,7.514999999999986,3,7,terminal_mid,0.9916459189454364,0.9902017307504074
1527681,2026,15,4,1,-38.90909090909091,4.153846153846153,7.569999999999993,3,7,terminal_mid,0.99162469465841,0.9901777281786516
1527681,2026,15,5,1,-38.90909090909091,3.3600000000000003,10.625,3,7,terminal_mid,0.9921992770978634,0.9908283345591533
1527681,2026,15,6,1,-38.90909090909091,3.5,9.680000000000007,3,7,terminal_mid,0.9918584490064225,0.9904422061383756
1527681,2026,15,7,1,-38.90909090909091,3.6521739130434785,8.734999999999985,3,7,terminal_mid,0.9911950244790495,0.9896922882422527
1527682,2026,7,1,0,23.363636363636374,10.909090909090908,-4.249999999999986,0,10,terminal_mid,0.6279317874603502,0.6056694026065126
1527682,2026,7,2,0,23.363636363636374,11.052631578947368,-6.0,0,10,terminal_mid,0.5920840372646959,0.5743217778519741
1527682,2026,7,3,0,23.363636363636374,11.2,-7.75,0,10,terminal_mid,0.5918580081876995,0.5741250510331194
1527682,2026,7,4,0,23.363636363636374,10.864864864864865,-3.5,0,10,terminal_mid,0.6638211445506732,0.6374135531358173
1527682,2026,7,5,0,23.363636363636374,10.931506849315069,-4.250000000000014,0,10,terminal_mid,0.6452182826109332,0.6209078670072758
1527682,2026,7,6,0,23.363636363636374,11.083333333333334,-18.599999999999994,1,9,terminal_mid,0.40569441082365454,0.41358704499829146
1527682,2026,8,1,0,23.363636363636374,11.154929577464788,-19.17500000000001,1,9,terminal_mid,0.5033050849928291,0.5006973261941067
1527682,2026,8,2,0,23.363636363636374,11.228571428571428,-19.75,1,9,terminal_mid,0.4843613662486286,0.4840414040945611
1527682,2026,8,3,0,23.363636363636374,11.043478260869565,-17.325000000000003,1,9,terminal_mid,0.5361089650229391,0.5295619020208169
1527682,2026,8,4,0,23.363636363636374,11.029411764705882,-16.89999999999999,1,9,terminal_mid,0.545351191582589,0.5377057223961925
1527682,2026,8,5,0,23.363636363636374,10.656716417910449,-12.474999999999994,1,9,terminal_mid,0.6140225537119388,0.5985368833682879
1527682,2026,8,6,0,23.363636363636374,10.818181818181818,-14.049999999999983,1,9,terminal_mid,0.6058254601651918,0.5912359961702999
1527682,2026,9,1,0,23.363636363636374,10.892307692307693,-14.624999999999986,1,9,terminal_mid,0.5863147944778745,0.5791502007272568
1527682,2026,9,2,0,23.363636363636374,10.96875,-15.200000000000003,1,9,terminal_mid,0.5842526512711638,0.577383748089463
1527682,2026,9,3,0,23.363636363636374,10.761904761904763,-12.774999999999991,1,9,terminal_mid,0.5862865552728451,0.5791260069594195
1527682,2026,9,4,0,23.363636363636374,10.935483870967742,-14.34999999999998,1,9,terminal_mid,0.569584176166472,0.5648333703645848
1527682,2026,9,5,0,23.363636363636374,11.01639344262295,-14.924999999999997,1,9,terminal_mid,0.5655494503809553,0.5613852793017472
1527682,2026,9,6,0,23.363636363636374,10.8,-12.500000000000014,1,9,terminal_mid,0.6123670270928805,0.6015215287980725
1527682,2026,10,1,0,23.363636363636374,10.881355932203391,-13.075000000000003,1,9,terminal_mid,0.5972518069565301,0.5980860138175276
1527682,2026,10,2,0,23.363636363636374,10.862068965517242,-12.649999999999991,1,9,terminal_mid,0.6311457593214449,0.6284599034889542
1527682,2026,10,3,0,23.363636363636374,10.94736842105263,-13.225000000000009,1,9,terminal_mid,0.6067550305985026,0.6065915046216575
1527682,2026,10,4,0,23.363636363636374,11.142857142857142,-14.799999999999997,1,9,terminal_mid,0.6171499150936525,0.615903885643285
1527682,2026,10,5,0,23.363636363636374,11.345454545454546,-26.0,2,8,terminal_mid,0.44461275856062055,0.4614710300231103
1527682,2026,10,6,0,23.363636363636374,11.444444444444445,-26.399999999999977,2,8,terminal_mid,0.4322356343681296,0.4503070741252799
1527682,2026,10,7,0,23.363636363636374,11.20754716981132,-23.80000000000001,2,8,terminal_mid,0.46751902341403623,0.4820725826155032
1527682,2026,11,1,0,23.363636363636374,11.09433962264151,-22.80000000000001,2,8,terminal_mid,0.49398235095105886,0.5127285800821008
1527682,2026,11,2,0,23.363636363636374,10.846153846153847,-20.19999999999999,2,8,terminal_mid,0.5315120587891113,0.5469414222889056
1527682,2026,11,3,0,23.363636363636374,10.941176470588236,-20.599999999999994,2,8,terminal_mid,0.5182862638604789,0.5349012186018418
1527682,2026,11,4,0,23.363636363636374,11.040000000000001,-21.0,2,8,terminal_mid,0.5179884118568185,0.5346298771075034
1527682,2026,11,5,0,23.363636363636374,10.775510204081632,-18.400000000000006,2,8,terminal_mid,0.5571066627246206,0.5702027693026924
1527682,2026,11,6,0,23.363636363636374,10.5,-15.799999999999983,2,8,terminal_mid,0.5951423965958105,0.6047143623688859
1527682,2026,12,1,0,23.363636363636374,10.72340425531915,-25.42500000000001,3,7,terminal_mid,0.4155981562315014,0.4308980112114194
1527682,2026,12,2,0,23.363636363636374,10.434782608695652,-22.650000000000006,3,7,terminal_mid,0.4963387187553009,0.5063549923813958
1527682,2026,12,3,0,23.363636363636374,10.666666666666666,-31.75,4,6,terminal_mid,0.2425546720264447,0.2648847740808486
1527682,2026,12,4,0,23.363636363636374,10.909090909090908,-32.80000000000001,4,6,terminal_mid,0.2328475193478393,0.25528981561273745
1527682,2026,12,5,0,23.363636363636374,11.023255813953488,-32.849999999999994,4,6,terminal_mid,0.235048095782352,0.2574684913590381
1527682,2026,12,6,0,23.363636363636374,11.142857142857142,-32.900000000000006,4,6,terminal_mid,0.23521285378988854,0.25763152519446786
1527682,2026,13,1,0,23.363636363636374,11.414634146341463,-41.125,5,5,terminal_mid,0.1303775810520934,0.14162714189847006
1527682,2026,13,2,0,23.363636363636374,11.55,-41.0,5,5,terminal_mid,0.1242481775375858,0.13533664117761887
1527682,2026,13,3,0,23.363636363636374,11.692307692307692,-40.875,5,5,terminal_mid,0.12816832091361027,0.13936198600639912
1527682,2026,13,4,0,23.363636363636374,11.052631578947368,-35.75,5,5,terminal_mid,0.17704516312143564,0.18897215137897636
1527682,2026,13,5,0,23.363636363636374,11.35135135135135,-36.625,5,5,terminal_mid,0.16507997794706764,0.17691724378017723
1527682,2026,13,6,0,23.363636363636374,11.0,-33.5,5,5,terminal_mid,0.2001380215303391,0.21209770930949362
1527682,2026,14,1,0,23.363636363636374,10.628571428571428,-30.375,5,5,terminal_mid,0.2745249737510942,0.28382993029861675
1527682,2026,14,2,0,23.363636363636374,9.882352941176471,-25.25,5,5,terminal_mid,0.44644170132216493,0.4499787308010028
1527682,2026,14,3,0,23.363636363636374,10.181818181818182,-31.900000000000006,6,4,terminal_mid,0.18143041899417237,0.19187590925945452
1527682,2026,14,4,0,23.363636363636374,9.75,-28.599999999999994,6,4,terminal_mid,0.2555350673100394,0.2652323919997943
1527682,2026,14,5,0,23.363636363636374,9.677419354838708,-32.724999999999994,7,3,terminal_mid,0.05975403186753503,0.06695968728881542
1527682,2026,14,6,0,23.363636363636374,10.0,-33.25,7,3,terminal_mid,0.060423586688470254,0.06767259080232747
1527682,2026,15,1,0,23.363636363636374,10.137931034482758,-32.775000000000006,7,3,terminal_mid,0.0690208373379181,0.07520078623489962
1527682,2026,15,2,0,23.363636363636374,10.285714285714285,-32.30000000000001,7,3,terminal_mid,0.07321940713465278,0.07958306058914343
1527682,2026,15,3,0,23.363636363636374,10.444444444444445,-31.82499999999999,7,3,terminal_mid,0.07997738119623182,0.08661330562845633
1527682,2026,15,4,0,23.363636363636374,9.461538461538462,-26.350000000000023,7,3,terminal_mid,0.20243316187409968,0.21065272174759148
1527682,2026,15,5,0,23.363636363636374,9.600000000000001,-25.875,7,3,terminal_mid,0.20515232874285722,0.21335616636815374
1527682,2026,15,6,0,23.363636363636374,10.0,-26.399999999999977,7,3,terminal_mid,0.20291158920440963,0.21112850191040802
1527683,2026,7,1,1,-36.5,7.714285714285715,-7.909999999999997,1,9,terminal_mid,0.7649429267978574,0.7298270060697197
1527683,2026,7,2,1,-36.5,7.657894736842106,-7.0800000000000125,1,9,terminal_mid,0.7742166285894706,0.7386026064225865
1527683,2026,7,3,1,-36.5,7.68,-7.25,1,9,terminal_mid,0.7792091973881872,0.7433534951056433
1527683,2026,7,4,1,-36.5,7.45945945945946,-4.4199999999999875,1,9,terminal_mid,0.8125609052860663,0.7756200826727002
1527683,2026,7,5,1,-36.5,7.479452054794521,-4.590000000000003,1,9,terminal_mid,0.8095320954530916,0.7726486319372287
1527683,2026,7,6,1,-36.5,7.5,-4.759999999999991,1,9,terminal_mid,0.8070563720556334,0.7702263036759381
1527683,2026,8,1,1,-36.5,7.436619718309858,-3.930000000000007,1,9,terminal_mid,0.8113925045768569,0.7814449301401647
1527683,2026,8,2,1,-36.5,7.199999999999999,-1.0999999999999943,1,9,terminal_mid,0.8568719416729464,0.8270235302647333
1527683,2026,8,3,1,-36.5,7.304347826086957,-2.2700000000000102,1,9,terminal_mid,0.8302929706428361,0.8001449608350778
1527683,2026,8,4,1,-36.5,7.411764705882353,-3.4399999999999977,1,9,terminal_mid,0.8233799637187853,0.7932686797085293
1527683,2026,8,5,1,-36.5,7.343283582089552,-2.609999999999985,1,9,terminal_mid,0.8320093208931696,0.8018590672572784
1527683,2026,8,6,1,-36.5,7.363636363636363,-2.779999999999987,1,9,terminal_mid,0.8295540358141884,0.7994078470391595
1527683,2026,9,1,1,-36.5,7.384615384615385,-2.9499999999999886,1,9,terminal_mid,0.8264272325105113,0.7945232888655409
1527683,2026,9,2,1,-36.5,7.5,-12.439999999999984,2,8,terminal_mid,0.7352319274463168,0.7094498188178167
1527683,2026,9,3,1,-36.5,7.523809523809524,-12.47999999999999,2,8,terminal_mid,0.7309345345113449,0.7055749737870226
1527683,2026,9,4,1,-36.5,7.548387096774194,-12.519999999999996,2,8,terminal_mid,0.7331190573290154,0.7075435053025518
1527683,2026,9,5,1,-36.5,7.573770491803279,-12.559999999999988,2,8,terminal_mid,0.7293590475541849,0.7041567728289897
1527683,2026,9,6,1,-36.5,7.6,-12.599999999999994,2,8,terminal_mid,0.7351040067448709,0.7093343374208164
1527683,2026,10,1,1,-36.5,7.627118644067796,-12.64,2,8,terminal_mid,0.7345449583153365,0.7223083406581895
1527683,2026,10,2,1,-36.5,7.344827586206896,-9.679999999999993,2,8,terminal_mid,0.7724484981201012,0.7574807130609007
1527683,2026,10,3,1,-36.5,7.368421052631579,-9.719999999999999,2,8,terminal_mid,0.7927921521731932,0.7766126992361417
1527683,2026,10,4,1,-36.5,7.5,-10.760000000000005,2,8,terminal_mid,0.7789024469283328,0.7635288646507981
1527683,2026,10,5,1,-36.5,7.527272727272727,-10.799999999999997,2,8,terminal_mid,0.7834885910872631,0.7678384574542736
1527683,2026,10,6,1,-36.5,7.555555555555555,-10.83999999999999,2,8,terminal_mid,0.7795026908099016,0.7640923452467214
1527683,2026,11,1,1,-36.5,7.471698113207546,-9.88000000000001,2,8,terminal_mid,0.7981205528106761,0.7907748841614
1527683,2026,11,2,1,-36.5,7.5,-9.920000000000002,2,8,terminal_mid,0.8058377262676397,0.7980309118852577
1527683,2026,11,3,1,-36.5,7.529411764705882,-9.959999999999994,2,8,terminal_mid,0.8110294773379143,0.8029257959939017
1527683,2026,11,4,1,-36.5,7.5600000000000005,-10.0,2,8,terminal_mid,0.8089125229913254,0.8009285515620399
1527683,2026,11,5,1,-36.5,7.224489795918368,-7.040000000000006,2,8,terminal_mid,0.8520978802335444,0.8420899327215754
1527683,2026,11,6,1,-36.5,6.875,-4.079999999999984,2,8,terminal_mid,0.9176630769932371,0.9069639216782722
1527683,2026,12,1,1,-36.5,7.0212765957446805,-11.230000000000004,3,7,terminal_mid,0.7970673842985245,0.7878940192843578
1527683,2026,12,2,1,-36.5,7.173913043478261,-12.14,3,7,terminal_mid,0.7813949133803174,0.7728650220842064
1527683,2026,12,3,1,-36.5,7.199999999999999,-12.050000000000011,3,7,terminal_mid,0.7855109717387623,0.776804396086357
1527683,2026,12,4,1,-36.5,7.2272727272727275,-11.960000000000008,3,7,terminal_mid,0.7814055909812331,0.7728752345349222
1527683,2026,12,5,1,-36.5,7.255813953488372,-11.870000000000019,3,7,terminal_mid,0.7770607210014082,0.7687225032840229
1527683,2026,12,6,1,-36.5,7.428571428571429,-12.780000000000001,3,7,terminal_mid,0.7543142016469847,0.7470693870270658
1527683,2026,13,1,1,-36.5,7.609756097560975,-19.02000000000001,4,6,terminal_mid,0.663498304247247,0.6594003112880493
1527683,2026,13,2,1,-36.5,7.6499999999999995,-18.80000000000001,4,6,terminal_mid,0.6604784952631537,0.6564975420168093
1527683,2026,13,3,1,-36.5,7.846153846153847,-19.579999999999984,4,6,terminal_mid,0.6457005215482561,0.6423041934215858
1527683,2026,13,4,1,-36.5,8.052631578947368,-20.360000000000014,4,6,terminal_mid,0.6318028938945925,0.6289726326041828
1527683,2026,13,5,1,-36.5,8.108108108108109,-20.139999999999986,4,6,terminal_mid,0.6266360039926819,0.6240197759357393
1527683,2026,13,6,1,-36.5,8.166666666666668,-19.920000000000016,4,6,terminal_mid,0.6156545334651795,0.6134989610569983
1527683,2026,14,1,1,-36.5,8.057142857142857,-18.69999999999999,4,6,terminal_mid,0.6494195792546462,0.6446701007869156
1527683,2026,14,2,1,-36.5,8.294117647058822,-19.480000000000018,4,6,terminal_mid,0.6385717534862585,0.6342216465881272
1527683,2026,14,3,1,-36.5,8.363636363636363,-19.25999999999999,4,6,terminal_mid,0.6382029303165435,0.6338665802890436
1527683,2026,14,4,1,-36.5,8.4375,-19.039999999999992,4,6,terminal_mid,0.6452379923806612,0.6406412356814133
1527683,2026,14,5,1,-36.5,8.516129032258064,-18.819999999999993,4,6,terminal_mid,0.6346024119568663,0.6304009482372464
1527683,2026,14,6,1,-36.5,8.6,-18.599999999999994,4,6,terminal_mid,0.6429395778859861,0.6384274286966254
1527683,2026,15,1,1,-36.5,8.068965517241379,-15.379999999999995,4,6,terminal_mid,0.7209457064798106,0.7149715629419335
1527683,2026,15,2,1,-36.5,7.928571428571429,-14.159999999999997,4,6,terminal_mid,0.7351485253098983,0.7288777963266182
1527683,2026,15,3,1,-36.5,7.333333333333334,-10.939999999999998,4,6,terminal_mid,0.8027026318304138,0.7954633062515098
1527683,2026,15,4,1,-36.5,7.153846153846153,-9.719999999999999,4,6,terminal_mid,0.8489474198674551,0.8415999982234961
1527683,2026,15,5,1,-36.5,7.199999999999999,-9.5,4,6,terminal_mid,0.8484653512566396,0.8411160967328161
1527683,2026,15,6,1,-36.5,7.25,-9.280000000000001,4,6,terminal_mid,0.8373148616677499,0.8299420250822597
1527684,2026,7,1,0,60.349999999999994,12.935064935064936,-84.79166666666669,5,5,terminal_mid,0.008317397641575186,0.01579863953792804
1527684,2026,7,2,0,60.349999999999994,12.789473684210527,-81.83333333333334,5,5,terminal_mid,0.010129696776713758,0.018691161900289573
1527684,2026,7,3,0,60.349999999999994,12.879999999999999,-81.875,5,5,terminal_mid,0.009611292114581834,0.01787250815559893
1527684,2026,7,4,0,60.349999999999994,12.72972972972973,-78.91666666666666,5,5,terminal_mid,0.011272054872574943,0.02047299862700175
1527684,2026,7,5,0,60.349999999999994,12.904109589041097,-79.95833333333331,5,5,terminal_mid,0.011123410926765005,0.020242781469484338
1527684,2026,7,6,0,60.349999999999994,13.083333333333332,-81.0,5,5,terminal_mid,0.01069897172397314,0.019582775503501557
1527684,2026,8,1,0,60.349999999999994,12.929577464788732,-78.04166666666666,5,5,terminal_mid,0.01280421324852877,0.021261102522798014
1527684,2026,8,2,0,60.349999999999994,13.028571428571428,-78.08333333333331,5,5,terminal_mid,0.012048702853787773,0.02016306517710881
1527684,2026,8,3,0,60.349999999999994,13.217391304347826,-79.125,5,5,terminal_mid,0.011294111758970627,0.019057131372792226
1527684,2026,8,4,0,60.349999999999994,13.323529411764707,-79.16666666666666,5,5,terminal_mid,0.011410402952758397,0.01922819548222973
1527684,2026,8,5,0,60.349999999999994,13.432835820895521,-79.20833333333334,5,5,terminal_mid,0.011669084198544953,0.019607886253765718
1527684,2026,8,6,0,60.349999999999994,13.272727272727272,-76.25,5,5,terminal_mid,0.012883373418342349,0.02137564064985303
1527684,2026,9,1,0,60.349999999999994,13.384615384615385,-76.29166666666669,5,5,terminal_mid,0.012683464746746751,0.02434530468923474
1527684,2026,9,2,0,60.349999999999994,13.5,-76.33333333333334,5,5,terminal_mid,0.012356193639707427,0.023814914727559727
1527684,2026,9,3,0,60.349999999999994,13.619047619047619,-76.375,5,5,terminal_mid,0.012111360053432874,0.023416607903879845
1527684,2026,9,4,0,60.349999999999994,13.838709677419356,-77.41666666666669,5,5,terminal_mid,0.011269354726745964,0.022036437268592505
1527684,2026,9,5,0,60.349999999999994,14.065573770491804,-91.16666666666666,6,4,terminal_mid,0.005295628535891721,0.011637892344025368
1527684,2026,9,6,0,60.349999999999994,14.2,-91.0,6,4,terminal_mid,0.005352957313655735,0.011744531603749159
1527684,2026,10,1,0,60.349999999999994,14.338983050847457,-90.83333333333334,6,4,terminal_mid,0.005577785751463104,0.009993983869281034
1527684,2026,10,2,0,60.349999999999994,14.482758620689655,-90.66666666666666,6,4,terminal_mid,0.005591043546504324,0.010015153184185424
1527684,2026,10,3,0,60.349999999999994,14.315789473684209,-87.5,6,4,terminal_mid,0.0054530778474592674,0.009794579084098209
1527684,2026,10,4,0,60.349999999999994,14.464285714285714,-87.33333333333334,6,4,terminal_mid,0.005447315230881739,0.00978535254093883
1527684,2026,10,5,0,60.349999999999994,14.727272727272727,-88.16666666666666,6,4,terminal_mid,0.005382104439387614,0.009680866877299493
1527684,2026,10,6,0,60.349999999999994,14.88888888888889,-88.0,6,4,terminal_mid,0.005254712673266087,0.009476339440858952
1527684,2026,11,1,0,60.349999999999994,15.056603773584907,-87.83333333333334,6,4,terminal_mid,0.004522495348022648,0.0077023999276795785
1527684,2026,11,2,0,60.349999999999994,14.653846153846155,-82.66666666666666,6,4,terminal_mid,0.006400322483641609,0.010568296611217649
1527684,2026,11,3,0,60.349999999999994,14.235294117647058,-77.5,6,4,terminal_mid,0.007783295370234642,0.01262776114638794
1527684,2026,11,4,0,60.349999999999994,14.04,-74.33333333333331,6,4,terminal_mid,0.00844168562256167,0.013595786108971743
1527684,2026,11,5,0,60.349999999999994,14.204081632653061,-74.16666666666666,6,4,terminal_mid,0.008605480442860157,0.01383548419247941
1527684,2026,11,6,0,60.349999999999994,14.375,-74.0,6,4,terminal_mid,0.00863692141129142,0.013881445411678319
1527684,2026,12,1,0,60.349999999999994,14.680851063829786,-74.83333333333331,6,4,terminal_mid,0.00816593734883789,0.011799732417810231
1527684,2026,12,2,0,60.349999999999994,15.0,-75.66666666666666,6,4,terminal_mid,0.007781511178394625,0.011283710496523892
1527684,2026,12,3,0,60.349999999999994,15.2,-75.5,6,4,terminal_mid,0.007789398923795238,0.011294317369856683
1527684,2026,12,4,0,60.349999999999994,15.40909090909091,-75.33333333333331,6,4,terminal_mid,0.006964487961629923,0.010180484953188598
1527684,2026,12,5,0,60.349999999999994,15.767441860465116,-76.16666666666669,6,4,terminal_mid,0.0066806882399748895,0.00979504876315127
1527684,2026,12,6,0,60.349999999999994,16.0,-76.0,6,4,terminal_mid,0.006690241987299577,0.009808043601863457
1527684,2026,13,1,0,60.349999999999994,15.804878048780488,-72.83333333333331,6,4,terminal_mid,0.007402584809581935,0.009286715130128695
1527684,2026,13,2,0,60.349999999999994,15.299999999999999,-67.66666666666669,6,4,terminal_mid,0.011007394388504168,0.01355714442411241
1527684,2026,13,3,0,60.349999999999994,15.076923076923077,-64.5,6,4,terminal_mid,0.012350752025027941,0.015129829592592674
1527684,2026,13,4,0,60.349999999999994,15.473684210526315,-65.33333333333331,6,4,terminal_mid,0.011426215637001396,0.014048420056979784
1527684,2026,13,5,0,60.349999999999994,15.243243243243242,-62.166666666666686,6,4,terminal_mid,0.013036542197884016,0.01592940200503911
1527684,2026,13,6,0,60.349999999999994,15.666666666666668,-63.0,6,4,terminal_mid,0.010896315676262272,0.013426697999093065
1527684,2026,14,1,0,60.349999999999994,15.942857142857143,-62.833333333333314,6,4,terminal_mid,0.009510479907340396,0.01160681993737224
1527684,2026,14,2,0,60.349999999999994,16.235294117647058,-62.666666666666686,6,4,terminal_mid,0.008803983872010424,0.010781296907216048
1527684,2026,14,3,0,60.349999999999994,16.545454545454547,-62.5,6,4,terminal_mid,0.008092061111773012,0.00994636406194985
1527684,2026,14,4,0,60.349999999999994,16.3125,-59.333333333333314,6,4,terminal_mid,0.00971705468612163,0.01184765742304589
1527684,2026,14,5,0,60.349999999999994,16.838709677419356,-60.16666666666666,6,4,terminal_mid,0.008411503521148644,0.010321398643994183
1527684,2026,14,6,0,60.349999999999994,17.2,-60.0,6,4,terminal_mid,0.007974586553012425,0.009808277555851177
1527684,2026,15,1,0,60.349999999999994,17.793103448275865,-66.875,7,3,terminal_mid,0.004260272603581075,0.005148902412199766
1527684,2026,15,2,0,60.349999999999994,18.214285714285715,-66.5,7,3,terminal_mid,0.004155850212854769,0.005027086767443352
1527684,2026,15,3,0,60.349999999999994,18.0,-63.125,7,3,terminal_mid,0.004162803355184997,0.005035201453343061
1527684,2026,15,4,0,60.349999999999994,17.538461538461537,-58.75,7,3,terminal_mid,0.004457633641222657,0.0053788465074632065
1527684,2026,15,5,0,60.349999999999994,18.0,-58.375,7,3,terminal_mid,0.004400287493281983,0.005312071319762277
1527684,2026,15,6,0,60.349999999999994,18.5,-58.0,7,3,terminal_mid,0.00427581904918449,0.005167029141799348
1527684,2026,15,7,0,60.349999999999994,19.043478260869563,-57.625,7,3,terminal_mid,0.004168399596273616,0.005041732210257035
1527686,2026,7,1,0,-16.666666666666657,5.6103896103896105,-22.875,5,5,terminal_mid,0.5271127161012616,0.5181113428990687
1527686,2026,7,2,0,-16.666666666666657,5.605263157894737,-22.5,5,5,terminal_mid,0.5385932141914367,0.5280048067634726
1527686,2026,7,3,0,-16.666666666666657,5.2,-17.125,5,5,terminal_mid,0.5506486484471103,0.538408070776705
1527686,2026,7,4,0,-16.666666666666657,5.1891891891891895,-16.75,5,5,terminal_mid,0.5598616697576055,0.546370350541059
1527686,2026,7,5,0,-16.666666666666657,4.767123287671232,-11.375,5,5,terminal_mid,0.5881335667386648,0.5708849171565957
1527686,2026,7,6,0,-16.666666666666657,4.833333333333334,-21.0,6,4,terminal_mid,0.4627757673100844,0.46278519142818875
1527686,2026,7,7,0,-16.666666666666657,4.816901408450704,-20.5,6,4,terminal_mid,0.4160137972957559,0.42250548946435235
1527686,2026,8,1,0,-16.666666666666657,4.47887323943662,-16.5,6,4,terminal_mid,0.4608073503894485,0.4633250595111907
1527686,2026,8,2,0,-16.666666666666657,4.457142857142857,-15.999999999999986,6,4,terminal_mid,0.47115934505548723,0.4724320128838825
1527686,2026,8,3,0,-16.666666666666657,4.521739130434783,-16.5,6,4,terminal_mid,0.5005638295177662,0.4982869625813481
1527686,2026,8,4,0,-16.666666666666657,4.235294117647059,-13.0,6,4,terminal_mid,0.5088646863375477,0.505586309973143
1527686,2026,8,5,0,-16.666666666666657,4.298507462686567,-21.875,7,3,terminal_mid,0.2517318503137154,0.2755349144282269
1527686,2026,8,6,0,-16.666666666666657,4.0,-18.25,7,3,terminal_mid,0.2596737047230713,0.28291957804138407
1527686,2026,9,1,0,-16.666666666666657,4.061538461538461,-18.625,7,3,terminal_mid,0.28432087488879887,0.31754176108438453
1527686,2026,9,2,0,-16.666666666666657,4.03125,-18.0,7,3,terminal_mid,0.29299451791687553,0.3253975917973068
1527686,2026,9,3,0,-16.666666666666657,4.095238095238095,-18.375,7,3,terminal_mid,0.3146566682503728,0.34485516356259066
1527686,2026,9,4,0,-16.666666666666657,3.967741935483871,-16.75,7,3,terminal_mid,0.3405314158971058,0.3678283541917885
1527686,2026,9,5,0,-16.666666666666657,3.9344262295081966,-16.125,7,3,terminal_mid,0.3722001350801577,0.39561457246384274
1527686,2026,9,6,0,-16.666666666666657,4.0,-24.0,8,2,terminal_mid,0.16383105098123565,0.2029833941834402
1527686,2026,9,7,0,-16.666666666666657,3.9661016949152543,-23.25,8,2,terminal_mid,0.15535410971734764,0.1944034431848246
1527686,2026,9,8,0,-16.666666666666657,3.6206896551724137,-19.5,8,2,terminal_mid,0.2877462942507782,0.3206489064250608
1527686,2026,10,1,0,-16.666666666666657,3.559322033898305,-26.625,9,1,terminal_mid,0.06692174942783814,0.08995036701586945
1527686,2026,10,2,0,-16.666666666666657,3.6206896551724137,-26.75,9,1,terminal_mid,0.06896018807045329,0.09233764478795548
1527686,2026,10,3,0,-16.666666666666657,3.578947368421052,-25.875,9,1,terminal_mid,0.07686747592393856,0.1015061033009007
1527686,2026,10,4,0,-16.666666666666657,3.2142857142857144,-22.0,9,1,terminal_mid,0.10822890441808382,0.13665788885459665
1527686,2026,10,5,0,-16.666666666666657,3.163636363636363,-21.125,9,1,terminal_mid,0.10805513040527859,0.13646769025785171
1527686,2026,10,6,0,-16.666666666666657,3.1111111111111107,-20.25,9,1,terminal_mid,0.10920822922607118,0.13772892733580103
1527687,2026,7,1,0,10.782608695652186,10.831168831168831,-3.249999999999986,0,10,terminal_mid,0.4146389076236785,0.42131805750374657
1527687,2026,7,2,0,10.782608695652186,10.894736842105264,-4.0,0,10,terminal_mid,0.41724050675909286,0.42356474767928737
1527687,2026,7,3,0,10.782608695652186,10.96,-4.75,0,10,terminal_mid,0.4027446607111851,0.4110350335784521
1527687,2026,7,4,0,10.782608695652186,11.108108108108109,-6.5,0,10,terminal_mid,0.39441745710786363,0.4038234732201745
1527687,2026,7,5,0,10.782608695652186,11.17808219178082,-7.250000000000014,0,10,terminal_mid,0.35054381721652506,0.3656092765434774
1527687,2026,7,6,0,10.782608695652186,11.25,-8.0,0,10,terminal_mid,0.3445899126926817,0.36038888066976166
1527687,2026,8,1,0,10.782608695652186,11.408450704225352,-22.17500000000001,1,9,terminal_mid,0.2179369039165397,0.24373387625726398
1527687,2026,8,2,0,10.782608695652186,11.485714285714286,-22.75,1,9,terminal_mid,0.24131805980817234,0.2658033279901283
1527687,2026,8,3,0,10.782608695652186,11.304347826086957,-20.325000000000003,1,9,terminal_mid,0.26955426836590124,0.2920650714464139
1527687,2026,8,4,0,10.782608695652186,10.941176470588236,-15.899999999999991,1,9,terminal_mid,0.33364328332154936,0.3504460899122052
1527687,2026,8,5,0,10.782608695652186,10.567164179104477,-11.474999999999994,1,9,terminal_mid,0.4115438401514958,0.4198829529599747
1527687,2026,8,6,0,10.782608695652186,10.363636363636363,-9.049999999999983,1,9,terminal_mid,0.42845295900501523,0.43481967563009105
1527687,2026,9,1,0,10.782608695652186,10.523076923076923,-10.624999999999986,1,9,terminal_mid,0.42156947323890165,0.43837693390194066
1527687,2026,9,2,0,10.782608695652186,10.6875,-12.200000000000003,1,9,terminal_mid,0.3919643490102079,0.4128035196769549
1527687,2026,9,3,0,10.782608695652186,10.857142857142858,-13.774999999999991,1,9,terminal_mid,0.3812743231266103,0.40351938682270333
1527687,2026,9,4,0,10.782608695652186,10.64516129032258,-11.34999999999998,1,9,terminal_mid,0.43060318057267627,0.4461460198389345
1527687,2026,9,5,0,10.782608695652186,10.819672131147541,-23.59999999999998,2,8,terminal_mid,0.24410777845008957,0.2805545309361714
1527687,2026,9,6,0,10.782608695652186,11.0,-35.5,3,7,terminal_mid,0.13866460199543812,0.17723061232463505
1527687,2026,10,1,0,10.782608695652186,10.576271186440678,-30.725000000000023,3,7,terminal_mid,0.20949781530979042,0.24156352606082265
1527687,2026,10,2,0,10.782608695652186,10.655172413793103,-30.94999999999999,3,7,terminal_mid,0.2096743585532383,0.24173836622960393
1527687,2026,10,3,0,10.782608695652186,10.736842105263158,-31.174999999999983,3,7,terminal_mid,0.19291943345964735,0.22504342165009286
1527687,2026,10,4,0,10.782608695652186,10.821428571428571,-31.400000000000006,3,7,terminal_mid,0.20165625229231404,0.23377501872586184
1527687,2026,10,5,0,10.782608695652186,10.8,-30.625,3,7,terminal_mid,0.1922080956730277,0.22432991629974733
1527687,2026,10,6,0,10.782608695652186,11.0,-31.850000000000023,3,7,terminal_mid,0.19543654036106142,0.22756502233833883
1527687,2026,11,1,0,10.782608695652186,11.09433962264151,-32.07500000000002,3,7,terminal_mid,0.2021010959778274,0.23460635613313188
1527687,2026,11,2,0,10.782608695652186,11.307692307692307,-33.30000000000001,3,7,terminal_mid,0.17953055599473008,0.21144339571319937
1527687,2026,11,3,0,10.782608695652186,11.411764705882351,-33.525000000000006,3,7,terminal_mid,0.1717555794577138,0.20337305812684395
1527687,2026,11,4,0,10.782608695652186,11.52,-33.74999999999997,3,7,terminal_mid,0.1686623633425346,0.20014842805847347
1527687,2026,11,5,0,10.782608695652186,11.63265306122449,-33.974999999999994,3,7,terminal_mid,0.1626565458970006,0.19386403639060706
1527687,2026,11,6,0,10.782608695652186,11.75,-34.19999999999999,3,7,terminal_mid,0.17327858755958123,0.20495782449948471
1527687,2026,11,7,0,10.782608695652186,11.872340425531915,-34.42500000000001,3,7,terminal_mid,0.1751883665080036,0.20694233530364115
1527687,2026,12,1,0,10.782608695652186,11.74468085106383,-33.42500000000001,3,7,terminal_mid,0.18839698687977588,0.2107909763888779
1527687,2026,12,2,0,10.782608695652186,11.478260869565219,-30.650000000000006,3,7,terminal_mid,0.20721414257465195,0.2297487335930095
1527687,2026,12,3,0,10.782608695652186,11.733333333333333,-31.875,3,7,terminal_mid,0.198303078764492,0.22079454245631414
1527687,2026,12,4,0,10.782608695652186,11.727272727272727,-31.100000000000023,3,7,terminal_mid,0.2135295954093602,0.2360704069307748
1527687,2026,12,5,0,10.782608695652186,11.86046511627907,-31.325000000000017,3,7,terminal_mid,0.20635781640065945,0.22889003299894373
1527687,2026,12,6,0,10.782608695652186,11.571428571428571,-28.55000000000001,3,7,terminal_mid,0.2587122030666669,0.28076983216561496
1527687,2026,13,1,0,10.782608695652186,11.707317073170731,-28.775000000000006,3,7,terminal_mid,0.23263406322165273,0.24436588754602445
1527687,2026,13,2,0,10.782608695652186,11.850000000000001,-29.0,3,7,terminal_mid,0.24546892824320307,0.2570335361920139
1527687,2026,13,3,0,10.782608695652186,12.0,-29.224999999999994,3,7,terminal_mid,0.226959608677227,0.23875213019772618
1527687,2026,13,4,0,10.782608695652186,12.315789473684212,-30.44999999999999,3,7,terminal_mid,0.21742055322896087,0.22929583573134518
1527687,2026,13,5,0,10.782608695652186,12.486486486486488,-30.67500000000001,3,7,terminal_mid,0.2129915816746213,0.22489676061628028
1527687,2026,13,6,0,10.782608695652186,12.833333333333332,-38.20000000000002,4,6,terminal_mid,0.12381896026297037,0.13489542954866235
1527687,2026,14,1,0,10.782608695652186,13.028571428571428,-38.25,4,6,terminal_mid,0.15545065662739294,0.16578304874055952
1527687,2026,14,2,0,10.782608695652186,12.705882352941178,-35.30000000000001,4,6,terminal_mid,0.17461975372183597,0.18505775272895122
1527687,2026,14,3,0,10.782608695652186,12.909090909090908,-35.349999999999994,4,6,terminal_mid,0.16392830829658928,0.17432339327005728
1527687,2026,14,4,0,10.782608695652186,13.125,-35.400000000000006,4,6,terminal_mid,0.1433942522844845,0.1535905646809254
1527687,2026,14,5,0,10.782608695652186,13.354838709677418,-35.44999999999999,4,6,terminal_mid,0.15324981854045505,0.16356158422903622
1527687,2026,14,6,0,10.782608695652186,13.799999999999999,-36.5,4,6,terminal_mid,0.12452064197499188,0.13438210257262947
1527687,2026,14,7,0,10.782608695652186,14.275862068965518,-37.54999999999998,4,6,terminal_mid,0.11343793139609233,0.12302551778108448
1527687,2026,15,1,0,10.782608695652186,13.448275862068964,-33.54999999999998,4,6,terminal_mid,0.17314331295240518,0.18142137123278276
1527687,2026,15,2,0,10.782608695652186,13.714285714285714,-33.599999999999994,4,6,terminal_mid,0.16772853803113216,0.17599337134648596
1527687,2026,15,3,0,10.782608695652186,14.0,-33.650000000000006,4,6,terminal_mid,0.15135960887428956,0.15953351142409408
1527687,2026,15,4,0,10.782608695652186,13.384615384615385,-29.69999999999999,4,6,terminal_mid,0.2074476005610924,0.21563689985641205
1527687,2026,15,5,0,10.782608695652186,12.96,-26.75,4,6,terminal_mid,0.2588392168450585,0.2664307955894034
1527687,2026,15,6,0,10.782608695652186,13.25,-26.80000000000001,4,6,terminal_mid,0.26850105175274286,0.275928850252472
1527687,2026,15,7,0,10.782608695652186,13.826086956521738,-27.849999999999994,4,6,terminal_mid,0.2215363495625174,0.2296119507245475
1527688,2026,7,1,1,-16.86956521739131,8.805194805194805,-19.086666666666645,2,8,terminal_mid,0.6973445418341042,0.6674879502815467
1527688,2026,7,2,1,-16.86956521739131,8.921052631578949,-20.293333333333322,2,8,terminal_mid,0.697739196968745,0.667844848220624
1527688,2026,7,3,1,-16.86956521739131,8.96,-20.5,2,8,terminal_mid,0.6994392230537447,0.6693830485347946
1527688,2026,7,4,1,-16.86956521739131,9.0,-20.70666666666665,2,8,terminal_mid,0.6965987839459157,0.6668137342342086
1527688,2026,7,5,1,-16.86956521739131,9.04109589041096,-20.913333333333355,2,8,terminal_mid,0.6872419138069987,0.6583755778506135
1527688,2026,7,6,1,-16.86956521739131,9.166666666666666,-22.120000000000005,2,8,terminal_mid,0.681820785472123,0.6535040051497925
1527688,2026,8,1,1,-16.86956521739131,9.211267605633802,-22.326666666666654,2,8,terminal_mid,0.6804369331079267,0.6582953136478027
1527688,2026,8,2,1,-16.86956521739131,9.342857142857143,-34.09166666666667,3,7,terminal_mid,0.5215968905434253,0.5167863985042328
1527688,2026,8,3,1,-16.86956521739131,9.391304347826088,-34.14750000000001,3,7,terminal_mid,0.5355557590532342,0.5290746495538626
1527688,2026,8,4,1,-16.86956521739131,9.441176470588236,-34.20333333333335,3,7,terminal_mid,0.5361006657569506,0.5295545920362924
1527688,2026,8,5,1,-16.86956521739131,9.492537313432836,-34.25916666666666,3,7,terminal_mid,0.5248171446809344,0.5196202547999725
1527688,2026,8,6,1,-16.86956521739131,9.09090909090909,-29.314999999999998,3,7,terminal_mid,0.5994706983204308,0.585584890283581
1527688,2026,8,7,1,-16.86956521739131,9.138461538461538,-29.370833333333337,3,7,terminal_mid,0.6030126967404242,0.5887337642341893
1527688,2026,8,8,1,-16.86956521739131,9.1875,-29.426666666666677,3,7,terminal_mid,0.6050867059619871,0.5905786565373619
1527688,2026,9,1,1,-16.86956521739131,9.046153846153846,-28.370833333333337,3,7,terminal_mid,0.6209475893785609,0.6089157453480102
1527688,2026,9,2,1,-16.86956521739131,9.1875,-29.426666666666677,3,7,terminal_mid,0.614427001097236,0.6032953825373019
1527688,2026,9,3,1,-16.86956521739131,9.333333333333334,-30.482500000000016,3,7,terminal_mid,0.5901690390658445,0.5824533161897543
1527688,2026,9,4,1,-16.86956521739131,9.387096774193548,-30.538333333333327,3,7,terminal_mid,0.583884162327673,0.5770681549793154
1527688,2026,9,5,1,-16.86956521739131,9.540983606557377,-31.59416666666668,3,7,terminal_mid,0.5843314804464466,0.5774512637670498
1527688,2026,9,6,1,-16.86956521739131,9.7,-32.650000000000006,3,7,terminal_mid,0.5885293068639321,0.5810478048503042
1527688,2026,10,1,1,-16.86956521739131,9.864406779661017,-33.705833333333345,3,7,terminal_mid,0.5804895197372956,0.5830982265144576
1527688,2026,10,2,1,-16.86956521739131,10.034482758620689,-34.761666666666656,3,7,terminal_mid,0.5782867052463435,0.5811296952341809
1527688,2026,10,3,1,-16.86956521739131,10.105263157894736,-34.817499999999995,3,7,terminal_mid,0.5777916953529635,0.5806873610021598
1527688,2026,10,4,1,-16.86956521739131,10.071428571428571,-33.873333333333335,3,7,terminal_mid,0.5767087703311792,0.5797197081836105
1527688,2026,10,5,1,-16.86956521739131,10.254545454545454,-34.929166666666674,3,7,terminal_mid,0.5724075601152114,0.5758767753447445
1527688,2026,10,6,1,-16.86956521739131,10.444444444444445,-35.985000000000014,3,7,terminal_mid,0.5689242885415027,0.5727650816589118
1527688,2026,10,7,1,-16.86956521739131,10.415094339622641,-35.04083333333335,3,7,terminal_mid,0.5761557749846608,0.5792255943517876
1527688,2026,11,1,1,-16.86956521739131,10.415094339622641,-35.04083333333335,3,7,terminal_mid,0.5739242677113413,0.5854674074207888
1527688,2026,11,2,1,-16.86956521739131,10.153846153846153,-32.096666666666664,3,7,terminal_mid,0.5987239625384884,0.6079626700109708
1527688,2026,11,3,1,-16.86956521739131,10.235294117647058,-32.1525,3,7,terminal_mid,0.5945879702845391,0.6042115208349227
1527688,2026,11,4,1,-16.86956521739131,10.44,-40.75,4,6,terminal_mid,0.4895854819468827,0.5087096524819452
1527688,2026,11,5,1,-16.86956521739131,10.653061224489797,-41.655,4,6,terminal_mid,0.49651176132191677,0.5150394327365252
1527688,2026,11,6,1,-16.86956521739131,10.75,-41.56,4,6,terminal_mid,0.4921009831496335,0.5110092404090985
1527688,2026,12,1,1,-16.86956521739131,10.851063829787234,-41.465,4,6,terminal_mid,0.48769548891881,0.49830903914926994
1527688,2026,12,2,1,-16.86956521739131,11.08695652173913,-42.370000000000005,4,6,terminal_mid,0.48719670722987385,0.4978445488349457
1527688,2026,12,3,1,-16.86956521739131,10.8,-39.275000000000006,4,6,terminal_mid,0.5184264606968283,0.5268937258283363
1527688,2026,12,4,1,-16.86956521739131,10.909090909090908,-39.18000000000001,4,6,terminal_mid,0.5180215927105656,0.5265174998550746
1527688,2026,12,5,1,-16.86956521739131,11.023255813953488,-39.08500000000001,4,6,terminal_mid,0.5153801845240263,0.5240627532722599
1527688,2026,12,6,1,-16.86956521739131,11.142857142857142,-38.99000000000001,4,6,terminal_mid,0.5073793013707758,0.5166249735353738
1527688,2026,12,7,1,-16.86956521739131,11.414634146341463,-46.07916666666665,5,5,terminal_mid,0.4218310683043321,0.43675195364160607
1527688,2026,12,8,1,-16.86956521739131,11.7,-46.83333333333334,5,5,terminal_mid,0.40783644552968956,0.42359974913153653
1527688,2026,13,1,1,-16.86956521739131,10.829268292682928,-42.07916666666665,5,5,terminal_mid,0.4631620826695262,0.4677145207491158
1527688,2026,13,2,1,-16.86956521739131,10.5,-38.83333333333334,5,5,terminal_mid,0.5022326352573534,0.5050738831055296
1527688,2026,13,3,1,-16.86956521739131,10.76923076923077,-39.587500000000006,5,5,terminal_mid,0.4915391166788682,0.4948534197412647
1527688,2026,13,4,1,-16.86956521739131,10.736842105263158,-38.34166666666667,5,5,terminal_mid,0.5030066213026844,0.5058135313898782
1527688,2026,13,5,1,-16.86956521739131,10.378378378378379,-35.09583333333333,5,5,terminal_mid,0.5384468537887472,0.539673873943939
1527688,2026,13,6,1,-16.86956521739131,10.5,-34.849999999999994,5,5,terminal_mid,0.5294195579354327,0.5310496984361425
1527688,2026,14,1,1,-16.86956521739131,10.8,-35.60416666666666,5,5,terminal_mid,0.5210767039386982,0.5214918823781836
1527688,2026,14,2,1,-16.86956521739131,11.117647058823529,-36.35833333333335,5,5,terminal_mid,0.5170599930019044,0.5176450072354347
1527688,2026,14,3,1,-16.86956521739131,10.363636363636363,-31.11250000000001,5,5,terminal_mid,0.5838850869890388,0.5816788845518656
1527688,2026,14,4,1,-16.86956521739131,10.6875,-36.69333333333333,6,4,terminal_mid,0.4098769110249753,0.4148706897963537
1527688,2026,14,5,1,-16.86956521739131,10.838709677419354,-36.29666666666665,6,4,terminal_mid,0.4212462513900522,0.42579530297414775
1527688,2026,14,6,1,-16.86956521739131,11.0,-35.900000000000006,6,4,terminal_mid,0.41697439600646813,0.4216915180456232
1527688,2026,15,1,1,-16.86956521739131,11.379310344827587,-36.50333333333333,6,4,terminal_mid,0.40046232046532004,0.40453599336363294
1527688,2026,15,2,1,-16.86956521739131,11.785714285714285,-37.106666666666655,6,4,terminal_mid,0.3759990532444917,0.38081530328058005
1527688,2026,15,3,1,-16.86956521739131,12.222222222222223,-37.71000000000001,6,4,terminal_mid,0.3443333955687221,0.3500439798435659
1527688,2026,15,4,1,-16.86956521739131,12.461538461538463,-37.31333333333333,6,4,terminal_mid,0.3356384234425207,0.3415790156125987
1527688,2026,15,5,1,-16.86956521739131,12.96,-37.91666666666666,6,4,terminal_mid,0.3039058234828834,0.3106186389279813
1527688,2026,15,6,1,-16.86956521739131,13.5,-42.139999999999986,7,3,terminal_mid,0.18419700514278256,0.19247787489490453
1527689,2026,7,1,1,36.71428571428572,6.779220779220779,30.0775,1,9,terminal_mid,0.9584473643393663,0.9356966448545881
1527689,2026,7,2,1,36.71428571428572,6.789473684210526,29.569999999999993,1,9,terminal_mid,0.9593470408315642,0.936867610513027
1527689,2026,7,3,1,36.71428571428572,6.880000000000001,28.0625,1,9,terminal_mid,0.9622623061703366,0.940693649623012
1527689,2026,7,4,1,36.71428571428572,6.486486486486487,32.55500000000001,1,9,terminal_mid,0.9673748823351168,0.947530816352284
1527689,2026,7,5,1,36.71428571428572,6.082191780821918,37.0475,1,9,terminal_mid,0.96909121526025,0.9498662276693853
1527689,2026,7,6,1,36.71428571428572,6.083333333333333,36.540000000000006,1,9,terminal_mid,0.9728339411264166,0.9550376266135485
1527689,2026,8,1,1,36.71428571428572,6.169014084507042,23.140000000000015,2,8,terminal_mid,0.9676349331649431,0.9516051834293721
1527689,2026,8,2,1,36.71428571428572,6.257142857142858,10.075000000000003,3,7,terminal_mid,0.9208341152302445,0.895545568144531
1527689,2026,8,3,1,36.71428571428572,6.260869565217391,9.90249999999999,3,7,terminal_mid,0.9276681128004547,0.9033108327971161
1527689,2026,8,4,1,36.71428571428572,6.264705882352942,9.72999999999999,3,7,terminal_mid,0.9335059257853606,0.9100360035720992
1527689,2026,8,5,1,36.71428571428572,6.35820895522388,8.557500000000005,3,7,terminal_mid,0.9394501210770527,0.9169793951276678
1527689,2026,8,6,1,36.71428571428572,6.363636363636363,8.385000000000005,3,7,terminal_mid,0.944085634716129,0.9224675259973183
1527689,2026,9,1,1,36.71428571428572,6.36923076923077,8.212499999999991,3,7,terminal_mid,0.9526691243640059,0.9296600109342747
1527689,2026,9,2,1,36.71428571428572,6.46875,7.039999999999992,3,7,terminal_mid,0.9609374587095767,0.9400566576656337
1527689,2026,9,3,1,36.71428571428572,6.476190476190476,6.867499999999993,3,7,terminal_mid,0.9621440240863306,0.9416052385449631
1527689,2026,9,4,1,36.71428571428572,6.580645161290322,-4.689999999999998,4,6,terminal_mid,0.8656587816068666,0.8334660628109262
1527689,2026,9,5,1,36.71428571428572,6.491803278688526,-3.6950000000000216,4,6,terminal_mid,0.8599320382590951,0.8276615741725224
1527689,2026,9,6,1,36.71428571428572,6.5,-3.6999999999999886,4,6,terminal_mid,0.8671447377583879,0.8349797232091045
1527689,2026,10,1,1,36.71428571428572,6.40677966101695,-2.7050000000000125,4,6,terminal_mid,0.8916159403478936,0.8734010741560049
1527689,2026,10,2,1,36.71428571428572,6.517241379310345,-3.7099999999999795,4,6,terminal_mid,0.897036295513993,0.8789716433795165
1527689,2026,10,3,1,36.71428571428572,6.631578947368421,-4.715000000000003,4,6,terminal_mid,0.8986516253748573,0.8806389660887218
1527689,2026,10,4,1,36.71428571428572,6.642857142857143,-4.719999999999999,4,6,terminal_mid,0.9077148607328864,0.8900593435620318
1527689,2026,10,5,1,36.71428571428572,6.763636363636364,-5.725000000000023,4,6,terminal_mid,0.8824691117006146,0.8640807237338588
1527689,2026,10,6,1,36.71428571428572,6.777777777777777,-5.72999999999999,4,6,terminal_mid,0.8827150634440236,0.8643300921718484
1527689,2026,11,1,1,36.71428571428572,6.7924528301886795,-5.735000000000014,4,6,terminal_mid,0.8854716204316069,0.8746566818396019
1527689,2026,11,2,1,36.71428571428572,6.9230769230769225,-6.740000000000009,4,6,terminal_mid,0.8792864067701278,0.8685593538565589
1527689,2026,11,3,1,36.71428571428572,7.0588235294117645,-7.7450000000000045,4,6,terminal_mid,0.8732558009638697,0.862643365504133
1527689,2026,11,4,1,36.71428571428572,6.959999999999999,-6.75,4,6,terminal_mid,0.8928364000217435,0.88195879581969
1527689,2026,11,5,1,36.71428571428572,7.1020408163265305,-7.7549999999999955,4,6,terminal_mid,0.8868492666743308,0.8760190419395922
1527689,2026,11,6,1,36.71428571428572,7.125,-7.759999999999991,4,6,terminal_mid,0.899978686516423,0.8890873264320243
1527689,2026,12,1,1,36.71428571428572,6.76595744680851,-4.765000000000015,4,6,terminal_mid,0.9368478347673721,0.927510429542995
1527689,2026,12,2,1,36.71428571428572,6.782608695652174,-4.77000000000001,4,6,terminal_mid,0.9370947244261117,0.9277715911682083
1527689,2026,12,3,1,36.71428571428572,6.666666666666667,-3.7750000000000057,4,6,terminal_mid,0.9414659139336481,0.9324099205991937
1527689,2026,12,4,1,36.71428571428572,6.681818181818182,-3.780000000000001,4,6,terminal_mid,0.944078921565918,0.9351962435878755
1527689,2026,12,5,1,36.71428571428572,6.837209302325581,-4.784999999999997,4,6,terminal_mid,0.9395539387149703,0.9303776788296143
1527689,2026,12,6,1,36.71428571428572,6.857142857142857,-4.7900000000000205,4,6,terminal_mid,0.9413657321232924,0.9323033019463628
1527689,2026,13,1,1,36.71428571428572,6.878048780487804,-4.795000000000016,4,6,terminal_mid,0.942849815925284,0.9364854434943728
1527689,2026,13,2,1,36.71428571428572,6.449999999999999,-1.8000000000000114,4,6,terminal_mid,0.962696220318732,0.9576483394739064
1527689,2026,13,3,1,36.71428571428572,6.461538461538462,-1.8049999999999784,4,6,terminal_mid,0.9632612610952355,0.9582584656250942
1527689,2026,13,4,1,36.71428571428572,6.473684210526316,-1.8100000000000023,4,6,terminal_mid,0.9642938871611931,0.9593747654318282
1527689,2026,13,5,1,36.71428571428572,6.486486486486487,-1.8149999999999977,4,6,terminal_mid,0.9675021522458627,0.9628540183798818
1527689,2026,13,6,1,36.71428571428572,6.5,-1.8200000000000216,4,6,terminal_mid,0.9675434795451896,0.9628989496616472
1527689,2026,14,1,1,36.71428571428572,6.514285714285714,-1.8249999999999886,4,6,terminal_mid,0.9671649027295128,0.9625041853568096
1527689,2026,14,2,1,36.71428571428572,6.0,1.1699999999999875,4,6,terminal_mid,0.9773236700642987,0.9736573116801831
1527689,2026,14,3,1,36.71428571428572,6.0,1.1650000000000205,4,6,terminal_mid,0.9777457778735759,0.9741254198255451
1527689,2026,14,4,1,36.71428571428572,5.4375,4.159999999999997,4,6,terminal_mid,0.9802158640931311,0.9768735698590559
1527689,2026,14,5,1,36.71428571428572,5.419354838709677,4.155000000000001,4,6,terminal_mid,0.9800257355460555,0.9766614766458148
1527689,2026,14,6,1,36.71428571428572,5.4,4.150000000000006,4,6,terminal_mid,0.9801482684248208,0.9767981540397067
1527689,2026,14,7,1,36.71428571428572,5.379310344827586,4.14500000000001,4,6,terminal_mid,0.980914566915098,0.9776538363100981
1527689,2026,14,8,1,36.71428571428572,5.357142857142858,4.140000000000015,4,6,terminal_mid,0.9820640284423481,0.9789404758398363
1527689,2026,15,1,1,36.71428571428572,4.9655172413793105,6.14500000000001,4,6,terminal_mid,0.986443489328116,0.9843748970980362
1527689,2026,15,2,1,36.71428571428572,4.928571428571429,6.140000000000015,4,6,terminal_mid,0.9864991252552815,0.9844366958480455
1527689,2026,15,3,1,36.71428571428572,4.888888888888888,6.134999999999991,4,6,terminal_mid,0.9867896304526074,0.9847595381554227
1527689,2026,15,4,1,36.71428571428572,4.846153846153847,6.1299999999999955,4,6,terminal_mid,0.9872644601142739,0.9852878041650307
1527689,2026,15,5,1,36.71428571428572,4.5600000000000005,7.125,4,6,terminal_mid,0.9884885726213126,0.9866531776311904
1527689,2026,15,6,1,36.71428571428572,4.5,7.1200000000000045,4,6,terminal_mid,0.9888227944800172,0.9870268942537868
1527690,2026,7,1,1,24.0,9.194805194805195,9.472499999999997,1,9,terminal_mid,0.7569876047084804,0.722347519063073
1527690,2026,7,2,1,24.0,9.236842105263158,8.829999999999984,1,9,terminal_mid,0.7583386498111434,0.7236147007013985
1527690,2026,7,3,1,24.0,9.36,7.1875,1,9,terminal_mid,0.7535019297992498,0.7190838381104449
1527690,2026,7,4,1,24.0,9.405405405405405,6.545000000000016,1,9,terminal_mid,0.7535114243737153,0.7190927170960174
1527690,2026,7,5,1,24.0,9.45205479452055,5.902500000000003,1,9,terminal_mid,0.7526380967816143,0.7182762593460842
1527690,2026,7,6,1,24.0,9.5,5.260000000000005,1,9,terminal_mid,0.748023535572907,0.7139703831251368
1527690,2026,7,7,1,24.0,9.549295774647888,4.617499999999993,1,9,terminal_mid,0.6939639580302466,0.6644336885812058
1527690,2026,7,8,1,24.0,9.514285714285714,4.9750000000000085,1,9,terminal_mid,0.7104221651629186,0.6793534494044794
1527690,2026,8,1,1,24.0,9.295774647887324,7.617499999999993,1,9,terminal_mid,0.7786706448754738,0.7497429543222554
1527690,2026,8,2,1,24.0,9.342857142857143,6.9750000000000085,1,9,terminal_mid,0.7814864381142563,0.7524410353825813
1527690,2026,8,3,1,24.0,9.391304347826088,6.332499999999996,1,9,terminal_mid,0.7813230061320571,0.7522842915881383
1527690,2026,8,4,1,24.0,9.441176470588236,5.689999999999998,1,9,terminal_mid,0.7714315517592579,0.7428301425689512
1527690,2026,8,5,1,24.0,9.223880597014926,8.047500000000014,1,9,terminal_mid,0.8125420121190475,0.7825734701086688
1527690,2026,8,6,1,24.0,9.363636363636363,-5.639999999999986,2,8,terminal_mid,0.6688841383710489,0.6478092337697523
1527690,2026,8,7,1,24.0,9.415384615384616,-6.099999999999994,2,8,terminal_mid,0.5926108497081416,0.5794927377890235
1527690,2026,9,1,1,24.0,9.415384615384616,-6.099999999999994,2,8,terminal_mid,0.5981664007586387,0.5893139225253698
1527690,2026,9,2,1,24.0,9.46875,-6.559999999999988,2,8,terminal_mid,0.5956586540840753,0.5871615972815197
1527690,2026,9,3,1,24.0,9.523809523809524,-7.019999999999996,2,8,terminal_mid,0.5750670233477506,0.5695216594336932
1527690,2026,9,4,1,24.0,9.580645161290322,-7.47999999999999,2,8,terminal_mid,0.570763455004849,0.5658414873101683
1527690,2026,9,5,1,24.0,9.639344262295083,-7.939999999999998,2,8,terminal_mid,0.5770817420315736,0.5712452289153501
1527690,2026,9,6,1,24.0,9.600000000000001,-7.400000000000006,2,8,terminal_mid,0.6182448831135448,0.6065851443544904
1527690,2026,10,1,1,24.0,9.35593220338983,-4.860000000000014,2,8,terminal_mid,0.7147995558726132,0.704186430769451
1527690,2026,10,2,1,24.0,9.517241379310345,-16.905,3,7,terminal_mid,0.40463906493045276,0.4253165769029134
1527690,2026,10,3,1,24.0,9.578947368421053,-17.182500000000005,3,7,terminal_mid,0.39514855820208317,0.4166861792223509
1527690,2026,10,4,1,24.0,9.642857142857142,-17.460000000000008,3,7,terminal_mid,0.3872205658511371,0.4094608259622074
1527690,2026,10,5,1,24.0,9.818181818181818,-18.73750000000001,3,7,terminal_mid,0.3808909586826909,0.40368122943094986
1527690,2026,10,6,1,24.0,9.333333333333334,-14.015000000000015,3,7,terminal_mid,0.45957462406593097,0.47493545244470925
1527690,2026,11,1,1,24.0,9.39622641509434,-14.292500000000018,3,7,terminal_mid,0.4522008627655283,0.4744228029788719
1527690,2026,11,2,1,24.0,9.461538461538462,-14.569999999999993,3,7,terminal_mid,0.48395335365756686,0.5035578322889624
1527690,2026,11,3,1,24.0,9.529411764705882,-14.847499999999997,3,7,terminal_mid,0.4718251036032557,0.4924483575629147
1527690,2026,11,4,1,24.0,9.600000000000001,-15.124999999999972,3,7,terminal_mid,0.4782273666484788,0.49831555713177933
1527690,2026,11,5,1,24.0,9.061224489795919,-10.402499999999975,3,7,terminal_mid,0.5682157660316176,0.5802873253105629
1527690,2026,11,6,1,24.0,8.75,-7.680000000000007,3,7,terminal_mid,0.6693429322067193,0.6720893914090049
1527690,2026,12,1,1,24.0,8.936170212765957,-8.95750000000001,3,7,terminal_mid,0.6400995195163599,0.6399002724116798
1527690,2026,12,2,1,24.0,9.0,-9.235000000000014,3,7,terminal_mid,0.6213241958717566,0.6224350983119433
1527690,2026,12,3,1,24.0,9.200000000000001,-10.512500000000017,3,7,terminal_mid,0.5794606809907703,0.5835561244306766
1527690,2026,12,4,1,24.0,9.272727272727273,-10.79000000000002,3,7,terminal_mid,0.5704287269098129,0.5751737262379218
1527690,2026,12,5,1,24.0,9.348837209302326,-11.067500000000024,3,7,terminal_mid,0.5507206904602411,0.5568830088432515
1527690,2026,12,6,1,24.0,9.428571428571429,-11.344999999999999,3,7,terminal_mid,0.5328111029361482,0.5402560081176132
1527690,2026,13,1,1,24.0,9.658536585365855,-12.622500000000002,3,7,terminal_mid,0.5262173414763042,0.5279904662695931
1527690,2026,13,2,1,24.0,9.3,-9.900000000000006,3,7,terminal_mid,0.6000560838810798,0.5985666599821822
1527690,2026,13,3,1,24.0,9.384615384615385,-10.17749999999998,3,7,terminal_mid,0.5660135379614228,0.5660137020337177
1527690,2026,13,4,1,24.0,9.631578947368421,-11.454999999999984,3,7,terminal_mid,0.5458300839789856,0.5467276253198426
1527690,2026,13,5,1,24.0,9.72972972972973,-11.732500000000016,3,7,terminal_mid,0.5405828197724818,0.5417144870736262
1527690,2026,13,6,1,24.0,9.833333333333332,-12.01000000000002,3,7,terminal_mid,0.5335218923752747,0.5349688304801034
1527690,2026,14,1,1,24.0,9.942857142857143,-12.287500000000023,3,7,terminal_mid,0.5270045853166057,0.5271692425183087
1527690,2026,14,2,1,24.0,10.058823529411764,-12.565000000000026,3,7,terminal_mid,0.5216823531319491,0.5220719276025632
1527690,2026,14,3,1,24.0,10.363636363636363,-13.842500000000001,3,7,terminal_mid,0.5100080766428285,0.5108912849375261
1527690,2026,14,4,1,24.0,9.5625,-9.120000000000005,3,7,terminal_mid,0.5986170146776437,0.5958154171510652
1527690,2026,14,5,1,24.0,9.096774193548388,-6.3974999999999795,3,7,terminal_mid,0.7753924468825062,0.7670881835210442
1527690,2026,14,6,1,24.0,8.2,-1.674999999999983,3,7,terminal_mid,0.9098431321631806,0.901975585665744
1527690,2026,15,1,1,24.0,8.482758620689655,-2.9524999999999864,3,7,terminal_mid,0.8869536123422039,0.8799917523925301
1527690,2026,15,2,1,24.0,8.571428571428571,-3.2299999999999898,3,7,terminal_mid,0.8811449767318662,0.874090578882256
1527690,2026,15,3,1,24.0,8.666666666666666,-3.507499999999993,3,7,terminal_mid,0.8811604604799931,0.874106291711015
1527690,2026,15,4,1,24.0,8.076923076923077,-0.785000000000025,3,7,terminal_mid,0.9145910949000802,0.9082711120588716
1527690,2026,15,5,1,24.0,6.959999999999999,3.9375,3,7,terminal_mid,0.9365325233910777,0.9310112054216773
1527690,2026,15,6,1,24.0,7.25,2.6599999999999966,3,7,terminal_mid,0.9389040947326817,0.9334879373624658
1527690,2026,15,7,1,24.0,6.0,7.382499999999993,3,7,terminal_mid,0.9454254241072824,0.9403203782917255
1527691,2026,7,1,0,46.176470588235304,10.909090909090908,-43.77666666666666,3,7,terminal_mid,0.2878721423181346,0.31009437707148013
1527691,2026,7,2,0,46.176470588235304,11.052631578947368,-45.01333333333332,3,7,terminal_mid,0.28313777208443,0.305841220596159
1527691,2026,7,3,0,46.176470588235304,11.12,-45.25,3,7,terminal_mid,0.2770213217553065,0.30033173346003833
1527691,2026,7,4,0,46.176470588235304,11.18918918918919,-45.48666666666668,3,7,terminal_mid,0.2723716742525424,0.29613196495480076
1527691,2026,7,5,0,46.176470588235304,11.26027397260274,-45.72333333333334,3,7,terminal_mid,0.27209614558860823,0.29588277448238237
1527691,2026,7,6,0,46.176470588235304,11.416666666666666,-46.96000000000001,3,7,terminal_mid,0.2777006279326421,0.30094446872469516
1527691,2026,7,7,0,46.176470588235304,11.577464788732396,-60.74000000000001,4,6,terminal_mid,0.12053307300499794,0.15061995091939875
1527691,2026,8,1,0,46.176470588235304,11.492957746478872,-59.74000000000001,4,6,terminal_mid,0.13072497526438975,0.15780045993131697
1527691,2026,8,2,0,46.176470588235304,11.571428571428571,-59.79999999999998,4,6,terminal_mid,0.13289123868301123,0.16002521737062358
1527691,2026,8,3,0,46.176470588235304,11.652173913043478,-59.860000000000014,4,6,terminal_mid,0.13373775851806827,0.16089304130472892
1527691,2026,8,4,0,46.176470588235304,11.735294117647058,-59.920000000000016,4,6,terminal_mid,0.137232815022311,0.16446698954596842
1527691,2026,8,5,0,46.176470588235304,11.82089552238806,-59.98000000000002,4,6,terminal_mid,0.13714887071722015,0.16438131937829628
1527691,2026,8,6,0,46.176470588235304,11.90909090909091,-60.03999999999999,4,6,terminal_mid,0.1296988882277712,0.15674464602619206
1527691,2026,9,1,0,46.176470588235304,12.092307692307692,-61.10000000000002,4,6,terminal_mid,0.13081492802565162,0.16901244452612316
1527691,2026,9,2,0,46.176470588235304,12.1875,-61.16,4,6,terminal_mid,0.1304581715358313,0.16863663422905
1527691,2026,9,3,0,46.176470588235304,12.285714285714285,-61.22,4,6,terminal_mid,0.13835158201137282,0.17690471285186773
1527691,2026,9,4,0,46.176470588235304,12.483870967741936,-62.28,4,6,terminal_mid,0.13504068482108933,0.17344847197190183
1527691,2026,9,5,0,46.176470588235304,12.098360655737704,-57.34,4,6,terminal_mid,0.20244600324087467,0.24103695526632896
1527691,2026,9,6,0,46.176470588235304,12.2,-57.39999999999998,4,6,terminal_mid,0.20980633542553762,0.24812244563965594
1527691,2026,10,1,0,46.176470588235304,12.406779661016948,-58.46000000000001,4,6,terminal_mid,0.21057257874506854,0.24262758095226508
1527691,2026,10,2,0,46.176470588235304,12.620689655172413,-59.51999999999998,4,6,terminal_mid,0.20536572356572208,0.23746494803798424
1527691,2026,10,3,0,46.176470588235304,12.736842105263158,-59.58000000000001,4,6,terminal_mid,0.20398670904268626,0.23609437657929044
1527691,2026,10,4,0,46.176470588235304,12.75,-58.639999999999986,4,6,terminal_mid,0.21369191048544184,0.24571125553363057
1527691,2026,10,5,0,46.176470588235304,12.872727272727273,-58.70000000000002,4,6,terminal_mid,0.2109965323202081,0.24304708688552285
1527691,2026,10,6,0,46.176470588235304,12.444444444444443,-53.75999999999999,4,6,terminal_mid,0.3109473871151795,0.339031299380162
1527691,2026,10,7,0,46.176470588235304,12.566037735849058,-53.82000000000002,4,6,terminal_mid,0.3048554879482072,0.3333198707630017
1527691,2026,10,8,0,46.176470588235304,12.346153846153845,-50.879999999999995,4,6,terminal_mid,0.3264974254312912,0.35354523775684255
1527691,2026,11,1,0,46.176470588235304,12.0,-48.82000000000002,4,6,terminal_mid,0.33935367263181415,0.36909619229098606
1527691,2026,11,2,0,46.176470588235304,12.115384615384615,-48.879999999999995,4,6,terminal_mid,0.3347521371711202,0.36472298205889414
1527691,2026,11,3,0,46.176470588235304,12.235294117647058,-48.94,4,6,terminal_mid,0.33589871110879355,0.36581336050442864
1527691,2026,11,4,0,46.176470588235304,12.24,-48.0,4,6,terminal_mid,0.368109784557246,0.3962655195521295
1527691,2026,11,5,0,46.176470588235304,11.755102040816325,-43.06,4,6,terminal_mid,0.40659227554618693,0.432242874117474
1527691,2026,11,6,0,46.176470588235304,11.75,-42.120000000000005,4,6,terminal_mid,0.4132695831515021,0.4384466286146089
1527691,2026,11,7,0,46.176470588235304,11.74468085106383,-41.18000000000001,4,6,terminal_mid,0.4282428671240825,0.4523208241353883
1527691,2026,12,1,0,46.176470588235304,11.74468085106383,-41.18000000000001,4,6,terminal_mid,0.4327869485056781,0.4470278683211541
1527691,2026,12,2,0,46.176470588235304,12.0,-50.366666666666674,5,5,terminal_mid,0.2834987403923737,0.3049478766732808
1527691,2026,12,3,0,46.176470588235304,12.133333333333333,-50.25,5,5,terminal_mid,0.21429211652780758,0.23683235362701746
1527691,2026,12,4,0,46.176470588235304,12.272727272727273,-50.133333333333326,5,5,terminal_mid,0.22759190340874755,0.2500778941873512
1527691,2026,12,5,0,46.176470588235304,11.720930232558139,-45.01666666666665,5,5,terminal_mid,0.377328618635637,0.39481267476351545
1527691,2026,12,6,0,46.176470588235304,11.857142857142858,-44.89999999999998,5,5,terminal_mid,0.39115419995118306,0.4078794462838037
1527691,2026,13,1,0,46.176470588235304,12.0,-44.78333333333333,5,5,terminal_mid,0.38763034881568753,0.39525509694116323
1527691,2026,13,2,0,46.176470588235304,12.0,-43.666666666666686,5,5,terminal_mid,0.41732762775167376,0.4237947819871316
1527691,2026,13,3,0,46.176470588235304,11.692307692307692,-40.55000000000001,5,5,terminal_mid,0.46471633131866,0.46920177544923225
1527691,2026,13,4,0,46.176470588235304,11.842105263157894,-40.43333333333334,5,5,terminal_mid,0.45895047679603695,0.4636838845793184
1527691,2026,13,5,0,46.176470588235304,12.162162162162163,-41.31666666666666,5,5,terminal_mid,0.38264549345236387,0.3904564837728508
1527691,2026,13,6,0,46.176470588235304,12.5,-42.19999999999999,5,5,terminal_mid,0.36224920851183445,0.37079449039673934
1527691,2026,14,1,0,46.176470588235304,12.685714285714287,-42.083333333333314,5,5,terminal_mid,0.35813848866257403,0.3650291733356263
1527691,2026,14,2,0,46.176470588235304,12.352941176470587,-38.96666666666667,5,5,terminal_mid,0.41570414448830273,0.4204710220596244
1527691,2026,14,3,0,46.176470588235304,12.727272727272727,-39.85000000000002,5,5,terminal_mid,0.3959298132959955,0.40145699516052363
1527691,2026,14,4,0,46.176470588235304,12.0,-34.73333333333335,5,5,terminal_mid,0.5049991320904986,0.5060940612822976
1527691,2026,14,5,0,46.176470588235304,12.387096774193548,-41.093333333333334,6,4,terminal_mid,0.27177779986343736,0.28114373180179
1527691,2026,14,6,0,46.176470588235304,12.0,-37.80000000000001,6,4,terminal_mid,0.331822384345611,0.3395756585481059
1527691,2026,15,1,0,46.176470588235304,12.413793103448278,-38.50666666666666,6,4,terminal_mid,0.3295425881305565,0.33563997767967796
1527691,2026,15,2,0,46.176470588235304,12.857142857142858,-39.21333333333331,6,4,terminal_mid,0.3205311153758661,0.32685320169167814
1527691,2026,15,3,0,46.176470588235304,13.11111111111111,-38.920000000000016,6,4,terminal_mid,0.3183455563486101,0.32472081355806454
1527691,2026,15,4,0,46.176470588235304,13.615384615384615,-44.22,7,3,terminal_mid,0.09463011834733479,0.1017667426236831
1527691,2026,15,5,0,46.176470588235304,13.919999999999998,-43.75,7,3,terminal_mid,0.12591625295306644,0.13377884208485233
1527691,2026,15,6,0,46.176470588235304,14.25,-43.28,7,3,terminal_mid,0.13316636640667817,0.14114056573814537
1527692,2026,7,1,1,-12.090909090909093,7.870129870129871,-5.289999999999992,1,9,terminal_mid,0.8221488301708777,0.7850863505999915
1527692,2026,7,2,1,-12.090909090909093,7.894736842105264,-5.52000000000001,1,9,terminal_mid,0.8193407355543865,0.7823042320913853
1527692,2026,7,3,1,-12.090909090909093,7.92,-5.75,1,9,terminal_mid,0.8130517464058102,0.7761024654334132
1527692,2026,7,4,1,-12.090909090909093,7.945945945945946,-5.97999999999999,1,9,terminal_mid,0.8094305686097938,0.7725491804714291
1527692,2026,7,5,1,-12.090909090909093,7.972602739726027,-6.210000000000008,1,9,terminal_mid,0.8016207617765356,0.7649279484591063
1527692,2026,7,6,1,-12.090909090909093,8.0,-6.439999999999998,1,9,terminal_mid,0.8041806113977868,0.7674197742453893
1527692,2026,8,1,1,-12.090909090909093,7.774647887323944,-3.6700000000000017,1,9,terminal_mid,0.8380915180462367,0.8079561522078256
1527692,2026,8,2,1,-12.090909090909093,7.800000000000001,-3.8999999999999915,1,9,terminal_mid,0.8397249794943562,0.8095998275042202
1527692,2026,8,3,1,-12.090909090909093,7.565217391304348,-1.1300000000000097,1,9,terminal_mid,0.8628065149675654,0.83313097355265
1527692,2026,8,4,1,-12.090909090909093,7.6764705882352935,-2.3599999999999994,1,9,terminal_mid,0.8527387733050342,0.8227942181254251
1527692,2026,8,5,1,-12.090909090909093,7.791044776119403,-3.589999999999989,1,9,terminal_mid,0.8487035003595262,0.8186835533227773
1527692,2026,8,6,1,-12.090909090909093,7.909090909090908,-4.819999999999979,1,9,terminal_mid,0.8353004732076335,0.8051537963647589
1527692,2026,9,1,1,-12.090909090909093,8.03076923076923,-6.049999999999997,1,9,terminal_mid,0.8266694803663601,0.7947583781037133
1527692,2026,9,2,1,-12.090909090909093,8.0625,-6.280000000000001,1,9,terminal_mid,0.8212462131145842,0.7895095057271913
1527692,2026,9,3,1,-12.090909090909093,8.0,-5.509999999999991,1,9,terminal_mid,0.8363103306575446,0.8041642113064158
1527692,2026,9,4,1,-12.090909090909093,8.129032258064516,-6.739999999999981,1,9,terminal_mid,0.8233001640511779,0.7914939556872786
1527692,2026,9,5,1,-12.090909090909093,8.163934426229508,-6.969999999999999,1,9,terminal_mid,0.8218604345740558,0.7901025076812013
1527692,2026,9,6,1,-12.090909090909093,7.9,-4.200000000000003,1,9,terminal_mid,0.8565888572777873,0.8242936391687807
1527692,2026,9,7,1,-12.090909090909093,8.033898305084746,-5.429999999999993,1,9,terminal_mid,0.8356766864940517,0.8035429511663532
1527692,2026,10,1,1,-12.090909090909093,8.033898305084746,-5.429999999999993,1,9,terminal_mid,0.8414108092840722,0.8232781468366428
1527692,2026,10,2,1,-12.090909090909093,8.068965517241379,-5.659999999999997,1,9,terminal_mid,0.8384616254868519,0.8204026611263984
1527692,2026,10,3,1,-12.090909090909093,8.210526315789474,-6.890000000000001,1,9,terminal_mid,0.825003572338227,0.8073605966008922
1527692,2026,10,4,1,-12.090909090909093,8.142857142857142,-6.11999999999999,1,9,terminal_mid,0.8321535991244484,0.8142737466364853
1527692,2026,10,5,1,-12.090909090909093,7.8545454545454545,-3.3500000000000085,1,9,terminal_mid,0.8671856483610771,0.8487098157120918
1527692,2026,10,6,1,-12.090909090909093,7.888888888888889,-3.5799999999999983,1,9,terminal_mid,0.8638904324395491,0.8454260723451462
1527692,2026,11,1,1,-12.090909090909093,7.924528301886792,-3.8100000000000023,1,9,terminal_mid,0.86569762578657,0.8552665616574743
1527692,2026,11,2,1,-12.090909090909093,7.961538461538462,-4.039999999999992,1,9,terminal_mid,0.8662514611814631,0.8558057425536402
1527692,2026,11,3,1,-12.090909090909093,7.882352941176471,-3.269999999999996,1,9,terminal_mid,0.8698206274351261,0.8592855854758629
1527692,2026,11,4,1,-12.090909090909093,7.5600000000000005,-0.5,1,9,terminal_mid,0.9165351202855125,0.9058130942156315
1527692,2026,11,5,1,-12.090909090909093,7.224489795918368,2.269999999999996,1,9,terminal_mid,0.9541588169094368,0.9452238938608727
1527692,2026,11,6,1,-12.090909090909093,6.875,5.0400000000000205,1,9,terminal_mid,0.9808891497783545,0.9752362377941339
1527692,2026,12,1,1,-12.090909090909093,7.0212765957446805,3.8100000000000023,1,9,terminal_mid,0.967375949593202,0.9605932544180752
1527692,2026,12,2,1,-12.090909090909093,7.043478260869566,3.5799999999999983,1,9,terminal_mid,0.9651840832152176,0.958152937650167
1527692,2026,12,3,1,-12.090909090909093,7.066666666666666,3.3500000000000085,1,9,terminal_mid,0.9630309719013724,0.9557677740422128
1527692,2026,12,4,1,-12.090909090909093,6.681818181818182,6.11999999999999,1,9,terminal_mid,0.9849661252428479,0.9807615914056853
1527692,2026,12,5,1,-12.090909090909093,6.697674418604651,5.890000000000001,1,9,terminal_mid,0.9847253332989068,0.9804762154815947
1527692,2026,12,6,1,-12.090909090909093,6.571428571428572,6.659999999999997,1,9,terminal_mid,0.9870198655226232,0.9832103827229295
1527692,2026,12,7,1,-12.090909090909093,6.439024390243903,7.429999999999993,1,9,terminal_mid,0.9883236173082776,0.9847799529492498
1527692,2026,13,1,1,-12.090909090909093,6.439024390243903,7.429999999999993,1,9,terminal_mid,0.9884145295926514,0.9860913340210581
1527692,2026,13,2,1,-12.090909090909093,6.6000000000000005,6.200000000000003,1,9,terminal_mid,0.9875090287415089,0.9850567373954376
1527692,2026,13,3,1,-12.090909090909093,6.615384615384616,5.969999999999999,1,9,terminal_mid,0.9872816608297901,0.9847975345438628
1527692,2026,13,4,1,-12.090909090909093,6.631578947368421,5.739999999999981,1,9,terminal_mid,0.9868798983468677,0.9843400662024628
1527692,2026,13,5,1,-12.090909090909093,6.162162162162161,8.51000000000002,1,9,terminal_mid,0.9914084873202467,0.9895419106834471
1527692,2026,13,6,1,-12.090909090909093,6.166666666666666,8.280000000000001,1,9,terminal_mid,0.9910976693262066,0.9891813044216833
1527692,2026,14,1,1,-12.090909090909093,6.342857142857143,7.049999999999997,1,9,terminal_mid,0.9894904931215169,0.987361642343164
1527692,2026,14,2,1,-12.090909090909093,6.529411764705882,5.820000000000007,1,9,terminal_mid,0.9881147494858089,0.9857850182038421
1527692,2026,14,3,1,-12.090909090909093,6.727272727272727,4.590000000000003,1,9,terminal_mid,0.9780220864194138,0.9744320719011994
1527692,2026,14,4,1,-12.090909090909093,6.75,4.359999999999999,1,9,terminal_mid,0.9778653666020638,0.9742581187815198
1527692,2026,14,5,1,-12.090909090909093,6.967741935483872,-1.106666666666655,2,8,terminal_mid,0.9587880630825001,0.9534401647339037
1527692,2026,14,6,1,-12.090909090909093,7.0,-1.200000000000017,2,8,terminal_mid,0.9544328002364331,0.948765952087431
1527692,2026,15,1,1,-12.090909090909093,7.241379310344827,-2.2933333333333223,2,8,terminal_mid,0.9440093079984486,0.9388338567486614
1527692,2026,15,2,1,-12.090909090909093,7.285714285714285,-2.386666666666656,2,8,terminal_mid,0.9413959862904329,0.9360948111922298
1527692,2026,15,3,1,-12.090909090909093,6.666666666666667,0.5200000000000102,2,8,terminal_mid,0.9691755020361952,0.9655381955573096
1527692,2026,15,4,1,-12.090909090909093,6.9230769230769225,-4.126666666666665,3,7,terminal_mid,0.9422884094190174,0.9370295653672118
1527692,2026,15,5,1,-12.090909090909093,6.959999999999999,-4.083333333333314,3,7,terminal_mid,0.9353853637276952,0.9298146271646347
1527692,2026,15,6,1,-12.090909090909093,7.25,-5.039999999999992,3,7,terminal_mid,0.9192185849113929,0.9130430697939736
1527693,2026,7,1,0,62.358490566037744,13.168831168831169,-44.79999999999998,2,8,terminal_mid,0.043235422026982835,0.06393805327195594
1527693,2026,7,2,0,62.358490566037744,13.342105263157896,-46.39999999999999,2,8,terminal_mid,0.04665520626954437,0.06816454695135146
1527693,2026,7,3,0,62.358490566037744,13.440000000000001,-47.0,2,8,terminal_mid,0.04337752342899653,0.06411478872730911
1527693,2026,7,4,0,62.358490566037744,13.54054054054054,-47.59999999999998,2,8,terminal_mid,0.04136823299017155,0.0616064106502628
1527693,2026,7,5,0,62.358490566037744,13.726027397260273,-63.80000000000001,3,7,terminal_mid,0.01746567824993539,0.029712714375040486
1527693,2026,7,6,0,62.358490566037744,13.416666666666668,-59.20000000000002,3,7,terminal_mid,0.024421211982142033,0.03948037266954364
1527693,2026,8,1,0,62.358490566037744,13.43661971830986,-58.60000000000002,3,7,terminal_mid,0.025132490486016464,0.03822240430641037
1527693,2026,8,2,0,62.358490566037744,13.542857142857143,-59.0,3,7,terminal_mid,0.02488711084086175,0.037898454924614286
1527693,2026,8,3,0,62.358490566037744,13.652173913043477,-59.400000000000006,3,7,terminal_mid,0.02395903783530168,0.03666909705450852
1527693,2026,8,4,0,62.358490566037744,13.852941176470587,-60.80000000000001,3,7,terminal_mid,0.02347532801556211,0.03602571257730978
1527693,2026,8,5,0,62.358490566037744,13.970149253731343,-61.19999999999999,3,7,terminal_mid,0.024625579470577273,0.03755268545067081
1527693,2026,8,6,0,62.358490566037744,14.181818181818183,-62.599999999999994,3,7,terminal_mid,0.021879627496445207,0.03388981593980775
1527693,2026,9,1,0,62.358490566037744,14.03076923076923,-60.0,3,7,terminal_mid,0.02798633934877859,0.047303769439791823
1527693,2026,9,2,0,62.358490566037744,13.875,-57.400000000000006,3,7,terminal_mid,0.03165052854587849,0.05242183550004802
1527693,2026,9,3,0,62.358490566037744,14.095238095238095,-58.80000000000001,3,7,terminal_mid,0.029721010060080207,0.04974071277425631
1527693,2026,9,4,0,62.358490566037744,14.225806451612904,-59.19999999999999,3,7,terminal_mid,0.02870021284838802,0.04830980782808771
1527693,2026,9,5,0,62.358490566037744,14.065573770491804,-56.60000000000002,3,7,terminal_mid,0.036458197736487744,0.05897931374761695
1527693,2026,9,6,0,62.358490566037744,14.2,-57.0,3,7,terminal_mid,0.03388074431121012,0.05548459485488948
1527693,2026,10,1,0,62.358490566037744,14.033898305084746,-54.400000000000006,3,7,terminal_mid,0.04025740863022764,0.05762404962692515
1527693,2026,10,2,0,62.358490566037744,14.275862068965518,-55.79999999999998,3,7,terminal_mid,0.03824200682138193,0.05507954000344327
1527693,2026,10,3,0,62.358490566037744,14.105263157894738,-53.19999999999999,3,7,terminal_mid,0.04606407728235216,0.06486368168290768
1527693,2026,10,4,0,62.358490566037744,14.357142857142858,-54.599999999999994,3,7,terminal_mid,0.04089540735471176,0.05842598993182461
1527693,2026,10,5,0,62.358490566037744,14.509090909090908,-55.0,3,7,terminal_mid,0.03993858281258216,0.05722266642485444
1527693,2026,10,6,0,62.358490566037744,14.777777777777777,-56.400000000000006,3,7,terminal_mid,0.035459482399096826,0.05153712259713391
1527693,2026,11,1,0,62.358490566037744,14.60377358490566,-53.80000000000001,3,7,terminal_mid,0.03891799535005007,0.054238782422841726
1527693,2026,11,2,0,62.358490566037744,14.884615384615385,-55.19999999999999,3,7,terminal_mid,0.03529147285945815,0.04966748508686272
1527693,2026,11,3,0,62.358490566037744,15.058823529411764,-55.599999999999994,3,7,terminal_mid,0.03190049729636093,0.04534616719316112
1527693,2026,11,4,0,62.358490566037744,15.120000000000001,-54.99999999999997,3,7,terminal_mid,0.03406847434451277,0.0481144119528463
1527693,2026,11,5,0,62.358490566037744,15.42857142857143,-56.39999999999998,3,7,terminal_mid,0.030621543613732923,0.043703584747371675
1527693,2026,11,6,0,62.358490566037744,15.25,-53.79999999999998,3,7,terminal_mid,0.036506574188221175,0.05120468201463585
1527693,2026,12,1,0,62.358490566037744,15.446808510638297,-54.19999999999999,3,7,terminal_mid,0.03326191428458741,0.043236286766674716
1527693,2026,12,2,0,62.358490566037744,15.652173913043478,-54.599999999999994,3,7,terminal_mid,0.030597613372968086,0.04003507310501571
1527693,2026,12,3,0,62.358490566037744,16.0,-65.0,4,6,terminal_mid,0.013206218507870363,0.018420919274901474
1527693,2026,12,4,0,62.358490566037744,16.227272727272727,-65.20000000000002,4,6,terminal_mid,0.013917221311976516,0.019337144232032297
1527693,2026,12,5,0,62.358490566037744,16.46511627906977,-65.4,4,6,terminal_mid,0.013603540951569048,0.018933387754389713
1527693,2026,12,6,0,62.358490566037744,16.857142857142854,-66.60000000000002,4,6,terminal_mid,0.011339862706543646,0.015996878836392957
1527693,2026,12,7,0,62.358490566037744,17.121951219512194,-66.80000000000001,4,6,terminal_mid,0.010419321702772783,0.014790128066040218
1527693,2026,13,1,0,62.358490566037744,16.975609756097562,-65.80000000000001,4,6,terminal_mid,0.011396655843716075,0.014013775732861965
1527693,2026,13,2,0,62.358490566037744,16.799999999999997,-63.0,4,6,terminal_mid,0.013694076585069482,0.016694083877545805
1527693,2026,13,3,0,62.358490566037744,17.076923076923077,-63.19999999999999,4,6,terminal_mid,0.012809543556606521,0.015664975740484696
1527693,2026,13,4,0,62.358490566037744,16.57894736842105,-58.400000000000006,4,6,terminal_mid,0.016677783213337224,0.020142325654404828
1527693,2026,13,5,0,62.358490566037744,16.864864864864867,-58.599999999999994,4,6,terminal_mid,0.015269636624100451,0.018519153310030404
1527693,2026,13,6,0,62.358490566037744,17.166666666666668,-58.80000000000001,4,6,terminal_mid,0.01515280018702352,0.01838414826073372
1527693,2026,14,1,0,62.358490566037744,17.485714285714284,-59.0,4,6,terminal_mid,0.01401999695254183,0.01681695779409412
1527693,2026,14,2,0,62.358490566037744,17.647058823529413,-58.20000000000002,4,6,terminal_mid,0.015120411373858372,0.018075333072408682
1527693,2026,14,3,0,62.358490566037744,17.454545454545453,-55.39999999999998,4,6,terminal_mid,0.018540472999846517,0.021959936829873572
1527693,2026,14,4,0,62.358490566037744,18.0,-56.599999999999994,4,6,terminal_mid,0.016124611146432224,0.019219897444197647
1527693,2026,14,5,0,62.358490566037744,18.58064516129032,-64.0,5,5,terminal_mid,0.0070807164715429175,0.008754440038716449
1527693,2026,14,6,0,62.358490566037744,19.0,-64.0,5,5,terminal_mid,0.0067979808954823865,0.008419885939745318
1527693,2026,14,7,0,62.358490566037744,19.448275862068964,-64.0,5,5,terminal_mid,0.006172924042950862,0.007678004972119633
1527693,2026,15,1,0,62.358490566037744,18.206896551724135,-58.0,5,5,terminal_mid,0.010616150110786926,0.01242023400376286
1527693,2026,15,2,0,62.358490566037744,18.642857142857142,-58.0,5,5,terminal_mid,0.009316957296155576,0.010951618265937796
1527693,2026,15,3,0,62.358490566037744,19.333333333333336,-64.4,6,4,terminal_mid,0.0036779310664161818,0.004468115343892062
1527693,2026,15,4,0,62.358490566037744,19.846153846153847,-64.19999999999999,6,4,terminal_mid,0.0033265861767142364,0.0040555405360027
1527693,2026,15,5,0,62.358490566037744,20.64,-65.0,6,4,terminal_mid,0.002936746782582775,0.0035959312255929043
1527693,2026,15,6,0,62.358490566037744,21.25,-64.79999999999998,6,4,terminal_mid,0.0025845552539278385,0.0031788437002167468
1527693,2026,15,7,0,62.358490566037744,21.913043478260867,-64.6,6,4,terminal_mid,0.002462504412689235,0.0030338459533312753
1529264,2026,7,1,0,25.42105263157896,12.857142857142858,-94.70000000000002,5,5,terminal_mid,0.022755584699157106,0.03718773607298121
1529264,2026,7,2,0,25.42105263157896,12.868421052631579,-93.6,5,5,terminal_mid,0.023641622324354686,0.03841059155885509
1529264,2026,7,3,0,25.42105263157896,13.04,-94.5,5,5,terminal_mid,0.020761541477105655,0.034406797248452685
1529264,2026,7,4,0,25.42105263157896,13.135135135135133,-94.4,5,5,terminal_mid,0.02076079603899448,0.03440574980333102
1529264,2026,7,5,0,25.42105263157896,13.315068493150685,-95.29999999999998,5,5,terminal_mid,0.013259175377926962,0.023508054670714963
1529264,2026,7,6,0,25.42105263157896,13.333333333333334,-94.19999999999999,5,5,terminal_mid,0.014104352390846845,0.024776944392797595
1529264,2026,7,7,0,25.42105263157896,13.43661971830986,-94.1,5,5,terminal_mid,0.013441947736210224,0.02378350231977589
1529264,2026,8,1,0,25.42105263157896,13.43661971830986,-94.1,5,5,terminal_mid,0.013584997100167705,0.022386771457130958
1529264,2026,8,2,0,25.42105263157896,13.542857142857143,-93.99999999999997,5,5,terminal_mid,0.01249126987917468,0.02080736262805693
1529264,2026,8,3,0,25.42105263157896,13.73913043478261,-94.9,5,5,terminal_mid,0.012658344499399165,0.02104979317565114
1529264,2026,8,4,0,25.42105263157896,13.852941176470587,-94.80000000000001,5,5,terminal_mid,0.012030405260240074,0.020136359759943406
1529264,2026,8,5,0,25.42105263157896,13.970149253731343,-94.69999999999999,5,5,terminal_mid,0.010206646374396191,0.017445745836548086
1529264,2026,8,6,0,25.42105263157896,14.090909090909092,-94.6,5,5,terminal_mid,0.011447216195143424,0.01928229919396624
1529264,2026,9,1,0,25.42105263157896,14.215384615384615,-94.50000000000003,5,5,terminal_mid,0.011478445542481702,0.022380706669333394
1529264,2026,9,2,0,25.42105263157896,14.34375,-94.4,5,5,terminal_mid,0.010813501669319691,0.021282198270203674
1529264,2026,9,3,0,25.42105263157896,14.476190476190474,-94.30000000000001,5,5,terminal_mid,0.009420090673940184,0.018943179426216504
1529264,2026,9,4,0,25.42105263157896,14.70967741935484,-95.20000000000002,5,5,terminal_mid,0.009211579722020143,0.018588486814798477
1529264,2026,9,5,0,25.42105263157896,14.852459016393443,-95.1,5,5,terminal_mid,0.009052101817308329,0.018316324254157967
1529264,2026,9,6,0,25.42105263157896,14.9,-94.0,5,5,terminal_mid,0.009285198358990995,0.01871386491554769
1529264,2026,9,7,0,25.42105263157896,15.050847457627118,-93.9,5,5,terminal_mid,0.008487164228239955,0.017345844442645697
1529264,2026,9,8,0,25.42105263157896,15.206896551724137,-93.79999999999998,5,5,terminal_mid,0.007357774656018002,0.015373443283681152
1529264,2026,10,1,0,25.42105263157896,14.949152542372882,-92.9,5,5,terminal_mid,0.00843081888120912,0.01443838283490526
1529264,2026,10,2,0,25.42105263157896,14.586206896551722,-87.79999999999998,5,5,terminal_mid,0.01123493253193033,0.01863822838932456
1529264,2026,10,3,0,25.42105263157896,14.736842105263158,-87.69999999999999,5,5,terminal_mid,0.010844107902472543,0.018060937079031003
1529264,2026,10,4,0,25.42105263157896,14.892857142857142,-87.6,5,5,terminal_mid,0.012020112456439127,0.01979102351939175
1529264,2026,10,5,0,25.42105263157896,14.727272727272727,-84.5,5,5,terminal_mid,0.012884525316911415,0.02104996592289144
1529264,2026,10,6,0,25.42105263157896,14.88888888888889,-84.4,5,5,terminal_mid,0.012677945101914393,0.020750030802426996
1529264,2026,11,1,0,25.42105263157896,15.169811320754716,-85.30000000000001,5,5,terminal_mid,0.012087487780568021,0.018840142737234923
1529264,2026,11,2,0,25.42105263157896,15.0,-82.19999999999999,5,5,terminal_mid,0.016955780140969712,0.025610115654510164
1529264,2026,11,3,0,25.42105263157896,14.823529411764707,-79.1,5,5,terminal_mid,0.024247466789379408,0.03540006690386108
1529264,2026,11,4,0,25.42105263157896,14.399999999999999,-74.0,5,5,terminal_mid,0.04474604320877342,0.06148775547817178
1529264,2026,11,5,0,25.42105263157896,14.693877551020408,-74.9,5,5,terminal_mid,0.04175790024378424,0.05778530986731757
1529264,2026,11,6,0,25.42105263157896,15.0,-75.80000000000001,5,5,terminal_mid,0.037567478096442265,0.05254218888378756
1529264,2026,12,1,0,25.42105263157896,15.063829787234042,-74.70000000000002,5,5,terminal_mid,0.053766343235017215,0.06723361950384737
1529264,2026,12,2,0,25.42105263157896,14.869565217391305,-71.6,5,5,terminal_mid,0.06591465618337315,0.08103518426691814
1529264,2026,12,3,0,25.42105263157896,15.066666666666666,-71.5,5,5,terminal_mid,0.06421734804684985,0.07912226707219436
1529264,2026,12,4,0,25.42105263157896,15.40909090909091,-72.4,5,5,terminal_mid,0.04459839371265184,0.0566286488253367
1529264,2026,12,5,0,25.42105263157896,15.209302325581396,-69.29999999999998,5,5,terminal_mid,0.05333124463424344,0.06673427678558272
1529264,2026,12,6,0,25.42105263157896,15.42857142857143,-69.19999999999999,5,5,terminal_mid,0.05133126446404863,0.06443413488204194
1529264,2026,13,1,0,25.42105263157896,15.658536585365855,-69.1,5,5,terminal_mid,0.04617009939855456,0.05303490372464847
1529264,2026,13,2,0,25.42105263157896,15.899999999999999,-69.0,5,5,terminal_mid,0.04932271683668011,0.05646459131254267
1529264,2026,13,3,0,25.42105263157896,16.153846153846153,-68.9,5,5,terminal_mid,0.040649575472055825,0.046997057687724414
1529264,2026,13,4,0,25.42105263157896,16.263157894736842,-67.80000000000001,5,5,terminal_mid,0.05006699544622091,0.05727245429796435
1529264,2026,13,5,0,25.42105263157896,16.54054054054054,-67.69999999999999,5,5,terminal_mid,0.044542101826795896,0.051258744215927805
1529264,2026,13,6,0,25.42105263157896,16.333333333333336,-64.6,5,5,terminal_mid,0.05754668373274677,0.06535499041599299
1529264,2026,13,7,0,25.42105263157896,16.628571428571426,-64.5,5,5,terminal_mid,0.03811988950777863,0.044215500047579424
1529264,2026,14,1,0,25.42105263157896,16.457142857142856,-63.5,5,5,terminal_mid,0.04147320957027127,0.047309643988233036
1529264,2026,14,2,0,25.42105263157896,16.941176470588236,-64.4,5,5,terminal_mid,0.023374903177775977,0.027393480609563606
1529264,2026,14,3,0,25.42105263157896,17.454545454545453,-65.30000000000001,5,5,terminal_mid,0.021299175291762534,0.02506795345469175
1529264,2026,14,4,0,25.42105263157896,17.25,-62.20000000000002,5,5,terminal_mid,0.024527230746900656,0.02868005804487625
1529264,2026,14,5,0,25.42105263157896,17.41935483870968,-61.099999999999994,5,5,terminal_mid,0.02476021290737787,0.02893981720185651
1529264,2026,14,6,0,25.42105263157896,18.0,-67.4,6,4,terminal_mid,0.024244344848458083,0.028364495963490395
1529264,2026,15,1,0,25.42105263157896,18.413793103448278,-67.12,6,4,terminal_mid,0.02334044042252774,0.026528016571163923
1529264,2026,15,2,0,25.42105263157896,18.857142857142858,-66.84,6,4,terminal_mid,0.01994979156725461,0.02280750832499008
1529264,2026,15,3,0,25.42105263157896,19.555555555555554,-72.41999999999999,7,3,terminal_mid,0.010767956540678457,0.012591381925184948
1529264,2026,15,4,0,25.42105263157896,20.307692307692307,-72.96000000000001,7,3,terminal_mid,0.00949748346810905,0.011156120881386547
1529264,2026,15,5,0,25.42105263157896,20.64,-71.5,7,3,terminal_mid,0.010190121956576018,0.011939431709854714
1529264,2026,15,6,0,25.42105263157896,20.0,-66.03999999999999,7,3,terminal_mid,0.013669114428849802,0.015846055783048128
1529265,2026,7,1,0,24.85714285714286,11.376623376623376,-46.43999999999998,2,8,terminal_mid,0.12402371541462111,0.15423299524978734
1529265,2026,7,2,0,24.85714285714286,11.447368421052632,-46.72,2,8,terminal_mid,0.11996640796308668,0.1500316532829626
1529265,2026,7,3,0,24.85714285714286,11.12,-42.0,2,8,terminal_mid,0.15944424420742973,0.1899596061369646
1529265,2026,7,4,0,24.85714285714286,11.108108108108109,-41.27999999999999,2,8,terminal_mid,0.1689024612911024,0.19924957993330433
1529265,2026,7,5,0,24.85714285714286,11.17808219178082,-41.56000000000002,2,8,terminal_mid,0.16193362749415827,0.19241385928532517
1529265,2026,7,6,0,24.85714285714286,11.25,-41.84,2,8,terminal_mid,0.1536889198451485,0.18425941068537394
1529265,2026,8,1,0,24.85714285714286,11.32394366197183,-42.11999999999999,2,8,terminal_mid,0.15304983572280664,0.18046877446620607
1529265,2026,8,2,0,24.85714285714286,10.971428571428572,-37.39999999999998,2,8,terminal_mid,0.20663389575055197,0.23294409170736927
1529265,2026,8,3,0,24.85714285714286,11.130434782608695,-38.68000000000001,2,8,terminal_mid,0.20461956199618012,0.2310122324213932
1529265,2026,8,4,0,24.85714285714286,10.764705882352942,-33.959999999999994,2,8,terminal_mid,0.25104164482280306,0.2748916567917812
1529265,2026,8,5,0,24.85714285714286,10.835820895522389,-34.23999999999998,2,8,terminal_mid,0.2543486526991572,0.27797155197828893
1529265,2026,8,6,0,24.85714285714286,10.636363636363637,-31.519999999999982,2,8,terminal_mid,0.30317759291387303,0.3228769542380262
1529265,2026,8,7,0,24.85714285714286,10.707692307692309,-31.799999999999997,2,8,terminal_mid,0.30330521217381734,0.32299307707381114
1529265,2026,9,1,0,24.85714285714286,10.615384615384615,-30.799999999999997,2,8,terminal_mid,0.30871403280761,0.3395391549749831
1529265,2026,9,2,0,24.85714285714286,10.6875,-31.079999999999984,2,8,terminal_mid,0.30426611939477216,0.33554972004759576
1529265,2026,9,3,0,24.85714285714286,10.857142857142858,-42.44000000000001,3,7,terminal_mid,0.16798157538708128,0.2071520313942543
1529265,2026,9,4,0,24.85714285714286,11.032258064516128,-43.56,3,7,terminal_mid,0.1863986209326894,0.22541262541677962
1529265,2026,9,5,0,24.85714285714286,11.114754098360656,-43.68000000000002,3,7,terminal_mid,0.1847836691792184,0.22382606265677527
1529265,2026,9,6,0,24.85714285714286,11.2,-43.80000000000001,3,7,terminal_mid,0.19061802948139805,0.2295452737276304
1529265,2026,10,1,0,24.85714285714286,11.288135593220339,-43.920000000000016,3,7,terminal_mid,0.1842751596372595,0.2163453526435025
1529265,2026,10,2,0,24.85714285714286,11.379310344827587,-44.03999999999999,3,7,terminal_mid,0.16291083901580372,0.19457406592196427
1529265,2026,10,3,0,24.85714285714286,11.473684210526315,-44.16,3,7,terminal_mid,0.1633124329273054,0.19498715539921246
1529265,2026,10,4,0,24.85714285714286,11.571428571428571,-44.28,3,7,terminal_mid,0.15550460952208875,0.18692759346627497
1529265,2026,10,5,0,24.85714285714286,11.781818181818181,-54.20000000000002,4,6,terminal_mid,0.09232162259848603,0.11904774238286349
1529265,2026,10,6,0,24.85714285714286,12.0,-63.80000000000001,5,5,terminal_mid,0.03804372096529124,0.054828253554984496
1529265,2026,11,1,0,24.85714285714286,12.113207547169813,-63.599999999999994,5,5,terminal_mid,0.03433611982440053,0.04845480703388657
1529265,2026,11,2,0,24.85714285714286,12.23076923076923,-63.400000000000006,5,5,terminal_mid,0.03496702561664859,0.049256056478993074
1529265,2026,11,3,0,24.85714285714286,12.352941176470587,-63.19999999999999,5,5,terminal_mid,0.03814114433225735,0.05326367423279948
1529265,2026,11,4,0,24.85714285714286,12.600000000000001,-64.0,5,5,terminal_mid,0.03436268076471195,0.04848857171933806
1529265,2026,11,5,0,24.85714285714286,12.73469387755102,-63.80000000000001,5,5,terminal_mid,0.03316442626783708,0.0469624554305813
1529265,2026,11,6,0,24.85714285714286,12.875,-63.60000000000002,5,5,terminal_mid,0.03442938530621391,0.048573354989603364
1529265,2026,12,1,0,24.85714285714286,13.148936170212766,-64.4,5,5,terminal_mid,0.03110149874181042,0.04064227264393915
1529265,2026,12,2,0,24.85714285714286,13.434782608695652,-65.19999999999999,5,5,terminal_mid,0.027403035195060554,0.03616505245503245
1529265,2026,12,3,0,24.85714285714286,13.733333333333333,-66.0,5,5,terminal_mid,0.025833410604816677,0.03424982740629319
1529265,2026,12,4,0,24.85714285714286,14.045454545454545,-66.80000000000001,5,5,terminal_mid,0.02290249513018797,0.030646997037357186
1529265,2026,12,5,0,24.85714285714286,14.372093023255813,-74.48000000000002,6,4,terminal_mid,0.00787796795395974,0.011413363266345723
1529265,2026,12,6,0,24.85714285714286,14.57142857142857,-74.12,6,4,terminal_mid,0.009207619856782708,0.013189022289418092
1529265,2026,13,1,0,24.85714285714286,14.926829268292682,-74.75999999999999,6,4,terminal_mid,0.008433652220955073,0.010516681773798185
1529265,2026,13,2,0,24.85714285714286,15.149999999999999,-74.4,6,4,terminal_mid,0.008034839619039003,0.01004183891345326
1529265,2026,13,3,0,24.85714285714286,15.384615384615387,-74.03999999999999,6,4,terminal_mid,0.007433388207417671,0.009323573909522768
1529265,2026,13,4,0,24.85714285714286,15.631578947368421,-73.68,6,4,terminal_mid,0.0069573856224486265,0.008753167423923599
1529265,2026,13,5,0,24.85714285714286,15.08108108108108,-68.32,6,4,terminal_mid,0.01154274894215183,0.01418495552989923
1529265,2026,13,6,0,24.85714285714286,15.5,-68.96000000000001,6,4,terminal_mid,0.009914009306461958,0.012270220880790335
1529265,2026,14,1,0,24.85714285714286,15.771428571428572,-68.6,6,4,terminal_mid,0.008943787659611888,0.010944887291439678
1529265,2026,14,2,0,24.85714285714286,16.058823529411764,-68.24000000000001,6,4,terminal_mid,0.008402871266182275,0.010311272759555078
1529265,2026,14,3,0,24.85714285714286,16.363636363636363,-67.88,6,4,terminal_mid,0.0076038614336219135,0.00937189298018475
1529265,2026,14,4,0,24.85714285714286,16.6875,-67.51999999999998,6,4,terminal_mid,0.006669878141703043,0.008268100069737416
1529265,2026,14,5,0,24.85714285714286,17.032258064516128,-67.16,6,4,terminal_mid,0.0066515870271034476,0.008246416717112052
1529265,2026,14,6,0,24.85714285714286,17.2,-65.80000000000001,6,4,terminal_mid,0.0066700966339338285,0.008268359066965046
1529265,2026,15,1,0,24.85714285714286,17.793103448275865,-66.44,6,4,terminal_mid,0.00574262559488856,0.0068676712987845116
1529265,2026,15,2,0,24.85714285714286,17.57142857142857,-63.079999999999984,6,4,terminal_mid,0.008531570658886028,0.010060166879406014
1529265,2026,15,3,0,24.85714285714286,16.88888888888889,-57.72,6,4,terminal_mid,0.014075555536659942,0.016299790702489353
1529265,2026,15,4,0,24.85714285714286,17.307692307692307,-57.360000000000014,6,4,terminal_mid,0.013055317704120339,0.015159856814603875
1529265,2026,15,5,0,24.85714285714286,18.0,-58.0,6,4,terminal_mid,0.009991769192795135,0.011715322039152277
1529265,2026,15,6,0,24.85714285714286,18.5,-57.639999999999986,6,4,terminal_mid,0.010105997527506282,0.01184440347919269
1529265,2026,15,7,0,24.85714285714286,19.043478260869563,-57.28,6,4,terminal_mid,0.009200224642488633,0.010819303531313537
1529266,2026,7,1,1,-46.52380952380952,6.311688311688312,4.315000000000005,1,9,terminal_mid,0.9628304329387848,0.9414451388175529
1529266,2026,7,2,1,-46.52380952380952,6.394736842105264,-6.026666666666657,2,8,terminal_mid,0.9225763836150835,0.8918484542565555
1529266,2026,7,3,1,-46.52380952380952,6.48,-7.0,2,8,terminal_mid,0.9070832709060586,0.8741709257481634
1529266,2026,7,4,1,-46.52380952380952,6.486486486486487,-6.973333333333329,2,8,terminal_mid,0.9098386361311135,0.8772716789754161
1529266,2026,7,5,1,-46.52380952380952,6.575342465753424,-7.9466666666666725,2,8,terminal_mid,0.9131094922684677,0.8809757631180573
1529266,2026,7,6,1,-46.52380952380952,6.583333333333334,-7.920000000000002,2,8,terminal_mid,0.9146273047681195,0.8827034496619598
1529266,2026,8,1,1,-46.52380952380952,6.67605633802817,-8.89333333333333,2,8,terminal_mid,0.9058530304015291,0.878880390180203
1529266,2026,8,2,1,-46.52380952380952,6.685714285714286,-8.866666666666646,2,8,terminal_mid,0.9129100332176809,0.8866734257740069
1529266,2026,8,3,1,-46.52380952380952,6.782608695652174,-9.840000000000003,2,8,terminal_mid,0.8994196857792314,0.871857542795148
1529266,2026,8,4,1,-46.52380952380952,6.352941176470589,-4.813333333333333,2,8,terminal_mid,0.9398446823283639,0.917443931183642
1529266,2026,8,5,1,-46.52380952380952,5.91044776119403,0.21333333333335247,2,8,terminal_mid,0.9675742291527035,0.9515267046219483
1529266,2026,8,6,1,-46.52380952380952,6.0,-0.7599999999999909,2,8,terminal_mid,0.9669484858561835,0.9507189779913338
1529266,2026,9,1,1,-46.52380952380952,6.0,-0.7333333333333343,2,8,terminal_mid,0.9701370134885998,0.9521029267344452
1529266,2026,9,2,1,-46.52380952380952,6.0,-0.7066666666666492,2,8,terminal_mid,0.9711760501753528,0.953501631126013
1529266,2026,9,3,1,-46.52380952380952,6.0,-0.6799999999999926,2,8,terminal_mid,0.9723109988514282,0.9550395237337201
1529266,2026,9,4,1,-46.52380952380952,6.0,-0.653333333333336,2,8,terminal_mid,0.9689721046395067,0.9505448374026724
1529266,2026,9,5,1,-46.52380952380952,6.0983606557377055,-1.626666666666651,2,8,terminal_mid,0.9674794454024678,0.9485632467906848
1529266,2026,9,6,1,-46.52380952380952,6.1,-1.5999999999999943,2,8,terminal_mid,0.9684813561606045,0.9498915328806822
1529266,2026,10,1,1,-46.52380952380952,6.203389830508474,-9.75166666666668,3,7,terminal_mid,0.934779512633489,0.9189677616075347
1529266,2026,10,2,1,-46.52380952380952,6.310344827586206,-10.603333333333325,3,7,terminal_mid,0.92606069644934,0.9095115442023566
1529266,2026,10,3,1,-46.52380952380952,6.421052631578947,-11.454999999999998,3,7,terminal_mid,0.9168834068399259,0.899711557201734
1529266,2026,10,4,1,-46.52380952380952,6.428571428571429,-11.306666666666672,3,7,terminal_mid,0.9145982696557361,0.8972935792444635
1529266,2026,10,5,1,-46.52380952380952,6.1090909090909085,-8.158333333333331,3,7,terminal_mid,0.9370462955754482,0.9214520350706658
1529266,2026,10,6,1,-46.52380952380952,6.111111111111112,-8.010000000000005,3,7,terminal_mid,0.940292574457996,0.9250298102422478
1529266,2026,11,1,1,-46.52380952380952,6.113207547169811,-7.861666666666679,3,7,terminal_mid,0.9461069045973863,0.9365815809670811
1529266,2026,11,2,1,-46.52380952380952,6.0,-6.713333333333338,3,7,terminal_mid,0.9515085784785747,0.9423638962751183
1529266,2026,11,3,1,-46.52380952380952,5.411764705882353,-1.5649999999999977,3,7,terminal_mid,0.978770908853032,0.9727539625626545
1529266,2026,11,4,1,-46.52380952380952,5.04,1.5833333333333428,3,7,terminal_mid,0.9835285399248321,0.9783663070135182
1529266,2026,11,5,1,-46.52380952380952,4.408163265306123,6.731666666666669,3,7,terminal_mid,0.9929664346637653,0.9900314490734009
1529266,2026,11,6,1,-46.52380952380952,4.0,9.88000000000001,3,7,terminal_mid,0.9936556611640321,0.9909259366785313
1529266,2026,12,1,1,-46.52380952380952,3.3191489361702127,15.028333333333336,3,7,terminal_mid,0.9946584621619834,0.9926347581668257
1529266,2026,12,2,1,-46.52380952380952,3.391304347826087,8.579999999999998,4,6,terminal_mid,0.9919611293807697,0.9892349424018896
1529266,2026,12,3,1,-46.52380952380952,3.3333333333333335,8.849999999999994,4,6,terminal_mid,0.9881760186597769,0.9846016234156112
1529266,2026,12,4,1,-46.52380952380952,3.409090909090909,2.7666666666666657,5,5,terminal_mid,0.9686428593909793,0.9620097158586308
1529266,2026,12,5,1,-46.52380952380952,3.3488372093023253,3.1583333333333314,5,5,terminal_mid,0.9687301207935655,0.962107444317378
1529266,2026,12,6,1,-46.52380952380952,3.4285714285714284,2.5500000000000114,5,5,terminal_mid,0.9736034157111989,0.9676017891678946
1529266,2026,13,1,1,-46.52380952380952,3.3658536585365857,2.941666666666677,5,5,terminal_mid,0.9752762193611437,0.9713629074232534
1529266,2026,13,2,1,-46.52380952380952,3.4499999999999997,2.3333333333333286,5,5,terminal_mid,0.978937444428482,0.9754155820497851
1529266,2026,13,3,1,-46.52380952380952,3.5384615384615383,1.7249999999999943,5,5,terminal_mid,0.9816950957084312,0.9784912851147233
1529266,2026,13,4,1,-46.52380952380952,2.6842105263157894,7.11666666666666,5,5,terminal_mid,0.9906410192663013,0.9886525860683275
1529266,2026,13,5,1,-46.52380952380952,2.4324324324324325,8.50833333333334,5,5,terminal_mid,0.9909462102630455,0.9890058021460222
1529266,2026,13,6,1,-46.52380952380952,1.8333333333333335,11.900000000000006,5,5,terminal_mid,0.9908021398597849,0.9888389911593616
1529266,2026,14,1,1,-46.52380952380952,1.8857142857142857,11.291666666666671,5,5,terminal_mid,0.9920763785728189,0.9903520073696527
1529266,2026,14,2,1,-46.52380952380952,1.9411764705882355,10.683333333333323,5,5,terminal_mid,0.992898460858122,0.9913114037442662
1529266,2026,14,3,1,-46.52380952380952,1.8181818181818183,11.074999999999989,5,5,terminal_mid,0.9928277368819682,0.9912286775467715
1529266,2026,14,4,1,-46.52380952380952,1.6875,11.466666666666669,5,5,terminal_mid,0.9931408533235221,0.9915952149042428
1529266,2026,14,5,1,-46.52380952380952,0.5806451612903225,16.858333333333334,5,5,terminal_mid,0.9955866655898529,0.9944875049025973
1529266,2026,14,6,1,-46.52380952380952,0.4,17.25,5,5,terminal_mid,0.9953342392144098,0.9941862257623433
1529266,2026,15,1,1,-46.52380952380952,-0.41379310344827586,20.64166666666668,5,5,terminal_mid,0.9947889220701032,0.9937847711956197
1529267,2026,7,1,1,16.203703703703695,9.74025974025974,-23.899999999999977,2,8,terminal_mid,0.47441568760275493,0.47279195610769675
1529267,2026,7,2,1,16.203703703703695,9.394736842105264,-19.19999999999999,2,8,terminal_mid,0.5646496940237029,0.5505129724252295
1529267,2026,7,3,1,16.203703703703695,9.200000000000001,-16.5,2,8,terminal_mid,0.6181178568670536,0.5970560371315119
1529267,2026,7,4,1,16.203703703703695,9.243243243243244,-16.799999999999983,2,8,terminal_mid,0.6141460422025705,0.5935772684354517
1529267,2026,7,5,1,16.203703703703695,9.36986301369863,-18.100000000000023,2,8,terminal_mid,0.5827876158116466,0.5662388325317831
1529267,2026,7,6,1,16.203703703703695,9.416666666666666,-18.400000000000006,2,8,terminal_mid,0.5846323923500439,0.5678414884280931
1529267,2026,8,1,1,16.203703703703695,9.549295774647888,-19.69999999999999,2,8,terminal_mid,0.5649969287587882,0.5550428707622299
1529267,2026,8,2,1,16.203703703703695,9.600000000000001,-19.99999999999997,2,8,terminal_mid,0.5659675584806065,0.5559005308953571
1529267,2026,8,3,1,16.203703703703695,9.652173913043478,-20.30000000000001,2,8,terminal_mid,0.5667461790334174,0.5565886117242512
1529267,2026,8,4,1,16.203703703703695,9.705882352941178,-20.599999999999994,2,8,terminal_mid,0.5559606291057524,0.5470634793662683
1529267,2026,8,5,1,16.203703703703695,9.761194029850746,-20.899999999999977,2,8,terminal_mid,0.5537341626833095,0.5450987804022298
1529267,2026,8,6,1,16.203703703703695,9.818181818181818,-21.19999999999999,2,8,terminal_mid,0.5394963757419957,0.5325459523592455
1529267,2026,9,1,1,16.203703703703695,9.876923076923077,-21.5,2,8,terminal_mid,0.536303672994108,0.5364285713239733
1529267,2026,9,2,1,16.203703703703695,9.65625,-18.799999999999983,2,8,terminal_mid,0.5837813282593919,0.5769800856408521
1529267,2026,9,3,1,16.203703703703695,9.428571428571429,-16.099999999999994,2,8,terminal_mid,0.6374224551734782,0.6231565113003141
1529267,2026,9,4,1,16.203703703703695,9.483870967741936,-16.400000000000006,2,8,terminal_mid,0.6367890433405266,0.6226078402455927
1529267,2026,9,5,1,16.203703703703695,9.442622950819672,-15.699999999999989,2,8,terminal_mid,0.6377896799494667,0.6234746516579126
1529267,2026,9,6,1,16.203703703703695,9.600000000000001,-17.0,2,8,terminal_mid,0.6359921071952218,0.6219176595420834
1529267,2026,10,1,1,16.203703703703695,9.35593220338983,-14.299999999999997,2,8,terminal_mid,0.6568962290264189,0.6516284578522185
1529267,2026,10,2,1,16.203703703703695,9.413793103448276,-14.599999999999994,2,8,terminal_mid,0.6532728467778441,0.6483622914577515
1529267,2026,10,3,1,16.203703703703695,9.157894736842106,-11.900000000000006,2,8,terminal_mid,0.6911087200105238,0.6825899235098073
1529267,2026,10,4,1,16.203703703703695,9.214285714285715,-12.200000000000003,2,8,terminal_mid,0.6888966579542393,0.6805805913157349
1529267,2026,10,5,1,16.203703703703695,8.727272727272727,-7.5,2,8,terminal_mid,0.7617885128496207,0.7475312988212426
1529267,2026,10,6,1,16.203703703703695,8.777777777777779,-7.799999999999983,2,8,terminal_mid,0.7593667497229801,0.745277633644028
1529267,2026,10,7,1,16.203703703703695,8.830188679245282,-8.100000000000009,2,8,terminal_mid,0.7624779537901805,0.7481733250552121
1529267,2026,11,1,1,16.203703703703695,8.377358490566037,-4.1000000000000085,2,8,terminal_mid,0.8383562113339185,0.8288891204414433
1529267,2026,11,2,1,16.203703703703695,8.423076923076923,-4.3999999999999915,2,8,terminal_mid,0.8303206067212638,0.82121718853746
1529267,2026,11,3,1,16.203703703703695,8.117647058823529,-1.6999999999999886,2,8,terminal_mid,0.8700536361498576,0.8595130752867535
1529267,2026,11,4,1,16.203703703703695,8.16,-2.0,2,8,terminal_mid,0.8696603993024112,0.8591291748808328
1529267,2026,11,5,1,16.203703703703695,8.204081632653061,-2.3000000000000114,2,8,terminal_mid,0.8581171621732234,0.8479073276765486
1529267,2026,11,6,1,16.203703703703695,8.25,-2.5999999999999943,2,8,terminal_mid,0.8540621056725708,0.8439858187084056
1529267,2026,12,1,1,16.203703703703695,8.170212765957446,-1.9000000000000057,2,8,terminal_mid,0.877439164712458,0.8665733693544027
1529267,2026,12,2,1,16.203703703703695,8.347826086956522,-3.200000000000017,2,8,terminal_mid,0.857059600713189,0.8463124693769406
1529267,2026,12,3,1,16.203703703703695,8.0,-0.5,2,8,terminal_mid,0.9041922599527468,0.893608253134494
1529267,2026,12,4,1,16.203703703703695,8.045454545454545,-0.8000000000000114,2,8,terminal_mid,0.8966442654566493,0.8859235202877128
1529267,2026,12,5,1,16.203703703703695,7.395348837209302,3.9000000000000057,2,8,terminal_mid,0.9512247755753165,0.9428728395372283
1529267,2026,12,6,1,16.203703703703695,7.428571428571429,3.5999999999999943,2,8,terminal_mid,0.9512002951852618,0.9428463897955828
1529267,2026,12,7,1,16.203703703703695,7.463414634146341,3.3000000000000114,2,8,terminal_mid,0.9493759659568347,0.9408783284473858
1529267,2026,12,8,1,16.203703703703695,7.5,3.0,2,8,terminal_mid,0.9503428712105217,0.9419206728055334
1529267,2026,13,1,1,16.203703703703695,6.731707317073171,8.300000000000011,2,8,terminal_mid,0.9851202612370273,0.982344210228226
1529267,2026,13,2,1,16.203703703703695,6.0,13.0,2,8,terminal_mid,0.9911365734676264,0.9892264072053658
1529267,2026,13,3,1,16.203703703703695,6.0,12.699999999999989,2,8,terminal_mid,0.9912726064683878,0.9893841888108278
1529267,2026,13,4,1,16.203703703703695,6.0,12.400000000000006,2,8,terminal_mid,0.9914045497749515,0.9895373385722355
1529267,2026,13,5,1,16.203703703703695,6.0,12.099999999999994,2,8,terminal_mid,0.9915854737875096,0.989747523355617
1529267,2026,13,6,1,16.203703703703695,6.0,11.800000000000011,2,8,terminal_mid,0.9913846143459732,0.9895141919202681
1529267,2026,13,7,1,16.203703703703695,6.0,11.5,2,8,terminal_mid,0.9914938509066414,0.9896410558159393
1529267,2026,14,1,1,16.203703703703695,5.314285714285714,15.5,2,8,terminal_mid,0.9935735761980662,0.9921030104305351
1529267,2026,14,2,1,16.203703703703695,5.294117647058823,15.200000000000017,2,8,terminal_mid,0.9936714630717525,0.992218088653031
1529267,2026,14,3,1,16.203703703703695,5.2727272727272725,14.900000000000006,2,8,terminal_mid,0.9939110980110388,0.992500148215441
1529267,2026,14,4,1,16.203703703703695,4.6875,17.599999999999994,2,8,terminal_mid,0.9947400507710649,0.9934798196712101
1529267,2026,14,5,1,16.203703703703695,4.64516129032258,17.30000000000001,2,8,terminal_mid,0.9949480031812037,0.9937266216628303
1529267,2026,14,6,1,16.203703703703695,4.800000000000001,16.0,2,8,terminal_mid,0.9951193740469517,0.9939303461281735
1529267,2026,15,1,1,16.203703703703695,3.724137931034483,20.700000000000017,2,8,terminal_mid,0.9954811583495882,0.9945832474723353
1529267,2026,15,2,1,16.203703703703695,2.571428571428571,25.400000000000006,2,8,terminal_mid,0.9946795412166551,0.9936589667303461
1529267,2026,15,3,1,16.203703703703695,2.6666666666666665,19.712500000000006,3,7,terminal_mid,0.9940800806035147,0.9929711075182568
1529267,2026,15,4,1,16.203703703703695,2.5384615384615383,19.57499999999999,3,7,terminal_mid,0.982628464462667,0.980158402351071
1529267,2026,15,5,1,16.203703703703695,2.4000000000000004,19.4375,3,7,terminal_mid,0.9830785025012841,0.9806537848291907
1529267,2026,15,6,1,16.203703703703695,2.25,19.30000000000001,3,7,terminal_mid,0.9864343931651114,0.9843647942634286
1529267,2026,15,7,1,16.203703703703695,2.0869565217391304,19.162499999999994,3,7,terminal_mid,0.9862410425207448,0.9841501060055684
