actual,raw_prob,phase_prob,resource_prob,rrr,overs_remaining
1,0.9823362822879455,0.99,0.999,5.8125,5.333333333333333
1,0.9827840675191344,0.99,0.999,5.806451612903226,5.166666666666667
1,0.9011642501555254,0.9160467587672688,0.999,5.7894736842105265,9.5
1,0.9037683349330585,0.9160467587672688,0.999,5.571428571428571,9.333333333333334
1,0.9053168119346546,0.9160467587672688,0.999,5.5636363636363635,9.166666666666666
1,0.9074393831386702,0.9160467587672688,0.999,5.666666666666666,9.0
1,0.9088673114833363,0.9160467587672688,0.999,5.773584905660377,8.833333333333334
1,0.9124843766039141,0.9160467587672688,0.999,5.884615384615384,8.666666666666666
1,0.917474125216245,0.9160467587672688,0.999,5.64,8.333333333333334
1,0.918282429783099,0.9160467587672688,0.999,5.63265306122449,8.166666666666666
1,0.9188680661895979,0.9160467587672688,0.999,5.75,8.0
1,0.9203399103367048,0.9166666666666666,0.999,5.74468085106383,7.833333333333333
1,0.9218228134550476,0.9550381372942593,0.999,5.617021276595745,7.833333333333333
1,0.921328322189812,0.9534883720930233,0.999,5.739130434782609,7.666666666666667
1,0.9238535033087915,0.9550381372942593,0.999,5.6,7.5
1,0.9647712014590195,0.9695273631840796,0.999,5.508196721311475,10.166666666666666
1,0.9410216699624402,0.9550381372942593,0.999,5.6,10.0
1,0.9428781174774807,0.9550381372942593,0.999,5.59322033898305,9.833333333333334
1,0.9424766211272084,0.9550381372942593,0.999,5.689655172413794,9.666666666666666
1,0.9435701317748862,0.9550381372942593,0.999,5.684210526315789,9.5
1,0.9459090114726587,0.9550381372942593,0.999,5.785714285714286,9.333333333333334
1,0.9466180427435102,0.9550381372942593,0.999,5.890909090909091,9.166666666666666
1,0.9498063165226476,0.9550381372942593,0.999,5.555555555555555,9.0
1,0.9541949365661482,0.9550381372942593,0.999,5.547169811320755,8.833333333333334
1,0.9578130470286448,0.9550381372942593,0.999,5.653846153846153,8.666666666666666
1,0.9592086897404871,0.9657534246575342,0.999,5.529411764705882,8.5
1,0.9613164426417721,0.9695273631840796,0.999,5.5200000000000005,8.333333333333334
1,0.9620905748254731,0.9695273631840796,0.999,5.63265306122449,8.166666666666666
1,0.9633237289346567,0.9695273631840796,0.999,5.625,8.0
1,0.9644885514475638,0.9695273631840796,0.999,5.617021276595745,7.833333333333333
1,0.9652138714980707,0.9695273631840796,0.999,5.608695652173913,7.666666666666667
1,0.9657287498259092,0.9695273631840796,0.999,5.6,7.5
1,0.9658857370212695,0.9695273631840796,0.999,5.7272727272727275,7.333333333333333
1,0.966468338549149,0.9695273631840796,0.999,5.8604651162790695,7.166666666666667
1,0.9664656368137063,0.9695273631840796,0.999,5.857142857142857,7.0
1,0.9668504955605228,0.9695273631840796,0.999,5.853658536585366,6.833333333333333
1,0.9673487113255225,0.9695273631840796,0.999,5.379310344827586,9.666666666666666
1,0.9675783330324315,0.9695273631840796,0.999,5.368421052631579,9.5
1,0.9692181967689399,0.9695273631840796,0.999,5.357142857142858,9.333333333333334
1,0.9729288358558024,0.9695273631840796,0.999,4.800000000000001,9.166666666666666
1,0.9726154535497789,0.9695273631840796,0.999,4.888888888888888,9.0
1,0.9719489276102649,0.9695273631840796,0.999,4.981132075471699,8.833333333333334
1,0.9719809205415377,0.9695273631840796,0.999,4.981132075471699,8.833333333333334
1,0.971826145430269,0.9695273631840796,0.999,5.076923076923077,8.666666666666666
1,0.972056915388339,0.9695273631840796,0.999,5.0588235294117645,8.5
1,0.9717517247501224,0.9695273631840796,0.999,5.16,8.333333333333334
1,0.9741910573294655,0.9695273631840796,0.999,4.775510204081632,8.166666666666666
1,0.9592675580398367,0.9657534246575342,0.999,4.875,8.0
1,0.9625554370346183,0.9695273631840796,0.999,4.468085106382978,7.833333333333333
1,0.9639836633580554,0.9695273631840796,0.999,4.434782608695652,7.666666666666667
1,0.9636754057682312,0.9695273631840796,0.999,4.533333333333333,7.5
1,0.9640966706779576,0.9695273631840796,0.999,4.636363636363637,7.333333333333333
1,0.9643001773069726,0.9695273631840796,0.999,4.604651162790698,7.166666666666667
1,0.9655554653091694,0.9695273631840796,0.999,4.571428571428571,7.0
1,0.9662434668281918,0.9695273631840796,0.999,4.682926829268293,6.833333333333333
1,0.9659568988133784,0.9695273631840796,0.999,4.800000000000001,6.666666666666667
1,0.9658655523963242,0.9695273631840796,0.999,4.923076923076923,6.5
1,0.9671375173869341,0.9695273631840796,0.999,4.894736842105263,6.333333333333333
1,0.9662060642610559,0.9695273631840796,0.999,5.027027027027027,6.166666666666667
1,0.9671239603756273,0.9695273631840796,0.999,5.0,6.0
1,0.9663573569711363,0.9695273631840796,0.999,5.142857142857142,5.833333333333333
1,0.9659770069611973,0.9695273631840796,0.999,5.294117647058823,5.666666666666667
1,0.9645636221560199,0.9695273631840796,0.999,5.454545454545454,5.5
1,0.964802822557154,0.9695273631840796,0.999,5.4375,5.333333333333333
1,0.9537076598172093,0.9550381372942593,0.999,5.612903225806451,5.166666666666667
1,0.9659532585569304,0.9695273631840796,0.999,5.571428571428571,9.333333333333334
1,0.9665243040534761,0.9695273631840796,0.999,5.5636363636363635,9.166666666666666
1,0.9662990564947123,0.9695273631840796,0.999,5.666666666666666,9.0
1,0.9661513108692474,0.9695273631840796,0.999,5.773584905660377,8.833333333333334
1,0.9663080233557386,0.9695273631840796,0.999,5.769230769230769,8.666666666666666
1,0.967199657345615,0.9695273631840796,0.999,5.764705882352941,8.5
1,0.9699161629493153,0.9695273631840796,0.999,5.4,8.333333333333334
1,0.9698302526633893,0.9695273631840796,0.999,5.387755102040816,8.166666666666666
1,0.9699017197824527,0.9695273631840796,0.999,5.5,8.0
1,0.974649684722489,0.9695273631840796,0.999,4.8510638297872335,7.833333333333333
1,0.9749340735289717,0.9695273631840796,0.999,4.826086956521739,7.666666666666667
1,0.9773306663810403,0.9695273631840796,0.999,4.133333333333333,7.5
1,0.9777255045522386,0.9695273631840796,0.999,4.090909090909091,7.333333333333333
1,0.9779777680166866,0.9695273631840796,0.999,4.186046511627907,7.166666666666667
1,0.9785806184117942,0.9695273631840796,0.999,4.0,7.0
1,0.9795875167268182,0.9721389753897387,0.999,3.512195121951219,6.833333333333333
1,0.980226002239883,0.9809523809523809,0.999,3.4499999999999997,6.666666666666667
1,0.9821085269145198,0.9836065573770492,0.999,2.923076923076923,6.5
1,0.9823663579199058,0.99,0.999,3.0,6.333333333333333
1,0.9825806487612005,0.99,0.999,2.9189189189189193,6.166666666666667
1,0.9842164864948642,0.99,0.999,2.0,6.0
1,0.9844464230119077,0.99,0.999,1.0285714285714285,5.833333333333333
1,0.9845379352198748,0.99,0.999,1.0588235294117647,5.666666666666667
1,0.9845481552313307,0.99,0.999,1.0909090909090908,5.5
1,0.9599452422711914,0.9657534246575342,0.999,5.755102040816326,8.166666666666666
1,0.9600138236450755,0.9657534246575342,0.999,5.875,8.0
1,0.9625263724920345,0.9695273631840796,0.999,5.7073170731707314,6.833333333333333
1,0.9651025260998194,0.9695273631840796,0.999,5.4,6.666666666666667
1,0.9639776031232277,0.9695273631840796,0.999,5.538461538461538,6.5
1,0.9643330888008289,0.9695273631840796,0.999,5.526315789473684,6.333333333333333
1,0.9651469781175845,0.9695273631840796,0.999,5.513513513513514,6.166666666666667
1,0.966249535793447,0.9695273631840796,0.999,5.5,6.0
1,0.9722270886717759,0.9695273631840796,0.999,4.628571428571429,5.833333333333333
1,0.9719986549872905,0.9695273631840796,0.999,4.764705882352941,5.666666666666667
1,0.9728761294185426,0.9695273631840796,0.999,4.545454545454545,5.5
1,0.9756149718184985,0.9695273631840796,0.999,3.5625,5.333333333333333
1,0.8417342520351356,0.8441660140955364,0.9577340460663025,5.042016806722689,19.833333333333332
1,0.8453328739633053,0.8441660140955364,0.9547702802221526,5.033898305084746,19.666666666666668
1,0.8434613446061487,0.8441660140955364,0.9519501468172958,5.076923076923077,19.5
1,0.835380546845187,0.8441660140955364,0.9490780907348909,5.120689655172414,19.333333333333332
1,0.8322805779877386,0.8441660140955364,0.9461510972475854,5.165217391304348,19.166666666666668
1,0.8536189361743582,0.8441660140955364,0.958908721799535,5.0,19.0
1,0.8432707532990421,0.8441660140955364,0.9464979586774519,5.044247787610619,18.833333333333332
1,0.8416409903958149,0.8441660140955364,0.9436225217456484,5.089285714285714,18.666666666666668
1,0.8686200186445987,0.8459214501510574,0.975504072015874,4.918918918918918,18.5
1,0.8697625581112094,0.8459214501510574,0.9773666289743307,4.909090909090909,18.333333333333332
1,0.8739637881424454,0.8459214501510574,0.9820297944486579,4.7889908256880735,18.166666666666668
1,0.8847502335872217,0.8479657387580299,0.9877596998590777,4.611111111111111,18.0
1,0.8934760116293613,0.8479657387580299,0.9920032852861986,4.485981308411215,17.833333333333332
1,0.9104714851134181,0.887459807073955,0.9939086474563424,4.471698113207546,17.666666666666668
1,0.9109982403580772,0.887459807073955,0.9958176476176503,4.457142857142857,17.5
1,0.911548145560142,0.887459807073955,0.997730321998567,4.4423076923076925,17.333333333333332
1,0.9430093728490041,0.9259259259259259,0.999,4.252427184466019,17.166666666666668
1,0.9489219521847096,0.9259259259259259,0.999,3.9411764705882355,17.0
1,0.9516684519341927,0.9259259259259259,0.999,3.801980198019802,16.833333333333332
1,0.9512725204430548,0.9259259259259259,0.999,3.84,16.666666666666668
1,0.9507548724829445,0.9259259259259259,0.999,3.878787878787879,16.5
1,0.9539329785379267,0.9378531073446328,0.999,3.8571428571428577,16.333333333333332
1,0.9560598296213249,0.9378531073446328,0.999,3.711340206185567,16.166666666666668
1,0.9572607183777246,0.9378531073446328,0.999,3.6875,16.0
1,0.959942618852994,0.9378531073446328,0.999,3.473684210526316,15.833333333333334
1,0.9598651131755414,0.9378531073446328,0.999,3.5106382978723403,15.666666666666666
1,0.960126111418272,0.9378531073446328,0.999,3.548387096774194,15.5
1,0.9610848312436853,0.9378531073446328,0.999,3.521739130434783,15.333333333333334
1,0.9638131809903505,0.9378531073446328,0.999,3.296703296703297,15.166666666666666
1,0.9668144409680745,0.9378531073446328,0.999,3.0666666666666664,15.0
1,0.9484512402856244,0.9259259259259259,0.999,3.1011235955056184,14.833333333333334
1,0.9484270726618371,0.9259259259259259,0.999,3.1363636363636362,14.666666666666666
1,0.9489778967369531,0.9259259259259259,0.999,3.1034482758620694,14.5
1,0.9529198439751698,0.9378531073446328,0.999,2.86046511627907,14.333333333333334
1,0.9540098875252568,0.9378531073446328,0.999,2.8941176470588235,14.166666666666666
1,0.9334038051833178,0.887459807073955,0.999,2.9285714285714284,14.0
1,0.9362396757956526,0.9550381372942593,0.999,2.891566265060241,13.833333333333334
1,0.9386129298399446,0.9550381372942593,0.999,2.8536585365853657,13.666666666666666
1,0.9397955513345181,0.9550381372942593,0.999,2.814814814814815,13.5
1,0.9414887647081142,0.9550381372942593,0.999,2.7750000000000004,13.333333333333334
1,0.9437001654447417,0.9550381372942593,0.999,2.6582278481012658,13.166666666666666
1,0.9443887131739099,0.9550381372942593,0.999,2.6153846153846154,13.0
1,0.948335553122162,0.9550381372942593,0.999,2.571428571428571,12.833333333333334
1,0.9490180203231093,0.9550381372942593,0.999,2.526315789473684,12.666666666666666
1,0.9494175517038121,0.9550381372942593,0.999,2.56,12.5
1,0.9505434550460148,0.9550381372942593,0.999,2.4324324324324325,12.333333333333334
1,0.9513318354613974,0.9550381372942593,0.999,2.4657534246575343,12.166666666666666
1,0.9557236889493879,0.9550381372942593,0.999,2.1666666666666665,12.0
1,0.954611904886661,0.9550381372942593,0.999,2.112676056338028,11.833333333333334
1,0.9557412582351137,0.9550381372942593,0.999,2.057142857142857,11.666666666666666
1,0.9575717074904098,0.9550381372942593,0.999,2.0,11.5
1,0.9587034169827459,0.9550561797752809,0.999,1.9411764705882355,11.333333333333334
1,0.9594633235070165,0.9657534246575342,0.999,1.8805970149253732,11.166666666666666
1,0.9605349272162527,0.9695273631840796,0.999,1.7272727272727275,11.0
1,0.9613294838167711,0.9695273631840796,0.999,1.6615384615384616,10.833333333333334
1,0.9624127432581744,0.9695273631840796,0.999,1.476923076923077,10.833333333333334
1,0.9648323774830668,0.9695273631840796,0.999,1.125,10.666666666666666
1,0.9649125975545729,0.9695273631840796,0.999,1.1428571428571428,10.5
1,0.9657745537002,0.9695273631840796,0.999,0.5806451612903225,10.333333333333334
1,0.9665572612598434,0.9695273631840796,0.999,0.39344262295081966,10.166666666666666
1,0.9283820949187616,0.9550381372942593,0.9930547956465383,5.846153846153846,13.0
1,0.9376520477002028,0.9550381372942593,0.9947015825452898,5.8441558441558445,12.833333333333334
1,0.9384448241706055,0.9550381372942593,0.9963511907253196,5.842105263157895,12.666666666666666
1,0.9403964866328645,0.9550381372942593,0.9980037275226302,5.84,12.5
1,0.9566837070630669,0.9550381372942593,0.999,5.594594594594595,12.333333333333334
1,0.9574770918656637,0.9550381372942593,0.999,5.58904109589041,12.166666666666666
1,0.9580287724398938,0.9550561797752809,0.999,5.583333333333334,12.0
1,0.9584928470679988,0.9550561797752809,0.999,5.577464788732394,11.833333333333334
1,0.9589051158366244,0.9657534246575342,0.999,5.571428571428571,11.666666666666666
1,0.9585170168744832,0.9550561797752809,0.999,5.6521739130434785,11.5
1,0.9595014638153263,0.9657534246575342,0.999,5.647058823529411,11.333333333333334
1,0.9628022897871262,0.9695273631840796,0.999,5.552238805970149,11.166666666666666
1,0.9630013439683551,0.9695273631840796,0.999,5.545454545454545,11.0
1,0.9632397866140487,0.9695273631840796,0.999,5.538461538461538,10.833333333333334
1,0.9660741818956897,0.9695273631840796,0.999,5.25,10.666666666666666
1,0.9661234623855667,0.9695273631840796,0.999,5.333333333333333,10.5
1,0.966949061403614,0.9695273631840796,0.999,5.32258064516129,10.333333333333334
1,0.9694202847531461,0.9695273631840796,0.999,5.016393442622951,10.166666666666666
1,0.9696727379346821,0.9695273631840796,0.999,5.1,10.0
1,0.9704193167293085,0.9695273631840796,0.999,4.983050847457627,9.833333333333334
1,0.9707038908504346,0.9695273631840796,0.999,4.9655172413793105,9.666666666666666
1,0.9732711861474418,0.9695273631840796,0.999,4.421052631578947,9.5
1,0.9738773228252808,0.9695273631840796,0.999,4.392857142857142,9.333333333333334
1,0.9642486899095093,0.9695273631840796,0.999,4.472727272727273,9.166666666666666
1,0.9652307587175858,0.9695273631840796,0.999,4.444444444444445,9.0
1,0.9660457669113517,0.9695273631840796,0.999,4.415094339622641,8.833333333333334
1,0.966162587967037,0.9695273631840796,0.999,4.5,8.666666666666666
1,0.9666245600714898,0.9695273631840796,0.999,4.470588235294118,8.5
1,0.9669709398056017,0.9695273631840796,0.999,4.4399999999999995,8.333333333333334
1,0.9677158044613943,0.9695273631840796,0.999,4.408163265306123,8.166666666666666
1,0.9403144492785152,0.9550381372942593,0.999,5.777777777777778,9.0
1,0.9497099905138067,0.9550381372942593,0.999,5.433962264150944,8.833333333333334
1,0.9500412929530266,0.9550381372942593,0.999,5.423076923076923,8.666666666666666
1,0.9348377193195082,0.887459807073955,0.9850415484512189,5.788235294117647,14.166666666666666
1,0.9375046331392611,0.9259259259259259,0.9867132744360525,5.785714285714286,14.0
1,0.9525011278309972,0.9550381372942593,0.9980910478666879,5.566265060240964,13.833333333333334
1,0.952715714371243,0.9550381372942593,0.9967532373864282,5.634146341463414,13.666666666666666
1,0.9699310740025674,0.9695273631840796,0.999,5.555555555555555,13.5
1,0.9701899836358263,0.9695273631840796,0.999,5.550000000000001,13.333333333333334
1,0.9704152377113049,0.9695273631840796,0.999,5.544303797468355,13.166666666666666
1,0.9706003269921117,0.9695273631840796,0.999,5.538461538461538,13.0
1,0.970703801273257,0.9695273631840796,0.999,5.532467532467532,12.833333333333334
1,0.9737844684821988,0.9695273631840796,0.999,5.289473684210526,12.666666666666666
1,0.9613218270173118,0.9695273631840796,0.999,5.359999999999999,12.5
1,0.9616874535945793,0.9695273631840796,0.999,5.351351351351351,12.333333333333334
1,0.9605024124300459,0.9695273631840796,0.999,5.424657534246575,12.166666666666666
1,0.9605030516599291,0.9695273631840796,0.999,5.5,12.0
1,0.9607612305164834,0.9695273631840796,0.999,5.492957746478873,11.833333333333334
1,0.9639260087103955,0.9695273631840796,0.999,5.228571428571429,11.666666666666666
1,0.9642895248644765,0.9695273631840796,0.999,5.304347826086957,11.5
1,0.9645216328235283,0.9695273631840796,0.999,5.294117647058823,11.333333333333334
1,0.9674709679700797,0.9695273631840796,0.999,5.014925373134329,11.166666666666666
1,0.9697301663239242,0.9695273631840796,0.999,4.727272727272727,11.0
1,0.9699785256244303,0.9695273631840796,0.999,4.800000000000001,10.833333333333334
1,0.9705524966098289,0.9695273631840796,0.999,4.78125,10.666666666666666
1,0.971826288307204,0.9695273631840796,0.999,4.761904761904762,10.5
1,0.9726718097016834,0.9695273631840796,0.999,4.64516129032258,10.333333333333334
1,0.9748292973089767,0.9695273631840796,0.999,4.131147540983607,10.166666666666666
1,0.9750570180538748,0.9695273631840796,0.999,4.199999999999999,10.0
1,0.9748816544696335,0.9695273631840796,0.999,4.271186440677966,9.833333333333334
1,0.9751491563138126,0.9695273631840796,0.999,4.344827586206897,9.666666666666666
1,0.9752289889342006,0.9695273631840796,0.999,4.315789473684211,9.5
1,0.9754604210590767,0.9695273631840796,0.999,4.285714285714286,9.333333333333334
1,0.9757986744685122,0.9695273631840796,0.999,4.254545454545455,9.166666666666666
1,0.976079206576902,0.9695273631840796,0.999,4.222222222222222,9.0
1,0.9764068460010242,0.9695273631840796,0.999,4.188679245283018,8.833333333333334
1,0.9768904560101718,0.9695273631840796,0.999,4.153846153846153,8.666666666666666
1,0.9770326144106856,0.9695273631840796,0.999,4.117647058823529,8.5
1,0.9773660798846251,0.9695273631840796,0.999,4.08,8.333333333333334
1,0.977979833537876,0.9695273631840796,0.999,4.040816326530612,8.166666666666666
1,0.9786675121718333,0.9695273631840796,0.999,4.0,8.0
1,0.9792802337125679,0.9695273631840796,0.999,3.8297872340425534,7.833333333333333
1,0.9796012023939508,0.9790142673206778,0.999,3.782608695652174,7.666666666666667
1,0.9795747170289553,0.9695273631840796,0.999,3.866666666666667,7.5
1,0.9818916753156495,0.9836065573770492,0.999,3.1363636363636362,7.333333333333333
1,0.9822054461878456,0.9836065573770492,0.999,3.209302325581395,7.166666666666667
1,0.9820527991230307,0.9836065573770492,0.999,3.285714285714286,7.0
1,0.9818743002604323,0.9836065573770492,0.999,3.3658536585365857,6.833333333333333
1,0.982387152265816,0.99,0.999,3.1500000000000004,6.666666666666667
1,0.9828342059966382,0.99,0.999,3.0769230769230766,6.5
1,0.9841127320700742,0.99,0.999,2.526315789473684,6.333333333333333
1,0.9840671465015833,0.99,0.999,2.5945945945945947,6.166666666666667
1,0.9840022733516536,0.99,0.999,2.6666666666666665,6.0
1,0.9845916547356803,0.99,0.999,2.4000000000000004,5.833333333333333
1,0.9845340741976475,0.99,0.999,2.4705882352941178,5.666666666666667
1,0.9863113364899871,0.99,0.999,1.4545454545454546,5.5
1,0.9863470886339658,0.99,0.999,1.5,5.333333333333333
1,0.9863102469120217,0.99,0.999,1.5483870967741935,5.166666666666667
1,0.9461542759915929,0.9550381372942593,0.999,5.8999999999999995,10.0
1,0.9475437832575222,0.9550381372942593,0.999,5.898305084745763,9.833333333333334
1,0.9173927647020105,0.887459807073955,0.9750708539350401,5.802197802197802,15.166666666666666
1,0.918348806260632,0.887459807073955,0.9767259779795909,5.8,15.0
1,0.9196956785909103,0.887459807073955,0.9783836531533334,5.797752808988764,14.833333333333334
1,0.9200155281591118,0.887459807073955,0.9767218223287313,5.863636363636363,14.666666666666666
1,0.919606333804851,0.887459807073955,0.9748420105480045,5.931034482758621,14.5
1,0.9271546524752594,0.887459807073955,0.986634751148982,5.72093023255814,14.333333333333334
1,0.9272871162118177,0.887459807073955,0.9850415484512189,5.788235294117647,14.166666666666666
1,0.9271498883744416,0.887459807073955,0.9832279255167913,5.857142857142857,14.0
1,0.9310566195315335,0.9550381372942593,0.984859769301122,5.855421686746988,13.833333333333334
1,0.9326091393048974,0.9550381372942593,0.9864938889979883,5.853658536585366,13.666666666666666
1,0.9599680018924502,0.9657534246575342,0.999,5.481481481481481,13.5
1,0.95977892240895,0.9657534246575342,0.999,5.550000000000001,13.333333333333334
1,0.9611540061825479,0.9695273631840796,0.999,5.544303797468355,13.166666666666666
1,0.9616612280998262,0.9695273631840796,0.999,5.615384615384615,13.0
1,0.9441564125432174,0.9550381372942593,0.999,5.688311688311688,12.833333333333334
1,0.9443755566767911,0.9550381372942593,0.999,5.688311688311688,12.833333333333334
1,0.9462780307062364,0.9550381372942593,0.999,5.605263157894737,12.666666666666666
1,0.9472938493793683,0.9550381372942593,0.999,5.6,12.5
1,0.9481188162335519,0.9550381372942593,0.999,5.675675675675675,12.333333333333334
1,0.9478843007357749,0.9550381372942593,0.999,5.7534246575342465,12.166666666666666
1,0.9552277160954958,0.9550381372942593,0.999,5.333333333333333,12.0
1,0.9555558506592394,0.9550381372942593,0.999,5.323943661971831,11.833333333333334
1,0.9563298949275413,0.9550381372942593,0.999,5.314285714285714,11.666666666666666
1,0.955162445434979,0.9550381372942593,0.999,5.391304347826087,11.5
1,0.9548259310104157,0.9550381372942593,0.999,5.470588235294118,11.333333333333334
1,0.9556865242115139,0.9550381372942593,0.999,5.462686567164178,11.166666666666666
1,0.9558685573864856,0.9550381372942593,0.999,5.545454545454545,11.0
1,0.9563719966878164,0.9550381372942593,0.999,5.538461538461538,10.833333333333334
1,0.9574795873323927,0.9550381372942593,0.999,5.625,10.666666666666666
1,0.9572124701471094,0.9550381372942593,0.999,5.7142857142857135,10.5
1,0.9639438345700087,0.9695273631840796,0.999,5.225806451612903,10.333333333333334
1,0.9636664575607172,0.9695273631840796,0.999,5.311475409836065,10.166666666666666
1,0.9618262431480586,0.9695273631840796,0.999,5.4,10.0
1,0.9620691846162611,0.9695273631840796,0.999,5.491525423728813,9.833333333333334
1,0.9632127841229743,0.9695273631840796,0.999,5.482758620689656,9.666666666666666
1,0.9405885312630584,0.9550381372942593,0.999,5.578947368421053,9.5
1,0.9411461820721824,0.9550381372942593,0.999,5.571428571428571,9.333333333333334
1,0.9427494481700553,0.9550381372942593,0.999,5.5636363636363635,9.166666666666666
1,0.9455993003036041,0.9550381372942593,0.999,5.666666666666666,9.0
1,0.9467262146716315,0.9550381372942593,0.999,5.660377358490566,8.833333333333334
1,0.9504852745846886,0.9550381372942593,0.999,5.653846153846153,8.666666666666666
1,0.9511992238690485,0.9550381372942593,0.999,5.647058823529411,8.5
1,0.9518147077330935,0.9550381372942593,0.999,5.76,8.333333333333334
1,0.9529300928766482,0.9550381372942593,0.999,5.63265306122449,8.166666666666666
1,0.9537000502329005,0.9550381372942593,0.999,5.625,8.0
1,0.9543731489761578,0.9550381372942593,0.999,5.617021276595745,7.833333333333333
1,0.9544222215193519,0.9550381372942593,0.999,5.617021276595745,7.833333333333333
1,0.9563292794458265,0.9550381372942593,0.999,5.478260869565217,7.666666666666667
1,0.9575605545201422,0.9550381372942593,0.999,5.466666666666667,7.5
1,0.9474983612370662,0.9550381372942593,0.9923073616179673,5.921052631578947,12.666666666666666
1,0.9568547929739339,0.9550381372942593,0.9955012223023725,5.918918918918919,12.333333333333334
1,0.9695237663635906,0.9695273631840796,0.999,5.835616438356165,12.166666666666666
1,0.9719620501513627,0.9695273631840796,0.999,5.583333333333334,12.0
1,0.9716277802264226,0.9695273631840796,0.999,5.661971830985915,11.833333333333334
1,0.9719045489830258,0.9695273631840796,0.999,5.657142857142857,11.666666666666666
1,0.9725611776377291,0.9695273631840796,0.999,5.6521739130434785,11.5
1,0.9740700399633146,0.9695273631840796,0.999,5.382352941176471,11.333333333333334
1,0.9738505316718304,0.9695273631840796,0.999,5.462686567164178,11.166666666666666
1,0.9738311724880443,0.9695273631840796,0.999,5.545454545454545,11.0
1,0.9764848154848507,0.9695273631840796,0.999,5.2615384615384615,10.833333333333334
1,0.976393329460433,0.9695273631840796,0.999,5.34375,10.666666666666666
1,0.9752800861280579,0.9695273631840796,0.999,5.428571428571429,10.5
1,0.9755542282482367,0.9695273631840796,0.999,5.419354838709677,10.333333333333334
1,0.9758255737711894,0.9695273631840796,0.999,5.409836065573771,10.166666666666666
1,0.9761706998294503,0.9695273631840796,0.999,5.5,10.0
1,0.9795194823850434,0.9695273631840796,0.999,4.983050847457627,9.833333333333334
1,0.9814032695185511,0.9836065573770492,0.999,4.655172413793103,9.666666666666666
1,0.9824606143131877,0.99,0.999,4.315789473684211,9.5
1,0.9738029172007325,0.9695273631840796,0.999,4.392857142857142,9.333333333333334
1,0.9743201555238648,0.9695273631840796,0.999,4.363636363636363,9.166666666666666
1,0.9746386030897904,0.9695273631840796,0.999,4.444444444444445,9.0
1,0.974869700192029,0.9695273631840796,0.999,4.415094339622641,8.833333333333334
1,0.9750981465382023,0.9695273631840796,0.999,4.384615384615384,8.666666666666666
1,0.9753292333861108,0.9695273631840796,0.999,4.352941176470588,8.5
1,0.9755779106402249,0.9695273631840796,0.999,4.4399999999999995,8.333333333333334
1,0.9770695654742908,0.9695273631840796,0.999,4.040816326530612,8.166666666666666
1,0.9773854038500471,0.9695273631840796,0.999,4.0,8.0
1,0.9793608897013276,0.9695273631840796,0.999,3.574468085106383,7.833333333333333
1,0.9796606551972196,0.9809523809523809,0.999,3.521739130434783,7.666666666666667
1,0.9799877442803819,0.9809523809523809,0.999,3.4666666666666663,7.5
1,0.9824721020942873,0.99,0.999,2.727272727272727,7.333333333333333
1,0.9823955772718205,0.99,0.999,2.7906976744186047,7.166666666666667
1,0.9835814483992213,0.99,0.999,2.2857142857142856,7.0
1,0.9850130283640945,0.99,0.999,1.7560975609756095,6.833333333333333
1,0.985543134159826,0.99,0.999,1.6097560975609757,6.833333333333333
1,0.9859566124611401,0.99,0.999,1.5,6.666666666666667
1,0.9862817606676677,0.99,0.999,0.9230769230769231,6.5
1,0.9862753349856599,0.99,0.999,0.9473684210526315,6.333333333333333
1,0.9864524123036356,0.99,0.999,0.8108108108108109,6.166666666666667
1,0.9867516739525465,0.99,0.999,0.6666666666666666,6.0
1,0.9867564053216175,0.99,0.999,0.6857142857142857,5.833333333333333
1,0.9869968234129556,0.99,0.999,0.5294117647058824,5.666666666666667
1,0.9872137489752695,0.99,0.999,0.36363636363636365,5.5
1,0.8449887925436832,0.8441660140955364,0.9368528686066978,5.647058823529411,19.833333333333332
1,0.8440524771588,0.8441660140955364,0.9348418099875133,5.694915254237288,19.666666666666668
1,0.8462885416521722,0.8441660140955364,0.9302781406174658,5.692307692307692,19.5
1,0.8480023627477619,0.8441660140955364,0.9288319633227654,5.689655172413794,19.333333333333332
1,0.7290905456679813,0.7482678983833718,0.7821777997334981,5.739130434782609,19.166666666666668
1,0.7171503441040659,0.6606217616580311,0.7588862760098104,5.7894736842105265,19.0
1,0.714375374136522,0.6606217616580311,0.7413973079327639,5.840707964601769,18.833333333333332
1,0.7019216003833165,0.6408554572271388,0.72750280724946,5.892857142857142,18.666666666666668
1,0.7148788289840602,0.6606217616580311,0.7495408918453081,5.891891891891891,18.5
1,0.7104462919974031,0.6606217616580311,0.7361654031469989,5.945454545454545,18.333333333333332
1,0.7175733083694542,0.6606217616580311,0.7524086759947357,5.944954128440367,18.166666666666668
1,0.8188169844351636,0.8384458077709611,0.8921340660295479,5.666666666666666,18.0
1,0.8040312337637432,0.8038740920096852,0.8723949955052713,5.719626168224299,17.833333333333332
1,0.790220860654526,0.7877480586712684,0.8549739113727775,5.773584905660377,17.666666666666668
1,0.7926699322504049,0.7877480586712684,0.8578583701938793,5.771428571428571,17.5
1,0.7884561088202897,0.7877480586712684,0.8425855233185487,5.826923076923077,17.333333333333332
1,0.7934038595427291,0.7877480586712684,0.8452441740750256,5.825242718446602,17.166666666666668
1,0.795924449628401,0.8038740920096852,0.8474514114530804,5.823529411764706,17.0
1,0.8390846038986288,0.8441660140955364,0.9120369595403577,5.643564356435643,16.833333333333332
1,0.8416406143625494,0.8441660140955364,0.9146787298238327,5.64,16.666666666666668
1,0.844102398135564,0.8441660140955364,0.917241496767738,5.636363636363637,16.5
1,0.8518034194308173,0.8441660140955364,0.9197414545053861,5.63265306122449,16.333333333333332
1,0.8372249975862687,0.8441660140955364,0.8876401510485866,5.690721649484535,16.166666666666668
1,0.8227142722297158,0.8384458077709611,0.8679113233079487,5.75,16.0
1,0.823642749402118,0.8384458077709611,0.8680466074302244,5.747368421052632,15.833333333333334
1,0.823642749402118,0.8384458077709611,0.8680466074302244,5.747368421052632,15.833333333333334
1,0.8265213404220462,0.8384458077709611,0.8680703646368678,5.74468085106383,15.666666666666666
1,0.8137719588426329,0.8384458077709611,0.8553295341922315,5.806451612903226,15.5
1,0.8122152312973444,0.8307692307692308,0.843141740488512,5.869565217391305,15.333333333333334
1,0.8124281590244236,0.8307692307692308,0.8314280179020382,5.934065934065934,15.166666666666666
1,0.8127279131496112,0.8307692307692308,0.8316900457102508,5.933333333333334,15.0
1,0.8674485448717068,0.8459214501510574,0.940462776417775,5.595505617977528,14.833333333333334
1,0.8779897358876023,0.8479657387580299,0.96816522608334,5.5227272727272725,14.666666666666666
1,0.8721241770807148,0.8459214501510574,0.9439650962751591,5.586206896551724,14.5
1,0.9249627150673554,0.887459807073955,0.999,5.372093023255815,14.333333333333334
1,0.9326135851599127,0.887459807073955,0.999,5.152941176470588,14.166666666666666
1,0.9340776274275613,0.887459807073955,0.999,5.214285714285714,14.0
1,0.9347517952518083,0.9550381372942593,0.999,5.27710843373494,13.833333333333334
1,0.942146707350032,0.9550381372942593,0.999,4.902439024390244,13.666666666666666
1,0.941599164989491,0.9550381372942593,0.999,4.962962962962963,13.5
1,0.9449269882528978,0.9550381372942593,0.999,4.725,13.333333333333334
1,0.945274501209425,0.9550381372942593,0.999,4.708860759493671,13.166666666666666
1,0.946365277737721,0.9550381372942593,0.999,4.6923076923076925,13.0
1,0.9458215655229215,0.9550381372942593,0.999,4.753246753246754,12.833333333333334
1,0.946710296791665,0.9550381372942593,0.999,4.7368421052631575,12.666666666666666
1,0.9464359622012426,0.9550381372942593,0.999,4.800000000000001,12.5
1,0.9469482610721984,0.9550381372942593,0.999,4.783783783783783,12.333333333333334
1,0.9466199383917229,0.9550381372942593,0.999,4.8493150684931505,12.166666666666666
1,0.946625400735607,0.9550381372942593,0.999,4.916666666666666,12.0
1,0.947419843552488,0.9550381372942593,0.999,4.985915492957746,11.833333333333334
1,0.9483808427759763,0.9550381372942593,0.999,4.9714285714285715,11.666666666666666
1,0.9479119932760027,0.9550381372942593,0.999,5.0434782608695645,11.5
1,0.9491195431478484,0.9550381372942593,0.999,5.029411764705882,11.333333333333334
1,0.9534219839690767,0.9550381372942593,0.999,4.746268656716418,11.166666666666666
1,0.9538257096377281,0.9550381372942593,0.999,4.727272727272727,11.0
1,0.954521900805384,0.9550381372942593,0.999,4.707692307692308,10.833333333333334
1,0.9565039741380799,0.9550381372942593,0.999,4.6875,10.666666666666666
1,0.9580722416837765,0.9550561797752809,0.999,4.476190476190476,10.5
1,0.9592231438158039,0.9657534246575342,0.999,4.451612903225806,10.333333333333334
1,0.9591391757921779,0.9657534246575342,0.999,4.524590163934426,10.166666666666666
1,0.9597053918078553,0.9657534246575342,0.999,4.5,10.0
1,0.9599181069832836,0.9657534246575342,0.999,4.474576271186441,9.833333333333334
1,0.9628059680641416,0.9695273631840796,0.999,4.137931034482759,9.666666666666666
1,0.962489415548925,0.9695273631840796,0.999,4.2105263157894735,9.5
1,0.9661393786551191,0.9695273631840796,0.999,3.8571428571428577,9.333333333333334
1,0.9667135592390371,0.9695273631840796,0.999,3.8181818181818183,9.166666666666666
1,0.9672434357813775,0.9695273631840796,0.999,3.7777777777777777,9.0
1,0.967627296028924,0.9695273631840796,0.999,3.735849056603773,8.833333333333334
1,0.9680618366723557,0.9695273631840796,0.999,3.6923076923076925,8.666666666666666
1,0.9684875174170987,0.9695273631840796,0.999,3.6470588235294112,8.5
1,0.9709083288311396,0.9695273631840796,0.999,3.24,8.333333333333334
1,0.9713271060514245,0.9695273631840796,0.999,3.3061224489795915,8.166666666666666
1,0.9713355752499971,0.9695273631840796,0.999,3.375,8.0
1,0.9713718253096946,0.9695273631840796,0.999,3.446808510638298,7.833333333333333
1,0.9713857383548927,0.9695273631840796,0.999,3.521739130434783,7.666666666666667
1,0.9722598934659926,0.9695273631840796,0.999,3.4666666666666663,7.5
1,0.9732157468300262,0.9695273631840796,0.999,3.2727272727272725,7.333333333333333
1,0.9735178461457099,0.9695273631840796,0.999,3.209302325581395,7.166666666666667
1,0.9734699427923346,0.9695273631840796,0.999,3.285714285714286,7.0
1,0.9757035006385613,0.9695273631840796,0.999,2.780487804878049,6.833333333333333
1,0.9762215868723528,0.9695273631840796,0.999,2.780487804878049,6.833333333333333
1,0.9681395595874932,0.9695273631840796,0.999,2.8499999999999996,6.666666666666667
1,0.9691770693507508,0.9695273631840796,0.999,2.769230769230769,6.5
1,0.9691260957569758,0.9695273631840796,0.999,2.8421052631578947,6.333333333333333
1,0.9690675519610442,0.9695273631840796,0.999,2.9189189189189193,6.166666666666667
1,0.9701808134069415,0.9695273631840796,0.999,2.6666666666666665,6.0
1,0.970155639049039,0.9695273631840796,0.999,2.742857142857143,5.833333333333333
1,0.972962622248662,0.9695273631840796,0.999,2.057142857142857,5.833333333333333
1,0.9744683610714001,0.9695273631840796,0.999,1.7647058823529411,5.666666666666667
1,0.9743877491621158,0.9695273631840796,0.999,1.8181818181818183,5.5
1,0.9749637548431098,0.9695273631840796,0.999,1.6875,5.333333333333333
1,0.974784947753447,0.9695273631840796,0.999,1.741935483870968,5.166666666666667
1,0.9631455854937567,0.9695273631840796,0.999,5.88,8.333333333333334
1,0.9638824040359824,0.9695273631840796,0.999,5.877551020408163,8.166666666666666
1,0.9647406213512555,0.9695273631840796,0.999,5.875,8.0
1,0.967370446093966,0.9695273631840796,0.999,5.48936170212766,7.833333333333333
1,0.9675001089842457,0.9695273631840796,0.999,5.608695652173913,7.666666666666667
1,0.968802917047238,0.9695273631840796,0.999,5.6,7.5
1,0.9706791326018669,0.9695273631840796,0.999,5.454545454545454,7.333333333333333
1,0.9704400531370215,0.9695273631840796,0.999,5.5813953488372094,7.166666666666667
1,0.970758313850932,0.9695273631840796,0.999,5.571428571428571,7.0
1,0.9705566497731679,0.9695273631840796,0.999,5.7073170731707314,6.833333333333333
1,0.9707379655068777,0.9695273631840796,0.999,5.699999999999999,6.666666666666667
1,0.970981590416977,0.9695273631840796,0.999,5.692307692307692,6.5
1,0.971325473507239,0.9695273631840796,0.999,5.684210526315789,6.333333333333333
1,0.9716071789782139,0.9695273631840796,0.999,5.675675675675675,6.166666666666667
1,0.9759772624848717,0.9695273631840796,0.999,4.833333333333334,6.0
1,0.9762351648474593,0.9695273631840796,0.999,4.800000000000001,5.833333333333333
1,0.9784676334524234,0.9695273631840796,0.999,4.0588235294117645,5.666666666666667
1,0.9792480460929196,0.9695273631840796,0.999,3.8181818181818183,5.5
1,0.980233826503264,0.9809523809523809,0.999,3.5625,5.333333333333333
1,0.9809021546829466,0.9809523809523809,0.999,3.290322580645161,5.166666666666667
1,0.8633072366313252,0.8441660140955364,0.9347324099075747,5.697478991596638,19.833333333333332
1,0.8624119336220812,0.8441660140955364,0.9326398867515503,5.745762711864407,19.666666666666668
1,0.8684277599262968,0.8459214501510574,0.9302781406174658,5.692307692307692,19.5
1,0.8662440253558598,0.8441660140955364,0.9266135124809491,5.741379310344827,19.333333333333332
1,0.864164575448906,0.8441660140955364,0.922854240198559,5.791304347826086,19.166666666666668
1,0.86166376214738,0.8441660140955364,0.9189947318180742,5.842105263157895,19.0
1,0.8742245572049764,0.8459214501510574,0.9250701128146444,5.68141592920354,18.833333333333332
1,0.8805276423904131,0.8479657387580299,0.9448483372752993,5.628318584070796,18.833333333333332
1,0.8814389487935701,0.8479657387580299,0.9460958698052974,5.625,18.666666666666668
1,0.8760488153159518,0.8459214501510574,0.9271919029017798,5.675675675675675,18.5
1,0.8846168732858002,0.8479657387580299,0.9486632352252916,5.618181818181818,18.333333333333332
1,0.8794484121147356,0.8479657387580299,0.92939572276092,5.669724770642202,18.166666666666668
1,0.8751253835060546,0.8459214501510574,0.9149943951103382,5.722222222222222,18.0
1,0.8767097360753848,0.8459214501510574,0.9135483026534614,5.719626168224299,17.833333333333332
1,0.8753133808099964,0.8459214501510574,0.9096732158555978,5.773584905660377,17.666666666666668
1,0.8252222540225083,0.8384458077709611,0.8538874540519316,5.828571428571428,17.5
1,0.8210895588730569,0.8384458077709611,0.8386666636957921,5.884615384615384,17.333333333333332
1,0.8225679496179292,0.8384458077709611,0.841244090033817,5.883495145631068,17.166666666666668
1,0.8176552913747956,0.8384458077709611,0.8259239769499832,5.9411764705882355,17.0
1,0.8196788277664653,0.8384458077709611,0.8293022075758976,5.9405940594059405,16.833333333333332
1,0.8462310331263507,0.8441660140955364,0.8768563067782116,5.76,16.666666666666668
1,0.847594657981424,0.8441660140955364,0.8770859297511078,5.757575757575758,16.5
1,0.8378412396326762,0.8441660140955364,0.8628009551973125,5.816326530612245,16.333333333333332
1,0.8392629537586451,0.8441660140955364,0.8631475210757076,5.814432989690721,16.166666666666668
1,0.8421276380647684,0.8441660140955364,0.8633503801692115,5.8125,16.0
1,0.8376181469404935,0.8441660140955364,0.8502926933993494,5.873684210526316,15.833333333333334
1,0.869721396499975,0.8459214501510574,0.9198672768733708,5.680851063829787,15.666666666666666
1,0.8730503813603523,0.8459214501510574,0.9219064298916069,5.67741935483871,15.5
1,0.8746962687090665,0.8459214501510574,0.9239337675612843,5.673913043478261,15.333333333333334
1,0.8318885259702308,0.8441660140955364,0.886221398102035,5.736263736263736,15.166666666666666
1,0.8185266591395145,0.8384458077709611,0.8532318888097576,5.8,15.0
1,0.8228188534137802,0.8384458077709611,0.8538673347555839,5.797752808988764,14.833333333333334
1,0.8139856721420831,0.8384458077709611,0.8378353528181706,5.863636363636363,14.666666666666666
1,0.8047394187402918,0.8038740920096852,0.8230476530144506,5.931034482758621,14.5
1,0.8739961939142296,0.8879781420765027,0.9478826701860132,5.620253164556962,13.166666666666666
1,0.8665971066003272,0.8659384309831182,0.9145352625235594,5.692307692307692,13.0
1,0.867751943181265,0.8879781420765027,0.9167465373514536,5.688311688311688,12.833333333333334
1,0.8710521046494986,0.8879781420765027,0.9189827941037305,5.684210526315789,12.666666666666666
1,0.8748445116866354,0.8879781420765027,0.9212476141154087,5.68,12.5
1,0.8666393272170947,0.8659384309831182,0.8831077506444732,5.756756756756756,12.333333333333334
1,0.8608566559582496,0.8441660140955364,0.9669488266437275,5.934782608695652,15.333333333333334
1,0.8725768068971325,0.8459214501510574,0.9815363614364049,5.730337078651686,14.833333333333334
1,0.8745553400602608,0.8459214501510574,0.980043960939282,5.795454545454546,14.666666666666666
1,0.8823649213168171,0.8479657387580299,0.9909894017468519,5.586206896551724,14.5
1,0.8824293473941832,0.8479657387580299,0.9897613894109145,5.651162790697675,14.333333333333334
1,0.8837862828977314,0.8479657387580299,0.9915026192754218,5.647058823529411,14.166666666666666
1,0.8848847629231184,0.8479657387580299,0.9900516499393082,5.7142857142857135,14.0
1,0.8860784560197843,0.8479657387580299,0.9883880969320158,5.783132530120482,13.833333333333334
1,0.8881246288646221,0.8961748633879781,0.9883880969320158,5.783132530120482,13.833333333333334
1,0.8875827409917068,0.8961748633879781,0.9864938889979883,5.853658536585366,13.666666666666666
1,0.8905756394289128,0.8961748633879781,0.9881303650965083,5.851851851851852,13.5
1,0.9342583995402031,0.9550381372942593,0.999,5.475,13.333333333333334
1,0.9336364193606139,0.9550381372942593,0.999,5.544303797468355,13.166666666666666
1,0.940038460947429,0.9550381372942593,0.999,5.3076923076923075,13.0
1,0.9403479322756753,0.9550381372942593,0.999,5.298701298701299,12.833333333333334
1,0.9469552612917267,0.9550381372942593,0.999,4.894736842105263,12.666666666666666
1,0.9487774414398478,0.9550381372942593,0.999,4.88,12.5
1,0.9494073399383067,0.9550381372942593,0.999,4.864864864864865,12.333333333333334
1,0.9509274975100227,0.9550381372942593,0.999,4.767123287671232,12.166666666666666
1,0.9520616713279083,0.9550381372942593,0.999,4.833333333333334,12.0
1,0.9554241858263279,0.9550381372942593,0.999,4.732394366197183,11.833333333333334
1,0.9558929456848269,0.9550381372942593,0.999,4.800000000000001,11.666666666666666
1,0.9554999773110808,0.9550381372942593,0.999,4.869565217391305,11.5
1,0.9568021259116324,0.9550381372942593,0.999,4.764705882352941,11.333333333333334
1,0.9564156638707393,0.9550381372942593,0.999,4.835820895522388,11.166666666666666
1,0.9559634233905664,0.9550381372942593,0.999,4.909090909090909,11.0
1,0.9563114783796218,0.9550381372942593,0.999,4.892307692307693,10.833333333333334
1,0.9569995653705059,0.9550381372942593,0.999,4.875,10.666666666666666
1,0.961485054672556,0.9695273631840796,0.999,4.3809523809523805,10.5
1,0.9635156391797242,0.9695273631840796,0.999,4.258064516129032,10.333333333333334
1,0.963325143997135,0.9695273631840796,0.999,4.327868852459017,10.166666666666666
1,0.9643283871316024,0.9695273631840796,0.999,4.3,10.0
1,0.9647453318706893,0.9695273631840796,0.999,4.271186440677966,9.833333333333334
1,0.9657217746043747,0.9695273631840796,0.999,4.271186440677966,9.833333333333334
1,0.9660805659276643,0.9695273631840796,0.999,4.241379310344827,9.666666666666666
1,0.9683184041263896,0.9695273631840796,0.999,3.8947368421052633,9.5
1,0.9687882168701127,0.9695273631840796,0.999,3.8571428571428577,9.333333333333334
1,0.9686838453444393,0.9695273631840796,0.999,3.9272727272727272,9.166666666666666
1,0.9721439623489012,0.9695273631840796,0.999,3.3333333333333335,9.0
1,0.9725156891073347,0.9695273631840796,0.999,3.283018867924528,8.833333333333334
1,0.9742947664185214,0.9695273631840796,0.999,2.8846153846153846,8.666666666666666
1,0.9761656795473468,0.9695273631840796,0.999,2.4705882352941178,8.5
1,0.9759507111610792,0.9695273631840796,0.999,2.52,8.333333333333334
1,0.9774577782226634,0.9695273631840796,0.999,2.0816326530612246,8.166666666666666
1,0.9776094855783579,0.9695273631840796,0.999,2.125,8.0
1,0.9781105043803457,0.9695273631840796,0.999,2.0425531914893615,7.833333333333333
1,0.9801710408863175,0.9809523809523809,0.999,1.5652173913043477,7.666666666666667
1,0.9803438004046439,0.9809523809523809,0.999,1.6,7.5
1,0.9803541152022319,0.9809523809523809,0.999,1.6363636363636362,7.333333333333333
1,0.980665961753223,0.9809523809523809,0.999,1.5348837209302326,7.166666666666667
1,0.9811214778865425,0.9809523809523809,0.999,1.4285714285714284,7.0
1,0.9813752668636153,0.9836065573770492,0.999,1.3170731707317074,6.833333333333333
1,0.9817089304284645,0.9836065573770492,0.999,1.2000000000000002,6.666666666666667
1,0.9765393376479856,0.9695273631840796,0.999,1.2307692307692308,6.5
1,0.9765666427593482,0.9695273631840796,0.999,1.263157894736842,6.333333333333333
1,0.9764792638150688,0.9695273631840796,0.999,1.2972972972972974,6.166666666666667
1,0.9779352652320319,0.9695273631840796,0.999,1.0,6.0
1,0.9784396663904642,0.9695273631840796,0.999,0.8571428571428571,5.833333333333333
1,0.9789512794210371,0.9695273631840796,0.999,0.8823529411764706,5.666666666666667
1,0.9795617317806284,0.9695273631840796,0.999,0.6857142857142857,5.833333333333333
1,0.9789983770257751,0.9695273631840796,0.999,0.3529411764705882,5.666666666666667
1,0.9793558784955836,0.9695273631840796,0.999,0.36363636363636365,5.5
1,0.9793558877146025,0.9695273631840796,0.999,0.375,5.333333333333333
1,0.9797158333645447,0.9809523809523809,0.999,0.3870967741935484,5.166666666666667
1,0.8587502203714761,0.8441660140955364,0.9849062979288316,3.6806722689075633,19.833333333333332
1,0.8473997307655234,0.8441660140955364,0.979628121896511,3.711864406779661,19.666666666666668
1,0.8567893267238368,0.8441660140955364,0.9872293750872919,3.6923076923076925,19.5
1,0.8475264416813887,0.8441660140955364,0.9762077747866124,3.724137931034483,19.333333333333332
1,0.8446561429789672,0.8441660140955364,0.9741847642295948,3.7565217391304353,19.166666666666668
1,0.8433025778293151,0.8441660140955364,0.9721475777229232,3.789473684210526,19.0
1,0.8767661432722033,0.8459214501510574,0.9955361160066343,3.610619469026549,18.833333333333332
1,0.8757639134981041,0.8459214501510574,0.9968134673036066,3.6428571428571423,18.666666666666668
1,0.8746856710150596,0.8459214501510574,0.9963395612434042,3.6756756756756754,18.5
1,0.9102431728216942,0.887459807073955,0.999,3.6545454545454548,18.333333333333332
1,0.9183989011123644,0.887459807073955,0.999,3.467889908256881,18.166666666666668
1,0.9177291735077644,0.887459807073955,0.999,3.5,18.0
1,0.9256502556294602,0.887459807073955,0.999,3.3084112149532707,17.833333333333332
1,0.9248265320170155,0.887459807073955,0.999,3.339622641509434,17.666666666666668
1,0.9241460654078254,0.887459807073955,0.999,3.3714285714285714,17.5
1,0.9247464536607164,0.887459807073955,0.999,3.3461538461538463,17.333333333333332
1,0.9240701295496375,0.887459807073955,0.999,3.378640776699029,17.166666666666668
1,0.9325543225826511,0.887459807073955,0.999,3.1764705882352944,17.0
1,0.9352633179912541,0.92,0.999,3.089108910891089,16.833333333333332
1,0.9359067521208337,0.92,0.999,3.06,16.666666666666668
1,0.9356882318248116,0.92,0.999,3.090909090909091,16.5
1,0.9375587725748065,0.9259259259259259,0.999,3.0,16.333333333333332
1,0.9413554516657181,0.9259259259259259,0.999,2.783505154639175,16.166666666666668
1,0.9419460663553967,0.9259259259259259,0.999,2.75,16.0
1,0.9427352244764017,0.9259259259259259,0.999,2.7789473684210524,15.833333333333334
1,0.946941392574438,0.9259259259259259,0.999,2.526315789473684,15.833333333333334
1,0.9478294747531016,0.9259259259259259,0.999,2.4893617021276597,15.666666666666666
1,0.9477102663347738,0.9259259259259259,0.999,2.5161290322580645,15.5
1,0.9496646202996517,0.9259259259259259,0.999,2.4782608695652173,15.333333333333334
1,0.9492813175781991,0.9259259259259259,0.999,2.5054945054945055,15.166666666666666
1,0.9537429628326959,0.9378531073446328,0.999,2.466666666666667,15.0
1,0.9534043545862734,0.9378531073446328,0.999,2.4943820224719104,14.833333333333334
1,0.9532771160127735,0.9378531073446328,0.999,2.522727272727273,14.666666666666666
1,0.9550500761295508,0.9378531073446328,0.999,2.413793103448276,14.5
1,0.9555635845976247,0.9378531073446328,0.999,2.441860465116279,14.333333333333334
1,0.9609546072542056,0.9378531073446328,0.999,2.0470588235294116,14.166666666666666
1,0.9629070808644784,0.9378531073446328,0.999,2.0,14.0
1,0.9642176540059402,0.9695273631840796,0.999,1.9518072289156625,13.833333333333334
1,0.9641692225458594,0.9695273631840796,0.999,1.975609756097561,13.666666666666666
1,0.9647462532741895,0.9695273631840796,0.999,1.9259259259259258,13.5
1,0.9658899743579159,0.9695273631840796,0.999,1.875,13.333333333333334
1,0.9660211443482429,0.9695273631840796,0.999,1.89873417721519,13.166666666666666
1,0.9657993501629405,0.9695273631840796,0.999,1.9230769230769234,13.0
1,0.948416394972828,0.9550381372942593,0.999,1.948051948051948,12.833333333333334
1,0.9493999068815293,0.9550381372942593,0.999,1.894736842105263,12.666666666666666
1,0.9498915816170882,0.9550381372942593,0.999,1.92,12.5
1,0.950681054353711,0.9550381372942593,0.999,1.864864864864865,12.333333333333334
1,0.9550169205382366,0.9550381372942593,0.999,1.3972602739726026,12.166666666666666
1,0.9560216808214346,0.9550381372942593,0.999,1.3333333333333333,12.0
1,0.9559795717155604,0.9550381372942593,0.999,1.352112676056338,11.833333333333334
1,0.9595109088297453,0.9657534246575342,0.999,0.8571428571428571,11.666666666666666
1,0.9603683573225976,0.9695273631840796,0.999,0.7826086956521738,11.5
1,0.960315135438701,0.9657534246575342,0.999,0.7941176470588236,11.333333333333334
1,0.9613125367047692,0.9695273631840796,0.999,0.8059701492537313,11.166666666666666
1,0.9614007133154676,0.9695273631840796,0.999,0.8181818181818181,11.0
1,0.9626350008815969,0.9695273631840796,0.999,0.7384615384615385,10.833333333333334
1,0.9668156732549913,0.9695273631840796,0.999,0.1875,10.666666666666666
1,0.9670510764512373,0.9695273631840796,0.999,0.19047619047619047,10.5
1,0.9670618708383267,0.9695273631840796,0.999,0.1935483870967742,10.333333333333334
1,0.969531444003944,0.9695273631840796,0.999,0.09836065573770492,10.166666666666666
1,0.9319869504252626,0.887459807073955,0.963798035953439,5.9361702127659575,15.666666666666666
1,0.9320718830706054,0.887459807073955,0.9747843575258149,5.741935483870968,15.5
1,0.9329739678792008,0.887459807073955,0.9764677402293312,5.739130434782609,15.333333333333334
1,0.9330782298780772,0.887459807073955,0.9750708539350401,5.802197802197802,15.166666666666666
1,0.9362925272431829,0.92,0.973480581573842,5.866666666666666,15.0
1,0.9355652966657019,0.92,0.9716818056711809,5.932584269662922,14.833333333333334
1,0.9369252348106615,0.92,0.9732613978030917,5.931818181818182,14.666666666666666
1,0.9378021098732023,0.9259259259259259,0.9748420105480045,5.931034482758621,14.5
1,0.9407009887150095,0.9259259259259259,0.9764236787655104,5.930232558139535,14.333333333333334
1,0.9456586219083045,0.9550381372942593,0.9843491898346866,5.925925925925926,13.5
1,0.9466341650750154,0.9550381372942593,0.985938019774815,5.925000000000001,13.333333333333334
1,0.9471213814557614,0.9550381372942593,0.9875281998875582,5.924050632911393,13.166666666666666
1,0.947363596373656,0.9550381372942593,0.9891197809054233,5.923076923076923,13.0
1,0.948100750124528,0.9550381372942593,0.9907128161341617,5.922077922077922,12.833333333333334
1,0.9487224837959495,0.9550381372942593,0.9923073616179673,5.921052631578947,12.666666666666666
1,0.9601724119839596,0.9657534246575342,0.9939034763175648,5.92,12.5
1,0.960470979713783,0.9695273631840796,0.9955012223023725,5.918918918918919,12.333333333333334
1,0.973613291026207,0.9695273631840796,0.999,5.835616438356165,12.166666666666666
1,0.9752382295616213,0.9695273631840796,0.999,5.583333333333334,12.0
1,0.9777563644274356,0.9695273631840796,0.999,5.323943661971831,11.833333333333334
1,0.9658470990761254,0.9695273631840796,0.999,5.4,11.666666666666666
1,0.9654105210302281,0.9695273631840796,0.999,5.478260869565217,11.5
1,0.9652426110280944,0.9695273631840796,0.999,5.5588235294117645,11.333333333333334
1,0.9649429936005751,0.9695273631840796,0.999,5.64179104477612,11.166666666666666
1,0.9682118668616563,0.9695273631840796,0.999,5.363636363636363,11.0
1,0.9667033230686192,0.9695273631840796,0.999,5.446153846153846,10.833333333333334
1,0.9666250374673822,0.9695273631840796,0.999,5.53125,10.666666666666666
1,0.9674643176797761,0.9695273631840796,0.999,5.523809523809524,10.5
1,0.9673169311661234,0.9695273631840796,0.999,5.612903225806451,10.333333333333334
1,0.967789826785246,0.9695273631840796,0.999,5.606557377049181,10.166666666666666
1,0.9718916011610297,0.9695273631840796,0.999,5.1,10.0
1,0.9739241045879061,0.9695273631840796,0.999,4.779661016949152,9.833333333333334
1,0.9746674143968865,0.9695273631840796,0.999,4.758620689655173,9.666666666666666
1,0.9636027140206901,0.9695273631840796,0.999,4.842105263157895,9.5
1,0.9630422660831126,0.9695273631840796,0.999,4.928571428571429,9.333333333333334
1,0.9634055054011117,0.9695273631840796,0.999,5.018181818181818,9.166666666666666
1,0.9644159606350741,0.9695273631840796,0.999,5.111111111111111,9.0
1,0.9651956455739878,0.9695273631840796,0.999,5.2075471698113205,8.833333333333334
1,0.9656318679002195,0.9695273631840796,0.999,5.1923076923076925,8.666666666666666
1,0.9655120238119186,0.9695273631840796,0.999,5.294117647058823,8.5
1,0.964176035842696,0.9695273631840796,0.999,5.4,8.333333333333334
1,0.9644420094457222,0.9695273631840796,0.999,5.387755102040816,8.166666666666666
1,0.965729855688197,0.9695273631840796,0.999,5.375,8.0
1,0.9674266062978436,0.9695273631840796,0.999,5.23404255319149,7.833333333333333
1,0.9713508361662972,0.9695273631840796,0.999,4.565217391304348,7.666666666666667
1,0.9724859001360531,0.9695273631840796,0.999,4.533333333333333,7.5
1,0.9727968208472926,0.9695273631840796,0.999,4.5,7.333333333333333
1,0.9732847826986266,0.9695273631840796,0.999,4.465116279069767,7.166666666666667
1,0.9737930648697561,0.9695273631840796,0.999,4.571428571428571,7.0
1,0.9740787062914518,0.9695273631840796,0.999,4.682926829268293,6.833333333333333
1,0.9748449284999045,0.9695273631840796,0.999,4.5,6.666666666666667
1,0.9751608047900329,0.9695273631840796,0.999,4.461538461538462,6.5
1,0.9753549857453458,0.9695273631840796,0.999,4.421052631578947,6.333333333333333
1,0.9755859712858953,0.9695273631840796,0.999,4.378378378378378,6.166666666666667
1,0.9755151241856668,0.9695273631840796,0.999,4.5,6.0
1,0.9757816435468698,0.9695273631840796,0.999,4.457142857142857,5.833333333333333
1,0.975584091395038,0.9695273631840796,0.999,4.588235294117647,5.666666666666667
1,0.9758298370802687,0.9695273631840796,0.999,4.545454545454545,5.5
1,0.9785653406958323,0.9695273631840796,0.999,3.5625,5.333333333333333
1,0.9805188065024877,0.9809523809523809,0.999,2.903225806451613,5.166666666666667
1,0.9734067297244353,0.9695273631840796,0.999,5.853658536585366,6.833333333333333
1,0.9737665708849266,0.9695273631840796,0.999,5.85,6.666666666666667
1,0.9746140757662194,0.9695273631840796,0.999,5.692307692307692,6.5
1,0.9747145966518729,0.9695273631840796,0.999,5.684210526315789,6.333333333333333
1,0.8047833608264645,0.8038740920096852,0.9516353046177207,5.243697478991597,19.833333333333332
1,0.8038681569676972,0.8038740920096852,0.9501833208546794,5.288135593220339,19.666666666666668
1,0.804327842570232,0.8038740920096852,0.9472898765184488,5.230769230769231,19.5
1,0.6978009440451243,0.6408554572271388,0.8409389851434719,5.275862068965517,19.333333333333332
1,0.6440425447243763,0.5474683544303798,0.8049593777874459,5.321739130434782,19.166666666666668
1,0.8026699987779224,0.8038740920096852,0.9638691525936383,5.157894736842105,19.0
1,0.7861194030802299,0.7877480586712684,0.9490268845670281,5.20353982300885,18.833333333333332
1,0.7047232570734749,0.6408554572271388,0.8940438930549973,5.25,18.666666666666668
1,0.7095573602279538,0.6606217616580311,0.9030155018192484,5.243243243243243,18.5
1,0.7149761176754506,0.6606217616580311,0.9125769793731433,5.236363636363636,18.333333333333332
1,0.7263916410933985,0.7482678983833718,0.922186542536381,5.229357798165138,18.166666666666668
1,0.7019069725877058,0.6408554572271388,0.8857562691344402,5.277777777777778,18.0
1,0.7045972292059914,0.6408554572271388,0.8915817455272904,5.271028037383178,17.833333333333332
1,0.7045972292059914,0.6408554572271388,0.8915817455272904,5.271028037383178,17.833333333333332
1,0.6614521688375148,0.632258064516129,0.8668399493588549,5.320754716981132,17.666666666666668
1,0.6212201200514665,0.5454545454545452,0.8450562507361686,5.371428571428572,17.5
1,0.964414686359065,0.9695273631840796,0.999,5.869565217391305,7.666666666666667
1,0.8553507958213166,0.8441660140955364,0.9762917422677503,4.285714285714286,19.833333333333332
1,0.8508522297841475,0.8441660140955364,0.9790255872969426,4.220338983050848,19.666666666666668
1,0.8434578041737932,0.8441660140955364,0.9800447209805123,4.256410256410256,19.5
1,0.8423475341509103,0.8441660140955364,0.9819251999228692,4.241379310344827,19.333333333333332
1,0.8393787044093302,0.8441660140955364,0.9829190989634619,4.278260869565218,19.166666666666668
1,0.8372535805016812,0.8441660140955364,0.9838836824426606,4.315789473684211,19.0
1,0.841379886296135,0.8441660140955364,0.9857718099460437,4.300884955752212,18.833333333333332
1,0.8399655809573686,0.8441660140955364,0.9867077146557527,4.339285714285714,18.666666666666668
1,0.8387849792779372,0.8441660140955364,0.9876106725383491,4.378378378378378,18.5
1,0.8374342400974704,0.8441660140955364,0.986278101568607,4.418181818181818,18.333333333333332
1,0.8248889407428626,0.8384458077709611,0.9677009039627615,4.458715596330276,18.166666666666668
1,0.8595360652372155,0.8441660140955364,0.9943001897835001,4.277777777777778,18.0
1,0.8581970999708447,0.8441660140955364,0.995213208310702,4.317757009345794,17.833333333333332
1,0.8602398820782797,0.8441660140955364,0.9962060780546017,4.261682242990654,17.833333333333332
1,0.9175427398562872,0.887459807073955,0.999,4.0754716981132075,17.666666666666668
1,0.9167317214055359,0.887459807073955,0.999,4.114285714285714,17.5
1,0.9190017679337772,0.887459807073955,0.999,4.096153846153847,17.333333333333332
1,0.918206175431044,0.887459807073955,0.999,4.135922330097087,17.166666666666668
1,0.9199415009444274,0.887459807073955,0.999,4.117647058823529,17.0
1,0.9180702893286387,0.887459807073955,0.999,4.158415841584159,16.833333333333332
1,0.8907642154913427,0.8479657387580299,0.999,4.199999999999999,16.666666666666668
1,0.8907742006893887,0.8479657387580299,0.999,4.242424242424242,16.5
1,0.8915414391806176,0.8479657387580299,0.999,4.224489795918368,16.333333333333332
1,0.8922558756286074,0.8479657387580299,0.999,4.2061855670103085,16.166666666666668
1,0.8922180938151677,0.8479657387580299,0.999,4.25,16.0
1,0.8918526275053028,0.8479657387580299,0.999,4.294736842105263,15.833333333333334
1,0.8922871723205231,0.8479657387580299,0.999,4.276595744680851,15.666666666666666
1,0.8932319172623595,0.8479657387580299,0.999,4.258064516129032,15.5
1,0.8941614232808766,0.887459807073955,0.999,4.239130434782609,15.333333333333334
1,0.8952000919907834,0.887459807073955,0.999,4.285714285714286,15.166666666666666
1,0.8962294018847226,0.887459807073955,0.999,4.266666666666667,15.0
1,0.8960159617770804,0.887459807073955,0.999,4.314606741573034,14.833333333333334
1,0.900804379287403,0.887459807073955,0.999,4.247191011235955,14.833333333333334
1,0.9007973197703926,0.887459807073955,0.999,4.295454545454546,14.666666666666666
1,0.907153322698043,0.887459807073955,0.999,4.068965517241379,14.5
1,0.8708103458188472,0.8459214501510574,0.999,4.116279069767442,14.333333333333334
1,0.8734994412790157,0.8459214501510574,0.999,4.094117647058823,14.166666666666666
1,0.8730502593369682,0.8459214501510574,0.999,4.142857142857142,14.0
1,0.8746206389781481,0.8879781420765027,0.999,4.19277108433735,13.833333333333334
1,0.8737819667316329,0.8879781420765027,0.999,4.2439024390243905,13.666666666666666
1,0.8743633216599767,0.8879781420765027,0.999,4.296296296296296,13.5
1,0.8700104890870504,0.8879781420765027,0.999,4.35,13.333333333333334
1,0.8091458281908779,0.8148148148148148,0.9923622851379877,4.405063291139241,13.166666666666666
1,0.8708580192863145,0.8879781420765027,0.999,4.384615384615384,13.0
1,0.798676036494845,0.7846534653465347,0.97552369988843,4.441558441558442,12.833333333333334
1,0.7823561147626917,0.7778958554729012,0.9395298902357243,4.5,12.666666666666666
1,0.7964574611148229,0.7846534653465347,0.9523750701316648,4.48,12.5
1,0.7740337973317624,0.7778958554729012,0.9150437131113404,4.54054054054054,12.333333333333334
1,0.7657600256141672,0.7778958554729012,0.8787485970005832,4.602739726027397,12.166666666666666
1,0.8856387708554723,0.8961748633879781,0.999,4.333333333333333,12.0
1,0.8454224064659237,0.8659384309831182,0.9973498025318596,4.394366197183099,11.833333333333334
1,0.8861976466247768,0.8961748633879781,0.999,4.371428571428571,11.666666666666666
1,0.8254793346660902,0.8329519450800915,0.9786294790943274,4.434782608695652,11.5
1,0.8310042561061981,0.8409090909090909,0.9892498335889249,4.411764705882353,11.333333333333334
1,0.8915513252396554,0.8961748633879781,0.999,4.388059701492537,11.166666666666666
1,0.8950374924948405,0.8961748633879781,0.999,4.272727272727273,11.0
1,0.8962560455884997,0.8961748633879781,0.999,4.246153846153846,10.833333333333334
1,0.8975696078130364,0.8961748633879781,0.999,4.3125,10.666666666666666
1,0.8992633956775851,0.9,0.999,4.285714285714286,10.5
1,0.9009348974908913,0.9160467587672688,0.999,4.258064516129032,10.333333333333334
1,0.9017133263251584,0.9160467587672688,0.999,4.229508196721311,10.166666666666666
1,0.9014721931789991,0.9160467587672688,0.999,4.3,10.0
1,0.9081870556685716,0.9160467587672688,0.999,4.169491525423729,9.833333333333334
1,0.9109404892489961,0.9160467587672688,0.999,4.137931034482759,9.666666666666666
1,0.9131887738039416,0.9160467587672688,0.999,4.105263157894737,9.5
1,0.9139791137622781,0.9160467587672688,0.999,4.071428571428571,9.333333333333334
1,0.9150080883589953,0.9160467587672688,0.999,4.036363636363636,9.166666666666666
1,0.9167765030385219,0.9160467587672688,0.999,4.111111111111112,9.0
1,0.9258721218035069,0.9550381372942593,0.999,3.735849056603773,8.833333333333334
1,0.9259312910582247,0.9550381372942593,0.999,3.8076923076923075,8.666666666666666
1,0.9259813357427719,0.9550381372942593,0.999,3.882352941176471,8.5
1,0.9264621125126804,0.9550381372942593,0.999,3.96,8.333333333333334
1,0.9264160446031853,0.9550381372942593,0.999,4.040816326530612,8.166666666666666
1,0.9282037392283844,0.9550381372942593,0.999,4.0,8.0
1,0.9301995339815274,0.9550381372942593,0.999,3.957446808510638,7.833333333333333
1,0.937439766635144,0.9550381372942593,0.999,3.521739130434783,7.666666666666667
1,0.9392267264793683,0.9550381372942593,0.999,3.4666666666666663,7.5
1,0.939172616465457,0.9550381372942593,0.999,3.545454545454546,7.333333333333333
1,0.939212206327305,0.9550381372942593,0.999,3.627906976744186,7.166666666666667
1,0.9399924037143115,0.9550381372942593,0.999,3.571428571428571,7.0
1,0.9399762352145711,0.9550381372942593,0.999,3.6585365853658534,6.833333333333333
1,0.9397643321004556,0.9550381372942593,0.999,3.75,6.666666666666667
1,0.9399344621224937,0.9550381372942593,0.999,3.8461538461538467,6.5
1,0.9397505993015228,0.9550381372942593,0.999,3.947368421052632,6.333333333333333
1,0.9395457936085185,0.9550381372942593,0.999,4.054054054054054,6.166666666666667
1,0.9390723664376828,0.9550381372942593,0.999,4.166666666666666,6.0
1,0.9410469370390445,0.9550381372942593,0.999,4.114285714285714,5.833333333333333
1,0.9398533386775542,0.9550381372942593,0.999,4.235294117647059,5.666666666666667
1,0.9405948454144284,0.9550381372942593,0.999,4.181818181818182,5.5
1,0.9412741981393042,0.9550381372942593,0.999,4.125,5.333333333333333
1,0.9419644007497217,0.9550381372942593,0.999,4.064516129032258,5.166666666666667
1,0.8762422221847503,0.8879781420765027,0.984859769301122,5.855421686746988,13.833333333333334
1,0.878499375005757,0.8961748633879781,0.9864938889979883,5.853658536585366,13.666666666666666
1,0.8810016066253006,0.8961748633879781,0.9881303650965083,5.851851851851852,13.5
1,0.8952468328403962,0.8961748633879781,0.9934322238839243,5.775,13.333333333333334
1,0.916914039075533,0.9160467587672688,0.999,5.544303797468355,13.166666666666666
1,0.9241669303871034,0.9550381372942593,0.999,5.3076923076923075,13.0
1,0.9261306502684933,0.9550381372942593,0.999,5.298701298701299,12.833333333333334
1,0.9340021278207449,0.9550381372942593,0.999,4.894736842105263,12.666666666666666
1,0.9368062564097439,0.9550381372942593,0.999,4.675324675324676,12.833333333333334
1,0.9378627755624913,0.9550381372942593,0.999,4.657894736842105,12.666666666666666
1,0.9397020873571666,0.9550381372942593,0.999,4.64,12.5
1,0.9393348463886753,0.9550381372942593,0.999,4.702702702702703,12.333333333333334
1,0.9410804747780617,0.9550381372942593,0.999,4.684931506849315,12.166666666666666
1,0.9426527747228655,0.9550381372942593,0.999,4.583333333333333,12.0
1,0.9442697346912837,0.9550381372942593,0.999,4.563380281690141,11.833333333333334
1,0.9477011044898,0.9550381372942593,0.999,4.285714285714286,11.666666666666666
1,0.9481204530008824,0.9550381372942593,0.999,4.260869565217392,11.5
1,0.9501938870336932,0.9550381372942593,0.999,4.235294117647059,11.333333333333334
1,0.9543171503820764,0.9550381372942593,0.999,3.9402985074626864,11.166666666666666
1,0.9575571403410514,0.9550381372942593,0.999,3.6363636363636367,11.0
1,0.9354181869032652,0.9550381372942593,0.999,3.6923076923076925,10.833333333333334
1,0.9384662296866406,0.9550381372942593,0.999,3.65625,10.666666666666666
1,0.9403123247888343,0.9550381372942593,0.999,3.6190476190476186,10.5
1,0.9423433026743138,0.9550381372942593,0.999,3.67741935483871,10.333333333333334
1,0.9432753290055402,0.9550381372942593,0.999,3.639344262295082,10.166666666666666
1,0.9479983365390461,0.9550381372942593,0.999,3.4,10.0
1,0.9489516180767799,0.9550381372942593,0.999,3.3559322033898304,9.833333333333334
1,0.950123794520177,0.9550381372942593,0.999,3.2542372881355934,9.833333333333334
1,0.9508477654870411,0.9550381372942593,0.999,3.206896551724138,9.666666666666666
1,0.9505874089734598,0.9550381372942593,0.999,3.2631578947368425,9.5
1,0.9512067054486629,0.9550381372942593,0.999,3.2142857142857144,9.333333333333334
1,0.9521890641916648,0.9550381372942593,0.999,3.163636363636363,9.166666666666666
1,0.9543629755060091,0.9550381372942593,0.999,3.1111111111111107,9.0
1,0.9550346207379379,0.9550381372942593,0.999,3.169811320754717,8.833333333333334
1,0.9552980051573021,0.9550381372942593,0.999,3.169811320754717,8.833333333333334
1,0.956703920103495,0.9550381372942593,0.999,3.0,8.666666666666666
1,0.9579574115386811,0.9550381372942593,0.999,2.941176470588235,8.5
1,0.9595251643882632,0.9657534246575342,0.999,2.88,8.333333333333334
1,0.9613915494574752,0.9695273631840796,0.999,2.693877551020408,8.166666666666666
1,0.9614193851541135,0.9695273631840796,0.999,2.75,8.0
1,0.8308463730674496,0.8441660140955364,0.9447073544623377,5.445378151260504,19.833333333333332
1,0.8299910330476485,0.8441660140955364,0.942995548640653,5.491525423728813,19.666666666666668
1,0.8320001327734087,0.8441660140955364,0.9384430650332792,5.487179487179487,19.5
1,0.8672194047699171,0.8441660140955364,0.9551855067269183,5.327586206896552,19.333333333333332
1,0.8528289566610252,0.8441660140955364,0.9551569284668193,5.373913043478261,19.166666666666668
1,0.8758432603000861,0.8459214501510574,0.9622197999905325,5.210526315789474,19.0
1,0.8738368236860129,0.8459214501510574,0.9623142338697216,5.256637168141593,18.833333333333332
1,0.8721758738844957,0.8459214501510574,0.9623316256345569,5.303571428571429,18.666666666666668
1,0.8811768227823542,0.8479657387580299,0.9693405502591673,5.135135135135135,18.5
1,0.8785030106710057,0.8479657387580299,0.9694835453458787,5.181818181818182,18.333333333333332
1,0.8822600483085743,0.8479657387580299,0.9730074616026347,5.1192660550458715,18.166666666666668
1,0.8825243185598988,0.8479657387580299,0.9748469313612091,5.111111111111111,18.0
1,0.8837085721264766,0.8479657387580299,0.9766905123502002,5.102803738317757,17.833333333333332
1,0.8814294602500536,0.8479657387580299,0.9768100640029085,5.150943396226415,17.666666666666668
1,0.885535787187811,0.8479657387580299,0.9786520896796302,5.142857142857142,17.5
1,0.888481819100813,0.8479657387580299,0.9804984401393836,5.134615384615384,17.333333333333332
1,0.8955026801570356,0.887459807073955,0.9841075477547329,5.067961165048543,17.166666666666668
1,0.897193420787425,0.887459807073955,0.9842044646064809,5.117647058823529,17.0
1,0.8953371390762132,0.887459807073955,0.9842170596043199,5.1683168316831685,16.833333333333332
1,0.8961314066510345,0.887459807073955,0.9860703362348441,5.16,16.666666666666668
1,0.8960372380312072,0.887459807073955,0.9859850179175028,5.212121212121213,16.5
1,0.8963657196740954,0.887459807073955,0.9858019372236766,5.26530612244898,16.333333333333332
1,0.8944691802802586,0.887459807073955,0.9778254358643169,5.319587628865979,16.166666666666668
1,0.8960673059015416,0.887459807073955,0.9806431501812576,5.3125,16.0
1,0.8841734208373802,0.8479657387580299,0.9586013161485167,5.368421052631579,15.833333333333334
1,0.8754892576941832,0.8459214501510574,0.9365304089089909,5.425531914893617,15.666666666666666
1,0.8708119279361826,0.8459214501510574,0.9144295322782842,5.483870967741935,15.5
1,0.8729426499342692,0.8459214501510574,0.916535693052596,5.478260869565217,15.333333333333334
1,0.8768351192764952,0.8459214501510574,0.918692315466703,5.472527472527473,15.166666666666666
1,0.8810246239147794,0.8479657387580299,0.9209012358041512,5.466666666666667,15.0
1,0.9405007231789083,0.9259259259259259,0.999,5.258426966292135,14.833333333333334
1,0.943450547851258,0.9259259259259259,0.999,5.113636363636363,14.666666666666666
1,0.9431375766891053,0.9259259259259259,0.999,5.172413793103448,14.5
1,0.951651718429299,0.9259259259259259,0.999,4.953488372093023,14.333333333333334
1,0.9559188541268282,0.9378531073446328,0.999,4.729411764705882,14.166666666666666
1,0.9565507875252641,0.9378531073446328,0.999,4.7857142857142865,14.0
1,0.9576520127140877,0.9550381372942593,0.999,4.771084337349397,13.833333333333334
1,0.9583693775080816,0.9550561797752809,0.999,4.7560975609756095,13.666666666666666
1,0.9586514554493194,0.9550561797752809,0.999,4.7407407407407405,13.5
1,0.960036013188862,0.9657534246575342,0.999,4.65,13.333333333333334
1,0.9604624401658104,0.9695273631840796,0.999,4.632911392405063,13.166666666666666
1,0.9611952034284249,0.9695273631840796,0.999,4.615384615384616,13.0
1,0.961465659484251,0.9695273631840796,0.999,4.597402597402597,12.833333333333334
1,0.9620119564089165,0.9695273631840796,0.999,4.578947368421053,12.666666666666666
1,0.9422122927440285,0.9550381372942593,0.999,4.64,12.5
1,0.9428760593458779,0.9550381372942593,0.999,4.621621621621622,12.333333333333334
1,0.9429942439148751,0.9550381372942593,0.999,4.684931506849315,12.166666666666666
1,0.9430244158174955,0.9550381372942593,0.999,4.75,12.0
1,0.9445674445893957,0.9550381372942593,0.999,4.732394366197183,11.833333333333334
1,0.9453296519175062,0.9550381372942593,0.999,4.732394366197183,11.833333333333334
1,0.9487245677212357,0.9550381372942593,0.999,4.457142857142857,11.666666666666666
1,0.9494951445977882,0.9550381372942593,0.999,4.521739130434783,11.5
1,0.9508532960972327,0.9550381372942593,0.999,4.5,11.333333333333334
1,0.9514317845230451,0.9550381372942593,0.999,4.477611940298508,11.166666666666666
1,0.9520836959227754,0.9550381372942593,0.999,4.454545454545455,11.0
1,0.9521298608176685,0.9550381372942593,0.999,4.523076923076923,10.833333333333334
1,0.9530692735629733,0.9550381372942593,0.999,4.59375,10.666666666666666
1,0.9534522196454034,0.9550381372942593,0.999,4.666666666666667,10.5
1,0.9534056761225178,0.9550381372942593,0.999,4.741935483870968,10.333333333333334
1,0.9540305340118984,0.9550381372942593,0.999,4.721311475409836,10.166666666666666
1,0.9547475791924767,0.9550381372942593,0.999,4.7,10.0
1,0.9554427913973049,0.9550381372942593,0.999,4.677966101694915,9.833333333333334
1,0.9548143190335088,0.9550381372942593,0.999,4.758620689655173,9.666666666666666
1,0.9552781912895083,0.9550381372942593,0.999,4.7368421052631575,9.5
1,0.9556066594647243,0.9550381372942593,0.999,4.714285714285714,9.333333333333334
1,0.9563143395533454,0.9550381372942593,0.999,4.690909090909091,9.166666666666666
1,0.9572267659484817,0.9550381372942593,0.999,4.666666666666667,9.0
1,0.960915565701646,0.9695273631840796,0.999,4.30188679245283,8.833333333333334
1,0.9619418093843924,0.9695273631840796,0.999,4.269230769230769,8.666666666666666
1,0.9663966975840301,0.9695273631840796,0.999,3.882352941176471,8.5
1,0.966172976993162,0.9695273631840796,0.999,3.96,8.333333333333334
1,0.9668318451298084,0.9695273631840796,0.999,3.9183673469387754,8.166666666666666
1,0.9667572193277906,0.9695273631840796,0.999,4.0,8.0
1,0.9693517099681148,0.9695273631840796,0.999,3.574468085106383,7.833333333333333
1,0.9697167408305395,0.9695273631840796,0.999,3.521739130434783,7.666666666666667
1,0.9695339787129149,0.9695273631840796,0.999,3.5999999999999996,7.5
1,0.9587191192880218,0.9550561797752809,0.999,3.6818181818181817,7.333333333333333
1,0.9595011240394489,0.9657534246575342,0.999,3.627906976744186,7.166666666666667
1,0.9595466553568144,0.9657534246575342,0.999,3.7142857142857144,7.0
1,0.9626922555558604,0.9695273631840796,0.999,3.2195121951219514,6.833333333333333
1,0.9624700649848423,0.9695273631840796,0.999,3.3000000000000003,6.666666666666667
1,0.9625580485640854,0.9695273631840796,0.999,3.3846153846153846,6.5
1,0.963179554939346,0.9695273631840796,0.999,3.3157894736842106,6.333333333333333
1,0.9631183463570323,0.9695273631840796,0.999,3.4054054054054053,6.166666666666667
1,0.9651649234594425,0.9695273631840796,0.999,3.0,6.0
1,0.9655472467285435,0.9695273631840796,0.999,3.0857142857142854,5.833333333333333
1,0.9486472142742397,0.9550381372942593,0.999,5.853658536585366,6.833333333333333
1,0.9492707386341566,0.9550381372942593,0.999,5.85,6.666666666666667
1,0.9502685677506502,0.9550381372942593,0.999,5.846153846153846,6.5
1,0.9509134816159114,0.9550381372942593,0.999,5.842105263157895,6.333333333333333
1,0.9536527981368563,0.9550381372942593,0.999,5.675675675675675,6.166666666666667
1,0.9553665740652733,0.9550381372942593,0.999,5.5,6.0
1,0.955960376744393,0.9550381372942593,0.999,5.485714285714286,5.833333333333333
1,0.9564289086272406,0.9550381372942593,0.999,5.470588235294118,5.666666666666667
1,0.960348783177132,0.9682577678079665,0.999,5.2727272727272725,5.5
1,0.9586842704737113,0.9550561797752809,0.999,5.4375,5.333333333333333
1,0.9611279299912576,0.9695273631840796,0.999,5.225806451612903,5.166666666666667
1,0.8821807101584171,0.8479657387580299,0.9815982807770017,5.858823529411764,14.166666666666666
1,0.8839686282789181,0.8479657387580299,0.979590329177482,5.928571428571429,14.0
1,0.8862641547848553,0.8961748633879781,0.9811753894989936,5.927710843373494,13.833333333333334
1,0.8882290122495571,0.8961748633879781,0.9827616617545246,5.926829268292683,13.666666666666666
1,0.8919283464953504,0.8961748633879781,0.9843491898346866,5.925925925925926,13.5
1,0.893649996252385,0.8961748633879781,0.985938019774815,5.925000000000001,13.333333333333334
1,0.9307233720540299,0.9550381372942593,0.999,5.684210526315789,9.5
1,0.9311380178788441,0.9550381372942593,0.999,5.678571428571429,9.333333333333334
1,0.9312674713971048,0.9550381372942593,0.999,5.781818181818181,9.166666666666666
1,0.9334032257069235,0.9550381372942593,0.999,5.777777777777778,9.0
1,0.9357342217773221,0.9550381372942593,0.999,5.660377358490566,8.833333333333334
1,0.9386375410801112,0.9550381372942593,0.999,5.653846153846153,8.666666666666666
1,0.9461801585156313,0.9550381372942593,0.999,5.294117647058823,8.5
1,0.947487775732223,0.9550381372942593,0.999,5.28,8.333333333333334
1,0.945477087365346,0.9550381372942593,0.999,5.387755102040816,8.166666666666666
1,0.9464108615973882,0.9550381372942593,0.999,5.375,8.0
1,0.9496560912253127,0.9550381372942593,0.999,5.23404255319149,7.833333333333333
1,0.9517255220644003,0.9550381372942593,0.999,5.086956521739131,7.666666666666667
1,0.952563329561199,0.9550381372942593,0.999,5.066666666666666,7.5
1,0.9532874620407918,0.9550381372942593,0.999,5.045454545454546,7.333333333333333
1,0.9569136690136651,0.9550381372942593,0.999,4.604651162790698,7.166666666666667
1,0.9611920544494426,0.9695273631840796,0.999,4.142857142857142,7.0
1,0.9619274506875188,0.9695273631840796,0.999,4.097560975609756,6.833333333333333
1,0.9618224376136939,0.9695273631840796,0.999,4.199999999999999,6.666666666666667
1,0.9648299896551351,0.9695273631840796,0.999,4.153846153846153,6.5
1,0.9660423598317736,0.9695273631840796,0.999,3.947368421052632,6.333333333333333
1,0.9663932789930992,0.9695273631840796,0.999,3.891891891891892,6.166666666666667
1,0.9670208826617905,0.9695273631840796,0.999,3.833333333333333,6.0
1,0.9684283543566781,0.9695273631840796,0.999,3.5999999999999996,5.833333333333333
1,0.9691182701534511,0.9695273631840796,0.999,3.5294117647058822,5.666666666666667
1,0.9701242294059,0.9695273631840796,0.999,3.454545454545455,5.5
1,0.9706849736664815,0.9695273631840796,0.999,3.375,5.333333333333333
1,0.971223176655589,0.9695273631840796,0.999,3.290322580645161,5.166666666666667
1,0.8246993024279705,0.8329519450800915,0.9811753894989936,5.927710843373494,13.833333333333334
1,0.8373783851627188,0.8409090909090909,0.9917474586601124,5.777777777777778,13.5
1,0.8590823984351814,0.8659384309831182,0.9934322238839243,5.775,13.333333333333334
1,0.8608669384987415,0.8659384309831182,0.9951205381823199,5.772151898734178,13.166666666666666
1,0.8682307485788647,0.8879781420765027,0.9968125282826003,5.769230769230769,13.0
1,0.8697119165706243,0.8879781420765027,0.9947015825452898,5.8441558441558445,12.833333333333334
1,0.8714510145073209,0.8879781420765027,0.9963511907253196,5.842105263157895,12.666666666666666
1,0.872391756308109,0.8879781420765027,0.9939034763175648,5.92,12.5
1,0.8731359876597344,0.8879781420765027,0.9955012223023725,5.918918918918919,12.333333333333334
1,0.9093045947130998,0.9160467587672688,0.999,5.815384615384615,10.833333333333334
1,0.9103038572763784,0.9160467587672688,0.999,5.8125,10.666666666666666
1,0.912979056336019,0.9160467587672688,0.999,5.63076923076923,10.833333333333334
1,0.9281333368530946,0.9550381372942593,0.999,5.34375,10.666666666666666
1,0.9291255216623042,0.9550381372942593,0.999,5.333333333333333,10.5
1,0.9265620078235942,0.9550381372942593,0.999,5.419354838709677,10.333333333333334
1,0.9196478643873716,0.9160467587672688,0.999,5.508196721311475,10.166666666666666
1,0.9196683996421271,0.9160467587672688,0.999,5.6,10.0
1,0.9195045910755346,0.9160467587672688,0.999,5.694915254237288,9.833333333333334
1,0.9349359076329425,0.9550381372942593,0.999,5.907692307692308,10.833333333333334
1,0.9382991701848455,0.9550381372942593,0.999,5.625,10.666666666666666
1,0.9503267505547287,0.9550381372942593,0.999,5.333333333333333,10.5
1,0.9491328425841514,0.9550381372942593,0.999,5.419354838709677,10.333333333333334
1,0.9431416550459703,0.9550381372942593,0.999,5.508196721311475,10.166666666666666
1,0.9430340949680199,0.9550381372942593,0.999,5.6,10.0
1,0.9542224681260201,0.9550381372942593,0.999,5.288135593220339,9.833333333333334
1,0.9519622565232154,0.9550381372942593,0.999,5.379310344827586,9.666666666666666
1,0.9526480781776041,0.9550381372942593,0.999,5.368421052631579,9.5
1,0.9568629701990528,0.9550381372942593,0.999,5.035714285714286,9.333333333333334
1,0.9578109478056238,0.9550381372942593,0.999,5.018181818181818,9.166666666666666
1,0.9589358749250374,0.9657534246575342,0.999,5.111111111111111,9.0
1,0.9604273331308132,0.9695273631840796,0.999,4.981132075471699,8.833333333333334
1,0.96067352649408,0.9695273631840796,0.999,5.076923076923077,8.666666666666666
1,0.9611345240188406,0.9695273631840796,0.999,5.176470588235294,8.5
1,0.9616044806649604,0.9695273631840796,0.999,5.16,8.333333333333334
1,0.9643738001603803,0.9695273631840796,0.999,4.775510204081632,8.166666666666666
1,0.9651413380309534,0.9695273631840796,0.999,4.75,8.0
1,0.9662003815705922,0.9695273631840796,0.999,4.723404255319149,7.833333333333333
1,0.9675485941558042,0.9695273631840796,0.999,4.695652173913044,7.666666666666667
1,0.96907967964616,0.9695273631840796,0.999,4.533333333333333,7.5
1,0.9696644308305764,0.9695273631840796,0.999,4.5,7.333333333333333
1,0.969649580624419,0.9695273631840796,0.999,4.604651162790698,7.166666666666667
1,0.9698732797812626,0.9695273631840796,0.999,4.571428571428571,7.0
1,0.9709826210797985,0.9695273631840796,0.999,4.536585365853659,6.833333333333333
1,0.971204323825715,0.9695273631840796,0.999,4.5,6.666666666666667
1,0.9711807924935331,0.9695273631840796,0.999,4.615384615384616,6.5
1,0.9734475458765227,0.9695273631840796,0.999,4.105263157894737,6.333333333333333
1,0.9744088553122565,0.9695273631840796,0.999,3.891891891891892,6.166666666666667
1,0.9744506959848187,0.9695273631840796,0.999,4.0,6.0
1,0.9749442458486848,0.9695273631840796,0.999,3.942857142857143,5.833333333333333
1,0.9747023997368771,0.9695273631840796,0.999,4.0588235294117645,5.666666666666667
1,0.9763332620248518,0.9695273631840796,0.999,3.454545454545455,5.5
1,0.9777022759042098,0.9695273631840796,0.999,2.8125,5.333333333333333
1,0.9787458968445774,0.9695273631840796,0.999,2.5161290322580645,5.166666666666667
1,0.8001749308537471,0.8038740920096852,0.930830848360741,5.798319327731092,19.833333333333332
1,0.7887659034147232,0.7877480586712684,0.9249342345451474,5.847457627118644,19.666666666666668
1,0.8024972392177823,0.8038740920096852,0.932094695693591,5.794871794871795,19.5
1,0.7927021155531451,0.7877480586712684,0.9219628596006606,5.844827586206897,19.333333333333332
1,0.7790394731432371,0.7877480586712684,0.9180270345040342,5.895652173913043,19.166666666666668
1,0.7799020061930262,0.7877480586712684,0.9165277261510205,5.894736842105263,19.0
1,0.7778028613505099,0.7877480586712684,0.9124662464125226,5.946902654867257,18.833333333333332
1,0.7778028613505099,0.7877480586712684,0.9124662464125226,5.946902654867257,18.833333333333332
1,0.7962656573230441,0.8038740920096852,0.9169739848040455,5.836363636363637,18.333333333333332
1,0.8325727691828599,0.8441660140955364,0.9530660097851226,5.669724770642202,18.166666666666668
1,0.8309658102782217,0.8441660140955364,0.9523411051148419,5.722222222222222,18.0
1,0.8197808609078316,0.8384458077709611,0.939147605675257,5.775700934579439,17.833333333333332
1,0.8042409309215641,0.8038740920096852,0.9192119366992646,5.830188679245283,17.666666666666668
1,0.8504535450357416,0.8441660140955364,0.9645588111985884,5.542857142857143,17.5
1,0.8536822886760522,0.8441660140955364,0.9663022530058814,5.538461538461538,17.333333333333332
1,0.8796014852804985,0.8479657387580299,0.9746280072974002,5.359223300970874,17.166666666666668
1,0.8655269714291763,0.8441660140955364,0.9743013481821787,5.411764705882353,17.0
1,0.8697456105259065,0.8459214501510574,0.9760926415797091,5.405940594059406,16.833333333333332
1,0.8878667984509767,0.8479657387580299,0.9841395291227628,5.22,16.666666666666668
1,0.8905311576529149,0.8479657387580299,0.9859850179175028,5.212121212121213,16.5
1,0.8895637658802971,0.8479657387580299,0.9858019372236766,5.26530612244898,16.333333333333332
1,0.8889451320663415,0.8479657387580299,0.9855141309770199,5.319587628865979,16.166666666666668
1,0.8797276056235209,0.8479657387580299,0.985114048681383,5.375,16.0
1,0.9122929182971538,0.887459807073955,0.9973252543748924,5.052631578947368,15.833333333333334
1,0.9364350839263977,0.92,0.999,5.042553191489362,15.666666666666666
1,0.936163401882588,0.92,0.999,5.096774193548387,15.5
1,0.9039749174495079,0.887459807073955,0.999,5.1521739130434785,15.333333333333334
1,0.9062793898384773,0.887459807073955,0.999,5.142857142857142,15.166666666666666
1,0.914028489101345,0.887459807073955,0.999,4.933333333333334,15.0
1,0.9156574944840085,0.887459807073955,0.999,4.921348314606742,14.833333333333334
1,0.9141995215409224,0.887459807073955,0.999,4.9772727272727275,14.666666666666666
1,0.9226410095128436,0.887459807073955,0.999,4.758620689655173,14.5
1,0.9239180061239487,0.887459807073955,0.999,4.7441860465116275,14.333333333333334
1,0.931514421808824,0.887459807073955,0.999,4.376470588235294,14.166666666666666
1,0.9358348584371883,0.92,0.999,4.142857142857142,14.0
1,0.9379879431211999,0.9550381372942593,0.999,4.120481927710843,13.833333333333334
1,0.9388096415378773,0.9550381372942593,0.999,4.170731707317072,13.666666666666666
1,0.940349494504322,0.9550381372942593,0.999,4.074074074074074,13.5
1,0.942725895298215,0.9550381372942593,0.999,4.050000000000001,13.333333333333334
1,0.9456242942036767,0.9550381372942593,0.999,3.79746835443038,13.166666666666666
1,0.9454645777336624,0.9550381372942593,0.999,3.8461538461538467,13.0
1,0.9464776082614912,0.9550381372942593,0.999,3.896103896103896,12.833333333333334
1,0.9506321909948017,0.9550381372942593,0.999,3.5844155844155843,12.833333333333334
1,0.9513699884042933,0.9550381372942593,0.999,3.552631578947368,12.666666666666666
1,0.9559599957598846,0.9550381372942593,0.999,3.28,12.5
1,0.9568807850752756,0.9550381372942593,0.999,3.2432432432432434,12.333333333333334
1,0.9574097448664889,0.9550381372942593,0.999,3.287671232876712,12.166666666666666
1,0.9582149031394617,0.9550561797752809,0.999,3.25,12.0
1,0.9592616571175052,0.9657534246575342,0.999,3.1267605633802815,11.833333333333334
1,0.9598308653255974,0.9657534246575342,0.999,3.1714285714285717,11.666666666666666
1,0.9597600306379743,0.9657534246575342,0.999,3.217391304347826,11.5
1,0.9632377268247685,0.9695273631840796,0.999,2.911764705882353,11.333333333333334
1,0.9643026539081061,0.9695273631840796,0.999,2.8656716417910446,11.166666666666666
1,0.9647964355727161,0.9695273631840796,0.999,2.8181818181818183,11.0
1,0.9655676900646595,0.9695273631840796,0.999,2.676923076923077,10.833333333333334
1,0.9665705186272164,0.9695273631840796,0.999,2.625,10.666666666666666
1,0.9672261140861584,0.9695273631840796,0.999,2.571428571428571,10.5
1,0.9682533580635873,0.9695273631840796,0.999,2.5161290322580645,10.333333333333334
1,0.9680945327953066,0.9695273631840796,0.999,2.5573770491803276,10.166666666666666
1,0.9685377686323646,0.9695273631840796,0.999,2.5,10.0
1,0.9688757289324845,0.9695273631840796,0.999,2.542372881355932,9.833333333333334
1,0.9546630855212772,0.9550381372942593,0.999,2.586206896551724,9.666666666666666
1,0.9562880779570021,0.9550381372942593,0.999,2.526315789473684,9.5
1,0.9565384676045219,0.9550381372942593,0.999,2.571428571428571,9.333333333333334
1,0.956755023654863,0.9550381372942593,0.999,2.618181818181818,9.166666666666666
1,0.9575218625541828,0.9550381372942593,0.999,2.6666666666666665,9.0
1,0.9615943248287875,0.9695273631840796,0.999,2.0377358490566038,8.833333333333334
1,0.9620828978786329,0.9695273631840796,0.999,1.9615384615384617,8.666666666666666
1,0.9625394719486413,0.9695273631840796,0.999,1.8823529411764706,8.5
1,0.9643143316272704,0.9695273631840796,0.999,1.7999999999999998,8.333333333333334
1,0.9643264280958703,0.9695273631840796,0.999,1.836734693877551,8.166666666666666
1,0.9651484521345113,0.9695273631840796,0.999,1.75,8.0
1,0.9663588277731632,0.9695273631840796,0.999,1.6595744680851063,7.833333333333333
1,0.9716259286153124,0.9695273631840796,0.999,0.9130434782608696,7.666666666666667
1,0.972327530042423,0.9695273631840796,0.999,0.8,7.5
1,0.9726265904469341,0.9695273631840796,0.999,0.8181818181818181,7.333333333333333
1,0.9829423143167373,0.99,0.999,5.571428571428571,7.0
1,0.9833789520382498,0.99,0.999,5.414634146341464,6.833333333333333
1,0.9835052288587613,0.99,0.999,5.4,6.666666666666667
1,0.9838792271390158,0.99,0.999,5.384615384615385,6.5
1,0.9839637195258054,0.99,0.999,5.368421052631579,6.333333333333333
1,0.9852695921399759,0.99,0.999,5.1891891891891895,6.166666666666667
1,0.9853984512968353,0.99,0.999,5.166666666666667,6.0
1,0.985527683740445,0.99,0.999,5.142857142857142,5.833333333333333
1,0.9860427580013649,0.99,0.999,4.9411764705882355,5.666666666666667
1,0.9865471288019028,0.99,0.999,4.909090909090909,5.5
1,0.986282864858886,0.99,0.999,5.0625,5.333333333333333
1,0.9865457172190895,0.99,0.999,5.032258064516129,5.166666666666667
1,0.9687416963003395,0.9695273631840796,0.999,5.571428571428571,7.0
1,0.9690029995036606,0.9695273631840796,0.999,5.560975609756098,6.833333333333333
1,0.9692310819523193,0.9695273631840796,0.999,5.550000000000001,6.666666666666667
1,0.9696555301707142,0.9695273631840796,0.999,5.538461538461538,6.5
1,0.969756382937342,0.9695273631840796,0.999,5.526315789473684,6.333333333333333
1,0.9726149135387472,0.9695273631840796,0.999,5.1891891891891895,6.166666666666667
1,0.9733956616227917,0.9695273631840796,0.999,5.0,6.0
1,0.9747233913309812,0.9695273631840796,0.999,4.800000000000001,5.833333333333333
1,0.9753736635787089,0.9695273631840796,0.999,4.628571428571429,5.833333333333333
1,0.9749979662679003,0.9695273631840796,0.999,4.764705882352941,5.666666666666667
1,0.974704154686572,0.9695273631840796,0.999,4.909090909090909,5.5
1,0.9751579426165147,0.9695273631840796,0.999,4.875,5.333333333333333
1,0.9754001666839167,0.9695273631840796,0.999,4.838709677419354,5.166666666666667
1,0.9666588877989056,0.9695273631840796,0.999,5.909090909090909,11.0
1,0.9669009971682924,0.9695273631840796,0.999,5.907692307692308,10.833333333333334
1,0.9678142338242398,0.9695273631840796,0.999,5.8125,10.666666666666666
1,0.9680749760322376,0.9695273631840796,0.999,5.809523809523809,10.5
1,0.969714675483013,0.9695273631840796,0.999,5.516129032258064,10.333333333333334
1,0.9702496323614958,0.9695273631840796,0.999,5.508196721311475,10.166666666666666
1,0.9700035265595108,0.9695273631840796,0.999,5.6,10.0
1,0.9702989313620702,0.9695273631840796,0.999,5.59322033898305,9.833333333333334
1,0.9705560651475171,0.9695273631840796,0.999,5.586206896551724,9.666666666666666
1,0.9707739896253113,0.9695273631840796,0.999,5.578947368421053,9.5
1,0.9705546523361992,0.9695273631840796,0.999,5.678571428571429,9.333333333333334
1,0.971900909973169,0.9695273631840796,0.999,5.5636363636363635,9.166666666666666
1,0.9751493304263246,0.9695273631840796,0.999,5.222222222222222,9.0
1,0.9761944993698345,0.9695273631840796,0.999,5.09433962264151,8.833333333333334
1,0.9764711683701783,0.9695273631840796,0.999,4.961538461538462,8.666666666666666
1,0.9767408326175999,0.9695273631840796,0.999,4.9411764705882355,8.5
1,0.977215235337296,0.9695273631840796,0.999,4.92,8.333333333333334
1,0.9790085451659669,0.9695273631840796,0.999,4.285714285714286,8.166666666666666
1,0.9807280432802705,0.9809523809523809,0.999,3.875,8.0
1,0.9817446207507623,0.9836065573770492,0.999,3.446808510638298,7.833333333333333
1,0.9832926226867542,0.99,0.999,2.7391304347826084,7.666666666666667
1,0.9838310109824973,0.99,0.999,2.2666666666666666,7.5
1,0.9843349527440104,0.99,0.999,2.3181818181818183,7.333333333333333
1,0.9847021012265645,0.99,0.999,2.0930232558139537,7.166666666666667
1,0.9848403588096271,0.99,0.999,1.8571428571428572,7.0
1,0.9851974399623783,0.99,0.999,1.6097560975609757,6.833333333333333
1,0.9853697835510933,0.99,0.999,1.5,6.666666666666667
1,0.9858522227315989,0.99,0.999,1.3846153846153846,6.5
1,0.9858639740221679,0.99,0.999,1.263157894736842,6.333333333333333
1,0.984772325634635,0.99,0.999,1.135135135135135,6.166666666666667
1,0.9853923511356135,0.99,0.999,1.0,6.0
1,0.9854221931826537,0.99,0.999,1.0285714285714285,5.833333333333333
1,0.9859204484814382,0.99,0.999,0.8823529411764706,5.666666666666667
1,0.986170548017025,0.99,0.999,0.6857142857142857,5.833333333333333
1,0.8482484370361805,0.8441660140955364,0.9525702982315534,5.883495145631068,17.166666666666668
1,0.7993762559970492,0.8038740920096852,0.9512265663428051,5.9411764705882355,17.0
1,0.8135307024643927,0.8307692307692308,0.957506343495181,5.938775510204081,16.333333333333332
1,0.8252574458475255,0.8384458077709611,0.9680792732392738,5.752577319587629,16.166666666666668
1,0.8255849382266222,0.8384458077709611,0.9668308721976442,5.8125,16.0
1,0.8259249798751502,0.8384458077709611,0.9654080927938505,5.873684210526316,15.833333333333334
1,0.8247127111692297,0.8384458077709611,0.963798035953439,5.9361702127659575,15.666666666666666
1,0.8299871476977685,0.8441660140955364,0.9747843575258149,5.741935483870968,15.5
1,0.8296784020400552,0.8441660140955364,0.9734182028587463,5.804347826086956,15.333333333333334
1,0.831152546202367,0.8441660140955364,0.9750708539350401,5.802197802197802,15.166666666666666
1,0.8400217535494992,0.8441660140955364,0.9857125290390966,5.6,15.0
1,0.8392999944526229,0.8441660140955364,0.9845627396380443,5.662921348314606,14.833333333333334
1,0.8440252225673375,0.8441660140955364,0.9892259746627481,5.590909090909091,14.666666666666666
1,0.8449172974031868,0.8441660140955364,0.9909894017468519,5.586206896551724,14.5
1,0.8461825218300789,0.8441660140955364,0.9897613894109145,5.651162790697675,14.333333333333334
1,0.8493298681985315,0.8441660140955364,0.9883413262389136,5.717647058823529,14.166666666666666
1,0.8501282781470291,0.8441660140955364,0.9900516499393082,5.7142857142857135,14.0
1,0.8504528146141547,0.8659384309831182,0.9883880969320158,5.783132530120482,13.833333333333334
1,0.8915026127088139,0.8961748633879781,0.999,5.560975609756098,13.666666666666666
1,0.9228655145552547,0.9550381372942593,0.999,5.333333333333333,13.5
1,0.9254156329075448,0.9550381372942593,0.999,5.324999999999999,13.333333333333334
1,0.9274003729670128,0.9550381372942593,0.999,5.3164556962025316,13.166666666666666
1,0.9278813594134875,0.9550381372942593,0.999,5.3076923076923075,13.0
1,0.9287106688633919,0.9550381372942593,0.999,5.298701298701299,12.833333333333334
1,0.9248994623569947,0.9550381372942593,0.999,5.368421052631579,12.666666666666666
1,0.9271969272935314,0.9550381372942593,0.999,5.4399999999999995,12.5
1,0.9114459794504837,0.9160467587672688,0.999,5.513513513513514,12.333333333333334
1,0.9358487145084564,0.9550381372942593,0.999,5.260273972602739,12.166666666666666
1,0.9377739033242225,0.9550381372942593,0.999,5.25,12.0
1,0.9414134558653925,0.9550381372942593,0.999,4.985915492957746,11.833333333333334
1,0.9463340765406763,0.9550381372942593,0.999,4.542857142857143,11.666666666666666
1,0.9482160104679347,0.9550381372942593,0.999,4.521739130434783,11.5
1,0.9498629130673215,0.9550381372942593,0.999,4.235294117647059,11.333333333333334
1,0.9497958631203036,0.9550381372942593,0.999,4.298507462686567,11.166666666666666
1,0.9506097319227449,0.9550381372942593,0.999,4.272727272727273,11.0
1,0.951235412810481,0.9550381372942593,0.999,4.246153846153846,10.833333333333334
1,0.9529545869289304,0.9550381372942593,0.999,4.21875,10.666666666666666
1,0.9544361613446694,0.9550381372942593,0.999,4.285714285714286,10.5
1,0.9550662397595502,0.9550381372942593,0.999,4.35483870967742,10.333333333333334
1,0.9557689940137907,0.9550381372942593,0.999,4.327868852459017,10.166666666666666
1,0.9564530982298651,0.9550381372942593,0.999,4.3,10.0
1,0.9569019501579092,0.9550381372942593,0.999,4.271186440677966,9.833333333333334
1,0.9585079312934113,0.9550561797752809,0.999,3.9310344827586206,9.666666666666666
1,0.9585815647967693,0.9550561797752809,0.999,4.0,9.5
1,0.9581962711434538,0.9550561797752809,0.999,4.071428571428571,9.333333333333334
1,0.9608586222431779,0.9695273631840796,0.999,4.036363636363636,9.166666666666666
1,0.962966381269625,0.9695273631840796,0.999,3.666666666666667,9.0
1,0.9649588894912349,0.9695273631840796,0.999,3.6226415094339623,8.833333333333334
1,0.9663101885499183,0.9695273631840796,0.999,3.5769230769230766,8.666666666666666
1,0.966303038856642,0.9695273631840796,0.999,3.6470588235294112,8.5
1,0.9669660469986124,0.9695273631840796,0.999,3.7199999999999998,8.333333333333334
1,0.9669945199171506,0.9695273631840796,0.999,3.795918367346939,8.166666666666666
1,0.9676372921307417,0.9695273631840796,0.999,3.75,8.0
1,0.9683621513982039,0.9695273631840796,0.999,3.702127659574468,7.833333333333333
1,0.9688092556532419,0.9695273631840796,0.999,3.6521739130434785,7.666666666666667
1,0.9692260588435028,0.9695273631840796,0.999,3.5999999999999996,7.5
1,0.9720910869442112,0.9695273631840796,0.999,2.8636363636363638,7.333333333333333
1,0.9744189534199483,0.9695273631840796,0.999,2.3720930232558137,7.166666666666667
1,0.9780929461925094,0.9695273631840796,0.999,1.5714285714285716,7.0
1,0.9781907364129647,0.9695273631840796,0.999,1.6097560975609757,6.833333333333333
1,0.9789335594342694,0.9695273631840796,0.999,1.5,6.666666666666667
1,0.9805140580299752,0.9809523809523809,0.999,0.9230769230769231,6.5
1,0.981183131919239,0.9809523809523809,0.999,0.631578947368421,6.333333333333333
1,0.98116143129939,0.9809523809523809,0.999,0.32432432432432434,6.166666666666667
1,0.9816672026971232,0.9836065573770492,0.999,0.16666666666666666,6.0
1,0.9381917063257821,0.9550381372942593,0.9947015825452898,5.8441558441558445,12.833333333333334
1,0.9390885286094554,0.9550381372942593,0.9963511907253196,5.842105263157895,12.666666666666666
1,0.9407185411374602,0.9550381372942593,0.9980037275226302,5.84,12.5
1,0.963401608404594,0.9695273631840796,0.999,5.837837837837839,12.333333333333334
1,0.9636020048966596,0.9695273631840796,0.999,5.835616438356165,12.166666666666666
1,0.9418899698650688,0.9550381372942593,0.9987018732109456,5.916666666666667,12.0
1,0.9646121553973148,0.9695273631840796,0.999,5.830985915492958,11.833333333333334
1,0.9641514616446444,0.9695273631840796,0.999,5.914285714285715,11.666666666666666
1,0.9644725271298904,0.9695273631840796,0.999,5.91304347826087,11.5
1,0.9669625261581734,0.9695273631840796,0.999,5.7272727272727275,11.0
1,0.9670310676494439,0.9695273631840796,0.999,5.723076923076923,10.833333333333334
1,0.9685638600677816,0.9695273631840796,0.999,5.53125,10.666666666666666
1,0.9691857706069797,0.9695273631840796,0.999,5.523809523809524,10.5
1,0.9695222754721784,0.9695273631840796,0.999,5.516129032258064,10.333333333333334
1,0.9692321312095686,0.9695273631840796,0.999,5.606557377049181,10.166666666666666
1,0.9690887479604421,0.9695273631840796,0.999,5.699999999999999,10.0
1,0.9695735928851049,0.9695273631840796,0.999,5.694915254237288,9.833333333333334
1,0.969747202502218,0.9695273631840796,0.999,5.689655172413794,9.666666666666666
1,0.9697714583862327,0.9695273631840796,0.999,5.684210526315789,9.5
1,0.9524474557523506,0.9550381372942593,0.999,5.785714285714286,9.333333333333334
1,0.952189071907281,0.9550381372942593,0.999,5.890909090909091,9.166666666666666
1,0.9522391409095179,0.9550381372942593,0.999,5.888888888888889,9.0
1,0.9529381115444693,0.9550381372942593,0.999,5.886792452830189,8.833333333333334
1,0.9546480741032508,0.9550381372942593,0.999,5.76,8.333333333333334
1,0.9573533270285731,0.9550381372942593,0.999,5.387755102040816,8.166666666666666
1,0.9583373458574007,0.9550561797752809,0.999,5.375,8.0
1,0.963195359466946,0.9695273631840796,0.999,4.9787234042553195,7.833333333333333
1,0.966411637725683,0.9695273631840796,0.999,4.565217391304348,7.666666666666667
1,0.96689425623788,0.9695273631840796,0.999,4.533333333333333,7.5
1,0.9677910513003517,0.9695273631840796,0.999,4.5,7.333333333333333
1,0.9697322785868303,0.9695273631840796,0.999,4.046511627906977,7.166666666666667
1,0.9699351928192885,0.9695273631840796,0.999,4.0,7.0
1,0.9702568863867294,0.9695273631840796,0.999,3.951219512195122,6.833333333333333
1,0.9705495869922658,0.9695273631840796,0.999,3.9000000000000004,6.666666666666667
1,0.9706154673599976,0.9695273631840796,0.999,4.0,6.5
1,0.9707777120201124,0.9695273631840796,0.999,3.947368421052632,6.333333333333333
1,0.961228249997634,0.9695273631840796,0.999,4.054054054054054,6.166666666666667
1,0.9610136410213355,0.9695273631840796,0.999,4.166666666666666,6.0
1,0.9614996602299234,0.9695273631840796,0.999,4.114285714285714,5.833333333333333
1,0.9373405011848419,0.9550381372942593,0.999,5.625,10.666666666666666
1,0.9372389116874495,0.9550381372942593,0.999,5.7142857142857135,10.5
1,0.9389533533132854,0.9550381372942593,0.999,5.612903225806451,10.333333333333334
1,0.9391449373070189,0.9550381372942593,0.999,5.704918032786885,10.166666666666666
1,0.9462769910793541,0.9550381372942593,0.999,5.4,10.0
1,0.9501561563095818,0.9550381372942593,0.999,5.084745762711864,9.833333333333334
1,0.9310913897926819,0.9550381372942593,0.999,5.084745762711864,9.833333333333334
1,0.9326165642913979,0.9550381372942593,0.999,5.172413793103448,9.666666666666666
1,0.9331563306982057,0.9550381372942593,0.999,5.157894736842105,9.5
1,0.9342541728397475,0.9550381372942593,0.999,5.142857142857142,9.333333333333334
1,0.9342576984429662,0.9550381372942593,0.999,5.236363636363636,9.166666666666666
1,0.9348899547796921,0.9550381372942593,0.999,5.333333333333333,9.0
1,0.9363548976829689,0.9550381372942593,0.999,5.320754716981132,8.833333333333334
1,0.9414378418548462,0.9550381372942593,0.999,4.961538461538462,8.666666666666666
1,0.944098982279443,0.9550381372942593,0.999,4.8235294117647065,8.5
1,0.9151356976786786,0.9160467587672688,0.9811753894989936,5.927710843373494,13.833333333333334
1,0.9312608111432745,0.9550381372942593,0.9934840413098504,5.7073170731707314,13.666666666666666
1,0.932711618538351,0.9550381372942593,0.9952063719290921,5.703703703703704,13.5
1,0.9337223259260821,0.9550381372942593,0.9969329776793892,5.699999999999999,13.333333333333334
1,0.9359441866229863,0.9550381372942593,0.9986640053524262,5.69620253164557,13.166666666666666
1,0.9516203012928273,0.9550381372942593,0.999,5.692307692307692,13.0
1,0.9521440027252113,0.9550381372942593,0.999,5.688311688311688,12.833333333333334
1,0.9534452643456925,0.9550381372942593,0.999,5.605263157894737,12.666666666666666
1,0.9538871476035031,0.9550381372942593,0.999,5.6,12.5
1,0.954957494721469,0.9550381372942593,0.999,5.513513513513514,12.333333333333334
1,0.9554286333142934,0.9550381372942593,0.999,5.506849315068493,12.166666666666666
1,0.9562322153034396,0.9550381372942593,0.999,5.5,12.0
1,0.9568148433467462,0.9550381372942593,0.999,5.492957746478873,11.833333333333334
1,0.9572607917376246,0.9550381372942593,0.999,5.485714285714286,11.666666666666666
1,0.9613565379239714,0.9695273631840796,0.999,5.217391304347826,11.5
1,0.9623210657554975,0.9695273631840796,0.999,5.205882352941177,11.333333333333334
1,0.9627073861180597,0.9695273631840796,0.999,5.2835820895522385,11.166666666666666
1,0.9631543624924936,0.9695273631840796,0.999,5.2727272727272725,11.0
1,0.9657648405489407,0.9695273631840796,0.999,5.1692307692307695,10.833333333333334
1,0.9668656832825346,0.9695273631840796,0.999,5.15625,10.666666666666666
1,0.9673386355396656,0.9695273631840796,0.999,5.142857142857142,10.5
1,0.9684934173340385,0.9695273631840796,0.999,5.032258064516129,10.333333333333334
1,0.9689289033771973,0.9695273631840796,0.999,5.016393442622951,10.166666666666666
1,0.9693872660730065,0.9695273631840796,0.999,5.0,10.0
1,0.9696852096804784,0.9695273631840796,0.999,4.983050847457627,9.833333333333334
1,0.9697058391505544,0.9695273631840796,0.999,5.068965517241379,9.666666666666666
1,0.9699247591196756,0.9695273631840796,0.999,5.052631578947368,9.5
1,0.9722482979510271,0.9695273631840796,0.999,4.714285714285714,9.333333333333334
1,0.921602061594454,0.887459807073955,0.9701032008107712,5.933333333333334,15.0
1,0.9209953812586882,0.887459807073955,0.9815363614364049,5.730337078651686,14.833333333333334
1,0.9450725844104289,0.9259259259259259,0.9979464448875064,5.325842696629213,14.833333333333334
1,0.9667293606675,0.9378531073446328,0.999,4.9772727272727275,14.666666666666666
1,0.969609082994823,0.9378531073446328,0.999,4.758620689655173,14.5
1,0.969570849252297,0.9378531073446328,0.999,4.813953488372093,14.333333333333334
1,0.9717663240225953,0.9378531073446328,0.999,4.588235294117647,14.166666666666666
1,0.9734345970891407,0.9378531073446328,0.999,4.5,14.0
1,0.974847325528494,0.9695273631840796,0.999,4.481927710843373,13.833333333333334
1,0.9752078544839149,0.9695273631840796,0.999,4.463414634146341,13.666666666666666
1,0.9772776778601396,0.9695273631840796,0.999,4.074074074074074,13.5
1,0.9788327473728525,0.9695273631840796,0.999,3.6750000000000003,13.333333333333334
1,0.9805462746493947,0.9809523809523809,0.999,3.2658227848101267,13.166666666666666
1,0.9806131292873019,0.9809523809523809,0.999,3.230769230769231,13.0
1,0.9810532582779785,0.9809523809523809,0.999,3.1948051948051948,12.833333333333334
1,0.9813056601016488,0.9836065573770492,0.999,3.1578947368421053,12.666666666666666
1,0.9824383630655702,0.99,0.999,2.96,12.5
1,0.9827470079008767,0.99,0.999,2.8378378378378377,12.333333333333334
1,0.983097664365187,0.99,0.999,2.794520547945205,12.166666666666666
1,0.9832584548854784,0.99,0.999,2.833333333333333,12.0
1,0.9836342407823042,0.99,0.999,2.788732394366197,11.833333333333334
1,0.9844260188126054,0.99,0.999,2.742857142857143,11.666666666666666
1,0.9849711359163554,0.99,0.999,2.608695652173913,11.5
1,0.9852319384310455,0.99,0.999,2.4705882352941178,11.333333333333334
1,0.9859162105971373,0.99,0.999,1.9701492537313432,11.166666666666666
1,0.9861932126330131,0.99,0.999,1.9090909090909092,11.0
1,0.9862698938142991,0.99,0.999,1.7538461538461538,10.833333333333334
1,0.986568005211262,0.99,0.999,1.78125,10.666666666666666
1,0.9869538964731901,0.99,0.999,1.6615384615384616,10.833333333333334
1,0.987789356871225,0.99,0.999,1.125,10.666666666666666
1,0.9880397442543247,0.99,0.999,1.1428571428571428,10.5
1,0.9883520817710109,0.99,0.999,0.5806451612903225,10.333333333333334
1,0.9884816630654831,0.99,0.999,0.4918032786885246,10.166666666666666
1,0.9399015010036229,0.9259259259259259,0.9702465572283155,5.869565217391305,15.333333333333334
1,0.9407602147910578,0.9259259259259259,0.9685255513167187,5.934065934065934,15.166666666666666
1,0.942516801215005,0.9259259259259259,0.973480581573842,5.866666666666666,15.0
1,0.9417293810460681,0.9259259259259259,0.9716818056711809,5.932584269662922,14.833333333333334
1,0.945454506183212,0.9259259259259259,0.9832323795738918,5.7272727272727275,14.666666666666666
1,0.9553082998965474,0.9378531073446328,0.9938312528259176,5.517241379310345,14.5
1,0.9564972233009348,0.9378531073446328,0.9956276730053567,5.511627906976744,14.333333333333334
1,0.9703451801845455,0.9378531073446328,0.999,5.294117647058823,14.166666666666666
1,0.9708990397647865,0.9378531073446328,0.999,5.285714285714286,14.0
1,0.9722214431169834,0.9695273631840796,0.999,5.204819277108434,13.833333333333334
1,0.9743369401062925,0.9695273631840796,0.999,4.975609756097561,13.666666666666666
1,0.974486302687857,0.9695273631840796,0.999,4.962962962962963,13.5
1,0.9741234286846641,0.9695273631840796,0.999,5.025,13.333333333333334
1,0.9746287392701103,0.9695273631840796,0.999,5.012658227848101,13.166666666666666
1,0.9749743445419499,0.9695273631840796,0.999,5.0,13.0
1,0.9773353987743739,0.9695273631840796,0.999,4.753246753246754,12.833333333333334
1,0.9781939085774689,0.9695273631840796,0.999,4.675324675324676,12.833333333333334
1,0.9784000385968505,0.9695273631840796,0.999,4.657894736842105,12.666666666666666
1,0.9785765479366308,0.9695273631840796,0.999,4.72,12.5
1,0.9659577280668576,0.9695273631840796,0.999,4.783783783783783,12.333333333333334
1,0.96658325410981,0.9695273631840796,0.999,4.767123287671232,12.166666666666666
1,0.966989567889672,0.9695273631840796,0.999,4.75,12.0
1,0.9680514639268798,0.9695273631840796,0.999,4.732394366197183,11.833333333333334
1,0.9682636852263531,0.9695273631840796,0.999,4.800000000000001,11.666666666666666
1,0.9685916705473807,0.9695273631840796,0.999,4.782608695652174,11.5
1,0.9694852720751393,0.9695273631840796,0.999,4.764705882352941,11.333333333333334
1,0.9699137635916524,0.9695273631840796,0.999,4.746268656716418,11.166666666666666
1,0.9703622004543422,0.9695273631840796,0.999,4.727272727272727,11.0
1,0.9738716706808705,0.9695273631840796,0.999,4.246153846153846,10.833333333333334
1,0.9738661272227255,0.9695273631840796,0.999,4.3125,10.666666666666666
1,0.9740447553526779,0.9695273631840796,0.999,4.285714285714286,10.5
1,0.9749637643883116,0.9695273631840796,0.999,4.258064516129032,10.333333333333334
1,0.9748651610945598,0.9695273631840796,0.999,4.327868852459017,10.166666666666666
1,0.9770102792449005,0.9695273631840796,0.999,4.0,10.0
1,0.9768567315150063,0.9695273631840796,0.999,4.067796610169491,9.833333333333334
1,0.977493017958072,0.9695273631840796,0.999,3.9310344827586206,9.666666666666666
1,0.9772299900450242,0.9695273631840796,0.999,4.0,9.5
1,0.9786686911885962,0.9695273631840796,0.999,3.6428571428571423,9.333333333333334
1,0.9787119606287187,0.9695273631840796,0.999,3.709090909090909,9.166666666666666
1,0.9790704246766198,0.9695273631840796,0.999,3.666666666666667,9.0
1,0.9794004179985141,0.9695273631840796,0.999,3.6226415094339623,8.833333333333334
1,0.9795334543393389,0.9695273631840796,0.999,3.5769230769230766,8.666666666666666
1,0.9794153204572378,0.9695273631840796,0.999,3.6470588235294112,8.5
1,0.9793493768120645,0.9695273631840796,0.999,3.7199999999999998,8.333333333333334
1,0.979661604724962,0.9809523809523809,0.999,3.673469387755102,8.166666666666666
1,0.9819351538747232,0.9836065573770492,0.999,3.0,8.0
1,0.9762355348210133,0.9695273631840796,0.999,3.0638297872340425,7.833333333333333
1,0.9761850316339475,0.9695273631840796,0.999,3.1304347826086953,7.666666666666667
1,0.9768179431400736,0.9695273631840796,0.999,3.0666666666666664,7.5
1,0.9772600630702,0.9695273631840796,0.999,3.0,7.333333333333333
1,0.9777540893313599,0.9695273631840796,0.999,2.9302325581395348,7.166666666666667
1,0.9780772262353941,0.9695273631840796,0.999,3.0,7.0
1,0.9783670314007933,0.9695273631840796,0.999,2.926829268292683,6.833333333333333
1,0.978881120338836,0.9695273631840796,0.999,2.8499999999999996,6.666666666666667
1,0.9792317273674827,0.9695273631840796,0.999,2.769230769230769,6.5
1,0.9799154605410292,0.9809523809523809,0.999,2.6842105263157894,6.333333333333333
1,0.9806432086285184,0.9809523809523809,0.999,2.4324324324324325,6.166666666666667
1,0.9810212053594184,0.9809523809523809,0.999,2.3333333333333335,6.0
1,0.9822306951100787,0.9836065573770492,0.999,2.057142857142857,5.833333333333333
1,0.9844008535641455,0.99,0.999,1.0588235294117647,5.666666666666667
1,0.9847124803194527,0.99,0.999,0.9090909090909092,5.5
1,0.985393569351704,0.99,0.999,0.1875,5.333333333333333
1,0.9854657298209115,0.99,0.999,0.1935483870967742,5.166666666666667
0,0.810493752667339,0.8307692307692308,0.9630781191230914,5.76,16.666666666666668
0,0.8089081593695175,0.810126582278481,0.9619129476732701,5.818181818181818,16.5
0,0.8085258589644378,0.810126582278481,0.9605835291598761,5.877551020408163,16.333333333333332
0,0.8158735974224407,0.8384458077709611,0.9651895186533145,5.814432989690721,16.166666666666668
0,0.8166922221622352,0.8384458077709611,0.9668308721976442,5.8125,16.0
0,0.8194659582312016,0.8384458077709611,0.9684743522179444,5.810526315789474,15.833333333333334
0,0.8187106468423604,0.8384458077709611,0.9670193065588263,5.872340425531915,15.666666666666666
0,0.8239609249310704,0.8384458077709611,0.9686321114266855,5.870967741935484,15.5
0,0.826651756524787,0.8384458077709611,0.9702465572283155,5.869565217391305,15.333333333333334
0,0.8266611076028771,0.8384458077709611,0.9685255513167187,5.934065934065934,15.166666666666666
0,0.8403260528021301,0.8441660140955364,0.9783836531533334,5.797752808988764,14.833333333333334
0,0.8422957461576639,0.8441660140955364,0.9767218223287313,5.863636363636363,14.666666666666666
0,0.8435242164759251,0.8441660140955364,0.978345297870848,5.862068965517242,14.5
0,0.8458698080135783,0.8441660140955364,0.9799707616337009,5.8604651162790695,14.333333333333334
0,0.8483877433399605,0.8441660140955364,0.9815982807770017,5.858823529411764,14.166666666666666
0,0.8513532352637039,0.8441660140955364,0.979590329177482,5.928571428571429,14.0
0,0.8543798186125617,0.8659384309831182,0.9811753894989936,5.927710843373494,13.833333333333334
1,0.8855853019719222,0.8479657387580299,0.9870809006911515,3.4789915966386555,19.833333333333332
1,0.8774279018160118,0.8479657387580299,0.9818555736633586,3.5084745762711864,19.666666666666668
1,0.8875818797743955,0.8479657387580299,0.9907944140374773,3.4358974358974357,19.5
1,0.8857928295943469,0.8479657387580299,0.9921437183180919,3.4655172413793105,19.333333333333332
1,0.8641700174375806,0.8441660140955364,0.9877211239891378,3.4956521739130433,19.166666666666668
1,0.806280096609147,0.8038740920096852,0.9265931411703375,3.5263157894736845,19.0
1,0.7928536851686268,0.7877480586712684,0.8832274264846551,3.5575221238938055,18.833333333333332
1,0.8636917147775893,0.8441660140955364,0.999,3.4285714285714284,18.666666666666668
1,0.8644610012905005,0.8441660140955364,0.999,3.4594594594594597,18.5
1,0.8670886174856431,0.8441660140955364,0.999,3.381818181818182,18.333333333333332
1,0.8679891608348204,0.8459214501510574,0.999,3.3577981651376145,18.166666666666668
1,0.8755471753113604,0.8459214501510574,0.999,3.166666666666667,18.0
1,0.8841773577136123,0.8479657387580299,0.999,3.08411214953271,17.833333333333332
1,0.8864824854738355,0.8479657387580299,0.999,3.1132075471698113,17.666666666666668
1,0.8862489251118655,0.8479657387580299,0.999,3.0857142857142854,17.5
1,0.8871761332172552,0.8479657387580299,0.999,3.115384615384616,17.333333333333332
1,0.8902923842648571,0.8479657387580299,0.999,3.145631067961165,17.166666666666668
1,0.8979318011080681,0.887459807073955,0.999,2.941176470588235,17.0
1,0.8985535175581671,0.887459807073955,0.999,2.9702970297029703,16.833333333333332
1,0.904050219701844,0.887459807073955,0.999,2.7600000000000002,16.666666666666668
1,0.9057032212339515,0.887459807073955,0.999,2.727272727272727,16.5
1,0.9050790583829369,0.887459807073955,0.999,2.7551020408163267,16.333333333333332
1,0.9068518413878675,0.887459807073955,0.999,2.7216494845360826,16.166666666666668
1,0.9080827344478487,0.887459807073955,0.999,2.6875,16.0
1,0.909115673902011,0.887459807073955,0.999,2.6526315789473682,15.833333333333334
1,0.9137558154012657,0.887459807073955,0.999,2.617021276595745,15.666666666666666
1,0.9145829861499378,0.887459807073955,0.999,2.5806451612903225,15.5
1,0.9163054081838408,0.887459807073955,0.999,2.5434782608695654,15.333333333333334
1,0.9212246651249917,0.887459807073955,0.999,2.241758241758242,15.166666666666666
1,0.923244617661731,0.887459807073955,0.999,2.1999999999999997,15.0
1,0.9238674028368323,0.887459807073955,0.999,2.2247191011235956,14.833333333333334
1,0.9237736230918154,0.887459807073955,0.999,2.2247191011235956,14.833333333333334
1,0.9250689188783351,0.887459807073955,0.999,2.1818181818181817,14.666666666666666
1,0.9258991918165289,0.887459807073955,0.999,2.137931034482759,14.5
1,0.9267528737043517,0.887459807073955,0.999,2.0930232558139537,14.333333333333334
1,0.9292096617509351,0.887459807073955,0.999,2.0470588235294116,14.166666666666666
1,0.9308145588186428,0.887459807073955,0.999,2.0,14.0
1,0.933380045982483,0.9550381372942593,0.999,1.9518072289156625,13.833333333333334
1,0.9346797654692591,0.9550381372942593,0.999,1.9024390243902438,13.666666666666666
1,0.9354754968491132,0.9550381372942593,0.999,1.7777777777777777,13.5
1,0.9368166321410978,0.9550381372942593,0.999,1.7249999999999999,13.333333333333334
1,0.9384863465392134,0.9550381372942593,0.999,1.5949367088607593,13.166666666666666
1,0.9400087044911822,0.9550381372942593,0.999,1.5384615384615383,13.0
1,0.9409643866853887,0.9550381372942593,0.999,1.4805194805194806,12.833333333333334
1,0.9456892417106535,0.9550381372942593,0.999,1.168831168831169,12.833333333333334
1,0.967178648042648,0.9695273631840796,0.999,5.625,5.333333333333333
1,0.9682748698881021,0.9695273631840796,0.999,5.612903225806451,5.166666666666667
1,0.9659562277864019,0.9695273631840796,0.999,5.8125,5.333333333333333
0,0.849598582503898,0.8441660140955364,0.9334703255597874,5.796610169491525,19.666666666666668
0,0.8492557671567272,0.8441660140955364,0.9373990590573704,5.743589743589744,19.5
0,0.8433327816587941,0.8441660140955364,0.9367314687797735,5.793103448275862,19.333333333333332
0,0.8392855834233178,0.8441660140955364,0.9359486046055147,5.843478260869565,19.166666666666668
0,0.8466929473002334,0.8441660140955364,0.9423614315238136,5.7368421052631575,19.0
0,0.8439169112360855,0.8441660140955364,0.9416351539021376,5.787610619469026,18.833333333333332
0,0.8097356405877882,0.8307692307692308,0.9407875845628536,5.839285714285714,18.666666666666668
0,0.8076324302338902,0.810126582278481,0.9398111272719467,5.891891891891891,18.5
0,0.8084526313117509,0.810126582278481,0.9414022908559547,5.890909090909091,18.333333333333332
0,0.8293580526115925,0.8441660140955364,0.9553805501392163,5.614678899082569,18.166666666666668
0,0.8277725040960499,0.8384458077709611,0.9547567090778696,5.666666666666666,18.0
0,0.8355554710563917,0.8441660140955364,0.9632807956715204,5.4953271028037385,17.833333333333332
0,0.7893762599659868,0.7877480586712684,0.9628187690581097,5.547169811320755,17.666666666666668
0,0.7933923973565362,0.7877480586712684,0.9667941646709917,5.485714285714286,17.5
0,0.811937374054386,0.8307692307692308,0.974852146097316,5.3076923076923075,17.333333333333332
0,0.8014014581622827,0.8038740920096852,0.9823492021494086,5.126213592233009,17.166666666666668
0,0.8052401930236415,0.8038740920096852,0.9842044646064809,5.117647058823529,17.0
0,0.8037767571321472,0.8038740920096852,0.9860643185913415,5.108910891089109,16.833333333333332
0,0.8190746863828393,0.8384458077709611,0.9878428641569218,5.0495049504950495,16.833333333333332
0,0.8352600807420391,0.8441660140955364,0.9946878848990872,4.86,16.666666666666668
1,0.8750494266522018,0.8459214501510574,0.9701032008107712,5.933333333333334,15.0
1,0.8926196120166905,0.8479657387580299,0.979590329177482,5.928571428571429,14.0
1,0.8967235215476543,0.8961748633879781,0.984859769301122,5.855421686746988,13.833333333333334
1,0.9156579515672045,0.9160467587672688,0.9967532373864282,5.634146341463414,13.666666666666666
1,0.9165855637873908,0.9160467587672688,0.9985129081654187,5.62962962962963,13.5
1,0.9362361937021426,0.9550381372942593,0.999,5.625,13.333333333333334
1,0.8750564335546775,0.8879781420765027,0.9986640053524262,5.69620253164557,13.166666666666666
1,0.8743175590133094,0.8879781420765027,0.9968125282826003,5.769230769230769,13.0
1,0.9018378431128109,0.9160467587672688,0.999,5.532467532467532,12.833333333333334
1,0.9238154739267004,0.9550381372942593,0.999,5.289473684210526,12.666666666666666
1,0.9268186547252326,0.9550381372942593,0.999,5.28,12.5
1,0.9282553548894463,0.9550381372942593,0.999,5.351351351351351,12.333333333333334
1,0.925018127408518,0.9550381372942593,0.999,5.424657534246575,12.166666666666666
1,0.9274349655407078,0.9550381372942593,0.999,5.416666666666667,12.0
1,0.9294953685810254,0.9550381372942593,0.999,5.408450704225352,11.833333333333334
1,0.9209279892733315,0.9534883720930233,0.999,5.485714285714286,11.666666666666666
1,0.9216146476020022,0.9550381372942593,0.999,5.565217391304348,11.5
1,0.8599112652372402,0.8441660140955364,0.9480998181778945,5.394957983193278,19.833333333333332
1,0.8491873866898864,0.8441660140955364,0.9498593482713936,5.389830508474576,19.666666666666668
1,0.8146672555978728,0.8384458077709611,0.949778258140869,5.435897435897436,19.5
1,0.8096976333381732,0.8307692307692308,0.9496133647749181,5.482758620689656,19.333333333333332
1,0.8156467744732412,0.8384458077709611,0.9513550637445451,5.478260869565217,19.166666666666668
1,0.8216778174204658,0.8384458077709611,0.9569293371087229,5.368421052631579,19.0
1,0.8394207577017997,0.8441660140955364,0.9605398266074128,5.3097345132743365,18.833333333333332
1,0.797620876705431,0.8038740920096852,0.9604843894138702,5.357142857142858,18.666666666666668
1,0.8066635181409242,0.8038740920096852,0.9676619129185545,5.1891891891891895,18.5
1,0.8048178181177641,0.8038740920096852,0.9677355557521556,5.236363636363636,18.333333333333332
1,0.8040884655879352,0.8038740920096852,0.9695502888688922,5.229357798165138,18.166666666666668
1,0.8026879100764688,0.8038740920096852,0.9695359117304833,5.277777777777778,18.0
1,0.8031962985147894,0.8038740920096852,0.9713466456831074,5.271028037383178,17.833333333333332
1,0.8022578583367457,0.8038740920096852,0.971236789868611,5.320754716981132,17.666666666666668
1,0.8198417575598393,0.8384458077709611,0.9820662277657625,5.0285714285714285,17.5
1,0.8175781198519274,0.8384458077709611,0.9822467176540272,5.076923076923077,17.333333333333332
1,0.8169288517466262,0.8384458077709611,0.9823492021494086,5.126213592233009,17.166666666666668
1,0.8281924189237567,0.8384458077709611,0.9893159050466993,4.9411764705882355,17.0
1,0.8314871386674558,0.8441660140955364,0.9912029979262806,4.930693069306931,16.833333333333332
1,0.8346013076593668,0.8441660140955364,0.9914387247389365,4.9799999999999995,16.666666666666668
1,0.8433033060248103,0.8441660140955364,0.9933272257046303,4.96969696969697,16.5
1,0.885724805492369,0.8479657387580299,0.999,4.775510204081632,16.333333333333332
1,0.8812106198484093,0.8479657387580299,0.999,4.824742268041238,16.166666666666668
1,0.8925601728904566,0.8479657387580299,0.999,4.625,16.0
1,0.8932345800703503,0.8479657387580299,0.999,4.673684210526316,15.833333333333334
1,0.8928686156288996,0.8479657387580299,0.999,4.723404255319149,15.666666666666666
1,0.8946548079257235,0.887459807073955,0.999,4.774193548387096,15.5
1,0.8927880517911444,0.8479657387580299,0.999,4.826086956521739,15.333333333333334
1,0.8955776058577345,0.887459807073955,0.999,4.813186813186814,15.166666666666666
1,0.8965602306960816,0.887459807073955,0.999,4.800000000000001,15.0
1,0.9017569287614138,0.887459807073955,0.999,4.584269662921348,14.833333333333334
1,0.9025982491381421,0.887459807073955,0.999,4.568181818181818,14.666666666666666
1,0.9086578375140337,0.887459807073955,0.999,4.344827586206897,14.5
1,0.9099706582740936,0.887459807073955,0.999,4.325581395348837,14.333333333333334
1,0.9117984029733908,0.887459807073955,0.999,4.305882352941176,14.166666666666666
1,0.9201743726145546,0.887459807073955,0.999,4.071428571428571,14.0
1,0.922612528823348,0.9550381372942593,0.999,4.048192771084337,13.833333333333334
1,0.9234534513745852,0.9550381372942593,0.999,4.024390243902439,13.666666666666666
1,0.9234598651314032,0.9550381372942593,0.999,3.925925925925926,13.5
1,0.9271315439527085,0.9550381372942593,0.999,3.9749999999999996,13.333333333333334
1,0.9283862969948297,0.9550381372942593,0.999,3.9493670886075947,13.166666666666666
1,0.929359462753296,0.9550381372942593,0.999,4.0,13.0
1,0.934683007549161,0.9550381372942593,0.999,3.74025974025974,12.833333333333334
1,0.9354850900751784,0.9550381372942593,0.999,3.710526315789474,12.666666666666666
1,0.9365960194982574,0.9550381372942593,0.999,3.6799999999999997,12.5
1,0.9368078800274826,0.9550381372942593,0.999,3.72972972972973,12.333333333333334
1,0.9377561681733808,0.9550381372942593,0.999,3.6986301369863015,12.166666666666666
1,0.9388927888996967,0.9550381372942593,0.999,3.666666666666667,12.0
1,0.9406216173767017,0.9550381372942593,0.999,3.633802816901408,11.833333333333334
1,0.942032702362053,0.9550381372942593,0.999,3.5999999999999996,11.666666666666666
1,0.9431823837335138,0.9550381372942593,0.999,3.6521739130434785,11.5
1,0.9433626658526562,0.9550381372942593,0.999,3.7058823529411766,11.333333333333334
1,0.9446042060353829,0.9550381372942593,0.999,3.671641791044776,11.166666666666666
1,0.9447984128946609,0.9550381372942593,0.999,3.7272727272727275,11.0
1,0.9455366607688007,0.9550381372942593,0.999,3.6923076923076925,10.833333333333334
1,0.9462363094264674,0.9550381372942593,0.999,3.75,10.666666666666666
1,0.9467340374947074,0.9550381372942593,0.999,3.8095238095238093,10.5
1,0.9483432764977888,0.9550381372942593,0.999,3.67741935483871,10.333333333333334
1,0.9507412054445024,0.9550381372942593,0.999,3.540983606557377,10.166666666666666
1,0.9513672573534666,0.9550381372942593,0.999,3.5,10.0
1,0.9513042541864005,0.9550381372942593,0.999,3.559322033898305,9.833333333333334
1,0.9529055360834586,0.9550381372942593,0.999,3.457627118644068,9.833333333333334
1,0.9542454919795853,0.9550381372942593,0.999,3.310344827586207,9.666666666666666
1,0.9547251630739857,0.9550381372942593,0.999,3.2631578947368425,9.5
1,0.9553663705940227,0.9550381372942593,0.999,3.2142857142857144,9.333333333333334
1,0.957007835814002,0.9550381372942593,0.999,3.0545454545454542,9.166666666666666
1,0.9576002256464173,0.9550381372942593,0.999,3.1111111111111107,9.0
1,0.9581509707344072,0.9550561797752809,0.999,3.0566037735849054,8.833333333333334
1,0.9581509707344072,0.9550561797752809,0.999,3.0566037735849054,8.833333333333334
1,0.9586841829680799,0.9550561797752809,0.999,3.0,8.666666666666666
1,0.9600099801758994,0.9657534246575342,0.999,2.8235294117647056,8.5
1,0.9603171073737964,0.9657534246575342,0.999,2.88,8.333333333333334
1,0.9609012897781302,0.9695273631840796,0.999,2.816326530612245,8.166666666666666
1,0.9610193142381463,0.9695273631840796,0.999,2.875,8.0
1,0.9089366684220909,0.887459807073955,0.9728647583402429,4.386554621848739,19.833333333333332
1,0.9085390727679039,0.887459807073955,0.9721692889663562,4.423728813559322,19.666666666666668
1,0.9081305277648442,0.887459807073955,0.9714441809851366,4.461538461538462,19.5
1,0.9077105273402097,0.887459807073955,0.9706877692486436,4.5,19.333333333333332
1,0.90790144099522,0.887459807073955,0.9628552238841855,4.48695652173913,19.166666666666668
1,0.9073432382277036,0.887459807073955,0.9604574747341637,4.526315789473684,19.0
1,0.9168177047049944,0.887459807073955,0.9716795044116985,4.353982300884956,18.833333333333332
1,0.9196104650745103,0.887459807073955,0.9785332355382341,4.339285714285714,18.666666666666668
1,0.9157227481338184,0.887459807073955,0.9604022778013867,4.378378378378378,18.5
1,0.9145232368373698,0.887459807073955,0.9560695836503799,4.418181818181818,18.333333333333332
1,0.9150692050029208,0.887459807073955,0.9547166634604579,4.4036697247706424,18.166666666666668
1,0.9160135149666363,0.887459807073955,0.9555817132348191,4.388888888888889,18.0
1,0.9180794898590874,0.887459807073955,0.9624945967526156,4.373831775700935,17.833333333333332
1,0.9146741026548464,0.887459807073955,0.9496445991878003,4.415094339622641,17.666666666666668
1,0.9138240968587967,0.887459807073955,0.9472411770021553,4.457142857142857,17.5
1,0.9147384514596697,0.887459807073955,0.9459001754012389,4.4423076923076925,17.333333333333332
1,0.9139867282454502,0.887459807073955,0.9434654377000232,4.485436893203883,17.166666666666668
1,0.9131672037040073,0.887459807073955,0.9409933726841383,4.529411764705882,17.0
1,0.9241152520891118,0.887459807073955,0.9797748785450799,4.336633663366337,16.833333333333332
1,0.9466581849621849,0.9259259259259259,0.999,4.26,16.666666666666668
1,0.9527446211646745,0.9378531073446328,0.999,4.0606060606060606,16.5
1,0.9563679999868798,0.9378531073446328,0.999,3.8571428571428577,16.333333333333332
1,0.9563654246486516,0.9378531073446328,0.999,3.8969072164948457,16.166666666666668
1,0.9588782190633176,0.9378531073446328,0.999,3.6875,16.0
1,0.9600177609088022,0.9378531073446328,0.999,3.663157894736842,15.833333333333334
1,0.9599715257751702,0.9378531073446328,0.999,3.702127659574468,15.666666666666666
1,0.9596408460972303,0.9378531073446328,0.999,3.741935483870968,15.5
1,0.9603944897178531,0.9378531073446328,0.999,3.717391304347826,15.333333333333334
1,0.960321729575623,0.9378531073446328,0.999,3.758241758241758,15.166666666666666
1,0.9606924191647118,0.9378531073446328,0.999,3.8,15.0
1,0.9626566554935102,0.9378531073446328,0.999,3.573033707865169,14.833333333333334
1,0.9634203933879483,0.9378531073446328,0.999,3.545454545454546,14.666666666666666
1,0.9677246504084236,0.9378531073446328,0.999,3.310344827586207,14.5
1,0.9684273068077238,0.9378531073446328,0.999,3.3488372093023253,14.333333333333334
1,0.9687646664298839,0.9378531073446328,0.999,3.388235294117647,14.166666666666666
1,0.9691176345935926,0.9378531073446328,0.999,3.4285714285714284,14.0
1,0.9706281305079338,0.9695273631840796,0.999,3.3975903614457836,13.833333333333334
1,0.9709988095743373,0.9695273631840796,0.999,3.439024390243902,13.666666666666666
1,0.9718430327098864,0.9695273631840796,0.999,3.4074074074074074,13.5
1,0.9723212680475981,0.9695273631840796,0.999,3.4499999999999997,13.333333333333334
1,0.972648786688441,0.9695273631840796,0.999,3.417721518987342,13.166666666666666
1,0.9734198375584441,0.9695273631840796,0.999,3.3846153846153846,13.0
1,0.9733586275110649,0.9695273631840796,0.999,3.4285714285714284,12.833333333333334
1,0.9749207814220096,0.9695273631840796,0.999,3.1578947368421053,12.666666666666666
1,0.9746876647700142,0.9695273631840796,0.999,3.2,12.5
1,0.9626261092401186,0.9695273631840796,0.999,3.2432432432432434,12.333333333333334
1,0.9624087216636217,0.9695273631840796,0.999,3.287671232876712,12.166666666666666
1,0.9623597728896822,0.9695273631840796,0.999,3.3333333333333335,12.0
1,0.9635480414283059,0.9695273631840796,0.999,3.295774647887324,11.833333333333334
1,0.9660123303776305,0.9695273631840796,0.999,3.0,11.666666666666666
1,0.9681818360977985,0.9695273631840796,0.999,2.6956521739130435,11.5
1,0.9684973327734792,0.9695273631840796,0.999,2.735294117647059,11.333333333333334
1,0.9548535419356527,0.9550381372942593,0.999,2.7761194029850746,11.166666666666666
1,0.9549361249444072,0.9550381372942593,0.999,2.8181818181818183,11.0
1,0.9557785304053548,0.9550381372942593,0.999,2.769230769230769,10.833333333333334
1,0.9568661827668865,0.9550381372942593,0.999,2.71875,10.666666666666666
1,0.9580891370037342,0.9550561797752809,0.999,2.6666666666666665,10.5
1,0.9610657196801478,0.9695273631840796,0.999,2.6129032258064515,10.333333333333334
1,0.9620118978862264,0.9695273631840796,0.999,2.5573770491803276,10.166666666666666
1,0.96307876386823,0.9695273631840796,0.999,2.5,10.0
1,0.9629709879986186,0.9695273631840796,0.999,2.542372881355932,9.833333333333334
1,0.9667837973005655,0.9695273631840796,0.999,1.9655172413793103,9.666666666666666
1,0.9668641196778395,0.9695273631840796,0.999,2.0,9.5
1,0.9672460469567625,0.9695273631840796,0.999,1.9285714285714288,9.333333333333334
1,0.9701771872815947,0.9695273631840796,0.999,1.5272727272727271,9.166666666666666
1,0.9710732012184132,0.9695273631840796,0.999,1.4444444444444444,9.0
1,0.9711387595667486,0.9695273631840796,0.999,1.4716981132075473,8.833333333333334
1,0.9721176506238605,0.9695273631840796,0.999,1.3846153846153846,8.666666666666666
1,0.9738305453315748,0.9695273631840796,0.999,1.0588235294117647,8.5
1,0.9744755739028422,0.9695273631840796,0.999,0.96,8.333333333333334
1,0.9749016491695806,0.9695273631840796,0.999,0.8571428571428571,8.166666666666666
1,0.9761708274376142,0.9695273631840796,0.999,0.375,8.0
1,0.8293235302394804,0.8441660140955364,0.956282049566949,5.092436974789916,19.833333333333332
1,0.8285174204011745,0.8384458077709611,0.955001542564679,5.135593220338984,19.666666666666668
1,0.8351964969090262,0.8441660140955364,0.9519501468172958,5.076923076923077,19.5
1,0.82613636166102,0.8384458077709611,0.9490780907348909,5.120689655172414,19.333333333333332
1,0.8273657980943141,0.8384458077709611,0.9477110635139876,5.113043478260869,19.166666666666668
1,0.8241983323095213,0.8384458077709611,0.9447826347204968,5.157894736842105,19.0
1,0.8223044156566457,0.8384458077709611,0.9417954807552078,5.20353982300885,18.833333333333332
1,0.8490501208549217,0.8441660140955364,0.9633472353302499,5.035714285714286,18.666666666666668
1,0.8507173241387949,0.8441660140955364,0.9669141042448158,5.027027027027027,18.5
1,0.8660467553839913,0.8441660140955364,0.9787840313840009,4.8545454545454545,18.333333333333332
1,0.8647827973051461,0.8441660140955364,0.9792331346707654,4.899082568807339,18.166666666666668
1,0.8742812839406615,0.8459214501510574,0.9852408890170347,4.722222222222222,18.0
1,0.8731847358549907,0.8459214501510574,0.9857967559791599,4.766355140186915,17.833333333333332
1,0.8721715297472228,0.8459214501510574,0.9862976196123167,4.811320754716982,17.666666666666668
1,0.8714014330580325,0.8459214501510574,0.9867399404722673,4.857142857142858,17.5
1,0.8705020767785513,0.8459214501510574,0.9871199045186568,4.903846153846153,17.333333333333332
1,0.866559054268431,0.8441660140955364,0.9874333985907564,4.951456310679611,17.166666666666668
1,0.8619403416556646,0.8441660140955364,0.9780868962355257,5.0,17.0
1,0.8634405836902439,0.8441660140955364,0.9822088986941732,4.99009900990099,16.833333333333332
1,0.8985182069280047,0.887459807073955,0.9962202925878131,4.800000000000001,16.666666666666668
1,0.9306745409725927,0.887459807073955,0.999,4.6060606060606055,16.5
1,0.9314133792070551,0.887459807073955,0.999,4.591836734693877,16.333333333333332
1,0.9310031017309464,0.887459807073955,0.999,4.639175257731959,16.166666666666668
1,0.9304915064440676,0.887459807073955,0.999,4.6875,16.0
1,0.9308933662251884,0.887459807073955,0.999,4.673684210526316,15.833333333333334
1,0.9309616590865407,0.887459807073955,0.999,4.723404255319149,15.666666666666666
1,0.9366103042591105,0.92,0.999,4.516129032258064,15.5
1,0.9374166530325052,0.9259259259259259,0.999,4.565217391304348,15.333333333333334
1,0.9368414449055091,0.92,0.999,4.615384615384616,15.166666666666666
1,0.9421617958340311,0.9259259259259259,0.999,4.3999999999999995,15.0
1,0.9428467007942585,0.9259259259259259,0.999,4.382022471910112,14.833333333333334
1,0.9496240007468648,0.9259259259259259,0.999,4.159090909090909,14.666666666666666
1,0.9496336356169771,0.9259259259259259,0.999,4.206896551724138,14.5
1,0.9535944490032302,0.9378531073446328,0.999,3.9767441860465116,14.333333333333334
1,0.9534374467041744,0.9378531073446328,0.999,4.023529411764706,14.166666666666666
1,0.954865629495974,0.9378531073446328,0.999,4.0,14.0
1,0.9564534387638834,0.9550381372942593,0.999,3.9759036144578315,13.833333333333334
1,0.9578400996518497,0.9550381372942593,0.999,3.951219512195122,13.666666666666666
1,0.9588397506328348,0.9657534246575342,0.999,3.925925925925926,13.5
1,0.9594044688390306,0.9657534246575342,0.999,3.9000000000000004,13.333333333333334
1,0.9592573960828876,0.9657534246575342,0.999,3.9493670886075947,13.166666666666666
1,0.9590837735789088,0.9657534246575342,0.999,4.0,13.0
1,0.9596715938363796,0.9657534246575342,0.999,3.974025974025974,12.833333333333334
1,0.9601345898190821,0.9657534246575342,0.999,3.947368421052632,12.666666666666666
1,0.9606872567179284,0.9695273631840796,0.999,4.0,12.5
1,0.9634940430710496,0.9695273631840796,0.999,3.72972972972973,12.333333333333334
1,0.9638315347003386,0.9695273631840796,0.999,3.6986301369863015,12.166666666666666
1,0.9642373516353127,0.9695273631840796,0.999,3.75,12.0
1,0.9682226967442138,0.9695273631840796,0.999,3.295774647887324,11.833333333333334
1,0.9691168067900453,0.9695273631840796,0.999,3.257142857142857,11.666666666666666
1,0.9700168005127014,0.9695273631840796,0.999,3.1304347826086953,11.5
1,0.970860753544353,0.9695273631840796,0.999,3.0882352941176467,11.333333333333334
1,0.9712157427023974,0.9695273631840796,0.999,3.044776119402985,11.166666666666666
1,0.9710880180096739,0.9695273631840796,0.999,3.090909090909091,11.0
1,0.9741790280817921,0.9695273631840796,0.999,2.5846153846153848,10.833333333333334
1,0.9742803389143228,0.9695273631840796,0.999,2.625,10.666666666666666
1,0.9752189061750277,0.9695273631840796,0.999,2.4761904761904763,10.5
1,0.9777803304869777,0.9695273631840796,0.999,1.935483870967742,10.333333333333334
1,0.9791706629805548,0.9695273631840796,0.999,1.5737704918032787,10.166666666666666
1,0.9794884934286423,0.9695273631840796,0.999,1.5,10.0
1,0.9798968123770213,0.9809523809523809,0.999,1.423728813559322,9.833333333333334
1,0.9802094106430215,0.9809523809523809,0.999,1.3448275862068966,9.666666666666666
1,0.9814521745537395,0.9836065573770492,0.999,0.9473684210526315,9.5
1,0.9830479664792793,0.99,0.999,0.3214285714285714,9.333333333333334
1,0.8470654870769745,0.8441660140955364,0.9807791737849442,3.882352941176471,19.833333333333332
1,0.8466407272816232,0.8441660140955364,0.9803401676467458,3.915254237288136,19.666666666666668
1,0.8487789983301336,0.8441660140955364,0.9756762303088206,3.897435897435898,19.5
1,0.7028835516402003,0.6408554572271388,0.8124368727033172,3.9310344827586206,19.333333333333332
1,0.6741909592517961,0.6408554572271388,0.7876745656690426,3.9652173913043476,19.166666666666668
1,0.6653198435182373,0.6408554572271388,0.7706507550465727,4.0,19.0
1,0.8439714764699171,0.8441660140955364,0.9929982142916786,3.823008849557522,18.833333333333332
1,0.8532430994421265,0.8441660140955364,0.9948822264062993,3.8035714285714284,18.666666666666668
1,0.8433656610734603,0.8441660140955364,0.9875777510475813,3.8378378378378377,18.5
1,0.8306661863093983,0.8441660140955364,0.9534638147708095,3.872727272727273,18.333333333333332
1,0.8946536850905696,0.887459807073955,0.999,3.6880733944954125,18.166666666666668
1,0.8970171927703986,0.887459807073955,0.999,3.611111111111111,18.0
1,0.8991287642980201,0.887459807073955,0.999,3.5327102803738315,17.833333333333332
1,0.8991287642980201,0.887459807073955,0.999,3.5327102803738315,17.833333333333332
1,0.8991513489599692,0.887459807073955,0.999,3.5660377358490565,17.666666666666668
1,0.9019450683220875,0.887459807073955,0.999,3.5428571428571427,17.5
1,0.9013872938833709,0.887459807073955,0.999,3.5769230769230766,17.333333333333332
1,0.900873824692136,0.887459807073955,0.999,3.611650485436893,17.166666666666668
1,0.9004370172652225,0.887459807073955,0.999,3.6470588235294112,17.0
1,0.9017046502425801,0.887459807073955,0.999,3.6237623762376234,16.833333333333332
1,0.9075934146232596,0.887459807073955,0.999,3.42,16.666666666666668
1,0.9084017160144585,0.887459807073955,0.999,3.3939393939393936,16.5
1,0.9078436607356826,0.887459807073955,0.999,3.4285714285714284,16.333333333333332
1,0.8748845576046719,0.8459214501510574,0.999,3.4639175257731956,16.166666666666668
1,0.8822850740410819,0.8479657387580299,0.999,3.4375,16.0
1,0.8783964038765822,0.8479657387580299,0.999,3.473684210526316,15.833333333333334
1,0.8783964038765822,0.8479657387580299,0.999,3.473684210526316,15.833333333333334
1,0.8770875817136943,0.8459214501510574,0.999,3.5106382978723403,15.666666666666666
1,0.8806180349483397,0.8479657387580299,0.999,3.483870967741936,15.5
1,0.886666563266783,0.8479657387580299,0.999,3.4565217391304346,15.333333333333334
1,0.8832475617727924,0.8479657387580299,0.999,3.4945054945054945,15.166666666666666
1,0.8882908521332677,0.8479657387580299,0.999,3.4666666666666663,15.0
1,0.8902950587969256,0.8479657387580299,0.999,3.438202247191011,14.833333333333334
1,0.8922420249917613,0.8479657387580299,0.999,3.409090909090909,14.666666666666666
1,0.8933729383789791,0.8479657387580299,0.999,3.3793103448275863,14.5
0,0.8691649497436158,0.8459214501510574,0.9669488266437275,5.934782608695652,15.333333333333334
0,0.871206560952211,0.8459214501510574,0.9716818056711809,5.932584269662922,14.833333333333334
0,0.8744001835845586,0.8459214501510574,0.9767218223287313,5.863636363636363,14.666666666666666
0,0.8734638324581332,0.8459214501510574,0.9748420105480045,5.931034482758621,14.5
0,0.8789635717421349,0.8479657387580299,0.9764236787655104,5.930232558139535,14.333333333333334
0,0.8849162947359126,0.8479657387580299,0.9883413262389136,5.717647058823529,14.166666666666666
0,0.8868990474313958,0.8479657387580299,0.9867132744360525,5.785714285714286,14.0
0,0.8922294383981567,0.8961748633879781,0.991765845426879,5.710843373493976,13.833333333333334
0,0.7512963253333254,0.7687861271676301,0.9900661215287989,5.780487804878049,13.666666666666666
0,0.7729438190310038,0.7778958554729012,0.999,5.815384615384615,10.833333333333334
0,0.7825369887236937,0.7778958554729012,0.999,5.71875,10.666666666666666
0,0.7855639230443778,0.7778958554729012,0.999,5.7142857142857135,10.5
0,0.7264022281807123,0.7353351955307265,0.999,5.806451612903226,10.333333333333334
0,0.7290427518553562,0.7353351955307265,0.999,5.9016393442622945,10.166666666666666
0,0.7300284348039033,0.7353351955307265,0.999,5.8999999999999995,10.0
0,0.7298438737878992,0.7353351955307265,0.999,5.59322033898305,9.833333333333334
0,0.7264246275121733,0.7353351955307265,0.999,5.491525423728813,9.833333333333334
0,0.7308076492804825,0.7353351955307265,0.999,5.586206896551724,9.666666666666666
0,0.7374476100911699,0.7353351955307265,0.999,5.578947368421053,9.5
0,0.7396883711873912,0.7404584487868869,0.999,5.678571428571429,9.333333333333334
0,0.7458970003477543,0.7407407407407407,0.999,5.781818181818181,9.166666666666666
0,0.7615107653892608,0.7778958554729012,0.999,5.777777777777778,9.0
0,0.7691726536870369,0.7778958554729012,0.999,5.773584905660377,8.833333333333334
0,0.795167115774629,0.7846534653465347,0.999,5.320754716981132,8.833333333333334
0,0.8040928997949301,0.8130841121495327,0.999,4.730769230769231,8.666666666666666
0,0.8020875428407563,0.8130841121495327,0.999,4.117647058823529,8.5
1,0.9278898159024718,0.887459807073955,0.9880244182214154,5.655172413793103,14.5
1,0.9296893872593879,0.887459807073955,0.986634751148982,5.72093023255814,14.333333333333334
1,0.931099574426379,0.887459807073955,0.9883413262389136,5.717647058823529,14.166666666666666
1,0.9459262602852528,0.9259259259259259,0.9932482425795838,5.642857142857142,14.0
1,0.9473166791892716,0.9550381372942593,0.9949983997917861,5.63855421686747,13.833333333333334
1,0.9482484214785599,0.9550381372942593,0.9967532373864282,5.634146341463414,13.666666666666666
1,0.9485656235897193,0.9550381372942593,0.9985129081654187,5.62962962962963,13.5
1,0.9666538421820858,0.9695273631840796,0.999,5.625,13.333333333333334
1,0.9677125765030536,0.9695273631840796,0.999,5.544303797468355,13.166666666666666
1,0.96812814007921,0.9695273631840796,0.999,5.538461538461538,13.0
1,0.9683634780415381,0.9695273631840796,0.999,5.532467532467532,12.833333333333334
1,0.9693073700978883,0.9695273631840796,0.999,5.447368421052632,12.666666666666666
1,0.9699070986523173,0.9695273631840796,0.999,5.4399999999999995,12.5
1,0.970151427244514,0.9695273631840796,0.999,5.513513513513514,12.333333333333334
1,0.9698803775241699,0.9695273631840796,0.999,5.58904109589041,12.166666666666666
1,0.9702733474922249,0.9695273631840796,0.999,5.583333333333334,12.0
1,0.9705704615182948,0.9695273631840796,0.999,5.577464788732394,11.833333333333334
1,0.9703139809270949,0.9695273631840796,0.999,5.657142857142857,11.666666666666666
1,0.9710945038691748,0.9695273631840796,0.999,5.6521739130434785,11.5
1,0.9750680944990757,0.9695273631840796,0.999,5.205882352941177,11.333333333333334
1,0.9749746965886179,0.9695273631840796,0.999,5.2835820895522385,11.166666666666666
1,0.977948544747054,0.9695273631840796,0.999,4.818181818181818,11.0
1,0.978154525021143,0.9695273631840796,0.999,4.800000000000001,10.833333333333334
1,0.9785527714922762,0.9695273631840796,0.999,4.78125,10.666666666666666
1,0.9785043092656771,0.9695273631840796,0.999,4.857142857142858,10.5
1,0.9786915993505054,0.9695273631840796,0.999,4.838709677419354,10.333333333333334
1,0.9807334068302068,0.9809523809523809,0.999,4.327868852459017,10.166666666666666
1,0.9813160208104739,0.9836065573770492,0.999,4.199999999999999,10.0
1,0.9814346099562122,0.9836065573770492,0.999,4.169491525423729,9.833333333333334
1,0.9828450799079804,0.99,0.999,3.6610169491525424,9.833333333333334
1,0.982846170589674,0.99,0.999,3.724137931034483,9.666666666666666
1,0.9829287134254137,0.99,0.999,3.6842105263157894,9.5
1,0.9827104736598866,0.99,0.999,3.75,9.333333333333334
1,0.9831056353675336,0.99,0.999,3.709090909090909,9.166666666666666
1,0.9835074598084028,0.99,0.999,3.666666666666667,9.0
1,0.9837259895789208,0.99,0.999,3.6226415094339623,8.833333333333334
1,0.984043817478534,0.99,0.999,3.5094339622641506,8.833333333333334
1,0.9844328893400889,0.99,0.999,3.4615384615384612,8.666666666666666
1,0.9845309086301466,0.99,0.999,3.411764705882353,8.5
1,0.9849977403984215,0.99,0.999,3.3600000000000003,8.333333333333334
1,0.9853646758827261,0.99,0.999,3.183673469387755,8.166666666666666
1,0.9855583095260227,0.99,0.999,3.25,8.0
1,0.9865026971795592,0.99,0.999,2.8085106382978724,7.833333333333333
1,0.9865422855578876,0.99,0.999,2.8695652173913047,7.666666666666667
1,0.9867914628628107,0.99,0.999,2.933333333333333,7.5
1,0.9870828597483357,0.99,0.999,2.8636363636363638,7.333333333333333
1,0.9872182357896446,0.99,0.999,2.7906976744186047,7.166666666666667
1,0.9873334695832869,0.99,0.999,2.8571428571428568,7.0
1,0.9874287248427536,0.99,0.999,2.780487804878049,6.833333333333333
1,0.9876850968985721,0.99,0.999,2.6341463414634148,6.833333333333333
1,0.981190634925795,0.9809523809523809,0.999,2.7,6.666666666666667
1,0.9820278579115882,0.9836065573770492,0.999,2.4615384615384617,6.5
1,0.9819724085409349,0.9836065573770492,0.999,2.526315789473684,6.333333333333333
1,0.9833465698511386,0.99,0.999,1.945945945945946,6.166666666666667
1,0.9835718474900434,0.99,0.999,1.8333333333333335,6.0
1,0.9838324946593291,0.99,0.999,1.7142857142857142,5.833333333333333
1,0.9840977017420836,0.99,0.999,1.5882352941176472,5.666666666666667
1,0.984061443601111,0.99,0.999,1.6363636363636362,5.5
1,0.9844675108172309,0.99,0.999,1.5,5.333333333333333
1,0.984354258151259,0.99,0.999,1.5483870967741935,5.166666666666667
1,0.9250333117375438,0.887459807073955,0.9815982807770017,5.858823529411764,14.166666666666666
1,0.9408565757120867,0.9259259259259259,0.9932482425795838,5.642857142857142,14.0
1,0.9432606943065651,0.9550381372942593,0.9949983997917861,5.63855421686747,13.833333333333334
1,0.9441977658586052,0.9550381372942593,0.9967532373864282,5.634146341463414,13.666666666666666
1,0.9447566915690805,0.9550381372942593,0.9985129081654187,5.62962962962963,13.5
1,0.9601913340681238,0.9657534246575342,0.999,5.625,13.333333333333334
1,0.9457228595063193,0.9550381372942593,0.9986640053524262,5.69620253164557,13.166666666666666
1,0.9603296901306894,0.9657534246575342,0.999,5.692307692307692,13.0
1,0.9607173569539915,0.9695273631840796,0.999,5.688311688311688,12.833333333333334
1,0.9605184643959224,0.9695273631840796,0.999,5.7631578947368425,12.666666666666666
1,0.9660736713640088,0.9695273631840796,0.999,5.359999999999999,12.5
1,0.9646792982398416,0.9695273631840796,0.999,5.4324324324324325,12.333333333333334
1,0.9643673561868025,0.9695273631840796,0.999,5.506849315068493,12.166666666666666
1,0.9646612075040993,0.9695273631840796,0.999,5.5,12.0
1,0.9681399442372602,0.9695273631840796,0.999,5.23943661971831,11.833333333333334
1,0.967765494536635,0.9695273631840796,0.999,5.314285714285714,11.666666666666666
1,0.9685657385501957,0.9695273631840796,0.999,5.304347826086957,11.5
1,0.968936655954457,0.9695273631840796,0.999,5.294117647058823,11.333333333333334
1,0.9680012016215497,0.9695273631840796,0.999,5.373134328358209,11.166666666666666
1,0.9699098710114251,0.9695273631840796,0.999,5.363636363636363,11.0
1,0.9718744926815888,0.9695273631840796,0.999,5.076923076923077,10.833333333333334
1,0.9725071999473104,0.9695273631840796,0.999,4.984615384615385,10.833333333333334
1,0.9726046023121007,0.9695273631840796,0.999,5.0625,10.666666666666666
1,0.9733446211688417,0.9695273631840796,0.999,5.0476190476190474,10.5
1,0.9735202915665817,0.9695273631840796,0.999,5.032258064516129,10.333333333333334
1,0.9611986420804286,0.9695273631840796,0.999,5.114754098360655,10.166666666666666
1,0.961660594757764,0.9695273631840796,0.999,5.1,10.0
1,0.9613110165006262,0.9695273631840796,0.999,5.186440677966102,9.833333333333334
1,0.9627591527465698,0.9695273631840796,0.999,5.172413793103448,9.666666666666666
1,0.9629519647020189,0.9695273631840796,0.999,5.157894736842105,9.5
1,0.9624401572447842,0.9695273631840796,0.999,5.25,9.333333333333334
1,0.9630841293801851,0.9695273631840796,0.999,5.236363636363636,9.166666666666666
1,0.9640516322044559,0.9695273631840796,0.999,5.222222222222222,9.0
1,0.9643721410235079,0.9695273631840796,0.999,5.2075471698113205,8.833333333333334
1,0.9652784814420305,0.9695273631840796,0.999,5.09433962264151,8.833333333333334
1,0.9692610447377131,0.9695273631840796,0.999,4.5,8.666666666666666
1,0.9710798520820159,0.9695273631840796,0.999,4.117647058823529,8.5
1,0.9723334162384327,0.9695273631840796,0.999,3.96,8.333333333333334
1,0.9731447661841381,0.9695273631840796,0.999,3.9183673469387754,8.166666666666666
1,0.9731627195893001,0.9695273631840796,0.999,4.0,8.0
1,0.9734444984259659,0.9695273631840796,0.999,4.085106382978723,7.833333333333333
1,0.9739612560528867,0.9695273631840796,0.999,4.043478260869565,7.666666666666667
1,0.9754331157965868,0.9695273631840796,0.999,3.5999999999999996,7.5
1,0.9757524731288699,0.9695273631840796,0.999,3.545454545454546,7.333333333333333
1,0.9775067149848699,0.9695273631840796,0.999,3.0697674418604652,7.166666666666667
1,0.9777283065748829,0.9695273631840796,0.999,3.0,7.0
1,0.9794155547659356,0.9695273631840796,0.999,2.4878048780487805,6.833333333333333
1,0.98025329687351,0.9809523809523809,0.999,2.25,6.666666666666667
1,0.9807026919780106,0.9809523809523809,0.999,2.1538461538461537,6.5
1,0.9810680839925159,0.9809523809523809,0.999,2.0526315789473686,6.333333333333333
1,0.9814132208659243,0.9836065573770492,0.999,1.945945945945946,6.166666666666667
1,0.981739873998607,0.9836065573770492,0.999,1.8333333333333335,6.0
1,0.9767158539225604,0.9695273631840796,0.999,1.8857142857142857,5.833333333333333
1,0.9776727421682243,0.9695273631840796,0.999,1.7142857142857142,5.833333333333333
1,0.9785096239888162,0.9695273631840796,0.999,1.5882352941176472,5.666666666666667
1,0.9792083090777319,0.9695273631840796,0.999,1.4545454545454546,5.5
1,0.9793176607720289,0.9695273631840796,0.999,1.5,5.333333333333333
1,0.9797770516255799,0.9809523809523809,0.999,1.3548387096774193,5.166666666666667
1,0.8424400732245529,0.8441660140955364,0.9607384446870372,4.991596638655462,19.833333333333332
1,0.8324338847865973,0.8441660140955364,0.9547702802221526,5.033898305084746,19.666666666666668
1,0.8349240840050491,0.8441660140955364,0.9534046597323335,5.0256410256410255,19.5
1,0.8365158872536651,0.8441660140955364,0.9520409913942876,5.017241379310344,19.333333333333332
1,0.8385713262089401,0.8441660140955364,0.9553394986063337,5.0086956521739125,19.166666666666668
1,0.8284923019710948,0.8384458077709611,0.9478579217578976,5.052631578947368,19.0
1,0.8577697779548721,0.8441660140955364,0.9731901345406113,4.88495575221239,18.833333333333332
1,0.8632812750325687,0.8441660140955364,0.9764086163735487,4.821428571428571,18.666666666666668
1,0.879754789827595,0.8479657387580299,0.9844174844539189,4.54054054054054,18.5
1,0.8802452450593345,0.8479657387580299,0.9863086610750978,4.527272727272727,18.333333333333332
1,0.8831695694512635,0.8479657387580299,0.9882033288328503,4.513761467889909,18.166666666666668
1,0.9071091065199928,0.887459807073955,0.9933077342036039,4.333333333333333,18.0
1,0.9060663823386488,0.887459807073955,0.9941826884668301,4.373831775700935,17.833333333333332
1,0.9080830414684231,0.887459807073955,0.9971219489945049,4.30188679245283,17.666666666666668
1,0.9072271115441453,0.887459807073955,0.9980021973840846,4.3428571428571425,17.5
1,0.9367727156711683,0.92,0.999,4.153846153846153,17.333333333333332
1,0.9367413337205063,0.92,0.999,4.194174757281553,17.166666666666668
1,0.9371138186334226,0.92,0.999,4.1764705882352935,17.0
1,0.9372306099977779,0.9201239546479488,0.999,4.158415841584159,16.833333333333332
1,0.9391309898438966,0.9259259259259259,0.999,4.08,16.666666666666668
1,0.938822908156189,0.9259259259259259,0.999,4.121212121212121,16.5
1,0.9395775576488357,0.9259259259259259,0.999,4.1020408163265305,16.333333333333332
1,0.9403338075844778,0.9259259259259259,0.999,4.082474226804123,16.166666666666668
1,0.9409509966792768,0.9259259259259259,0.999,4.0625,16.0
1,0.9426342208451526,0.9259259259259259,0.999,4.042105263157895,15.833333333333334
1,0.9468115061084557,0.9259259259259259,0.999,4.0212765957446805,15.666666666666666
1,0.9490582905252574,0.9259259259259259,0.999,4.0,15.5
1,0.9497492859081438,0.9259259259259259,0.999,3.978260869565217,15.333333333333334
1,0.9535262476689439,0.9378531073446328,0.999,3.758241758241758,15.166666666666666
1,0.9550258848992439,0.9378531073446328,0.999,3.7333333333333334,15.0
1,0.9563405754896137,0.9378531073446328,0.999,3.640449438202247,14.833333333333334
1,0.9580309465747163,0.9378531073446328,0.999,3.545454545454546,14.666666666666666
1,0.960825152871936,0.9378531073446328,0.999,3.310344827586207,14.5
1,0.962484967227824,0.9378531073446328,0.999,3.27906976744186,14.333333333333334
1,0.9631466131008644,0.9378531073446328,0.999,3.2470588235294118,14.166666666666666
1,0.9646942512682479,0.9378531073446328,0.999,3.2142857142857144,14.0
1,0.9652483367364255,0.9695273631840796,0.999,3.2530120481927707,13.833333333333334
1,0.9660593232693491,0.9695273631840796,0.999,3.2195121951219514,13.666666666666666
1,0.9663453545528455,0.9695273631840796,0.999,3.185185185185185,13.5
1,0.9697765036431725,0.9695273631840796,0.999,2.7750000000000004,13.333333333333334
1,0.9702301638012185,0.9695273631840796,0.999,2.7341772151898733,13.166666666666666
1,0.9706659936232422,0.9695273631840796,0.999,2.6923076923076925,13.0
1,0.9710786347290621,0.9695273631840796,0.999,2.6493506493506493,12.833333333333334
1,0.9711518292027139,0.9695273631840796,0.999,2.6842105263157894,12.666666666666666
1,0.9544645009525912,0.9550381372942593,0.999,2.7199999999999998,12.5
1,0.9551058168540618,0.9550381372942593,0.999,2.6756756756756754,12.333333333333334
1,0.9562959342555551,0.9550381372942593,0.999,2.6301369863013697,12.166666666666666
1,0.9583965001840371,0.9550561797752809,0.999,2.5,12.0
1,0.9591853994166972,0.9657534246575342,0.999,2.450704225352113,11.833333333333334
1,0.9601495598493557,0.9657534246575342,0.999,2.4000000000000004,11.666666666666666
1,0.9631278730591231,0.9695273631840796,0.999,2.347826086956522,11.5
1,0.9631069850624631,0.9695273631840796,0.999,2.3823529411764706,11.333333333333334
1,0.9638125421477908,0.9695273631840796,0.999,2.328358208955224,11.166666666666666
1,0.9463245580490229,0.9550381372942593,0.999,2.3636363636363633,11.0
1,0.9495090825223131,0.9550381372942593,0.999,2.0307692307692307,10.833333333333334
1,0.9497180573996835,0.9550381372942593,0.999,2.0307692307692307,10.833333333333334
1,0.9532314602452121,0.9550381372942593,0.999,1.96875,10.666666666666666
1,0.9550604897465098,0.9550381372942593,0.999,1.9047619047619047,10.5
1,0.9561739133044742,0.9550381372942593,0.999,1.838709677419355,10.333333333333334
1,0.9565716461029194,0.9550381372942593,0.999,1.8688524590163935,10.166666666666666
1,0.9573785525908602,0.9550381372942593,0.999,1.7999999999999998,10.0
1,0.9572604885641872,0.9550381372942593,0.999,1.8305084745762712,9.833333333333334
0,0.8427201665032695,0.8441660140955364,0.9362902972574206,5.697478991596638,19.833333333333332
0,0.8241474597276962,0.8384458077709611,0.9357486863740555,5.745762711864407,19.666666666666668
0,0.8491079164756936,0.8441660140955364,0.9478746536265785,5.487179487179487,19.5
0,0.8064063701395259,0.8038740920096852,0.9476331486598043,5.5344827586206895,19.333333333333332
0,0.7998102607221432,0.8038740920096852,0.9472987524723306,5.582608695652174,19.166666666666668
0,0.815126002964252,0.8384458077709611,0.9550460063751285,5.421052631578948,19.0
0,0.8113645973726562,0.8307692307692308,0.9548476868494933,5.469026548672566,18.833333333333332
0,0.8080729539325349,0.810126582278481,0.9545565526894882,5.517857142857142,18.666666666666668
0,0.807192641115791,0.810126582278481,0.954166794072062,5.5675675675675675,18.5
0,0.7538847247252155,0.75,0.953672177107281,5.618181818181818,18.333333333333332
0,0.7520152319217912,0.75,0.9530660097851226,5.669724770642202,18.166666666666668
0,0.7510628040693688,0.75,0.9547567090778696,5.666666666666666,18.0
0,0.7514463829497657,0.75,0.9564500345002646,5.663551401869158,17.833333333333332
0,0.7525181553543102,0.75,0.9581460523613291,5.660377358490566,17.666666666666668
0,0.7536068161847268,0.75,0.9598448312065683,5.657142857142857,17.5
0,0.8015990719303472,0.8038740920096852,0.930830848360741,5.798319327731092,19.833333333333332
0,0.80268483349089,0.8038740920096852,0.9314572462309005,5.796610169491525,19.666666666666668
0,0.8219695978443318,0.8384458077709611,0.9417877637457528,5.6410256410256405,19.5
0,0.8204722800464691,0.8384458077709611,0.943478011189346,5.637931034482759,19.333333333333332
0,0.8404823787115185,0.8441660140955364,0.9513550637445451,5.478260869565217,19.166666666666668
0,0.8663806522834452,0.8441660140955364,0.9587515875908813,5.315789473684211,19.0
0,0.8632463616490031,0.8441660140955364,0.9587051337575139,5.3628318584070795,18.833333333333332
0,0.8626287718847132,0.8441660140955364,0.9604843894138702,5.357142857142858,18.666666666666668
0,0.8423517520825874,0.8441660140955364,0.9603431550455496,5.405405405405405,18.5
0,0.8404104810849349,0.8441660140955364,0.9601107160147931,5.454545454545454,18.333333333333332
0,0.8410601905108595,0.8441660140955364,0.9618717735207091,5.4495412844036695,18.166666666666668
0,0.8394641638410307,0.8441660140955364,0.9615293405831539,5.5,18.0
0,0.8433234996594743,0.8441660140955364,0.965404419934225,5.4392523364485985,17.833333333333332
0,0.8468484925882862,0.8441660140955364,0.9671761701180124,5.433962264150944,17.666666666666668
0,0.8531711547437151,0.8441660140955364,0.9689516498536606,5.428571428571429,17.5
0,0.8539859203348623,0.8441660140955364,0.970730945987717,5.423076923076923,17.333333333333332
0,0.8546471349661422,0.8441660140955364,0.9725141480160554,5.41747572815534,17.166666666666668
0,0.8553900047769806,0.8441660140955364,0.9743013481821787,5.411764705882353,17.0
0,0.8545972500513586,0.8441660140955364,0.9738651279902903,5.465346534653466,16.833333333333332
0,0.8591070151098859,0.8441660140955364,0.9756426124726452,5.46,16.666666666666668
0,0.8593222491918242,0.8441660140955364,0.9750734942367965,5.515151515151516,16.5
0,0.860480175586767,0.8441660140955364,0.9768391974146241,5.510204081632653,16.333333333333332
0,0.8833523810713857,0.8479657387580299,0.9855141309770199,5.319587628865979,16.166666666666668
0,0.9086630229092549,0.887459807073955,0.9972650706715165,5.0,16.0
0,0.9346101761754229,0.887459807073955,0.999,4.989473684210527,15.833333333333334
0,0.9353188480106829,0.92,0.999,4.9787234042553195,15.666666666666666
0,0.939570267230496,0.9259259259259259,0.999,4.774193548387096,15.5
0,0.9178272989598977,0.887459807073955,0.999,4.826086956521739,15.333333333333334
0,0.9237634267053317,0.887459807073955,0.999,4.483516483516484,15.166666666666666
0,0.9258734075396915,0.887459807073955,0.999,4.266666666666667,15.0
0,0.9267482953016504,0.887459807073955,0.999,4.247191011235955,14.833333333333334
0,0.9326579885993194,0.887459807073955,0.999,3.8863636363636362,14.666666666666666
0,0.932445287293117,0.887459807073955,0.999,3.9310344827586206,14.5
0,0.8953436614886366,0.887459807073955,0.999,3.9767441860465116,14.333333333333334
0,0.8983589093802344,0.887459807073955,0.999,3.9529411764705884,14.166666666666666
1,0.5073464106122372,0.42370892018779344,0.6681367467108489,5.848739495798319,19.833333333333332
1,0.5084798102443617,0.42370892018779344,0.6664419259079751,5.898305084745763,19.666666666666668
1,0.5072949729353432,0.42370892018779344,0.6646660165944085,5.948717948717949,19.5
1,0.555238793487252,0.4888888888888889,0.7296247683682692,5.948275862068966,19.333333333333332
1,0.684112288831398,0.6408554572271388,0.8567749173468368,5.893805309734513,18.833333333333332
1,0.6786808691502977,0.6408554572271388,0.8282265460607983,5.946428571428571,18.666666666666668
1,0.6796417776108568,0.6408554572271388,0.8383342020288802,5.945945945945946,18.5
1,0.7442502835343134,0.75,0.9009769308635387,5.836363636363637,18.333333333333332
1,0.7129137699526883,0.6606217616580311,0.873718950746007,5.889908256880734,18.166666666666668
1,0.7142418512149126,0.6606217616580311,0.8755811707256883,5.888888888888889,18.0
1,0.7413062559720865,0.75,0.8769327394942449,5.88785046728972,17.833333333333332
1,0.6975805474591781,0.6408554572271388,0.8583463012340363,5.943396226415095,17.666666666666668
1,0.7995724211887574,0.8038740920096852,0.9598448312065683,5.657142857142857,17.5
1,0.8020037907508699,0.8038740920096852,0.9615464419123311,5.653846153846153,17.333333333333332
1,0.800883857170001,0.8038740920096852,0.9607203596794403,5.70873786407767,17.166666666666668
1,0.787912031644549,0.7877480586712684,0.9432118702920135,5.764705882352941,17.0
1,0.8034809415729884,0.8038740920096852,0.9640899303226961,5.702970297029703,16.833333333333332
1,0.8121148863892542,0.8307692307692308,0.973311738018435,5.5200000000000005,16.666666666666668
1,0.8113076126978642,0.8307692307692308,0.9726329507237159,5.575757575757576,16.5
1,0.813176071587572,0.8307692307692308,0.974376839319612,5.571428571428571,16.333333333333332
1,0.8218230510545412,0.8384458077709611,0.9833007552250806,5.381443298969073,16.166666666666668
1,0.8434144781956365,0.8441660140955364,0.9873445840093756,5.3125,16.0
1,0.8681144432061112,0.8459214501510574,0.995409922802321,5.11578947368421,15.833333333333334
1,0.9129349958620975,0.887459807073955,0.999,4.914893617021277,15.666666666666666
1,0.9154698699513698,0.887459807073955,0.999,4.903225806451613,15.5
1,0.9190138327637718,0.887459807073955,0.999,4.891304347826087,15.333333333333334
1,0.9200750120215743,0.887459807073955,0.999,4.8791208791208796,15.166666666666666
1,0.9212278841492301,0.887459807073955,0.999,4.866666666666667,15.0
1,0.9254546828772421,0.887459807073955,0.999,4.651685393258427,14.833333333333334
1,0.9267060972521284,0.887459807073955,0.999,4.636363636363637,14.666666666666666
1,0.9293699303028634,0.887459807073955,0.999,4.620689655172414,14.5
1,0.9322288216185258,0.887459807073955,0.999,4.534883720930233,14.333333333333334
1,0.9331791944368043,0.887459807073955,0.999,4.517647058823529,14.166666666666666
1,0.9343298548583994,0.887459807073955,0.999,4.571428571428571,14.0
1,0.9362765828545061,0.9550381372942593,0.999,4.554216867469879,13.833333333333334
1,0.9371620557487632,0.9550381372942593,0.999,4.609756097560975,13.666666666666666
1,0.9422121489227553,0.9550381372942593,0.999,4.222222222222222,13.5
1,0.9421190418186411,0.9550381372942593,0.999,4.275,13.333333333333334
1,0.9435150831242356,0.9550381372942593,0.999,4.253164556962025,13.166666666666666
1,0.9477317123601297,0.9550381372942593,0.999,4.0,13.0
1,0.9497049616292406,0.9550381372942593,0.999,3.896103896103896,12.833333333333334
1,0.9511548974920911,0.9550381372942593,0.999,3.8684210526315788,12.666666666666666
1,0.953250065655888,0.9550381372942593,0.999,3.7600000000000002,12.5
1,0.9540490331537732,0.9550381372942593,0.999,3.72972972972973,12.333333333333334
1,0.9539600190814668,0.9550381372942593,0.999,3.780821917808219,12.166666666666666
1,0.955603266539876,0.9550381372942593,0.999,3.666666666666667,12.0
1,0.9561617434752668,0.9550381372942593,0.999,3.718309859154929,11.833333333333334
1,0.9616390850076411,0.9695273631840796,0.999,3.342857142857143,11.666666666666666
1,0.9622006805722514,0.9695273631840796,0.999,3.3043478260869565,11.5
1,0.9628478553397135,0.9695273631840796,0.999,3.264705882352941,11.333333333333334
1,0.9628519156245791,0.9695273631840796,0.999,3.3134328358208958,11.166666666666666
1,0.963135059492815,0.9695273631840796,0.999,3.2727272727272725,11.0
1,0.9635939369568691,0.9695273631840796,0.999,3.230769230769231,10.833333333333334
1,0.9636367142190476,0.9695273631840796,0.999,3.230769230769231,10.833333333333334
1,0.9652519528906697,0.9695273631840796,0.999,3.1875,10.666666666666666
1,0.9658266325937578,0.9695273631840796,0.999,3.1428571428571432,10.5
1,0.9658209377056532,0.9695273631840796,0.999,3.193548387096774,10.333333333333334
1,0.9695834508014083,0.9695273631840796,0.999,2.6557377049180326,10.166666666666666
1,0.9702183597238037,0.9695273631840796,0.999,2.6,10.0
1,0.9730559451562634,0.9695273631840796,0.999,2.0338983050847457,9.833333333333334
1,0.9731372342471982,0.9695273631840796,0.999,2.0689655172413794,9.666666666666666
1,0.9734782839217464,0.9695273631840796,0.999,2.0,9.5
1,0.9749790270893902,0.9695273631840796,0.999,1.6071428571428572,9.333333333333334
1,0.975737148908153,0.9695273631840796,0.999,1.5272727272727271,9.166666666666666
1,0.9758696644556388,0.9695273631840796,0.999,1.5555555555555554,9.0
1,0.9767397409790537,0.9695273631840796,0.999,1.4716981132075473,8.833333333333334
1,0.9774345773472257,0.9695273631840796,0.999,1.2692307692307692,8.666666666666666
1,0.9769078000902489,0.9695273631840796,0.999,1.1764705882352942,8.5
1,0.9772241075588035,0.9695273631840796,0.999,1.08,8.333333333333334
1,0.9775841074540903,0.9695273631840796,0.999,0.9795918367346939,8.166666666666666
1,0.9778589699755311,0.9695273631840796,0.999,1.0,8.0
1,0.9794012362702001,0.9695273631840796,0.999,0.5106382978723404,7.833333333333333
1,0.9119378410948977,0.9160467587672688,0.9891197809054233,5.923076923076923,13.0
1,0.9489494020163776,0.9550381372942593,0.999,5.688311688311688,12.833333333333334
1,0.9496389789924908,0.9550381372942593,0.999,5.684210526315789,12.666666666666666
1,0.9493780286602824,0.9550381372942593,0.999,5.76,12.5
1,0.9515249825113421,0.9550381372942593,0.999,5.594594594594595,12.333333333333334
1,0.9579445173561725,0.9550381372942593,0.999,5.178082191780822,12.166666666666666
1,0.958675544556461,0.9550561797752809,0.999,5.166666666666667,12.0
1,0.9582937122828743,0.9550561797752809,0.999,5.23943661971831,11.833333333333334
1,0.9589332606418024,0.9657534246575342,0.999,5.228571428571429,11.666666666666666
1,0.9362711251376185,0.9550381372942593,0.999,5.304347826086957,11.5
1,0.9369275913082766,0.9550381372942593,0.999,5.294117647058823,11.333333333333334
1,0.9346227174761018,0.9550381372942593,0.999,5.373134328358209,11.166666666666666
1,0.9339895777570018,0.9550381372942593,0.999,5.454545454545454,11.0
1,0.9400181433926174,0.9550381372942593,0.999,5.353846153846154,10.833333333333334
1,0.9473552566096104,0.9550381372942593,0.999,4.800000000000001,10.833333333333334
1,0.9493287656933238,0.9550381372942593,0.999,4.78125,10.666666666666666
1,0.9492183174408537,0.9550381372942593,0.999,4.857142857142858,10.5
1,0.9507240737990403,0.9550381372942593,0.999,4.838709677419354,10.333333333333334
1,0.9536948141150644,0.9550381372942593,0.999,4.524590163934426,10.166666666666666
1,0.9545396931462893,0.9550381372942593,0.999,4.6000000000000005,10.0
1,0.9549947302844162,0.9550381372942593,0.999,4.576271186440678,9.833333333333334
1,0.9561961143327877,0.9550381372942593,0.999,4.551724137931034,9.666666666666666
1,0.9570658973796039,0.9550381372942593,0.999,4.526315789473684,9.5
1,0.9577758089915516,0.9550381372942593,0.999,4.607142857142858,9.333333333333334
1,0.958397004339927,0.9550561797752809,0.999,4.581818181818182,9.166666666666666
1,0.9580563010136764,0.9550561797752809,0.999,4.666666666666667,9.0
1,0.9593612967666089,0.9657534246575342,0.999,4.528301886792454,8.833333333333334
1,0.9603644831189806,0.9695273631840796,0.999,4.384615384615384,8.666666666666666
1,0.9607713792288913,0.9695273631840796,0.999,4.352941176470588,8.5
1,0.9460724981652238,0.9550381372942593,0.999,4.4399999999999995,8.333333333333334
1,0.9472849322735635,0.9550381372942593,0.999,4.285714285714286,8.166666666666666
1,0.9484605195990907,0.9550381372942593,0.999,4.25,8.0
1,0.9505834753137776,0.9550381372942593,0.999,4.212765957446809,7.833333333333333
1,0.9514521616434459,0.9550381372942593,0.999,4.173913043478261,7.666666666666667
1,0.9520965561047541,0.9550381372942593,0.999,4.133333333333333,7.5
1,0.9526755134877491,0.9550381372942593,0.999,4.090909090909091,7.333333333333333
1,0.9531563726579237,0.9550381372942593,0.999,4.186046511627907,7.166666666666667
1,0.9547367628573502,0.9550381372942593,0.999,4.0,7.0
1,0.9554616280344796,0.9550381372942593,0.999,3.951219512195122,6.833333333333333
1,0.9564176437269496,0.9550381372942593,0.999,3.9000000000000004,6.666666666666667
1,0.9570576879496602,0.9550381372942593,0.999,3.8048780487804876,6.833333333333333
1,0.9623297677215035,0.9695273631840796,0.999,3.3000000000000003,6.666666666666667
1,0.9633590340867291,0.9695273631840796,0.999,3.230769230769231,6.5
1,0.96388086027582,0.9695273631840796,0.999,3.1578947368421053,6.333333333333333
1,0.9646968904782118,0.9695273631840796,0.999,3.0810810810810807,6.166666666666667
1,0.9653255988582314,0.9695273631840796,0.999,3.0,6.0
1,0.9677967054181282,0.9695273631840796,0.999,2.4000000000000004,5.833333333333333
1,0.967797074245715,0.9695273631840796,0.999,2.4705882352941178,5.666666666666667
1,0.9686195468024601,0.9695273631840796,0.999,2.3636363636363633,5.5
1,0.9693068245045948,0.9695273631840796,0.999,2.25,5.333333333333333
1,0.9700510031089429,0.9695273631840796,0.999,2.129032258064516,5.166666666666667
1,0.9706400323966582,0.9695273631840796,0.999,5.709677419354839,10.333333333333334
1,0.9727892634915729,0.9695273631840796,0.999,5.409836065573771,10.166666666666666
1,0.9731514930448517,0.9695273631840796,0.999,5.4,10.0
1,0.9733603570800288,0.9695273631840796,0.999,5.389830508474576,9.833333333333334
1,0.976291421224532,0.9695273631840796,0.999,5.068965517241379,9.666666666666666
1,0.9764498050345594,0.9695273631840796,0.999,5.052631578947368,9.5
1,0.976668178990666,0.9695273631840796,0.999,5.035714285714286,9.333333333333334
1,0.976452460447093,0.9695273631840796,0.999,5.127272727272727,9.166666666666666
1,0.9763118270324143,0.9695273631840796,0.999,5.222222222222222,9.0
1,0.9769478510414922,0.9695273631840796,0.999,5.2075471698113205,8.833333333333334
1,0.976529015001262,0.9695273631840796,0.999,5.3076923076923075,8.666666666666666
1,0.9772972537734534,0.9695273631840796,0.999,5.294117647058823,8.5
1,0.9802626577586093,0.9809523809523809,0.999,4.68,8.333333333333334
1,0.980031468953457,0.9809523809523809,0.999,4.775510204081632,8.166666666666666
1,0.98038184078538,0.9809523809523809,0.999,4.875,8.0
1,0.9806253581667941,0.9809523809523809,0.999,4.8510638297872335,7.833333333333333
1,0.9801769442488355,0.9809523809523809,0.999,4.956521739130435,7.666666666666667
1,0.9813704005227651,0.9836065573770492,0.999,4.800000000000001,7.5
1,0.9814775340763989,0.9836065573770492,0.999,4.909090909090909,7.333333333333333
1,0.9832586974608619,0.99,0.999,4.465116279069767,7.166666666666667
1,0.9834629492384255,0.99,0.999,4.428571428571429,7.0
1,0.9836707713648121,0.99,0.999,4.390243902439025,6.833333333333333
1,0.9837061959187835,0.99,0.999,4.5,6.666666666666667
1,0.9859562006176837,0.99,0.999,3.6923076923076925,6.5
1,0.9861603706948223,0.99,0.999,3.6315789473684212,6.333333333333333
1,0.9862862029388777,0.99,0.999,3.5675675675675675,6.166666666666667
1,0.9864163233503772,0.99,0.999,3.5,6.0
1,0.9875746351726366,0.99,0.999,2.914285714285714,5.833333333333333
1,0.9798446032006535,0.9809523809523809,0.999,3.0,5.666666666666667
1,0.9802358344183904,0.9809523809523809,0.999,2.909090909090909,5.5
1,0.9806297234011678,0.9809523809523809,0.999,3.0,5.333333333333333
1,0.9804403751712301,0.9809523809523809,0.999,3.096774193548387,5.166666666666667
1,0.9484848761511392,0.9550381372942593,0.999,5.75,8.0
1,0.9574757628476172,0.9550381372942593,0.999,5.1063829787234045,7.833333333333333
1,0.9614799964864698,0.9695273631840796,0.999,4.723404255319149,7.833333333333333
1,0.963984095405201,0.9695273631840796,0.999,4.304347826086956,7.666666666666667
1,0.9643677595767262,0.9695273631840796,0.999,4.3999999999999995,7.5
1,0.964778010320858,0.9695273631840796,0.999,4.363636363636363,7.333333333333333
1,0.9653383975941564,0.9695273631840796,0.999,4.465116279069767,7.166666666666667
1,0.9654145938489881,0.9695273631840796,0.999,4.571428571428571,7.0
1,0.9664066886310616,0.9695273631840796,0.999,4.536585365853659,6.833333333333333
1,0.8961531922968498,0.887459807073955,0.9717679497445924,5.806451612903226,15.5
1,0.9049419714408475,0.887459807073955,0.9875222810439245,5.478260869565217,15.333333333333334
1,0.9065342168251709,0.887459807073955,0.9893186822106056,5.472527472527473,15.166666666666666
1,0.9105590883284613,0.887459807073955,0.9911199550342177,5.466666666666667,15.0
1,0.9235609356248795,0.887459807073955,0.9954892294600592,5.393258426966292,14.833333333333334
1,0.9532025328671667,0.9378531073446328,0.999,5.318181818181818,14.666666666666666
1,0.9513596874049424,0.9259259259259259,0.999,5.379310344827586,14.5
1,0.9531613299255288,0.9378531073446328,0.999,5.372093023255815,14.333333333333334
1,0.9563316080793915,0.9378531073446328,0.999,5.364705882352942,14.166666666666666
1,0.928684950766173,0.887459807073955,0.999,5.428571428571429,14.0
1,0.9292992022872809,0.9550381372942593,0.999,5.493975903614458,13.833333333333334
1,0.9289734479706926,0.9550381372942593,0.999,5.560975609756098,13.666666666666666
1,0.9305929949699079,0.9550381372942593,0.999,5.481481481481481,13.5
1,0.930907835467451,0.9550381372942593,0.999,5.475,13.333333333333334
1,0.9314667980241833,0.9550381372942593,0.999,5.544303797468355,13.166666666666666
1,0.8659251720850261,0.8659384309831182,0.999,5.615384615384615,13.0
1,0.8670967481380438,0.8702988115129023,0.999,5.6103896103896105,12.833333333333334
1,0.8750517307430583,0.8879781420765027,0.999,5.605263157894737,12.666666666666666
1,0.8775719674593292,0.8879781420765027,0.999,5.6,12.5
1,0.9100594371280695,0.9160467587672688,0.999,5.351351351351351,12.333333333333334
1,0.9110698613559463,0.9160467587672688,0.999,5.342465753424658,12.166666666666666
1,0.9158102511469981,0.9160467587672688,0.999,5.333333333333333,12.0
1,0.9111423164093693,0.9160467587672688,0.999,5.408450704225352,11.833333333333334
1,0.9182861292775863,0.9160467587672688,0.999,5.314285714285714,11.666666666666666
1,0.9661253373284466,0.9695273631840796,0.999,5.886792452830189,8.833333333333334
1,0.9673748913470062,0.9695273631840796,0.999,5.769230769230769,8.666666666666666
1,0.9677795072180757,0.9695273631840796,0.999,5.764705882352941,8.5
1,0.967597311819288,0.9695273631840796,0.999,5.88,8.333333333333334
1,0.9676656684107101,0.9695273631840796,0.999,5.877551020408163,8.166666666666666
1,0.9697526135283796,0.9695273631840796,0.999,5.5,8.0
1,0.9722771786880078,0.9695273631840796,0.999,5.23404255319149,7.833333333333333
1,0.9726556951497329,0.9695273631840796,0.999,5.217391304347826,7.666666666666667
1,0.973615496278275,0.9695273631840796,0.999,5.2,7.5
1,0.9737885345437141,0.9695273631840796,0.999,5.181818181818182,7.333333333333333
1,0.9739880876529534,0.9695273631840796,0.999,5.162790697674419,7.166666666666667
1,0.9743634961987273,0.9695273631840796,0.999,5.142857142857142,7.0
1,0.9740446114775956,0.9695273631840796,0.999,5.2682926829268295,6.833333333333333
1,0.9749326458236309,0.9695273631840796,0.999,5.121951219512195,6.833333333333333
1,0.9769318694334758,0.9695273631840796,0.999,4.65,6.666666666666667
1,0.977204731801353,0.9695273631840796,0.999,4.769230769230769,6.5
1,0.9773356304844993,0.9695273631840796,0.999,4.7368421052631575,6.333333333333333
1,0.9775428624421159,0.9695273631840796,0.999,4.702702702702703,6.166666666666667
1,0.9776506632382744,0.9695273631840796,0.999,4.833333333333334,6.0
1,0.9779888568895734,0.9695273631840796,0.999,4.800000000000001,5.833333333333333
1,0.9797560615544796,0.9809523809523809,0.999,4.235294117647059,5.666666666666667
1,0.9814310669090966,0.9836065573770492,0.999,3.6363636363636367,5.5
1,0.9821413130816424,0.9836065573770492,0.999,3.375,5.333333333333333
1,0.9826411186096136,0.99,0.999,3.290322580645161,5.166666666666667
1,0.9016432798585812,0.887459807073955,0.9590780930333545,5.938144329896907,16.166666666666668
1,0.9037619141789195,0.887459807073955,0.9606506089605282,5.9375,16.0
1,0.8833269414323301,0.8479657387580299,0.9734182028587463,5.804347826086956,15.333333333333334
1,0.8851799142492798,0.8479657387580299,0.9750708539350401,5.802197802197802,15.166666666666666
1,0.8865101176647496,0.8479657387580299,0.9767259779795909,5.8,15.0
1,0.8935572017520473,0.8479657387580299,0.9874670607323205,5.595505617977528,14.833333333333334
1,0.8956231184210238,0.887459807073955,0.9892259746627481,5.590909090909091,14.666666666666666
1,0.8950702500769394,0.887459807073955,0.9880244182214154,5.655172413793103,14.5
1,0.8961632995304171,0.887459807073955,0.986634751148982,5.72093023255814,14.333333333333334
1,0.8969397323725017,0.887459807073955,0.9850415484512189,5.788235294117647,14.166666666666666
1,0.9191197523230429,0.887459807073955,0.996308150815552,5.571428571428571,14.0
1,0.921106408087065,0.9534883720930233,0.9949983997917861,5.63855421686747,13.833333333333334
1,0.923745281305188,0.9550381372942593,0.9967532373864282,5.634146341463414,13.666666666666666
1,0.9233505704701803,0.9550381372942593,0.9952063719290921,5.703703703703704,13.5
1,0.9243829740741913,0.9550381372942593,0.9969329776793892,5.699999999999999,13.333333333333334
1,0.8898701477264538,0.8961748633879781,0.9951205381823199,5.772151898734178,13.166666666666666
1,0.8908837405133311,0.8961748633879781,0.9968125282826003,5.769230769230769,13.0
1,0.8913692433782594,0.8961748633879781,0.9985083270013898,5.766233766233766,12.833333333333334
1,0.8955914376927574,0.887459807073955,0.9482808958503943,5.344537815126051,19.833333333333332
1,0.7656710253037342,0.7877480586712684,0.681626641948907,5.389830508474576,19.666666666666668
1,0.7648772479079324,0.7877480586712684,0.6804381550859957,5.435897435897436,19.5
1,0.7640549785388809,0.7877480586712684,0.6791936648721268,5.482758620689656,19.333333333333332
1,0.7668810091433701,0.7877480586712684,0.6778898359183012,5.530434782608696,19.166666666666668
1,0.7659974312277518,0.7877480586712684,0.6765231004615843,5.578947368421053,19.0
1,0.5679262674904524,0.49095607235142125,0.4313072703280723,5.628318584070796,18.833333333333332
1,0.6214316160478126,0.5454545454545452,0.5031634346476153,5.625,18.666666666666668
1,0.595340840764919,0.5454545454545452,0.4919917736766206,5.675675675675675,18.5
1,0.5888903002761896,0.5454545454545452,0.4826732878587195,5.7272727272727275,18.333333333333332
1,0.6355554853746763,0.5474683544303798,0.5313349261679168,5.724770642201835,18.166666666666668
1,0.6658979690779785,0.6408554572271388,0.571662101555344,5.722222222222222,18.0
1,0.6550939622345984,0.6070528967254408,0.5564180725685058,5.775700934579439,17.833333333333332
1,0.6825762134278051,0.6408554572271388,0.5882262250619026,5.773584905660377,17.666666666666668
1,0.7212392463370766,0.6606217616580311,0.6593183582001486,5.7142857142857135,17.5
1,0.7015195169254878,0.6408554572271388,0.6393937956226307,5.769230769230769,17.333333333333332
1,0.7255708060987041,0.7482678983833718,0.6602197242331811,5.766990291262136,17.166666666666668
1,0.8272740800650864,0.8384458077709611,0.8520277023625138,5.470588235294118,17.0
1,0.832373538253381,0.8441660140955364,0.8558607450038082,5.465346534653466,16.833333333333332
1,0.834222520773654,0.8441660140955364,0.8592064741532108,5.46,16.666666666666668
1,0.8353108539280198,0.8441660140955364,0.8621359519262266,5.454545454545454,16.5
1,0.8772974610114286,0.8479657387580299,0.9634660375019407,5.26530612244898,16.333333333333332
1,0.8796009983311848,0.8479657387580299,0.9664746324197476,5.257731958762887,16.166666666666668
1,0.8721199210716455,0.8879781420765027,0.9923073616179673,5.921052631578947,12.666666666666666
1,0.9237640512179554,0.9550381372942593,0.999,5.68,12.5
1,0.9246181734844778,0.9550381372942593,0.999,5.675675675675675,12.333333333333334
1,0.9253022686625996,0.9550381372942593,0.999,5.671232876712329,12.166666666666666
1,0.926546586178376,0.9550381372942593,0.999,5.666666666666666,12.0
1,0.928688739478142,0.9550381372942593,0.999,5.577464788732394,11.833333333333334
1,0.9402417628266695,0.9550381372942593,0.999,5.142857142857142,11.666666666666666
1,0.9408052865808885,0.9550381372942593,0.999,5.130434782608695,11.5
1,0.9408363632733994,0.9550381372942593,0.999,5.205882352941177,11.333333333333334
1,0.945417212110692,0.9550381372942593,0.999,4.925373134328359,11.166666666666666
1,0.9484514733793848,0.9550381372942593,0.999,4.909090909090909,11.0
1,0.9227702326065286,0.9550381372942593,0.999,4.984615384615385,10.833333333333334
1,0.9243300466945152,0.9550381372942593,0.999,4.96875,10.666666666666666
1,0.925735917705521,0.9550381372942593,0.999,4.9523809523809526,10.5
1,0.9291725292320674,0.9550381372942593,0.999,4.935483870967742,10.333333333333334
1,0.9293298126478297,0.9550381372942593,0.999,5.016393442622951,10.166666666666666
1,0.9316149993148428,0.9550381372942593,0.999,4.9,10.0
1,0.9325198654913402,0.9550381372942593,0.999,4.983050847457627,9.833333333333334
1,0.9345468100996869,0.9550381372942593,0.999,4.88135593220339,9.833333333333334
1,0.9407134869514293,0.9550381372942593,0.999,4.551724137931034,9.666666666666666
1,0.941427668012977,0.9550381372942593,0.999,4.526315789473684,9.5
1,0.9420179197520547,0.9550381372942593,0.999,4.5,9.333333333333334
1,0.9433100709829658,0.9550381372942593,0.999,4.472727272727273,9.166666666666666
1,0.9465076644060424,0.9550381372942593,0.999,4.444444444444445,9.0
1,0.8768482920103786,0.8459214501510574,0.9525702982315534,5.883495145631068,17.166666666666668
1,0.8743877674884253,0.8459214501510574,0.9512265663428051,5.9411764705882355,17.0
1,0.8753769143572012,0.8459214501510574,0.9527954696165539,5.9405940594059405,16.833333333333332
1,0.8858400268133714,0.8479657387580299,0.9630781191230914,5.76,16.666666666666668
1,0.885171776445473,0.8479657387580299,0.9619129476732701,5.818181818181818,16.5
1,0.8836238138460288,0.8479657387580299,0.9605835291598761,5.877551020408163,16.333333333333332
1,0.8859194308047578,0.8479657387580299,0.9621902491301119,5.876288659793814,16.166666666666668
1,0.9058730847167555,0.887459807073955,0.9778759716741905,5.5625,16.0
1,0.9049981624752139,0.887459807073955,0.977001357154425,5.621052631578948,15.833333333333334
1,0.9065931016714639,0.887459807073955,0.977001357154425,5.621052631578948,15.833333333333334
1,0.907463160522056,0.887459807073955,0.9759746163295541,5.680851063829787,15.666666666666666
1,0.8493797923895818,0.8441660140955364,0.9747843575258149,5.741935483870968,15.5
1,0.8503341196087311,0.8441660140955364,0.9734182028587463,5.804347826086956,15.333333333333334
1,0.8577173192429461,0.8441660140955364,0.9750708539350401,5.802197802197802,15.166666666666666
1,0.8589520343225072,0.8441660140955364,0.9767259779795909,5.8,15.0
1,0.8672685350660734,0.844501777174616,0.9783836531533334,5.797752808988764,14.833333333333334
1,0.871428611862884,0.8459214501510574,0.9832323795738918,5.7272727272727275,14.666666666666666
1,0.9046396773129513,0.887459807073955,0.999,5.379310344827586,14.5
1,0.9189623181567068,0.887459807073955,0.999,5.023255813953488,14.333333333333334
1,0.9185482026237412,0.887459807073955,0.999,5.08235294117647,14.166666666666666
1,0.921212765422491,0.887459807073955,0.999,5.0,14.0
1,0.924002192754614,0.9550381372942593,0.999,4.9879518072289155,13.833333333333334
1,0.9245661435648964,0.9550381372942593,0.999,4.975609756097561,13.666666666666666
1,0.9267198874217533,0.9550381372942593,0.999,4.962962962962963,13.5
1,0.9262943183889747,0.9550381372942593,0.999,5.025,13.333333333333334
1,0.9289764488960313,0.9550381372942593,0.999,5.012658227848101,13.166666666666666
1,0.9296783240036375,0.9550381372942593,0.999,5.0,13.0
1,0.9315638682412967,0.9550381372942593,0.999,4.909090909090909,12.833333333333334
1,0.9322659174489831,0.9550381372942593,0.999,4.894736842105263,12.666666666666666
1,0.9341558084308155,0.9550381372942593,0.999,4.800000000000001,12.5
1,0.9347879664531302,0.9550381372942593,0.999,4.783783783783783,12.333333333333334
1,0.9344342203138939,0.9550381372942593,0.999,4.8493150684931505,12.166666666666666
1,0.9343724970062247,0.9550381372942593,0.999,4.916666666666666,12.0
1,0.9353838089616942,0.9550381372942593,0.999,4.901408450704226,11.833333333333334
1,0.9365424453677257,0.9550381372942593,0.999,4.885714285714286,11.666666666666666
1,0.9388111119822871,0.9550381372942593,0.999,4.869565217391305,11.5
1,0.9410406377440619,0.9550381372942593,0.999,4.852941176470589,11.333333333333334
1,0.9425072761925684,0.9550381372942593,0.999,4.835820895522388,11.166666666666666
1,0.9445855307829064,0.9550381372942593,0.999,4.727272727272727,11.0
1,0.9454277135189875,0.9550381372942593,0.999,4.707692307692308,10.833333333333334
1,0.9467146916220245,0.9550381372942593,0.999,4.615384615384616,10.833333333333334
1,0.947822342217294,0.9550381372942593,0.999,4.59375,10.666666666666666
1,0.9473664895042195,0.9550381372942593,0.999,4.666666666666667,10.5
1,0.9480978559297557,0.9550381372942593,0.999,4.64516129032258,10.333333333333334
1,0.9477980866696882,0.9550381372942593,0.999,4.721311475409836,10.166666666666666
1,0.948840823822084,0.9550381372942593,0.999,4.7,10.0
1,0.9484357144468707,0.9550381372942593,0.999,4.779661016949152,9.833333333333334
1,0.9513267495819406,0.9550381372942593,0.999,4.551724137931034,9.666666666666666
1,0.9528237749723415,0.9550381372942593,0.999,4.421052631578947,9.5
1,0.9522319092416933,0.9550381372942593,0.999,4.5,9.333333333333334
1,0.9517313701046674,0.9550381372942593,0.999,4.581818181818182,9.166666666666666
1,0.955495952321844,0.9550381372942593,0.999,4.222222222222222,9.0
1,0.9589399827636105,0.9657534246575342,0.999,3.849056603773585,8.833333333333334
1,0.9618434005151111,0.9695273631840796,0.999,3.4615384615384612,8.666666666666666
1,0.9623402310314761,0.9695273631840796,0.999,3.411764705882353,8.5
1,0.9666905082172165,0.9695273631840796,0.999,2.7600000000000002,8.333333333333334
1,0.9673516068890131,0.9695273631840796,0.999,2.693877551020408,8.166666666666666
1,0.9680821966499598,0.9695273631840796,0.999,2.625,8.0
1,0.9555522354709549,0.9550381372942593,0.999,2.6808510638297873,7.833333333333333
1,0.956559086150494,0.9550381372942593,0.999,2.608695652173913,7.666666666666667
1,0.9564554575338147,0.9550381372942593,0.999,2.6666666666666665,7.5
1,0.957378849093786,0.9550381372942593,0.999,2.590909090909091,7.333333333333333
1,0.9594946224265087,0.9657534246575342,0.999,2.3720930232558137,7.166666666666667
1,0.962767070677751,0.9695273631840796,0.999,1.8571428571428572,7.0
1,0.9626379886103225,0.9695273631840796,0.999,1.9024390243902438,6.833333333333333
1,0.963215705090078,0.9695273631840796,0.999,1.9500000000000002,6.666666666666667
1,0.9651174526046187,0.9695273631840796,0.999,1.6923076923076923,6.5
1,0.9665531016647627,0.9695273631840796,0.999,1.4210526315789473,6.333333333333333
1,0.9664519623756769,0.9695273631840796,0.999,1.4594594594594597,6.166666666666667
1,0.9677630844774583,0.9695273631840796,0.999,1.3333333333333333,6.0
1,0.9697446337251827,0.9695273631840796,0.999,1.2000000000000002,5.833333333333333
1,0.9702853812309031,0.9695273631840796,0.999,1.2352941176470589,5.666666666666667
1,0.9710252628002578,0.9695273631840796,0.999,1.0909090909090908,5.5
1,0.9742722776970794,0.9695273631840796,0.999,0.375,5.333333333333333
1,0.9555972597266312,0.9550381372942593,0.999,5.538461538461538,8.666666666666666
1,0.9552059454386589,0.9550381372942593,0.999,5.647058823529411,8.5
1,0.9555234955530008,0.9550381372942593,0.999,5.64,8.333333333333334
1,0.9557580263249583,0.9550381372942593,0.999,5.63265306122449,8.166666666666666
1,0.9567500743992691,0.9550381372942593,0.999,5.625,8.0
1,0.9573708981245354,0.9550381372942593,0.999,5.617021276595745,7.833333333333333
1,0.9564787049438302,0.9550381372942593,0.999,5.739130434782609,7.666666666666667
1,0.9559522020086011,0.9550381372942593,0.999,5.866666666666666,7.5
1,0.8714817000323563,0.8459214501510574,0.9832279255167913,5.857142857142857,14.0
1,0.8718761903068065,0.8879781420765027,0.9811753894989936,5.927710843373494,13.833333333333334
1,0.8740882357651552,0.8879781420765027,0.9827616617545246,5.926829268292683,13.666666666666666
1,0.8826041897424042,0.8961748633879781,0.9891197809054233,5.923076923076923,13.0
1,0.8831451906890103,0.8961748633879781,0.9907128161341617,5.922077922077922,12.833333333333334
1,0.932341392417852,0.9550381372942593,0.999,5.58904109589041,12.166666666666666
1,0.9415832164983969,0.9550381372942593,0.999,5.166666666666667,12.0
1,0.9469989740446079,0.9550381372942593,0.999,4.901408450704226,11.833333333333334
1,0.9475304136461342,0.9550381372942593,0.999,4.9714285714285715,11.666666666666666
1,0.9533204590849467,0.9550381372942593,0.999,4.695652173913044,11.5
1,0.9540377659279119,0.9550381372942593,0.999,4.676470588235294,11.333333333333334
1,0.9535293853080393,0.9550381372942593,0.999,4.746268656716418,11.166666666666666
1,0.9568798152127841,0.9550381372942593,0.999,4.454545454545455,11.0
1,0.9577625775055444,0.9550381372942593,0.999,4.338461538461538,10.833333333333334
1,0.95793651244369,0.9550381372942593,0.999,4.40625,10.666666666666666
1,0.961704493570299,0.9695273631840796,0.999,3.904761904761905,10.5
1,0.9646497874358249,0.9695273631840796,0.999,3.387096774193549,10.333333333333334
1,0.9652813048621438,0.9695273631840796,0.999,3.344262295081967,10.166666666666666
1,0.9664841941637752,0.9695273631840796,0.999,3.3000000000000003,10.0
1,0.9495563307054044,0.9550381372942593,0.999,3.3559322033898304,9.833333333333334
1,0.9499662176967409,0.9550381372942593,0.999,3.310344827586207,9.666666666666666
1,0.9506939567444757,0.9550381372942593,0.999,3.2631578947368425,9.5
1,0.951281298755204,0.9550381372942593,0.999,3.2142857142857144,9.333333333333334
1,0.9530914787150262,0.9550381372942593,0.999,3.2727272727272725,9.166666666666666
1,0.9550800352865964,0.9550381372942593,0.999,3.3333333333333335,9.0
1,0.9570888394394765,0.9550381372942593,0.999,3.3962264150943398,8.833333333333334
1,0.9570888394394765,0.9550381372942593,0.999,3.3962264150943398,8.833333333333334
1,0.9617134018927858,0.9695273631840796,0.999,2.769230769230769,8.666666666666666
1,0.9626402446990989,0.9695273631840796,0.999,2.7058823529411766,8.5
1,0.9628006545405633,0.9695273631840796,0.999,5.857142857142857,7.0
1,0.9641631587105444,0.9695273631840796,0.999,5.85,6.666666666666667
1,0.9646656061097705,0.9695273631840796,0.999,5.846153846153846,6.5
1,0.965567669950598,0.9695273631840796,0.999,5.684210526315789,6.333333333333333
1,0.9658940775707706,0.9695273631840796,0.999,5.675675675675675,6.166666666666667
1,0.9696117799147579,0.9695273631840796,0.999,5.166666666666667,6.0
1,0.9703751854394589,0.9695273631840796,0.999,5.142857142857142,5.833333333333333
1,0.9706419791462484,0.9695273631840796,0.999,5.117647058823529,5.666666666666667
1,0.9714308986748998,0.9695273631840796,0.999,5.090909090909091,5.5
1,0.9719574508305404,0.9695273631840796,0.999,5.0625,5.333333333333333
1,0.9743609667862068,0.9695273631840796,0.999,4.451612903225806,5.166666666666667
1,0.8525221235075531,0.8441660140955364,0.9334560602940178,5.895652173913043,19.166666666666668
1,0.8670946844761357,0.8441660140955364,0.9446497300330415,5.684210526315789,19.0
1,0.8248910305008168,0.8384458077709611,0.9440194593959512,5.734513274336283,18.833333333333332
1,0.8248910305008168,0.8384458077709611,0.9440194593959512,5.734513274336283,18.833333333333332
1,0.7735691458540148,0.7877480586712684,0.9432730673854087,5.785714285714286,18.666666666666668
1,0.7755276827961248,0.7877480586712684,0.9449127272048267,5.783783783783784,18.5
1,0.7756392468274595,0.7877480586712684,0.9465541777745524,5.781818181818181,18.333333333333332
1,0.7843548529974729,0.7877480586712684,0.9597812648143391,5.5045871559633035,18.166666666666668
1,0.8053942426759044,0.8038740920096852,0.9676374910223774,5.333333333333333,18.0
1,0.786694586616248,0.7877480586712684,0.9674551502152514,5.383177570093458,17.833333333333332
1,0.8029343486342537,0.8038740920096852,0.9694351765322193,5.327102803738318,17.833333333333332
1,0.785184250315105,0.7877480586712684,0.9692424462174419,5.377358490566038,17.666666666666668
1,0.7898940658516832,0.7877480586712684,0.9689516498536606,5.428571428571429,17.5
1,0.7856959303725212,0.7877480586712684,0.970730945987717,5.423076923076923,17.333333333333332
1,0.7978716435943298,0.8038740920096852,0.9703220388559919,5.475728155339806,17.166666666666668
1,0.7968463737010476,0.8038740920096852,0.9697996742136323,5.529411764705882,17.0
1,0.8051952104552236,0.8038740920096852,0.969156042756972,5.584158415841585,16.833333333333332
1,0.8069128855711072,0.8038740920096852,0.9683827081425799,5.64,16.666666666666668
1,0.8119331336680393,0.8307692307692308,0.9700996301067365,5.636363636363637,16.5
1,0.8232309655788834,0.8384458077709611,0.9792099566955883,5.448979591836735,16.333333333333332
1,0.8256956108017456,0.8384458077709611,0.9810000243878341,5.443298969072165,16.166666666666668
1,0.8461736631333211,0.8441660140955364,0.9894891194757336,5.25,16.0
1,0.8473476798671078,0.8441660140955364,0.9913401839916894,5.242105263157895,15.833333333333334
1,0.860811603341164,0.8441660140955364,0.9931963862814696,5.23404255319149,15.666666666666666
1,0.8481082924792958,0.8441660140955364,0.9928657924711538,5.290322580645161,15.5
1,0.850298113043248,0.8441660140955364,0.9924157245984631,5.3478260869565215,15.333333333333334
1,0.8663454685431491,0.8441660140955364,0.9942538901667265,5.34065934065934,15.166666666666666
1,0.8671655928776933,0.8441660140955364,0.9960974172289179,5.333333333333333,15.0
1,0.9053142165031602,0.887459807073955,0.999,5.123595505617978,14.833333333333334
1,0.9059458470204882,0.887459807073955,0.999,5.113636363636363,14.666666666666666
1,0.9081665770212626,0.887459807073955,0.999,5.0344827586206895,14.5
1,0.9094461708036701,0.887459807073955,0.999,5.023255813953488,14.333333333333334
1,0.9105267420110448,0.887459807073955,0.999,5.011764705882353,14.166666666666666
1,0.9129510564929151,0.887459807073955,0.999,5.0,14.0
1,0.914987267783737,0.9160467587672688,0.999,4.9879518072289155,13.833333333333334
1,0.9159218259924562,0.9160467587672688,0.999,4.975609756097561,13.666666666666666
1,0.9169641630031875,0.9160467587672688,0.999,4.962962962962963,13.5
1,0.920353186598006,0.9166666666666666,0.999,4.875,13.333333333333334
1,0.9205113504990419,0.9166666666666666,0.999,4.936708860759494,13.166666666666666
1,0.9242275112455745,0.9550381372942593,0.999,4.846153846153847,13.0
1,0.9255551980826708,0.9550381372942593,0.999,4.8311688311688314,12.833333333333334
1,0.9267061803514642,0.9550381372942593,0.999,4.815789473684211,12.666666666666666
1,0.9285393538982754,0.9550381372942593,0.999,4.800000000000001,12.5
1,0.9291805032510959,0.9550381372942593,0.999,4.783783783783783,12.333333333333334
1,0.9302632399148969,0.9550381372942593,0.999,4.767123287671232,12.166666666666666
1,0.9314490855193053,0.9550381372942593,0.999,4.75,12.0
1,0.9332456648908644,0.9550381372942593,0.999,4.732394366197183,11.833333333333334
1,0.8415713589370819,0.8441660140955364,0.9433915991697167,5.94392523364486,17.833333333333332
1,0.8640334556612865,0.8441660140955364,0.9581460523613291,5.660377358490566,17.666666666666668
1,0.86199441289129,0.8441660140955364,0.9573612652715007,5.7142857142857135,17.5
1,0.8600546716954924,0.8441660140955364,0.9564431735546444,5.769230769230769,17.333333333333332
1,0.8710063735170761,0.8459214501510574,0.9656930169395499,5.592233009708738,17.166666666666668
1,0.869448671121052,0.8459214501510574,0.9649584546648987,5.647058823529411,17.0
1,0.8728161158779459,0.8459214501510574,0.969156042756972,5.584158415841585,16.833333333333332
1,0.8741359886421294,0.8459214501510574,0.970892716492369,5.58,16.666666666666668
1,0.8776094711732151,0.8479657387580299,0.9726329507237159,5.575757575757576,16.5
1,0.8819161104173012,0.8479657387580299,0.974376839319612,5.571428571428571,16.333333333333332
1,0.8842668578174747,0.8479657387580299,0.9761244794389334,5.56701030927835,16.166666666666668
1,0.8833746035870003,0.8479657387580299,0.9752706323103065,5.625,16.0
1,0.8816433743279599,0.8479657387580299,0.9742674608426584,5.684210526315789,15.833333333333334
1,0.8837610382070743,0.8479657387580299,0.977001357154425,5.621052631578948,15.833333333333334
1,0.8854595696411076,0.8479657387580299,0.9759746163295541,5.680851063829787,15.666666666666666
1,0.8940069096530071,0.887459807073955,0.985730621415274,5.483870967741935,15.5
1,0.8952318398565666,0.887459807073955,0.9875222810439245,5.478260869565217,15.333333333333334
1,0.8959694053618341,0.887459807073955,0.9893186822106056,5.472527472527473,15.166666666666666
1,0.8979716333311925,0.887459807073955,0.9884719250457112,5.533333333333333,15.0
1,0.8986818061765096,0.887459807073955,0.9874670607323205,5.595505617977528,14.833333333333334
1,0.8995287007872801,0.887459807073955,0.9892259746627481,5.590909090909091,14.666666666666666
1,0.898895727517194,0.887459807073955,0.9880244182214154,5.655172413793103,14.5
1,0.9010357922320441,0.887459807073955,0.9897613894109145,5.651162790697675,14.333333333333334
1,0.9004963123988696,0.887459807073955,0.9883413262389136,5.717647058823529,14.166666666666666
1,0.9016488379969531,0.887459807073955,0.9867132744360525,5.785714285714286,14.0
1,0.9060913761423747,0.9160467587672688,0.991765845426879,5.710843373493976,13.833333333333334
1,0.9180993131434709,0.9160467587672688,0.9934840413098504,5.7073170731707314,13.666666666666666
1,0.90572746079955,0.9160467587672688,0.9917474586601124,5.777777777777778,13.5
1,0.9178234220776558,0.9160467587672688,0.9934322238839243,5.775,13.333333333333334
1,0.9065852144077395,0.9160467587672688,0.9914107278693773,5.848101265822785,13.166666666666666
1,0.9076173661004867,0.9160467587672688,0.9930547956465383,5.846153846153846,13.0
1,0.8680091058045609,0.8879781420765027,0.9907128161341617,5.922077922077922,12.833333333333334
1,0.8847408840871565,0.8961748633879781,0.9963511907253196,5.842105263157895,12.666666666666666
1,0.8884404369616815,0.8961748633879781,0.9980037275226302,5.84,12.5
1,0.9091089908904636,0.9160467587672688,0.999,5.837837837837839,12.333333333333334
1,0.8887706730977442,0.8961748633879781,0.9971006649580587,5.917808219178082,12.166666666666666
1,0.8902415165789821,0.8961748633879781,0.9987018732109456,5.916666666666667,12.0
1,0.9134068986981032,0.9160467587672688,0.999,5.911764705882353,11.333333333333334
1,0.9193719889355845,0.9160467587672688,0.999,5.64179104477612,11.166666666666666
1,0.9223468513463686,0.9550381372942593,0.999,5.636363636363637,11.0
1,0.9233945987544846,0.9550381372942593,0.999,5.63076923076923,10.833333333333334
1,0.9341469870838257,0.9550381372942593,0.999,5.15625,10.666666666666666
1,0.935096259120445,0.9550381372942593,0.999,5.142857142857142,10.5
1,0.9358196563990537,0.9550381372942593,0.999,5.129032258064516,10.333333333333334
1,0.9376351434949939,0.9550381372942593,0.999,5.016393442622951,10.166666666666666
1,0.9381334206905372,0.9550381372942593,0.999,5.0,10.0
1,0.9163272936859657,0.9160467587672688,0.999,5.084745762711864,9.833333333333334
1,0.9173603021263108,0.9160467587672688,0.999,5.068965517241379,9.666666666666666
1,0.9167061478280999,0.9160467587672688,0.999,5.157894736842105,9.5
1,0.9160024122694315,0.9160467587672688,0.999,5.25,9.333333333333334
1,0.9166508185510027,0.9160467587672688,0.999,5.236363636363636,9.166666666666666
1,0.922435285245891,0.9550381372942593,0.999,4.888888888888888,9.0
1,0.923583600395583,0.9550381372942593,0.999,4.867924528301887,8.833333333333334
1,0.9243381085911199,0.9550381372942593,0.999,4.846153846153847,8.666666666666666
1,0.9235422054888338,0.9550381372942593,0.999,4.9411764705882355,8.5
1,0.9305408619155553,0.9550381372942593,0.999,4.5600000000000005,8.333333333333334
1,0.9315045110961414,0.9550381372942593,0.999,4.653061224489796,8.166666666666666
1,0.9316663815816294,0.9550381372942593,0.999,4.75,8.0
1,0.9343028414624539,0.9550381372942593,0.999,4.723404255319149,7.833333333333333
1,0.935870688614574,0.9550381372942593,0.999,4.826086956521739,7.666666666666667
1,0.9347522588330323,0.9550381372942593,0.999,4.933333333333334,7.5
1,0.9346407065087334,0.9550381372942593,0.999,5.045454545454546,7.333333333333333
1,0.9338251291369623,0.9550381372942593,0.9827616617545246,5.926829268292683,13.666666666666666
1,0.936096062885691,0.9550381372942593,0.9843491898346866,5.925925925925926,13.5
1,0.9503526306155758,0.9550381372942593,0.9968125282826003,5.769230769230769,13.0
1,0.9506769238301076,0.9550381372942593,0.9985083270013898,5.766233766233766,12.833333333333334
1,0.9689796078481668,0.9695273631840796,0.999,5.7631578947368425,12.666666666666666
1,0.9521142992829961,0.9550381372942593,0.9980037275226302,5.84,12.5
1,0.9692977598576797,0.9695273631840796,0.999,5.837837837837839,12.333333333333334
1,0.9694281948610266,0.9695273631840796,0.999,5.835616438356165,12.166666666666666
1,0.969831756752725,0.9695273631840796,0.999,5.833333333333333,12.0
1,0.9701360092010554,0.9695273631840796,0.999,5.830985915492958,11.833333333333334
1,0.9722376183081317,0.9695273631840796,0.999,5.492957746478873,11.833333333333334
1,0.9723368476632115,0.9695273631840796,0.999,5.571428571428571,11.666666666666666
1,0.9726445289384729,0.9695273631840796,0.999,5.565217391304348,11.5
1,0.9728740700640901,0.9695273631840796,0.999,5.5588235294117645,11.333333333333334
1,0.9732563062415311,0.9695273631840796,0.999,5.552238805970149,11.166666666666666
1,0.9730882105177061,0.9695273631840796,0.999,5.636363636363637,11.0
1,0.9736087983658691,0.9695273631840796,0.999,5.63076923076923,10.833333333333334
1,0.9744423329034457,0.9695273631840796,0.999,5.53125,10.666666666666666
1,0.97511219588826,0.9695273631840796,0.999,5.428571428571429,10.5
1,0.9749301118048218,0.9695273631840796,0.999,5.516129032258064,10.333333333333334
1,0.9755314437548752,0.9695273631840796,0.999,5.508196721311475,10.166666666666666
1,0.975432215505589,0.9695273631840796,0.999,5.6,10.0
1,0.9780402844261327,0.9695273631840796,0.999,5.288135593220339,9.833333333333334
1,0.9781263452751667,0.9695273631840796,0.999,5.275862068965517,9.666666666666666
1,0.9795057702207576,0.9695273631840796,0.999,4.947368421052632,9.5
1,0.9796426738524091,0.9809523809523809,0.999,4.928571428571429,9.333333333333334
1,0.970202433420138,0.9695273631840796,0.999,5.018181818181818,9.166666666666666
1,0.9734795493924724,0.9695273631840796,0.999,4.444444444444445,9.0
1,0.9737316801503242,0.9695273631840796,0.999,4.528301886792454,8.833333333333334
1,0.9737939563895661,0.9695273631840796,0.999,4.528301886792454,8.833333333333334
1,0.963461505995665,0.9695273631840796,0.999,4.615384615384616,8.666666666666666
1,0.9640687087905659,0.9695273631840796,0.999,4.588235294117647,8.5
1,0.9647885488839798,0.9695273631840796,0.999,4.5600000000000005,8.333333333333334
1,0.9652655981109408,0.9695273631840796,0.999,4.530612244897959,8.166666666666666
1,0.9657950450033079,0.9695273631840796,0.999,4.5,8.0
1,0.9663097750176166,0.9695273631840796,0.999,4.595744680851064,7.833333333333333
1,0.9696174326826892,0.9695273631840796,0.999,3.8297872340425534,7.833333333333333
1,0.970165791127651,0.9695273631840796,0.999,3.782608695652174,7.666666666666667
1,0.9742625004919118,0.9695273631840796,0.999,3.0666666666666664,7.5
1,0.9752650853868026,0.9695273631840796,0.999,2.8636363636363638,7.333333333333333
1,0.9780489689359387,0.9695273631840796,0.999,2.0930232558139537,7.166666666666667
1,0.9787789347919671,0.9695273631840796,0.999,1.8571428571428572,7.0
1,0.9798047766080076,0.9809523809523809,0.999,1.7560975609756095,6.833333333333333
1,0.9812058297040367,0.9809523809523809,0.999,1.2000000000000002,6.666666666666667
1,0.9813745744652453,0.9836065573770492,0.999,1.2307692307692308,6.5
1,0.9824260032113955,0.99,0.999,0.9473684210526315,6.333333333333333
1,0.9515132093360607,0.9550381372942593,0.999,5.866666666666666,7.5
1,0.9521003939485837,0.9550381372942593,0.999,5.863636363636363,7.333333333333333
1,0.9523260872241026,0.9550381372942593,0.999,5.8604651162790695,7.166666666666667
1,0.9586643887665662,0.9550561797752809,0.999,5.142857142857142,7.0
1,0.9590254669488362,0.9657534246575342,0.999,5.121951219512195,6.833333333333333
1,0.9587137526452945,0.9550561797752809,0.999,5.25,6.666666666666667
1,0.9594571703578416,0.9657534246575342,0.999,5.230769230769231,6.5
1,0.9627851492251644,0.9695273631840796,0.999,4.7368421052631575,6.333333333333333
1,0.9625270225965319,0.9695273631840796,0.999,4.864864864864865,6.166666666666667
1,0.961734330183597,0.9695273631840796,0.999,5.0,6.0
1,0.9622548172773058,0.9695273631840796,0.999,4.9714285714285715,5.833333333333333
1,0.9638356765051201,0.9695273631840796,0.999,4.764705882352941,5.666666666666667
1,0.964295382985423,0.9695273631840796,0.999,4.727272727272727,5.5
1,0.9648798742062785,0.9695273631840796,0.999,4.6875,5.333333333333333
1,0.9692529219440642,0.9695273631840796,0.999,3.67741935483871,5.166666666666667
1,0.9672353815533357,0.9695273631840796,0.999,5.828571428571428,5.833333333333333
1,0.967906539712579,0.9695273631840796,0.999,5.657142857142857,5.833333333333333
1,0.9722187695932885,0.9695273631840796,0.999,5.117647058823529,5.666666666666667
1,0.9739454601938714,0.9695273631840796,0.999,4.909090909090909,5.5
1,0.9742224551911474,0.9695273631840796,0.999,4.875,5.333333333333333
1,0.9737063557019346,0.9695273631840796,0.999,5.032258064516129,5.166666666666667
1,0.8516628751654025,0.8441660140955364,0.9606506089605282,5.9375,16.0
1,0.8599709972091103,0.8441660140955364,0.9308847883570209,5.947826086956522,19.166666666666668
1,0.8682835032993479,0.8459214501510574,0.9398111272719467,5.891891891891891,18.5
1,0.8664502941373842,0.8441660140955364,0.9386976433667398,5.945454545454545,18.333333333333332
1,0.872930824605261,0.8459214501510574,0.9481974650240722,5.779816513761467,18.166666666666668
1,0.8782146720371427,0.8479657387580299,0.9498426364632063,5.777777777777778,18.0
1,0.8830653129261608,0.8479657387580299,0.9514897412504824,5.775700934579439,17.833333333333332
1,0.8877832754366612,0.8479657387580299,0.9556854778900686,5.716981132075472,17.666666666666668
1,0.8874951808349822,0.8479657387580299,0.9547899561825658,5.771428571428571,17.5
1,0.8863558397117075,0.8479657387580299,0.9537547076539639,5.826923076923077,17.333333333333332
1,0.8946129042287945,0.887459807073955,0.9632509577849435,5.650485436893204,17.166666666666668
1,0.9000390981843627,0.887459807073955,0.972091635434997,5.470588235294118,17.0
1,0.8990965849459311,0.887459807073955,0.9715538298913788,5.524752475247525,16.833333333333332
1,0.9005330027852694,0.887459807073955,0.973311738018435,5.5200000000000005,16.666666666666668
1,0.9019396210940466,0.887459807073955,0.9750734942367965,5.515151515151516,16.5
1,0.9129395833325342,0.887459807073955,0.983688458201174,5.326530612244898,16.333333333333332
1,0.9087207927842464,0.887459807073955,0.9833007552250806,5.381443298969073,16.166666666666668
1,0.9114102079103275,0.887459807073955,0.985114048681383,5.375,16.0
1,0.910773166825773,0.887459807073955,0.9845934968510472,5.431578947368421,15.833333333333334
1,0.910135089436138,0.887459807073955,0.9839435777138794,5.48936170212766,15.666666666666666
1,0.9213773347190458,0.887459807073955,0.985730621415274,5.483870967741935,15.5
1,0.9206690396763177,0.887459807073955,0.9849226024698231,5.543478260869565,15.333333333333334
1,0.9200453394851473,0.887459807073955,0.983962253633381,5.604395604395604,15.166666666666666
1,0.9221361058174526,0.887459807073955,0.9857125290390966,5.6,15.0
1,0.9229147143989102,0.887459807073955,0.9874670607323205,5.595505617977528,14.833333333333334
1,0.922376808544336,0.887459807073955,0.9862915763616495,5.659090909090909,14.666666666666666
1,0.9229674892518414,0.887459807073955,0.9880244182214154,5.655172413793103,14.5
1,0.9196492976862582,0.887459807073955,0.986634751148982,5.72093023255814,14.333333333333334
1,0.9388447280416405,0.9259259259259259,0.9974293278498034,5.5058823529411764,14.166666666666666
1,0.9567131004215587,0.9378531073446328,0.999,5.5,14.0
1,0.9579407375703766,0.9550381372942593,0.999,5.493975903614458,13.833333333333334
1,0.9574724079557516,0.9550381372942593,0.999,5.560975609756098,13.666666666666666
1,0.9574533360767687,0.9550381372942593,0.999,5.555555555555555,13.5
1,0.9629593454294494,0.9695273631840796,0.999,5.324999999999999,13.333333333333334
1,0.9613387946067901,0.9695273631840796,0.999,5.3924050632911396,13.166666666666666
1,0.9618960251155183,0.9695273631840796,0.999,5.384615384615385,13.0
1,0.9621214853474798,0.9695273631840796,0.999,5.376623376623376,12.833333333333334
1,0.965857456554603,0.9695273631840796,0.999,5.131578947368421,12.666666666666666
1,0.9665201428832957,0.9695273631840796,0.999,5.12,12.5
1,0.9667160212387513,0.9695273631840796,0.999,5.108108108108108,12.333333333333334
1,0.9669846041293457,0.9695273631840796,0.999,5.095890410958904,12.166666666666666
1,0.9694078122409264,0.9695273631840796,0.999,4.75,12.0
1,0.9698164608034294,0.9695273631840796,0.999,4.732394366197183,11.833333333333334
1,0.970365198028637,0.9695273631840796,0.999,4.647887323943662,11.833333333333334
1,0.970180371825874,0.9695273631840796,0.999,4.714285714285714,11.666666666666666
1,0.9698227973283546,0.9695273631840796,0.999,4.782608695652174,11.5
1,0.970804901333621,0.9695273631840796,0.999,4.764705882352941,11.333333333333334
1,0.9714196646589395,0.9695273631840796,0.999,4.656716417910448,11.166666666666666
1,0.9717695805064501,0.9695273631840796,0.999,4.636363636363637,11.0
1,0.9724777510822131,0.9695273631840796,0.999,4.523076923076923,10.833333333333334
1,0.9745143552349356,0.9695273631840796,0.999,4.21875,10.666666666666666
1,0.9752006933785541,0.9695273631840796,0.999,4.19047619047619,10.5
1,0.9754152645463453,0.9695273631840796,0.999,4.161290322580646,10.333333333333334
1,0.977262262177184,0.9695273631840796,0.999,3.836065573770492,10.166666666666666
1,0.9788189204899398,0.9695273631840796,0.999,3.5,10.0
1,0.9796043158046126,0.9805783567431149,0.999,3.3559322033898304,9.833333333333334
1,0.9814400315936389,0.9836065573770492,0.999,2.793103448275862,9.666666666666666
1,0.9824861170497291,0.99,0.999,2.4210526315789473,9.5
1,0.9833761982985317,0.99,0.999,1.8214285714285712,9.333333333333334
1,0.9844280333110892,0.99,0.999,1.7454545454545454,9.166666666666666
1,0.9846547523764858,0.99,0.999,1.7777777777777777,9.0
1,0.9856339895491697,0.99,0.999,1.1320754716981134,8.833333333333334
1,0.9861231698501248,0.99,0.999,0.679245283018868,8.833333333333334
1,0.9865137267974726,0.99,0.999,0.23076923076923078,8.666666666666666
1,0.9867002845616408,0.99,0.999,0.23529411764705882,8.5
1,0.9038456351630373,0.887459807073955,0.9764236787655104,5.930232558139535,14.333333333333334
1,0.9065569223955132,0.887459807073955,0.9780064389206679,5.929411764705883,14.166666666666666
1,0.9078893186558763,0.887459807073955,0.979590329177482,5.928571428571429,14.0
1,0.9083369405500177,0.887459807073955,0.9811753894989936,5.927710843373494,13.833333333333334
1,0.9093882541720849,0.9160467587672688,0.9811753894989936,5.927710843373494,13.833333333333334
1,0.9264303998278193,0.9550381372942593,0.9985129081654187,5.62962962962963,13.5
1,0.944180696897343,0.9550381372942593,0.999,5.4,13.333333333333334
1,0.9447494796277647,0.9550381372942593,0.999,5.3924050632911396,13.166666666666666
1,0.9463505477131141,0.9550381372942593,0.999,5.384615384615385,13.0
1,0.9467131553170385,0.9550381372942593,0.999,5.376623376623376,12.833333333333334
1,0.9474587619996626,0.9550381372942593,0.999,5.368421052631579,12.666666666666666
1,0.9495902778513468,0.9550381372942593,0.999,5.359999999999999,12.5
1,0.9532052297190727,0.9550381372942593,0.999,5.108108108108108,12.333333333333334
1,0.9526371824045652,0.9550381372942593,0.999,5.178082191780822,12.166666666666666
1,0.956745568656868,0.9550381372942593,0.999,4.916666666666666,12.0
1,0.9572727619253276,0.9550381372942593,0.999,4.901408450704226,11.833333333333334
1,0.9577618284581619,0.9550381372942593,0.999,4.885714285714286,11.666666666666666
1,0.9583962326313001,0.9550561797752809,0.999,4.956521739130435,11.5
1,0.9583323047651487,0.9550561797752809,0.999,5.029411764705882,11.333333333333334
1,0.9590913088044588,0.9657534246575342,0.999,5.014925373134329,11.166666666666666
1,0.9597663608553435,0.9657534246575342,0.999,5.0,11.0
1,0.960079155373052,0.9657534246575342,0.999,4.984615384615385,10.833333333333334
1,0.959804084728079,0.9657534246575342,0.999,5.0625,10.666666666666666
1,0.9614335926146573,0.9695273631840796,0.999,5.0476190476190474,10.5
1,0.9483663464729546,0.9550381372942593,0.999,5.129032258064516,10.333333333333334
1,0.9491344061967391,0.9550381372942593,0.999,5.114754098360655,10.166666666666666
1,0.9496727991684517,0.9550381372942593,0.999,5.1,10.0
1,0.9546387230419495,0.9550381372942593,0.999,4.576271186440678,9.833333333333334
1,0.9555771700460942,0.9550381372942593,0.999,4.474576271186441,9.833333333333334
1,0.9561895899476589,0.9550381372942593,0.999,4.448275862068966,9.666666666666666
1,0.9823677135735109,0.99,0.999,5.769230769230769,8.666666666666666
1,0.9826760710684896,0.99,0.999,5.764705882352941,8.5
1,0.9826065609704749,0.99,0.999,5.76,8.333333333333334
1,0.9827759116296291,0.99,0.999,5.755102040816326,8.166666666666666
1,0.9778936072911639,0.9695273631840796,0.999,5.75,8.0
1,0.9785056928517435,0.9695273631840796,0.999,5.74468085106383,7.833333333333333
1,0.9790839685107162,0.9695273631840796,0.999,5.608695652173913,7.666666666666667
1,0.9792702465869417,0.9695273631840796,0.999,5.6,7.5
1,0.9801434083014191,0.9809523809523809,0.999,5.590909090909091,7.333333333333333
1,0.9806323834389685,0.9809523809523809,0.999,5.441860465116279,7.166666666666667
1,0.9808089031222795,0.9809523809523809,0.999,5.571428571428571,7.0
1,0.9827547228299616,0.99,0.999,5.121951219512195,6.833333333333333
1,0.8195645192938441,0.8384458077709611,0.9557716723468279,5.881188118811881,16.833333333333332
1,0.8187441066792953,0.8384458077709611,0.9543650532683734,5.9399999999999995,16.666666666666668
1,0.8201710391062478,0.8384458077709611,0.9559353375427344,5.9393939393939394,16.5
1,0.8223784056230046,0.8384458077709611,0.9605835291598761,5.877551020408163,16.333333333333332
1,0.821888102181926,0.8384458077709611,0.9590780930333545,5.938144329896907,16.166666666666668
1,0.8228723350134757,0.8384458077709611,0.9606506089605282,5.9375,16.0
1,0.842978520565423,0.8441660140955364,0.9718626958957193,5.868131868131868,15.166666666666666
1,0.8451837359973706,0.8441660140955364,0.973480581573842,5.866666666666666,15.0
1,0.8470172326953724,0.8441660140955364,0.9751002707396104,5.865168539325842,14.833333333333334
1,0.8466725126564574,0.8441660140955364,0.9732613978030917,5.931818181818182,14.666666666666666
1,0.8522261665482936,0.8441660140955364,0.978345297870848,5.862068965517242,14.5
1,0.8557316585794124,0.8441660140955364,0.9799707616337009,5.8604651162790695,14.333333333333334
1,0.8573652654506412,0.8441660140955364,0.9815982807770017,5.858823529411764,14.166666666666666
1,0.8593944927026627,0.8441660140955364,0.979590329177482,5.928571428571429,14.0
1,0.8919318135964309,0.8961748633879781,0.9934322238839243,5.775,13.333333333333334
1,0.8923262076662488,0.8961748633879781,0.9951205381823199,5.772151898734178,13.166666666666666
1,0.8750378240489209,0.8879781420765027,0.9930547956465383,5.846153846153846,13.0
1,0.8923923301428953,0.8961748633879781,0.9947015825452898,5.8441558441558445,12.833333333333334
1,0.893881487974375,0.8961748633879781,0.9963511907253196,5.842105263157895,12.666666666666666
1,0.9266922935312003,0.9550381372942593,0.999,5.6,12.5
1,0.9291710843935447,0.9550381372942593,0.999,5.513513513513514,12.333333333333334
1,0.9353231404183808,0.9550381372942593,0.999,5.260273972602739,12.166666666666666
1,0.9367165579519887,0.9550381372942593,0.999,5.25,12.0
1,0.9370347664002472,0.9550381372942593,0.999,5.323943661971831,11.833333333333334
1,0.93410101723363,0.9550381372942593,0.999,5.4,11.666666666666666
1,0.938761870013145,0.9550381372942593,0.999,5.304347826086957,11.5
1,0.9400322202238259,0.9550381372942593,0.999,5.294117647058823,11.333333333333334
1,0.9407200989938427,0.9550381372942593,0.999,5.1940298507462686,11.166666666666666
1,0.9406752931337912,0.9550381372942593,0.999,5.2727272727272725,11.0
1,0.940619975317307,0.9550381372942593,0.999,5.353846153846154,10.833333333333334
1,0.9462315141373955,0.9550381372942593,0.999,4.875,10.666666666666666
1,0.9472058218401544,0.9550381372942593,0.999,4.857142857142858,10.5
1,0.9486757362923357,0.9550381372942593,0.999,4.838709677419354,10.333333333333334
1,0.9496781533019403,0.9550381372942593,0.999,4.8196721311475414,10.166666666666666
1,0.9512321927849983,0.9550381372942593,0.999,4.7,10.0
1,0.9516081872724367,0.9550381372942593,0.999,4.677966101694915,9.833333333333334
1,0.9512934303487945,0.9550381372942593,0.999,4.758620689655173,9.666666666666666
1,0.9523891622637746,0.9550381372942593,0.999,4.7368421052631575,9.5
1,0.9525403640022255,0.9550381372942593,0.999,4.821428571428571,9.333333333333334
1,0.9566999654231283,0.9550381372942593,0.999,4.254545454545455,9.166666666666666
1,0.9576011196852603,0.9550381372942593,0.999,4.222222222222222,9.0
1,0.9444735250009699,0.9550381372942593,0.999,4.30188679245283,8.833333333333334
1,0.9473664510325748,0.9550381372942593,0.999,4.038461538461538,8.666666666666666
1,0.9477149503675552,0.9550381372942593,0.999,4.117647058823529,8.5
1,0.9482072685644403,0.9550381372942593,0.999,4.199999999999999,8.333333333333334
1,0.9482747350099083,0.9550381372942593,0.999,4.285714285714286,8.166666666666666
1,0.9490486594529772,0.9550381372942593,0.999,4.25,8.0
1,0.9764351179187422,0.9695273631840796,0.999,5.833333333333333,6.0
1,0.9766326311866413,0.9695273631840796,0.999,5.828571428571428,5.833333333333333
1,0.9795938302020315,0.9753106866968826,0.999,5.294117647058823,5.666666666666667
1,0.9817302786886203,0.9836065573770492,0.999,4.457142857142857,5.833333333333333
1,0.9820383183119337,0.9836065573770492,0.999,4.411764705882353,5.666666666666667
1,0.9818271106993457,0.9836065573770492,0.999,4.545454545454545,5.5
1,0.9824009088569731,0.99,0.999,4.3125,5.333333333333333
1,0.9825552154264607,0.99,0.999,4.258064516129032,5.166666666666667
1,0.79424356301994,0.7877480586712684,0.9462818667197749,5.445378151260504,19.833333333333332
1,0.8367458899986964,0.8441660140955364,0.9516328350951148,5.338983050847458,19.666666666666668
1,0.8346701503057287,0.8441660140955364,0.953407527919107,5.333333333333333,19.5
1,0.8112038755892086,0.8307692307692308,0.95338783870077,5.379310344827586,19.333333333333332
1,0.8079718659715234,0.810126582278481,0.9532869153133477,5.426086956521739,19.166666666666668
1,0.809276817819161,0.810126582278481,0.9550460063751285,5.421052631578948,19.0
1,0.790934454942663,0.7877480586712684,0.9372691182475231,5.469026548672566,18.833333333333332
1,0.841685931667228,0.8441660140955364,0.9641176035917405,5.25,18.666666666666668
1,0.8451595719210863,0.8441660140955364,0.9676619129185545,5.1891891891891895,18.5
1,0.8433346513123383,0.8441660140955364,0.9677355557521556,5.236363636363636,18.333333333333332
1,0.8589621400035672,0.8441660140955364,0.9746472438573333,5.064220183486238,18.166666666666668
1,0.8520850295405342,0.8441660140955364,0.9748469313612091,5.111111111111111,18.0
1,0.8505409609575085,0.8441660140955364,0.9749722784180014,5.158878504672897,17.833333333333332
1,0.8508382775704932,0.8441660140955364,0.9749722784180014,5.158878504672897,17.833333333333332
1,0.8860536046442261,0.8479657387580299,0.9848569892940916,4.867924528301887,17.666666666666668
1,0.8921248755193147,0.8479657387580299,0.990922533439539,4.685714285714286,17.5
1,0.8910568918967662,0.8479657387580299,0.9914776207664555,4.730769230769231,17.333333333333332
1,0.9085104604088103,0.887459807073955,0.9972827722919567,4.543689320388349,17.166666666666668
1,0.9079015916072412,0.887459807073955,0.9979446989587245,4.588235294117647,17.0
1,0.9083088745969723,0.887459807073955,0.9985553876987181,4.633663366336634,16.833333333333332
1,0.9344219711164471,0.887459807073955,0.999,4.62,16.666666666666668
1,0.9360264305885967,0.92,0.999,4.545454545454545,16.5
1,0.9463387338449245,0.9259259259259259,0.999,4.224489795918368,16.333333333333332
1,0.9458819564772694,0.9259259259259259,0.999,4.268041237113402,16.166666666666668
1,0.9452089644531885,0.9259259259259259,0.999,4.3125,16.0
1,0.9466422683699003,0.9259259259259259,0.999,4.294736842105263,15.833333333333334
1,0.9480555955394459,0.9259259259259259,0.999,4.276595744680851,15.666666666666666
1,0.9484666640845318,0.9259259259259259,0.999,4.258064516129032,15.5
1,0.9499635787707004,0.9259259259259259,0.999,4.239130434782609,15.333333333333334
1,0.951325328915234,0.9259259259259259,0.999,4.153846153846153,15.166666666666666
1,0.9520269338146818,0.9378531073446328,0.999,4.133333333333333,15.0
1,0.9522555828535578,0.9378531073446328,0.999,4.112359550561798,14.833333333333334
1,0.9543283517887662,0.9378531073446328,0.999,4.044943820224719,14.833333333333334
1,0.9557952295895777,0.9378531073446328,0.999,4.0227272727272725,14.666666666666666
1,0.9560585111610906,0.9378531073446328,0.999,4.0,14.5
1,0.9578183373699076,0.9378531073446328,0.999,3.9767441860465116,14.333333333333334
1,0.9592018115024676,0.9378531073446328,0.999,3.882352941176471,14.166666666666666
1,0.9605787244915818,0.9378531073446328,0.999,3.8571428571428577,14.0
1,0.9618142102296128,0.9695273631840796,0.999,3.831325301204819,13.833333333333334
1,0.9626439925021876,0.9695273631840796,0.999,3.8048780487804876,13.666666666666666
1,0.963152261751324,0.9695273631840796,0.999,3.8518518518518516,13.5
1,0.9635535383334438,0.9695273631840796,0.999,3.8249999999999997,13.333333333333334
1,0.9633925972190538,0.9695273631840796,0.999,3.8734177215189876,13.166666666666666
1,0.9646059900983162,0.9695273631840796,0.999,3.769230769230769,13.0
1,0.9650687716911162,0.9695273631840796,0.999,3.74025974025974,12.833333333333334
1,0.9650152566522038,0.9695273631840796,0.999,3.789473684210526,12.666666666666666
1,0.9657501304495901,0.9695273631840796,0.999,3.7600000000000002,12.5
1,0.9695047214333538,0.9695273631840796,0.999,3.3243243243243246,12.333333333333334
1,0.971698877929589,0.9695273631840796,0.999,3.041095890410959,12.166666666666666
1,0.9716711655059618,0.9695273631840796,0.999,3.083333333333333,12.0
1,0.9721000558750648,0.9695273631840796,0.999,3.0422535211267605,11.833333333333334
1,0.9724854353191205,0.9695273631840796,0.999,3.0,11.666666666666666
1,0.9723436410672683,0.9695273631840796,0.999,3.0434782608695654,11.5
1,0.9727329574084418,0.9695273631840796,0.999,3.0,11.333333333333334
1,0.9732837499805078,0.9695273631840796,0.999,2.955223880597015,11.166666666666666
1,0.9732186627145218,0.9695273631840796,0.999,3.0,11.0
1,0.9736051879407776,0.9695273631840796,0.999,2.953846153846154,10.833333333333334
1,0.973662072741863,0.9695273631840796,0.999,3.0,10.666666666666666
1,0.9603715773312955,0.9695273631840796,0.999,3.0476190476190474,10.5
1,0.960967067407132,0.9695273631840796,0.999,3.0,10.333333333333334
1,0.961339098325519,0.9695273631840796,0.999,2.9508196721311473,10.166666666666666
1,0.9621582674055533,0.9695273631840796,0.999,2.9,10.0
1,0.9620033485762323,0.9695273631840796,0.999,2.9491525423728815,9.833333333333334
1,0.9624821802278624,0.9695273631840796,0.999,2.896551724137931,9.666666666666666
1,0.9622900087611506,0.9695273631840796,0.999,2.9473684210526314,9.5
1,0.9637339369020771,0.9695273631840796,0.999,2.892857142857143,9.333333333333334
1,0.9648253945331339,0.9695273631840796,0.999,2.8363636363636364,9.166666666666666
1,0.9672786515697036,0.9695273631840796,0.999,2.444444444444444,9.0
1,0.9684427651326473,0.9695273631840796,0.999,2.264150943396227,8.833333333333334
1,0.9683554567586437,0.9695273631840796,0.999,2.307692307692308,8.666666666666666
1,0.9688492221558215,0.9695273631840796,0.999,2.3529411764705883,8.5
1,0.9695133517035796,0.9695273631840796,0.999,2.2800000000000002,8.333333333333334
1,0.9695512529169801,0.9695273631840796,0.999,2.326530612244898,8.166666666666666
1,0.9694248038854519,0.9695273631840796,0.999,2.375,8.0
1,0.9700294084333891,0.9695273631840796,0.999,2.297872340425532,7.833333333333333
1,0.9698790263899122,0.9695273631840796,0.999,2.347826086956522,7.666666666666667
1,0.9703479468720622,0.9695273631840796,0.999,2.2666666666666666,7.5
1,0.9708385643619141,0.9695273631840796,0.999,2.1818181818181817,7.333333333333333
1,0.9713745398452945,0.9695273631840796,0.999,2.0930232558139537,7.166666666666667
1,0.9718208481132038,0.9695273631840796,0.999,2.0,7.0
1,0.9717414954663389,0.9695273631840796,0.999,2.048780487804878,6.833333333333333
1,0.9740451066211354,0.9695273631840796,0.999,1.5,6.666666666666667
1,0.9746787164188013,0.9695273631840796,0.999,1.3846153846153846,6.5
1,0.9747347684155201,0.9695273631840796,0.999,1.4210526315789473,6.333333333333333
1,0.9762309258787446,0.9695273631840796,0.999,0.8108108108108109,6.166666666666667
1,0.97659403685704,0.9695273631840796,0.999,0.8333333333333334,6.0
1,0.9772232438276065,0.9695273631840796,0.999,0.6857142857142857,5.833333333333333
1,0.9771996521722707,0.9695273631840796,0.999,0.7058823529411764,5.666666666666667
1,0.8816286152095996,0.8479657387580299,0.9368528686066978,5.647058823529411,19.833333333333332
1,0.8808771767096732,0.8479657387580299,0.9348418099875133,5.694915254237288,19.666666666666668
1,0.8826808916004873,0.8479657387580299,0.9302781406174658,5.692307692307692,19.5
1,0.8820234843561319,0.8479657387580299,0.9266135124809491,5.741379310344827,19.333333333333332
1,0.8822928676149391,0.8479657387580299,0.9251565373191912,5.739130434782609,19.166666666666668
1,0.8885548554490257,0.8479657387580299,0.9281159812449514,5.631578947368421,19.0
1,0.88677527082453,0.8479657387580299,0.9245018700299573,5.68141592920354,18.833333333333332
1,0.8951555164153873,0.887459807073955,0.9481166886652045,5.575221238938053,18.833333333333332
1,0.9011801599557965,0.887459807073955,0.9545565526894882,5.517857142857142,18.666666666666668
1,0.899600063132346,0.887459807073955,0.9510180299613453,5.5675675675675675,18.5
1,0.8930762912855907,0.8479657387580299,0.9319667622853264,5.618181818181818,18.333333333333332
1,0.8942194960512146,0.887459807073955,0.9332750536323527,5.614678899082569,18.166666666666668
1,0.907503099614084,0.887459807073955,0.9636363150107786,5.444444444444445,18.0
1,0.9081006253011308,0.887459807073955,0.965404419934225,5.4392523364485985,17.833333333333332
1,0.9210593519309989,0.887459807073955,0.9731614079138423,5.264150943396227,17.666666666666668
1,0.9306345509997738,0.887459807073955,0.9836818241917229,4.9714285714285715,17.5
1,0.935712624925708,0.92,0.9900791196982568,4.788461538461538,17.333333333333332
1,0.9418054267933349,0.9259259259259259,0.9933795930427114,4.718446601941747,17.166666666666668
1,0.9422896296464502,0.9259259259259259,0.9952858417958259,4.705882352941177,17.0
1,0.9416753593984188,0.9259259259259259,0.9957836992448661,4.752475247524753,16.833333333333332
1,0.9414367259954257,0.9259259259259259,0.9962202925878131,4.800000000000001,16.666666666666668
1,0.9595333224701982,0.9378531073446328,0.999,4.666666666666667,16.5
1,0.9592268171866902,0.9378531073446328,0.999,4.714285714285714,16.333333333333332
1,0.9640488475193464,0.9378531073446328,0.999,4.639175257731959,16.166666666666668
1,0.9635771584393354,0.9378531073446328,0.999,4.6875,16.0
1,0.9641711150811132,0.9378531073446328,0.999,4.673684210526316,15.833333333333334
1,0.9649929679003754,0.9378531073446328,0.999,4.659574468085106,15.666666666666666
1,0.9651812439548544,0.9378531073446328,0.999,4.64516129032258,15.5
1,0.9656498747489262,0.9378531073446328,0.999,4.630434782608695,15.333333333333334
1,0.965501721927275,0.9378531073446328,0.999,4.681318681318682,15.166666666666666
1,0.9659611308344442,0.9378531073446328,0.999,4.733333333333333,15.0
1,0.9657348610739294,0.9378531073446328,0.999,4.786516853932584,14.833333333333334
1,0.9685094484567233,0.9378531073446328,0.999,4.568181818181818,14.666666666666666
1,0.9700282018416713,0.9378531073446328,0.999,4.551724137931034,14.5
1,0.9712812853400823,0.9378531073446328,0.999,4.534883720930233,14.333333333333334
1,0.9715458798230059,0.9378531073446328,0.999,4.588235294117647,14.166666666666666
1,0.9726990663362458,0.9378531073446328,0.999,4.571428571428571,14.0
1,0.9753003171170618,0.9695273631840796,0.999,4.337349397590361,13.833333333333334
1,0.9752013030430533,0.9695273631840796,0.999,4.390243902439025,13.666666666666666
1,0.9776970761036405,0.9695273631840796,0.999,4.0,13.5
1,0.9780208320020183,0.9695273631840796,0.999,3.9749999999999996,13.333333333333334
1,0.9787807491565245,0.9695273631840796,0.999,3.8734177215189876,13.166666666666666
1,0.9799792402011964,0.9809523809523809,0.999,3.615384615384615,13.0
1,0.9801855927730005,0.9809523809523809,0.999,3.5844155844155843,12.833333333333334
1,0.980246482419937,0.9809523809523809,0.999,3.6315789473684212,12.666666666666666
1,0.980469971549693,0.9809523809523809,0.999,3.5999999999999996,12.5
1,0.9803788602704295,0.9809523809523809,0.999,3.6486486486486487,12.333333333333334
1,0.9808335776247167,0.9809523809523809,0.999,3.5342465753424657,12.166666666666666
1,0.9810663504534161,0.9809523809523809,0.999,3.5,12.0
1,0.9812411348058294,0.982919039142457,0.999,3.464788732394366,11.833333333333334
1,0.9826070990932658,0.99,0.999,3.1714285714285717,11.666666666666666
1,0.9828374879822552,0.99,0.999,3.1304347826086953,11.5
1,0.9830462294072934,0.99,0.999,3.0882352941176467,11.333333333333334
1,0.9752435206200333,0.9695273631840796,0.999,3.134328358208955,11.166666666666666
1,0.9751922137752628,0.9695273631840796,0.999,3.1818181818181817,11.0
1,0.9757718714324526,0.9695273631840796,0.999,3.138461538461539,10.833333333333334
1,0.9758330186555828,0.9695273631840796,0.999,3.1875,10.666666666666666
1,0.9768463678365131,0.9695273631840796,0.999,3.1428571428571432,10.5
1,0.9772260523987406,0.9695273631840796,0.999,3.096774193548387,10.333333333333334
1,0.9777189125531986,0.9695273631840796,0.999,3.0491803278688527,10.166666666666666
1,0.9787329652464221,0.9695273631840796,0.999,2.9,10.0
1,0.9789875681757745,0.9695273631840796,0.999,2.847457627118644,9.833333333333334
1,0.979101589612416,0.9695273631840796,0.999,2.793103448275862,9.666666666666666
1,0.9793613732226033,0.9695273631840796,0.999,2.7368421052631575,9.5
1,0.9796128544500273,0.9809523809523809,0.999,2.678571428571429,9.333333333333334
1,0.9802909965940725,0.9809523809523809,0.999,2.727272727272727,9.166666666666666
1,0.9803482119000497,0.9809523809523809,0.999,2.7777777777777777,9.0
1,0.9807205214119845,0.9809523809523809,0.999,2.716981132075472,8.833333333333334
1,0.9828621915424616,0.99,0.999,2.0377358490566038,8.833333333333334
1,0.983964702730574,0.99,0.999,1.6153846153846154,8.666666666666666
1,0.9841928443230894,0.99,0.999,1.5294117647058822,8.5
1,0.984303205886844,0.99,0.999,1.08,8.333333333333334
1,0.9843157355941508,0.99,0.999,1.1020408163265307,8.166666666666666
1,0.9846300610572846,0.99,0.999,1.125,8.0
1,0.9847873405115137,0.99,0.999,1.0212765957446808,7.833333333333333
1,0.9851315906602989,0.99,0.999,0.9130434782608696,7.666666666666667
1,0.9852310789034597,0.99,0.999,0.9333333333333333,7.5
1,0.9855229535033108,0.99,0.999,0.8181818181818181,7.333333333333333
1,0.9338748434543832,0.887459807073955,0.9694093218677189,4.638655462184874,19.833333333333332
1,0.9345745953850411,0.887459807073955,0.9712738972733137,4.627118644067797,19.666666666666668
1,0.9352645988852941,0.92,0.9731416694661611,4.615384615384616,19.5
1,0.9421656417209812,0.9259259259259259,0.9781785975568509,4.448275862068966,19.333333333333332
1,0.9421106358762776,0.9259259259259259,0.980058830816471,4.434782608695652,19.166666666666668
1,0.9408180654596691,0.9259259259259259,0.9809194576922768,4.473684210526316,19.0
1,0.9408363090414054,0.9259259259259259,0.9817438158542173,4.513274336283185,18.833333333333332
1,0.9417320037019217,0.9259259259259259,0.9836302728386256,4.5,18.666666666666668
1,0.9441584872089755,0.9259259259259259,0.986584032944315,4.4324324324324325,18.5
1,0.9446016400470745,0.9259259259259259,0.9884787220792063,4.418181818181818,18.333333333333332
1,0.9450637145102033,0.9259259259259259,0.9903767086151779,4.4036697247706424,18.166666666666668
1,0.9307701116034921,0.887459807073955,0.9912097362970506,4.444444444444445,18.0
1,0.9303830571412219,0.887459807073955,0.9920032852861986,4.485981308411215,17.833333333333332
1,0.933478070877811,0.887459807073955,0.995213208310702,4.317757009345794,17.833333333333332
1,0.9347963317974701,0.887459807073955,0.9971219489945049,4.30188679245283,17.666666666666668
1,0.9462656460162304,0.9259259259259259,0.999,4.285714285714286,17.5
1,0.9468787760694132,0.9259259259259259,0.999,4.269230769230769,17.333333333333332
1,0.9503136128565802,0.9259259259259259,0.999,4.077669902912621,17.166666666666668
1,0.9537156796726236,0.9378531073446328,0.999,3.882352941176471,17.0
1,0.9545473469923658,0.9378531073446328,0.999,3.8613861386138613,16.833333333333332
1,0.9541167092901126,0.9378531073446328,0.999,3.9000000000000004,16.666666666666668
1,0.9547369342165855,0.9378531073446328,0.999,3.9393939393939394,16.5
1,0.9547144161468946,0.9378531073446328,0.999,3.9795918367346936,16.333333333333332
1,0.9586088587435031,0.9378531073446328,0.999,3.7731958762886597,16.166666666666668
1,0.9592696120689059,0.9378531073446328,0.999,3.75,16.0
1,0.9593698902220081,0.9378531073446328,0.999,3.789473684210526,15.833333333333334
1,0.9602901869439835,0.9378531073446328,0.999,3.7263157894736842,15.833333333333334
1,0.9603082091356014,0.9378531073446328,0.999,3.7659574468085104,15.666666666666666
1,0.9444127604587984,0.9259259259259259,0.999,3.806451612903226,15.5
1,0.9450003215087213,0.9259259259259259,0.999,3.782608695652174,15.333333333333334
1,0.9448207802214927,0.9259259259259259,0.999,3.824175824175824,15.166666666666666
1,0.9486282335547154,0.9259259259259259,0.999,3.5999999999999996,15.0
1,0.9492813958663373,0.9259259259259259,0.999,3.573033707865169,14.833333333333334
1,0.9500100515126431,0.9259259259259259,0.999,3.545454545454546,14.666666666666666
1,0.9505823647120335,0.9259259259259259,0.999,3.5172413793103443,14.5
1,0.9512459561718696,0.9259259259259259,0.999,3.558139534883721,14.333333333333334
1,0.9521159709968745,0.9378531073446328,0.999,3.5999999999999996,14.166666666666666
1,0.9530441771043,0.9378531073446328,0.999,3.571428571428571,14.0
1,0.9534802520565335,0.9378531073446328,0.999,3.5421686746987953,13.833333333333334
1,0.9551395830445901,0.9550381372942593,0.999,3.469879518072289,13.833333333333334
1,0.9565793023230611,0.9550381372942593,0.999,3.439024390243902,13.666666666666666
1,0.9577272841462305,0.9550381372942593,0.999,3.481481481481482,13.5
1,0.9583664638863854,0.9550561797752809,0.999,3.4499999999999997,13.333333333333334
1,0.9576236714504684,0.9550381372942593,0.999,3.4936708860759493,13.166666666666666
1,0.958674142109432,0.9550561797752809,0.999,3.4615384615384612,13.0
1,0.9612193504506751,0.9695273631840796,0.999,3.1948051948051948,12.833333333333334
1,0.9622854837098715,0.9695273631840796,0.999,3.1578947368421053,12.666666666666666
1,0.9623450309541643,0.9695273631840796,0.999,3.2,12.5
1,0.9635488698270085,0.9695273631840796,0.999,3.0810810810810807,12.333333333333334
1,0.9661074154611897,0.9695273631840796,0.999,2.794520547945205,12.166666666666666
1,0.9669908700171748,0.9695273631840796,0.999,2.75,12.0
1,0.9671570253043125,0.9695273631840796,0.999,2.788732394366197,11.833333333333334
1,0.9704250544724009,0.9695273631840796,0.999,2.3142857142857145,11.666666666666666
1,0.9717539196653732,0.9695273631840796,0.999,1.8260869565217392,11.5
1,0.9720875517083181,0.9695273631840796,0.999,1.7647058823529411,11.333333333333334
1,0.9722481855723228,0.9695273631840796,0.999,1.7910447761194028,11.166666666666666
1,0.9743760425014474,0.9695273631840796,0.999,1.2727272727272727,11.0
1,0.9746634836116533,0.9695273631840796,0.999,1.2923076923076924,10.833333333333334
1,0.9766997202562291,0.9695273631840796,0.999,0.75,10.666666666666666
1,0.9768632423290162,0.9695273631840796,0.999,0.6666666666666666,10.5
1,0.9771617518230877,0.9695273631840796,0.999,0.6774193548387096,10.333333333333334
1,0.9767714446362008,0.9695273631840796,0.999,0.5901639344262295,10.166666666666666
1,0.9771528903688597,0.9695273631840796,0.999,0.5,10.0
1,0.9774387199788395,0.9695273631840796,0.999,0.5084745762711864,9.833333333333334
0,0.7676524500951601,0.7877480586712684,0.9371340687884788,5.945945945945946,18.5
0,0.7682580487682342,0.7877480586712684,0.9386976433667398,5.945454545454545,18.333333333333332
0,0.7739328069066472,0.7877480586712684,0.9477773187760773,5.886792452830189,17.666666666666668
0,0.7404575793894397,0.75,0.948880504023576,5.831775700934579,17.833333333333332
0,0.7418642830381351,0.75,0.9477773187760773,5.886792452830189,17.666666666666668
0,0.7411138014888515,0.75,0.9465237477143925,5.942857142857143,17.5
0,0.7593236980007705,0.7865853658536583,0.9557716723468279,5.881188118811881,16.833333333333332
0,0.7583687768157736,0.7865853658536583,0.9543650532683734,5.9399999999999995,16.666666666666668
0,0.6862343839432581,0.6408554572271388,0.9670193065588263,5.872340425531915,15.666666666666666
0,0.6842909347256432,0.6408554572271388,0.9594486157108224,5.935483870967742,15.5
0,0.6837648070652496,0.6408554572271388,0.9597070316937114,5.934782608695652,15.333333333333334
1,0.8766589530343497,0.8459214501510574,0.9431488772183324,5.9375,16.0
1,0.8770624103610406,0.8459214501510574,0.9433888937065228,5.936842105263158,15.833333333333334
1,0.8730494116182425,0.8459214501510574,0.9318420348269497,5.798319327731092,19.833333333333332
1,0.8901985532225536,0.8479657387580299,0.9400998742789102,5.6440677966101696,19.666666666666668
1,0.8808910252647144,0.8479657387580299,0.9396276696688975,5.692307692307692,19.5
1,0.8793730161046397,0.8479657387580299,0.9412995064546146,5.689655172413794,19.333333333333332
1,0.8753763776420871,0.8459214501510574,0.9407053866859003,5.739130434782609,19.166666666666668
1,0.8723664008029086,0.8459214501510574,0.9399989437943445,5.7894736842105265,19.0
1,0.8684946473516331,0.8459214501510574,0.9312964178883235,5.840707964601769,18.833333333333332
1,0.8597489103018734,0.8441660140955364,0.9135309223452124,5.892857142857142,18.666666666666668
1,0.8572184796548012,0.8441660140955364,0.9094355248834005,5.945945945945946,18.5
1,0.8581967385918476,0.8441660140955364,0.9064061684531374,5.944954128440367,18.166666666666668
1,0.8652575603593187,0.8441660140955364,0.9145896765062309,5.886792452830189,17.666666666666668
1,0.8604162428420723,0.8441660140955364,0.9003518575819831,5.942857142857143,17.5
1,0.8902817824714314,0.8479657387580299,0.9615464419123311,5.653846153846153,17.333333333333332
1,0.910583042280465,0.887459807073955,0.9746280072974002,5.359223300970874,17.166666666666668
1,0.9042643331095803,0.887459807073955,0.9743013481821787,5.411764705882353,17.0
1,0.9024934988555507,0.887459807073955,0.9738651279902903,5.465346534653466,16.833333333333332
1,0.9215571781583067,0.887459807073955,0.9860703362348441,5.16,16.666666666666668
1,0.8917236738331245,0.8479657387580299,0.9859850179175028,5.212121212121213,16.5
1,0.8914009272416066,0.8479657387580299,0.9858019372236766,5.26530612244898,16.333333333333332
1,0.8908442356648578,0.8479657387580299,0.9855141309770199,5.319587628865979,16.166666666666668
1,0.8831458935093,0.8479657387580299,0.985114048681383,5.375,16.0
1,0.8840886730696609,0.8479657387580299,0.9869320721005805,5.368421052631579,15.833333333333334
1,0.8919343635319161,0.8479657387580299,0.9887549437911285,5.361702127659575,15.666666666666666
1,0.8929098212216293,0.8479657387580299,0.9905827859071765,5.354838709677419,15.5
1,0.8940391792824436,0.887459807073955,0.9924157245984631,5.3478260869565215,15.333333333333334
1,0.9007901294346635,0.887459807073955,0.9942538901667265,5.34065934065934,15.166666666666666
1,0.9013975837335263,0.887459807073955,0.9960974172289179,5.333333333333333,15.0
1,0.8949468676569277,0.887459807073955,0.9954892294600592,5.393258426966292,14.833333333333334
1,0.8974273941847263,0.887459807073955,0.9973233692426481,5.386363636363637,14.666666666666666
1,0.9191089151336298,0.887459807073955,0.999,5.379310344827586,14.5
1,0.9032098334916738,0.887459807073955,0.9983765344800706,5.441860465116279,14.333333333333334
1,0.8718484776295283,0.8459214501510574,0.9974293278498034,5.5058823529411764,14.166666666666666
1,0.8711301671403928,0.8459214501510574,0.996308150815552,5.571428571428571,14.0
1,0.8715595245033635,0.8879781420765027,0.9949983997917861,5.63855421686747,13.833333333333334
1,0.8756058268075702,0.8879781420765027,0.9967532373864282,5.634146341463414,13.666666666666666
1,0.8770255981676807,0.8879781420765027,0.9985129081654187,5.62962962962963,13.5
1,0.870756712004511,0.8879781420765027,0.9838154384993971,5.699999999999999,13.333333333333334
1,0.9131946178234833,0.887459807073955,0.9578758529828939,5.092436974789916,19.833333333333332
1,0.9138804744866317,0.887459807073955,0.959694933608863,5.084745762711864,19.666666666666668
1,0.9097076535603223,0.887459807073955,0.950447149026401,5.128205128205128,19.5
1,0.9056811429289963,0.887459807073955,0.9475216374029696,5.172413793103448,19.333333333333332
1,0.9056639944475862,0.887459807073955,0.9445385215113793,5.217391304347826,19.166666666666668
1,0.905480051684481,0.887459807073955,0.9431659425649773,5.210526315789474,19.0
1,0.9077697935565636,0.887459807073955,0.9434162871890852,5.150442477876107,18.833333333333332
1,0.9066643534331106,0.887459807073955,0.9404271757672852,5.196428571428571,18.666666666666668
1,0.9195474321576957,0.887459807073955,0.9725291088991945,5.027027027027027,18.5
1,0.9262952854768862,0.887459807073955,0.9814727776621407,4.745454545454545,18.333333333333332
1,0.9255959204695112,0.887459807073955,0.9820297944486579,4.7889908256880735,18.166666666666668
1,0.9257499421484479,0.887459807073955,0.9825327575145297,4.833333333333334,18.0
1,0.9274896822491592,0.887459807073955,0.9857967559791599,4.766355140186915,17.833333333333332
1,0.9452391061082481,0.9259259259259259,0.9939086474563424,4.471698113207546,17.666666666666668
1,0.9461566829593329,0.9259259259259259,0.9969305687761211,4.3999999999999995,17.5
1,0.964476070376488,0.9378531073446328,0.999,4.326923076923077,17.333333333333332
1,0.9645331518010458,0.9378531073446328,0.999,4.310679611650485,17.166666666666668
1,0.9641423348735192,0.9378531073446328,0.999,4.352941176470588,17.0
1,0.9649035566905294,0.9378531073446328,0.999,4.217821782178218,16.833333333333332
1,0.9658156818360537,0.9378531073446328,0.999,3.98019801980198,16.833333333333332
1,0.9511058087373279,0.9259259259259259,0.999,4.0200000000000005,16.666666666666668
1,0.9527325705451541,0.9378531073446328,0.999,4.0,16.5
1,0.952425217722973,0.9378531073446328,0.999,4.040816326530612,16.333333333333332
1,0.9527330205242297,0.9378531073446328,0.999,4.082474226804123,16.166666666666668
1,0.9531502549635031,0.9378531073446328,0.999,4.125,16.0
1,0.9533615005935726,0.9378531073446328,0.999,4.105263157894737,15.833333333333334
1,0.9570583430658288,0.9378531073446328,0.999,3.8936170212765955,15.666666666666666
1,0.9589989504440738,0.9378531073446328,0.999,3.870967741935484,15.5
1,0.9593315603934112,0.9378531073446328,0.999,3.8478260869565215,15.333333333333334
1,0.9591320367041446,0.9378531073446328,0.999,3.8901098901098905,15.166666666666666
1,0.9600437770851178,0.9378531073446328,0.999,3.866666666666667,15.0
1,0.9611507870605592,0.9378531073446328,0.999,3.842696629213483,14.833333333333334
1,0.9622040290150322,0.9378531073446328,0.999,3.8863636363636362,14.666666666666666
1,0.9632232973397618,0.9378531073446328,0.999,3.793103448275862,14.5
1,0.9651348969315663,0.9378531073446328,0.999,3.558139534883721,14.333333333333334
1,0.9655513541279331,0.9378531073446328,0.999,3.5294117647058822,14.166666666666666
1,0.9675764356324384,0.9378531073446328,0.999,3.5,14.0
1,0.9705503219112895,0.9695273631840796,0.999,3.469879518072289,13.833333333333334
1,0.9708043122142049,0.9695273631840796,0.999,3.439024390243902,13.666666666666666
1,0.9707628505303594,0.9695273631840796,0.999,3.481481481481482,13.5
1,0.9709584448848458,0.9695273631840796,0.999,3.4499999999999997,13.333333333333334
1,0.9707794667077592,0.9695273631840796,0.999,3.4936708860759493,13.166666666666666
1,0.9710121700457222,0.9695273631840796,0.999,3.4615384615384612,13.0
1,0.9713530288219289,0.9695273631840796,0.999,3.4285714285714284,12.833333333333334
1,0.9720792786664159,0.9695273631840796,0.999,3.394736842105263,12.666666666666666
1,0.9724247978276306,0.9695273631840796,0.999,3.3600000000000003,12.5
1,0.9593998177673746,0.9657534246575342,0.999,3.4054054054054053,12.333333333333334
1,0.9591494079237072,0.9657534246575342,0.999,3.4520547945205475,12.166666666666666
1,0.9589059751948277,0.9657534246575342,0.999,3.5,12.0
1,0.9590883932019449,0.9657534246575342,0.999,3.549295774647887,11.833333333333334
1,0.9642041598486466,0.9695273631840796,0.999,3.0857142857142854,11.666666666666666
1,0.9508948759191238,0.9550381372942593,0.999,5.454545454545454,7.333333333333333
1,0.9565082265062459,0.9550381372942593,0.999,4.7441860465116275,7.166666666666667
1,0.9569883100678525,0.9550381372942593,0.999,4.571428571428571,7.0
1,0.957921610847004,0.9550381372942593,0.999,4.536585365853659,6.833333333333333
1,0.9580543907643507,0.9550561797752809,0.999,4.5,6.666666666666667
1,0.959266268178517,0.9657534246575342,0.999,4.153846153846153,6.5
1,0.9603488034358447,0.9682651006707147,0.999,4.105263157894737,6.333333333333333
1,0.9598467857573851,0.9657534246575342,0.999,3.891891891891892,6.166666666666667
1,0.960767110265798,0.9695273631840796,0.999,3.833333333333333,6.0
1,0.9609196856335008,0.9695273631840796,0.999,3.7714285714285714,5.833333333333333
1,0.9610741583913176,0.9695273631840796,0.999,3.7058823529411766,5.666666666666667
1,0.9609172897025984,0.9695273631840796,0.999,3.257142857142857,5.833333333333333
1,0.9615253369217698,0.9695273631840796,0.999,3.3529411764705883,5.666666666666667
1,0.9615584781685325,0.9695273631840796,0.999,2.727272727272727,5.5
1,0.9621845557173548,0.9695273631840796,0.999,2.4375,5.333333333333333
1,0.962162035744885,0.9695273631840796,0.999,2.32258064516129,5.166666666666667
1,0.9685171371056835,0.9695273631840796,0.999,5.6,7.5
1,0.9582419927970939,0.9550561797752809,0.999,5.7272727272727275,7.333333333333333
1,0.9589699772228817,0.9657534246575342,0.999,5.8604651162790695,7.166666666666667
1,0.9604092073080315,0.9695273631840796,0.999,5.853658536585366,6.833333333333333
1,0.9640380937577644,0.9695273631840796,0.999,5.837837837837839,6.166666666666667
1,0.96500830518923,0.9695273631840796,0.999,5.666666666666666,6.0
1,0.9644902811376674,0.9695273631840796,0.999,5.828571428571428,5.833333333333333
1,0.9649279506564538,0.9695273631840796,0.999,5.823529411764706,5.666666666666667
1,0.9660386151505309,0.9695273631840796,0.999,5.818181818181818,5.5
1,0.9675126344042695,0.9695273631840796,0.999,5.8125,5.333333333333333
1,0.9684386810763495,0.9695273631840796,0.999,5.806451612903226,5.166666666666667
1,0.9656663668099355,0.9695273631840796,0.999,5.470588235294118,5.666666666666667
1,0.9659960472649968,0.9695273631840796,0.999,5.454545454545454,5.5
1,0.9658931582072846,0.9695273631840796,0.999,5.625,5.333333333333333
1,0.9559008963137916,0.9550381372942593,0.999,5.7073170731707314,6.833333333333333
1,0.9555789889455808,0.9550381372942593,0.999,5.85,6.666666666666667
1,0.956363121582405,0.9550381372942593,0.999,5.846153846153846,6.5
1,0.8540916286905702,0.8441660140955364,0.9605008786861158,4.9411764705882355,19.833333333333332
1,0.8533699089327151,0.8441660140955364,0.9593736754916874,4.983050847457627,19.666666666666668
1,0.8526263850712912,0.8441660140955364,0.9581956379219432,5.0256410256410255,19.5
1,0.8748261809125573,0.8459214501510574,0.9689659992141899,4.862068965517241,19.333333333333332
1,0.868640039684909,0.8459214501510574,0.9597626890173422,4.904347826086957,19.166666666666668
1,0.8632006298685857,0.8441660140955364,0.9507327477493642,4.947368421052632,19.0
1,0.858312153225411,0.8441660140955364,0.9493769331134432,4.938053097345133,18.833333333333332
1,0.8565182980822924,0.8441660140955364,0.9466064618171269,4.982142857142858,18.666666666666668
1,0.8577647267514306,0.8441660140955364,0.9452530255155812,4.972972972972973,18.5
1,0.85848497569104,0.8441660140955364,0.9439017335634181,4.963636363636364,18.333333333333332
1,0.8841812840193443,0.8479657387580299,0.9820297944486579,4.7889908256880735,18.166666666666668
1,0.8831638804025201,0.8479657387580299,0.9825327575145297,4.833333333333334,18.0
1,0.8877968514495351,0.8479657387580299,0.9857967559791599,4.766355140186915,17.833333333333332
1,0.8972471004043162,0.887459807073955,0.9908515916361106,4.542056074766355,17.833333333333332
1,0.9014667352132034,0.887459807073955,0.9927548952805904,4.528301886792454,17.666666666666668
1,0.8821463665164904,0.8479657387580299,0.9934619191589232,4.571428571428571,17.5
1,0.8888886547250072,0.8479657387580299,0.9988445862113967,4.384615384615384,17.333333333333332
1,0.9093611961365049,0.887459807073955,0.999,4.427184466019417,17.166666666666668
1,0.9092285808917803,0.887459807073955,0.999,4.470588235294118,17.0
1,0.9099283297030658,0.887459807073955,0.999,4.455445544554456,16.833333333333332
1,0.9109209983027562,0.887459807073955,0.999,4.4399999999999995,16.666666666666668
1,0.9176634251308118,0.887459807073955,0.999,4.242424242424242,16.5
1,0.9227189203367067,0.887459807073955,0.999,4.040816326530612,16.333333333333332
1,0.9237868144193133,0.887459807073955,0.999,4.020618556701031,16.166666666666668
1,0.9238399062149341,0.887459807073955,0.999,4.0625,16.0
1,0.9235262866741923,0.887459807073955,0.999,4.105263157894737,15.833333333333334
1,0.9246470314484379,0.887459807073955,0.999,4.085106382978723,15.666666666666666
1,0.9257159120198455,0.887459807073955,0.999,4.129032258064516,15.5
1,0.9266097315771791,0.887459807073955,0.999,4.173913043478261,15.333333333333334
1,0.9262015216277358,0.887459807073955,0.999,4.21978021978022,15.166666666666666
1,0.9284215964375885,0.887459807073955,0.999,4.199999999999999,15.0
1,0.929328278746051,0.887459807073955,0.999,4.247191011235955,14.833333333333334
1,0.9344112851896453,0.887459807073955,0.999,4.0227272727272725,14.666666666666666
1,0.93531167237076,0.92,0.999,4.0,14.5
1,0.9375945417579967,0.9259259259259259,0.999,3.9767441860465116,14.333333333333334
1,0.9384658652881456,0.9259259259259259,0.999,3.9529411764705884,14.166666666666666
1,0.9394934146122484,0.9259259259259259,0.999,3.928571428571429,14.0
1,0.9410381658649112,0.9550381372942593,0.999,3.903614457831325,13.833333333333334
1,0.9411545822973784,0.9550381372942593,0.999,3.951219512195122,13.666666666666666
1,0.9427402133387308,0.9550381372942593,0.999,3.925925925925926,13.5
1,0.9443897234864642,0.9550381372942593,0.999,3.9000000000000004,13.333333333333334
1,0.9451144138177161,0.9550381372942593,0.999,3.8734177215189876,13.166666666666666
1,0.9456281497871106,0.9550381372942593,0.999,3.8461538461538467,13.0
1,0.9487585348799089,0.9550381372942593,0.999,3.5844155844155843,12.833333333333334
1,0.9494884277639415,0.9550381372942593,0.999,3.552631578947368,12.666666666666666
1,0.9494786401848196,0.9550381372942593,0.999,3.5999999999999996,12.5
1,0.9294207631638869,0.9550381372942593,0.999,3.6486486486486487,12.333333333333334
1,0.9306636211386538,0.9550381372942593,0.999,3.6164383561643834,12.166666666666666
1,0.9319746677098593,0.9550381372942593,0.999,3.583333333333333,12.0
1,0.9327983023745787,0.9550381372942593,0.999,3.549295774647887,11.833333333333334
1,0.9350940434762834,0.9550381372942593,0.999,3.5142857142857142,11.666666666666666
1,0.9365307838130125,0.9550381372942593,0.999,3.4782608695652177,11.5
1,0.9367046009015643,0.9550381372942593,0.999,3.5294117647058822,11.333333333333334
1,0.9417835130428358,0.9550381372942593,0.999,3.2238805970149254,11.166666666666666
1,0.9420748090592992,0.9550381372942593,0.999,3.2727272727272725,11.0
1,0.943798735773872,0.9550381372942593,0.999,3.138461538461539,10.833333333333334
1,0.9441147337612084,0.9550381372942593,0.999,3.1875,10.666666666666666
1,0.9480365201886081,0.9550381372942593,0.999,2.8571428571428568,10.5
1,0.9494856118364178,0.9550381372942593,0.999,2.903225806451613,10.333333333333334
1,0.9494536950145537,0.9550381372942593,0.999,2.9508196721311473,10.166666666666666
1,0.9503561023367832,0.9550381372942593,0.999,2.9,10.0
1,0.9511642634226906,0.9550381372942593,0.999,2.9491525423728815,9.833333333333334
1,0.9520803578917968,0.9550381372942593,0.999,2.896551724137931,9.666666666666666
1,0.9557437373896904,0.9550381372942593,0.999,2.3157894736842106,9.5
1,0.9584192686761905,0.9550561797752809,0.999,1.7142857142857142,9.333333333333334
1,0.9625389583700581,0.9695273631840796,0.999,1.0909090909090908,9.166666666666666
1,0.9639009997959631,0.9695273631840796,0.999,1.0,9.0
1,0.9658022698132191,0.9695273631840796,0.999,0.7924528301886793,8.833333333333334
1,0.966010053176926,0.9695273631840796,0.999,0.8076923076923077,8.666666666666666
1,0.966458923284397,0.9695273631840796,0.999,0.823529411764706,8.5
1,0.9673251248457665,0.9695273631840796,0.999,0.36,8.333333333333334
1,0.9678520983981187,0.9695273631840796,0.999,0.36734693877551017,8.166666666666666
1,0.9688280474611737,0.9695273631840796,0.999,0.125,8.0
1,0.9332954911222726,0.9550381372942593,0.999,5.90625,10.666666666666666
1,0.93367993678244,0.9550381372942593,0.999,5.904761904761904,10.5
1,0.9406207438734617,0.9550381372942593,0.999,5.419354838709677,10.333333333333334
1,0.9413644998085794,0.9550381372942593,0.999,5.409836065573771,10.166666666666666
1,0.9417951406471295,0.9550381372942593,0.999,5.4,10.0
1,0.9422410119227622,0.9550381372942593,0.999,5.389830508474576,9.833333333333334
1,0.942343477267606,0.9550381372942593,0.999,5.379310344827586,9.666666666666666
1,0.9429077656695226,0.9550381372942593,0.999,5.368421052631579,9.5
1,0.9477772173992194,0.9550381372942593,0.999,5.035714285714286,9.333333333333334
1,0.9534736937793914,0.9550381372942593,0.999,4.472727272727273,9.166666666666666
1,0.954909582678981,0.9550381372942593,0.999,4.333333333333333,9.0
1,0.9560957457797645,0.9550381372942593,0.999,4.30188679245283,8.833333333333334
1,0.9554342893369518,0.9550381372942593,0.999,4.384615384615384,8.666666666666666
1,0.9552565597226054,0.9550381372942593,0.999,4.470588235294118,8.5
1,0.9565739553203227,0.9550381372942593,0.999,4.4399999999999995,8.333333333333334
1,0.9568754845841491,0.9550381372942593,0.999,4.408163265306123,8.166666666666666
1,0.9574795602982406,0.9550381372942593,0.999,4.375,8.0
1,0.9568750211419197,0.9550381372942593,0.999,4.468085106382978,7.833333333333333
1,0.9581034271767177,0.9550561797752809,0.999,4.434782608695652,7.666666666666667
1,0.9632680484793963,0.9695273631840796,0.999,3.7333333333333334,7.5
1,0.9647873038240835,0.9695273631840796,0.999,3.6818181818181817,7.333333333333333
1,0.964539981461165,0.9695273631840796,0.999,3.7674418604651163,7.166666666666667
1,0.9642845036382519,0.9695273631840796,0.999,3.8571428571428577,7.0
1,0.9639568923190802,0.9695273631840796,0.999,3.951219512195122,6.833333333333333
1,0.9644404742436549,0.9695273631840796,0.999,3.9000000000000004,6.666666666666667
1,0.969298373781752,0.9695273631840796,0.999,3.0769230769230766,6.5
1,0.9695818197508339,0.9695273631840796,0.999,3.1578947368421053,6.333333333333333
1,0.9702162766101918,0.9695273631840796,0.999,3.2432432432432434,6.166666666666667
1,0.9701667820136884,0.9695273631840796,0.999,3.3333333333333335,6.0
1,0.9698853173015599,0.9695273631840796,0.999,3.4285714285714284,5.833333333333333
1,0.9702497415138991,0.9695273631840796,0.999,3.3529411764705883,5.666666666666667
1,0.9706002976855135,0.9695273631840796,0.999,3.2727272727272725,5.5
1,0.9711685267104693,0.9695273631840796,0.999,3.1875,5.333333333333333
1,0.9708471668471306,0.9695273631840796,0.999,3.290322580645161,5.166666666666667
1,0.9719056790239046,0.9695273631840796,0.999,5.837837837837839,6.166666666666667
1,0.9721364377294971,0.9695273631840796,0.999,5.833333333333333,6.0
1,0.9723666545223535,0.9695273631840796,0.999,5.828571428571428,5.833333333333333
1,0.9737885925436802,0.9695273631840796,0.999,5.647058823529411,5.666666666666667
1,0.9740169273561594,0.9695273631840796,0.999,5.636363636363637,5.5
1,0.9736933961040418,0.9695273631840796,0.999,5.8125,5.333333333333333
1,0.974003152447307,0.9695273631840796,0.999,5.806451612903226,5.166666666666667
1,0.9606579183150007,0.9695273631840796,0.999,5.666666666666666,6.0
1,0.9623444520783878,0.9695273631840796,0.999,5.485714285714286,5.833333333333333
1,0.9625591366647885,0.9695273631840796,0.999,5.647058823529411,5.666666666666667
1,0.9676106427797789,0.9695273631840796,0.999,4.909090909090909,5.5
1,0.9687430730930531,0.9695273631840796,0.999,4.6875,5.333333333333333
1,0.969619368236916,0.9695273631840796,0.999,4.64516129032258,5.166666666666667
1,0.9128193102205333,0.9160467587672688,0.999,5.894736842105263,9.5
1,0.9575564125067035,0.9550381372942593,0.999,5.657142857142857,11.666666666666666
1,0.9623158448033672,0.9695273631840796,0.999,5.217391304347826,11.5
1,0.9626839954788581,0.9695273631840796,0.999,5.294117647058823,11.333333333333334
1,0.9633298506041456,0.9695273631840796,0.999,5.2835820895522385,11.166666666666666
1,0.966558094036015,0.9695273631840796,0.999,5.0,11.0
1,0.9667055988035633,0.9695273631840796,0.999,4.984615384615385,10.833333333333334
1,0.9665570799977707,0.9695273631840796,0.999,5.0625,10.666666666666666
1,0.9666421354367518,0.9695273631840796,0.999,5.0476190476190474,10.5
1,0.9670514724215711,0.9695273631840796,0.999,5.032258064516129,10.333333333333334
1,0.9675259931913751,0.9695273631840796,0.999,5.016393442622951,10.166666666666666
1,0.9680420831401506,0.9695273631840796,0.999,5.0,10.0
1,0.9683249131978963,0.9695273631840796,0.999,4.983050847457627,9.833333333333334
1,0.9685352598193833,0.9695273631840796,0.999,4.9655172413793105,9.666666666666666
1,0.9687394981824313,0.9695273631840796,0.999,4.947368421052632,9.5
1,0.968433916685238,0.9695273631840796,0.999,5.035714285714286,9.333333333333334
1,0.9683788020574937,0.9695273631840796,0.999,5.127272727272727,9.166666666666666
1,0.9695842037534574,0.9695273631840796,0.999,5.111111111111111,9.0
1,0.9699961305857944,0.9695273631840796,0.999,5.09433962264151,8.833333333333334
1,0.9709257681103716,0.9695273631840796,0.999,5.076923076923077,8.666666666666666
1,0.9723671070355415,0.9695273631840796,0.999,4.9411764705882355,8.5
1,0.9728415684701038,0.9695273631840796,0.999,4.92,8.333333333333334
1,0.973172427509067,0.9695273631840796,0.999,4.8979591836734695,8.166666666666666
1,0.9744911409352646,0.9695273631840796,0.999,4.75,8.0
1,0.9744052249858208,0.9695273631840796,0.999,4.8510638297872335,7.833333333333333
1,0.9739372793447839,0.9695273631840796,0.999,4.956521739130435,7.666666666666667
1,0.9746035483716863,0.9695273631840796,0.999,4.933333333333334,7.5
1,0.9776287096088816,0.9695273631840796,0.999,4.2272727272727275,7.333333333333333
1,0.9783282539723259,0.9695273631840796,0.999,4.046511627906977,7.166666666666667
1,0.978627481922761,0.9695273631840796,0.999,4.0,7.0
1,0.9784650610269383,0.9695273631840796,0.999,4.097560975609756,6.833333333333333
1,0.9783418577283209,0.9695273631840796,0.999,4.199999999999999,6.666666666666667
1,0.9783393757512621,0.9695273631840796,0.999,4.3076923076923075,6.5
1,0.9785227458627783,0.9695273631840796,0.999,4.2631578947368425,6.333333333333333
1,0.9809809222307884,0.9809523809523809,0.999,3.4054054054054053,6.166666666666667
1,0.9808777869636736,0.9809523809523809,0.999,3.5,6.0
1,0.9811511516809011,0.9809523809523809,0.999,3.4285714285714284,5.833333333333333
1,0.9818500746135775,0.9836065573770492,0.999,3.1764705882352944,5.666666666666667
1,0.9822375048765595,0.9836065573770492,0.999,3.090909090909091,5.5
1,0.9829187947109896,0.99,0.999,2.8125,5.333333333333333
1,0.9832474906330775,0.99,0.999,2.7096774193548385,5.166666666666667
1,0.8962758731938054,0.887459807073955,0.9860307611539266,3.579831932773109,19.833333333333332
1,0.8814470553261129,0.8479657387580299,0.9873406116824264,3.6101694915254234,19.666666666666668
1,0.8793295059458136,0.8479657387580299,0.9892045542870296,3.5897435897435894,19.5
1,0.8756290061945141,0.8459214501510574,0.9905041175695347,3.6206896551724137,19.333333333333332
1,0.9006727511721973,0.887459807073955,0.9940058744289525,3.4434782608695653,19.166666666666668
1,0.8982126792793874,0.887459807073955,0.9953466350170137,3.473684210526316,19.0
1,0.8988335383991991,0.887459807073955,0.997213777010257,3.4513274336283186,18.833333333333332
1,0.8972933748039785,0.887459807073955,0.9985455735950046,3.4821428571428577,18.666666666666668
1,0.8875502467307281,0.8479657387580299,0.999,3.5135135135135136,18.5
1,0.888168681333397,0.8479657387580299,0.999,3.4909090909090907,18.333333333333332
1,0.8890271066702502,0.8479657387580299,0.999,3.467889908256881,18.166666666666668
1,0.8880819494644447,0.8479657387580299,0.999,3.5,18.0
1,0.8867820831779618,0.8479657387580299,0.999,3.5327102803738315,17.833333333333332
1,0.8883634470795938,0.8479657387580299,0.999,3.5094339622641506,17.666666666666668
1,0.8904170118583254,0.8479657387580299,0.999,3.420560747663551,17.833333333333332
1,0.8985812740414929,0.887459807073955,0.999,3.2264150943396226,17.666666666666668
1,0.8975910560553182,0.887459807073955,0.999,3.257142857142857,17.5
1,0.8968883035158628,0.887459807073955,0.999,3.2884615384615388,17.333333333333332
1,0.9065704180212856,0.887459807073955,0.999,3.087378640776699,17.166666666666668
1,0.9118627581265473,0.887459807073955,0.999,2.8823529411764706,17.0
1,0.9216424551445037,0.887459807073955,0.999,2.5544554455445545,16.833333333333332
1,0.9232017549253364,0.887459807073955,0.999,2.52,16.666666666666668
1,0.9271329853448513,0.887459807073955,0.999,2.4242424242424243,16.5
1,0.9345203406507105,0.887459807073955,0.999,2.0816326530612246,16.333333333333332
1,0.9396156216754177,0.9259259259259259,0.999,1.7319587628865978,16.166666666666668
1,0.9430707593786366,0.9259259259259259,0.999,1.5,16.0
1,0.9428440338741608,0.9259259259259259,0.999,1.5157894736842106,15.833333333333334
1,0.9153513000230971,0.887459807073955,0.999,1.5319148936170213,15.666666666666666
1,0.9156655315472626,0.887459807073955,0.999,1.5483870967741935,15.5
1,0.9164030686870008,0.887459807073955,0.999,1.5,15.333333333333334
1,0.9167124873759733,0.887459807073955,0.999,1.5164835164835164,15.166666666666666
1,0.9190203489092179,0.887459807073955,0.999,1.4666666666666666,15.0
1,0.921063340735099,0.887459807073955,0.999,1.4157303370786516,14.833333333333334
1,0.9233790441248262,0.887459807073955,0.999,1.3636363636363635,14.666666666666666
1,0.9242754180822297,0.887459807073955,0.999,1.3103448275862069,14.5
1,0.9254615993199959,0.887459807073955,0.999,1.255813953488372,14.333333333333334
1,0.9285059271066933,0.887459807073955,0.999,1.2000000000000002,14.166666666666666
1,0.930214952716824,0.887459807073955,0.999,1.2142857142857144,14.0
1,0.9345975690575554,0.887459807073955,0.999,1.1566265060240966,13.833333333333334
1,0.9380280050258334,0.9550381372942593,0.999,1.0843373493975903,13.833333333333334
1,0.9386542195886893,0.9550381372942593,0.999,1.0975609756097562,13.666666666666666
1,0.9232858818525278,0.9550381372942593,0.9891197809054233,5.923076923076923,13.0
1,0.9250523630879862,0.9550381372942593,0.9907128161341617,5.922077922077922,12.833333333333334
1,0.9255323152185034,0.9550381372942593,0.9923073616179673,5.921052631578947,12.666666666666666
1,0.9337989480020541,0.9550381372942593,0.9939034763175648,5.92,12.5
1,0.9344419739506312,0.9550381372942593,0.9955012223023725,5.918918918918919,12.333333333333334
1,0.9352443660908683,0.9550381372942593,0.9971006649580587,5.917808219178082,12.166666666666666
1,0.9352240225642066,0.9550381372942593,0.999,5.826086956521739,11.5
1,0.9348225032026731,0.9550381372942593,0.999,5.911764705882353,11.333333333333334
1,0.940753191342254,0.9550381372942593,0.999,5.8125,10.666666666666666
1,0.9423054265815467,0.9550381372942593,0.999,5.809523809523809,10.5
1,0.9431514454030572,0.9550381372942593,0.999,5.806451612903226,10.333333333333334
1,0.9463451878262451,0.9550381372942593,0.999,5.80327868852459,10.166666666666666
1,0.9489971523496534,0.9550381372942593,0.999,5.5,10.0
1,0.9542183840939689,0.9550381372942593,0.999,5.389830508474576,9.833333333333334
1,0.9503397972227445,0.9550381372942593,0.999,5.482758620689656,9.666666666666666
1,0.9507806135518179,0.9550381372942593,0.999,5.473684210526315,9.5
1,0.9511788277735771,0.9550381372942593,0.999,5.464285714285714,9.333333333333334
1,0.9512958235398181,0.9550381372942593,0.999,5.5636363636363635,9.166666666666666
1,0.9525605914712534,0.9550381372942593,0.999,5.555555555555555,9.0
1,0.9535704044427054,0.9550381372942593,0.999,5.547169811320755,8.833333333333334
1,0.9549663597388964,0.9550381372942593,0.999,5.653846153846153,8.666666666666666
1,0.9568059246279698,0.9550381372942593,0.999,5.529411764705882,8.5
1,0.959012940849927,0.9657534246575342,0.999,5.4,8.333333333333334
1,0.9578799796433775,0.9550381372942593,0.999,5.510204081632653,8.166666666666666
1,0.9586743096623911,0.9550561797752809,0.999,5.5,8.0
1,0.9651014664918771,0.9695273631840796,0.999,4.8510638297872335,7.833333333333333
1,0.9660893902551948,0.9695273631840796,0.999,4.826086956521739,7.666666666666667
1,0.9667759251910513,0.9695273631840796,0.999,4.800000000000001,7.5
1,0.9673098289006608,0.9695273631840796,0.999,4.7727272727272725,7.333333333333333
1,0.9698035427996616,0.9695273631840796,0.999,4.325581395348837,7.166666666666667
1,0.9701394132522687,0.9695273631840796,0.999,4.428571428571429,7.0
1,0.9716890013041812,0.9695273631840796,0.999,4.390243902439025,6.833333333333333
1,0.972225972492014,0.9695273631840796,0.999,4.2439024390243905,6.833333333333333
1,0.9743034157412458,0.9695273631840796,0.999,3.75,6.666666666666667
1,0.975390170723873,0.9695273631840796,0.999,3.5384615384615383,6.5
1,0.9751932331329993,0.9695273631840796,0.999,3.6315789473684212,6.333333333333333
1,0.9751065089456508,0.9695273631840796,0.999,3.72972972972973,6.166666666666667
1,0.9750294054438856,0.9695273631840796,0.999,3.833333333333333,6.0
1,0.9769508268887217,0.9695273631840796,0.999,3.257142857142857,5.833333333333333
1,0.977478571458892,0.9695273631840796,0.999,3.1764705882352944,5.666666666666667
1,0.9784730870420133,0.9695273631840796,0.999,2.909090909090909,5.5
1,0.978762643710924,0.9695273631840796,0.999,2.8125,5.333333333333333
1,0.9791576597206149,0.9695273631840796,0.999,2.7096774193548385,5.166666666666667
1,0.8573719308353926,0.8659384309831182,0.9897692819224597,5.85,13.333333333333334
1,0.8602959495611452,0.8659384309831182,0.9914107278693773,5.848101265822785,13.166666666666666
1,0.8608500373610593,0.8659384309831182,0.9930547956465383,5.846153846153846,13.0
1,0.8603786298164571,0.8659384309831182,0.9907128161341617,5.922077922077922,12.833333333333334
1,0.9206575624112172,0.9166666666666666,0.999,5.583333333333334,12.0
1,0.920600218973231,0.9166666666666666,0.999,5.661971830985915,11.833333333333334
1,0.9327236974836679,0.9550381372942593,0.999,5.228571428571429,11.666666666666666
1,0.9348236354075343,0.9550381372942593,0.999,5.217391304347826,11.5
1,0.9391634956916406,0.9550381372942593,0.999,4.9411764705882355,11.333333333333334
1,0.9408908009186956,0.9550381372942593,0.999,4.835820895522388,11.166666666666666
1,0.9693865249777387,0.9695273631840796,0.999,5.545454545454545,11.0
1,0.9731272797752215,0.9695273631840796,0.999,5.2615384615384615,10.833333333333334
1,0.9744313626814732,0.9695273631840796,0.999,5.15625,10.666666666666666
1,0.9749959210964172,0.9695273631840796,0.999,5.142857142857142,10.5
1,0.9749230072954964,0.9695273631840796,0.999,5.225806451612903,10.333333333333334
1,0.9757561801709762,0.9695273631840796,0.999,5.114754098360655,10.166666666666666
1,0.9757974031796983,0.9695273631840796,0.999,5.2,10.0
1,0.9779976464793594,0.9695273631840796,0.999,4.88135593220339,9.833333333333334
1,0.9771595696839019,0.9695273631840796,0.999,4.9655172413793105,9.666666666666666
1,0.9772205894211021,0.9695273631840796,0.999,4.947368421052632,9.5
1,0.9792184268544066,0.9695273631840796,0.999,4.607142857142858,9.333333333333334
1,0.980680752724112,0.9809523809523809,0.999,4.254545454545455,9.166666666666666
1,0.9710483505025653,0.9695273631840796,0.999,4.333333333333333,9.0
1,0.9719479090492067,0.9695273631840796,0.999,4.188679245283018,8.833333333333334
1,0.9738265370434724,0.9695273631840796,0.999,3.8076923076923075,8.666666666666666
1,0.9759696621784506,0.9695273631840796,0.999,3.1764705882352944,8.5
1,0.9765095768633449,0.9695273631840796,0.999,3.24,8.333333333333334
1,0.9666987150566879,0.9695273631840796,0.999,3.3061224489795915,8.166666666666666
1,0.9674716724461887,0.9695273631840796,0.999,3.375,8.0
1,0.9692499437967812,0.9695273631840796,0.999,3.3191489361702127,7.833333333333333
1,0.970080517808475,0.9695273631840796,0.999,3.260869565217391,7.666666666666667
1,0.9370880566834818,0.9550381372942593,0.9811753894989936,5.927710843373494,13.833333333333334
1,0.9377945815179696,0.9550381372942593,0.9827616617545246,5.926829268292683,13.666666666666666
1,0.9397143893778239,0.9550381372942593,0.9843491898346866,5.925925925925926,13.5
1,0.9727963836283791,0.9695273631840796,0.999,5.620253164556962,13.166666666666666
1,0.9726281437515157,0.9695273631840796,0.999,5.692307692307692,13.0
1,0.9515932915848153,0.9550381372942593,0.9985083270013898,5.766233766233766,12.833333333333334
1,0.9516640992273699,0.9550381372942593,0.9985083270013898,5.766233766233766,12.833333333333334
1,0.9446615642499192,0.9550381372942593,0.9963511907253196,5.842105263157895,12.666666666666666
1,0.9465411148439324,0.9550381372942593,0.9980037275226302,5.84,12.5
1,0.9656567564519882,0.9695273631840796,0.999,5.837837837837839,12.333333333333334
1,0.8984460966640828,0.8961748633879781,0.9971006649580587,5.917808219178082,12.166666666666666
1,0.9334848033043159,0.9550381372942593,0.999,5.914285714285715,11.666666666666666
1,0.9354022494219301,0.9550381372942593,0.999,5.91304347826087,11.5
1,0.9359336754112964,0.9550381372942593,0.999,5.911764705882353,11.333333333333334
1,0.9386288615735663,0.9550381372942593,0.999,5.909090909090909,11.0
1,0.9509694525129004,0.9550381372942593,0.999,5.446153846153846,10.833333333333334
1,0.9486194718652943,0.9550381372942593,0.999,5.53125,10.666666666666666
1,0.961074512038423,0.9695273631840796,0.999,5.238095238095238,10.5
1,0.9633721769445526,0.9695273631840796,0.999,5.129032258064516,10.333333333333334
1,0.9663974412128813,0.9695273631840796,0.999,4.6229508196721305,10.166666666666666
1,0.9666110331530146,0.9695273631840796,0.999,4.5,10.0
1,0.966622686991979,0.9695273631840796,0.999,4.474576271186441,9.833333333333334
1,0.9557790044662988,0.9550381372942593,0.999,5.678571428571429,9.333333333333334
1,0.9565087953457534,0.9550381372942593,0.999,5.672727272727273,9.166666666666666
1,0.957025386392085,0.9550381372942593,0.999,5.777777777777778,9.0
1,0.9585333266917644,0.9550561797752809,0.999,5.773584905660377,8.833333333333334
1,0.9597705378928498,0.9657534246575342,0.999,5.773584905660377,8.833333333333334
1,0.9599138976981448,0.9657534246575342,0.999,5.769230769230769,8.666666666666666
1,0.9594212489069889,0.9657534246575342,0.999,5.88235294117647,8.5
1,0.9600459304160602,0.9657534246575342,0.999,5.88,8.333333333333334
1,0.9603931348079607,0.9695273631840796,0.999,5.877551020408163,8.166666666666666
1,0.9611216505701301,0.9695273631840796,0.999,5.875,8.0
1,0.9615300909198017,0.9695273631840796,0.999,5.872340425531915,7.833333333333333
1,0.9620578424702947,0.9695273631840796,0.999,5.869565217391305,7.666666666666667
0,0.8167124754878795,0.8384458077709611,0.9258362832104129,5.899159663865546,19.833333333333332
0,0.8063299642460733,0.8038740920096852,0.9200485739584714,5.9491525423728815,19.666666666666668
0,0.8263069872923388,0.8384458077709611,0.9343381999979848,5.844827586206897,19.333333333333332
0,0.8221795283424547,0.8384458077709611,0.9271069479114139,5.895652173913043,19.166666666666668
0,0.8057681246000911,0.8038740920096852,0.9139820969903669,5.947368421052632,19.0
0,0.8083837900627506,0.810126582278481,0.9094355248834005,5.945945945945946,18.5
0,0.8366883998912616,0.8441660140955364,0.9465541777745524,5.781818181818181,18.333333333333332
0,0.8350820934697045,0.8441660140955364,0.9456389241529753,5.8348623853211015,18.166666666666668
0,0.831306756959047,0.8441660140955364,0.9295609374439231,5.888888888888889,18.0
0,0.8151627462112211,0.8384458077709611,0.9097374127239134,5.94392523364486,17.833333333333332
1,0.981266423017926,0.9836065573770492,0.999,5.877551020408163,8.166666666666666
1,0.8736769193646023,0.8459214501510574,0.9870809006911515,3.4789915966386555,19.833333333333332
1,0.8634112452819293,0.8441660140955364,0.9818555736633586,3.5084745762711864,19.666666666666668
1,0.8611371496928559,0.8441660140955364,0.979904774898113,3.5384615384615383,19.5
1,0.8600532967447669,0.8441660140955364,0.977943187253487,3.5689655172413794,19.333333333333332
1,0.8889663434294875,0.8479657387580299,0.9945126554622375,3.391304347826087,19.166666666666668
1,0.9048545949459967,0.887459807073955,0.9982188725877731,3.1578947368421053,19.0
1,0.926922120085016,0.887459807073955,0.999,3.1327433628318584,18.833333333333332
1,0.9351270696847556,0.887459807073955,0.999,2.9203539823008846,18.833333333333332
1,0.9413514593571956,0.9259259259259259,0.999,2.732142857142857,18.666666666666668
1,0.9491962880432914,0.9259259259259259,0.999,2.4324324324324325,18.5
1,0.9526729546104911,0.9378531073446328,0.999,2.2363636363636363,18.333333333333332
1,0.9513758406174256,0.9259259259259259,0.999,2.2568807339449544,18.166666666666668
1,0.95029145203534,0.9259259259259259,0.999,2.2777777777777777,18.0
1,0.8252478979395621,0.8384458077709611,0.9255725873165904,5.899159663865546,19.833333333333332
1,0.8240835951903303,0.8384458077709611,0.923125659490105,5.9491525423728815,19.666666666666668
1,0.8439343253753803,0.8441660140955364,0.9018648595354284,5.943396226415095,17.666666666666668
1,0.8473522809211328,0.8441660140955364,0.914208893701361,5.88785046728972,17.833333333333332
1,0.848339354511329,0.8441660140955364,0.9145896765062309,5.886792452830189,17.666666666666668
1,0.8447717872636961,0.8441660140955364,0.9003518575819831,5.942857142857143,17.5
1,0.8633686368450246,0.8441660140955364,0.91747455578476,5.878787878787879,16.5
1,0.8252843401219543,0.8384458077709611,0.878978433588132,5.938775510204081,16.333333333333332
1,0.8265863397646802,0.8384458077709611,0.8800534329330675,5.938144329896907,16.166666666666668
1,0.8288724394836426,0.8441660140955364,0.8810644690510552,5.9375,16.0
1,0.8306363303758818,0.8441660140955364,0.8820200034884299,5.936842105263158,15.833333333333334
1,0.835447100765689,0.8441660140955364,0.884620543600488,5.934782608695652,15.333333333333334
1,0.8384995438338447,0.8441660140955364,0.8854165618953327,5.934065934065934,15.166666666666666
1,0.8581689254394604,0.8441660140955364,0.9210765750504082,5.863636363636363,14.666666666666666
1,0.8614146306640262,0.8441660140955364,0.9470846073074226,5.797752808988764,14.833333333333334
1,0.8658247942925367,0.8441660140955364,0.9479352980343464,5.795454545454546,14.666666666666666
1,0.8666866260421655,0.8441660140955364,0.9488061766909606,5.793103448275862,14.5
1,0.8686841342326326,0.8459214501510574,0.9496979706058851,5.790697674418605,14.333333333333334
1,0.8653700184536872,0.8441660140955364,0.9235866832560701,5.858823529411764,14.166666666666666
1,0.8005381754265088,0.8038740920096852,0.8863986881494279,5.928571428571429,14.0
1,0.8231485124991761,0.8329519450800915,0.9250096718417318,5.855421686746988,13.833333333333334
1,0.824347752201308,0.8329519450800915,0.9259679377059535,5.853658536585366,13.666666666666666
1,0.8080008854483073,0.8130841121495327,0.888752443614207,5.925925925925926,13.5
1,0.8108482166696334,0.8148148148148148,0.8895124599574695,5.925000000000001,13.333333333333334
1,0.8160713844816976,0.8329519450800915,0.8917446898408637,5.922077922077922,12.833333333333334
1,0.8346747898704798,0.8409090909090909,0.9307863650136653,5.842105263157895,12.666666666666666
1,0.8169840500272973,0.8329519450800915,0.8932089426077074,5.92,12.5
1,0.8187975712471071,0.8329519450800915,0.8939382555198495,5.918918918918919,12.333333333333334
1,0.8438153352546769,0.8659384309831182,0.899111475917935,5.91044776119403,11.166666666666666
1,0.8658159684067708,0.8659384309831182,0.9395496333704796,5.818181818181818,11.0
1,0.8698029356995136,0.8879781420765027,0.9405785163754422,5.815384615384615,10.833333333333334
1,0.8734062622166838,0.8879781420765027,0.9416404896714027,5.8125,10.666666666666666
1,0.8754835642609833,0.8879781420765027,0.9427371758242674,5.809523809523809,10.5
1,0.8639130066512726,0.8659384309831182,0.9030387475978456,5.903225806451613,10.333333333333334
1,0.8639283315962756,0.8659384309831182,0.9038635982423665,5.9016393442622945,10.166666666666666
1,0.8845304566436996,0.8961748633879781,0.9472265162950211,5.796610169491525,9.833333333333334
1,0.8876172763873995,0.8961748633879781,0.9482165564467029,5.793103448275862,9.666666666666666
1,0.8742893110830501,0.8879781420765027,0.9080061292094734,5.894736842105263,9.5
1,0.8752277872043579,0.8879781420765027,0.9090992159079363,5.892857142857142,9.333333333333334
1,0.905666604213533,0.9160467587672688,0.991096929838619,5.666666666666666,9.0
1,0.907974024039333,0.9160467587672688,0.9924770184068491,5.660377358490566,8.833333333333334
1,0.9083560631442427,0.9160467587672688,0.9924770184068491,5.660377358490566,8.833333333333334
1,0.8703966736209166,0.8459214501510574,0.9424704569604571,5.546218487394958,19.833333333333332
1,0.857131749103758,0.8441660140955364,0.9441886331733669,5.5423728813559325,19.666666666666668
1,0.8479476387190116,0.8441660140955364,0.9438811246639388,5.589743589743589,19.5
1,0.8475140024009244,0.8441660140955364,0.94558862346777,5.586206896551724,19.333333333333332
1,0.8435268290023079,0.8441660140955364,0.9451706709525508,5.6347826086956525,19.166666666666668
1,0.8396908687994191,0.8441660140955364,0.9404928555334462,5.684210526315789,19.0
1,0.8308109485724471,0.8441660140955364,0.9222463581907727,5.734513274336283,18.833333333333332
1,0.8405636316154667,0.8441660140955364,0.941534583242752,5.68141592920354,18.833333333333332
1,0.8318224341043456,0.8441660140955364,0.9227701651554853,5.732142857142858,18.666666666666668
1,0.8329280451741643,0.8441660140955364,0.9236559177318946,5.72972972972973,18.5
1,0.8248563005215162,0.8384458077709611,0.9155196145688294,5.781818181818181,18.333333333333332
1,0.8261661408054488,0.8384458077709611,0.9140561487711597,5.779816513761467,18.166666666666668
1,0.8225480761361479,0.8384458077709611,0.9101115429764431,5.833333333333333,18.0
1,0.8233180469477563,0.8384458077709611,0.9086343488773884,5.831775700934579,17.833333333333332
1,0.8233180469477563,0.8384458077709611,0.9086343488773884,5.831775700934579,17.833333333333332
1,0.8276049929808701,0.8384458077709611,0.9096732158555978,5.773584905660377,17.666666666666668
1,0.8253322504847178,0.8384458077709611,0.9056830535178199,5.828571428571428,17.5
1,0.8262272692052628,0.8384458077709611,0.9042090085550567,5.826923076923077,17.333333333333332
1,0.8326292640076943,0.8441660140955364,0.9100547980057144,5.766990291262136,17.166666666666668
1,0.8344575085574368,0.8441660140955364,0.9108840440924889,5.764705882352941,17.0
1,0.829743482739419,0.8441660140955364,0.8997936444114609,5.821782178217822,16.833333333333332
1,0.8303384371841144,0.8441660140955364,0.8997936444114609,5.821782178217822,16.833333333333332
1,0.828231992501443,0.8384458077709611,0.8956081981431248,5.88,16.666666666666668
1,0.8242578470920013,0.8384458077709611,0.8912827060181049,5.9393939393939394,16.5
1,0.8578643278374108,0.8441660140955364,0.9171972194442676,5.747368421052632,15.833333333333334
1,0.8877487682931331,0.8479657387580299,0.9813909329432843,5.553191489361701,15.666666666666666
1,0.88889471342222,0.8479657387580299,0.9831546217271514,5.548387096774193,15.5
1,0.8925412132741714,0.8479657387580299,0.9849226024698231,5.543478260869565,15.333333333333334
1,0.8876780657863768,0.8479657387580299,0.9706194567777895,5.604395604395604,15.166666666666666
1,0.8820025206044528,0.8479657387580299,0.947048177401347,5.666666666666666,15.0
1,0.875488039739899,0.8459214501510574,0.9234329224961496,5.730337078651686,14.833333333333334
1,0.8856538440676209,0.8479657387580299,0.9498903926679604,5.659090909090909,14.666666666666666
1,0.8815448791511439,0.8479657387580299,0.9257110453563128,5.724137931034482,14.5
1,0.8997064118605904,0.887459807073955,0.9794476381057813,5.5813953488372094,14.333333333333334
1,0.9012618840438766,0.887459807073955,0.9813465981276048,5.576470588235294,14.166666666666666
1,0.8979000693360624,0.887459807073955,0.9560043987570389,5.642857142857142,14.0
1,0.8896265515906963,0.8479657387580299,0.9306119114730285,5.710843373493976,13.833333333333334
1,0.8904126671576773,0.8961748633879781,0.9306119114730285,5.710843373493976,13.833333333333334
1,0.883250756091698,0.8961748633879781,0.9051673917711013,5.780487804878049,13.666666666666666
1,0.8758956976357363,0.8879781420765027,0.8796691548788077,5.851851851851852,13.5
1,0.9077223204111495,0.9160467587672688,0.9627671626653026,5.625,13.333333333333334
1,0.9003256861003632,0.9,0.9360332830198715,5.69620253164557,13.166666666666666
1,0.9108292498183659,0.9160467587672688,0.96642498721204,5.615384615384615,13.0
1,0.905656676959258,0.9160467587672688,0.9389657833801506,5.688311688311688,12.833333333333334
1,0.9423079591038517,0.9550381372942593,0.999,5.447368421052632,12.666666666666666
1,0.9424712320145212,0.9550381372942593,0.999,5.5200000000000005,12.5
1,0.942872543984368,0.9550381372942593,0.999,5.513513513513514,12.333333333333334
1,0.9487095384390589,0.9550381372942593,0.999,5.260273972602739,12.166666666666666
1,0.9476249717165912,0.9550381372942593,0.999,5.333333333333333,12.0
1,0.9491485784852776,0.9550381372942593,0.999,5.323943661971831,11.833333333333334
1,0.9467805899901092,0.9550381372942593,0.999,5.4,11.666666666666666
1,0.9237038399501658,0.9550381372942593,0.999,5.478260869565217,11.5
1,0.8993459955308796,0.9,0.9881765835479958,5.5588235294117645,11.333333333333334
1,0.8920745089809766,0.8961748633879781,0.9564070439957463,5.64179104477612,11.166666666666666
1,0.8816377423828379,0.8961748633879781,0.9222756158367743,5.7272727272727275,11.0
1,0.8826987803350256,0.8961748633879781,0.9242003193283415,5.723076923076923,10.833333333333334
1,0.8716285227779095,0.8879781420765027,0.8850104976174024,5.8125,10.666666666666666
1,0.9268261090616001,0.9550381372942593,0.999,5.523809523809524,10.5
1,0.9337536757324205,0.9550381372942593,0.999,5.225806451612903,10.333333333333334
1,0.9329476682468151,0.9550381372942593,0.999,5.311475409836065,10.166666666666666
1,0.9316896186252627,0.9550381372942593,0.999,5.4,10.0
1,0.9320924463448532,0.9550381372942593,0.999,5.389830508474576,9.833333333333334
1,0.9341598908443205,0.9550381372942593,0.999,5.379310344827586,9.666666666666666
1,0.9359836399334416,0.9550381372942593,0.999,5.368421052631579,9.5
1,0.9388807913672303,0.9550381372942593,0.999,5.25,9.333333333333334
1,0.9393059661415373,0.9550381372942593,0.999,5.345454545454546,9.166666666666666
1,0.9398221349981619,0.9550381372942593,0.999,5.333333333333333,9.0
1,0.9406859397039327,0.9550381372942593,0.999,5.320754716981132,8.833333333333334
1,0.9409927176912884,0.9550381372942593,0.999,5.3076923076923075,8.666666666666666
1,0.9389450268129252,0.9550381372942593,0.999,5.411764705882353,8.5
1,0.9397199327676745,0.9550381372942593,0.999,5.4,8.333333333333334
1,0.940169602711421,0.9550381372942593,0.999,5.387755102040816,8.166666666666666
1,0.9396206134845766,0.9550381372942593,0.999,5.5,8.0
1,0.9405148666142087,0.9550381372942593,0.999,5.48936170212766,7.833333333333333
1,0.9444027098609176,0.9550381372942593,0.999,5.23404255319149,7.833333333333333
1,0.9459278536807951,0.9550381372942593,0.999,5.217391304347826,7.666666666666667
1,0.9463074194604226,0.9550381372942593,0.999,5.333333333333333,7.5
1,0.9467552554081814,0.9550381372942593,0.999,5.318181818181818,7.333333333333333
1,0.9451967604694893,0.9550381372942593,0.999,5.441860465116279,7.166666666666667
1,0.9273702277807592,0.9550381372942593,0.9732830545535424,5.571428571428571,7.0
1,0.9195887314886325,0.9160467587672688,0.9320677927898049,5.7073170731707314,6.833333333333333
1,0.9086217676168251,0.9160467587672688,0.8842128038624045,5.85,6.666666666666667
1,0.8618287238381916,0.8441660140955364,0.9442761960026574,5.495798319327731,19.833333333333332
1,0.8546578851286353,0.8441660140955364,0.9379149545476301,5.5423728813559325,19.666666666666668
1,0.8525409054656803,0.8441660140955364,0.9344892726772331,5.589743589743589,19.5
1,0.8514590774328599,0.8441660140955364,0.9309816136901494,5.637931034482759,19.333333333333332
1,0.8699345477294976,0.8459214501510574,0.9509806619091479,5.478260869565217,19.166666666666668
1,0.8613459867527551,0.8441660140955364,0.9327039227096448,5.526315789473684,19.0
1,0.8627940699342987,0.8441660140955364,0.9342864504169178,5.522123893805309,18.833333333333332
1,0.8897173158902963,0.8479657387580299,0.9604843894138702,5.357142857142858,18.666666666666668
1,0.890243648682002,0.8479657387580299,0.962267177008725,5.351351351351351,18.5
1,0.896104322056787,0.887459807073955,0.9694835453458787,5.181818181818182,18.333333333333332
1,0.8962719009710829,0.887459807073955,0.9713090988245956,5.174311926605505,18.166666666666668
1,0.8960461359976993,0.887459807073955,0.9713689636627152,5.222222222222222,18.0
1,0.8968171000507611,0.887459807073955,0.9731916603569997,5.214953271028037,17.833333333333332
1,0.8722455857815703,0.8459214501510574,0.9731614079138423,5.264150943396227,17.666666666666668
1,0.8747358840517173,0.8459214501510574,0.9749802839262299,5.257142857142857,17.5
1,0.877456421048556,0.8479657387580299,0.9786847152737957,5.1923076923076925,17.333333333333332
1,0.878131411684858,0.8479657387580299,0.9805243438228322,5.184466019417475,17.166666666666668
1,0.879665127589276,0.8479657387580299,0.9823684274393218,5.176470588235294,17.0
1,0.8795221284589992,0.8479657387580299,0.9822987182366545,5.227722772277228,16.833333333333332
1,0.8803047728686685,0.8479657387580299,0.9841395291227628,5.22,16.666666666666668
1,0.8882370050486212,0.8479657387580299,0.9915969861606418,5.03030303030303,16.5
1,0.925513279239992,0.887459807073955,0.999,4.714285714285714,16.333333333333332
1,0.9318445089889118,0.887459807073955,0.999,4.515463917525773,16.166666666666668
1,0.9393223760364242,0.9259259259259259,0.999,4.1875,16.0
1,0.9409458010013777,0.9259259259259259,0.999,4.105263157894737,15.833333333333334
1,0.9473458858512633,0.9259259259259259,0.999,3.7659574468085104,15.666666666666666
1,0.8172011348324784,0.8384458077709611,0.9563738307275736,5.142857142857142,19.833333333333332
1,0.8069695313056993,0.8038740920096852,0.9502688050717215,5.186440677966102,19.666666666666668
1,0.826294407553865,0.8384458077709611,0.9615174849762635,5.076923076923077,19.5
1,0.8434635634067831,0.8441660140955364,0.9676298656741692,4.913793103448276,19.333333333333332
1,0.8356684990641621,0.8441660140955364,0.968092089568034,4.956521739130435,19.166666666666668
1,0.8440078185450883,0.8441660140955364,0.9713330512692611,4.894736842105263,19.0
1,0.8375695909270192,0.8441660140955364,0.9717905537940306,4.938053097345133,18.833333333333332
1,0.8357038891815352,0.8441660140955364,0.972190420244617,4.982142857142858,18.666666666666668
1,0.8341225338787025,0.8441660140955364,0.9725291088991945,5.027027027027027,18.5
1,0.8327382964854018,0.8441660140955364,0.9728028175437076,5.072727272727272,18.333333333333332
1,0.8002275114473867,0.8038740920096852,0.9669628734262671,5.1192660550458715,18.166666666666668
1,0.7791454049601397,0.7877480586712684,0.9407675421494112,5.166666666666667,18.0
1,0.7611813022878229,0.7877480586712684,0.9069142894176194,5.214953271028037,17.833333333333332
1,0.7562219779557988,0.7865853658536583,0.8885021712404226,5.264150943396227,17.666666666666668
1,0.7268803131073843,0.7482678983833718,0.87216550443077,5.314285714285714,17.5
1,0.7279383783511006,0.7482678983833718,0.8761582285866968,5.3076923076923075,17.333333333333332
1,0.7542476786270313,0.75,0.8795576640194945,5.300970873786408,17.166666666666668
1,0.808274146964221,0.810126582278481,0.9676198340791315,5.117647058823529,17.0
1,0.8264947503208323,0.8384458077709611,0.9912029979262806,4.930693069306931,16.833333333333332
1,0.8264947503208323,0.8384458077709611,0.9912029979262806,4.930693069306931,16.833333333333332
1,0.846035462834634,0.8441660140955364,0.9946878848990872,4.86,16.666666666666668
1,0.8979734602000534,0.887459807073955,0.999,4.666666666666667,16.5
1,0.9006538065232621,0.887459807073955,0.999,4.653061224489796,16.333333333333332
1,0.9009925718563048,0.887459807073955,0.999,4.701030927835052,16.166666666666668
1,0.9021971761370237,0.887459807073955,0.999,4.6875,16.0
1,0.9068215451140502,0.887459807073955,0.999,4.484210526315789,15.833333333333334
1,0.9143296508489541,0.887459807073955,0.999,4.276595744680851,15.666666666666666
1,0.9188457607310927,0.887459807073955,0.999,4.064516129032258,15.5
1,0.8822978519582488,0.8479657387580299,0.999,4.108695652173913,15.333333333333334
1,0.8869359725036072,0.8479657387580299,0.999,3.8901098901098905,15.166666666666666
1,0.8881520356610499,0.8479657387580299,0.999,3.9333333333333336,15.0
1,0.8877514350519762,0.8479657387580299,0.999,3.97752808988764,14.833333333333334
1,0.8936024572453045,0.8600835990342557,0.999,3.75,14.666666666666666
1,0.8949162332612941,0.887459807073955,0.999,3.724137931034483,14.5
1,0.8974514743491682,0.887459807073955,0.999,3.697674418604651,14.333333333333334
1,0.9001592684215541,0.887459807073955,0.999,3.7411764705882353,14.166666666666666
1,0.9022493711473087,0.887459807073955,0.999,3.7857142857142856,14.0
1,0.9084114516287403,0.9160467587672688,0.999,3.5421686746987953,13.833333333333334
1,0.9124923427549627,0.9160467587672688,0.999,3.439024390243902,13.666666666666666
1,0.9152624909488389,0.9160467587672688,0.999,3.4074074074074074,13.5
1,0.9184951806269362,0.9160467587672688,0.999,3.375,13.333333333333334
1,0.9279582303695636,0.9550381372942593,0.999,2.9620253164556964,13.166666666666666
1,0.9280486716322907,0.9550381372942593,0.999,3.0,13.0
1,0.9289941464437327,0.9550381372942593,0.999,3.0389610389610384,12.833333333333334
1,0.9316151706319835,0.9550381372942593,0.999,3.0,12.666666666666666
1,0.9501834859809539,0.9550381372942593,0.999,5.823529411764706,11.333333333333334
1,0.9508335877392775,0.9550381372942593,0.999,5.82089552238806,11.166666666666666
1,0.9513258844836314,0.9550381372942593,0.999,5.818181818181818,11.0
1,0.9508494603748215,0.9550381372942593,0.999,5.907692307692308,10.833333333333334
1,0.9543991377606289,0.9550381372942593,0.999,5.903225806451613,10.333333333333334
1,0.9549281580997679,0.9550381372942593,0.999,5.9016393442622945,10.166666666666666
1,0.9552974770281366,0.9550381372942593,0.999,5.8999999999999995,10.0
1,0.9554646107447238,0.9550381372942593,0.999,5.898305084745763,9.833333333333334
1,0.9585507703516095,0.9550561797752809,0.999,5.586206896551724,9.666666666666666
1,0.9598466221968087,0.9657534246575342,0.999,5.473684210526315,9.5
1,0.9639462116715629,0.9695273631840796,0.999,5.142857142857142,9.333333333333334
1,0.964422836586541,0.9695273631840796,0.999,5.236363636363636,9.166666666666666
1,0.9674612793874489,0.9695273631840796,0.999,4.888888888888888,9.0
1,0.967905358465075,0.9695273631840796,0.999,4.867924528301887,8.833333333333334
1,0.9682004563665669,0.9695273631840796,0.999,4.846153846153847,8.666666666666666
1,0.9673817230975835,0.9695273631840796,0.999,4.9411764705882355,8.5
1,0.9685509900387421,0.9695273631840796,0.999,4.92,8.333333333333334
1,0.9679775584052587,0.9695273631840796,0.999,5.020408163265307,8.166666666666666
1,0.9686687314155935,0.9695273631840796,0.999,5.0,8.0
1,0.9683948668976688,0.9695273631840796,0.999,5.1063829787234045,7.833333333333333
1,0.9700462771184186,0.9695273631840796,0.999,4.8510638297872335,7.833333333333333
1,0.9705524585333813,0.9695273631840796,0.999,4.826086956521739,7.666666666666667
1,0.9742546410777506,0.9695273631840796,0.999,4.133333333333333,7.5
1,0.974703513055583,0.9695273631840796,0.999,4.090909090909091,7.333333333333333
1,0.9744236436398606,0.9695273631840796,0.999,4.186046511627907,7.166666666666667
1,0.9747810934420923,0.9695273631840796,0.999,4.142857142857142,7.0
1,0.9759979300024166,0.9695273631840796,0.999,3.951219512195122,6.833333333333333
1,0.9759107081648597,0.9695273631840796,0.999,4.050000000000001,6.666666666666667
1,0.9768014880398512,0.9695273631840796,0.999,4.0,6.5
1,0.9770002075843566,0.9695273631840796,0.999,3.947368421052632,6.333333333333333
1,0.9776206775428714,0.9695273631840796,0.999,3.891891891891892,6.166666666666667
1,0.9773633560971526,0.9695273631840796,0.999,4.0,6.0
1,0.9771752915100693,0.9695273631840796,0.999,4.114285714285714,5.833333333333333
1,0.9791672442745312,0.9695273631840796,0.999,3.5294117647058822,5.666666666666667
1,0.9795461759499772,0.9695273631840796,0.999,3.454545454545455,5.5
1,0.98031353799907,0.9809523809523809,0.999,3.1875,5.333333333333333
1,0.9812864663768311,0.9836065573770492,0.999,2.903225806451613,5.166666666666667
1,0.8736476053541917,0.8459214501510574,0.940261746901302,5.944954128440367,18.166666666666668
1,0.876275530598666,0.8459214501510574,0.9433915991697167,5.94392523364486,17.833333333333332
1,0.8767801338807074,0.8459214501510574,0.9449573784210804,5.943396226415095,17.666666666666668
1,0.890237813756882,0.8479657387580299,0.9537547076539639,5.826923076923077,17.333333333333332
1,0.8889162184733788,0.8479657387580299,0.9525702982315534,5.883495145631068,17.166666666666668
1,0.8857189531451144,0.8479657387580299,0.9512265663428051,5.9411764705882355,17.0
1,0.8437499895364237,0.8441660140955364,0.9799707616337009,5.8604651162790695,14.333333333333334
1,0.8452152204030057,0.8441660140955364,0.9780064389206679,5.929411764705883,14.166666666666666
1,0.8553347473281214,0.8441660140955364,0.9900516499393082,5.7142857142857135,14.0
1,0.8561230137409788,0.8441660140955364,0.991765845426879,5.710843373493976,13.833333333333334
1,0.8748154431049968,0.8459214501510574,0.9325458737049865,5.7478991596638656,19.833333333333332
1,0.8740000039598859,0.8459214501510574,0.9303690952423129,5.796610169491525,19.666666666666668
1,0.8779013722406688,0.8479657387580299,0.9257956458507854,5.794871794871795,19.5
1,0.8751482266397702,0.8459214501510574,0.9219628596006606,5.844827586206897,19.333333333333332
1,0.8703741154462491,0.8459214501510574,0.9180270345040342,5.895652173913043,19.166666666666668
1,0.8981623128842484,0.887459807073955,0.9468657990478798,5.631578947368421,19.0
1,0.8960030637648336,0.887459807073955,0.941534583242752,5.68141592920354,18.833333333333332
1,0.8967830426195391,0.887459807073955,0.9425958774391078,5.678571428571429,18.666666666666668
1,0.8919998420315957,0.8479657387580299,0.9236559177318946,5.72972972972973,18.5
1,0.8955422868329048,0.887459807073955,0.9245584762720139,5.7272727272727275,18.333333333333332
1,0.8966811374933255,0.887459807073955,0.9254783237337643,5.724770642201835,18.166666666666668
1,0.8982786112707086,0.887459807073955,0.926415961762201,5.722222222222222,18.0
1,0.8989901475531957,0.887459807073955,0.9273719116023212,5.719626168224299,17.833333333333332
1,0.8643652656354686,0.8441660140955364,0.8864854672161414,5.773584905660377,17.666666666666668
1,0.8896825776882413,0.8479657387580299,0.9632807956715204,5.4953271028037385,17.833333333333332
1,0.9024636843481784,0.887459807073955,0.971236789868611,5.320754716981132,17.666666666666668
1,0.8979532085099144,0.887459807073955,0.9710336286038144,5.371428571428572,17.5
1,0.8980766784466265,0.887459807073955,0.970730945987717,5.423076923076923,17.333333333333332
1,0.8973440247304065,0.887459807073955,0.9703220388559919,5.475728155339806,17.166666666666668
1,0.9015670313683601,0.887459807073955,0.9743013481821787,5.411764705882353,17.0
1,0.9117874764042516,0.887459807073955,0.9803068673685329,5.287128712871287,16.833333333333332
1,0.9123619918187622,0.887459807073955,0.9860703362348441,5.16,16.666666666666668
1,0.9125254380447351,0.887459807073955,0.9859850179175028,5.212121212121213,16.5
1,0.9162386245945771,0.887459807073955,0.9858019372236766,5.26530612244898,16.333333333333332
1,0.916472971778912,0.887459807073955,0.9855141309770199,5.319587628865979,16.166666666666668
1,0.9112294756337656,0.887459807073955,0.985114048681383,5.375,16.0
1,0.9118062381322112,0.887459807073955,0.9869320721005805,5.368421052631579,15.833333333333334
1,0.9193511684478207,0.887459807073955,0.9887549437911285,5.361702127659575,15.666666666666666
1,0.9279680199048792,0.887459807073955,0.9971621749558568,5.161290322580645,15.5
1,0.9284452793976914,0.887459807073955,0.9969246916120104,5.217391304347826,15.333333333333334
1,0.9306319699465879,0.887459807073955,0.9987970474838134,5.208791208791209,15.166666666666666
1,0.945910250426701,0.9259259259259259,0.999,5.2,15.0
1,0.9474042501485508,0.9259259259259259,0.999,5.191011235955056,14.833333333333334
1,0.9487165134971154,0.9259259259259259,0.999,5.181818181818182,14.666666666666666
1,0.9492430222428518,0.9259259259259259,0.999,5.172413793103448,14.5
1,0.9503759986149163,0.9259259259259259,0.999,5.162790697674419,14.333333333333334
1,0.9502204260903889,0.9259259259259259,0.999,5.223529411764706,14.166666666666666
1,0.9508139054948792,0.9259259259259259,0.999,5.285714285714286,14.0
1,0.9532921012302996,0.9378531073446328,0.999,4.921348314606742,14.833333333333334
1,0.9533719740696036,0.9378531073446328,0.999,4.9772727272727275,14.666666666666666
1,0.953425248698383,0.9378531073446328,0.999,5.0344827586206895,14.5
1,0.9543594265690898,0.9378531073446328,0.999,5.023255813953488,14.333333333333334
1,0.9548889194678829,0.9378531073446328,0.999,5.011764705882353,14.166666666666666
1,0.957846340479033,0.9378531073446328,0.999,4.7857142857142865,14.0
1,0.9588164848623535,0.9583050762196856,0.999,4.771084337349397,13.833333333333334
1,0.9595712457672272,0.9657534246575342,0.999,4.7560975609756095,13.666666666666666
1,0.9596599925723142,0.9657534246575342,0.999,4.814814814814815,13.5
1,0.960018948634024,0.9657534246575342,0.999,4.800000000000001,13.333333333333334
1,0.9604162551460657,0.9695273631840796,0.999,4.860759493670886,13.166666666666666
1,0.9608691065310093,0.9695273631840796,0.999,4.846153846153847,13.0
1,0.9609116581116421,0.9695273631840796,0.999,4.909090909090909,12.833333333333334
1,0.960364533396011,0.9695273631840796,0.999,4.973684210526316,12.666666666666666
1,0.9602588290995406,0.9657534246575342,0.999,5.04,12.5
1,0.9607650359655229,0.9695273631840796,0.999,5.027027027027027,12.333333333333334
1,0.9637154282347083,0.9695273631840796,0.999,4.767123287671232,12.166666666666666
1,0.9648607659832578,0.9695273631840796,0.999,4.666666666666667,12.0
1,0.9648081115645086,0.9695273631840796,0.999,4.732394366197183,11.833333333333334
1,0.9651046497534962,0.9695273631840796,0.999,4.714285714285714,11.666666666666666
1,0.9652903453829511,0.9695273631840796,0.999,4.695652173913044,11.5
1,0.9657502892995066,0.9695273631840796,0.999,4.676470588235294,11.333333333333334
1,0.9668955311517542,0.9695273631840796,0.999,4.567164179104477,11.166666666666666
1,0.9677994656704645,0.9695273631840796,0.999,4.545454545454545,11.0
1,0.9676674026187377,0.9695273631840796,0.999,4.615384615384616,10.833333333333334
1,0.9687135083369254,0.9695273631840796,0.999,4.5,10.666666666666666
1,0.9689093067041121,0.9695273631840796,0.999,4.476190476190476,10.5
1,0.9693402095399913,0.9695273631840796,0.999,4.451612903225806,10.333333333333334
1,0.9695761579668092,0.9695273631840796,0.999,4.327868852459017,10.166666666666666
1,0.9703372746499592,0.9695273631840796,0.999,4.199999999999999,10.0
1,0.9721021851298519,0.9695273631840796,0.999,3.8644067796610164,9.833333333333334
1,0.972443719196511,0.9695273631840796,0.999,3.827586206896552,9.666666666666666
1,0.9744031079765496,0.9695273631840796,0.999,3.473684210526316,9.5
1,0.9746758163505035,0.9695273631840796,0.999,3.4285714285714284,9.333333333333334
1,0.975572039393876,0.9695273631840796,0.999,3.381818181818182,9.166666666666666
1,0.9765833633385421,0.9695273631840796,0.999,3.2222222222222223,9.0
1,0.9768823171720908,0.9695273631840796,0.999,3.169811320754717,8.833333333333334
1,0.9769954874938511,0.9695273631840796,0.999,3.115384615384616,8.666666666666666
1,0.9794520064452655,0.9695273631840796,0.999,2.4705882352941178,8.5
1,0.980816466405319,0.9809523809523809,0.999,1.7999999999999998,8.333333333333334
1,0.9812903513647805,0.9836065573770492,0.999,1.7142857142857142,8.166666666666666
1,0.9819207998178018,0.9836065573770492,0.999,1.625,8.0
1,0.9813893266025393,0.9836065573770492,0.999,1.148936170212766,7.833333333333333
1,0.9817931047403223,0.9836065573770492,0.999,1.0434782608695652,7.666666666666667
1,0.9823359579132118,0.99,0.999,0.9333333333333333,7.5
1,0.9827774477078798,0.99,0.999,0.8181818181818181,7.333333333333333
1,0.9830952432641122,0.99,0.999,0.6976744186046512,7.166666666666667
1,0.9835377218707287,0.99,0.999,0.7142857142857142,7.0
1,0.984307747210348,0.99,0.999,0.14634146341463417,6.833333333333333
1,0.8994294266210716,0.887459807073955,0.963798035953439,5.9361702127659575,15.666666666666666
1,0.9109698055879054,0.887459807073955,0.9732613978030917,5.931818181818182,14.666666666666666
1,0.9159122130795521,0.887459807073955,0.9849318066418656,5.724137931034482,14.5
1,0.9174229596316912,0.887459807073955,0.9833728179697536,5.790697674418605,14.333333333333334
1,0.9172538308999547,0.887459807073955,0.9815982807770017,5.858823529411764,14.166666666666666
1,0.9311255213526815,0.887459807073955,0.9932482425795838,5.642857142857142,14.0
1,0.9496586641724717,0.9550381372942593,0.999,5.421686746987952,13.833333333333334
1,0.9506617565187814,0.9550381372942593,0.999,5.487804878048781,13.666666666666666
1,0.9504283048949078,0.9550381372942593,0.999,5.555555555555555,13.5
1,0.9517420285751477,0.9550381372942593,0.999,5.550000000000001,13.333333333333334
1,0.952062351938975,0.9550381372942593,0.999,5.544303797468355,13.166666666666666
1,0.9522787179161074,0.9550381372942593,0.999,5.538461538461538,13.0
1,0.9529391459224057,0.9550381372942593,0.999,5.532467532467532,12.833333333333334
1,0.9537741557131509,0.9550381372942593,0.999,5.605263157894737,12.666666666666666
1,0.9540762971398487,0.9550381372942593,0.999,5.6,12.5
1,0.9262124172495553,0.9550381372942593,0.999,5.675675675675675,12.333333333333334
1,0.9290596633851085,0.9550381372942593,0.999,5.7534246575342465,12.166666666666666
1,0.9291876249106266,0.9550381372942593,0.999,5.833333333333333,12.0
1,0.9289634664079316,0.9550381372942593,0.999,5.915492957746479,11.833333333333334
1,0.9317712633481253,0.9550381372942593,0.999,5.830985915492958,11.833333333333334
1,0.9356242896291074,0.9550381372942593,0.999,5.742857142857143,11.666666666666666
1,0.9358233863458114,0.9550381372942593,0.999,5.826086956521739,11.5
1,0.9362907796790187,0.9550381372942593,0.999,5.823529411764706,11.333333333333334
1,0.9372908715754661,0.9550381372942593,0.999,5.91044776119403,11.166666666666666
1,0.9425827149428143,0.9550381372942593,0.999,5.71875,10.666666666666666
1,0.9434264770572257,0.9550381372942593,0.999,5.809523809523809,10.5
1,0.9444961384981703,0.9550381372942593,0.999,5.806451612903226,10.333333333333334
1,0.945045001673114,0.9550381372942593,0.999,5.80327868852459,10.166666666666666
1,0.9456513039465502,0.9550381372942593,0.999,5.8,10.0
1,0.9453550254325465,0.9550381372942593,0.999,5.898305084745763,9.833333333333334
0,0.8209527927539342,0.8384458077709611,0.9258362832104129,5.899159663865546,19.833333333333332
0,0.8290652940318856,0.8441660140955364,0.9311210856123392,5.847457627118644,19.666666666666668
0,0.8228204366373564,0.8384458077709611,0.92646058535818,5.897435897435897,19.5
0,0.8383948370430222,0.8441660140955364,0.9390512777491499,5.741379310344827,19.333333333333332
0,0.8347400237705418,0.8441660140955364,0.9383643954960138,5.791304347826086,19.166666666666668
0,0.8319757636513923,0.8441660140955364,0.9375602819558131,5.842105263157895,19.0
0,0.8435446340339985,0.8441660140955364,0.9463282210930594,5.68141592920354,18.833333333333332
0,0.8413407169906716,0.8441660140955364,0.9456795189722,5.732142857142858,18.666666666666668
0,0.8418086223735208,0.8441660140955364,0.9473416605221597,5.72972972972973,18.5
0,0.8549861034980023,0.8441660140955364,0.9558910082973647,5.5636363636363635,18.333333333333332
0,0.8533649557065348,0.8441660140955364,0.9553805501392163,5.614678899082569,18.166666666666668
0,0.8540799531366959,0.8441660140955364,0.957091766440847,5.611111111111112,18.0
0,0.8527772676175198,0.8441660140955364,0.9564500345002646,5.663551401869158,17.833333333333332
0,0.8718508978520904,0.8459214501510574,0.9650357096768836,5.490566037735849,17.666666666666668
0,0.891779767497618,0.8479657387580299,0.973042416945468,5.314285714285714,17.5
0,0.8922114902924869,0.8479657387580299,0.974852146097316,5.3076923076923075,17.333333333333332
0,0.8931172040847615,0.8479657387580299,0.9766660681598137,5.300970873786408,17.166666666666668
0,0.9017741895074264,0.887459807073955,0.9842044646064809,5.117647058823529,17.0
0,0.9000788549994376,0.887459807073955,0.9842170596043199,5.1683168316831685,16.833333333333332
0,0.9006083430150016,0.887459807073955,0.9842170596043199,5.1683168316831685,16.833333333333332
0,0.9011733872637981,0.887459807073955,0.9860703362348441,5.16,16.666666666666668
0,0.9026938683674235,0.887459807073955,0.9879283557528303,5.151515151515151,16.5
0,0.9019625203249764,0.887459807073955,0.9878352878849664,5.204081632653061,16.333333333333332
0,0.9013022901548748,0.887459807073955,0.9876430752564209,5.257731958762887,16.166666666666668
0,0.9259311317313934,0.887459807073955,0.9954358091662939,5.0625,16.0
0,0.9264103315927442,0.887459807073955,0.9973252543748924,5.052631578947368,15.833333333333334
0,0.9266122708820376,0.887459807073955,0.9973252543748924,5.052631578947368,15.833333333333334
0,0.8890918991121521,0.8479657387580299,0.9972932257801891,5.1063829787234045,15.666666666666666
0,0.8875415661265049,0.8479657387580299,0.9971621749558568,5.161290322580645,15.5
0,0.8870159393441226,0.8479657387580299,0.9969246916120104,5.217391304347826,15.333333333333334
0,0.886462644405307,0.8479657387580299,0.9965727049911327,5.274725274725275,15.166666666666666
0,0.8872000585907474,0.8479657387580299,0.9960974172289179,5.333333333333333,15.0
0,0.8240917042284477,0.8384458077709611,0.9954892294600592,5.393258426966292,14.833333333333334
0,0.8222400823219336,0.8384458077709611,0.9947376598710646,5.454545454545454,14.666666666666666
0,0.8232250417343374,0.8384458077709611,0.9938312528259176,5.517241379310345,14.5
0,0.8261264135961042,0.8384458077709611,0.9956276730053567,5.511627906976744,14.333333333333334
0,0.8264139027160788,0.8384458077709611,0.9945303453549758,5.576470588235294,14.166666666666666
0,0.8275189008518113,0.8384458077709611,0.996308150815552,5.571428571428571,14.0
0,0.8285433171783423,0.835342965048372,0.9949983997917861,5.63855421686747,13.833333333333334
0,0.8388052958920882,0.8409090909090909,0.9967532373864282,5.634146341463414,13.666666666666666
0,0.8386176418125186,0.8409090909090909,0.9952063719290921,5.703703703703704,13.5
0,0.8433063067377193,0.8659384309831182,0.9969329776793892,5.699999999999999,13.333333333333334
0,0.8333846882710276,0.8409090909090909,0.9727325730405222,5.772151898734178,13.166666666666666
0,0.8345963720965323,0.8409090909090909,0.9738330494374562,5.769230769230769,13.0
0,0.8380389611948087,0.8409090909090909,0.9749631556572772,5.766233766233766,12.833333333333334
0,0.8282024094167679,0.8333333333333334,0.9466757998162344,5.842105263157895,12.666666666666666
0,0.8825420902662313,0.8961748633879781,0.999,5.6,12.5
0,0.8822053619144614,0.8961748633879781,0.999,5.675675675675675,12.333333333333334
0,0.8525637208066581,0.8659384309831182,0.9798051778383687,5.7534246575342465,12.166666666666666
0,0.8540326448675957,0.8659384309831182,0.9811030467139557,5.75,12.0
0,0.8500650209286309,0.8659384309831182,0.9507799431179363,5.830985915492958,11.833333333333334
0,0.8556138974665574,0.8659384309831182,0.9824389321905611,5.746478873239436,11.833333333333334
0,0.8980412835114251,0.8961748633879781,0.999,5.485714285714286,11.666666666666666
0,0.8997056245611134,0.9,0.999,5.478260869565217,11.5
0,0.9001999017054998,0.9,0.999,5.470588235294118,11.333333333333334
0,0.9028051556264314,0.9160467587672688,0.999,5.462686567164178,11.166666666666666
0,0.9027594858774972,0.9160467587672688,0.999,5.545454545454545,11.0
1,0.9737977648401401,0.9695273631840796,0.999,5.7142857142857135,7.0
1,0.973373004602743,0.9695273631840796,0.999,5.853658536585366,6.833333333333333
1,0.974171192091055,0.9695273631840796,0.999,5.85,6.666666666666667
1,0.9749781453656212,0.9695273631840796,0.999,5.692307692307692,6.5
1,0.9756503577222593,0.9695273631840796,0.999,5.526315789473684,6.333333333333333
1,0.975749905859927,0.9695273631840796,0.999,5.513513513513514,6.166666666666667
1,0.9760383335682496,0.9695273631840796,0.999,5.5,6.0
1,0.9794743433753066,0.9695273631840796,0.999,4.628571428571429,5.833333333333333
1,0.9797554521171193,0.9809523809523809,0.999,4.588235294117647,5.666666666666667
1,0.9822757503179074,0.99,0.999,3.6363636363636367,5.5
1,0.9828669476364438,0.99,0.999,3.375,5.333333333333333
1,0.9848800823460422,0.99,0.999,2.32258064516129,5.166666666666667
1,0.9176052455803619,0.887459807073955,0.971541685561839,4.53781512605042,19.833333333333332
1,0.9125776340759564,0.887459807073955,0.9658994547378158,4.576271186440678,19.666666666666668
1,0.92474644430047,0.887459807073955,0.9772854305846965,4.410256410256411,19.5
1,0.9317722985641379,0.887459807073955,0.9819251999228692,4.241379310344827,19.333333333333332
1,0.9295982073329869,0.887459807073955,0.9829190989634619,4.278260869565218,19.166666666666668
1,0.9280295856982068,0.887459807073955,0.9838836824426606,4.315789473684211,19.0
1,0.9276660479782647,0.887459807073955,0.9848172602848276,4.353982300884956,18.833333333333332
1,0.9283420838335242,0.887459807073955,0.9867077146557527,4.339285714285714,18.666666666666668
1,0.9306668496555517,0.887459807073955,0.9895568536146578,4.27027027027027,18.5
1,0.9377159154289147,0.9259259259259259,0.9941220491010601,4.090909090909091,18.333333333333332
1,0.9599317756394472,0.9378531073446328,0.999,3.7981651376146788,18.166666666666668
1,0.9591706851970989,0.9378531073446328,0.999,3.833333333333333,18.0
1,0.9593399546392977,0.9378531073446328,0.999,3.8130841121495322,17.833333333333332
1,0.9614711374547737,0.9378531073446328,0.999,3.6226415094339623,17.666666666666668
1,0.9606986907017426,0.9378531073446328,0.999,3.6571428571428575,17.5
1,0.9631679938274351,0.9378531073446328,0.999,3.4615384615384612,17.333333333333332
1,0.9654196349964501,0.9378531073446328,0.999,3.262135922330097,17.166666666666668
1,0.969221313831042,0.9378531073446328,0.999,3.0588235294117645,17.0
1,0.9699801616684487,0.9378531073446328,0.999,2.9702970297029703,16.833333333333332
1,0.9701483795580123,0.9378531073446328,0.999,2.94,16.666666666666668
1,0.9728103655055491,0.9378531073446328,0.999,2.6060606060606064,16.5
1,0.9733877561978452,0.9378531073446328,0.999,2.63265306122449,16.333333333333332
1,0.973530871835004,0.9378531073446328,0.999,2.6597938144329896,16.166666666666668
1,0.9741949145399247,0.9378531073446328,0.999,2.4375,16.0
1,0.9743357270804481,0.9378531073446328,0.999,2.4000000000000004,15.833333333333334
1,0.9755084723448089,0.9378531073446328,0.999,2.234042553191489,15.666666666666666
1,0.9756417456273127,0.9378531073446328,0.999,2.258064516129032,15.5
1,0.9768390816928735,0.9378531073446328,0.999,2.152173913043478,15.333333333333334
1,0.9775294756658088,0.9492478915024565,0.999,2.1758241758241756,15.166666666666666
1,0.9788836788585904,0.9831168462070082,0.999,1.9333333333333336,15.0
1,0.9676289286481204,0.9378531073446328,0.999,1.955056179775281,14.833333333333334
1,0.9478234012066862,0.9259259259259259,0.999,1.977272727272727,14.666666666666666
1,0.9487527867339883,0.9259259259259259,0.999,1.9310344827586206,14.5
1,0.9512395923012384,0.9259259259259259,0.999,1.8837209302325582,14.333333333333334
1,0.9528273652183865,0.9378531073446328,0.999,1.835294117647059,14.166666666666666
1,0.9564159793404154,0.9378531073446328,0.999,1.5714285714285716,14.0
1,0.9513285085094075,0.9259259259259259,0.999,1.3012048192771084,13.833333333333334
1,0.952326722583017,0.9550381372942593,0.999,1.2289156626506024,13.833333333333334
1,0.954636450960813,0.9550381372942593,0.999,0.9512195121951219,13.666666666666666
1,0.9572629501739964,0.9550381372942593,0.999,0.8148148148148148,13.5
1,0.959027568602211,0.9657534246575342,0.999,0.8250000000000001,13.333333333333334
1,0.9617286577386455,0.9695273631840796,0.999,0.8354430379746836,13.166666666666666
1,0.9644068600171861,0.9695273631840796,0.999,0.8461538461538461,13.0
1,0.965699527647403,0.9695273631840796,0.999,0.7792207792207791,12.833333333333334
1,0.9644144113243863,0.9695273631840796,0.999,0.47368421052631576,12.666666666666666
1,0.8378197225288166,0.8441660140955364,0.9578758529828939,5.092436974789916,19.833333333333332
1,0.8224893442529646,0.8384458077709611,0.959694933608863,5.084745762711864,19.666666666666668
1,0.8183422570691712,0.8384458077709611,0.9615174849762635,5.076923076923077,19.5
1,0.8117767980628733,0.8307692307692308,0.9618173939662318,5.120689655172414,19.333333333333332
1,0.8184931945946765,0.8384458077709611,0.9651732399458346,5.060869565217391,19.166666666666668
1,0.8319669164334401,0.8441660140955364,0.9713330512692611,4.894736842105263,19.0
1,0.8316371480910205,0.8441660140955364,0.9731901345406113,4.88495575221239,18.833333333333332
1,0.8544095493809551,0.8441660140955364,0.9789862336520329,4.714285714285714,18.666666666666668
1,0.8516233421170194,0.8441660140955364,0.9795944567759525,4.756756756756757,18.5
1,0.8468760430132325,0.8441660140955364,0.9801522233525256,4.800000000000001,18.333333333333332
1,0.8488049939601018,0.8441660140955364,0.9820297944486579,4.7889908256880735,18.166666666666668
1,0.8469239570398597,0.8441660140955364,0.9825327575145297,4.833333333333334,18.0
1,0.8498562269628158,0.8441660140955364,0.9844131405283637,4.822429906542056,17.833333333333332
1,0.8483950390152158,0.8441660140955364,0.9848569892940916,4.867924528301887,17.666666666666668
1,0.8633174011553575,0.8441660140955364,0.9895798639565664,4.742857142857143,17.5
1,0.859912851543395,0.8441660140955364,0.9900791196982568,4.788461538461538,17.333333333333332
1,0.8588438084365777,0.8441660140955364,0.9905187505639063,4.834951456310679,17.166666666666668
1,0.8840277473529418,0.8479657387580299,0.9966408644191618,4.647058823529412,17.0
1,0.8867951260944176,0.8479657387580299,0.9985553876987181,4.633663366336634,16.833333333333332
1,0.9094349916457631,0.887459807073955,0.999,4.68,16.666666666666668
1,0.916755850839656,0.887459807073955,0.999,4.484848484848485,16.5
1,0.915713765636134,0.887459807073955,0.999,4.530612244897959,16.333333333333332
1,0.9158287080524015,0.887459807073955,0.999,4.577319587628866,16.166666666666668
1,0.9164709732420542,0.887459807073955,0.999,4.625,16.0
1,0.9160508674417306,0.887459807073955,0.999,4.673684210526316,15.833333333333334
1,0.9237362677722261,0.887459807073955,0.999,4.468085106382978,15.666666666666666
1,0.931679046899011,0.887459807073955,0.999,4.258064516129032,15.5
1,0.9322269263863545,0.887459807073955,0.999,4.239130434782609,15.333333333333334
1,0.9318448517414677,0.887459807073955,0.999,4.285714285714286,15.166666666666666
1,0.9371376194791019,0.92,0.999,4.066666666666666,15.0
1,0.9378672759184987,0.9259259259259259,0.999,4.044943820224719,14.833333333333334
1,0.9410207079323485,0.9259259259259259,0.999,3.8863636363636362,14.666666666666666
1,0.945923768700035,0.9259259259259259,0.999,3.6551724137931036,14.5
1,0.950207169366403,0.9259259259259259,0.999,3.4186046511627906,14.333333333333334
1,0.9494476547398694,0.9259259259259259,0.999,3.4588235294117644,14.166666666666666
1,0.9544687972073367,0.9378531073446328,0.999,3.2142857142857144,14.0
1,0.9565687670098527,0.9550381372942593,0.999,3.108433734939759,13.833333333333334
1,0.9570099721103744,0.9550381372942593,0.999,3.073170731707317,13.666666666666666
1,0.9575499476162221,0.9550381372942593,0.999,3.1111111111111107,13.5
1,0.9587642601465624,0.9550561797752809,0.999,3.0,13.333333333333334
1,0.959081797130808,0.9657534246575342,0.999,2.9620253164556964,13.166666666666666
1,0.9595051890023913,0.9657534246575342,0.999,2.923076923076923,13.0
1,0.9590870796851283,0.9657534246575342,0.999,2.961038961038961,12.833333333333334
1,0.960486812682416,0.9695273631840796,0.999,2.9210526315789473,12.666666666666666
1,0.9618241249358712,0.9695273631840796,0.999,2.88,12.5
1,0.9621246786232588,0.9695273631840796,0.999,2.8378378378378377,12.333333333333334
1,0.9617204678170428,0.9695273631840796,0.999,2.8767123287671232,12.166666666666666
1,0.9628501423370134,0.9695273631840796,0.999,2.833333333333333,12.0
1,0.9634789977439482,0.9695273631840796,0.999,2.788732394366197,11.833333333333334
1,0.964368418898039,0.9695273631840796,0.999,2.742857142857143,11.666666666666666
1,0.9675756668436397,0.9695273631840796,0.999,2.4347826086956523,11.5
1,0.9679275956790112,0.9695273631840796,0.999,2.4705882352941178,11.333333333333334
1,0.9706078238636007,0.9695273631840796,0.999,2.1492537313432836,11.166666666666666
1,0.9714943177745043,0.9695273631840796,0.999,2.090909090909091,11.0
1,0.9747640541738263,0.9695273631840796,0.999,1.5692307692307694,10.833333333333334
1,0.9750921164647014,0.9695273631840796,0.999,1.5,10.666666666666666
1,0.9750301483699367,0.9695273631840796,0.999,1.5238095238095237,10.5
1,0.9594188313473389,0.9657534246575342,0.999,1.5483870967741935,10.333333333333334
1,0.9593807380595478,0.9657534246575342,0.999,1.5737704918032787,10.166666666666666
1,0.9599249594997119,0.9657534246575342,0.999,1.5,10.0
1,0.9604250042802807,0.9695273631840796,0.999,1.423728813559322,9.833333333333334
1,0.9626957046456419,0.9695273631840796,0.999,1.1186440677966103,9.833333333333334
1,0.9652396917573836,0.9695273631840796,0.999,0.7241379310344828,9.666666666666666
1,0.9651769642693437,0.9695273631840796,0.999,0.7368421052631579,9.5
1,0.9655454764636923,0.9695273631840796,0.999,0.6428571428571428,9.333333333333334
1,0.9680432983043349,0.9695273631840796,0.999,0.21818181818181817,9.166666666666666
1,0.9682222453993368,0.9695273631840796,0.999,0.2222222222222222,9.0
1,0.968936227045124,0.9695273631840796,0.999,0.11320754716981132,8.833333333333334
1,0.9693488361617082,0.9695273631840796,0.999,0.11538461538461539,8.666666666666666
1,0.9436459675401003,0.9550381372942593,0.9843491898346866,5.925925925925926,13.5
1,0.8754754321637659,0.8459214501510574,0.9606506089605282,5.9375,16.0
1,0.8766773961733025,0.8459214501510574,0.9622239150218441,5.936842105263158,15.833333333333334
1,0.8857534589616072,0.8479657387580299,0.9731039030155291,5.74468085106383,15.666666666666666
1,0.8940001739547871,0.887459807073955,0.9831546217271514,5.548387096774193,15.5
1,0.8927371379999641,0.8479657387580299,0.9822161133015354,5.608695652173913,15.333333333333334
1,0.8968510443766096,0.887459807073955,0.9866949953582784,5.538461538461538,15.166666666666666
1,0.9408635295240537,0.9259259259259259,0.999,5.2,15.0
1,0.9482433067344073,0.9259259259259259,0.999,4.853932584269662,14.833333333333334
1,0.9538506634177932,0.9378531073446328,0.999,4.5,14.666666666666666
1,0.9251496736592677,0.887459807073955,0.999,4.551724137931034,14.5
1,0.9256340965857566,0.887459807073955,0.999,4.604651162790698,14.333333333333334
1,0.9265984550378416,0.887459807073955,0.999,4.658823529411765,14.166666666666666
1,0.9285137087679238,0.887459807073955,0.999,4.642857142857143,14.0
1,0.9293025167462423,0.887459807073955,0.999,4.626506024096386,13.833333333333334
1,0.9326618093553468,0.9550381372942593,0.999,4.554216867469879,13.833333333333334
1,0.9362859377475043,0.9550381372942593,0.999,4.390243902439025,13.666666666666666
1,0.9384014592863771,0.9550381372942593,0.999,4.37037037037037,13.5
1,0.9386830737911953,0.9550381372942593,0.999,4.425000000000001,13.333333333333334
1,0.9411315511837733,0.9550381372942593,0.999,4.329113924050633,13.166666666666666
1,0.9409979939019579,0.9550381372942593,0.999,4.384615384615384,13.0
1,0.945377038992141,0.9550381372942593,0.999,4.12987012987013,12.833333333333334
1,0.9488040031024854,0.9550381372942593,0.999,4.026315789473684,12.666666666666666
1,0.9485302771238504,0.9550381372942593,0.999,4.08,12.5
1,0.9492626802120161,0.9550381372942593,0.999,4.054054054054054,12.333333333333334
1,0.9509495415129318,0.9550381372942593,0.999,4.027397260273973,12.166666666666666
1,0.9527868439464244,0.9550381372942593,0.999,4.0,12.0
1,0.9536834861901509,0.9550381372942593,0.999,4.056338028169014,11.833333333333334
1,0.9565912152940589,0.9550381372942593,0.999,3.7714285714285714,11.666666666666666
1,0.9565783886902511,0.9550381372942593,0.999,3.7391304347826084,11.5
1,0.9591065530938847,0.9657534246575342,0.999,3.441176470588235,11.333333333333334
1,0.95972304314982,0.9657534246575342,0.999,3.4029850746268657,11.166666666666666
1,0.9601833216463602,0.9657534246575342,0.999,3.3636363636363633,11.0
1,0.9611381804214463,0.9695273631840796,0.999,3.230769230769231,10.833333333333334
1,0.9642804781976142,0.9695273631840796,0.999,2.90625,10.666666666666666
1,0.9649233332743243,0.9695273631840796,0.999,2.8571428571428568,10.5
1,0.9670700889053541,0.9695273631840796,0.999,2.5161290322580645,10.333333333333334
1,0.970036012777485,0.9695273631840796,0.999,1.9672131147540983,10.166666666666666
1,0.9699590051933424,0.9695273631840796,0.999,2.0,10.0
1,0.9728612243220619,0.9695273631840796,0.999,1.423728813559322,9.833333333333334
1,0.9734179968473768,0.9695273631840796,0.999,1.3448275862068966,9.666666666666666
1,0.9731902223406728,0.9695273631840796,0.999,1.3684210526315788,9.5
1,0.9735952561370609,0.9695273631840796,0.999,1.2857142857142856,9.333333333333334
1,0.9740697245503624,0.9695273631840796,0.999,0.8727272727272727,9.166666666666666
1,0.9745054326837524,0.9695273631840796,0.999,0.7777777777777777,9.0
1,0.974891943748028,0.9695273631840796,0.999,0.5660377358490567,8.833333333333334
1,0.9758351819599116,0.9695273631840796,0.999,0.46153846153846156,8.666666666666666
1,0.9761772687458314,0.9695273631840796,0.999,0.3529411764705882,8.5
1,0.9764835181374607,0.9695273631840796,0.999,0.36,8.333333333333334
1,0.9764947505422434,0.9695273631840796,0.999,0.36734693877551017,8.166666666666666
1,0.9773512995478475,0.9695273631840796,0.999,0.125,8.0
1,0.9775844880609985,0.9695273631840796,0.999,0.1276595744680851,7.833333333333333
1,0.9701075341328816,0.9695273631840796,0.999,0.13043478260869565,7.666666666666667
1,0.9725551531056926,0.9695273631840796,0.999,5.815384615384615,10.833333333333334
1,0.9728351829531732,0.9695273631840796,0.999,5.8125,10.666666666666666
1,0.973662259256309,0.9695273631840796,0.999,5.7142857142857135,10.5
1,0.9586031743730359,0.9550561797752809,0.999,5.806451612903226,10.333333333333334
1,0.9594918774265495,0.9657534246575342,0.999,5.80327868852459,10.166666666666666
1,0.9589043695748336,0.9657534246575342,0.999,5.8999999999999995,10.0
1,0.9592096637509797,0.9657534246575342,0.999,5.898305084745763,9.833333333333334
1,0.8162182943803136,0.8384458077709611,0.9302915489120962,5.798319327731092,19.833333333333332
1,0.8150830179027084,0.8384458077709611,0.9280276600787433,5.847457627118644,19.666666666666668
1,0.8390032886922998,0.8441660140955364,0.9396276696688975,5.692307692307692,19.5
1,0.8387149489189247,0.8441660140955364,0.9412995064546146,5.689655172413794,19.333333333333332
1,0.8396447010151824,0.8441660140955364,0.9429735094689453,5.6869565217391305,19.166666666666668
1,0.8401572965099219,0.8441660140955364,0.9446497300330415,5.684210526315789,19.0
1,0.8368962927550626,0.8441660140955364,0.9381729785167829,5.734513274336283,18.833333333333332
1,0.8379847728686323,0.8441660140955364,0.939050924213049,5.732142857142858,18.666666666666668
1,0.8609354513155312,0.8441660140955364,0.954166794072062,5.5675675675675675,18.5
1,0.8591883602680074,0.8441660140955364,0.953672177107281,5.618181818181818,18.333333333333332
1,0.867105203691062,0.8441660140955364,0.9618717735207091,5.4495412844036695,18.166666666666668
1,0.8656131937661562,0.8441660140955364,0.9615293405831539,5.5,18.0
1,0.8664414526675316,0.8441660140955364,0.9632807956715204,5.4953271028037385,17.833333333333332
1,0.8720179240361348,0.8459214501510574,0.9650357096768836,5.490566037735849,17.666666666666668
1,0.8800285146633048,0.8479657387580299,0.9710336286038144,5.371428571428572,17.5
1,0.8789631787797967,0.8479657387580299,0.970730945987717,5.423076923076923,17.333333333333332
1,0.877939078770683,0.8479657387580299,0.9703220388559919,5.475728155339806,17.166666666666668
1,0.89568792390554,0.887459807073955,0.9784842765531684,5.294117647058823,17.0
1,0.8963760029288558,0.887459807073955,0.9803068673685329,5.287128712871287,16.833333333333332
1,0.8955230483174155,0.887459807073955,0.9800510105082347,5.34,16.666666666666668
1,0.8990350350665172,0.887459807073955,0.9839655945246549,5.2727272727272725,16.5
1,0.9075691304354988,0.887459807073955,0.9916723744461285,5.081632653061225,16.333333333333332
1,0.9245046622562387,0.887459807073955,0.9987989003173356,4.88659793814433,16.166666666666668
1,0.9439678706824154,0.9259259259259259,0.999,4.9375,16.0
1,0.9199112070871187,0.887459807073955,0.999,4.989473684210527,15.833333333333334
1,0.920372407354215,0.887459807073955,0.999,4.989473684210527,15.833333333333334
1,0.9239741467168413,0.887459807073955,0.999,4.914893617021277,15.666666666666666
1,0.9228899071216847,0.887459807073955,0.999,4.967741935483871,15.5
1,0.9236804273543218,0.887459807073955,0.999,5.021739130434783,15.333333333333334
1,0.9232449297326215,0.887459807073955,0.999,5.076923076923077,15.166666666666666
1,0.9231818139664156,0.887459807073955,0.999,5.133333333333333,15.0
1,0.9225866606733514,0.887459807073955,0.999,5.191011235955056,14.833333333333334
1,0.9234305162887078,0.887459807073955,0.999,5.25,14.666666666666666
1,0.927255778723957,0.887459807073955,0.999,5.1034482758620685,14.5
1,0.927836579534685,0.887459807073955,0.999,5.093023255813954,14.333333333333334
1,0.9299013714442755,0.887459807073955,0.999,5.08235294117647,14.166666666666666
1,0.936769495669044,0.92,0.999,4.857142857142858,14.0
1,0.9380001413192856,0.9550381372942593,0.999,4.843373493975903,13.833333333333334
1,0.9382975050911846,0.9550381372942593,0.999,4.902439024390244,13.666666666666666
1,0.939825657914168,0.9550381372942593,0.999,4.888888888888888,13.5
1,0.9427036117967137,0.9550381372942593,0.999,4.800000000000001,13.333333333333334
1,0.9417958721447618,0.9550381372942593,0.999,4.860759493670886,13.166666666666666
1,0.942142849107781,0.9550381372942593,0.999,4.846153846153847,13.0
1,0.9429224356569741,0.9550381372942593,0.999,4.8311688311688314,12.833333333333334
1,0.9439746183920509,0.9550381372942593,0.999,4.815789473684211,12.666666666666666
1,0.9448543572690071,0.9550381372942593,0.999,4.800000000000001,12.5
1,0.945297430976451,0.9550381372942593,0.999,4.783783783783783,12.333333333333334
1,0.9465827455217699,0.9550381372942593,0.999,4.684931506849315,12.166666666666666
1,0.9470800691249589,0.9550381372942593,0.999,4.666666666666667,12.0
1,0.9475906031480426,0.9550381372942593,0.999,4.647887323943662,11.833333333333334
1,0.9471408337349405,0.9550381372942593,0.999,4.714285714285714,11.666666666666666
1,0.9512817557945776,0.9550381372942593,0.999,4.434782608695652,11.5
1,0.9512171406675332,0.9550381372942593,0.999,4.5,11.333333333333334
1,0.9510753748140295,0.9550381372942593,0.999,4.567164179104477,11.166666666666666
1,0.952404192688782,0.9550381372942593,0.999,4.545454545454545,11.0
1,0.95377764143765,0.9550381372942593,0.999,4.430769230769231,10.833333333333334
1,0.9574619715298633,0.9550381372942593,0.999,4.125,10.666666666666666
1,0.9583206195941496,0.9550561797752809,0.999,4.095238095238095,10.5
1,0.9604609817016322,0.9695273631840796,0.999,4.064516129032258,10.333333333333334
1,0.9609165294805038,0.9695273631840796,0.999,4.032786885245901,10.166666666666666
1,0.9608747113598897,0.9695273631840796,0.999,4.1,10.0
1,0.9613424456064317,0.9695273631840796,0.999,4.067796610169491,9.833333333333334
1,0.9618780440636311,0.9695273631840796,0.999,4.0344827586206895,9.666666666666666
1,0.9622741850337813,0.9695273631840796,0.999,4.0,9.5
1,0.9626997119349694,0.9695273631840796,0.999,3.9642857142857144,9.333333333333334
1,0.9628958688126837,0.9695273631840796,0.999,4.036363636363636,9.166666666666666
1,0.9636441706916025,0.9695273631840796,0.999,4.0,9.0
1,0.9642941785642822,0.9695273631840796,0.999,3.962264150943396,8.833333333333334
1,0.9648897159063208,0.9695273631840796,0.999,3.849056603773585,8.833333333333334
1,0.9679725783057357,0.9695273631840796,0.999,3.4615384615384612,8.666666666666666
1,0.9682725695215348,0.9695273631840796,0.999,3.411764705882353,8.5
1,0.9703474155427048,0.9695273631840796,0.999,3.0,8.333333333333334
1,0.9727277995096162,0.9695273631840796,0.999,2.571428571428571,8.166666666666666
1,0.9629998305024661,0.9695273631840796,0.999,2.625,8.0
1,0.9643764605441703,0.9695273631840796,0.999,2.5531914893617023,7.833333333333333
1,0.9650509795694799,0.9695273631840796,0.999,2.4782608695652173,7.666666666666667
1,0.9685626861034988,0.9695273631840796,0.999,1.7333333333333332,7.5
1,0.9694658257976478,0.9695273631840796,0.999,1.6363636363636362,7.333333333333333
1,0.9700095981589958,0.9695273631840796,0.999,1.5348837209302326,7.166666666666667
1,0.9702590719166763,0.9695273631840796,0.999,1.5714285714285716,7.0
1,0.9703330804552485,0.9695273631840796,0.999,1.6097560975609757,6.833333333333333
1,0.9716888395628174,0.9695273631840796,0.999,1.35,6.666666666666667
1,0.9749938930696533,0.9695273631840796,0.999,0.46153846153846156,6.5
1,0.9757170108297217,0.9695273631840796,0.999,0.15789473684210525,6.333333333333333
1,0.8845802184597817,0.8479657387580299,0.9900516499393082,5.7142857142857135,14.0
1,0.8839632154133888,0.8961748633879781,0.9883880969320158,5.783132530120482,13.833333333333334
1,0.8855304509806134,0.8961748633879781,0.9900661215287989,5.780487804878049,13.666666666666666
1,0.8860342477523895,0.8961748633879781,0.9917474586601124,5.777777777777778,13.5
1,0.8885938050102364,0.8961748633879781,0.9897692819224597,5.85,13.333333333333334
1,0.8888968588832078,0.8961748633879781,0.9875281998875582,5.924050632911393,13.166666666666666
1,0.8894631007497416,0.8961748633879781,0.9891197809054233,5.923076923076923,13.0
1,0.890336217742488,0.8961748633879781,0.9907128161341617,5.922077922077922,12.833333333333334
1,0.9361048744065952,0.9550381372942593,0.999,5.684210526315789,12.666666666666666
1,0.9381370387658358,0.9550381372942593,0.999,5.6,12.5
1,0.9384186753152014,0.9550381372942593,0.999,5.594594594594595,12.333333333333334
1,0.9393630236304571,0.9550381372942593,0.999,5.58904109589041,12.166666666666666
1,0.9490339795943546,0.9550381372942593,0.999,5.166666666666667,12.0
1,0.9487817994127903,0.9550381372942593,0.999,5.23943661971831,11.833333333333334
1,0.948309289395054,0.9550381372942593,0.999,5.314285714285714,11.666666666666666
1,0.9479417281828049,0.9550381372942593,0.999,5.391304347826087,11.5
1,0.9511805856737092,0.9550381372942593,0.999,5.205882352941177,11.333333333333334
1,0.9537393323246279,0.9550381372942593,0.999,5.104477611940299,11.166666666666666
1,0.9545203888604812,0.9550381372942593,0.999,5.181818181818182,11.0
1,0.9548248418058638,0.9550381372942593,0.999,5.1692307692307695,10.833333333333334
1,0.9555777348444325,0.9550381372942593,0.999,5.15625,10.666666666666666
1,0.9605577378106706,0.9695273631840796,0.999,4.666666666666667,10.5
1,0.9602921387337605,0.9657534246575342,0.999,4.741935483870968,10.333333333333334
1,0.9600574600077593,0.9657534246575342,0.999,4.8196721311475414,10.166666666666666
1,0.9606897301602648,0.9695273631840796,0.999,4.800000000000001,10.0
1,0.9603195627040908,0.9657534246575342,0.999,4.88135593220339,9.833333333333334
1,0.9612234338489345,0.9695273631840796,0.999,4.862068965517241,9.666666666666666
1,0.9606570695011958,0.9695273631840796,0.999,4.947368421052632,9.5
1,0.9621904258261693,0.9695273631840796,0.999,4.821428571428571,9.333333333333334
1,0.9622249209178271,0.9695273631840796,0.999,4.909090909090909,9.166666666666666
1,0.9625576208034946,0.9695273631840796,0.999,5.0,9.0
1,0.9622936030805831,0.9695273631840796,0.999,5.09433962264151,8.833333333333334
1,0.966360645897963,0.9695273631840796,0.999,4.5,8.666666666666666
1,0.9665755218813183,0.9695273631840796,0.999,4.470588235294118,8.5
1,0.9667075774734235,0.9695273631840796,0.999,4.5600000000000005,8.333333333333334
1,0.9671904523185239,0.9695273631840796,0.999,4.530612244897959,8.166666666666666
1,0.9670038197887336,0.9695273631840796,0.999,4.625,8.0
1,0.9675570278084578,0.9695273631840796,0.999,4.595744680851064,7.833333333333333
1,0.9673450301413551,0.9695273631840796,0.999,4.695652173913044,7.666666666666667
1,0.9679969310725174,0.9695273631840796,0.999,4.800000000000001,7.5
1,0.9683749104405726,0.9695273631840796,0.999,4.7727272727272725,7.333333333333333
1,0.968542923042261,0.9695273631840796,0.999,4.7441860465116275,7.166666666666667
1,0.9688996714010353,0.9695273631840796,0.999,4.714285714285714,7.0
1,0.9691489637130278,0.9695273631840796,0.999,4.682926829268293,6.833333333333333
1,0.9729119358205663,0.9695273631840796,0.999,3.8048780487804876,6.833333333333333
1,0.9732292441190097,0.9695273631840796,0.999,3.75,6.666666666666667
1,0.9655646819090185,0.9695273631840796,0.999,3.8461538461538467,6.5
1,0.9681723391829435,0.9695273631840796,0.999,3.3157894736842106,6.333333333333333
1,0.971458049373934,0.9695273631840796,0.999,2.4324324324324325,6.166666666666667
1,0.9746495900859429,0.9695273631840796,0.999,1.5,6.0
1,0.9773498815245614,0.9695273631840796,0.999,0.5142857142857142,5.833333333333333
1,0.977836162715856,0.9695273631840796,0.999,0.3529411764705882,5.666666666666667
1,0.9565911628348844,0.9550381372942593,0.999,5.88235294117647,8.5
1,0.9574666450892735,0.9550381372942593,0.999,5.88,8.333333333333334
1,0.9579711679014558,0.9550381372942593,0.999,5.877551020408163,8.166666666666666
1,0.9585854019340707,0.9550561797752809,0.999,5.875,8.0
1,0.9590902473622149,0.9657534246575342,0.999,5.872340425531915,7.833333333333333
1,0.9653890235625066,0.9695273631840796,0.999,5.217391304347826,7.666666666666667
1,0.9689930026326465,0.9695273631840796,0.999,4.533333333333333,7.5
1,0.9692392189611847,0.9695273631840796,0.999,4.636363636363637,7.333333333333333
1,0.9719730413336146,0.9695273631840796,0.999,4.186046511627907,7.166666666666667
1,0.9724657189287926,0.9695273631840796,0.999,4.142857142857142,7.0
1,0.9755538998530068,0.9695273631840796,0.999,3.6585365853658534,6.833333333333333
1,0.9776854693394773,0.9695273631840796,0.999,2.8499999999999996,6.666666666666667
1,0.9789531129282093,0.9695273631840796,0.999,2.6153846153846154,6.5
1,0.9792222903286443,0.9695273631840796,0.999,2.526315789473684,6.333333333333333
1,0.9796234691648881,0.9809523809523809,0.999,2.5945945945945947,6.166666666666667
1,0.9802376278923745,0.9809523809523809,0.999,2.6666666666666665,6.0
1,0.9802355966983503,0.9809523809523809,0.999,2.742857142857143,5.833333333333333
1,0.9803147425744709,0.9809523809523809,0.999,2.8235294117647056,5.666666666666667
1,0.9826052931799166,0.99,0.999,1.8181818181818183,5.5
1,0.982934542846768,0.99,0.999,1.6875,5.333333333333333
1,0.9832886671015936,0.99,0.999,1.5483870967741935,5.166666666666667
1,0.9624714212057719,0.9695273631840796,0.999,5.755102040816326,8.166666666666666
1,0.9627779477769294,0.9695273631840796,0.999,5.75,8.0
1,0.9652973584200022,0.9695273631840796,0.999,5.617021276595745,7.833333333333333
1,0.9660100252905399,0.9695273631840796,0.999,5.48936170212766,7.833333333333333
1,0.9671281902675508,0.9695273631840796,0.999,5.478260869565217,7.666666666666667
1,0.9673734888894914,0.9695273631840796,0.999,5.6,7.5
1,0.9679317921754766,0.9695273631840796,0.999,5.590909090909091,7.333333333333333
1,0.9682255358531262,0.9695273631840796,0.999,5.5813953488372094,7.166666666666667
1,0.9687308055658104,0.9695273631840796,0.999,5.571428571428571,7.0
1,0.9684086506778271,0.9695273631840796,0.999,5.7073170731707314,6.833333333333333
1,0.9688478492953029,0.9695273631840796,0.999,5.699999999999999,6.666666666666667
1,0.9695734670873527,0.9695273631840796,0.999,5.692307692307692,6.5
1,0.969063513364934,0.9695273631840796,0.999,5.842105263157895,6.333333333333333
1,0.9695087811904647,0.9695273631840796,0.999,5.837837837837839,6.166666666666667
1,0.9701455399348147,0.9695273631840796,0.999,5.833333333333333,6.0
1,0.9764509998871505,0.9695273631840796,0.999,5.225806451612903,5.166666666666667
1,0.856379707272606,0.8441660140955364,0.9779290848232441,4.084033613445378,19.833333333333332
1,0.6474388977337273,0.6070528967254408,0.7037280488893558,4.11864406779661,19.666666666666668
1,0.6469892036673975,0.6070528967254408,0.7033315011699811,4.153846153846153,19.5
1,0.6465246647313172,0.6070528967254408,0.7029184405066954,4.189655172413794,19.333333333333332
1,0.6512284163909757,0.6070528967254408,0.7024879516710291,4.22608695652174,19.166666666666668
1,0.6542447070637711,0.6070528967254408,0.7020390570265764,4.2631578947368425,19.0
1,0.7902264689193281,0.7877480586712684,0.8751278306750632,4.1415929203539825,18.833333333333332
1,0.7718037609402022,0.7877480586712684,0.8493052330080708,4.178571428571429,18.666666666666668
1,0.8084444488536129,0.810126582278481,0.8776045913316541,4.162162162162162,18.5
1,0.8304417000028338,0.8441660140955364,0.9346051028171737,4.090909090909091,18.333333333333332
1,0.8416385156667539,0.8441660140955364,0.9527198433579773,4.0733944954128445,18.166666666666668
1,0.8962220370673308,0.887459807073955,0.999,3.888888888888889,18.0
1,0.897059000630025,0.887459807073955,0.999,3.8691588785046727,17.833333333333332
1,0.8992200776809187,0.887459807073955,0.999,3.8691588785046727,17.833333333333332
1,0.8989931880688633,0.887459807073955,0.999,3.9056603773584904,17.666666666666668
1,0.9001276594615584,0.887459807073955,0.999,3.885714285714286,17.5
1,0.8995428420677654,0.887459807073955,0.999,3.9230769230769234,17.333333333333332
1,0.8989983938819492,0.887459807073955,0.999,3.9611650485436893,17.166666666666668
1,0.9008580879407075,0.887459807073955,0.999,3.9411764705882355,17.0
1,0.9018208109669529,0.887459807073955,0.999,3.9207920792079207,16.833333333333332
1,0.8696413369254564,0.8459214501510574,0.999,3.96,16.666666666666668
1,0.8696408685589867,0.8459214501510574,0.999,4.0,16.5
1,0.8220461816294486,0.8384458077709611,0.983020742980845,4.040816326530612,16.333333333333332
1,0.8034359882726098,0.8038740920096852,0.9490805403530467,4.082474226804123,16.166666666666668
1,0.8168834272302685,0.8384458077709611,0.9672462771555966,4.0625,16.0
1,0.7983410851859585,0.8038740920096852,0.9307966494041733,4.105263157894737,15.833333333333334
1,0.826242411065587,0.8384458077709611,0.9823762341051214,4.042105263157895,15.833333333333334
1,0.8036881327862255,0.8038740920096852,0.9483980764532374,4.085106382978723,15.666666666666666
1,0.8160814934135088,0.8384458077709611,0.966095941663551,4.064516129032258,15.5
1,0.8226036551937181,0.8384458077709611,0.9816901392401373,4.043478260869565,15.333333333333334
1,0.8930608690318209,0.8479657387580299,0.9465222810428231,5.394957983193278,19.833333333333332
1,0.9140198079887933,0.887459807073955,0.9516328350951148,5.338983050847458,19.666666666666668
1,0.9024554056594174,0.887459807073955,0.9421531248639182,5.384615384615385,19.5
1,0.9004648692195529,0.887459807073955,0.9389279615022667,5.431034482758621,19.333333333333332
1,0.9015732807551853,0.887459807073955,0.9375301067957719,5.426086956521739,19.166666666666668
1,0.9057586287928302,0.887459807073955,0.9409526485062476,5.368421052631579,19.0
1,0.9124079622498203,0.887459807073955,0.9431142710769677,5.3628318584070795,18.833333333333332
1,0.9043727921697002,0.887459807073955,0.9333484220123744,5.410714285714286,18.666666666666668
1,0.9147077325808839,0.887459807073955,0.9475676684581115,5.351351351351351,18.5
1,0.905942834150429,0.887459807073955,0.9305709588596142,5.4,18.333333333333332
1,0.8732079864590594,0.8459214501510574,0.8841259205345018,5.4495412844036695,18.166666666666668
1,0.8664421937835687,0.8441660140955364,0.8650336153160745,5.5,18.0
1,0.8609574757645073,0.8441660140955364,0.8462638471875271,5.5514018691588785,17.833333333333332
1,0.858399407895803,0.8441660140955364,0.8283027517162451,5.60377358490566,17.666666666666668
1,0.8820486869606823,0.8479657387580299,0.8967840314653303,5.428571428571429,17.5
1,0.9082501287233093,0.887459807073955,0.9768033615337369,5.25,17.333333333333332
1,0.9091911050640363,0.887459807073955,0.9786307309316706,5.242718446601941,17.166666666666668
1,0.9119402314913163,0.887459807073955,0.9804624847713608,5.235294117647059,17.0
1,0.9131290557012383,0.887459807073955,0.9822987182366545,5.227722772277228,16.833333333333332
1,0.9147400741133682,0.887459807073955,0.9841395291227628,5.22,16.666666666666668
1,0.9218236790217487,0.887459807073955,0.9915969861606418,5.03030303030303,16.5
1,0.9254400653915597,0.887459807073955,0.9934813310208602,5.020408163265307,16.333333333333332
1,0.9308213909235908,0.887459807073955,0.9987989003173356,4.88659793814433,16.166666666666668
1,0.9410784491670845,0.9259259259259259,0.999,4.9375,16.0
1,0.9409686659738743,0.9259259259259259,0.999,4.989473684210527,15.833333333333334
1,0.9421764779611911,0.9259259259259259,0.999,4.926315789473684,15.833333333333334
1,0.9462767114786542,0.9259259259259259,0.999,4.723404255319149,15.666666666666666
1,0.9458566343799579,0.9259259259259259,0.999,4.774193548387096,15.5
1,0.9464236113335311,0.9259259259259259,0.999,4.760869565217391,15.333333333333334
1,0.9462783069275171,0.9259259259259259,0.999,4.813186813186814,15.166666666666666
1,0.9459836278976086,0.9259259259259259,0.999,4.866666666666667,15.0
1,0.9468334739900633,0.9259259259259259,0.999,4.853932584269662,14.833333333333334
1,0.948555253023564,0.9259259259259259,0.999,4.840909090909091,14.666666666666666
1,0.9500335471099943,0.9259259259259259,0.999,4.827586206896552,14.5
1,0.9557354489935541,0.9378531073446328,0.999,4.465116279069767,14.333333333333334
1,0.9564633731881245,0.9378531073446328,0.999,4.447058823529412,14.166666666666666
1,0.9572840954239584,0.9378531073446328,0.999,4.428571428571429,14.0
1,0.960237220987626,0.9378531073446328,0.999,4.19277108433735,13.833333333333334
1,0.9620962736952142,0.9695273631840796,0.999,4.120481927710843,13.833333333333334
1,0.9632592716571481,0.9695273631840796,0.999,4.024390243902439,13.666666666666666
1,0.9635525724419535,0.9695273631840796,0.999,4.074074074074074,13.5
1,0.9638679588464723,0.9695273631840796,0.999,4.050000000000001,13.333333333333334
1,0.9641588960931147,0.9695273631840796,0.999,4.025316455696203,13.166666666666666
1,0.9640855026103984,0.9695273631840796,0.999,4.076923076923077,13.0
1,0.9645985888635653,0.9695273631840796,0.999,4.12987012987013,12.833333333333334
1,0.9649743126540156,0.9695273631840796,0.999,4.105263157894737,12.666666666666666
1,0.9674058234620379,0.9695273631840796,0.999,3.84,12.5
1,0.9677305405998544,0.9695273631840796,0.999,3.8108108108108105,12.333333333333334
1,0.9675118760555104,0.9695273631840796,0.999,3.8630136986301373,12.166666666666666
1,0.9710353604303459,0.9695273631840796,0.999,3.4166666666666665,12.0
1,0.9715108082786491,0.9695273631840796,0.999,3.380281690140845,11.833333333333334
1,0.9715123872751712,0.9695273631840796,0.999,3.4285714285714284,11.666666666666666
1,0.9725362000284927,0.9695273631840796,0.999,3.391304347826087,11.5
1,0.9730662164623352,0.9695273631840796,0.999,3.3529411764705883,11.333333333333334
1,0.9734737499611275,0.9695273631840796,0.999,3.3134328358208958,11.166666666666666
1,0.9742843907974159,0.9695273631840796,0.999,3.2727272727272725,11.0
1,0.9762854598498605,0.9695273631840796,0.999,2.953846153846154,10.833333333333334
1,0.9779535673232049,0.9695273631840796,0.999,2.625,10.666666666666666
1,0.9793386399407134,0.9695273631840796,0.999,2.2857142857142856,10.5
1,0.9796998517934397,0.9809523809523809,0.999,2.225806451612903,10.333333333333334
1,0.9796771316784207,0.9809523809523809,0.999,2.262295081967213,10.166666666666666
1,0.971367690976661,0.9695273631840796,0.999,2.3000000000000003,10.0
1,0.9717626956404606,0.9695273631840796,0.999,2.2372881355932206,9.833333333333334
1,0.9722649347831602,0.9695273631840796,0.999,2.1724137931034484,9.666666666666666
1,0.9733003303552981,0.9695273631840796,0.999,2.2105263157894735,9.5
1,0.9733368649210623,0.9695273631840796,0.999,2.25,9.333333333333334
1,0.9738776420613822,0.9695273631840796,0.999,2.1818181818181817,9.166666666666666
1,0.9752495621799391,0.9695273631840796,0.999,2.111111111111111,9.0
1,0.9753083851814792,0.9695273631840796,0.999,2.150943396226415,8.833333333333334
1,0.9751512743133793,0.9695273631840796,0.999,2.192307692307692,8.666666666666666
1,0.9750851678636461,0.9695273631840796,0.999,2.235294117647059,8.5
1,0.9757040111716699,0.9695273631840796,0.999,2.16,8.333333333333334
1,0.9757872813771389,0.9695273631840796,0.999,2.2040816326530615,8.166666666666666
1,0.9769118615529082,0.9695273631840796,0.999,2.125,8.0
1,0.9777796056356503,0.9695273631840796,0.999,2.0425531914893615,7.833333333333333
1,0.9786738050657359,0.9695273631840796,0.999,1.9565217391304348,7.666666666666667
1,0.9798755911029046,0.9809523809523809,0.999,1.7333333333333332,7.5
1,0.9799598862800798,0.9809523809523809,0.999,1.772727272727273,7.333333333333333
1,0.9799518155769666,0.9809523809523809,0.999,1.813953488372093,7.166666666666667
1,0.9816348327050463,0.9836065573770492,0.999,1.2857142857142856,7.0
1,0.9820262689793747,0.9836065573770492,0.999,1.1707317073170733,6.833333333333333
1,0.9824498160942644,0.99,0.999,1.0499999999999998,6.666666666666667
1,0.9828387188966015,0.99,0.999,0.9230769230769231,6.5
1,0.9828236280954772,0.99,0.999,0.9473684210526315,6.333333333333333
1,0.9832471300474455,0.99,0.999,0.8108108108108109,6.166666666666667
1,0.9837378433305237,0.99,0.999,0.6666666666666666,6.0
1,0.9835596811017034,0.99,0.999,0.5142857142857142,5.833333333333333
1,0.9835803191087878,0.99,0.999,0.5142857142857142,5.833333333333333
1,0.9840650668958809,0.99,0.999,0.1764705882352941,5.666666666666667
1,0.8928191845119988,0.8479657387580299,0.9231044310779303,5.949579831932773,19.833333333333332
1,0.8959240027461649,0.887459807073955,0.9200485739584714,5.9491525423728815,19.666666666666668
1,0.9067794495690006,0.887459807073955,0.9277765612235956,5.893805309734513,18.833333333333332
1,0.9127601425580567,0.887459807073955,0.9416351539021376,5.787610619469026,18.833333333333332
1,0.9113019471114969,0.887459807073955,0.9407875845628536,5.839285714285714,18.666666666666668
1,0.9087172392939085,0.887459807073955,0.9284707028591653,5.891891891891891,18.5
1,0.9095968959841331,0.887459807073955,0.9288273968675935,5.890909090909091,18.333333333333332
1,0.9039371545761297,0.887459807073955,0.9093699564654345,5.944954128440367,18.166666666666668
1,0.9053144747143709,0.887459807073955,0.9095519691308961,5.944444444444445,18.0
1,0.9219311242431463,0.887459807073955,0.9529052800897228,5.825242718446602,17.166666666666668
1,0.9177517732226221,0.887459807073955,0.9319372612476008,5.88235294117647,17.0
1,0.913245409321465,0.887459807073955,0.9109278819371188,5.9405940594059405,16.833333333333332
1,0.926553386518948,0.887459807073955,0.9630781191230914,5.76,16.666666666666668
1,0.9345385692978867,0.887459807073955,0.977424187942929,5.454545454545454,16.5
1,0.9450200040549596,0.9259259259259259,0.9897912191556586,5.142857142857142,16.333333333333332
1,0.9449436712129969,0.9259259259259259,0.9896904451516474,5.195876288659794,16.166666666666668
1,0.9448255582803617,0.9259259259259259,0.9915505987950407,5.1875,16.0
1,0.95053774434813,0.9259259259259259,0.9934158609347367,5.178947368421053,15.833333333333334
1,0.9543213205273412,0.9378531073446328,0.9952863468260041,5.170212765957446,15.666666666666666
1,0.9547190691859286,0.9378531073446328,0.9971621749558568,5.161290322580645,15.5
1,0.9550447209094173,0.9378531073446328,0.9969246916120104,5.217391304347826,15.333333333333334
1,0.955505266559882,0.9378531073446328,0.9987970474838134,5.208791208791209,15.166666666666666
1,0.9655816718043345,0.9378531073446328,0.999,5.2,15.0
1,0.965197074759637,0.9378531073446328,0.999,5.258426966292135,14.833333333333334
1,0.9671322575537923,0.9378531073446328,0.999,5.045454545454546,14.666666666666666
1,0.968780642466563,0.9378531073446328,0.999,4.827586206896552,14.5
1,0.9694151507562634,0.9378531073446328,0.999,4.883720930232558,14.333333333333334
1,0.9573497952865344,0.9378531073446328,0.999,4.9411764705882355,14.166666666666666
1,0.9573177369710582,0.9378531073446328,0.999,5.0,14.0
1,0.9576223060254524,0.9550381372942593,0.999,5.060240963855422,13.833333333333334
1,0.9581726806609996,0.9550561797752809,0.999,5.121951219512195,13.666666666666666
1,0.9590590963449064,0.9657534246575342,0.999,5.185185185185185,13.5
1,0.9627358027614749,0.9695273631840796,0.999,4.949999999999999,13.333333333333334
1,0.9629761397474711,0.9695273631840796,0.999,4.936708860759494,13.166666666666666
1,0.9635328944230266,0.9695273631840796,0.999,4.923076923076923,13.0
1,0.965485520010247,0.9695273631840796,0.999,4.675324675324676,12.833333333333334
1,0.9663682903538102,0.9695273631840796,0.999,4.578947368421053,12.666666666666666
1,0.9663048020284587,0.9695273631840796,0.999,4.64,12.5
1,0.9665172701965399,0.9695273631840796,0.999,4.621621621621622,12.333333333333334
1,0.9678207483582754,0.9695273631840796,0.999,4.602739726027397,12.166666666666666
1,0.9683525736161502,0.9695273631840796,0.999,4.583333333333333,12.0
1,0.9685749390079759,0.9695273631840796,0.999,4.563380281690141,11.833333333333334
1,0.9693820513169952,0.9695273631840796,0.999,4.542857142857143,11.666666666666666
1,0.9701384785217604,0.9695273631840796,0.999,4.521739130434783,11.5
1,0.9721071779879233,0.9695273631840796,0.999,4.235294117647059,11.333333333333334
1,0.9723722542794073,0.9695273631840796,0.999,4.208955223880597,11.166666666666666
1,0.9726912424074325,0.9695273631840796,0.999,4.181818181818182,11.0
1,0.9739330523468783,0.9695273631840796,0.999,4.153846153846153,10.833333333333334
1,0.9739114523101413,0.9695273631840796,0.999,4.21875,10.666666666666666
1,0.9741767529218803,0.9695273631840796,0.999,4.19047619047619,10.5
1,0.9752757811759465,0.9695273631840796,0.999,4.064516129032258,10.333333333333334
1,0.9756279866610289,0.9695273631840796,0.999,4.032786885245901,10.166666666666666
1,0.9755576874977285,0.9695273631840796,0.999,4.1,10.0
1,0.9761437178756545,0.9695273631840796,0.999,4.067796610169491,9.833333333333334
1,0.9759144572032827,0.9695273631840796,0.999,4.137931034482759,9.666666666666666
1,0.9773714110525618,0.9695273631840796,0.999,3.789473684210526,9.5
1,0.9774478541537464,0.9695273631840796,0.999,3.8571428571428577,9.333333333333334
1,0.9776428183637831,0.9695273631840796,0.999,3.8181818181818183,9.166666666666666
1,0.9777904142791483,0.9695273631840796,0.999,3.888888888888889,9.0
1,0.9782091214042008,0.9695273631840796,0.999,3.849056603773585,8.833333333333334
1,0.9784476675932636,0.9695273631840796,0.999,3.8076923076923075,8.666666666666666
1,0.9783434796574897,0.9695273631840796,0.999,3.882352941176471,8.5
1,0.9790212207689186,0.9695273631840796,0.999,3.84,8.333333333333334
1,0.9797291747807948,0.9809523809523809,0.999,3.673469387755102,8.166666666666666
1,0.9802475295751754,0.9809523809523809,0.999,3.625,8.0
1,0.9814378843101925,0.9836065573770492,0.999,3.1914893617021276,7.833333333333333
1,0.9814250900392478,0.9836065573770492,0.999,3.260869565217391,7.666666666666667
1,0.9818128666883423,0.9836065573770492,0.999,3.2,7.5
1,0.9821948538487342,0.9836065573770492,0.999,3.1363636363636362,7.333333333333333
1,0.982452930841909,0.99,0.999,3.0697674418604652,7.166666666666667
1,0.982406664404155,0.99,0.999,3.1428571428571432,7.0
1,0.9829227271768873,0.99,0.999,2.926829268292683,6.833333333333333
1,0.9831127364526548,0.99,0.999,2.8499999999999996,6.666666666666667
1,0.9837913180973185,0.99,0.999,2.769230769230769,6.5
1,0.9849624168688442,0.99,0.999,2.2105263157894735,6.333333333333333
1,0.9866187525260581,0.99,0.999,1.2972972972972974,6.166666666666667
1,0.9865489854191716,0.99,0.999,1.3333333333333333,6.0
1,0.9867838677114305,0.99,0.999,1.2000000000000002,5.833333333333333
1,0.9860421187134258,0.99,0.999,0.8823529411764706,5.666666666666667
1,0.9860820432915482,0.99,0.999,0.7272727272727273,5.5
1,0.9861529269850068,0.99,0.999,0.75,5.333333333333333
1,0.9867010077066376,0.99,0.999,0.3870967741935484,5.166666666666667
1,0.7235855386695524,0.7482678983833718,0.9231044310779303,5.949579831932773,19.833333333333332
1,0.7531464744594969,0.75,0.926780936641528,5.896551724137931,19.333333333333332
1,0.7710931073578976,0.7877480586712684,0.9407053866859003,5.739130434782609,19.166666666666668
1,0.7665540240761191,0.7877480586712684,0.9399989437943445,5.7894736842105265,19.0
1,0.7726631113136005,0.7877480586712684,0.9440194593959512,5.734513274336283,18.833333333333332
1,0.7733488128192683,0.7877480586712684,0.9456795189722,5.732142857142858,18.666666666666668
1,0.7742155825062886,0.7877480586712684,0.9473416605221597,5.72972972972973,18.5
1,0.7853045714620148,0.7877480586712684,0.9513778724596357,5.672727272727273,18.333333333333332
1,0.7862715015163604,0.7877480586712684,0.9530660097851226,5.669724770642202,18.166666666666668
1,0.7911306078904232,0.7877480586712684,0.957091766440847,5.611111111111112,18.0
1,0.7888803401559399,0.7877480586712684,0.9564500345002646,5.663551401869158,17.833333333333332
1,0.7987436365079852,0.8038740920096852,0.9605230098010195,5.60377358490566,17.666666666666668
1,0.8301135384807443,0.8441660140955364,0.9689516498536606,5.428571428571429,17.5
1,0.8281343071396574,0.8384458077709611,0.9685562452945303,5.480769230769231,17.333333333333332
1,0.8256909147904146,0.8384458077709611,0.9680491784412063,5.533980582524272,17.166666666666668
1,0.856755155488959,0.8441660140955364,0.976431387560233,5.352941176470589,17.0
1,0.8629460933155974,0.8441660140955364,0.9822987182366545,5.227722772277228,16.833333333333332
1,0.865110065599606,0.8441660140955364,0.9841395291227628,5.22,16.666666666666668
1,0.8781339747662193,0.8479657387580299,0.9915969861606418,5.03030303030303,16.5
1,0.8787255249611627,0.8479657387580299,0.9916723744461285,5.081632653061225,16.333333333333332
1,0.8792845708400747,0.8479657387580299,0.9916590300882157,5.1340206185567006,16.166666666666668
1,0.8777263892154805,0.8479657387580299,0.9915505987950407,5.1875,16.0
1,0.8774244503153785,0.8479657387580299,0.9913401839916894,5.242105263157895,15.833333333333334
1,0.8890433416264666,0.8479657387580299,0.9931963862814696,5.23404255319149,15.666666666666666
1,0.8977850301001667,0.887459807073955,0.9971621749558568,5.161290322580645,15.5
1,0.8974208170384679,0.887459807073955,0.9969246916120104,5.217391304347826,15.333333333333334
1,0.896762136475543,0.887459807073955,0.9965727049911327,5.274725274725275,15.166666666666666
1,0.8988983372119637,0.887459807073955,0.998434383558346,5.266666666666667,15.0
1,0.8978883896950236,0.887459807073955,0.9979464448875064,5.325842696629213,14.833333333333334
1,0.8934144951124137,0.8479657387580299,0.9973233692426481,5.386363636363637,14.666666666666666
1,0.89203800166757,0.8479657387580299,0.9965543765029701,5.448275862068965,14.5
1,0.8913128408220108,0.8479657387580299,0.9956276730053567,5.511627906976744,14.333333333333334
1,0.8934762135343572,0.8479657387580299,0.9974293278498034,5.5058823529411764,14.166666666666666
1,0.9157395822453012,0.887459807073955,0.999,5.5,14.0
1,0.9204243357279942,0.9166666666666666,0.999,5.421686746987952,13.833333333333334
1,0.9216641872409427,0.9550381372942593,0.999,5.414634146341464,13.666666666666666
1,0.9236596114170782,0.9550381372942593,0.999,5.407407407407407,13.5
1,0.9274775613429205,0.9550381372942593,0.999,5.324999999999999,13.333333333333334
1,0.9281189501520981,0.9550381372942593,0.999,5.3164556962025316,13.166666666666666
1,0.9287113446438564,0.9550381372942593,0.999,5.3076923076923075,13.0
1,0.9292180714642476,0.9550381372942593,0.999,5.298701298701299,12.833333333333334
1,0.9270582168489762,0.9550381372942593,0.999,5.368421052631579,12.666666666666666
1,0.9302285758511919,0.9550381372942593,0.999,5.359999999999999,12.5
1,0.9308064380527812,0.9550381372942593,0.999,5.351351351351351,12.333333333333334
1,0.9358741665048238,0.9550381372942593,0.999,5.095890410958904,12.166666666666666
1,0.9368261813290631,0.9550381372942593,0.999,5.083333333333333,12.0
1,0.9390908197991262,0.9550381372942593,0.999,4.985915492957746,11.833333333333334
1,0.9380258399304318,0.9550381372942593,0.999,5.057142857142857,11.666666666666666
1,0.9385656104459537,0.9550381372942593,0.999,5.0434782608695645,11.5
1,0.9379323205455758,0.9550381372942593,0.999,5.117647058823529,11.333333333333334
1,0.9388552965551622,0.9550381372942593,0.999,5.104477611940299,11.166666666666666
1,0.9382908601176493,0.9550381372942593,0.999,5.181818181818182,11.0
1,0.9394040675316464,0.9550381372942593,0.999,5.1692307692307695,10.833333333333334
1,0.9417118316564892,0.9550381372942593,0.999,5.0625,10.666666666666666
1,0.9426362403489821,0.9550381372942593,0.999,5.0476190476190474,10.5
1,0.9436925021620016,0.9550381372942593,0.999,5.032258064516129,10.333333333333334
1,0.9164798924021633,0.9160467587672688,0.999,5.114754098360655,10.166666666666666
1,0.9157523218626338,0.9160467587672688,0.999,5.2,10.0
1,0.9171275369442953,0.9160467587672688,0.999,5.186440677966102,9.833333333333334
1,0.9163104278249957,0.9160467587672688,0.999,5.275862068965517,9.666666666666666
1,0.920564183045904,0.9166666666666666,0.999,5.052631578947368,9.5
1,0.9213726034892834,0.9534883720930233,0.999,5.035714285714286,9.333333333333334
1,0.9219715377849067,0.9550381372942593,0.999,5.127272727272727,9.166666666666666
1,0.921386966792136,0.9534883720930233,0.999,5.222222222222222,9.0
1,0.9229172752688262,0.9550381372942593,0.999,5.2075471698113205,8.833333333333334
1,0.9245804499089781,0.9550381372942593,0.999,5.1923076923076925,8.666666666666666
1,0.9239931005167563,0.9550381372942593,0.999,5.294117647058823,8.5
1,0.9244558730804496,0.9550381372942593,0.999,5.28,8.333333333333334
1,0.9241162035205726,0.9550381372942593,0.999,5.387755102040816,8.166666666666666
1,0.9233040218327032,0.9550381372942593,0.999,5.5,8.0
1,0.9339117661780854,0.9550381372942593,0.999,4.8510638297872335,7.833333333333333
1,0.9417797371326626,0.9550381372942593,0.999,4.173913043478261,7.666666666666667
1,0.942885856785407,0.9550381372942593,0.999,4.133333333333333,7.5
1,0.9438405414539907,0.9550381372942593,0.999,4.090909090909091,7.333333333333333
1,0.9442937884855858,0.9550381372942593,0.999,4.046511627906977,7.166666666666667
1,0.9483887907813322,0.9550381372942593,0.999,3.571428571428571,7.0
1,0.9481563717527446,0.9550381372942593,0.999,3.6585365853658534,6.833333333333333
1,0.9476133971181264,0.9550381372942593,0.999,3.75,6.666666666666667
1,0.9479665292264987,0.9550381372942593,0.999,3.8461538461538467,6.5
1,0.9487982256826946,0.9550381372942593,0.999,3.789473684210526,6.333333333333333
1,0.9481117110041409,0.9550381372942593,0.999,3.891891891891892,6.166666666666667
1,0.947388856499076,0.9550381372942593,0.999,4.0,6.0
1,0.9470517653085734,0.9550381372942593,0.999,4.114285714285714,5.833333333333333
1,0.9478906166345744,0.9550381372942593,0.999,4.0588235294117645,5.666666666666667
1,0.9471609009870252,0.9550381372942593,0.999,4.181818181818182,5.5
1,0.9522314708865414,0.9550381372942593,0.999,3.5625,5.333333333333333
1,0.9381836887898778,0.9550381372942593,0.999,3.67741935483871,5.166666666666667
1,0.8779366471123415,0.8479657387580299,0.9347324099075747,5.697478991596638,19.833333333333332
1,0.8770683632964218,0.8459214501510574,0.9326398867515503,5.745762711864407,19.666666666666668
1,0.879360038548171,0.8479657387580299,0.9280717052359041,5.743589743589744,19.5
1,0.8783416625779499,0.8479657387580299,0.9243244294581872,5.793103448275862,19.333333333333332
1,0.8766938516106608,0.8459214501510574,0.920478379736002,5.843478260869565,19.166666666666668
1,0.8766908077202311,0.8459214501510574,0.9189947318180742,5.842105263157895,19.0
1,0.8754956143990726,0.8459214501510574,0.915029016922696,5.893805309734513,18.833333333333332
1,0.8777261464027443,0.8479657387580299,0.9175119368502543,5.840707964601769,18.833333333333332
1,0.8762693627269964,0.8459214501510574,0.9135309223452124,5.892857142857142,18.666666666666668
1,0.8746323119130595,0.8459214501510574,0.9094355248834005,5.945945945945946,18.5
1,0.8838217949339169,0.8479657387580299,0.9101115429764431,5.833333333333333,18.0
1,0.8822349229196966,0.8479657387580299,0.9060502518617685,5.88785046728972,17.833333333333332
1,0.8922588466658343,0.8479657387580299,0.9121037297126713,5.716981132075472,17.666666666666668
1,0.8930204684315526,0.8479657387580299,0.9129957432223337,5.7142857142857135,17.5
1,0.8937089741707382,0.887459807073955,0.9140000312721834,5.711538461538462,17.333333333333332
1,0.8917150241569649,0.8479657387580299,0.905302185048187,5.766990291262136,17.166666666666668
1,0.8902735399828696,0.8479657387580299,0.9012642726243669,5.823529411764706,17.0
1,0.8908580948131615,0.8479657387580299,0.8997936444114609,5.821782178217822,16.833333333333332
1,0.8898427378599556,0.8479657387580299,0.8956081981431248,5.88,16.666666666666668
1,0.8871544292613693,0.8479657387580299,0.8912827060181049,5.9393939393939394,16.5
1,0.8982616766972754,0.887459807073955,0.898178554740008,5.755102040816326,16.333333333333332
1,0.8956215774054372,0.887459807073955,0.8939235188811597,5.814432989690721,16.166666666666668
1,0.8967123063475859,0.887459807073955,0.8924592666439792,5.8125,16.0
1,0.8957275253414827,0.887459807073955,0.8881754453703425,5.873684210526316,15.833333333333334
1,0.919198565014663,0.887459807073955,0.9734262090557861,5.553191489361701,15.666666666666666
1,0.9162756947330709,0.887459807073955,0.950654813147569,5.612903225806451,15.5
1,0.9124564009225344,0.887459807073955,0.9278442221373421,5.673913043478261,15.333333333333334
1,0.9361575167230263,0.92,0.9942538901667265,5.34065934065934,15.166666666666666
1,0.9332299474713762,0.887459807073955,0.9936605153924695,5.4,15.0
1,0.9278515835894512,0.887459807073955,0.9929262343405174,5.460674157303371,14.833333333333334
1,0.9554380932538207,0.9378531073446328,0.999,5.25,14.666666666666666
1,0.9579196707192625,0.9378531073446328,0.999,5.241379310344827,14.5
1,0.9590677327424821,0.9378531073446328,0.999,5.232558139534884,14.333333333333334
1,0.9596631432462688,0.9378531073446328,0.999,5.223529411764706,14.166666666666666
1,0.9606805409233287,0.9378531073446328,0.999,5.214285714285714,14.0
1,0.9608146264898773,0.9695273631840796,0.999,5.27710843373494,13.833333333333334
1,0.9613365717813557,0.9695273631840796,0.999,5.2682926829268295,13.666666666666666
1,0.9626610660699679,0.9695273631840796,0.999,5.185185185185185,13.5
1,0.963728094803921,0.9695273631840796,0.999,5.175000000000001,13.333333333333334
1,0.9641338588285115,0.9695273631840796,0.999,5.1645569620253164,13.166666666666666
1,0.9646802356429913,0.9695273631840796,0.999,5.153846153846153,13.0
1,0.9649472200711324,0.9695273631840796,0.999,5.142857142857142,12.833333333333334
1,0.9666453623164739,0.9695273631840796,0.999,5.064935064935065,12.833333333333334
1,0.9663559657953025,0.9695273631840796,0.999,5.131578947368421,12.666666666666666
1,0.9701707297126786,0.9695273631840796,0.999,4.72,12.5
1,0.9706694214077609,0.9695273631840796,0.999,4.783783783783783,12.333333333333334
1,0.9703496223807964,0.9695273631840796,0.999,4.8493150684931505,12.166666666666666
1,0.9700635690669226,0.9695273631840796,0.999,4.916666666666666,12.0
1,0.9701681169843546,0.9695273631840796,0.999,4.985915492957746,11.833333333333334
1,0.9701182843295766,0.9695273631840796,0.999,5.057142857142857,11.666666666666666
1,0.9724716188309076,0.9695273631840796,0.999,4.782608695652174,11.5
1,0.9753876885089976,0.9695273631840796,0.999,4.323529411764706,11.333333333333334
1,0.9754686453027079,0.9695273631840796,0.999,4.388059701492537,11.166666666666666
1,0.9752220897726391,0.9695273631840796,0.999,4.454545454545455,11.0
1,0.9755649061419263,0.9695273631840796,0.999,4.430769230769231,10.833333333333334
1,0.9629043087550335,0.9695273631840796,0.999,4.5,10.666666666666666
1,0.965582712104397,0.9695273631840796,0.999,4.19047619047619,10.5
1,0.9694991371035829,0.9695273631840796,0.999,3.870967741935484,10.333333333333334
1,0.9699548277729659,0.9695273631840796,0.999,3.836065573770492,10.166666666666666
1,0.9704315158436865,0.9695273631840796,0.999,3.8,10.0
1,0.9702556890425631,0.9695273631840796,0.999,3.8644067796610164,9.833333333333334
1,0.9705187398578099,0.9695273631840796,0.999,3.827586206896552,9.666666666666666
1,0.9711142447020519,0.9695273631840796,0.999,3.8947368421052633,9.5
1,0.9708917486622324,0.9695273631840796,0.999,3.9642857142857144,9.333333333333334
1,0.9709580747113842,0.9695273631840796,0.999,4.036363636363636,9.166666666666666
1,0.9712539039357712,0.9695273631840796,0.999,4.0,9.0
1,0.9711931122399443,0.9695273631840796,0.999,4.0754716981132075,8.833333333333334
1,0.972022264452449,0.9695273631840796,0.999,4.038461538461538,8.666666666666666
1,0.9727557308118852,0.9695273631840796,0.999,4.0,8.5
1,0.9752768163017518,0.9695273631840796,0.999,3.5999999999999996,8.333333333333334
1,0.9760208378117665,0.9695273631840796,0.999,3.4285714285714284,8.166666666666666
1,0.9776235562387876,0.9695273631840796,0.999,3.0,8.0
1,0.9776584713316309,0.9695273631840796,0.999,3.0638297872340425,7.833333333333333
1,0.9779730892714493,0.9695273631840796,0.999,3.0,7.666666666666667
1,0.978790906871929,0.9695273631840796,0.999,2.933333333333333,7.5
1,0.980724062142728,0.9809523809523809,0.999,2.4545454545454546,7.333333333333333
1,0.9822067921495542,0.9836065573770492,0.999,1.9534883720930234,7.166666666666667
1,0.982585555251575,0.99,0.999,1.8571428571428572,7.0
1,0.9828054658226661,0.99,0.999,1.7560975609756095,6.833333333333333
1,0.9827900070800251,0.99,0.999,1.7999999999999998,6.666666666666667
1,0.9828559425278951,0.99,0.999,1.8461538461538463,6.5
1,0.9841975545333792,0.99,0.999,1.263157894736842,6.333333333333333
1,0.9847414237153523,0.99,0.999,0.6486486486486487,6.166666666666667
1,0.9848829783094677,0.99,0.999,0.6666666666666666,6.0
1,0.9851292562551262,0.99,0.999,0.5142857142857142,5.833333333333333
1,0.9851580240987191,0.99,0.999,0.5294117647058824,5.666666666666667
1,0.9022834116274857,0.887459807073955,0.9509714612273305,5.884615384615384,17.333333333333332
1,0.9035780973885836,0.887459807073955,0.9525702982315534,5.883495145631068,17.166666666666668
1,0.9040344630304942,0.887459807073955,0.9541703569433686,5.88235294117647,17.0
1,0.9043267606192886,0.887459807073955,0.9557716723468279,5.881188118811881,16.833333333333332
1,0.9058022258560766,0.887459807073955,0.9573742807736852,5.88,16.666666666666668
1,0.9052485417240694,0.887459807073955,0.9559353375427344,5.9393939393939394,16.5
1,0.905592646429036,0.887459807073955,0.957506343495181,5.938775510204081,16.333333333333332
1,0.908420478626391,0.887459807073955,0.9621902491301119,5.876288659793814,16.166666666666668
1,0.91419190245559,0.887459807073955,0.9778759716741905,5.5625,16.0
1,0.9215673634323833,0.887459807073955,0.9869320721005805,5.368421052631579,15.833333333333334
1,0.9413152945690269,0.9259259259259259,0.9952863468260041,5.170212765957446,15.666666666666666
1,0.9418750989887329,0.9259259259259259,0.9971621749558568,5.161290322580645,15.5
1,0.9608631685870488,0.9378531073446328,0.999,5.1521739130434785,15.333333333333334
1,0.9638400419561559,0.9378531073446328,0.999,4.945054945054945,15.166666666666666
1,0.9663614065778736,0.9378531073446328,0.999,4.733333333333333,15.0
1,0.9680360609076961,0.9378531073446328,0.999,4.51685393258427,14.833333333333334
1,0.9686371389421148,0.9378531073446328,0.999,4.5,14.666666666666666
1,0.970640650147815,0.9378531073446328,0.999,4.275862068965518,14.5
1,0.9735227114753018,0.9378531073446328,0.999,4.046511627906977,14.333333333333334
1,0.9740656667061928,0.9378531073446328,0.999,4.023529411764706,14.166666666666666
1,0.9603462750095135,0.9378531073446328,0.999,4.071428571428571,14.0
1,0.9614033645079828,0.9695273631840796,0.999,4.048192771084337,13.833333333333334
1,0.9622321331217323,0.9695273631840796,0.999,4.024390243902439,13.666666666666666
1,0.9618707823930541,0.9695273631840796,0.999,4.074074074074074,13.5
1,0.9618871432964757,0.9695273631840796,0.999,4.125,13.333333333333334
1,0.9630916097379576,0.9695273631840796,0.999,4.025316455696203,13.166666666666666
1,0.9645034546765061,0.9695273631840796,0.999,4.0,13.0
1,0.9653268773003691,0.9695273631840796,0.999,3.974025974025974,12.833333333333334
1,0.9662541510695073,0.9695273631840796,0.999,3.947368421052632,12.666666666666666
1,0.9668530667551936,0.9695273631840796,0.999,3.92,12.5
1,0.9671924653226587,0.9695273631840796,0.999,3.891891891891892,12.333333333333334
1,0.9684361007224551,0.9695273631840796,0.999,3.780821917808219,12.166666666666666
1,0.9695538003682665,0.9695273631840796,0.999,3.833333333333333,12.0
1,0.9707466891840271,0.9695273631840796,0.999,3.718309859154929,11.833333333333334
1,0.9713304216359795,0.9695273631840796,0.999,3.633802816901408,11.833333333333334
1,0.9733317270141452,0.9695273631840796,0.999,3.342857142857143,11.666666666666666
1,0.9735492986276559,0.9695273631840796,0.999,3.391304347826087,11.5
1,0.9738882883086469,0.9695273631840796,0.999,3.3529411764705883,11.333333333333334
1,0.9591091356054015,0.9657534246575342,0.999,3.4029850746268657,11.166666666666666
1,0.9612438421149083,0.9695273631840796,0.999,3.090909090909091,11.0
1,0.9618973211363884,0.9695273631840796,0.999,3.138461538461539,10.833333333333334
1,0.9619373847803032,0.9695273631840796,0.999,3.138461538461539,10.833333333333334
1,0.9628107366518758,0.9695273631840796,0.999,3.09375,10.666666666666666
1,0.9654507957445646,0.9695273631840796,0.999,2.952380952380952,10.5
1,0.9660293574432963,0.9695273631840796,0.999,3.0,10.333333333333334
1,0.967992295224614,0.9695273631840796,0.999,2.6557377049180326,10.166666666666666
1,0.9697267998593877,0.9695273631840796,0.999,2.3000000000000003,10.0
1,0.9701592147746607,0.9695273631840796,0.999,2.2372881355932206,9.833333333333334
1,0.9229103337560064,0.9550381372942593,0.999,5.739130434782609,11.5
1,0.9242929768136233,0.9550381372942593,0.999,5.735294117647059,11.333333333333334
1,0.9253837059416833,0.9550381372942593,0.999,5.82089552238806,11.166666666666666
1,0.9281214881956914,0.9550381372942593,0.999,5.818181818181818,11.0
1,0.9304570513902846,0.9550381372942593,0.999,5.815384615384615,10.833333333333334
1,0.9331516887922313,0.9550381372942593,0.999,5.723076923076923,10.833333333333334
1,0.9343402262416702,0.9550381372942593,0.999,5.71875,10.666666666666666
1,0.9352389053845114,0.9550381372942593,0.999,5.7142857142857135,10.5
1,0.9350032279397684,0.9550381372942593,0.999,5.806451612903226,10.333333333333334
1,0.9363929560627529,0.9550381372942593,0.999,5.80327868852459,10.166666666666666
1,0.9381883752075564,0.9550381372942593,0.999,5.699999999999999,10.0
1,0.9474826473822514,0.9550381372942593,0.999,5.389830508474576,9.833333333333334
1,0.9504206948411635,0.9550381372942593,0.999,5.288135593220339,9.833333333333334
1,0.9511180338260025,0.9550381372942593,0.999,5.275862068965517,9.666666666666666
1,0.9521868294511382,0.9550381372942593,0.999,5.157894736842105,9.5
1,0.9520180921114731,0.9550381372942593,0.999,5.25,9.333333333333334
1,0.9558689190158669,0.9550381372942593,0.999,4.909090909090909,9.166666666666666
1,0.9571022822942368,0.9550381372942593,0.999,4.888888888888888,9.0
1,0.9591791827754796,0.9657534246575342,0.999,4.867924528301887,8.833333333333334
1,0.9597200011127518,0.9657534246575342,0.999,4.846153846153847,8.666666666666666
1,0.9607521924233907,0.9695273631840796,0.999,4.6415094339622645,8.833333333333334
1,0.9605110452286566,0.9695273631840796,0.999,4.730769230769231,8.666666666666666
1,0.9621745381428866,0.9695273631840796,0.999,4.588235294117647,8.5
1,0.962710833830992,0.9695273631840796,0.999,4.5600000000000005,8.333333333333334
1,0.9632681418354989,0.9695273631840796,0.999,4.530612244897959,8.166666666666666
1,0.9639984291516126,0.9695273631840796,0.999,4.5,8.0
1,0.9639784755715831,0.9695273631840796,0.999,4.595744680851064,7.833333333333333
1,0.9645435230223735,0.9695273631840796,0.999,4.565217391304348,7.666666666666667
1,0.9653277230474302,0.9695273631840796,0.999,4.533333333333333,7.5
1,0.965813407551705,0.9695273631840796,0.999,4.636363636363637,7.333333333333333
1,0.9665250006269086,0.9695273631840796,0.999,4.604651162790698,7.166666666666667
1,0.9682062602190216,0.9695273631840796,0.999,4.285714285714286,7.0
1,0.9688148080044225,0.9695273631840796,0.999,4.2439024390243905,6.833333333333333
1,0.969741556609879,0.9695273631840796,0.999,4.050000000000001,6.666666666666667
1,0.9702666204618757,0.9695273631840796,0.999,4.153846153846153,6.5
1,0.9725722608348746,0.9695273631840796,0.999,3.6315789473684212,6.333333333333333
1,0.9731460715509697,0.9695273631840796,0.999,3.5675675675675675,6.166666666666667
1,0.9736005930935387,0.9695273631840796,0.999,3.5,6.0
1,0.9776553403936663,0.9695273631840796,0.999,2.571428571428571,5.833333333333333
1,0.9794522020651559,0.9695273631840796,0.999,1.9411764705882355,5.666666666666667
1,0.9799965347362994,0.9809523809523809,0.999,1.8181818181818183,5.5
1,0.9816778180726451,0.9836065573770492,0.999,1.125,5.333333333333333
1,0.982182631434309,0.9836065573770492,0.999,0.967741935483871,5.166666666666667
1,0.9536070122094863,0.9550381372942593,0.999,5.0625,5.333333333333333
1,0.9576895327493706,0.9550381372942593,0.999,4.451612903225806,5.166666666666667
