match_id,season,over,ball,is_winner,target_above_par,required_run_rate,current_run_rate,score_vs_par,wickets_lost,wickets_remaining,candidate,raw_pred,cal_pred
1473438,2025,7,1,1,-21.625,6.857142857142857,12.13953488372093,24.650000000000006,0,10,baseline_mid,0.9599563144200056,0.9375161997632623
1473438,2025,7,2,1,-21.625,6.947368421052632,11.863636363636363,23.199999999999996,0,10,baseline_mid,0.9576582038959052,0.9345070585730384
1473438,2025,7,3,1,-21.625,6.959999999999999,11.733333333333333,22.75,0,10,baseline_mid,0.9596207049257177,0.9370749420467468
1473438,2025,7,4,1,-21.625,6.972972972972972,11.608695652173912,22.30000000000001,0,10,baseline_mid,0.9599913916554201,0.9375623556306991
1473438,2025,7,5,1,-21.625,6.986301369863014,11.48936170212766,21.849999999999994,0,10,baseline_mid,0.9610296034811884,0.938931638132714
1473438,2025,7,6,1,-21.625,7.0,11.375,21.39999999999999,0,10,baseline_mid,0.9633420440054319,0.9420041946452694
1473438,2025,8,1,1,-21.625,6.76056338028169,11.63265306122449,23.950000000000003,0,10,baseline_mid,0.9684204486444447,0.9517668090342583
1473438,2025,8,2,1,-21.625,6.857142857142857,11.399999999999999,22.5,0,10,baseline_mid,0.9675575283674417,0.9506355054972997
1473438,2025,8,3,1,-21.625,6.9565217391304355,11.176470588235293,11.044999999999987,1,9,baseline_mid,0.9639265101791877,0.9459235427943258
1473438,2025,8,4,1,-21.625,7.0588235294117645,10.961538461538462,9.739999999999995,1,9,baseline_mid,0.9451256290763035,0.922542468926773
1473438,2025,8,5,1,-21.625,7.164179104477611,10.754716981132075,8.435000000000016,1,9,baseline_mid,0.938831566448063,0.9150197216929635
1473438,2025,8,6,1,-21.625,7.181818181818182,10.666666666666666,8.130000000000024,1,9,baseline_mid,0.9379508157183631,0.9139772252402051
1473438,2025,9,1,1,-21.625,7.199999999999999,10.581818181818182,7.825000000000003,1,9,baseline_mid,0.9396939451236281,0.9117868942880146
1473438,2025,9,2,1,-21.625,7.3125,10.392857142857142,6.519999999999996,1,9,baseline_mid,0.9302254636555523,0.900578244764737
1473438,2025,9,3,1,-21.625,7.333333333333334,10.31578947368421,6.215000000000003,1,9,baseline_mid,0.9381698098639647,0.9099607073526861
1473438,2025,9,4,1,-21.625,7.35483870967742,10.241379310344827,5.910000000000011,1,9,baseline_mid,0.9374356879599292,0.9090842298790407
1473438,2025,9,5,1,-21.625,7.3770491803278695,10.169491525423728,5.605000000000004,1,9,baseline_mid,0.9299427584568949,0.900248347593405
1473438,2025,9,6,1,-21.625,7.1,10.4,8.299999999999997,1,9,baseline_mid,0.9551317868911593,0.9308409525091316
1473438,2025,10,1,1,-21.625,7.11864406779661,10.327868852459016,7.9950000000000045,1,9,baseline_mid,0.9546600242719541,0.9385951091914003
1473438,2025,10,2,1,-21.625,7.137931034482759,10.258064516129032,7.690000000000012,1,9,baseline_mid,0.9533289543621061,0.9370310598410546
1473438,2025,10,3,1,-21.625,6.631578947368421,10.666666666666666,12.385000000000005,1,9,baseline_mid,0.9776836414682524,0.9669074906923579
1473438,2025,10,4,1,-21.625,6.642857142857143,10.59375,12.080000000000013,1,9,baseline_mid,0.9768938287535612,0.9658856292138569
1473438,2025,10,5,1,-21.625,6.654545454545454,10.523076923076923,11.774999999999991,1,9,baseline_mid,0.9751087805113323,0.963592949514432
1473438,2025,10,6,1,-21.625,6.666666666666667,10.454545454545455,11.469999999999999,1,9,baseline_mid,0.9760732579545979,0.9648288780937105
1473438,2025,11,1,1,-21.625,6.679245283018868,10.388059701492537,11.164999999999992,1,9,baseline_mid,0.9767631360866943,0.9688041181100511
1473438,2025,11,2,1,-21.625,6.6923076923076925,10.323529411764707,10.86,1,9,baseline_mid,0.9751600163908534,0.9668847870901708
1473438,2025,11,3,1,-21.625,6.705882352941177,10.26086956521739,10.555000000000007,1,9,baseline_mid,0.9764263906854433,0.9683997725573384
1473438,2025,11,4,1,-21.625,6.84,10.114285714285714,2.0,2,8,baseline_mid,0.9482157096243384,0.9361848563794284
1473438,2025,11,5,1,-21.625,6.979591836734693,9.971830985915492,0.8400000000000034,2,8,baseline_mid,0.9363554871677403,0.923321203840422
1473438,2025,11,6,1,-21.625,7.0,9.916666666666666,0.6800000000000068,2,8,baseline_mid,0.9339610209304856,0.9207595075067544
1473438,2025,12,1,1,-21.625,7.148936170212766,9.78082191780822,-0.47999999999998977,2,8,baseline_mid,0.9248649468446888,0.9166811848593722
1473438,2025,12,2,1,-21.625,7.304347826086957,9.64864864864865,-1.6400000000000006,2,8,baseline_mid,0.8983566840004109,0.8897760454435495
1473438,2025,12,3,1,-21.625,7.199999999999999,9.68,-0.7999999999999972,2,8,baseline_mid,0.9189817042437559,0.9106547709219736
1473438,2025,12,4,1,-21.625,7.2272727272727275,9.631578947368421,-0.9599999999999937,2,8,baseline_mid,0.9238291881331364,0.9156176770384691
1473438,2025,12,5,1,-21.625,6.837209302325581,9.818181818181818,1.8799999999999955,2,8,baseline_mid,0.958806212901304,0.9522807057466655
1473438,2025,12,6,1,-21.625,6.857142857142857,9.76923076923077,1.7199999999999989,2,8,baseline_mid,0.9594840494416126,0.9530100982523442
1473438,2025,13,1,1,-21.625,6.878048780487804,9.721518987341772,1.5600000000000165,2,8,baseline_mid,0.9596509560577936,0.956618097437198
1473438,2025,13,2,1,-21.625,6.1499999999999995,10.05,6.3999999999999915,2,8,baseline_mid,0.9821842727249965,0.9802702584818733
1473438,2025,13,3,1,-21.625,6.153846153846153,10.0,6.240000000000009,2,8,baseline_mid,0.9823555293354427,0.9804531923039735
1473438,2025,13,4,1,-21.625,6.157894736842106,9.951219512195122,6.0800000000000125,2,8,baseline_mid,0.9835126480857648,0.9816909579637858
1473438,2025,13,5,1,-21.625,6.162162162162161,9.903614457831326,5.920000000000016,2,8,baseline_mid,0.9824457579281717,0.9805495994689207
1473438,2025,13,6,1,-21.625,6.166666666666666,9.857142857142858,5.759999999999991,2,8,baseline_mid,0.9831122255959164,0.9812622767264818
1473438,2025,14,1,1,-21.625,6.171428571428571,9.811764705882354,5.600000000000023,2,8,baseline_mid,0.9825096130232778,0.9811486300443694
1473438,2025,14,2,1,-21.625,5.647058823529411,9.976744186046512,8.439999999999998,2,8,baseline_mid,0.989471247984919,0.9884909080725279
1473438,2025,14,3,1,-21.625,5.090909090909091,10.137931034482758,11.280000000000001,2,8,baseline_mid,0.9909916193720207,0.9901104677304496
1473438,2025,14,4,1,-21.625,4.875,10.159090909090908,12.120000000000005,2,8,baseline_mid,0.9914082604122088,0.9905555845687761
1473438,2025,14,5,1,-21.625,4.258064516129032,10.314606741573034,14.960000000000008,2,8,baseline_mid,0.9921908101529351,0.9913932818847198
1473438,2025,14,6,1,-21.625,3.5999999999999996,10.466666666666667,17.799999999999983,2,8,baseline_mid,0.9924062895450201,0.9916243499377566
1473438,2025,15,1,1,-21.625,3.5172413793103443,10.417582417582418,17.640000000000015,2,8,baseline_mid,0.9927382458231098,0.9923786013247743
1473438,2025,15,2,1,-21.625,2.7857142857142856,10.565217391304348,20.47999999999999,2,8,baseline_mid,0.9919337545382982,0.9915482187250692
1473438,2025,15,3,1,-21.625,2.888888888888889,10.451612903225806,15.405000000000001,3,7,baseline_mid,0.9909091304480149,0.9904925189193868
1473438,2025,15,4,1,-21.625,2.0769230769230766,10.595744680851064,18.389999999999986,3,7,baseline_mid,0.9818040752110393,0.9811783018215202
1473438,2025,15,5,1,-21.625,2.16,10.48421052631579,17.375,3,7,baseline_mid,0.9844319955981446,0.9838565348565267
1473438,2025,15,6,1,-21.625,2.0,10.4375,17.360000000000014,3,7,baseline_mid,0.9851064122228026,0.9845450036774382
1473439,2025,7,1,0,97.61538461538461,15.818181818181817,11.720930232558139,-73.53833333333333,3,7,baseline_mid,0.0063068707167390405,0.012090356853256443
1473439,2025,7,2,0,97.61538461538461,15.552631578947368,12.272727272727273,-69.20666666666665,3,7,baseline_mid,0.008147511052609647,0.015060705977776085
1473439,2025,7,3,0,97.61538461538461,15.759999999999998,12.0,-70.875,3,7,baseline_mid,0.007380174978248241,0.013835830574114976
1473439,2025,7,4,0,97.61538461538461,15.891891891891891,11.869565217391305,-71.54333333333335,3,7,baseline_mid,0.007118741036853577,0.013414310832842858
1473439,2025,7,5,0,97.61538461538461,16.027397260273972,11.74468085106383,-72.21166666666667,3,7,baseline_mid,0.006753682496268006,0.01282188489207231
1473439,2025,7,6,0,97.61538461538461,15.916666666666666,12.0,-69.88000000000002,3,7,baseline_mid,0.007851730194849957,0.014590662346742427
1473439,2025,8,1,0,97.61538461538461,15.633802816901408,12.489795918367347,-65.54833333333335,3,7,baseline_mid,0.009973293222003564,0.01733742960651222
1473439,2025,8,2,0,97.61538461538461,15.857142857142858,12.24,-67.21666666666667,3,7,baseline_mid,0.009047676496094663,0.015930525471213184
1473439,2025,8,3,0,97.61538461538461,16.0,12.117647058823529,-67.88500000000002,3,7,baseline_mid,0.009132760689587602,0.016060640598045718
1473439,2025,8,4,0,97.61538461538461,16.235294117647058,11.884615384615385,-69.55333333333334,3,7,baseline_mid,0.008259359214196519,0.014716847741769092
1473439,2025,8,5,0,97.61538461538461,16.388059701492537,11.773584905660378,-70.22166666666666,3,7,baseline_mid,0.0073433826046473945,0.013286682407764757
1473439,2025,8,6,0,97.61538461538461,16.272727272727273,12.0,-67.88999999999999,3,7,baseline_mid,0.00819670961439627,0.01461973809797703
1473439,2025,9,1,0,97.61538461538461,16.52307692307692,11.781818181818181,-69.55833333333334,3,7,baseline_mid,0.007622447578790965,0.01616415911140818
1473439,2025,9,2,0,97.61538461538461,16.6875,11.678571428571429,-70.22666666666669,3,7,baseline_mid,0.007015620760249089,0.015077140740514581
1473439,2025,9,3,0,97.61538461538461,16.38095238095238,12.105263157894736,-65.89500000000001,3,7,baseline_mid,0.00887215506596973,0.018358775068825106
1473439,2025,9,4,0,97.61538461538461,16.548387096774196,12.0,-66.56333333333333,3,7,baseline_mid,0.008754223413112492,0.01815400983105004
1473439,2025,9,5,0,97.61538461538461,16.721311475409834,11.898305084745763,-67.23166666666671,3,7,baseline_mid,0.008581804036047858,0.01785379815318805
1473439,2025,9,6,0,97.61538461538461,16.900000000000002,11.799999999999999,-67.9,3,7,baseline_mid,0.007782437711753965,0.016448304410280525
1473439,2025,10,1,0,97.61538461538461,17.084745762711865,11.704918032786885,-68.56833333333336,3,7,baseline_mid,0.006797913789485064,0.012430813052184603
1473439,2025,10,2,0,97.61538461538461,17.275862068965516,11.612903225806452,-69.23666666666665,3,7,baseline_mid,0.00617997464523705,0.01143144466449445
1473439,2025,10,3,0,97.61538461538461,17.57894736842105,11.428571428571427,-70.905,3,7,baseline_mid,0.0054899763251838865,0.010300670291376171
1473439,2025,10,4,0,97.61538461538461,17.892857142857142,11.25,-72.57333333333332,3,7,baseline_mid,0.004703428787931249,0.008989862951044475
1473439,2025,10,5,0,97.61538461538461,18.10909090909091,11.169230769230769,-73.24166666666667,3,7,baseline_mid,0.004381273346618685,0.0084453836783551
1473439,2025,10,6,0,97.61538461538461,18.333333333333332,11.09090909090909,-73.91000000000003,3,7,baseline_mid,0.0041631594937319265,0.008073972967691927
1473439,2025,11,1,0,97.61538461538461,18.566037735849058,11.014925373134329,-74.57833333333335,3,7,baseline_mid,0.0037299132209788525,0.006822340893914961
1473439,2025,11,2,0,97.61538461538461,18.923076923076923,10.852941176470589,-76.24666666666667,3,7,baseline_mid,0.003318089082410137,0.006140655253777262
1473439,2025,11,3,0,97.61538461538461,19.294117647058826,10.695652173913043,-77.91499999999999,3,7,baseline_mid,0.0027690020207562878,0.005217952978604525
1473439,2025,11,4,0,97.61538461538461,19.56,10.628571428571428,-78.58333333333331,3,7,baseline_mid,0.0026075567177187933,0.004943241672148783
1473439,2025,11,5,0,97.61538461538461,19.836734693877553,10.563380281690142,-79.25166666666667,3,7,baseline_mid,0.0022915270762221863,0.004400363242962023
1473439,2025,11,6,0,97.61538461538461,20.25,10.416666666666668,-80.91999999999999,3,7,baseline_mid,0.0020827973517577843,0.004037684927491608
1473439,2025,12,1,0,97.61538461538461,20.680851063829785,10.273972602739725,-82.58833333333334,3,7,baseline_mid,0.0019495815959980217,0.0030818601417058476
1473439,2025,12,2,0,97.61538461538461,20.869565217391305,10.297297297297298,-82.25666666666666,3,7,baseline_mid,0.0019518252859584782,0.0030851714088607936
1473439,2025,12,3,0,97.61538461538461,20.53333333333333,10.64,-77.92500000000001,3,7,baseline_mid,0.0023444456449014587,0.0036609103049013527
1473439,2025,12,4,0,97.61538461538461,20.181818181818183,10.973684210526315,-73.59333333333336,3,7,baseline_mid,0.003126698145681203,0.004789551660832498
1473439,2025,12,5,0,97.61538461538461,20.51162790697674,10.909090909090908,-74.26166666666668,3,7,baseline_mid,0.0026387159631728442,0.004088099592779122
1473439,2025,12,6,0,97.61538461538461,20.142857142857142,11.23076923076923,-69.93,3,7,baseline_mid,0.003698764730795324,0.005602454662283393
1473439,2025,12,7,0,97.61538461538461,20.48780487804878,11.164556962025316,-70.59833333333333,3,7,baseline_mid,0.0033654504240832987,0.0051299576233997685
1473439,2025,12,8,0,97.61538461538461,20.4,11.325,-68.26666666666668,3,7,baseline_mid,0.00375383497159493,0.005680232671502758
1473439,2025,13,1,0,97.61538461538461,19.756097560975608,11.544303797468356,-65.59833333333333,3,7,baseline_mid,0.00447198753322838,0.005530841026561546
1473439,2025,13,2,0,97.61538461538461,20.1,11.475000000000001,-66.26666666666668,3,7,baseline_mid,0.004162835127538145,0.005161313282505561
1473439,2025,13,3,0,97.61538461538461,20.615384615384613,11.333333333333332,-67.935,3,7,baseline_mid,0.0035952865463611612,0.004480326619087889
1473439,2025,13,4,0,97.61538461538461,21.0,11.268292682926829,-68.60333333333332,3,7,baseline_mid,0.0027858416687064737,0.003502311146978545
1473439,2025,13,5,0,97.61538461538461,21.405405405405403,11.204819277108433,-69.27166666666668,3,7,baseline_mid,0.002371100777093527,0.0029974714577822065
1473439,2025,13,6,0,97.61538461538461,21.0,11.5,-64.94,3,7,baseline_mid,0.003523271341952976,0.004393656810755164
1473439,2025,13,7,0,97.61538461538461,21.6,11.36470588235294,-74.94999999999999,4,6,baseline_mid,0.0016722470110580078,0.0021394407335496644
1473439,2025,14,1,0,97.61538461538461,21.6,11.36470588235294,-74.94999999999999,4,6,baseline_mid,0.0024249889430474087,0.002934295419056209
1473439,2025,14,2,0,97.61538461538461,22.235294117647058,11.232558139534884,-84.48333333333335,5,5,baseline_mid,0.0014486096507964022,0.0017774272610437054
1473439,2025,14,3,0,97.61538461538461,22.727272727272727,11.172413793103448,-84.67500000000001,5,5,baseline_mid,0.0012294807323642027,0.00151523357631517
1473439,2025,14,4,0,97.61538461538461,23.4375,11.045454545454545,-85.86666666666667,5,5,baseline_mid,0.0011463525207303284,0.0014154469347347164
1473439,2025,14,5,0,97.61538461538461,23.032258064516128,11.325842696629213,-81.05833333333334,5,5,baseline_mid,0.001265177622466346,0.0015580270070764196
1473439,2025,14,6,0,97.61538461538461,23.599999999999998,11.266666666666666,-81.25,5,5,baseline_mid,0.0011254823695330892,0.001390364223883492
1473439,2025,15,1,0,97.61538461538461,24.413793103448274,11.142857142857142,-82.44166666666666,5,5,baseline_mid,0.0009340493600807174,0.0010674202538705204
1473439,2025,15,2,0,97.61538461538461,25.071428571428573,11.08695652173913,-82.63333333333333,5,5,baseline_mid,0.0009388323097900875,0.0010728014316607737
1473439,2025,15,3,0,97.61538461538461,25.77777777777778,11.032258064516128,-82.82499999999999,5,5,baseline_mid,0.0009416009276360246,0.001075916139464665
1473439,2025,15,4,0,97.61538461538461,26.53846153846154,10.97872340425532,-83.01666666666665,5,5,baseline_mid,0.0008300100548143074,0.000950258001221208
1473439,2025,15,5,0,97.61538461538461,27.36,10.926315789473685,-83.20833333333337,5,5,baseline_mid,0.0008102480478565996,0.0009279783083746096
1473439,2025,15,6,0,97.61538461538461,28.5,10.8125,-84.40000000000003,5,5,baseline_mid,0.000776882845371906,0.0008903430783483055
1473440,2025,7,1,1,-9.740740740740733,6.311688311688312,10.465116279069768,9.512500000000003,1,9,baseline_mid,0.9822586351247493,0.9686600433150399
1473440,2025,7,2,1,-9.740740740740733,6.315789473684211,10.363636363636363,9.349999999999994,1,9,baseline_mid,0.9814730185471461,0.9674824996943834
1473440,2025,7,3,1,-9.740740740740733,6.24,10.4,10.1875,1,9,baseline_mid,0.9835389676494731,0.9705970164714351
1473440,2025,7,4,1,-9.740740740740733,6.324324324324324,10.173913043478262,9.025000000000006,1,9,baseline_mid,0.9822929110260548,0.9687116042033469
1473440,2025,7,5,1,-9.740740740740733,6.41095890410959,9.957446808510639,-1.566666666666677,2,8,baseline_mid,0.9407823804165757,0.9131808138138935
1473440,2025,7,6,1,-9.740740740740733,6.416666666666666,9.875,-1.6000000000000085,2,8,baseline_mid,0.9276398733601483,0.8973300856435213
1473440,2025,8,1,1,-9.740740740740733,6.253521126760563,10.040816326530614,0.36666666666667425,2,8,baseline_mid,0.9414084734921903,0.918083909850698
1473440,2025,8,2,1,-9.740740740740733,6.342857142857143,9.84,-0.666666666666643,2,8,baseline_mid,0.9426185149382889,0.9195301904159933
1473440,2025,8,3,1,-9.740740740740733,6.3478260869565215,9.764705882352942,-0.7000000000000028,2,8,baseline_mid,0.940223075040068,0.9166717232366838
1473440,2025,8,4,1,-9.740740740740733,6.352941176470589,9.692307692307693,-0.7333333333333343,2,8,baseline_mid,0.9449996582090086,0.9223905992486738
1473440,2025,8,5,1,-9.740740740740733,6.35820895522388,9.622641509433963,-0.7666666666666515,2,8,baseline_mid,0.9490013392580279,0.927242845550823
1473440,2025,8,6,1,-9.740740740740733,6.363636363636363,9.555555555555555,-0.7999999999999972,2,8,baseline_mid,0.9522464626965392,0.9312220475596829
1473440,2025,8,7,1,-9.740740740740733,5.907692307692308,10.036363636363635,4.166666666666671,2,8,baseline_mid,0.9691358658037668,0.9527082713075086
1473440,2025,9,1,1,-9.740740740740733,5.723076923076923,10.254545454545454,6.166666666666671,2,8,baseline_mid,0.9860096262718308,0.9737321953997701
1473440,2025,9,2,1,-9.740740740740733,5.71875,10.178571428571429,6.13333333333334,2,8,baseline_mid,0.9862294938641019,0.9740776617113768
1473440,2025,9,3,1,-9.740740740740733,5.809523809523809,10.0,5.1000000000000085,2,8,baseline_mid,0.9846595701041013,0.9716308632184796
1473440,2025,9,4,1,-9.740740740740733,5.903225806451613,9.827586206896552,-3.941666666666663,3,7,baseline_mid,0.9493995023057435,0.9236382834675887
1473440,2025,9,5,1,-9.740740740740733,5.9016393442622945,9.76271186440678,-3.8458333333333456,3,7,baseline_mid,0.947512601777569,0.9213021907723628
1473440,2025,9,6,1,-9.740740740740733,6.0,9.600000000000001,-4.75,3,7,baseline_mid,0.9491386347764184,0.9233143324882555
1473440,2025,10,1,1,-9.740740740740733,6.0,9.540983606557377,-4.654166666666669,3,7,baseline_mid,0.9446368915945837,0.9269633237059028
1473440,2025,10,2,1,-9.740740740740733,6.1034482758620685,9.387096774193548,-5.558333333333323,3,7,baseline_mid,0.9469833661502808,0.9296575997828657
1473440,2025,10,3,1,-9.740740740740733,6.105263157894737,9.333333333333334,-5.4624999999999915,3,7,baseline_mid,0.9489846327808134,0.9319688574432177
1473440,2025,10,4,1,-9.740740740740733,6.107142857142857,9.28125,-5.366666666666674,3,7,baseline_mid,0.9527074519692977,0.936302925622289
1473440,2025,10,5,1,-9.740740740740733,6.218181818181819,9.138461538461538,-6.270833333333343,3,7,baseline_mid,0.9490894602133344,0.932090271661
1473440,2025,10,6,1,-9.740740740740733,6.222222222222221,9.09090909090909,-6.175000000000011,3,7,baseline_mid,0.9440949703414907,0.926343403235665
1473440,2025,11,1,1,-9.740740740740733,5.660377358490566,9.492537313432836,-1.07916666666668,3,7,baseline_mid,0.9728418810627615,0.9641332815722367
1473440,2025,11,2,1,-9.740740740740733,5.653846153846153,9.441176470588236,-0.9833333333333343,3,7,baseline_mid,0.973660777784654,0.9651021806059489
1473440,2025,11,3,1,-9.740740740740733,5.764705882352941,9.304347826086957,-1.8875000000000028,3,7,baseline_mid,0.9691502499399424,0.9598042293582542
1473440,2025,11,4,1,-9.740740740740733,5.88,9.17142857142857,-9.25,4,6,baseline_mid,0.9323968502658169,0.9190919357769233
1473440,2025,11,5,1,-9.740740740740733,5.877551020408163,9.126760563380282,-9.025000000000006,4,6,baseline_mid,0.9312638619694904,0.9178868534960513
1473440,2025,11,6,1,-9.740740740740733,6.0,9.0,-9.799999999999997,4,6,baseline_mid,0.9296531951512761,0.9161776588329404
1473440,2025,12,1,1,-9.740740740740733,6.127659574468085,8.876712328767123,-10.575000000000003,4,6,baseline_mid,0.915595794955874,0.907201776725645
1473440,2025,12,2,1,-9.740740740740733,6.260869565217391,8.756756756756756,-11.350000000000009,4,6,baseline_mid,0.9008378569145317,0.8922692677811676
1473440,2025,12,3,1,-9.740740740740733,6.2666666666666675,8.72,-11.125,4,6,baseline_mid,0.9026807642608082,0.8941241850550232
1473440,2025,12,4,1,-9.740740740740733,6.136363636363637,8.763157894736842,-9.900000000000006,4,6,baseline_mid,0.9346278017615334,0.9267632296886399
1473440,2025,12,5,1,-9.740740740740733,6.279069767441861,8.649350649350648,-10.675000000000011,4,6,baseline_mid,0.9191813537086269,0.9108587163343594
1473440,2025,12,6,1,-9.740740740740733,6.2857142857142865,8.615384615384615,-10.450000000000003,4,6,baseline_mid,0.9207934512186082,0.9125069231556057
1473440,2025,13,1,1,-9.740740740740733,6.2926829268292686,8.582278481012658,-10.225000000000009,4,6,baseline_mid,0.9170722432471587,0.9132045660041561
1473440,2025,13,2,1,-9.740740740740733,6.449999999999999,8.475000000000001,-11.0,4,6,baseline_mid,0.9070204589878361,0.9031045456907835
1473440,2025,13,3,1,-9.740740740740733,6.461538461538462,8.444444444444445,-10.774999999999991,4,6,baseline_mid,0.9064502930964059,0.9025329543732342
1473440,2025,13,4,1,-9.740740740740733,6.473684210526316,8.414634146341463,-10.550000000000011,4,6,baseline_mid,0.9166924928848725,0.9128221642462727
1473440,2025,13,5,1,-9.740740740740733,6.648648648648649,8.313253012048193,-11.324999999999989,4,6,baseline_mid,0.8987665130422148,0.8948427267938573
1473440,2025,13,6,1,-9.740740740740733,6.666666666666667,8.285714285714285,-11.100000000000009,4,6,baseline_mid,0.8977875442593689,0.8938645840083796
1473440,2025,14,1,1,-9.740740740740733,6.857142857142857,8.188235294117646,-16.395833333333314,5,5,baseline_mid,0.8250453441812168,0.8235435288577331
1473440,2025,14,2,1,-9.740740740740733,7.0588235294117645,8.093023255813954,-17.041666666666686,5,5,baseline_mid,0.813447805784411,0.8121874482244245
1473440,2025,14,3,1,-9.740740740740733,7.272727272727273,8.0,-17.6875,5,5,baseline_mid,0.8033413948145729,0.8023050586963557
1473440,2025,14,4,1,-9.740740740740733,7.3125,7.9772727272727275,-17.333333333333343,5,5,baseline_mid,0.8027464505134754,0.801723670623042
1473440,2025,14,5,1,-9.740740740740733,7.35483870967742,7.95505617977528,-16.979166666666657,5,5,baseline_mid,0.8099348596851401,0.8087510002509603
1473440,2025,14,6,1,-9.740740740740733,7.4,7.933333333333334,-16.625,5,5,baseline_mid,0.7996360035914629,0.7986847364443925
1473440,2025,15,1,1,-9.740740740740733,7.448275862068966,7.912087912087912,-16.270833333333343,5,5,baseline_mid,0.8084506585997412,0.8091637181521459
1473440,2025,15,2,1,-9.740740740740733,7.5,7.891304347826088,-15.916666666666657,5,5,baseline_mid,0.8165789931361651,0.8171464362573273
1473440,2025,15,3,1,-9.740740740740733,7.555555555555555,7.870967741935484,-15.5625,5,5,baseline_mid,0.8052643482706652,0.8060354288332258
1473440,2025,15,4,1,-9.740740740740733,7.615384615384615,7.851063829787234,-15.208333333333314,5,5,baseline_mid,0.8151773351334757,0.8157696328381625
1473440,2025,15,5,1,-9.740740740740733,7.68,7.831578947368421,-14.854166666666686,5,5,baseline_mid,0.8056261313847626,0.8063905986204197
1473440,2025,15,6,1,-9.740740740740733,7.75,7.8125,-14.5,5,5,baseline_mid,0.8168227437070135,0.8173858758195873
1473441,2025,7,1,1,-22.5,11.142857142857142,9.348837209302326,-74.94583333333333,5,5,baseline_mid,0.06587119937699984,0.08913511709710152
1473441,2025,7,2,1,-22.5,11.210526315789474,9.272727272727273,-74.81666666666666,5,5,baseline_mid,0.0749736283541475,0.09938886746179086
1473441,2025,7,3,1,-22.5,11.040000000000001,9.600000000000001,-71.6875,5,5,baseline_mid,0.0869331472655427,0.11254413325389494
1473441,2025,7,4,1,-22.5,11.18918918918919,9.391304347826088,-72.55833333333334,5,5,baseline_mid,0.08646612604930089,0.11203652627899499
1473441,2025,7,5,1,-22.5,11.342465753424658,9.191489361702128,-73.42916666666667,5,5,baseline_mid,0.08439424480404095,0.10977886093502534
1473441,2025,7,6,1,-22.5,11.5,9.0,-74.29999999999998,5,5,baseline_mid,0.08213262237381996,0.10730353114246818
1473441,2025,8,1,1,-22.5,11.154929577464788,9.551020408163264,-69.17083333333332,5,5,baseline_mid,0.11171134937378205,0.13846515540804336
1473441,2025,8,2,1,-22.5,11.228571428571428,9.48,-69.04166666666666,5,5,baseline_mid,0.1082524532292244,0.1348168688680027
1473441,2025,8,3,1,-22.5,11.043478260869565,9.764705882352942,-65.9125,5,5,baseline_mid,0.12022225859162369,0.14736572619193308
1473441,2025,8,4,1,-22.5,11.205882352941178,9.576923076923077,-66.78333333333333,5,5,baseline_mid,0.1178844759740494,0.14493137729753555
1473441,2025,8,5,1,-22.5,11.373134328358208,9.39622641509434,-67.65416666666667,5,5,baseline_mid,0.11541669469354814,0.14235316633444864
1473441,2025,8,6,1,-22.5,11.545454545454547,9.222222222222221,-68.525,5,5,baseline_mid,0.1077680250263696,0.13430442186688965
1473441,2025,9,1,1,-22.5,11.63076923076923,9.163636363636364,-68.39583333333334,5,5,baseline_mid,0.10576178426040234,0.1424825255062197
1473441,2025,9,2,1,-22.5,11.625,9.214285714285715,-67.26666666666668,5,5,baseline_mid,0.11140257830313426,0.14861632125255714
1473441,2025,9,3,1,-22.5,11.714285714285714,9.157894736842106,-67.13750000000002,5,5,baseline_mid,0.10772107985909975,0.14462049854801898
1473441,2025,9,4,1,-22.5,11.903225806451612,9.0,-68.00833333333333,5,5,baseline_mid,0.09951938173221195,0.13561569530655487
1473441,2025,9,5,1,-22.5,12.098360655737704,8.847457627118644,-68.87916666666666,5,5,baseline_mid,0.09175864931833952,0.12695413793109467
1473441,2025,9,6,1,-22.5,12.2,8.799999999999999,-68.75,5,5,baseline_mid,0.08797028030479442,0.12267220292807623
1473441,2025,10,1,1,-22.5,12.305084745762711,8.754098360655739,-68.62083333333334,5,5,baseline_mid,0.08158312562615523,0.10827916233455022
1473441,2025,10,2,1,-22.5,12.517241379310345,8.612903225806452,-69.49166666666667,5,5,baseline_mid,0.07754414709678105,0.10365853561026644
1473441,2025,10,3,1,-22.5,12.631578947368421,8.571428571428571,-69.36249999999998,5,5,baseline_mid,0.07328109835788112,0.09874059960735769
1473441,2025,10,4,1,-22.5,12.857142857142858,8.4375,-70.23333333333332,5,5,baseline_mid,0.06620942745552633,0.0904828012369607
1473441,2025,10,5,1,-22.5,12.654545454545453,8.676923076923076,-67.10416666666669,5,5,baseline_mid,0.080770185391382,0.10735208646202804
1473441,2025,10,6,1,-22.5,12.777777777777779,8.636363636363637,-66.975,5,5,baseline_mid,0.0792253272008829,0.1055862865727196
1473441,2025,11,1,1,-22.5,12.90566037735849,8.597014925373134,-66.84583333333333,5,5,baseline_mid,0.07581631307660974,0.10022070618356775
1473441,2025,11,2,1,-22.5,13.038461538461537,8.558823529411764,-66.71666666666667,5,5,baseline_mid,0.07363224991154352,0.09767895965202983
1473441,2025,11,3,1,-22.5,13.176470588235295,8.521739130434783,-66.5875,5,5,baseline_mid,0.07371102184400274,0.09777080966529259
1473441,2025,11,4,1,-22.5,13.440000000000001,8.399999999999999,-67.45833333333331,5,5,baseline_mid,0.06514450496255868,0.08770020615711553
1473441,2025,11,5,1,-22.5,13.591836734693878,8.366197183098592,-67.32916666666668,5,5,baseline_mid,0.06167016052998045,0.08356594277516576
1473441,2025,11,6,1,-22.5,13.75,8.333333333333332,-67.20000000000002,5,5,baseline_mid,0.05835250273553316,0.07958906322906704
1473441,2025,11,7,1,-22.5,13.914893617021276,8.301369863013699,-67.07083333333333,5,5,baseline_mid,0.056784776458770794,0.07769948932435437
1473441,2025,12,1,1,-22.5,13.148936170212766,8.794520547945206,-61.070833333333326,5,5,baseline_mid,0.08800061181070777,0.10584280682523807
1473441,2025,12,2,1,-22.5,12.652173913043478,9.162162162162161,-55.94166666666666,5,5,baseline_mid,0.12153884018337673,0.14220418173445004
1473441,2025,12,3,1,-22.5,12.933333333333334,9.04,-64.65,6,4,baseline_mid,0.042051101388497165,0.0536513545255507
1473441,2025,12,4,1,-22.5,13.09090909090909,9.0,-64.34666666666666,6,4,baseline_mid,0.05108882721672928,0.06420726852664166
1473441,2025,12,5,1,-22.5,13.25581395348837,8.96103896103896,-64.04333333333335,6,4,baseline_mid,0.05237211850423428,0.06569228991149757
1473441,2025,12,6,1,-22.5,13.428571428571429,8.923076923076923,-63.74000000000001,6,4,baseline_mid,0.04917454937149625,0.06198596512227863
1473441,2025,13,1,1,-22.5,13.170731707317074,9.113924050632912,-60.43666666666667,6,4,baseline_mid,0.059439012530732714,0.06678654278864193
1473441,2025,13,2,1,-22.5,13.350000000000001,9.075,-60.133333333333326,6,4,baseline_mid,0.057660085440250926,0.06486887072632659
1473441,2025,13,3,1,-22.5,13.538461538461538,9.037037037037038,-59.83000000000001,6,4,baseline_mid,0.05590445893805869,0.0629736202331817
1473441,2025,13,4,1,-22.5,13.263157894736842,9.21951219512195,-56.52666666666667,6,4,baseline_mid,0.0636636209895039,0.07133003505660963
1473441,2025,13,5,1,-22.5,12.648648648648647,9.542168674698795,-51.22333333333333,6,4,baseline_mid,0.08799495142529858,0.09724253840211422
1473441,2025,13,6,1,-22.5,12.833333333333332,9.5,-50.91999999999999,6,4,baseline_mid,0.08614033070689858,0.09528118098251427
1473441,2025,14,1,1,-22.5,12.514285714285716,9.670588235294119,-47.616666666666674,6,4,baseline_mid,0.10000749404949263,0.10834686127255197
1473441,2025,14,2,1,-22.5,12.705882352941178,9.627906976744185,-47.31333333333333,6,4,baseline_mid,0.09513635856501713,0.10325237172343753
1473441,2025,14,3,1,-22.5,12.909090909090908,9.586206896551724,-47.00999999999999,6,4,baseline_mid,0.10200696355207618,0.11043499449069685
1473441,2025,14,4,1,-22.5,13.125,9.545454545454545,-46.70666666666665,6,4,baseline_mid,0.09632826246535903,0.1044999062467893
1473441,2025,14,5,1,-22.5,12.387096774193548,9.842696629213483,-41.403333333333336,6,4,baseline_mid,0.13743155603329202,0.14716910093136462
1473441,2025,14,6,1,-22.5,12.600000000000001,9.8,-41.099999999999994,6,4,baseline_mid,0.1343024475068777,0.14394266160304356
1473441,2025,14,7,1,-22.5,12.827586206896552,9.758241758241759,-40.79666666666665,6,4,baseline_mid,0.12681599477487118,0.13620973201226408
1473441,2025,15,1,1,-22.5,11.586206896551724,10.153846153846153,-34.79666666666665,6,4,baseline_mid,0.18904919932569403,0.19667705440701314
1473441,2025,15,2,1,-22.5,11.142857142857142,10.304347826086957,-31.49333333333331,6,4,baseline_mid,0.24140557557080525,0.24959882173347425
1473441,2025,15,3,1,-22.5,11.333333333333332,10.258064516129032,-31.189999999999998,6,4,baseline_mid,0.23230527294303957,0.24042841469753048
1473441,2025,15,4,1,-22.5,10.846153846153847,10.404255319148936,-27.886666666666656,6,4,baseline_mid,0.33341949473849997,0.34176113134929587
1473441,2025,15,5,1,-22.5,10.32,10.547368421052632,-24.583333333333314,6,4,baseline_mid,0.4374208809854349,0.4449505048431047
1473441,2025,15,6,1,-22.5,10.5,10.5,-24.279999999999973,6,4,baseline_mid,0.4447468110791284,0.45218831154446854
1473442,2025,7,1,0,67.25,13.09090909090909,10.604651162790699,-26.66749999999999,1,9,baseline_mid,0.13672832154814096,0.1644337757950071
1473442,2025,7,2,0,67.25,12.947368421052632,10.909090909090908,-24.49000000000001,1,9,baseline_mid,0.1548587294042306,0.18246008918570877
1473442,2025,7,3,0,67.25,13.12,10.666666666666666,-26.3125,1,9,baseline_mid,0.14757366321933402,0.17526225035438447
1473442,2025,7,4,0,67.25,13.216216216216216,10.565217391304348,-27.13499999999999,1,9,baseline_mid,0.14505139849357387,0.17275631961574808
1473442,2025,7,5,0,67.25,13.397260273972602,10.340425531914892,-28.95750000000001,1,9,baseline_mid,0.1343163964035527,0.16200607545062004
1473442,2025,7,6,0,67.25,13.5,10.25,-29.779999999999987,1,9,baseline_mid,0.12124649410269878,0.14871660025151756
1473442,2025,8,1,0,67.25,13.35211267605634,10.53061224489796,-27.602500000000006,1,9,baseline_mid,0.13862964131196848,0.16627937410162646
1473442,2025,8,2,0,67.25,13.200000000000001,10.8,-25.424999999999997,1,9,baseline_mid,0.15159866709297426,0.1793605938274705
1473442,2025,8,3,0,67.25,13.391304347826088,10.588235294117647,-27.247500000000016,1,9,baseline_mid,0.1484356506139778,0.17618735055887483
1473442,2025,8,4,0,67.25,13.588235294117647,10.384615384615385,-29.069999999999993,1,9,baseline_mid,0.13019410062021017,0.1576656587466099
1473442,2025,8,5,0,67.25,13.701492537313435,10.30188679245283,-29.892499999999984,1,9,baseline_mid,0.1255578332416223,0.15289332906764552
1473442,2025,8,6,0,67.25,13.81818181818182,10.222222222222221,-30.714999999999975,1,9,baseline_mid,0.12337663923640657,0.1506383164607421
1473442,2025,8,7,0,67.25,13.938461538461539,10.145454545454545,-31.537499999999994,1,9,baseline_mid,0.12160961457404537,0.14880676279331775
1473442,2025,9,1,0,67.25,13.384615384615385,10.8,-25.537499999999994,1,9,baseline_mid,0.15599571340927879,0.19513076505955654
1473442,2025,9,2,0,67.25,13.5,10.714285714285715,-26.36,1,9,baseline_mid,0.14554268272744753,0.18450455862663856
1473442,2025,9,3,0,67.25,13.619047619047619,10.631578947368421,-27.182500000000005,1,9,baseline_mid,0.1378398738218108,0.17657413644335768
1473442,2025,9,4,0,67.25,13.741935483870968,10.551724137931034,-28.004999999999967,1,9,baseline_mid,0.14150489913230638,0.18035848971695617
1473442,2025,9,5,0,67.25,13.868852459016395,10.474576271186441,-28.827499999999986,1,9,baseline_mid,0.1295183714063721,0.16790370899876442
1473442,2025,9,6,0,67.25,14.0,10.4,-29.650000000000006,1,9,baseline_mid,0.12782123669074652,0.16612155124601088
1473442,2025,10,1,0,67.25,14.135593220338983,10.327868852459016,-30.472499999999997,1,9,baseline_mid,0.12032307675218717,0.1510046409043407
1473442,2025,10,2,0,67.25,14.172413793103448,10.35483870967742,-30.294999999999987,1,9,baseline_mid,0.11540370017239288,0.14571811345875774
1473442,2025,10,3,0,67.25,14.315789473684209,10.285714285714285,-31.117500000000007,1,9,baseline_mid,0.10551267659124147,0.13497667174415945
1473442,2025,10,4,0,67.25,13.92857142857143,10.6875,-26.939999999999998,1,9,baseline_mid,0.14507196621187077,0.1771018976042107
1473442,2025,10,5,0,67.25,14.07272727272727,10.615384615384615,-27.762500000000017,1,9,baseline_mid,0.14631642304941483,0.17839406002435745
1473442,2025,10,6,0,67.25,13.666666666666666,11.0,-23.58499999999998,1,9,baseline_mid,0.16941652500050444,0.2020734526994265
1473442,2025,11,1,0,67.25,13.471698113207548,11.194029850746269,-21.4075,1,9,baseline_mid,0.20003399306269595,0.2334437316546519
1473442,2025,11,2,0,67.25,13.615384615384615,11.117647058823529,-22.22999999999999,1,9,baseline_mid,0.19714346785377404,0.2305234480057064
1473442,2025,11,3,0,67.25,13.76470588235294,11.043478260869565,-23.05249999999998,1,9,baseline_mid,0.1866922723418332,0.21991066373520213
1473442,2025,11,4,0,67.25,13.919999999999998,10.971428571428572,-23.875,1,9,baseline_mid,0.17112887158615472,0.20394013185034296
1473442,2025,11,5,0,67.25,13.46938775510204,11.32394366197183,-19.69750000000002,1,9,baseline_mid,0.2258760346951617,0.2592856934627399
1473442,2025,11,6,0,67.25,13.25,11.5,-17.519999999999982,1,9,baseline_mid,0.24397735969191492,0.2771262054860492
1473442,2025,11,7,0,67.25,13.53191489361702,11.342465753424658,-19.3425,1,9,baseline_mid,0.23358033047313143,0.2669036070620255
1473442,2025,12,1,0,67.25,12.76595744680851,11.835616438356164,-13.342500000000001,1,9,baseline_mid,0.3028127535102795,0.3256747897591578
1473442,2025,12,2,0,67.25,12.913043478260867,11.756756756756756,-14.16500000000002,1,9,baseline_mid,0.2936937058504787,0.3167950423462927
1473442,2025,12,3,0,67.25,13.200000000000001,11.6,-25.099999999999994,2,8,baseline_mid,0.18674373491946566,0.2102267727557907
1473442,2025,12,4,0,67.25,13.363636363636363,11.526315789473685,-25.72,2,8,baseline_mid,0.19729748282582849,0.22097995366420403
1473442,2025,12,5,0,67.25,13.11627906976744,11.688311688311689,-23.340000000000003,2,8,baseline_mid,0.21863880319302434,0.24254499177380828
1473442,2025,12,6,0,67.25,13.142857142857144,11.692307692307692,-22.95999999999998,2,8,baseline_mid,0.22925931679103667,0.25319388760013267
1473442,2025,13,1,0,67.25,12.585365853658537,12.0,-18.579999999999984,2,8,baseline_mid,0.26071578540642065,0.27371633197095696
1473442,2025,13,2,0,67.25,12.299999999999999,12.149999999999999,-16.200000000000017,2,8,baseline_mid,0.29778647337202935,0.31052264264953294
1473442,2025,13,3,0,67.25,12.615384615384617,12.0,-17.819999999999993,2,8,baseline_mid,0.28230208863994377,0.29518139232366947
1473442,2025,13,4,0,67.25,12.0,12.292682926829269,-13.43999999999997,2,8,baseline_mid,0.3437833233495869,0.3558492877885514
1473442,2025,13,5,0,67.25,12.324324324324323,12.14457831325301,-15.060000000000002,2,8,baseline_mid,0.33477029586211055,0.34699428624088524
1473442,2025,13,6,0,67.25,12.5,12.071428571428571,-15.680000000000007,2,8,baseline_mid,0.3264064377356788,0.3387659274751135
1473442,2025,14,1,0,67.25,12.685714285714287,12.0,-16.299999999999983,2,8,baseline_mid,0.31628970450342736,0.3275162500745519
1473442,2025,14,2,0,67.25,12.882352941176471,11.930232558139535,-16.919999999999987,2,8,baseline_mid,0.2967778521427452,0.30814424067515844
1473442,2025,14,3,0,67.25,13.272727272727272,11.793103448275861,-18.54000000000002,2,8,baseline_mid,0.28909486298243564,0.3005001731704704
1473442,2025,14,4,0,67.25,13.5,11.727272727272727,-19.159999999999997,2,8,baseline_mid,0.28257663537582967,0.2940074824311647
1473442,2025,14,5,0,67.25,13.935483870967744,11.595505617977528,-20.78,2,8,baseline_mid,0.2701946046802697,0.2816543433255097
1473442,2025,14,6,0,67.25,14.2,11.533333333333333,-21.400000000000006,2,8,baseline_mid,0.2622236454307595,0.27368787411023465
1473442,2025,14,7,0,67.25,14.482758620689655,11.472527472527473,-22.019999999999982,2,8,baseline_mid,0.2512771084846279,0.262728700448771
1473442,2025,15,1,0,67.25,14.068965517241377,11.604395604395604,-20.019999999999982,2,8,baseline_mid,0.27528638299971886,0.2836470347167458
1473442,2025,15,2,0,67.25,14.357142857142858,11.543478260869566,-20.640000000000015,2,8,baseline_mid,0.25956191428271597,0.26786263054461373
1473442,2025,15,3,0,67.25,14.666666666666668,11.483870967741936,-21.25999999999999,2,8,baseline_mid,0.23702679561474538,0.24518770047645633
1473442,2025,15,4,0,67.25,15.0,11.425531914893618,-21.879999999999995,2,8,baseline_mid,0.22686399428060777,0.23493982891281626
1473442,2025,15,5,0,67.25,15.36,11.368421052631579,-22.49999999999997,2,8,baseline_mid,0.21354428826548752,0.2214866902380017
1473442,2025,15,6,0,67.25,15.5,11.375,-22.120000000000005,2,8,baseline_mid,0.2212928904435529,0.22931600374568906
1473443,2025,7,1,1,-29.0,8.103896103896105,6.697674418604651,-15.7975,1,9,baseline_mid,0.8103317333492677,0.7719211157976638
1473443,2025,7,2,1,-29.0,8.131578947368421,6.681818181818182,-15.930000000000007,1,9,baseline_mid,0.8083626007769165,0.7699754645468295
1473443,2025,7,3,1,-29.0,8.24,6.533333333333333,-17.0625,1,9,baseline_mid,0.7966843013800282,0.7585112041710486
1473443,2025,7,4,1,-29.0,8.27027027027027,6.521739130434782,-17.194999999999993,1,9,baseline_mid,0.7933138433123963,0.7552254173737069
1473443,2025,7,5,1,-29.0,8.301369863013699,6.51063829787234,-17.3275,1,9,baseline_mid,0.7991897177118512,0.7609601892329391
1473443,2025,7,6,1,-29.0,8.083333333333334,6.875,-14.459999999999994,1,9,baseline_mid,0.8041542082067616,0.7658296612193054
1473443,2025,8,1,1,-29.0,8.112676056338028,6.857142857142857,-14.592500000000001,1,9,baseline_mid,0.8239705159094478,0.7920373891728612
1473443,2025,8,2,1,-29.0,8.142857142857142,6.84,-14.724999999999994,1,9,baseline_mid,0.8196226642565287,0.7877250182265518
1473443,2025,8,3,1,-29.0,8.173913043478262,6.823529411764706,-14.857500000000002,1,9,baseline_mid,0.8239909982228482,0.7920577458315672
1473443,2025,8,4,1,-29.0,8.205882352941178,6.8076923076923075,-14.989999999999995,1,9,baseline_mid,0.8084592710433187,0.7767301028954946
1473443,2025,8,5,1,-29.0,8.238805970149254,6.7924528301886795,-15.122499999999988,1,9,baseline_mid,0.8185161236321092,0.786630269586584
1473443,2025,8,6,1,-29.0,8.272727272727273,6.777777777777777,-15.254999999999981,1,9,baseline_mid,0.8117818403110809,0.7799912204492998
1473443,2025,9,1,1,-29.0,8.399999999999999,6.654545454545454,-16.38749999999999,1,9,baseline_mid,0.8085486079207402,0.7739685029220845
1473443,2025,9,2,1,-29.0,8.53125,6.535714285714285,-17.519999999999996,1,9,baseline_mid,0.809287085314497,0.7746750212398542
1473443,2025,9,3,1,-29.0,8.095238095238095,7.052631578947369,-12.65249999999999,1,9,baseline_mid,0.838411209961089,0.8029848482558812
1473443,2025,9,4,1,-29.0,8.032258064516128,7.137931034482759,-11.784999999999982,1,9,baseline_mid,0.8473641976267552,0.8118812085736079
1473443,2025,9,5,1,-29.0,8.065573770491802,7.11864406779661,-11.917500000000004,1,9,baseline_mid,0.8460539561883833,0.8105729817115288
1473443,2025,9,6,1,-29.0,8.2,7.0,-13.050000000000011,1,9,baseline_mid,0.8477994965848028,0.8123163268389971
1473443,2025,10,1,1,-29.0,8.338983050847459,6.885245901639344,-21.60666666666667,2,8,baseline_mid,0.7955096452994195,0.7744536935202296
1473443,2025,10,2,1,-29.0,8.379310344827587,6.870967741935484,-21.61333333333333,2,8,baseline_mid,0.8082677421252613,0.7866193093017443
1473443,2025,10,3,1,-29.0,8.421052631578947,6.857142857142857,-21.620000000000005,2,8,baseline_mid,0.8203825816870529,0.798273560662458
1473443,2025,10,4,1,-29.0,8.464285714285715,6.84375,-21.62666666666668,2,8,baseline_mid,0.8100676496951444,0.7883442721259194
1473443,2025,10,5,1,-29.0,7.963636363636365,7.292307692307691,-16.633333333333326,2,8,baseline_mid,0.8581176029555304,0.8353242217517971
1473443,2025,10,6,1,-29.0,8.0,7.272727272727273,-16.639999999999986,2,8,baseline_mid,0.8564490280361539,0.8336586139881947
1473443,2025,11,1,1,-29.0,7.471698113207546,7.701492537313433,-11.646666666666675,2,8,baseline_mid,0.8849006038278402,0.8701913484572937
1473443,2025,11,2,1,-29.0,7.5,7.6764705882352935,-11.653333333333336,2,8,baseline_mid,0.8826684855290386,0.8679597465963083
1473443,2025,11,3,1,-29.0,7.529411764705882,7.652173913043478,-11.659999999999982,2,8,baseline_mid,0.874874590628258,0.8602050775645987
1473443,2025,11,4,1,-29.0,7.68,7.542857142857143,-12.666666666666657,2,8,baseline_mid,0.8757821222149009,0.8611051396987828
1473443,2025,11,5,1,-29.0,7.714285714285715,7.521126760563381,-12.673333333333332,2,8,baseline_mid,0.8719014588772742,0.857261585051109
1473443,2025,11,6,1,-29.0,7.75,7.5,-12.679999999999993,2,8,baseline_mid,0.8660929100743076,0.8515330887405066
1473443,2025,12,1,1,-29.0,7.404255319148936,7.726027397260275,-9.686666666666667,2,8,baseline_mid,0.8959770233879434,0.8873891588609667
1473443,2025,12,2,1,-29.0,7.434782608695652,7.702702702702703,-9.693333333333342,2,8,baseline_mid,0.8969409393781935,0.8883554983768326
1473443,2025,12,3,1,-29.0,7.066666666666666,7.92,-6.699999999999989,2,8,baseline_mid,0.923743837213103,0.9155300890335324
1473443,2025,12,4,1,-29.0,7.090909090909092,7.894736842105264,-6.7066666666666634,2,8,baseline_mid,0.9231627206895946,0.914933940171956
1473443,2025,12,5,1,-29.0,7.116279069767442,7.870129870129871,-6.713333333333338,2,8,baseline_mid,0.9185830361976841,0.9102476394595276
1473443,2025,12,6,1,-29.0,7.0,7.923076923076923,-5.719999999999999,2,8,baseline_mid,0.9295965298339096,0.9215540730628952
1473443,2025,13,1,1,-29.0,7.024390243902438,7.898734177215189,-5.7266666666666595,2,8,baseline_mid,0.9225941559456277,0.9187728919511277
1473443,2025,13,2,1,-29.0,7.050000000000001,7.875,-5.7333333333333485,2,8,baseline_mid,0.925712542134775,0.9219242553869201
1473443,2025,13,3,1,-29.0,7.076923076923077,7.851851851851852,-5.739999999999995,2,8,baseline_mid,0.923335144602504,0.9195212615852603
1473443,2025,13,4,1,-29.0,7.105263157894736,7.829268292682928,-5.7466666666666555,2,8,baseline_mid,0.9284040939600726,0.9246484075927375
1473443,2025,13,5,1,-29.0,7.135135135135135,7.80722891566265,-5.75333333333333,2,8,baseline_mid,0.9230794349818063,0.9192629731790831
1473443,2025,13,6,1,-29.0,7.166666666666666,7.7857142857142865,-5.760000000000005,2,8,baseline_mid,0.9256855467447991,0.9218969527237196
1473443,2025,14,1,1,-29.0,7.199999999999999,7.764705882352942,-5.7666666666666515,2,8,baseline_mid,0.9206148290117615,0.9180699774521044
1473443,2025,14,2,1,-29.0,7.235294117647058,7.744186046511628,-5.773333333333326,2,8,baseline_mid,0.9164024185007454,0.9138532176261605
1473443,2025,14,3,1,-29.0,7.272727272727273,7.724137931034482,-5.780000000000001,2,8,baseline_mid,0.919885022394989,0.9173389514080674
1473443,2025,14,4,1,-29.0,7.3125,7.704545454545455,-5.786666666666662,2,8,baseline_mid,0.9163559696412116,0.9138067565032636
1473443,2025,14,5,1,-29.0,7.35483870967742,7.685393258426966,-5.7933333333333366,2,8,baseline_mid,0.9201922506220055,0.9176466687730145
1473443,2025,14,6,1,-29.0,6.8,7.866666666666667,-2.8000000000000114,2,8,baseline_mid,0.9465872392145549,0.9442336256210384
1473443,2025,15,1,1,-29.0,6.206896551724139,8.043956043956044,0.19333333333334224,2,8,baseline_mid,0.9762096553739432,0.9754968269540529
1473443,2025,15,2,1,-29.0,6.428571428571429,7.956521739130434,-0.8133333333333326,2,8,baseline_mid,0.9691272431171373,0.968335264026513
1473443,2025,15,3,1,-29.0,6.444444444444445,7.935483870967742,-0.8199999999999932,2,8,baseline_mid,0.9686319755204993,0.9678355523413926
1473443,2025,15,4,1,-29.0,6.6923076923076925,7.851063829787234,-1.826666666666668,2,8,baseline_mid,0.9543274420585132,0.9534518308709028
1473443,2025,15,5,1,-29.0,6.720000000000001,7.831578947368421,-1.8333333333333286,2,8,baseline_mid,0.9523320178922048,0.9514518690465392
1473443,2025,15,6,1,-29.0,6.75,7.8125,-1.8399999999999892,2,8,baseline_mid,0.9541851593224485,0.9533091778660613
1473444,2025,7,1,1,-5.357142857142861,7.324675324675324,13.534883720930232,16.72500000000001,1,9,baseline_mid,0.950736876188066,0.9256075257429578
1473444,2025,7,2,1,-5.357142857142861,7.342105263157894,13.363636363636363,16.299999999999997,1,9,baseline_mid,0.9513279736982703,0.9263586280857423
1473444,2025,7,3,1,-5.357142857142861,7.120000000000001,13.6,18.875,1,9,baseline_mid,0.9609553131909485,0.9388334524134607
1473444,2025,7,4,1,-5.357142857142861,7.135135135135135,13.434782608695652,18.450000000000003,1,9,baseline_mid,0.9615650163470317,0.9396402157075213
1473444,2025,7,5,1,-5.357142857142861,7.15068493150685,13.27659574468085,18.02499999999999,1,9,baseline_mid,0.9632605778383718,0.9418954007827071
1473444,2025,7,6,1,-5.357142857142861,7.166666666666666,13.125,17.60000000000001,1,9,baseline_mid,0.9656162061507697,0.945058141543322
1473444,2025,7,7,1,-5.357142857142861,7.183098591549296,12.979591836734695,17.174999999999997,1,9,baseline_mid,0.9664261018239029,0.9461538857216442
1473444,2025,7,8,1,-5.357142857142861,6.942857142857143,13.200000000000001,19.75,1,9,baseline_mid,0.9752087713196342,0.9583502290540519
1473444,2025,7,9,1,-5.357142857142861,6.9565217391304355,13.058823529411764,19.32499999999999,1,9,baseline_mid,0.9753496506314443,0.9585511374967325
1473444,2025,8,1,1,-5.357142857142861,6.507042253521128,13.959183673469386,25.174999999999997,1,9,baseline_mid,0.9829435258802579,0.9716504024896853
1473444,2025,8,2,1,-5.357142857142861,6.514285714285714,13.799999999999999,24.75,1,9,baseline_mid,0.9831346921595041,0.9719255012086776
1473444,2025,8,3,1,-5.357142857142861,6.260869565217391,14.0,27.32499999999999,1,9,baseline_mid,0.9828328443387522,0.9714913271105261
1473444,2025,8,4,1,-5.357142857142861,6.264705882352942,13.846153846153845,26.900000000000006,1,9,baseline_mid,0.9833429646439344,0.9722257235964673
1473444,2025,8,5,1,-5.357142857142861,6.35820895522388,13.584905660377359,14.866666666666688,2,8,baseline_mid,0.9770183005196333,0.9633197002654816
1473444,2025,8,6,1,-5.357142857142861,6.454545454545454,13.333333333333334,13.600000000000009,2,8,baseline_mid,0.9620124355025108,0.9434691288219096
1473444,2025,8,7,1,-5.357142857142861,6.553846153846154,13.09090909090909,12.333333333333343,2,8,baseline_mid,0.96610642950173,0.9487432689757702
1473444,2025,9,1,1,-5.357142857142861,6.184615384615384,13.527272727272727,16.333333333333343,2,8,baseline_mid,0.9713423572877384,0.952270714346017
1473444,2025,9,2,1,-5.357142857142861,6.1875,13.392857142857142,16.066666666666677,2,8,baseline_mid,0.9730856414994846,0.9546931857592919
1473444,2025,9,3,1,-5.357142857142861,6.190476190476192,13.263157894736842,15.800000000000011,2,8,baseline_mid,0.9725171146230067,0.9539001079033144
1473444,2025,9,4,1,-5.357142857142861,6.193548387096774,13.137931034482758,15.533333333333331,2,8,baseline_mid,0.9782748028460977,0.9620825778501436
1473444,2025,9,5,1,-5.357142857142861,6.19672131147541,13.016949152542374,15.26666666666668,2,8,baseline_mid,0.9790236502733527,0.9631736898665757
1473444,2025,9,6,1,-5.357142857142861,6.200000000000001,12.899999999999999,15.0,2,8,baseline_mid,0.9804854986331935,0.9653239728380736
1473444,2025,10,1,1,-5.357142857142861,6.305084745762713,12.688524590163933,13.733333333333334,2,8,baseline_mid,0.9811258083917301,0.9714196677505282
1473444,2025,10,2,1,-5.357142857142861,6.310344827586206,12.580645161290322,13.466666666666669,2,8,baseline_mid,0.9821069026571052,0.9727248719428991
1473444,2025,10,3,1,-5.357142857142861,6.0,12.761904761904763,16.200000000000003,2,8,baseline_mid,0.9837322670386991,0.9749081003593106
1473444,2025,10,4,1,-5.357142857142861,5.678571428571429,12.9375,18.933333333333323,2,8,baseline_mid,0.9870191627472307,0.9794138289654731
1473444,2025,10,5,1,-5.357142857142861,5.781818181818181,12.73846153846154,17.66666666666667,2,8,baseline_mid,0.9870857283631238,0.9795064881849562
1473444,2025,10,6,1,-5.357142857142861,5.888888888888889,12.545454545454545,7.849999999999994,3,7,baseline_mid,0.9779856081031518,0.9672994362516932
1473444,2025,10,7,1,-5.357142857142861,6.0,12.358208955223882,6.741666666666646,3,7,baseline_mid,0.971947774433622,0.959585736352845
1473444,2025,11,1,1,-5.357142857142861,5.320754716981132,12.895522388059701,12.741666666666646,3,7,baseline_mid,0.9777198628918986,0.9699564547330011
1473444,2025,11,2,1,-5.357142857142861,5.423076923076923,12.705882352941178,11.633333333333326,3,7,baseline_mid,0.9792773238069241,0.9718441000013849
1473444,2025,11,3,1,-5.357142857142861,5.529411764705882,12.521739130434781,10.525000000000006,3,7,baseline_mid,0.981129360043234,0.9741091382797088
1473444,2025,11,4,1,-5.357142857142861,5.5200000000000005,12.42857142857143,10.416666666666686,3,7,baseline_mid,0.9818544155299963,0.9750023587483023
1473444,2025,11,5,1,-5.357142857142861,5.142857142857142,12.591549295774648,13.308333333333337,3,7,baseline_mid,0.9853302250189042,0.97934133129912
1473444,2025,11,6,1,-5.357142857142861,5.25,12.416666666666668,12.200000000000017,3,7,baseline_mid,0.9859809516502012,0.9801652890733656
1473444,2025,12,1,1,-5.357142857142861,5.23404255319149,12.328767123287673,12.091666666666669,3,7,baseline_mid,0.987035166902798,0.9837166757804517
1473444,2025,12,2,1,-5.357142857142861,5.217391304347826,12.243243243243242,11.98333333333332,3,7,baseline_mid,0.9873537549746009,0.9840897482371064
1473444,2025,12,3,1,-5.357142857142861,5.2,12.16,11.875,3,7,baseline_mid,0.988010359624402,0.9848607604648156
1473444,2025,12,4,1,-5.357142857142861,5.181818181818182,12.078947368421051,11.766666666666652,3,7,baseline_mid,0.9874795248576828,0.9842372090994232
1473444,2025,12,5,1,-5.357142857142861,5.162790697674419,12.0,11.658333333333303,3,7,baseline_mid,0.988434276575853,0.9853601150620278
1473444,2025,12,6,1,-5.357142857142861,5.285714285714286,11.846153846153847,3.9000000000000057,4,6,baseline_mid,0.966777159192024,0.960919548114092
1473444,2025,13,1,1,-5.357142857142861,5.2682926829268295,11.772151898734178,3.9499999999999886,4,6,baseline_mid,0.960259592708133,0.9572485957701006
1473444,2025,13,2,1,-5.357142857142861,5.25,11.7,4.0,4,6,baseline_mid,0.9592560763855639,0.9562092297653834
1473444,2025,13,3,1,-5.357142857142861,5.230769230769231,11.62962962962963,4.050000000000011,4,6,baseline_mid,0.961956757461394,0.9590086982028383
1473444,2025,13,4,1,-5.357142857142861,4.7368421052631575,11.78048780487805,7.099999999999994,4,6,baseline_mid,0.9799638087847087,0.9779040530406733
1473444,2025,13,5,1,-5.357142857142861,4.702702702702703,11.710843373493976,7.150000000000006,4,6,baseline_mid,0.980534029967062,0.9785107295138559
1473444,2025,13,6,1,-5.357142857142861,4.666666666666667,11.642857142857142,7.199999999999989,4,6,baseline_mid,0.982681457671227,0.9808015256082041
1473444,2025,14,1,1,-5.357142857142861,4.628571428571429,11.576470588235294,7.25,4,6,baseline_mid,0.9836022885607406,0.9822944456898195
1473444,2025,14,2,1,-5.357142857142861,4.764705882352941,11.44186046511628,0.9166666666666572,5,5,baseline_mid,0.9531445526185786,0.9508938398892071
1473444,2025,14,3,1,-5.357142857142861,4.727272727272727,11.379310344827587,1.125,5,5,baseline_mid,0.9470820694364677,0.9447353272631233
1473444,2025,14,4,1,-5.357142857142861,4.6875,11.318181818181818,1.3333333333333144,5,5,baseline_mid,0.9502603431178378,0.9479611460920946
1473444,2025,14,5,1,-5.357142857142861,4.064516129032258,11.460674157303371,4.541666666666657,5,5,baseline_mid,0.9574604091888907,0.9552924556090678
1473444,2025,14,6,1,-5.357142857142861,4.199999999999999,11.333333333333332,3.75,5,5,baseline_mid,0.9656115358760078,0.9636375482769608
1473444,2025,14,7,1,-5.357142857142861,3.1034482758620694,11.604395604395604,8.958333333333343,5,5,baseline_mid,0.978719896849665,0.9771898680365754
1473444,2025,15,1,1,-5.357142857142861,2.896551724137931,11.67032967032967,9.958333333333343,5,5,baseline_mid,0.9812482515899826,0.9806126764177585
1473444,2025,15,2,1,-5.357142857142861,1.7142857142857142,11.934782608695652,15.166666666666686,5,5,baseline_mid,0.9838672706264345,0.9832804166080984
1473444,2025,15,3,1,-5.357142857142861,0.8888888888888888,12.064516129032258,18.375,5,5,baseline_mid,0.9872196146751702,0.9867056263403956
1473444,2025,15,4,1,-5.357142857142861,0.6923076923076923,12.0,18.583333333333343,5,5,baseline_mid,0.9883299757101517,0.9878431671348454
1473444,2025,15,5,1,-5.357142857142861,0.48,11.936842105263157,18.791666666666657,5,5,baseline_mid,0.989130776143452,0.9886646451372308
1473444,2025,15,6,1,-5.357142857142861,0.5,11.8125,18.0,5,5,baseline_mid,0.9898049600380584,0.9893569902910518
1473445,2025,7,1,0,31.60714285714286,12.233766233766232,5.5813953488372094,-67.96333333333332,3,7,baseline_mid,0.05188016794633345,0.07288298847231627
1473445,2025,7,2,0,31.60714285714286,12.315789473684212,5.590909090909091,-68.10666666666665,3,7,baseline_mid,0.049249412348060115,0.06974927685185914
1473445,2025,7,3,0,31.60714285714286,12.400000000000002,5.6,-68.25,3,7,baseline_mid,0.04734844313027774,0.06746751167818875
1473445,2025,7,4,0,31.60714285714286,12.486486486486488,5.608695652173913,-68.39333333333335,3,7,baseline_mid,0.048302990301411206,0.06861514006345806
1473445,2025,7,5,0,31.60714285714286,12.493150684931507,5.74468085106383,-67.53666666666668,3,7,baseline_mid,0.04946684876550148,0.07000932452520296
1473445,2025,7,6,0,31.60714285714286,12.666666666666668,5.625,-68.68,3,7,baseline_mid,0.045710744426706335,0.06548952088784886
1473445,2025,8,1,0,31.60714285714286,12.760563380281688,5.63265306122449,-68.82333333333335,3,7,baseline_mid,0.046174817197871434,0.06515648462203423
1473445,2025,8,2,0,31.60714285714286,12.857142857142858,5.64,-68.96666666666667,3,7,baseline_mid,0.045097056905651245,0.06384965585878678
1473445,2025,8,3,0,31.60714285714286,12.695652173913043,6.0,-66.11,3,7,baseline_mid,0.05701225699786812,0.07805481803469143
1473445,2025,8,4,0,31.60714285714286,12.794117647058822,6.0,-66.25333333333334,3,7,baseline_mid,0.0562409307430386,0.07715029547797142
1473445,2025,8,5,0,31.60714285714286,12.985074626865671,5.886792452830189,-78.34,4,6,baseline_mid,0.02443348832267811,0.03767570670825859
1473445,2025,8,6,0,31.60714285714286,13.09090909090909,5.888888888888889,-78.32,4,6,baseline_mid,0.02860286191719116,0.04316075492547051
1473445,2025,9,1,0,31.60714285714286,13.292307692307693,5.781818181818181,-79.30000000000001,4,6,baseline_mid,0.028002057724020882,0.0478807359941551
1473445,2025,9,2,0,31.60714285714286,12.9375,6.321428571428571,-74.28,4,6,baseline_mid,0.037912214303244346,0.06152027749317385
1473445,2025,9,3,0,31.60714285714286,13.142857142857144,6.210526315789474,-75.26000000000002,4,6,baseline_mid,0.04013155838115236,0.06447700673096972
1473445,2025,9,4,0,31.60714285714286,12.96774193548387,6.517241379310345,-72.23999999999998,4,6,baseline_mid,0.047108672685994425,0.07357865304090606
1473445,2025,9,5,0,31.60714285714286,13.081967213114755,6.508474576271187,-72.22,4,6,baseline_mid,0.0448700833483528,0.07068854494484852
1473445,2025,9,6,0,31.60714285714286,13.200000000000001,6.5,-72.19999999999999,4,6,baseline_mid,0.04561682916854959,0.0716556464322687
1473445,2025,10,1,0,31.60714285714286,13.322033898305083,6.491803278688526,-72.18,4,6,baseline_mid,0.046470504604650985,0.06665245752169145
1473445,2025,10,2,0,31.60714285714286,13.551724137931036,6.387096774193548,-73.16,4,6,baseline_mid,0.042400375387613626,0.06156590340644093
1473445,2025,10,3,0,31.60714285714286,13.68421052631579,6.380952380952381,-73.14000000000001,4,6,baseline_mid,0.03988386065758397,0.058385446104727255
1473445,2025,10,4,0,31.60714285714286,13.82142857142857,6.375,-73.12,4,6,baseline_mid,0.040481658099088776,0.0591435411188091
1473445,2025,10,5,0,31.60714285714286,13.963636363636363,6.36923076923077,-73.10000000000002,4,6,baseline_mid,0.03804013443813625,0.056036826769495604
1473445,2025,10,6,0,31.60714285714286,13.777777777777779,6.636363636363636,-70.07999999999998,4,6,baseline_mid,0.04974869777991253,0.07070150385059971
1473445,2025,11,1,0,31.60714285714286,14.037735849056602,6.537313432835822,-71.06000000000003,4,6,baseline_mid,0.0420340046340741,0.05955362077505951
1473445,2025,11,2,0,31.60714285714286,14.307692307692307,6.4411764705882355,-72.03999999999999,4,6,baseline_mid,0.03716833943239087,0.05339969020019036
1473445,2025,11,3,0,31.60714285714286,14.470588235294116,6.434782608695652,-72.02000000000001,4,6,baseline_mid,0.03360673743491151,0.04883177181315288
1473445,2025,11,4,0,31.60714285714286,14.76,6.342857142857143,-73.0,4,6,baseline_mid,0.029011225215319732,0.04284844189598687
1473445,2025,11,5,0,31.60714285714286,14.938775510204081,6.338028169014084,-72.97999999999999,4,6,baseline_mid,0.027099254081479382,0.04032610309972133
1473445,2025,11,6,0,31.60714285714286,15.25,6.25,-73.96000000000001,4,6,baseline_mid,0.02420523491920759,0.036467082717336945
1473445,2025,12,1,0,31.60714285714286,15.574468085106382,6.164383561643836,-82.61666666666667,5,5,baseline_mid,0.013631987775604856,0.01888480606862435
1473445,2025,12,2,0,31.60714285714286,15.913043478260867,6.081081081081082,-83.43333333333334,5,5,baseline_mid,0.01048127321750202,0.01478891780217552
1473445,2025,12,3,0,31.60714285714286,16.133333333333333,6.08,-83.25,5,5,baseline_mid,0.010232894632451642,0.014462488889113188
1473445,2025,12,4,0,31.60714285714286,15.954545454545455,6.315789473684211,-80.06666666666666,5,5,baseline_mid,0.014408835270064615,0.019883277012629107
1473445,2025,12,5,0,31.60714285714286,16.325581395348838,6.233766233766233,-87.90666666666667,6,4,baseline_mid,0.005665029588925362,0.008337551847393257
1473445,2025,12,6,0,31.60714285714286,16.57142857142857,6.230769230769232,-87.56,6,4,baseline_mid,0.006140115543799111,0.008987484574483317
1473445,2025,13,1,0,31.60714285714286,16.829268292682926,6.227848101265822,-87.21333333333331,6,4,baseline_mid,0.006187319661792468,0.007566084640134615
1473445,2025,13,2,0,31.60714285714286,16.950000000000003,6.300000000000001,-85.86666666666667,6,4,baseline_mid,0.006219106757757702,0.007603588415232733
1473445,2025,13,3,0,31.60714285714286,17.23076923076923,6.296296296296296,-85.52000000000001,6,4,baseline_mid,0.006012020350765926,0.007359132743249181
1473445,2025,13,4,0,31.60714285714286,17.526315789473685,6.2926829268292686,-85.17333333333332,6,4,baseline_mid,0.006058913791946541,0.007414514534197579
1473445,2025,13,5,0,31.60714285714286,17.83783783783784,6.289156626506024,-84.82666666666668,6,4,baseline_mid,0.005943698118875427,0.007278415276322965
1473445,2025,13,6,0,31.60714285714286,18.166666666666664,6.2857142857142865,-84.47999999999999,6,4,baseline_mid,0.005884137093101584,0.0072080211634996064
1473445,2025,14,1,0,31.60714285714286,18.514285714285716,6.282352941176471,-84.13333333333333,6,4,baseline_mid,0.005879629047725177,0.00694418756607087
1473445,2025,14,2,0,31.60714285714286,18.705882352941178,6.348837209302326,-82.78666666666669,6,4,baseline_mid,0.006056153254429728,0.007146819906442364
1473445,2025,14,3,0,31.60714285714286,19.272727272727273,6.275862068965517,-83.44,6,4,baseline_mid,0.005536511230823098,0.006549820378463067
1473445,2025,14,4,0,31.60714285714286,19.6875,6.2727272727272725,-83.09333333333333,6,4,baseline_mid,0.005461366205526861,0.00646335991279599
1473445,2025,14,5,0,31.60714285714286,19.935483870967744,6.337078651685393,-81.74666666666667,6,4,baseline_mid,0.00562986904334466,0.006657189682493513
1473445,2025,14,6,0,31.60714285714286,19.799999999999997,6.533333333333333,-78.4,6,4,baseline_mid,0.005691249954584389,0.006727755196682189
1473445,2025,15,1,0,31.60714285714286,20.275862068965516,6.527472527472527,-78.05333333333334,6,4,baseline_mid,0.005612964760500382,0.006236968344846033
1473445,2025,15,2,0,31.60714285714286,21.0,6.456521739130434,-83.28,7,3,baseline_mid,0.004292408814600103,0.004789965284053166
1473445,2025,15,3,0,31.60714285714286,21.77777777777778,6.387096774193548,-83.77000000000001,7,3,baseline_mid,0.004209326051082504,0.004698704320732735
1473445,2025,15,4,0,31.60714285714286,22.153846153846153,6.446808510638299,-82.26000000000002,7,3,baseline_mid,0.004259617583339736,0.004753949726341722
1473445,2025,15,5,0,31.60714285714286,23.04,6.378947368421052,-82.75,7,3,baseline_mid,0.004252492664102672,0.004746123627098775
1473445,2025,15,6,0,31.60714285714286,24.0,6.3125,-83.23999999999998,7,3,baseline_mid,0.004396054664915145,0.00490377328169273
1473446,2025,7,1,0,17.560000000000002,11.064935064935064,7.674418604651163,-40.386666666666656,2,8,baseline_mid,0.1521127521215786,0.1797538361752732
1473446,2025,7,2,0,17.560000000000002,10.894736842105264,8.045454545454545,-37.69333333333333,2,8,baseline_mid,0.17348666196912083,0.20061506180957614
1473446,2025,7,3,0,17.560000000000002,10.96,8.0,-38.0,2,8,baseline_mid,0.17410117713340756,0.201208284816788
1473446,2025,7,4,0,17.560000000000002,11.027027027027028,7.956521739130434,-38.30666666666666,2,8,baseline_mid,0.17013230891637843,0.19737078918263087
1473446,2025,7,5,0,17.560000000000002,10.684931506849315,8.553191489361701,-33.613333333333344,2,8,baseline_mid,0.2530680652208781,0.2750673988230139
1473446,2025,7,6,0,17.560000000000002,10.75,8.5,-33.92,2,8,baseline_mid,0.22201542163197235,0.24652008091718622
1473446,2025,7,7,0,17.560000000000002,10.816901408450704,8.448979591836736,-34.22666666666666,2,8,baseline_mid,0.22475995891719822,0.24906598304754113
1473446,2025,8,1,0,17.560000000000002,10.563380281690142,8.816326530612246,-31.22666666666666,2,8,baseline_mid,0.3092170058821863,0.3280556921398121
1473446,2025,8,2,0,17.560000000000002,10.628571428571428,8.76,-31.533333333333303,2,8,baseline_mid,0.303680447173489,0.323049991745925
1473446,2025,8,3,0,17.560000000000002,10.695652173913043,8.705882352941176,-31.840000000000003,2,8,baseline_mid,0.3070807202766109,0.32612549999967183
1473446,2025,8,4,0,17.560000000000002,10.764705882352942,8.653846153846153,-32.14666666666666,2,8,baseline_mid,0.2723674893159841,0.2945213079977551
1473446,2025,8,5,0,17.560000000000002,10.835820895522389,8.60377358490566,-32.45333333333332,2,8,baseline_mid,0.26534392257487976,0.2880658425754046
1473446,2025,8,6,0,17.560000000000002,10.636363636363637,8.88888888888889,-29.75999999999999,2,8,baseline_mid,0.3299975381824063,0.3467539387804691
1473446,2025,9,1,0,17.560000000000002,10.707692307692309,8.836363636363636,-30.066666666666663,2,8,baseline_mid,0.32218501107993225,0.35031448940541193
1473446,2025,9,2,0,17.560000000000002,10.78125,8.785714285714285,-30.37333333333332,2,8,baseline_mid,0.31710649577021754,0.34583009889566163
1473446,2025,9,3,0,17.560000000000002,10.857142857142858,8.736842105263158,-30.679999999999993,2,8,baseline_mid,0.31118878713282017,0.34059073412072166
1473446,2025,9,4,0,17.560000000000002,10.838709677419354,8.793103448275861,-29.986666666666665,2,8,baseline_mid,0.3318263588515601,0.35879891234516753
1473446,2025,9,5,0,17.560000000000002,10.918032786885245,8.745762711864407,-30.293333333333322,2,8,baseline_mid,0.3214673798987256,0.3496814676377559
1473446,2025,9,6,0,17.560000000000002,11.100000000000001,8.6,-31.599999999999994,2,8,baseline_mid,0.3151551488660678,0.3441041210307397
1473446,2025,10,1,0,17.560000000000002,11.1864406779661,8.557377049180328,-31.906666666666666,2,8,baseline_mid,0.27938692089775086,0.30886005129662814
1473446,2025,10,2,0,17.560000000000002,11.275862068965518,8.516129032258064,-32.213333333333324,2,8,baseline_mid,0.28198408287662513,0.31129345118838253
1473446,2025,10,3,0,17.560000000000002,10.842105263157896,8.952380952380953,-27.519999999999996,2,8,baseline_mid,0.4002478524702098,0.41940067514462337
1473446,2025,10,4,0,17.560000000000002,10.928571428571429,8.90625,-27.826666666666668,2,8,baseline_mid,0.3872185945782489,0.4076948404983903
1473446,2025,10,5,0,17.560000000000002,11.01818181818182,8.861538461538462,-28.133333333333326,2,8,baseline_mid,0.3835951243869247,0.40443245890923335
1473446,2025,10,6,0,17.560000000000002,11.222222222222223,8.727272727272727,-29.439999999999984,2,8,baseline_mid,0.3749373165959192,0.39662433725345286
1473446,2025,10,7,0,17.560000000000002,11.320754716981131,8.686567164179104,-29.746666666666684,2,8,baseline_mid,0.35023930028246636,0.37423910254728526
1473446,2025,11,1,0,17.560000000000002,11.320754716981131,8.686567164179104,-29.746666666666684,2,8,baseline_mid,0.352789208530343,0.3809079972555179
1473446,2025,11,2,0,17.560000000000002,11.538461538461538,8.558823529411764,-31.05333333333334,2,8,baseline_mid,0.32365605876129533,0.35360878873556806
1473446,2025,11,3,0,17.560000000000002,11.76470588235294,8.434782608695652,-40.69,3,7,baseline_mid,0.1610031720618278,0.1934339733795725
1473446,2025,11,4,0,17.560000000000002,12.0,8.314285714285713,-41.833333333333314,3,7,baseline_mid,0.16255170558036358,0.1950469127327893
1473446,2025,11,5,0,17.560000000000002,12.0,8.366197183098592,-40.97666666666666,3,7,baseline_mid,0.17137085992475434,0.20419006031689882
1473446,2025,11,6,0,17.560000000000002,12.25,8.25,-42.120000000000005,3,7,baseline_mid,0.16061046824084568,0.19302457071932097
1473446,2025,12,1,0,17.560000000000002,12.382978723404255,8.21917808219178,-42.26333333333332,3,7,baseline_mid,0.16850456824081908,0.19149072216484028
1473446,2025,12,2,0,17.560000000000002,12.652173913043478,8.108108108108109,-43.406666666666666,3,7,baseline_mid,0.14877037066482673,0.17097944638425014
1473446,2025,12,3,0,17.560000000000002,12.8,8.08,-43.55000000000001,3,7,baseline_mid,0.14499415043591404,0.16702356409154642
1473446,2025,12,4,0,17.560000000000002,12.272727272727273,8.447368421052632,-38.69333333333336,3,7,baseline_mid,0.20393258822359003,0.22770954915746378
1473446,2025,12,5,0,17.560000000000002,12.418604651162791,8.415584415584416,-38.83666666666667,3,7,baseline_mid,0.20068537884154028,0.22441899993417666
1473446,2025,12,6,0,17.560000000000002,12.714285714285715,8.307692307692307,-46.84,4,6,baseline_mid,0.11047736488181997,0.13033615781070276
1473446,2025,13,1,0,17.560000000000002,13.02439024390244,8.20253164556962,-47.82000000000002,4,6,baseline_mid,0.11216880991704453,0.12263083478085621
1473446,2025,13,2,0,17.560000000000002,13.200000000000001,8.175,-47.80000000000001,4,6,baseline_mid,0.10678404255854516,0.11700227440723046
1473446,2025,13,3,0,17.560000000000002,13.538461538461538,8.074074074074074,-48.78,4,6,baseline_mid,0.09302366375107321,0.10255035835644342
1473446,2025,13,4,0,17.560000000000002,13.578947368421051,8.121951219512196,-47.76000000000002,4,6,baseline_mid,0.10582484935459337,0.11599812762619506
1473446,2025,13,5,0,17.560000000000002,13.945945945945944,8.024096385542169,-48.73999999999998,4,6,baseline_mid,0.08299951535821992,0.0919547780233684
1473446,2025,13,6,0,17.560000000000002,14.166666666666668,8.0,-48.72,4,6,baseline_mid,0.07667450644472579,0.08523686366951742
1473446,2025,14,1,0,17.560000000000002,14.57142857142857,7.905882352941177,-49.69999999999999,4,6,baseline_mid,0.06291356252890637,0.06925441498647802
1473446,2025,14,2,0,17.560000000000002,15.0,7.813953488372094,-50.68000000000001,4,6,baseline_mid,0.053678958542251666,0.05939800449122438
1473446,2025,14,3,0,17.560000000000002,14.727272727272727,8.0,-47.66,4,6,baseline_mid,0.07944999101724043,0.08677094716065265
1473446,2025,14,4,0,17.560000000000002,15.1875,7.909090909090908,-48.639999999999986,4,6,baseline_mid,0.05769033255726902,0.06368669256653242
1473446,2025,14,5,0,17.560000000000002,15.483870967741936,7.887640449438203,-48.620000000000005,4,6,baseline_mid,0.05011389094534284,0.05557656138609737
1473446,2025,14,6,0,17.560000000000002,15.8,7.866666666666667,-48.599999999999994,4,6,baseline_mid,0.05288007685336464,0.058542504617612144
1473446,2025,15,1,0,17.560000000000002,16.137931034482758,7.846153846153847,-48.579999999999984,4,6,baseline_mid,0.04902217951424133,0.0524967078729264
1473446,2025,15,2,0,17.560000000000002,16.714285714285715,7.760869565217391,-49.56,4,6,baseline_mid,0.03351996272302742,0.036148330126073665
1473446,2025,15,3,0,17.560000000000002,17.333333333333332,7.67741935483871,-50.53999999999999,4,6,baseline_mid,0.02792502442603409,0.030212856014542693
1473446,2025,15,4,0,17.560000000000002,18.0,7.595744680851064,-51.52000000000001,4,6,baseline_mid,0.021061728446079567,0.02289940313185556
1473446,2025,15,5,0,17.560000000000002,18.48,7.578947368421052,-51.5,4,6,baseline_mid,0.019215299206278555,0.020924693360900807
1473446,2025,15,6,0,17.560000000000002,19.25,7.5,-56.400000000000006,5,5,baseline_mid,0.014055409085527154,0.015386608733239654
1473447,2025,7,1,1,-61.0,7.558441558441559,9.348837209302326,8.591666666666676,0,10,baseline_mid,0.9288628357730087,0.8987815654362407
1473447,2025,7,2,1,-61.0,7.5,9.409090909090908,9.233333333333327,0,10,baseline_mid,0.9310448644555285,0.9013826769291409
1473447,2025,7,3,1,-61.0,7.5200000000000005,9.333333333333334,8.875,0,10,baseline_mid,0.9321684765979795,0.9027279034949394
1473447,2025,7,4,1,-61.0,7.621621621621621,9.130434782608695,7.516666666666673,0,10,baseline_mid,0.9256485267857832,0.8949761676039034
1473447,2025,7,5,1,-61.0,7.397260273972603,9.446808510638299,10.158333333333324,0,10,baseline_mid,0.9403338056190831,0.9126300285587904
1473447,2025,7,6,1,-61.0,7.5,9.25,8.799999999999997,0,10,baseline_mid,0.9363978038095744,0.9078282740346856
1473447,2025,8,1,1,-61.0,7.521126760563381,9.183673469387754,8.441666666666663,0,10,baseline_mid,0.9361593127254688,0.9118640410116357
1473447,2025,8,2,1,-61.0,7.542857142857143,9.120000000000001,8.083333333333343,0,10,baseline_mid,0.9329298867939482,0.9080787293059682
1473447,2025,8,3,1,-61.0,7.565217391304348,9.058823529411764,7.724999999999994,0,10,baseline_mid,0.9321178454453148,0.9071316126011818
1473447,2025,8,4,1,-61.0,7.6764705882352935,8.884615384615385,6.36666666666666,0,10,baseline_mid,0.9289844313675393,0.9034940383768607
1473447,2025,8,5,1,-61.0,7.611940298507463,8.943396226415093,7.00833333333334,0,10,baseline_mid,0.9313180518843633,0.9062005808689063
1473447,2025,8,6,1,-61.0,7.545454545454545,9.0,7.650000000000006,0,10,baseline_mid,0.9366763423473616,0.9124729129431234
1473447,2025,9,1,1,-61.0,7.661538461538461,8.836363636363636,-2.5374999999999943,1,9,baseline_mid,0.9067689104411982,0.8740001069741469
1473447,2025,9,2,1,-61.0,7.6875,8.785714285714285,-2.760000000000005,1,9,baseline_mid,0.9032440648164812,0.8701288696643564
1473447,2025,9,3,1,-61.0,7.428571428571429,9.052631578947368,0.017499999999998295,1,9,baseline_mid,0.9198213584373441,0.8886009083126308
1473447,2025,9,4,1,-61.0,7.161290322580646,9.310344827586206,2.795000000000016,1,9,baseline_mid,0.9484254195750914,0.9224302648784919
1473447,2025,9,5,1,-61.0,6.688524590163934,9.76271186440678,7.572500000000005,1,9,baseline_mid,0.9743315186670913,0.9564419003529665
1473447,2025,9,6,1,-61.0,6.8,9.600000000000001,-1.7999999999999972,2,8,baseline_mid,0.9513628782712784,0.9260868427881601
1473447,2025,10,1,1,-61.0,6.813559322033899,9.540983606557377,-1.8866666666666703,2,8,baseline_mid,0.9460674732701391,0.9286039782080026
1473447,2025,10,2,1,-61.0,6.517241379310345,9.774193548387098,1.0266666666666708,2,8,baseline_mid,0.9566657927440912,0.9409641848030327
1473447,2025,10,3,1,-61.0,6.526315789473685,9.714285714285715,0.9399999999999977,2,8,baseline_mid,0.9569042109540868,0.9412467941568062
1473447,2025,10,4,1,-61.0,6.0,10.125,5.853333333333325,2,8,baseline_mid,0.9798533927667399,0.9697400323010726
1473447,2025,10,5,1,-61.0,5.672727272727273,10.338461538461539,8.766666666666666,2,8,baseline_mid,0.9825218431131193,0.9732796804300462
1473447,2025,10,6,1,-61.0,5.666666666666666,10.272727272727273,8.680000000000021,2,8,baseline_mid,0.9841830596192831,0.9755185361955118
1473447,2025,10,7,1,-61.0,5.660377358490566,10.208955223880597,8.59333333333332,2,8,baseline_mid,0.9852282199855191,0.976942629174814
1473447,2025,11,1,1,-61.0,5.547169811320755,10.298507462686567,9.59333333333332,2,8,baseline_mid,0.985560836157398,0.9796328776468575
1473447,2025,11,2,1,-61.0,5.653846153846153,10.147058823529411,1.443333333333328,3,7,baseline_mid,0.9697834914644059,0.960542508026156
1473447,2025,11,3,1,-61.0,5.647058823529411,10.086956521739129,1.4924999999999926,3,7,baseline_mid,0.968453705348633,0.9589941013682652
1473447,2025,11,4,1,-61.0,5.64,10.028571428571428,1.5416666666666856,3,7,baseline_mid,0.9683966136293886,0.958927789230534
1473447,2025,11,5,1,-61.0,5.63265306122449,9.971830985915492,1.590833333333336,3,7,baseline_mid,0.9714357522543102,0.9624770793574181
1473447,2025,11,6,1,-61.0,5.625,9.916666666666666,1.6400000000000006,3,7,baseline_mid,0.9728934608477685,0.9641942129417094
1473447,2025,12,1,1,-61.0,5.617021276595745,9.863013698630137,1.6891666666666652,3,7,baseline_mid,0.9732693687171776,0.9680698125674589
1473447,2025,12,2,1,-61.0,5.608695652173913,9.81081081081081,1.7383333333333297,3,7,baseline_mid,0.9758001797604533,0.9708904970619483
1473447,2025,12,3,1,-61.0,5.6,9.76,1.7874999999999943,3,7,baseline_mid,0.9762442461538146,0.9713875956737209
1473447,2025,12,4,1,-61.0,5.590909090909091,9.710526315789474,1.836666666666659,3,7,baseline_mid,0.9757174509391918,0.9707979624292997
1473447,2025,12,5,1,-61.0,5.162790697674419,9.896103896103895,4.8858333333333235,3,7,baseline_mid,0.9811645086396588,0.97694414759659
1473447,2025,12,6,1,-61.0,5.142857142857142,9.846153846153847,4.935000000000002,3,7,baseline_mid,0.9816278406989647,0.9774724496756827
1473447,2025,13,1,1,-61.0,5.121951219512195,9.79746835443038,4.984166666666667,3,7,baseline_mid,0.9828067992265821,0.980935547455604
1473447,2025,13,2,1,-61.0,5.1,9.75,5.033333333333331,3,7,baseline_mid,0.9883324266301761,0.9868840345116202
1473447,2025,13,3,1,-61.0,4.3076923076923075,10.074074074074073,10.08250000000001,3,7,baseline_mid,0.9898216510284517,0.9885031880461509
1473447,2025,13,4,1,-61.0,4.2631578947368425,10.024390243902438,10.131666666666675,3,7,baseline_mid,0.9901447711092211,0.9888555867974885
1473447,2025,13,5,1,-61.0,4.216216216216217,9.975903614457831,10.180833333333325,3,7,baseline_mid,0.9901080258323036,0.9888154912732517
1473447,2025,13,6,1,-61.0,3.666666666666667,10.142857142857142,13.22999999999999,3,7,baseline_mid,0.990931136076419,0.9897149692194855
1473447,2025,14,1,1,-61.0,3.5999999999999996,10.094117647058823,13.279166666666669,3,7,baseline_mid,0.9909989925923872,0.9901183397752522
1473447,2025,14,2,1,-61.0,3.5294117647058822,10.046511627906977,13.328333333333319,3,7,baseline_mid,0.9912170133975688,0.9903511930199242
1473447,2025,14,3,1,-61.0,3.6363636363636367,9.931034482758621,12.377499999999998,3,7,baseline_mid,0.991455660879361,0.9906062625432142
1473447,2025,14,4,1,-61.0,3.5625,9.886363636363637,12.426666666666677,3,7,baseline_mid,0.9915609454948253,0.9907188553531343
1473447,2025,14,5,1,-61.0,3.483870967741936,9.842696629213483,12.475833333333355,3,7,baseline_mid,0.9916640679742055,0.9908291741405912
1473447,2025,14,6,1,-61.0,2.8,10.0,15.525000000000006,3,7,baseline_mid,0.9914174358663643,0.9905653938463983
1473447,2025,15,1,1,-61.0,2.689655172413793,9.956043956043956,15.574166666666656,3,7,baseline_mid,0.9914616905916374,0.9910615865388807
1473447,2025,15,2,1,-61.0,1.9285714285714288,10.108695652173912,18.623333333333335,3,7,baseline_mid,0.9906076476056246,0.990182265131886
1473447,2025,15,3,1,-61.0,2.0,10.0,17.672499999999985,3,7,baseline_mid,0.9909622758433598,0.9905472273949241
1473447,2025,15,4,1,-61.0,1.153846153846154,10.148936170212766,20.721666666666664,3,7,baseline_mid,0.9916790510176046,0.9912855999735777
1473447,2025,15,5,1,-61.0,0.96,10.105263157894736,20.770833333333343,3,7,baseline_mid,0.9918786321373357,0.9914913722352443
1473447,2025,15,6,1,-61.0,-0.5,10.375,25.819999999999993,3,7,baseline_mid,0.9883060833470776,0.9878186721119032
1473448,2025,7,1,0,9.25,10.675324675324676,6.41860465116279,-42.57333333333332,2,8,baseline_mid,0.13785060631537158,0.1655609070783664
1473448,2025,7,2,0,9.25,10.736842105263158,6.409090909090908,-42.78666666666666,2,8,baseline_mid,0.17284531865083078,0.1999955711992134
1473448,2025,7,3,0,9.25,10.8,6.4,-43.0,2,8,baseline_mid,0.16467657431323793,0.19207134779582252
1473448,2025,7,4,0,9.25,10.45945945945946,7.043478260869566,-38.213333333333324,2,8,baseline_mid,0.18831452127255893,0.21483640287126507
1473448,2025,7,5,0,9.25,10.602739726027398,6.893617021276596,-39.42666666666668,2,8,baseline_mid,0.1836800171176438,0.210411745887157
1473448,2025,7,6,0,9.25,10.75,6.75,-40.64,2,8,baseline_mid,0.18030794646531065,0.2071809769129637
1473448,2025,8,1,0,9.25,10.563380281690142,7.1020408163265305,-37.853333333333325,2,8,baseline_mid,0.21131977207442793,0.23755494167563523
1473448,2025,8,2,0,9.25,10.628571428571428,7.08,-38.06666666666665,2,8,baseline_mid,0.20824399515348113,0.23462639715883207
1473448,2025,8,3,0,9.25,10.782608695652174,6.9411764705882355,-39.28,2,8,baseline_mid,0.19134037704507545,0.21841181243731225
1473448,2025,8,4,0,9.25,10.852941176470589,6.9230769230769225,-39.493333333333325,2,8,baseline_mid,0.19314011143599535,0.22014827933907283
1473448,2025,8,5,0,9.25,10.925373134328357,6.90566037735849,-39.70666666666665,2,8,baseline_mid,0.19038316432970667,0.21748722677193183
1473448,2025,8,6,0,9.25,11.0,6.888888888888889,-39.91999999999999,2,8,baseline_mid,0.18306347674026627,0.21039297159096598
1473448,2025,9,1,0,9.25,10.8,7.199999999999999,-37.133333333333326,2,8,baseline_mid,0.22618297118527514,0.263250715540617
1473448,2025,9,2,0,9.25,10.40625,7.714285714285715,-32.34666666666665,2,8,baseline_mid,0.2996146823278678,0.3302976146070602
1473448,2025,9,3,0,9.25,10.571428571428571,7.578947368421052,-43.11500000000001,3,7,baseline_mid,0.16777029576046315,0.20692826928961486
1473448,2025,9,4,0,9.25,10.741935483870968,7.448275862068966,-44.17666666666666,3,7,baseline_mid,0.17194604907904631,0.21107136430338067
1473448,2025,9,5,0,9.25,10.819672131147541,7.423728813559322,-44.23833333333336,3,7,baseline_mid,0.16902371099299252,0.20817404840614487
1473448,2025,9,6,0,9.25,10.9,7.4,-44.3,3,7,baseline_mid,0.17322896000900523,0.2123401438832067
1473448,2025,10,1,0,9.25,10.677966101694915,7.672131147540984,-41.36166666666668,3,7,baseline_mid,0.19934590074773195,0.23199508521955917
1473448,2025,10,2,0,9.25,10.758620689655173,7.64516129032258,-41.42333333333333,3,7,baseline_mid,0.20010480379031073,0.23274399264616277
1473448,2025,10,3,0,9.25,10.842105263157896,7.619047619047619,-41.485,3,7,baseline_mid,0.18648166131031463,0.21922939248542145
1473448,2025,10,4,0,9.25,11.035714285714285,7.5,-42.54666666666667,3,7,baseline_mid,0.18357758013583256,0.21632833898242904
1473448,2025,10,5,0,9.25,11.236363636363636,7.384615384615385,-43.608333333333334,3,7,baseline_mid,0.1819487829780804,0.2146980179033402
1473448,2025,10,6,0,9.25,11.0,7.636363636363637,-40.670000000000016,3,7,baseline_mid,0.21135711956812928,0.24379633152712177
1473448,2025,11,1,0,9.25,11.09433962264151,7.611940298507463,-40.73166666666668,3,7,baseline_mid,0.19352368070541112,0.22685739632207194
1473448,2025,11,2,0,9.25,11.307692307692307,7.5,-41.79333333333334,3,7,baseline_mid,0.19127222026984003,0.22457202226588005
1473448,2025,11,3,0,9.25,11.411764705882351,7.478260869565217,-41.855000000000004,3,7,baseline_mid,0.20494262396987145,0.23838861058064703
1473448,2025,11,4,0,9.25,10.92,7.885714285714286,-36.91666666666666,3,7,baseline_mid,0.2415738062271566,0.2747687133465868
1473448,2025,11,5,0,9.25,11.142857142857142,7.774647887323944,-45.41,4,6,baseline_mid,0.1491354788931398,0.18099422223606854
1473448,2025,11,6,0,9.25,11.25,7.75,-45.31999999999999,4,6,baseline_mid,0.15991786583383286,0.19230215418724456
1473448,2025,12,1,0,9.25,11.361702127659575,7.726027397260275,-45.22999999999999,4,6,baseline_mid,0.15310211277518984,0.1755046166623948
1473448,2025,12,2,0,9.25,11.478260869565219,7.702702702702703,-45.140000000000015,4,6,baseline_mid,0.1563136709848144,0.17885106477422322
1473448,2025,12,3,0,9.25,11.6,7.68,-45.05000000000001,4,6,baseline_mid,0.14628550924207506,0.168377537056582
1473448,2025,12,4,0,9.25,11.727272727272727,7.657894736842106,-44.96000000000001,4,6,baseline_mid,0.15242647407583781,0.17479968420443084
1473448,2025,12,5,0,9.25,11.86046511627907,7.636363636363637,-44.870000000000005,4,6,baseline_mid,0.13866723568628703,0.16037181248209492
1473448,2025,12,6,0,9.25,12.0,7.615384615384615,-44.78,4,6,baseline_mid,0.14357110610721185,0.1655300893876056
1473448,2025,13,1,0,9.25,11.707317073170731,7.822784810126583,-41.69,4,6,baseline_mid,0.16704918141190572,0.17927824971770176
1473448,2025,13,2,0,9.25,11.7,7.875,-40.599999999999994,4,6,baseline_mid,0.1727702273016298,0.18511843562638886
1473448,2025,13,3,0,9.25,11.846153846153847,7.851851851851852,-40.50999999999999,4,6,baseline_mid,0.17063843581708252,0.18294352244449996
1473448,2025,13,4,0,9.25,12.0,7.829268292682928,-40.420000000000016,4,6,baseline_mid,0.1523389988973891,0.164209959295613
1473448,2025,13,5,0,9.25,12.0,7.879518072289156,-39.329999999999984,4,6,baseline_mid,0.1875805655952626,0.2001881574733986
1473448,2025,13,6,0,9.25,12.0,7.928571428571429,-38.24000000000001,4,6,baseline_mid,0.19572312947924664,0.20844469248807654
1473448,2025,14,1,0,9.25,12.17142857142857,7.905882352941177,-38.150000000000006,4,6,baseline_mid,0.17871705885280254,0.18945546853883033
1473448,2025,14,2,0,9.25,12.529411764705884,7.813953488372094,-39.06,4,6,baseline_mid,0.17086871353149058,0.18145467491131823
1473448,2025,14,3,0,9.25,12.545454545454545,7.862068965517241,-37.97,4,6,baseline_mid,0.17978728691083784,0.1905452116239722
1473448,2025,14,4,0,9.25,12.1875,8.045454545454545,-34.879999999999995,4,6,baseline_mid,0.21169544223486694,0.22290392193920222
1473448,2025,14,5,0,9.25,12.387096774193548,8.022471910112358,-34.78999999999999,4,6,baseline_mid,0.20916086171874393,0.2203423965267662
1473448,2025,14,6,0,9.25,12.600000000000001,8.0,-34.69999999999999,4,6,baseline_mid,0.2039238176159213,0.2150450254100098
1473448,2025,14,7,0,9.25,13.03448275862069,7.912087912087912,-35.609999999999985,4,6,baseline_mid,0.2073353453642221,0.21849656820779179
1473448,2025,14,8,0,9.25,13.07142857142857,7.956521739130434,-34.52000000000001,4,6,baseline_mid,0.21740338723717006,0.22866727913176574
1473448,2025,15,1,0,9.25,12.620689655172413,8.043956043956044,-33.609999999999985,4,6,baseline_mid,0.2297912093532791,0.23789300211590828
1473448,2025,15,2,0,9.25,13.07142857142857,7.956521739130434,-34.52000000000001,4,6,baseline_mid,0.20989900176977108,0.2178003964010484
1473448,2025,15,3,0,9.25,13.333333333333334,7.935483870967742,-34.43000000000001,4,6,baseline_mid,0.19981709947713386,0.2075946674136536
1473448,2025,15,4,0,9.25,12.461538461538463,8.23404255319149,-29.340000000000003,4,6,baseline_mid,0.33086580272294075,0.3392156133086907
1473448,2025,15,5,0,9.25,12.96,8.147368421052631,-34.041666666666686,5,5,baseline_mid,0.17623038508283306,0.18365535892730392
1473448,2025,15,6,0,9.25,13.5,8.0625,-34.80000000000001,5,5,baseline_mid,0.1576380772591433,0.16471809657442782
1473449,2025,7,1,1,-61.111111111111114,4.207792207792208,8.790697674418604,13.990000000000002,1,9,baseline_mid,0.9896762771242363,0.9802567546245401
1473449,2025,7,2,1,-61.111111111111114,4.2631578947368425,8.590909090909092,13.119999999999997,1,9,baseline_mid,0.9907240615376118,0.9819840490679955
1473449,2025,7,3,1,-61.111111111111114,3.84,9.200000000000001,18.25,1,9,baseline_mid,0.99200762296314,0.984140894500312
1473449,2025,7,4,1,-61.111111111111114,3.8108108108108105,9.130434782608695,18.380000000000003,1,9,baseline_mid,0.9921278675669244,0.9843454959474307
1473449,2025,7,5,1,-61.111111111111114,3.8630136986301373,8.936170212765957,17.509999999999998,1,9,baseline_mid,0.9923868135643896,0.9847876979500266
1473449,2025,7,6,1,-61.111111111111114,3.916666666666667,8.75,16.64,1,9,baseline_mid,0.9926209968254367,0.9851895425722699
1473449,2025,8,1,1,-61.111111111111114,3.971830985915493,8.571428571428571,15.769999999999996,1,9,baseline_mid,0.9928569547430584,0.9866776459041887
1473449,2025,8,2,1,-61.111111111111114,3.942857142857143,8.52,15.900000000000006,1,9,baseline_mid,0.9929244201274142,0.9867871509177163
1473449,2025,8,3,1,-61.111111111111114,3.9130434782608696,8.470588235294118,16.029999999999994,1,9,baseline_mid,0.9931588073801012,0.9871686954652298
1473449,2025,8,4,1,-61.111111111111114,3.9705882352941178,8.307692307692307,15.160000000000004,1,9,baseline_mid,0.9934424087387668,0.987632716068102
1473449,2025,8,5,1,-61.111111111111114,3.9402985074626864,8.264150943396226,15.290000000000006,1,9,baseline_mid,0.993410860889165,0.9875809670712813
1473449,2025,8,6,1,-61.111111111111114,4.0,8.11111111111111,14.420000000000016,1,9,baseline_mid,0.993505356220336,0.9877360710163134
1473449,2025,9,1,1,-61.111111111111114,3.5076923076923077,8.618181818181817,19.550000000000004,1,9,baseline_mid,0.9938360946713561,0.9867852723091227
1473449,2025,9,2,1,-61.111111111111114,3.5625,8.464285714285715,18.68,1,9,baseline_mid,0.9939167057799767,0.9869306422315373
1473449,2025,9,3,1,-61.111111111111114,3.0476190476190474,8.947368421052632,23.810000000000002,1,9,baseline_mid,0.9942143311698965,0.9874701534235872
1473449,2025,9,4,1,-61.111111111111114,3.0,8.896551724137932,23.940000000000012,1,9,baseline_mid,0.994431152544723,0.9878660593338322
1473449,2025,9,5,1,-61.111111111111114,2.8524590163934427,8.949152542372882,25.07,1,9,baseline_mid,0.9943660971615189,0.9877470097135228
1473449,2025,9,6,1,-61.111111111111114,2.8,8.9,25.199999999999996,1,9,baseline_mid,0.9943157580445678,0.9876550453292497
1473449,2025,10,1,1,-61.111111111111114,2.7457627118644066,8.852459016393443,25.33,1,9,baseline_mid,0.9941344717176397,0.9897596926092022
1473449,2025,10,2,1,-61.111111111111114,2.689655172413793,8.806451612903226,25.460000000000008,1,9,baseline_mid,0.9943051475959024,0.9900224947611673
1473449,2025,10,3,1,-61.111111111111114,2.7368421052631575,8.666666666666666,24.590000000000003,1,9,baseline_mid,0.9944052915313646,0.990177142414133
1473449,2025,10,4,1,-61.111111111111114,2.7857142857142856,8.53125,18.306666666666658,2,8,baseline_mid,0.9939962773863327,0.9895475930864144
1473449,2025,10,5,1,-61.111111111111114,2.8363636363636364,8.399999999999999,17.53333333333333,2,8,baseline_mid,0.9912323246015453,0.9854152856575847
1473449,2025,10,6,1,-61.111111111111114,2.2222222222222223,8.818181818181818,22.760000000000005,2,8,baseline_mid,0.9904084819453494,0.9842174238855537
1473449,2025,11,1,1,-61.111111111111114,2.150943396226415,8.776119402985074,22.986666666666665,2,8,baseline_mid,0.9911416863373912,0.9868653997089226
1473449,2025,11,2,1,-61.111111111111114,1.7307692307692306,9.0,26.21333333333334,2,8,baseline_mid,0.9898412093723254,0.9851453588310296
1473449,2025,11,3,1,-61.111111111111114,1.647058823529412,8.956521739130434,26.440000000000012,2,8,baseline_mid,0.9900497790072551,0.9854195835501977
1473449,2025,11,4,1,-61.111111111111114,1.6800000000000002,8.82857142857143,25.66666666666667,2,8,baseline_mid,0.9920106972962714,0.9880293715515803
1473449,2025,11,5,1,-61.111111111111114,1.5918367346938775,8.788732394366198,25.89333333333333,2,8,baseline_mid,0.9925074633249904,0.9887006088169876
1473449,2025,11,6,1,-61.111111111111114,1.5,8.75,26.120000000000005,2,8,baseline_mid,0.9924817639592707,0.9886657725775734
1473449,2025,12,1,1,-61.111111111111114,1.0212765957446808,8.95890410958904,29.346666666666664,2,8,baseline_mid,0.9930320785646857,0.9908719384000391
1473449,2025,12,2,1,-61.111111111111114,0.5217391304347826,9.162162162162161,32.57333333333332,2,8,baseline_mid,0.9935191994130915,0.9914685708913603
1473449,2025,12,3,1,-61.111111111111114,0.4,9.120000000000001,32.80000000000001,2,8,baseline_mid,0.9934357259812718,0.9913661184527882
1473449,2025,12,4,1,-61.111111111111114,0.2727272727272727,9.078947368421051,33.02666666666667,2,8,baseline_mid,0.9941679231670395,0.9922679835268485
1473449,2025,12,5,1,-61.111111111111114,-0.5581395348837209,9.428571428571429,38.25333333333333,2,8,baseline_mid,0.991361015817255,0.9888458661116073
1473450,2025,7,1,1,2.461538461538453,7.1688311688311686,11.162790697674419,7.752499999999998,1,9,baseline_mid,0.958622675593565,0.9357664288564306
1473450,2025,7,2,1,2.461538461538453,7.184210526315789,11.045454545454545,7.469999999999985,1,9,baseline_mid,0.9591815491296626,0.9364984902414021
1473450,2025,7,3,1,2.461538461538453,7.199999999999999,10.933333333333334,7.1875,1,9,baseline_mid,0.9572937385172093,0.9340324445069286
1473450,2025,7,4,1,2.461538461538453,7.297297297297297,10.695652173913043,5.905000000000015,1,9,baseline_mid,0.9557025899926562,0.9319685138981494
1473450,2025,7,5,1,2.461538461538453,7.068493150684931,10.97872340425532,8.622500000000002,1,9,baseline_mid,0.9667623296934924,0.9466100847668039
1473450,2025,7,6,1,2.461538461538453,6.833333333333333,11.25,11.340000000000003,1,9,baseline_mid,0.9735544751602752,0.9560046556114419
1473450,2025,8,1,1,2.461538461538453,6.845070422535212,11.142857142857142,11.05749999999999,1,9,baseline_mid,0.9735898996277195,0.9586470443815547
1473450,2025,8,2,1,2.461538461538453,6.6000000000000005,11.399999999999999,13.775000000000006,1,9,baseline_mid,0.9805474823830316,0.9682380805235754
1473450,2025,8,3,1,2.461538461538453,6.608695652173913,11.294117647058822,13.492499999999993,1,9,baseline_mid,0.980810725612588,0.9686098870977672
1473450,2025,8,4,1,2.461538461538453,6.61764705882353,11.192307692307693,13.210000000000008,1,9,baseline_mid,0.9803650236203914,0.9679808008276186
1473450,2025,8,5,1,2.461538461538453,6.6268656716417915,11.09433962264151,12.927500000000009,1,9,baseline_mid,0.9814712967724942,0.9695461475991495
1473450,2025,8,6,1,2.461538461538453,6.636363636363636,11.0,12.645000000000024,1,9,baseline_mid,0.9813132536083672,0.9693217140788347
1473450,2025,9,1,1,2.461538461538453,6.6461538461538465,10.909090909090908,12.362500000000011,1,9,baseline_mid,0.981532114658047,0.9668809670631818
1473450,2025,9,2,1,2.461538461538453,6.65625,10.821428571428571,12.079999999999998,1,9,baseline_mid,0.9829859055993553,0.9690698405962271
1473450,2025,9,3,1,2.461538461538453,6.666666666666667,10.736842105263158,11.7975,1,9,baseline_mid,0.9831681581462337,0.969346511034415
1473450,2025,9,4,1,2.461538461538453,6.193548387096774,11.172413793103448,16.515000000000015,1,9,baseline_mid,0.987552453381492,0.9761770939292544
1473450,2025,9,5,1,2.461538461538453,6.295081967213115,10.983050847457626,15.232500000000002,1,9,baseline_mid,0.9874525525393383,0.9760172668902313
1473450,2025,9,6,1,2.461538461538453,6.300000000000001,10.9,14.949999999999989,1,9,baseline_mid,0.9875817946002814,0.9762240773652917
1473450,2025,9,7,1,2.461538461538453,6.305084745762713,10.819672131147541,14.667500000000004,1,9,baseline_mid,0.9880842183445366,0.9770315905778207
1473450,2025,10,1,1,2.461538461538453,6.305084745762713,10.819672131147541,6.259999999999991,2,8,baseline_mid,0.9802320230134622,0.9702383416151312
1473450,2025,10,2,1,2.461538461538453,6.206896551724139,10.838709677419354,7.1200000000000045,2,8,baseline_mid,0.9752236846714684,0.963739853094782
1473450,2025,10,3,1,2.461538461538453,6.315789473684211,10.666666666666666,5.980000000000004,2,8,baseline_mid,0.9751744112567375,0.9636768465033543
1473450,2025,10,4,1,2.461538461538453,6.428571428571429,10.5,4.839999999999989,2,8,baseline_mid,0.9569280150371723,0.9412750223146653
1473450,2025,10,5,1,2.461538461538453,6.545454545454545,10.338461538461539,3.700000000000003,2,8,baseline_mid,0.9579393404520703,0.9424763324762317
1473450,2025,10,6,1,2.461538461538453,6.222222222222221,10.545454545454545,6.5600000000000165,2,8,baseline_mid,0.9812931254612858,0.9716416186094801
1473450,2025,11,1,1,2.461538461538453,6.226415094339623,10.477611940298507,6.4199999999999875,2,8,baseline_mid,0.9842890036664098,0.9780309739908365
1473450,2025,11,2,1,2.461538461538453,6.346153846153847,10.323529411764707,5.280000000000001,2,8,baseline_mid,0.9828262857480208,0.9762057479342241
1473450,2025,11,3,1,2.461538461538453,6.470588235294118,10.173913043478262,4.140000000000015,2,8,baseline_mid,0.9686855886865036,0.9592635727295629
1473450,2025,11,4,1,2.461538461538453,6.48,10.114285714285714,4.0,2,8,baseline_mid,0.9677435817873843,0.9581702396530741
1473450,2025,11,5,1,2.461538461538453,6.4897959183673475,10.056338028169014,3.8599999999999994,2,8,baseline_mid,0.9694958273377072,0.9602069162235366
1473450,2025,11,6,1,2.461538461538453,6.5,10.0,3.720000000000013,2,8,baseline_mid,0.968673625956284,0.9592496654025391
1473450,2025,12,1,1,2.461538461538453,6.638297872340425,9.863013698630137,2.5799999999999983,2,8,baseline_mid,0.9694381386303501,0.9638364586563634
1473450,2025,12,2,1,2.461538461538453,6.6521739130434785,9.81081081081081,2.4399999999999977,2,8,baseline_mid,0.969369742336748,0.9637612547032323
1473450,2025,12,3,1,2.461538461538453,6.2666666666666675,10.0,5.300000000000011,2,8,baseline_mid,0.9862423165476986,0.9827910122274468
1473450,2025,12,4,1,2.461538461538453,6.409090909090908,9.868421052631579,4.159999999999997,2,8,baseline_mid,0.9753148190236203,0.9703479342675069
1473450,2025,12,5,1,2.461538461538453,6.41860465116279,9.818181818181818,4.019999999999996,2,8,baseline_mid,0.9743717702717197,0.9692959593326548
1473450,2025,12,6,1,2.461538461538453,6.428571428571429,9.76923076923077,3.8800000000000097,2,8,baseline_mid,0.9727517505027414,0.9674953814818947
1473450,2025,13,1,1,2.461538461538453,6.585365853658537,9.645569620253164,2.740000000000009,2,8,baseline_mid,0.971100193576266,0.968546860260093
1473450,2025,13,2,1,2.461538461538453,5.85,9.975000000000001,7.599999999999994,2,8,baseline_mid,0.9913324296791209,0.9901545405009093
1473450,2025,13,3,1,2.461538461538453,5.384615384615385,10.148148148148149,10.460000000000008,2,8,baseline_mid,0.9932462223623619,0.9922615531444592
1473450,2025,13,4,1,2.461538461538453,5.526315789473684,10.024390243902438,9.320000000000007,2,8,baseline_mid,0.9932290225453195,0.9922425301319476
1473450,2025,13,5,1,2.461538461538453,5.675675675675675,9.903614457831326,8.180000000000007,2,8,baseline_mid,0.99309024189444,0.9920891008570204
1473450,2025,13,6,1,2.461538461538453,4.833333333333334,10.214285714285714,13.039999999999992,2,8,baseline_mid,0.9953871981810536,0.9946445620591912
1473450,2025,14,1,1,2.461538461538453,4.9714285714285715,10.094117647058823,11.900000000000006,2,8,baseline_mid,0.9953454793152212,0.9947972204149254
1473450,2025,14,2,1,2.461538461538453,4.9411764705882355,10.046511627906977,11.759999999999991,2,8,baseline_mid,0.9953789851801005,0.9948336595328882
1473450,2025,14,3,1,2.461538461538453,4.909090909090909,10.0,11.620000000000005,2,8,baseline_mid,0.9954553989233601,0.9949167902071562
1473450,2025,14,4,1,2.461538461538453,4.3125,10.159090909090908,14.480000000000018,2,8,baseline_mid,0.9957773252445514,0.9952674454637761
1473450,2025,14,5,1,2.461538461538453,4.451612903225806,10.04494382022472,13.340000000000003,2,8,baseline_mid,0.9959029220871681,0.9954044472818115
1473450,2025,14,6,1,2.461538461538453,3.4,10.333333333333334,18.19999999999999,2,8,baseline_mid,0.996458545316112,0.99601196253744
1473450,2025,15,1,1,2.461538461538453,3.5172413793103443,10.219780219780219,17.060000000000002,2,8,baseline_mid,0.9964514641696745,0.9962338564481786
1473450,2025,15,2,1,2.461538461538453,3.6428571428571423,10.108695652173912,15.919999999999987,2,8,baseline_mid,0.9965355894248507,0.9963217692025474
1473450,2025,15,3,1,2.461538461538453,2.444444444444444,10.387096774193548,20.78,2,8,baseline_mid,0.9964502054203084,0.9962325412776615
1473450,2025,15,4,1,2.461538461538453,1.153846153846154,10.659574468085108,25.640000000000015,2,8,baseline_mid,0.9967011698183128,0.9964949030872687
1473450,2025,15,5,1,2.461538461538453,0.24,10.8,28.5,2,8,baseline_mid,0.9968670114842892,0.9966684469129496
1473450,2025,15,6,1,2.461538461538453,0.25,10.6875,27.360000000000014,2,8,baseline_mid,0.996973067822537,0.9967795038651911
1473451,2025,7,1,1,-27.214285714285722,9.194805194805195,7.255813953488372,-19.402500000000003,1,9,baseline_mid,0.815328231289941,0.7768750746504873
1473451,2025,7,2,1,-27.214285714285722,9.0,7.636363636363637,-16.67,1,9,baseline_mid,0.8349005516297185,0.7965316836041337
1473451,2025,7,3,1,-27.214285714285722,9.120000000000001,7.466666666666667,-17.9375,1,9,baseline_mid,0.8273883826927351,0.788937922119495
1473451,2025,7,4,1,-27.214285714285722,9.243243243243244,7.304347826086957,-19.205,1,9,baseline_mid,0.8273170104712594,0.7888660775123644
1473451,2025,7,5,1,-27.214285714285722,9.287671232876711,7.276595744680852,-19.472499999999997,1,9,baseline_mid,0.8280056481190174,0.7895595067699576
1473451,2025,7,6,1,-27.214285714285722,9.416666666666666,7.125,-20.739999999999995,1,9,baseline_mid,0.8190634722073911,0.7805948907143851
1473451,2025,8,1,1,-27.214285714285722,9.464788732394366,7.1020408163265305,-21.007500000000007,1,9,baseline_mid,0.819325387853278,0.7874308009197801
1473451,2025,8,2,1,-27.214285714285722,9.257142857142858,7.4399999999999995,-18.27499999999999,1,9,baseline_mid,0.8288591076622547,0.7969072779265637
1473451,2025,8,3,1,-27.214285714285722,8.869565217391305,8.0,-13.542500000000004,1,9,baseline_mid,0.8651638033482865,0.8338628200215645
1473451,2025,8,4,1,-27.214285714285722,9.0,7.846153846153847,-14.810000000000002,1,9,baseline_mid,0.8598922756079375,0.8284018520502388
1473451,2025,8,5,1,-27.214285714285722,8.597014925373134,8.377358490566037,-10.077499999999986,1,9,baseline_mid,0.88679207984608,0.8566663333356199
1473451,2025,8,6,1,-27.214285714285722,8.636363636363637,8.333333333333332,-10.344999999999985,1,9,baseline_mid,0.8851965171371994,0.8549604404012994
1473451,2025,9,1,1,-27.214285714285722,8.676923076923076,8.290909090909091,-10.612499999999997,1,9,baseline_mid,0.8828191086945124,0.8482141724274641
1473451,2025,9,2,1,-27.214285714285722,8.8125,8.142857142857142,-11.88000000000001,1,9,baseline_mid,0.8846254120590817,0.8501195034425504
1473451,2025,9,3,1,-27.214285714285722,8.571428571428571,8.421052631578947,-9.147499999999994,1,9,baseline_mid,0.894720071478893,0.8608807656658877
1473451,2025,9,4,1,-27.214285714285722,8.612903225806452,8.379310344827587,-9.414999999999992,1,9,baseline_mid,0.8907248878222842,0.8565981460831124
1473451,2025,9,5,1,-27.214285714285722,8.655737704918034,8.338983050847459,-9.68249999999999,1,9,baseline_mid,0.8875145017489541,0.8531794347391051
1473451,2025,9,6,1,-27.214285714285722,8.799999999999999,8.2,-10.950000000000003,1,9,baseline_mid,0.8838116631991302,0.8492604102819605
1473451,2025,10,1,1,-27.214285714285722,8.949152542372882,8.065573770491802,-12.217500000000001,1,9,baseline_mid,0.8823880666972714,0.8598927525837483
1473451,2025,10,2,1,-27.214285714285722,9.103448275862068,7.935483870967742,-13.484999999999985,1,9,baseline_mid,0.8762155072093664,0.8535800532488653
1473451,2025,10,3,1,-27.214285714285722,8.842105263157894,8.19047619047619,-10.752499999999998,1,9,baseline_mid,0.8903482925791368,0.8681055682400373
1473451,2025,10,4,1,-27.214285714285722,8.892857142857142,8.15625,-11.019999999999996,1,9,baseline_mid,0.8880857525944895,0.8657626639898482
1473451,2025,10,5,1,-27.214285714285722,8.945454545454545,8.123076923076923,-11.287500000000009,1,9,baseline_mid,0.888176419610519,0.8658564179054702
1473451,2025,10,6,1,-27.214285714285722,9.11111111111111,8.0,-12.554999999999993,1,9,baseline_mid,0.8857564374604932,0.8633578059911776
1473451,2025,11,1,1,-27.214285714285722,9.169811320754718,7.970149253731344,-12.822500000000005,1,9,baseline_mid,0.8886650185420131,0.8739662266939141
1473451,2025,11,2,1,-27.214285714285722,8.653846153846153,8.382352941176471,-8.090000000000003,1,9,baseline_mid,0.9096039004577515,0.895250350889203
1473451,2025,11,3,1,-27.214285714285722,8.705882352941176,8.347826086956522,-8.357499999999987,1,9,baseline_mid,0.9045071371822249,0.890021315601169
1473451,2025,11,4,1,-27.214285714285722,8.399999999999999,8.571428571428571,-5.625,1,9,baseline_mid,0.9249331995673873,0.9111947042534073
1473451,2025,11,5,1,-27.214285714285722,8.081632653061224,8.788732394366198,-2.8925000000000125,1,9,baseline_mid,0.9370419134096164,0.924057617476942
1473451,2025,11,6,1,-27.214285714285722,8.125,8.75,-3.1599999999999824,1,9,baseline_mid,0.9350240890083834,0.9218954658884189
1473451,2025,12,1,1,-27.214285714285722,8.170212765957446,8.712328767123289,-3.427499999999995,1,9,baseline_mid,0.9327188924424686,0.9247833401925762
1473451,2025,12,2,1,-27.214285714285722,8.217391304347826,8.675675675675677,-3.6950000000000074,1,9,baseline_mid,0.9287126480917467,0.9206419388961227
1473451,2025,12,3,1,-27.214285714285722,8.399999999999999,8.56,-11.299999999999997,2,8,baseline_mid,0.8899315189859636,0.881343612574684
1473451,2025,12,4,1,-27.214285714285722,8.590909090909092,8.447368421052632,-12.426666666666662,2,8,baseline_mid,0.8927561407918589,0.8841650490472143
1473451,2025,12,5,1,-27.214285714285722,8.790697674418604,8.337662337662337,-13.553333333333342,2,8,baseline_mid,0.8906103261683767,0.8820211510168954
1473451,2025,12,6,1,-27.214285714285722,8.428571428571427,8.538461538461538,-10.679999999999993,2,8,baseline_mid,0.9071568294329826,0.898640658818839
1473451,2025,13,1,1,-27.214285714285722,8.487804878048781,8.50632911392405,-10.806666666666644,2,8,baseline_mid,0.9126745228860016,0.9087802232852122
1473451,2025,13,2,1,-27.214285714285722,8.55,8.475000000000001,-10.933333333333337,2,8,baseline_mid,0.9039175282176088,0.8999954703915326
1473451,2025,13,3,1,-27.214285714285722,8.615384615384615,8.444444444444445,-11.060000000000002,2,8,baseline_mid,0.9113514169019776,0.9074508175489986
1473451,2025,13,4,1,-27.214285714285722,8.68421052631579,8.414634146341463,-11.186666666666653,2,8,baseline_mid,0.9052212057220759,0.9013012504057927
1473451,2025,13,5,1,-27.214285714285722,8.756756756756756,8.3855421686747,-11.313333333333333,2,8,baseline_mid,0.9069730414455757,0.9030570044555717
1473451,2025,13,6,1,-27.214285714285722,8.0,8.714285714285714,-6.439999999999998,2,8,baseline_mid,0.9360248707490342,0.9323836904736573
1473451,2025,14,1,1,-27.214285714285722,8.057142857142857,8.68235294117647,-6.566666666666663,2,8,baseline_mid,0.9381724697218878,0.9357223159458126
1473451,2025,14,2,1,-27.214285714285722,8.294117647058822,8.58139534883721,-7.693333333333328,2,8,baseline_mid,0.9267211886575036,0.9241945639808481
1473451,2025,14,3,1,-27.214285714285722,8.545454545454547,8.482758620689655,-8.819999999999993,2,8,baseline_mid,0.9276904100626502,0.9251680460357933
1473451,2025,14,4,1,-27.214285714285722,8.625,8.454545454545455,-8.946666666666658,2,8,baseline_mid,0.9239902756329532,0.9214536934439681
1473451,2025,14,5,1,-27.214285714285722,8.129032258064516,8.629213483146067,-6.0733333333333235,2,8,baseline_mid,0.9425027720479533,0.9400976396775429
1473451,2025,14,6,1,-27.214285714285722,7.199999999999999,8.933333333333334,-1.200000000000017,2,8,baseline_mid,0.9710573301594991,0.9692450827117461
1473451,2025,15,1,1,-27.214285714285722,7.241379310344827,8.901098901098901,-1.3266666666666538,2,8,baseline_mid,0.9695417834246877,0.9687536253565585
1473451,2025,15,2,1,-27.214285714285722,7.5,8.804347826086957,-2.4533333333333474,2,8,baseline_mid,0.9639982864416359,0.9631663115672273
1473451,2025,15,3,1,-27.214285714285722,7.555555555555555,8.774193548387096,-2.579999999999984,2,8,baseline_mid,0.9641317199260071,0.9633006240368398
1473451,2025,15,4,1,-27.214285714285722,7.846153846153847,8.680851063829788,-3.7066666666666777,2,8,baseline_mid,0.9580335470990042,0.9571702207414325
1473451,2025,15,5,1,-27.214285714285722,7.92,8.652631578947368,-3.8333333333333144,2,8,baseline_mid,0.9574853198694381,0.9566198473654346
1473451,2025,15,6,1,-27.214285714285722,7.25,8.8125,-0.960000000000008,2,8,baseline_mid,0.9743192976643096,0.9735822898297359
1473452,2025,7,1,0,5.64705882352942,11.61038961038961,7.255813953488372,-71.0,4,6,baseline_mid,0.06329126190450175,0.08618606443488186
1473452,2025,7,2,0,5.64705882352942,11.68421052631579,7.2272727272727275,-71.00000000000003,4,6,baseline_mid,0.06341549084151353,0.0863285284907412
1473452,2025,7,3,0,5.64705882352942,11.84,7.066666666666666,-72.0,4,6,baseline_mid,0.05683634938959257,0.07871585369035031
1473452,2025,7,4,0,5.64705882352942,11.91891891891892,7.043478260869566,-72.0,4,6,baseline_mid,0.05112257716501231,0.07198334100773253
1473452,2025,7,5,0,5.64705882352942,12.0,7.0212765957446805,-72.0,4,6,baseline_mid,0.05085890583958436,0.0716697066203142
1473452,2025,7,6,0,5.64705882352942,12.083333333333332,7.0,-72.0,4,6,baseline_mid,0.04920878064905369,0.06970066130169651
1473452,2025,8,1,0,5.64705882352942,12.169014084507042,6.979591836734693,-72.0,4,6,baseline_mid,0.046082476076710045,0.06504470209310721
1473452,2025,8,2,0,5.64705882352942,12.257142857142856,6.959999999999999,-71.99999999999997,4,6,baseline_mid,0.046741830124911773,0.06584212587292297
1473452,2025,8,3,0,5.64705882352942,12.08695652173913,7.2941176470588225,-69.0,4,6,baseline_mid,0.05800945001045417,0.07922138230392466
1473452,2025,8,4,0,5.64705882352942,12.176470588235293,7.269230769230768,-69.0,4,6,baseline_mid,0.06340511917578036,0.08548052678252666
1473452,2025,8,5,0,5.64705882352942,12.358208955223882,7.132075471698113,-70.0,4,6,baseline_mid,0.06301188168478145,0.08502727332746528
1473452,2025,8,6,0,5.64705882352942,12.545454545454545,7.0,-71.0,4,6,baseline_mid,0.058392979111370716,0.07966921501151882
1473452,2025,9,1,0,5.64705882352942,12.646153846153847,6.9818181818181815,-71.0,4,6,baseline_mid,0.05626809195879758,0.0851421447552049
1473452,2025,9,2,0,5.64705882352942,12.65625,7.071428571428571,-70.0,4,6,baseline_mid,0.05998859449986777,0.08973123670011131
1473452,2025,9,3,0,5.64705882352942,12.857142857142858,6.947368421052632,-81.5,5,5,baseline_mid,0.02166607918944486,0.038695628023197
1473452,2025,9,4,0,5.64705882352942,13.064516129032256,6.827586206896552,-82.33333333333334,5,5,baseline_mid,0.020761745464839165,0.03734748653542352
1473452,2025,9,5,0,5.64705882352942,12.885245901639344,7.11864406779661,-79.16666666666666,5,5,baseline_mid,0.027478994593809238,0.04713805726199587
1473452,2025,9,6,0,5.64705882352942,13.0,7.1,-79.0,5,5,baseline_mid,0.02607474096255594,0.04513119095685358
1473452,2025,9,7,0,5.64705882352942,13.118644067796609,7.081967213114754,-78.83333333333334,5,5,baseline_mid,0.024444516163860043,0.04277639155197794
1473452,2025,10,1,0,5.64705882352942,13.118644067796609,7.081967213114754,-78.83333333333334,5,5,baseline_mid,0.024788683397816924,0.03861007916951907
1473452,2025,10,2,0,5.64705882352942,13.241379310344827,7.064516129032258,-78.66666666666666,5,5,baseline_mid,0.021709635544714553,0.03439195809207859
1473452,2025,10,3,0,5.64705882352942,13.368421052631579,7.0476190476190474,-78.5,5,5,baseline_mid,0.02118519482273228,0.03366562503640662
1473452,2025,10,4,0,5.64705882352942,13.5,7.03125,-78.33333333333331,5,5,baseline_mid,0.0199047403802492,0.031881831082721974
1473452,2025,10,5,0,5.64705882352942,13.745454545454546,6.9230769230769225,-88.33333333333334,6,4,baseline_mid,0.0064910712578983756,0.011936052231745068
1473452,2025,10,6,0,5.64705882352942,13.555555555555554,7.181818181818182,-85.0,6,4,baseline_mid,0.00963984087753915,0.016895461738468887
1473452,2025,10,7,0,5.64705882352942,13.69811320754717,7.164179104477611,-84.66666666666669,6,4,baseline_mid,0.009404366935942807,0.01653262253576057
1473452,2025,11,1,0,5.64705882352942,13.69811320754717,7.164179104477611,-84.66666666666669,6,4,baseline_mid,0.010209759214855405,0.016855553100718117
1473452,2025,11,2,0,5.64705882352942,13.73076923076923,7.235294117647058,-83.33333333333334,6,4,baseline_mid,0.010409961692347945,0.017151517979664382
1473452,2025,11,3,0,5.64705882352942,14.0,7.130434782608695,-84.0,6,4,baseline_mid,0.009001246004817073,0.015055080929468232
1473452,2025,11,4,0,5.64705882352942,14.28,7.0285714285714285,-84.66666666666666,6,4,baseline_mid,0.00695564498833193,0.011945369225535426
1473452,2025,11,5,0,5.64705882352942,14.448979591836736,7.014084507042254,-84.33333333333334,6,4,baseline_mid,0.006736925612318743,0.011607521261521377
1473452,2025,11,6,0,5.64705882352942,14.625,7.0,-84.0,6,4,baseline_mid,0.006451621146542947,0.011165069270739993
1473452,2025,12,1,0,5.64705882352942,14.808510638297872,6.986301369863014,-83.66666666666666,6,4,baseline_mid,0.006297878045055591,0.00920251516003312
1473452,2025,12,2,0,5.64705882352942,15.130434782608695,6.891891891891892,-84.33333333333334,6,4,baseline_mid,0.005581651821251898,0.008223102823050507
1473452,2025,12,3,0,5.64705882352942,15.466666666666669,6.8,-85.0,6,4,baseline_mid,0.005321902983649596,0.007865781974696043
1473452,2025,12,4,0,5.64705882352942,15.272727272727273,7.026315789473684,-81.66666666666666,6,4,baseline_mid,0.007085316386640277,0.010270313157531876
1473452,2025,12,5,0,5.64705882352942,15.488372093023257,7.012987012987013,-81.33333333333334,6,4,baseline_mid,0.006724503749901399,0.009782136646230332
1473452,2025,12,6,0,5.64705882352942,15.714285714285715,7.0,-81.0,6,4,baseline_mid,0.00683432871707913,0.009930920607535709
1473452,2025,13,1,0,5.64705882352942,15.21951219512195,7.367088607594937,-75.66666666666666,6,4,baseline_mid,0.010241257757697412,0.012302066868976372
1473452,2025,13,2,0,5.64705882352942,14.700000000000001,7.7250000000000005,-70.33333333333334,6,4,baseline_mid,0.018180586904519246,0.02138903321799718
1473452,2025,13,3,0,5.64705882352942,15.076923076923077,7.62962962962963,-71.0,6,4,baseline_mid,0.013561749902680595,0.016126938639364968
1473452,2025,13,4,0,5.64705882352942,15.315789473684212,7.609756097560975,-70.66666666666666,6,4,baseline_mid,0.012564156114975147,0.014981995843160735
1473452,2025,13,5,0,5.64705882352942,15.567567567567568,7.590361445783133,-70.33333333333334,6,4,baseline_mid,0.011459952493022712,0.01371064364556352
1473452,2025,13,6,0,5.64705882352942,15.833333333333332,7.571428571428571,-70.0,6,4,baseline_mid,0.010872525614149076,0.013032433073812586
1473452,2025,14,1,0,5.64705882352942,15.600000000000001,7.764705882352942,-66.66666666666666,6,4,baseline_mid,0.014273862396189047,0.0164425870845103
1473452,2025,14,2,0,5.64705882352942,15.882352941176471,7.744186046511628,-66.33333333333334,6,4,baseline_mid,0.012940458048891103,0.014948575306353086
1473452,2025,14,3,0,5.64705882352942,16.18181818181818,7.724137931034482,-66.0,6,4,baseline_mid,0.011668054925707967,0.01351856583389282
1473452,2025,14,4,0,5.64705882352942,16.6875,7.636363636363637,-72.0,7,3,baseline_mid,0.0032123047955957204,0.003857375396784419
1473452,2025,14,5,0,5.64705882352942,17.032258064516128,7.617977528089888,-71.5,7,3,baseline_mid,0.0032746053750301847,0.003930128652236973
1473452,2025,14,6,0,5.64705882352942,17.4,7.6,-71.0,7,3,baseline_mid,0.0031508253634803555,0.003785542604984234
1473452,2025,15,1,0,5.64705882352942,18.0,7.516483516483516,-76.33333333333334,8,2,baseline_mid,0.002592296087398437,0.0029158200125196892
1473452,2025,15,2,0,5.64705882352942,18.642857142857142,7.434782608695652,-81.33333333333334,9,1,baseline_mid,0.0024480605727533597,0.0027560502383060462
1473452,2025,15,3,0,5.64705882352942,19.333333333333336,7.35483870967742,-81.5,9,1,baseline_mid,0.0024657854012834625,0.002775691941942426
1473452,2025,15,4,0,5.64705882352942,20.076923076923077,7.276595744680852,-81.66666666666666,9,1,baseline_mid,0.0024633037958492463,0.0027729420955270906
1473452,2025,15,5,0,5.64705882352942,20.64,7.2631578947368425,-80.83333333333331,9,1,baseline_mid,0.0024626176211382583,0.0027721817432437104
1473452,2025,15,6,0,5.64705882352942,21.25,7.25,-80.0,9,1,baseline_mid,0.0024620672763023214,0.0027715719020231597
1473452,2025,15,7,0,5.64705882352942,21.913043478260867,7.237113402061855,-79.16666666666666,9,1,baseline_mid,0.0024350363061592297,0.0027416160047814262
1473453,2025,7,1,0,34.28571428571428,10.051948051948052,10.465116279069768,-23.793333333333322,2,8,baseline_mid,0.44234976733767695,0.4416205074105887
1473453,2025,7,2,0,34.28571428571428,10.105263157894736,10.363636363636363,-24.14666666666666,2,8,baseline_mid,0.4433820389365957,0.44251143055457715
1473453,2025,7,3,0,34.28571428571428,9.92,10.666666666666666,-21.5,2,8,baseline_mid,0.5057953712220127,0.4963541218156596
1473453,2025,7,4,0,34.28571428571428,9.972972972972972,10.565217391304348,-21.853333333333325,2,8,baseline_mid,0.5043563040000097,0.49511160420608047
1473453,2025,7,5,0,34.28571428571428,9.78082191780822,10.851063829787234,-19.206666666666678,2,8,baseline_mid,0.5520644805298623,0.5364012527219233
1473453,2025,7,6,0,34.28571428571428,9.833333333333332,10.75,-19.560000000000002,2,8,baseline_mid,0.5494963356283413,0.534171983848167
1473453,2025,8,1,0,34.28571428571428,9.971830985915492,10.53061224489796,-32.92416666666668,3,7,baseline_mid,0.19545269120206513,0.22237592293253072
1473453,2025,8,2,0,34.28571428571428,10.114285714285714,10.32,-34.108333333333334,3,7,baseline_mid,0.17679235303020918,0.20427989548354122
1473453,2025,8,3,0,34.28571428571428,10.173913043478262,10.235294117647058,-34.292500000000004,3,7,baseline_mid,0.17415235291127357,0.20169634502522138
1473453,2025,8,4,0,34.28571428571428,10.323529411764707,10.038461538461538,-35.476666666666674,3,7,baseline_mid,0.17183399899297683,0.19942249399610748
1473453,2025,8,5,0,34.28571428571428,10.388059701492537,9.962264150943398,-35.66083333333333,3,7,baseline_mid,0.16505289161007536,0.19274351234478462
1473453,2025,8,6,0,34.28571428571428,10.454545454545455,9.88888888888889,-35.845,3,7,baseline_mid,0.15858288385850478,0.18633036456929772
1473453,2025,9,1,0,34.28571428571428,10.523076923076923,9.818181818181818,-36.02916666666667,3,7,baseline_mid,0.15686851026852683,0.1960113257467278
1473453,2025,9,2,0,34.28571428571428,10.3125,10.071428571428571,-33.21333333333334,3,7,baseline_mid,0.20803909455964872,0.24610105723116654
1473453,2025,9,3,0,34.28571428571428,10.380952380952381,10.0,-33.39750000000001,3,7,baseline_mid,0.2046160396810833,0.24283373537947175
1473453,2025,9,4,0,34.28571428571428,10.451612903225806,9.931034482758621,-33.58166666666665,3,7,baseline_mid,0.19782944745210998,0.23632399608901966
1473453,2025,9,5,0,34.28571428571428,10.524590163934427,9.864406779661017,-33.76583333333335,3,7,baseline_mid,0.18175828742380784,0.2207282662179106
1473453,2025,9,6,0,34.28571428571428,10.299999999999999,10.1,-30.950000000000017,3,7,baseline_mid,0.2307933228675525,0.26756582706614307
1473453,2025,10,1,0,34.28571428571428,10.474576271186441,9.934426229508198,-32.13416666666669,3,7,baseline_mid,0.22700150596195476,0.25901068751020456
1473453,2025,10,2,0,34.28571428571428,10.241379310344827,10.161290322580646,-29.318333333333328,3,7,baseline_mid,0.29317863338273253,0.32174623738496255
1473453,2025,10,3,0,34.28571428571428,10.0,10.380952380952381,-26.502499999999998,3,7,baseline_mid,0.40344924305241237,0.4222712081162311
1473453,2025,10,4,0,34.28571428571428,10.071428571428571,10.3125,-26.686666666666667,3,7,baseline_mid,0.3947034504002429,0.4144240821278054
1473453,2025,10,5,0,34.28571428571428,10.145454545454545,10.246153846153845,-26.870833333333337,3,7,baseline_mid,0.37409291421744406,0.3958617848519383
1473453,2025,10,6,0,34.28571428571428,10.333333333333334,10.090909090909092,-28.055000000000007,3,7,baseline_mid,0.33745563119132244,0.36258056315349335
1473453,2025,11,1,0,34.28571428571428,10.528301886792454,9.940298507462686,-29.239166666666677,3,7,baseline_mid,0.30011700921913786,0.3313175056044753
1473453,2025,11,2,0,34.28571428571428,10.730769230769232,9.794117647058822,-30.423333333333318,3,7,baseline_mid,0.26086307670188286,0.29359576988024655
1473453,2025,11,3,0,34.28571428571428,10.941176470588236,9.652173913043478,-31.607500000000016,3,7,baseline_mid,0.2505712026559114,0.28357651228913594
1473453,2025,11,4,0,34.28571428571428,11.040000000000001,9.600000000000001,-31.791666666666657,3,7,baseline_mid,0.25074539180956956,0.2837465740597833
1473453,2025,11,5,0,34.28571428571428,11.26530612244898,9.464788732394366,-32.97583333333333,3,7,baseline_mid,0.23299981614085924,0.2663308988230549
1473453,2025,11,6,0,34.28571428571428,11.375,9.416666666666666,-33.16,3,7,baseline_mid,0.22620142940919818,0.25960820258699707
1473453,2025,12,1,0,34.28571428571428,11.48936170212766,9.36986301369863,-33.344166666666666,3,7,baseline_mid,0.217584942208912,0.24148541522182723
1473453,2025,12,2,0,34.28571428571428,11.608695652173912,9.324324324324323,-33.528333333333336,3,7,baseline_mid,0.20460885221208458,0.2283941481498525
1473453,2025,12,3,0,34.28571428571428,11.733333333333333,9.28,-33.712500000000006,3,7,baseline_mid,0.20335695757916195,0.22712663707411299
1473453,2025,12,4,0,34.28571428571428,11.863636363636363,9.236842105263158,-33.896666666666675,3,7,baseline_mid,0.18724262371075248,0.21073649071415881
1473453,2025,12,5,0,34.28571428571428,12.0,9.194805194805195,-34.080833333333345,3,7,baseline_mid,0.17806461863754192,0.20133617083809946
1473453,2025,12,6,0,34.28571428571428,12.142857142857142,9.153846153846153,-34.265000000000015,3,7,baseline_mid,0.16994321881605592,0.19297595437848553
1473453,2025,12,7,0,34.28571428571428,11.853658536585366,9.341772151898734,-31.449166666666684,3,7,baseline_mid,0.22573364879378702,0.24966460918077946
1473453,2025,12,8,0,34.28571428571428,11.850000000000001,9.375,-30.633333333333354,3,7,baseline_mid,0.2292683768821063,0.25320294966436757
1473453,2025,13,1,0,34.28571428571428,11.560975609756097,9.49367088607595,-29.449166666666684,3,7,baseline_mid,0.2737020023842394,0.28664092929212215
1473453,2025,13,2,0,34.28571428571428,11.7,9.45,-29.633333333333354,3,7,baseline_mid,0.27007437477044705,0.28303401829446256
1473453,2025,13,3,0,34.28571428571428,12.0,9.333333333333334,-30.817499999999995,3,7,baseline_mid,0.2256080874503252,0.23858874386599016
1473453,2025,13,4,0,34.28571428571428,11.68421052631579,9.512195121951219,-28.001666666666665,3,7,baseline_mid,0.3198268139178595,0.3322850822680202
1473453,2025,13,5,0,34.28571428571428,11.675675675675677,9.542168674698795,-27.185833333333335,3,7,baseline_mid,0.3524708157785229,0.3643731265910126
1473453,2025,13,6,0,34.28571428571428,11.833333333333334,9.5,-27.370000000000005,3,7,baseline_mid,0.34905737183300745,0.361025282893408
1473453,2025,14,1,0,34.28571428571428,12.0,9.458823529411765,-27.554166666666674,3,7,baseline_mid,0.3416756817077956,0.3526382340561756
1473453,2025,14,2,0,34.28571428571428,12.176470588235293,9.41860465116279,-27.738333333333344,3,7,baseline_mid,0.32598762278018023,0.3371238402215377
1473453,2025,14,3,0,34.28571428571428,12.363636363636363,9.379310344827587,-27.922499999999985,3,7,baseline_mid,0.30592012237388033,0.31722814643443964
1473453,2025,14,4,0,34.28571428571428,12.0,9.545454545454545,-25.106666666666683,3,7,baseline_mid,0.43347519145836866,0.4428396062889774
1473453,2025,14,5,0,34.28571428571428,12.0,9.573033707865168,-24.290833333333325,3,7,baseline_mid,0.4441488421119607,0.45327328096851555
1473453,2025,14,6,0,34.28571428571428,12.400000000000002,9.466666666666667,-25.474999999999994,3,7,baseline_mid,0.4153438555205742,0.42509298854543637
1473453,2025,14,7,0,34.28571428571428,12.620689655172413,9.428571428571429,-25.659166666666664,3,7,baseline_mid,0.40153122965273025,0.41155268145740953
1473453,2025,15,1,0,34.28571428571428,12.413793103448278,9.494505494505495,-24.659166666666664,3,7,baseline_mid,0.4221007684657204,0.4298028925591461
1473453,2025,15,2,0,34.28571428571428,12.42857142857143,9.521739130434781,-23.843333333333334,3,7,baseline_mid,0.4167915646270775,0.42454961706746874
1473453,2025,15,3,0,34.28571428571428,12.666666666666668,9.483870967741936,-24.027500000000003,3,7,baseline_mid,0.4033920945627541,0.4112821119622753
1473453,2025,15,4,0,34.28571428571428,13.153846153846155,9.382978723404255,-25.211666666666673,3,7,baseline_mid,0.38903577182426946,0.3970519870793011
1473453,2025,15,5,0,34.28571428571428,12.72,9.536842105263158,-22.395833333333314,3,7,baseline_mid,0.46621556447801715,0.47337897196732026
1473453,2025,15,6,0,34.28571428571428,13.0,9.5,-22.579999999999984,3,7,baseline_mid,0.4533536566934667,0.46068714938488725
1473454,2025,7,1,0,17.51724137931035,10.51948051948052,6.837209302325581,-51.802499999999995,3,7,baseline_mid,0.09300117507872656,0.11909787912844134
1473454,2025,7,2,0,17.51724137931035,10.578947368421051,6.818181818181818,-51.86999999999999,3,7,baseline_mid,0.0932073084863237,0.11931919385661788
1473454,2025,7,3,0,17.51724137931035,10.719999999999999,6.666666666666667,-52.9375,3,7,baseline_mid,0.09715112453410843,0.12353747258815992
1473454,2025,7,4,0,17.51724137931035,10.783783783783784,6.6521739130434785,-53.00500000000001,3,7,baseline_mid,0.09347935454187759,0.11961114654440945
1473454,2025,7,5,0,17.51724137931035,10.84931506849315,6.638297872340425,-53.072500000000005,3,7,baseline_mid,0.0905565319982995,0.11646668671762926
1473454,2025,7,6,0,17.51724137931035,11.0,6.5,-54.140000000000015,3,7,baseline_mid,0.08682213497501043,0.11242351620373499
1473454,2025,8,1,0,17.51724137931035,11.070422535211268,6.4897959183673475,-54.20750000000001,3,7,baseline_mid,0.08225070340693569,0.10673067874895445
1473454,2025,8,2,0,17.51724137931035,11.057142857142857,6.6000000000000005,-53.275000000000006,3,7,baseline_mid,0.08558830123839256,0.11040804729888591
1473454,2025,8,3,0,17.51724137931035,11.130434782608695,6.588235294117648,-53.3425,3,7,baseline_mid,0.08439781764936669,0.1090990590496438
1473454,2025,8,4,0,17.51724137931035,11.205882352941178,6.5769230769230775,-53.41000000000001,3,7,baseline_mid,0.0790530375290873,0.10318498081910618
1473454,2025,8,5,0,17.51724137931035,11.28358208955224,6.566037735849056,-53.47749999999999,3,7,baseline_mid,0.07958600579966744,0.1037775284564683
1473454,2025,8,6,0,17.51724137931035,11.363636363636363,6.555555555555555,-53.545,3,7,baseline_mid,0.07905154348969898,0.10318331886770532
1473454,2025,9,1,0,17.51724137931035,10.984615384615385,7.090909090909092,-48.6125,3,7,baseline_mid,0.12849311767943056,0.16682767015716943
1473454,2025,9,2,0,17.51724137931035,11.15625,6.964285714285715,-59.43999999999998,4,6,baseline_mid,0.05842023362720559,0.0878037666829318
1473454,2025,9,3,0,17.51724137931035,11.238095238095237,6.947368421052632,-59.355000000000004,4,6,baseline_mid,0.06880706681812414,0.1003917366246422
1473454,2025,9,4,0,17.51724137931035,11.322580645161292,6.931034482758621,-59.269999999999996,4,6,baseline_mid,0.07131120386485887,0.10336802866540813
1473454,2025,9,5,0,17.51724137931035,11.40983606557377,6.915254237288136,-59.18500000000002,4,6,baseline_mid,0.0683162095488542,0.0998058095239158
1473454,2025,9,6,0,17.51724137931035,11.5,6.8999999999999995,-59.099999999999994,4,6,baseline_mid,0.0688537091016434,0.10044736912051436
1473454,2025,10,1,0,17.51724137931035,11.491525423728813,6.983606557377049,-58.015000000000015,4,6,baseline_mid,0.07463416654991145,0.10030622999849285
1473454,2025,10,2,0,17.51724137931035,11.482758620689655,7.064516129032258,-56.93000000000001,4,6,baseline_mid,0.08167573504544687,0.10838468182636204
1473454,2025,10,3,0,17.51724137931035,11.578947368421053,7.0476190476190474,-56.84500000000003,4,6,baseline_mid,0.07918178287385993,0.10553643700619589
1473454,2025,10,4,0,17.51724137931035,11.785714285714285,6.9375,-66.29999999999998,5,5,baseline_mid,0.025763978744878124,0.03993077608837766
1473454,2025,10,5,0,17.51724137931035,11.89090909090909,6.9230769230769225,-66.0625,5,5,baseline_mid,0.02636998118510722,0.04074790090786132
1473454,2025,10,6,0,17.51724137931035,12.0,6.90909090909091,-65.82500000000002,5,5,baseline_mid,0.029025240817837524,0.04429833326936432
1473454,2025,11,1,0,17.51724137931035,12.113207547169813,6.895522388059701,-65.5875,5,5,baseline_mid,0.028263495481987356,0.04186445838902645
1473454,2025,11,2,0,17.51724137931035,12.115384615384615,6.970588235294118,-64.35,5,5,baseline_mid,0.03240030833166277,0.04727122686989065
1473454,2025,11,3,0,17.51724137931035,12.352941176470587,6.869565217391305,-65.11249999999998,5,5,baseline_mid,0.03217292972052119,0.04697631919746477
1473454,2025,11,4,0,17.51724137931035,12.600000000000001,6.771428571428571,-65.875,5,5,baseline_mid,0.02898134493333384,0.04280917957907145
1473454,2025,11,5,0,17.51724137931035,12.73469387755102,6.76056338028169,-65.63750000000002,5,5,baseline_mid,0.028124054179896593,0.04168061542087629
1473454,2025,11,6,0,17.51724137931035,13.0,6.666666666666667,-66.4,5,5,baseline_mid,0.02628717409790108,0.03924840879366474
1473454,2025,12,1,0,17.51724137931035,13.148936170212766,6.657534246575342,-66.1625,5,5,baseline_mid,0.02074973459932264,0.02789858152472737
1473454,2025,12,2,0,17.51724137931035,13.304347826086957,6.648648648648649,-65.92500000000001,5,5,baseline_mid,0.021027080733848312,0.028244405420578038
1473454,2025,12,3,0,17.51724137931035,13.466666666666667,6.640000000000001,-65.6875,5,5,baseline_mid,0.019128035967637895,0.025869142107271113
1473454,2025,12,4,0,17.51724137931035,13.636363636363637,6.631578947368421,-65.44999999999999,5,5,baseline_mid,0.021207677725178526,0.028469401778733267
1473454,2025,12,5,0,17.51724137931035,13.813953488372093,6.623376623376624,-65.2125,5,5,baseline_mid,0.019264405817481903,0.0260402956483892
1473454,2025,12,6,0,17.51724137931035,14.0,6.615384615384616,-64.975,5,5,baseline_mid,0.01950863726009583,0.026346590419228922
1473454,2025,13,1,0,17.51724137931035,14.195121951219512,6.607594936708861,-64.73749999999998,5,5,baseline_mid,0.01832654615815528,0.021554390582964652
1473454,2025,13,2,0,17.51724137931035,14.399999999999999,6.6000000000000005,-64.5,5,5,baseline_mid,0.015909534043818317,0.018809151219202395
1473454,2025,13,3,0,17.51724137931035,14.46153846153846,6.666666666666667,-63.26250000000002,5,5,baseline_mid,0.017522717542375325,0.020643077058476164
1473454,2025,13,4,0,17.51724137931035,14.842105263157896,6.585365853658537,-64.025,5,5,baseline_mid,0.013237398539916154,0.01575504377743279
1473454,2025,13,5,0,17.51724137931035,15.08108108108108,6.578313253012048,-63.787499999999994,5,5,baseline_mid,0.0125020259731212,0.01491057686670428
1473454,2025,13,6,0,17.51724137931035,14.833333333333334,6.785714285714286,-60.54999999999998,5,5,baseline_mid,0.018460081158082266,0.021705626983625742
1473454,2025,13,7,0,17.51724137931035,15.085714285714285,6.776470588235294,-60.3125,5,5,baseline_mid,0.017499483434855308,0.020616712074890804
1473454,2025,14,1,0,17.51724137931035,15.085714285714285,6.776470588235294,-60.3125,5,5,baseline_mid,0.01743826992101248,0.01997171276854206
1473454,2025,14,2,0,17.51724137931035,15.176470588235293,6.837209302325581,-59.07500000000002,5,5,baseline_mid,0.018356702408689966,0.02099211076735888
1473454,2025,14,3,0,17.51724137931035,14.90909090909091,7.034482758620689,-55.837500000000006,5,5,baseline_mid,0.02389513807893226,0.02711379654674315
1473454,2025,14,4,0,17.51724137931035,15.375,6.954545454545455,-56.599999999999994,5,5,baseline_mid,0.020373356572158198,0.02322714092752747
1473454,2025,14,5,0,17.51724137931035,15.870967741935484,6.876404494382022,-57.36250000000001,5,5,baseline_mid,0.017971836984040812,0.020564716103971953
1473454,2025,14,6,0,17.51724137931035,15.600000000000001,7.066666666666666,-54.125,5,5,baseline_mid,0.023050499345838787,0.02618343617201748
1473454,2025,15,1,0,17.51724137931035,15.931034482758623,7.054945054945055,-53.88749999999999,5,5,baseline_mid,0.019000829860313012,0.020695101933158034
1473454,2025,15,2,0,17.51724137931035,16.285714285714285,7.043478260869566,-53.650000000000006,5,5,baseline_mid,0.019044332308392725,0.020741675555102146
1473454,2025,15,3,0,17.51724137931035,16.666666666666664,7.03225806451613,-53.412499999999994,5,5,baseline_mid,0.01672139068682805,0.018251888177374834
1473454,2025,15,4,0,17.51724137931035,17.307692307692307,6.957446808510638,-54.17499999999998,5,5,baseline_mid,0.012654277202777644,0.01387694743046965
1473454,2025,15,5,0,17.51724137931035,18.0,6.88421052631579,-54.9375,5,5,baseline_mid,0.00950628388632044,0.0104738539940151
1473454,2025,15,6,0,17.51724137931035,18.5,6.875,-54.70000000000002,5,5,baseline_mid,0.008601412188281365,0.009492300732158452
1473454,2025,15,7,0,17.51724137931035,19.043478260869563,6.865979381443299,-54.462500000000006,5,5,baseline_mid,0.007661702645545179,0.008471095710806743
1473454,2025,15,8,0,17.51724137931035,19.636363636363637,6.857142857142857,-54.224999999999994,5,5,baseline_mid,0.007239439296218583,0.008011538803893742
1473455,2025,7,1,0,37.599999999999994,12.545454545454545,6.279069767441861,-81.075,4,6,baseline_mid,0.03518209912726203,0.052468907647544596
1473455,2025,7,2,0,37.599999999999994,12.394736842105264,6.681818181818182,-78.10000000000002,4,6,baseline_mid,0.05683329512852972,0.07871228623154582
1473455,2025,7,3,0,37.599999999999994,12.559999999999999,6.533333333333333,-79.125,4,6,baseline_mid,0.05385618720457972,0.07521928481188282
1473455,2025,7,4,0,37.599999999999994,12.72972972972973,6.391304347826088,-80.15,4,6,baseline_mid,0.0370608282161109,0.05483453995331049
1473455,2025,7,5,0,37.599999999999994,12.82191780821918,6.382978723404255,-80.17500000000001,4,6,baseline_mid,0.035329605544307606,0.05265537369700427
1473455,2025,7,6,0,37.599999999999994,13.0,6.25,-81.19999999999999,4,6,baseline_mid,0.030460565332971395,0.046429752777384044
1473455,2025,8,1,0,37.599999999999994,13.098591549295776,6.244897959183674,-81.225,4,6,baseline_mid,0.029519916454661545,0.044350874030727155
1473455,2025,8,2,0,37.599999999999994,13.200000000000001,6.24,-81.24999999999997,4,6,baseline_mid,0.030146974058668265,0.04516149649451559
1473455,2025,8,3,0,37.599999999999994,13.043478260869565,6.588235294117648,-78.275,4,6,baseline_mid,0.036207843937245784,0.05287558862858559
1473455,2025,8,4,0,37.599999999999994,13.147058823529413,6.5769230769230775,-78.30000000000001,4,6,baseline_mid,0.037177695190196265,0.05409122365100485
1473455,2025,8,5,0,37.599999999999994,13.253731343283583,6.566037735849056,-78.32500000000002,4,6,baseline_mid,0.037352350568046436,0.05430963001406414
1473455,2025,8,6,0,37.599999999999994,13.363636363636363,6.555555555555555,-78.35,4,6,baseline_mid,0.03653151416642833,0.053281823529130745
1473455,2025,9,1,0,37.599999999999994,13.476923076923077,6.545454545454545,-78.375,4,6,baseline_mid,0.037272172097751834,0.06066155109051288
1473455,2025,9,2,0,37.599999999999994,13.125,7.071428571428571,-73.39999999999998,4,6,baseline_mid,0.07666962595653765,0.10966767743518151
1473455,2025,9,3,0,37.599999999999994,12.952380952380953,7.368421052631579,-70.42500000000001,4,6,baseline_mid,0.10308023949615082,0.1395432116508755
1473455,2025,9,4,0,37.599999999999994,13.064516129032256,7.344827586206896,-70.44999999999999,4,6,baseline_mid,0.09532885962097198,0.13095661495337602
1473455,2025,9,5,0,37.599999999999994,12.688524590163933,7.830508474576272,-65.47500000000002,4,6,baseline_mid,0.1569946814708795,0.19613853659340927
1473455,2025,9,6,0,37.599999999999994,12.8,7.800000000000001,-65.5,4,6,baseline_mid,0.16134583078728296,0.2005129422113092
1473455,2025,10,1,0,37.599999999999994,12.915254237288135,7.77049180327869,-65.525,4,6,baseline_mid,0.16005181601629417,0.1925413064360715
1473455,2025,10,2,0,37.599999999999994,13.03448275862069,7.741935483870968,-65.54999999999998,4,6,baseline_mid,0.1580420923080996,0.19048402353318294
1473455,2025,10,3,0,37.599999999999994,13.157894736842106,7.714285714285715,-65.57500000000002,4,6,baseline_mid,0.1567288301151899,0.1891373934657136
1473455,2025,10,4,0,37.599999999999994,13.392857142857142,7.59375,-66.6,4,6,baseline_mid,0.13019709217872866,0.16151205524029658
1473455,2025,10,5,0,37.599999999999994,13.527272727272727,7.569230769230769,-66.62500000000003,4,6,baseline_mid,0.11263176848230197,0.14272334886374535
1473455,2025,10,6,0,37.599999999999994,13.666666666666666,7.545454545454545,-66.65,4,6,baseline_mid,0.10664136862380198,0.13621032916846879
1473455,2025,11,1,0,37.599999999999994,13.245283018867926,7.970149253731344,-61.67500000000001,4,6,baseline_mid,0.18052497306945992,0.21360669996443243
1473455,2025,11,2,0,37.599999999999994,13.5,7.852941176470589,-62.69999999999999,4,6,baseline_mid,0.13914826752396367,0.17041182003622202
1473455,2025,11,3,0,37.599999999999994,13.647058823529411,7.826086956521739,-62.724999999999994,4,6,baseline_mid,0.11751162291963488,0.14708714957625274
1473455,2025,11,4,0,37.599999999999994,13.799999999999999,7.800000000000001,-62.75,4,6,baseline_mid,0.1134196432258622,0.14260836026918172
1473455,2025,11,5,0,37.599999999999994,13.714285714285714,7.943661971830986,-60.775000000000006,4,6,baseline_mid,0.14546326450087613,0.17711571111445987
1473455,2025,11,6,0,37.599999999999994,13.875,7.916666666666666,-60.80000000000001,4,6,baseline_mid,0.12891605539772144,0.15945299110292607
1473455,2025,12,1,0,37.599999999999994,14.170212765957448,7.808219178082192,-61.82499999999999,4,6,baseline_mid,0.1034514254896172,0.12273722605755939
1473455,2025,12,2,0,37.599999999999994,14.217391304347824,7.864864864864865,-60.849999999999994,4,6,baseline_mid,0.11231025019462833,0.13231056303565067
1473455,2025,12,3,0,37.599999999999994,14.0,8.08,-57.875,4,6,baseline_mid,0.14830151070579953,0.17048884455598406
1473455,2025,12,4,0,37.599999999999994,14.181818181818183,8.052631578947368,-57.900000000000006,4,6,baseline_mid,0.13666184021496372,0.15825705131320522
1473455,2025,12,5,0,37.599999999999994,14.372093023255813,8.025974025974026,-57.92500000000001,4,6,baseline_mid,0.1298456124742013,0.1510451975071477
1473455,2025,12,6,0,37.599999999999994,14.57142857142857,8.0,-57.95000000000002,4,6,baseline_mid,0.11565291726985036,0.13590313667609566
1473455,2025,12,7,0,37.599999999999994,14.78048780487805,7.974683544303797,-57.974999999999994,4,6,baseline_mid,0.10636765992645411,0.1258972683273606
1473455,2025,12,8,0,37.599999999999994,15.0,7.949999999999999,-58.0,4,6,baseline_mid,0.07944387358690924,0.09636625623302447
1473455,2025,12,9,0,37.599999999999994,14.76923076923077,8.148148148148149,-55.02499999999998,4,6,baseline_mid,0.12343307807878533,0.1442254553876235
1473455,2025,13,1,0,37.599999999999994,13.756097560975608,8.50632911392405,-50.974999999999994,4,6,baseline_mid,0.22269313393989099,0.2356589113215171
1473455,2025,13,2,0,37.599999999999994,14.100000000000001,8.399999999999999,-52.0,4,6,baseline_mid,0.16105143917482506,0.1731437018087361
1473455,2025,13,3,0,37.599999999999994,13.538461538461538,8.74074074074074,-47.02499999999998,4,6,baseline_mid,0.33865098402574906,0.3508084332527864
1473455,2025,13,4,0,37.599999999999994,13.736842105263158,8.707317073170731,-47.05000000000001,4,6,baseline_mid,0.31718492517083896,0.3296808679249986
1473455,2025,13,5,0,37.599999999999994,13.945945945945944,8.674698795180722,-47.07499999999999,4,6,baseline_mid,0.3014093005941205,0.3141056056160926
1473455,2025,13,6,0,37.599999999999994,14.166666666666668,8.642857142857142,-47.10000000000002,4,6,baseline_mid,0.2904454450951829,0.30325506857328904
1473455,2025,14,1,0,37.599999999999994,13.885714285714286,8.823529411764707,-44.125,4,6,baseline_mid,0.32652135064851523,0.33765221138049273
1473455,2025,14,2,0,37.599999999999994,13.588235294117647,9.0,-41.150000000000006,4,6,baseline_mid,0.37181736706630175,0.38235767561464196
1473455,2025,14,3,0,37.599999999999994,14.0,8.896551724137932,-42.17499999999998,4,6,baseline_mid,0.32806162088202273,0.3391768009268421
1473455,2025,14,4,0,37.599999999999994,14.4375,8.795454545454545,-43.19999999999999,4,6,baseline_mid,0.31247240669744214,0.3237307954684048
1473455,2025,14,5,0,37.599999999999994,14.70967741935484,8.764044943820224,-43.224999999999994,4,6,baseline_mid,0.29912842590517713,0.3104810420168192
1473455,2025,14,6,0,37.599999999999994,15.0,8.733333333333333,-43.25,4,6,baseline_mid,0.2686213700800304,0.280082887079997
1473455,2025,14,7,0,37.599999999999994,15.517241379310345,8.637362637362637,-49.22916666666666,5,5,baseline_mid,0.12933011880810244,0.1388088074942456
1473455,2025,15,1,0,37.599999999999994,15.517241379310345,8.637362637362637,-54.18333333333334,6,4,baseline_mid,0.07524721976398399,0.07990733587799644
1473455,2025,15,2,0,37.599999999999994,15.857142857142858,8.608695652173912,-53.866666666666646,6,4,baseline_mid,0.06205187928662819,0.06614879985702107
1473455,2025,15,3,0,37.599999999999994,16.22222222222222,8.580645161290324,-53.55000000000001,6,4,baseline_mid,0.05184012832066872,0.05545544776800624
1473455,2025,15,4,0,37.599999999999994,16.615384615384613,8.553191489361701,-53.23333333333332,6,4,baseline_mid,0.04210553784796271,0.045218428932471445
1473455,2025,15,5,0,37.599999999999994,17.04,8.526315789473685,-52.91666666666666,6,4,baseline_mid,0.028999046213487267,0.031353940564812256
1473455,2025,15,6,0,37.599999999999994,17.5,8.5,-52.599999999999994,6,4,baseline_mid,0.01868635879243078,0.020358371214288355
1473456,2025,7,1,0,43.33333333333334,11.142857142857142,13.395348837209301,-19.82666666666664,2,8,baseline_mid,0.28729063668320276,0.3059632392886486
1473456,2025,7,2,0,43.33333333333334,10.973684210526315,13.636363636363637,-17.413333333333327,2,8,baseline_mid,0.3381396046042754,0.3510447241546678
1473456,2025,7,3,0,43.33333333333334,11.040000000000001,13.466666666666667,-18.0,2,8,baseline_mid,0.33041803940563613,0.3442505293968136
1473456,2025,7,4,0,43.33333333333334,11.108108108108109,13.304347826086957,-18.586666666666645,2,8,baseline_mid,0.31180133616163314,0.327798955540185
1473456,2025,7,5,0,43.33333333333334,11.26027397260274,13.02127659574468,-20.17333333333336,2,8,baseline_mid,0.3033444572785881,0.3202892181608999
1473456,2025,7,6,0,43.33333333333334,11.333333333333332,12.875,-20.760000000000005,2,8,baseline_mid,0.305035239335013,0.3217925838941353
1473456,2025,7,7,0,43.33333333333334,11.154929577464788,13.10204081632653,-18.34666666666665,2,8,baseline_mid,0.3269945002196239,0.34123289331143325
1473456,2025,8,1,0,43.33333333333334,10.985915492957746,13.346938775510203,-16.34666666666665,2,8,baseline_mid,0.4205589855734255,0.42701939263587757
1473456,2025,8,2,0,43.33333333333334,11.057142857142857,13.200000000000001,-16.93333333333331,2,8,baseline_mid,0.38312842567234545,0.3940348683858239
1473456,2025,8,3,0,43.33333333333334,11.130434782608695,13.058823529411764,-17.52000000000001,2,8,baseline_mid,0.38404912184539725,0.3948488380683081
1473456,2025,8,4,0,43.33333333333334,11.294117647058822,12.807692307692307,-19.106666666666655,2,8,baseline_mid,0.3664363868413343,0.379249723329874
1473456,2025,8,5,0,43.33333333333334,11.373134328358208,12.679245283018869,-19.6933333333333,2,8,baseline_mid,0.36389076122333264,0.37698991718295966
1473456,2025,8,6,0,43.33333333333334,11.181818181818182,12.88888888888889,-17.279999999999973,2,8,baseline_mid,0.3748016652074577,0.38666620567920995
1473456,2025,9,1,0,43.33333333333334,10.984615384615385,13.09090909090909,-14.866666666666674,2,8,baseline_mid,0.4496167058168721,0.4602372839327505
1473456,2025,9,2,0,43.33333333333334,11.0625,12.964285714285714,-15.453333333333319,2,8,baseline_mid,0.4267203181159554,0.44075208166733626
1473456,2025,9,3,0,43.33333333333334,11.238095238095237,12.736842105263158,-17.039999999999992,2,8,baseline_mid,0.37594136073561524,0.39719926414971196
1473456,2025,9,4,0,43.33333333333334,11.322580645161292,12.620689655172413,-17.626666666666665,2,8,baseline_mid,0.36831400535271974,0.3906038104153559
1473456,2025,9,5,0,43.33333333333334,10.918032786885245,13.016949152542374,-13.21333333333331,2,8,baseline_mid,0.47036994719415337,0.4778458996458877
1473456,2025,9,6,0,43.33333333333334,11.100000000000001,12.8,-14.799999999999983,2,8,baseline_mid,0.4451882900067799,0.45647407600878415
1473456,2025,9,7,0,43.33333333333334,11.1864406779661,12.688524590163933,-15.386666666666684,2,8,baseline_mid,0.45025564109640226,0.4607800524229616
1473456,2025,10,1,0,43.33333333333334,10.983050847457626,12.885245901639344,-13.386666666666684,2,8,baseline_mid,0.48726314917371755,0.49683271384291106
1473456,2025,10,2,0,43.33333333333334,11.172413793103448,12.677419354838708,-14.97333333333333,2,8,baseline_mid,0.4697775468199873,0.4813492364966566
1473456,2025,10,3,0,43.33333333333334,11.263157894736842,12.571428571428573,-15.560000000000002,2,8,baseline_mid,0.4553766003455043,0.4685751489667657
1473456,2025,10,4,0,43.33333333333334,11.035714285714285,12.75,-13.146666666666675,2,8,baseline_mid,0.49186412648961064,0.5009029570712639
1473456,2025,10,5,0,43.33333333333334,11.236363636363636,12.553846153846155,-14.73333333333332,2,8,baseline_mid,0.48353430641199435,0.4935329163041448
1473456,2025,10,6,0,43.33333333333334,11.444444444444445,12.363636363636363,-16.319999999999965,2,8,baseline_mid,0.44966020179738775,0.4634978593700002
1473456,2025,11,1,0,43.33333333333334,11.547169811320755,12.26865671641791,-16.906666666666666,2,8,baseline_mid,0.4080661593585385,0.4319828497101812
1473456,2025,11,2,0,43.33333333333334,11.769230769230768,12.088235294117647,-18.49333333333334,2,8,baseline_mid,0.3810923847246958,0.4071650124825999
1473456,2025,11,3,0,43.33333333333334,11.529411764705882,12.260869565217392,-16.079999999999984,2,8,baseline_mid,0.44785229565434737,0.4682892953384932
1473456,2025,11,4,0,43.33333333333334,11.64,12.17142857142857,-16.666666666666657,2,8,baseline_mid,0.40249133357936606,0.4268684547314157
1473456,2025,11,5,0,43.33333333333334,11.63265306122449,12.169014084507042,-16.25333333333333,2,8,baseline_mid,0.4470256789361952,0.46753807588936136
1473456,2025,11,6,0,43.33333333333334,11.75,12.083333333333332,-16.839999999999975,2,8,baseline_mid,0.41728271641112324,0.4404225209713062
1473456,2025,11,7,0,43.33333333333334,11.48936170212766,12.246575342465754,-14.426666666666648,2,8,baseline_mid,0.4779076829342637,0.4955294047003649
1473456,2025,12,1,0,43.33333333333334,11.361702127659575,12.328767123287673,-13.426666666666648,2,8,baseline_mid,0.48303826042432557,0.4970562322185319
1473456,2025,12,2,0,43.33333333333334,11.478260869565219,12.243243243243242,-14.01333333333335,2,8,baseline_mid,0.47991750540859596,0.49413549686551367
1473456,2025,12,3,0,43.33333333333334,11.6,12.16,-14.599999999999994,2,8,baseline_mid,0.475515337620897,0.49001365846256456
1473456,2025,12,4,0,43.33333333333334,11.727272727272727,12.078947368421051,-15.186666666666667,2,8,baseline_mid,0.45627824324992133,0.4719746085652285
1473456,2025,12,5,0,43.33333333333334,11.86046511627907,12.0,-15.77333333333334,2,8,baseline_mid,0.4453831462536487,0.4617367062461808
1473456,2025,12,6,0,43.33333333333334,12.0,11.923076923076923,-16.359999999999985,2,8,baseline_mid,0.43880222340724023,0.45554457406487897
1473456,2025,12,7,0,43.33333333333334,12.146341463414634,11.848101265822786,-16.94666666666666,2,8,baseline_mid,0.3882304315259284,0.40772136357198174
1473456,2025,12,8,0,43.33333333333334,12.450000000000001,11.7,-18.53333333333336,2,8,baseline_mid,0.3670634185896248,0.38755781893833485
1473456,2025,12,9,0,43.33333333333334,12.153846153846153,11.851851851851851,-16.120000000000005,2,8,baseline_mid,0.4455896087011088,0.46193086913115283
1473456,2025,12,10,0,43.33333333333334,12.157894736842104,11.853658536585366,-15.70666666666665,2,8,baseline_mid,0.45823219914419716,0.47380899878161886
1473456,2025,12,11,0,43.33333333333334,12.486486486486488,11.710843373493976,-24.63166666666666,3,7,baseline_mid,0.2977147894180756,0.3207139139752092
1473456,2025,13,1,0,43.33333333333334,11.121951219512196,12.379746835443036,-18.078333333333347,3,7,baseline_mid,0.3944069435869493,0.4053764550379387
1473456,2025,13,2,0,43.33333333333334,11.399999999999999,12.225000000000001,-19.46666666666667,3,7,baseline_mid,0.3868874049146401,0.3980404237179336
1473456,2025,13,3,0,43.33333333333334,11.692307692307692,12.074074074074074,-20.85499999999999,3,7,baseline_mid,0.38923889962621466,0.4003352501744598
1473456,2025,13,4,0,43.33333333333334,11.842105263157894,12.0,-21.24333333333334,3,7,baseline_mid,0.3864082898189277,0.3975727735554447
1473456,2025,13,5,0,43.33333333333334,12.0,11.927710843373495,-21.63166666666666,3,7,baseline_mid,0.36738155787289556,0.37897830874931754
1473456,2025,13,6,0,43.33333333333334,12.166666666666666,11.857142857142858,-22.02000000000001,3,7,baseline_mid,0.383675828692716,0.3949051684283431
1473456,2025,13,7,0,43.33333333333334,12.514285714285716,11.717647058823529,-30.349999999999994,4,6,baseline_mid,0.2555832696382552,0.26859836283101857
1473456,2025,14,1,0,43.33333333333334,12.342857142857142,11.788235294117646,-29.349999999999994,4,6,baseline_mid,0.277695250162348,0.28914060432840255
1473456,2025,14,2,0,43.33333333333334,12.529411764705884,11.720930232558139,-29.54000000000002,4,6,baseline_mid,0.25295013922357223,0.26440510533155803
1473456,2025,14,3,0,43.33333333333334,12.727272727272727,11.655172413793103,-29.72999999999999,4,6,baseline_mid,0.26092466485027854,0.27238854650845207
1473456,2025,14,4,0,43.33333333333334,13.125,11.522727272727273,-30.919999999999987,4,6,baseline_mid,0.23294711931059384,0.24432620767216248
1473456,2025,14,5,0,43.33333333333334,12.774193548387096,11.662921348314608,-28.109999999999985,4,6,baseline_mid,0.2756895172529026,0.2871396650941496
1473456,2025,14,6,0,43.33333333333334,13.200000000000001,11.533333333333333,-35.25,5,5,baseline_mid,0.1565557693106361,0.1668196280213781
1473456,2025,15,1,0,43.33333333333334,12.827586206896552,11.67032967032967,-32.241666666666674,5,5,baseline_mid,0.19812489363092,0.20588014754567113
1473456,2025,15,2,0,43.33333333333334,13.285714285714286,11.543478260869566,-38.78666666666666,6,4,baseline_mid,0.07998284734205106,0.08483054018555024
1473456,2025,15,3,0,43.33333333333334,13.555555555555554,11.483870967741936,-38.58000000000001,6,4,baseline_mid,0.0728917486711308,0.07745581515528875
1473456,2025,15,4,0,43.33333333333334,14.076923076923077,11.361702127659575,-39.373333333333335,6,4,baseline_mid,0.06438953441208586,0.06859083458275608
1473456,2025,15,5,0,43.33333333333334,13.200000000000001,11.621052631578948,-34.16666666666666,6,4,baseline_mid,0.10188865471470882,0.10751618168348354
1473456,2025,15,6,0,43.33333333333334,13.5,11.5625,-33.95999999999998,6,4,baseline_mid,0.10440611230002883,0.11011474467187286
1473457,2025,7,1,1,-43.0,7.48051948051948,7.953488372093023,-16.973333333333315,2,8,baseline_mid,0.7659989775769002,0.7289415794856496
1473457,2025,7,2,1,-43.0,7.2631578947368425,8.318181818181818,-13.986666666666665,2,8,baseline_mid,0.8101046066101091,0.7716965060790824
1473457,2025,7,3,1,-43.0,7.28,8.266666666666666,-14.0,2,8,baseline_mid,0.8070589380680335,0.7686893971518708
1473457,2025,7,4,1,-43.0,7.378378378378379,8.08695652173913,-15.013333333333321,2,8,baseline_mid,0.8018815826190171,0.763597728785228
1473457,2025,7,5,1,-43.0,7.397260273972603,8.042553191489361,-15.026666666666685,2,8,baseline_mid,0.7965600506172215,0.758389897504181
1473457,2025,7,6,1,-43.0,7.416666666666667,8.0,-15.040000000000006,2,8,baseline_mid,0.7907860117042957,0.7527675587560878
1473457,2025,8,1,1,-43.0,7.521126760563381,7.836734693877551,-16.053333333333327,2,8,baseline_mid,0.7720512623140814,0.7415591926010487
1473457,2025,8,2,1,-43.0,7.285714285714285,8.16,-13.066666666666649,2,8,baseline_mid,0.8035754134872332,0.7719533260283473
1473457,2025,8,3,1,-43.0,7.217391304347826,8.235294117647058,-12.080000000000013,2,8,baseline_mid,0.8101882674710656,0.7784259516359201
1473457,2025,8,4,1,-43.0,7.235294117647058,8.192307692307693,-12.093333333333334,2,8,baseline_mid,0.805768484047614,0.7740958802987764
1473457,2025,8,5,1,-43.0,6.985074626865671,8.49056603773585,-9.106666666666655,2,8,baseline_mid,0.8810902254126431,0.8505883985148923
1473457,2025,8,6,1,-43.0,7.0,8.444444444444445,-9.11999999999999,2,8,baseline_mid,0.8791999293985371,0.848584359009333
1473457,2025,9,1,1,-43.0,7.015384615384615,8.399999999999999,-9.133333333333326,2,8,baseline_mid,0.8806755695346187,0.8459607064010034
1473457,2025,9,2,1,-43.0,7.125,8.25,-10.146666666666647,2,8,baseline_mid,0.857505155707617,0.8220833741156944
1473457,2025,9,3,1,-43.0,7.142857142857142,8.210526315789474,-10.159999999999997,2,8,baseline_mid,0.8479871845629905,0.8125040125103935
1473457,2025,9,4,1,-43.0,7.064516129032258,8.275862068965518,-9.173333333333332,2,8,baseline_mid,0.8782679375535885,0.8434392150077559
1473457,2025,9,5,1,-43.0,7.081967213114754,8.23728813559322,-9.186666666666653,2,8,baseline_mid,0.8779218972108427,0.8430776320900415
1473457,2025,9,6,1,-43.0,7.1,8.2,-9.200000000000003,2,8,baseline_mid,0.8757991996298905,0.840864040153349
1473457,2025,10,1,1,-43.0,7.016949152542373,8.262295081967213,-8.213333333333338,2,8,baseline_mid,0.9012609896873425,0.8795081095618663
1473457,2025,10,2,1,-43.0,7.137931034482759,8.129032258064516,-9.22666666666666,2,8,baseline_mid,0.8706141832012481,0.8478910257402013
1473457,2025,10,3,1,-43.0,7.157894736842104,8.095238095238095,-9.239999999999995,2,8,baseline_mid,0.8693266096375698,0.8465883822977531
1473457,2025,10,4,1,-43.0,7.285714285714285,7.96875,-10.253333333333345,2,8,baseline_mid,0.8523845259369085,0.8296128683321489
1473457,2025,10,5,1,-43.0,7.3090909090909095,7.938461538461539,-10.266666666666666,2,8,baseline_mid,0.8517375911883118,0.8289703994729334
1473457,2025,10,6,1,-43.0,7.0,8.181818181818182,-7.279999999999987,2,8,baseline_mid,0.9134617485491909,0.892477351281622
1473457,2025,11,1,1,-43.0,7.018867924528301,8.149253731343283,-7.2933333333333366,2,8,baseline_mid,0.9073134340111146,0.8928963131311419
1473457,2025,11,2,1,-43.0,7.038461538461538,8.117647058823529,-7.306666666666672,2,8,baseline_mid,0.90467276191504,0.8901907196638681
1473457,2025,11,3,1,-43.0,7.0588235294117645,8.08695652173913,-7.319999999999993,2,8,baseline_mid,0.8979818137806075,0.8833735768517037
1473457,2025,11,4,1,-43.0,7.08,8.057142857142857,-7.333333333333329,2,8,baseline_mid,0.897041306257761,0.8824195595550115
1473457,2025,11,5,1,-43.0,7.224489795918368,7.943661971830986,-8.346666666666664,2,8,baseline_mid,0.8862284514866381,0.871521242145712
1473457,2025,11,6,1,-43.0,6.875,8.166666666666668,-5.359999999999985,2,8,baseline_mid,0.936797809021076,0.9237956305454634
1473457,2025,12,1,1,-43.0,6.893617021276596,8.136986301369863,-5.373333333333335,2,8,baseline_mid,0.935474914787873,0.9276432512723505
1473457,2025,12,2,1,-43.0,6.913043478260869,8.108108108108109,-5.38666666666667,2,8,baseline_mid,0.9337953547422476,0.9258992930197131
1473457,2025,12,3,1,-43.0,6.533333333333333,8.32,-2.3999999999999915,2,8,baseline_mid,0.9618619593416059,0.9555762356379619
1473457,2025,12,4,1,-43.0,6.681818181818182,8.210526315789474,-3.413333333333327,2,8,baseline_mid,0.9550650842479749,0.9482708659773454
1473457,2025,12,5,1,-43.0,6.697674418604651,8.181818181818182,-3.4266666666666765,2,8,baseline_mid,0.9551259506320888,0.9483358969285154
1473457,2025,12,6,1,-43.0,6.714285714285714,8.153846153846153,-3.4399999999999977,2,8,baseline_mid,0.9525017767368984,0.9455381007454193
1473457,2025,13,1,1,-43.0,6.878048780487804,8.050632911392405,-9.646666666666675,3,7,baseline_mid,0.8793116294179295,0.8754675741253665
1473457,2025,13,2,1,-43.0,7.050000000000001,7.949999999999999,-10.533333333333346,3,7,baseline_mid,0.8692785916505766,0.8655229387251762
1473457,2025,13,3,1,-43.0,7.076923076923077,7.9259259259259265,-10.419999999999987,3,7,baseline_mid,0.8696125900990554,0.8658535250155989
1473457,2025,13,4,1,-43.0,6.631578947368421,8.121951219512196,-7.306666666666672,3,7,baseline_mid,0.9063092576305628,0.9023915870939629
1473457,2025,13,5,1,-43.0,6.8108108108108105,8.024096385542169,-8.193333333333328,3,7,baseline_mid,0.8925569600818863,0.8886444042858211
1473457,2025,13,6,1,-43.0,7.0,7.928571428571429,-9.080000000000013,3,7,baseline_mid,0.8789267856791352,0.8750855669882568
1473457,2025,13,7,1,-43.0,7.0285714285714285,7.905882352941177,-8.966666666666669,3,7,baseline_mid,0.8865721659253538,0.8826833672132173
1473457,2025,14,1,1,-43.0,6.342857142857143,8.188235294117646,-4.966666666666669,3,7,baseline_mid,0.9509383812677721,0.9486501134871014
1473457,2025,14,2,1,-43.0,5.823529411764706,8.372093023255815,-1.853333333333353,3,7,baseline_mid,0.970763834302104,0.9689421231403679
1473457,2025,14,3,1,-43.0,5.2727272727272725,8.551724137931036,1.2600000000000051,3,7,baseline_mid,0.9833045741356312,0.9819820405072867
1473457,2025,14,4,1,-43.0,5.25,8.522727272727273,1.3733333333333348,3,7,baseline_mid,0.98393230548881,0.9826409381947278
1473457,2025,14,5,1,-43.0,4.64516129032258,8.696629213483146,4.486666666666679,3,7,baseline_mid,0.9879282813883423,0.9868540419941575
1473457,2025,14,6,1,-43.0,4.800000000000001,8.6,3.6000000000000085,3,7,baseline_mid,0.9882217264633846,0.9871648636570525
1473457,2025,14,7,1,-43.0,4.758620689655173,8.571428571428571,3.7133333333333383,3,7,baseline_mid,0.9889144824799314,0.9878995241944607
1473457,2025,15,1,1,-43.0,4.551724137931034,8.637362637362637,4.713333333333338,3,7,baseline_mid,0.990614808674297,0.9901896326645168
1473457,2025,15,2,1,-43.0,4.714285714285714,8.543478260869566,3.826666666666668,3,7,baseline_mid,0.990195519934528,0.9897584048129764
1473457,2025,15,3,1,-43.0,4.0,8.70967741935484,6.939999999999998,3,7,baseline_mid,0.9935804524242784,0.9932494906226058
1473457,2025,15,4,1,-43.0,3.230769230769231,8.872340425531915,10.053333333333313,3,7,baseline_mid,0.9946932327004196,0.9944030055019986
1473457,2025,15,5,1,-43.0,3.12,8.842105263157894,10.166666666666686,3,7,baseline_mid,0.9947986218085972,0.9945124398602728
1473457,2025,15,6,1,-43.0,3.0,8.8125,10.280000000000001,3,7,baseline_mid,0.994623000559016,0.9943300967062222
1473458,2025,7,1,0,45.217391304347814,12.623376623376624,8.372093023255815,-47.55333333333331,2,8,baseline_mid,0.060117586854644245,0.0825301599549859
1473458,2025,7,2,0,45.217391304347814,12.473684210526315,8.727272727272727,-45.02666666666666,2,8,baseline_mid,0.06859435752740065,0.09222666522808806
1473458,2025,7,3,0,45.217391304347814,12.32,9.066666666666666,-42.5,2,8,baseline_mid,0.07892305863948702,0.10377045258465974
1473458,2025,7,4,0,45.217391304347814,12.405405405405405,9.0,-42.973333333333315,2,8,baseline_mid,0.07424535483273009,0.09857664069376934
1473458,2025,7,5,0,45.217391304347814,12.246575342465754,9.319148936170212,-40.44666666666669,2,8,baseline_mid,0.10297667146836342,0.12971500214161863
1473458,2025,7,6,0,45.217391304347814,12.416666666666668,9.125,-41.92,2,8,baseline_mid,0.07345086101180301,0.09768900393320222
1473458,2025,8,1,0,45.217391304347814,12.591549295774648,8.938775510204081,-43.39333333333332,2,8,baseline_mid,0.07694795089573217,0.10083827390320499
1473458,2025,8,2,0,45.217391304347814,12.42857142857143,9.24,-40.866666666666646,2,8,baseline_mid,0.09408130142311343,0.11966424480061773
1473458,2025,8,3,0,45.217391304347814,12.608695652173914,9.058823529411764,-42.34,2,8,baseline_mid,0.0807236549154607,0.10504023527192215
1473458,2025,8,4,0,45.217391304347814,12.705882352941178,9.0,-42.81333333333333,2,8,baseline_mid,0.0760372065522349,0.09981982789621353
1473458,2025,8,5,0,45.217391304347814,12.895522388059701,8.830188679245282,-44.28666666666665,2,8,baseline_mid,0.07705633508053228,0.1009593466750098
1473458,2025,8,6,0,45.217391304347814,13.09090909090909,8.666666666666666,-45.75999999999999,2,8,baseline_mid,0.07269765073067397,0.0960684715296348
1473458,2025,9,1,0,45.217391304347814,13.200000000000001,8.618181818181817,-46.233333333333334,2,8,baseline_mid,0.07174431812449313,0.10388066653243667
1473458,2025,9,2,0,45.217391304347814,13.40625,8.464285714285715,-47.70666666666665,2,8,baseline_mid,0.06454792575978863,0.09527914551825971
1473458,2025,9,3,0,45.217391304347814,13.619047619047619,8.31578947368421,-49.17999999999998,2,8,baseline_mid,0.05722064496016585,0.08632262306774253
1473458,2025,9,4,0,45.217391304347814,13.838709677419356,8.172413793103448,-62.07166666666666,3,7,baseline_mid,0.02783068601916026,0.047637694535228516
1473458,2025,9,5,0,45.217391304347814,13.672131147540984,8.440677966101696,-59.360833333333346,3,7,baseline_mid,0.041879188378162194,0.066783413277637
1473458,2025,9,6,0,45.217391304347814,13.799999999999999,8.399999999999999,-59.650000000000006,3,7,baseline_mid,0.0396011515126567,0.06377325657665392
1473458,2025,10,1,0,45.217391304347814,14.033898305084746,8.262295081967213,-60.939166666666665,3,7,baseline_mid,0.03532848729907176,0.0525524188450081
1473458,2025,10,2,0,45.217391304347814,14.172413793103448,8.225806451612902,-61.228333333333325,3,7,baseline_mid,0.032759392798467846,0.049215712736856786
1473458,2025,10,3,0,45.217391304347814,14.421052631578947,8.095238095238095,-62.517499999999984,3,7,baseline_mid,0.027593563311828672,0.04238989642666974
1473458,2025,10,4,0,45.217391304347814,14.57142857142857,8.0625,-62.80666666666667,3,7,baseline_mid,0.026286777204753458,0.04063586530993033
1473458,2025,10,5,0,45.217391304347814,14.836363636363636,7.938461538461539,-64.09583333333333,3,7,baseline_mid,0.020633861288731625,0.03289940809430158
1473458,2025,10,6,0,45.217391304347814,14.666666666666668,8.181818181818182,-61.38500000000002,3,7,baseline_mid,0.030042345759867053,0.04564611533670341
1473458,2025,10,7,0,45.217391304347814,14.943396226415093,8.059701492537314,-62.67416666666668,3,7,baseline_mid,0.02408629034859634,0.0376545000104325
1473458,2025,11,1,0,45.217391304347814,14.830188679245284,8.149253731343283,-61.67416666666668,3,7,baseline_mid,0.024724331330582494,0.03716311861707733
1473458,2025,11,2,0,45.217391304347814,15.0,8.117647058823529,-61.96333333333334,3,7,baseline_mid,0.024278491463005362,0.036565415361106496
1473458,2025,11,3,0,45.217391304347814,15.294117647058822,8.0,-63.2525,3,7,baseline_mid,0.020762062848658842,0.031803751376289
1473458,2025,11,4,0,45.217391304347814,14.879999999999999,8.399999999999999,-58.54166666666666,3,7,baseline_mid,0.03295284273231168,0.04798680974380495
1473458,2025,11,5,0,45.217391304347814,15.061224489795919,8.366197183098592,-58.83083333333332,3,7,baseline_mid,0.03187451967789212,0.04658889852403983
1473458,2025,11,6,0,45.217391304347814,15.375,8.25,-68.96000000000001,4,6,baseline_mid,0.012328146291197535,0.019957491558600826
1473458,2025,12,1,0,45.217391304347814,15.702127659574469,8.136986301369863,-70.065,4,6,baseline_mid,0.012081838606586948,0.016879492797600346
1473458,2025,12,2,0,45.217391304347814,15.260869565217392,8.513513513513512,-65.17000000000002,4,6,baseline_mid,0.019683424418885525,0.02656561245114821
1473458,2025,12,3,0,45.217391304347814,15.066666666666666,8.72,-62.275000000000006,4,6,baseline_mid,0.024244833299995917,0.03223182362741857
1473458,2025,12,4,0,45.217391304347814,15.136363636363637,8.763157894736842,-61.379999999999995,4,6,baseline_mid,0.025020239432027594,0.033186270335463446
1473458,2025,12,5,0,45.217391304347814,14.930232558139535,8.96103896103896,-58.485000000000014,4,6,baseline_mid,0.03207890356482246,0.04177463065790488
1473458,2025,12,6,0,45.217391304347814,15.142857142857142,8.923076923076923,-58.59,4,6,baseline_mid,0.027195577447557677,0.03585160080453176
1473458,2025,13,1,0,45.217391304347814,15.365853658536587,8.886075949367088,-58.69500000000002,4,6,baseline_mid,0.025632503088258374,0.029771690578452713
1473458,2025,13,2,0,45.217391304347814,14.850000000000001,9.225000000000001,-53.80000000000001,4,6,baseline_mid,0.03934645328950305,0.044951122763328286
1473458,2025,13,3,0,45.217391304347814,14.615384615384613,9.407407407407408,-50.90499999999997,4,6,baseline_mid,0.046311376786075935,0.05256683006882445
1473458,2025,13,4,0,45.217391304347814,14.052631578947368,9.731707317073171,-46.01000000000002,4,6,baseline_mid,0.07071165948475298,0.07887878165713723
1473458,2025,13,5,0,45.217391304347814,14.27027027027027,9.686746987951807,-46.11499999999998,4,6,baseline_mid,0.06728811968748183,0.07521674452613411
1473458,2025,13,6,0,45.217391304347814,14.0,9.857142857142858,-43.22000000000003,4,6,baseline_mid,0.08728793936817204,0.09649508263551322
1473458,2025,13,7,0,45.217391304347814,14.399999999999999,9.741176470588236,-44.32499999999999,4,6,baseline_mid,0.07530017843223327,0.08377364062733923
1473458,2025,14,1,0,45.217391304347814,14.228571428571428,9.811764705882354,-43.32499999999999,4,6,baseline_mid,0.08195148052027142,0.08940742602396508
1473458,2025,14,2,0,45.217391304347814,13.588235294117647,10.116279069767442,-38.43000000000001,4,6,baseline_mid,0.13786409778560932,0.1476148392122045
1473458,2025,14,3,0,45.217391304347814,12.909090909090908,10.413793103448276,-33.535,4,6,baseline_mid,0.18932584374947115,0.20024461404996327
1473458,2025,14,4,0,45.217391304347814,13.125,10.363636363636363,-33.639999999999986,4,6,baseline_mid,0.18142958444937496,0.19221687190488768
1473458,2025,14,5,0,45.217391304347814,13.354838709677418,10.314606741573034,-33.745000000000005,4,6,baseline_mid,0.1738721429536016,0.18451840479578396
1473458,2025,14,6,0,45.217391304347814,13.6,10.266666666666666,-33.849999999999994,4,6,baseline_mid,0.16837571269829493,0.17890974142286256
1473458,2025,14,7,0,45.217391304347814,13.655172413793103,10.285714285714285,-32.954999999999984,4,6,baseline_mid,0.17147486506148665,0.18207319457158447
1473458,2025,14,8,0,45.217391304347814,13.92857142857143,10.23913043478261,-33.06,4,6,baseline_mid,0.16242459714705382,0.17282761930514598
1473458,2025,15,1,0,45.217391304347814,13.448275862068964,10.351648351648352,-31.954999999999984,4,6,baseline_mid,0.18695454765802733,0.1945511164771558
1473458,2025,15,2,0,45.217391304347814,13.714285714285714,10.304347826086957,-32.06,4,6,baseline_mid,0.1749134774226776,0.1823160352323082
1473458,2025,15,3,0,45.217391304347814,14.222222222222221,10.193548387096774,-33.16499999999999,4,6,baseline_mid,0.14993560415316667,0.15685402188453573
1473458,2025,15,4,0,45.217391304347814,14.538461538461537,10.148936170212766,-33.27000000000001,4,6,baseline_mid,0.13490284498295674,0.14147205052670908
1473458,2025,15,5,0,45.217391304347814,13.68,10.421052631578949,-28.375,4,6,baseline_mid,0.21970204265390897,0.2277092925494197
1473458,2025,15,6,0,45.217391304347814,14.0,10.375,-28.47999999999999,4,6,baseline_mid,0.20416285591285058,0.21199569763705256
1473458,2025,15,7,0,45.217391304347814,13.565217391304348,10.515463917525773,-25.585000000000008,4,6,baseline_mid,0.2711636392195645,0.2795114494902972
1473459,2025,7,1,0,45.33333333333334,12.311688311688311,8.651162790697674,-30.527500000000003,1,9,baseline_mid,0.20718261176571803,0.23267541434692335
1473459,2025,7,2,0,45.33333333333334,12.473684210526315,8.454545454545455,-46.03999999999999,2,8,baseline_mid,0.09333613291174353,0.11945746312392808
1473459,2025,7,3,0,45.33333333333334,12.48,8.533333333333333,-45.5,2,8,baseline_mid,0.0977178748551731,0.12414121445587475
1473459,2025,7,4,0,45.33333333333334,12.567567567567568,8.478260869565219,-45.95999999999998,2,8,baseline_mid,0.09601523841611623,0.12232561484109782
1473459,2025,7,5,0,45.33333333333334,12.73972602739726,8.297872340425533,-47.420000000000016,2,8,baseline_mid,0.09082456088827058,0.11675576034437558
1473459,2025,7,6,0,45.33333333333334,12.583333333333334,8.625,-44.88000000000001,2,8,baseline_mid,0.1076828571739484,0.13466155094750665
1473459,2025,7,7,0,45.33333333333334,12.760563380281688,8.448979591836736,-46.33999999999999,2,8,baseline_mid,0.10137995802885756,0.12802795200700764
1473459,2025,8,1,0,45.33333333333334,12.676056338028168,8.571428571428571,-45.33999999999999,2,8,baseline_mid,0.11440840780854633,0.14129720073911967
1473459,2025,8,2,0,45.33333333333334,12.685714285714287,8.64,-44.79999999999997,2,8,baseline_mid,0.12456613164199365,0.15186885687088836
1473459,2025,8,3,0,45.33333333333334,12.521739130434781,8.941176470588236,-42.260000000000005,2,8,baseline_mid,0.1283726641605049,0.15579409627990295
1473459,2025,8,4,0,45.33333333333334,12.705882352941178,8.769230769230768,-43.72,2,8,baseline_mid,0.1188577837867732,0.14594582968065414
1473459,2025,8,5,0,45.33333333333334,12.805970149253731,8.716981132075471,-44.17999999999998,2,8,baseline_mid,0.12667823928551833,0.15404918690163877
1473459,2025,8,6,0,45.33333333333334,12.818181818181817,8.777777777777779,-43.639999999999986,2,8,baseline_mid,0.11779588285118855,0.14483897193623507
1473459,2025,9,1,0,45.33333333333334,12.830769230769231,8.836363636363636,-43.099999999999994,2,8,baseline_mid,0.1292467597353657,0.16761881426116448
1473459,2025,9,2,0,45.33333333333334,12.9375,8.785714285714285,-43.55999999999999,2,8,baseline_mid,0.12696014309011083,0.16521546108080398
1473459,2025,9,3,0,45.33333333333334,13.142857142857144,8.631578947368421,-45.019999999999996,2,8,baseline_mid,0.13838102559559337,0.1771341939780288
1473459,2025,9,4,0,45.33333333333334,13.258064516129032,8.586206896551724,-45.47999999999999,2,8,baseline_mid,0.13196694408426984,0.17046652434447754
1473459,2025,9,5,0,45.33333333333334,13.377049180327868,8.542372881355933,-45.94,2,8,baseline_mid,0.12631386490777147,0.16453458170211227
1473459,2025,9,6,0,45.33333333333334,13.0,9.0,-41.400000000000006,2,8,baseline_mid,0.154633938182068,0.19375486698941527
1473459,2025,9,7,0,45.33333333333334,13.118644067796609,8.950819672131148,-41.860000000000014,2,8,baseline_mid,0.15486158256349764,0.19398504367500133
1473459,2025,9,8,0,45.33333333333334,13.344827586206897,8.806451612903226,-43.31999999999999,2,8,baseline_mid,0.14510094012341687,0.18405212828908007
1473459,2025,10,1,0,45.33333333333334,13.016949152542374,9.049180327868852,-40.860000000000014,2,8,baseline_mid,0.16164111811262338,0.19416525358296574
1473459,2025,10,2,0,45.33333333333334,13.137931034482758,9.0,-41.31999999999999,2,8,baseline_mid,0.15134900518632716,0.18360155803565092
1473459,2025,10,3,0,45.33333333333334,12.947368421052632,9.238095238095239,-38.78,2,8,baseline_mid,0.17951139680563682,0.21225395651812026
1473459,2025,10,4,0,45.33333333333334,13.07142857142857,9.1875,-39.24000000000001,2,8,baseline_mid,0.17597382400600084,0.2086971564001392
1473459,2025,10,5,0,45.33333333333334,13.200000000000001,9.138461538461538,-39.69999999999999,2,8,baseline_mid,0.1665869405381792,0.1992024851319593
1473459,2025,10,6,0,45.33333333333334,13.333333333333334,9.09090909090909,-40.15999999999997,2,8,baseline_mid,0.1634542730226678,0.19601477807536002
1473459,2025,10,7,0,45.33333333333334,13.471698113207548,9.044776119402984,-40.620000000000005,2,8,baseline_mid,0.15428164900184338,0.18662313331030556
1473459,2025,11,1,0,45.33333333333334,13.245283018867926,9.223880597014926,-38.620000000000005,2,8,baseline_mid,0.1759234291004057,0.2088823105117753
1473459,2025,11,2,0,45.33333333333334,13.384615384615385,9.176470588235293,-39.079999999999984,2,8,baseline_mid,0.17250569710470173,0.205361434402392
1473459,2025,11,3,0,45.33333333333334,13.529411764705882,9.130434782608695,-39.53999999999999,2,8,baseline_mid,0.1553690375889037,0.18754585636377824
1473459,2025,11,4,0,45.33333333333334,13.68,9.085714285714285,-40.0,2,8,baseline_mid,0.1618781416005284,0.1943456161102328
1473459,2025,11,5,0,45.33333333333334,13.959183673469386,8.95774647887324,-41.46000000000001,2,8,baseline_mid,0.14174637012974162,0.17317524377041094
1473459,2025,11,6,0,45.33333333333334,13.75,9.166666666666666,-38.91999999999999,2,8,baseline_mid,0.16712249922126374,0.1997945922450689
1473459,2025,12,1,0,45.33333333333334,13.27659574468085,9.534246575342465,-34.379999999999995,2,8,baseline_mid,0.21857990000126423,0.24248578319190392
1473459,2025,12,2,0,45.33333333333334,13.565217391304348,9.405405405405405,-35.84,2,8,baseline_mid,0.20191793758879545,0.22566865921757467
1473459,2025,12,3,0,45.33333333333334,13.733333333333333,9.36,-36.29999999999998,2,8,baseline_mid,0.18479894279544595,0.2082384060620595
1473459,2025,12,4,0,45.33333333333334,13.90909090909091,9.31578947368421,-36.75999999999999,2,8,baseline_mid,0.1754388355159214,0.19863759934318143
1473459,2025,12,5,0,45.33333333333334,14.093023255813954,9.272727272727273,-37.22,2,8,baseline_mid,0.17883781717173897,0.20213001122502378
1473459,2025,12,6,0,45.33333333333334,14.428571428571427,9.153846153846153,-38.68000000000001,2,8,baseline_mid,0.17168032885447923,0.1947675721453398
1473459,2025,12,7,0,45.33333333333334,14.634146341463413,9.113924050632912,-39.139999999999986,2,8,baseline_mid,0.16222827948291696,0.18499566387237817
1473459,2025,13,1,0,45.33333333333334,14.048780487804876,9.417721518987342,-35.139999999999986,2,8,baseline_mid,0.19591123738828103,0.2086352027948654
1473459,2025,13,2,0,45.33333333333334,13.5,9.75,-30.600000000000023,2,8,baseline_mid,0.2759783598319922,0.2889029311829373
1473459,2025,13,3,0,45.33333333333334,13.692307692307692,9.703703703703704,-31.060000000000002,2,8,baseline_mid,0.25979103731247466,0.2727946237294427
1473459,2025,13,4,0,45.33333333333334,13.105263157894736,10.024390243902438,-26.519999999999982,2,8,baseline_mid,0.31191135061933983,0.32447901675017726
1473459,2025,13,5,0,45.33333333333334,13.297297297297298,9.975903614457831,-26.97999999999999,2,8,baseline_mid,0.3019692859326979,0.31465921954226245
1473459,2025,13,6,0,45.33333333333334,13.5,9.928571428571427,-27.439999999999998,2,8,baseline_mid,0.29579160231381957,0.30854871071936874
1473459,2025,14,1,0,45.33333333333334,13.714285714285714,9.882352941176471,-27.899999999999977,2,8,baseline_mid,0.27252390518452285,0.2839802164459008
1473459,2025,14,2,0,45.33333333333334,13.941176470588236,9.837209302325581,-28.359999999999985,2,8,baseline_mid,0.2504735897132058,0.261923373041884
1473459,2025,14,3,0,45.33333333333334,14.181818181818183,9.793103448275861,-28.819999999999993,2,8,baseline_mid,0.24471183618101222,0.2561450328276106
1473459,2025,14,4,0,45.33333333333334,14.4375,9.75,-29.28,2,8,baseline_mid,0.22788913718873602,0.23923633568972383
1473459,2025,14,5,0,45.33333333333334,14.70967741935484,9.707865168539325,-29.74000000000001,2,8,baseline_mid,0.21617347218892718,0.22742603440159712
1473459,2025,14,6,0,45.33333333333334,15.0,9.666666666666668,-30.200000000000017,2,8,baseline_mid,0.2074666387218949,0.21862934788480315
1473459,2025,15,1,0,45.33333333333334,15.310344827586208,9.626373626373628,-30.659999999999997,2,8,baseline_mid,0.19417534172013756,0.20187676701577723
1473459,2025,15,2,0,45.33333333333334,15.42857142857143,9.652173913043478,-30.120000000000005,2,8,baseline_mid,0.20044037129722167,0.2082260456485023
1473459,2025,15,3,0,45.33333333333334,16.0,9.548387096774192,-31.579999999999984,2,8,baseline_mid,0.17255649872456713,0.1799181865394663
1473459,2025,15,4,0,45.33333333333334,16.384615384615387,9.51063829787234,-32.03999999999999,2,8,baseline_mid,0.1469125106444054,0.15376436187133283
1473459,2025,15,5,0,45.33333333333334,16.799999999999997,9.473684210526315,-32.49999999999997,2,8,baseline_mid,0.12504239057198774,0.1313567620431915
1473459,2025,15,6,0,45.33333333333334,17.25,9.4375,-32.95999999999998,2,8,baseline_mid,0.11583298025218944,0.12188963270354608
1473459,2025,15,7,0,45.33333333333334,18.0,9.34020618556701,-38.61750000000001,3,7,baseline_mid,0.04881174882422812,0.052275617241232204
1473459,2025,15,8,0,45.33333333333334,18.545454545454547,9.306122448979592,-38.89500000000001,3,7,baseline_mid,0.05886610692242034,0.0628173692946098
1473460,2025,7,1,0,37.88461538461539,11.844155844155845,9.209302325581396,-53.53083333333332,3,7,baseline_mid,0.24687119546408673,0.26941333936818035
1473460,2025,7,2,0,37.88461538461539,11.921052631578949,9.136363636363637,-53.79666666666667,3,7,baseline_mid,0.21530422823096967,0.24027423973121562
1473460,2025,7,3,0,37.88461538461539,12.0,9.066666666666666,-54.0625,3,7,baseline_mid,0.20588411300295223,0.23145623815065156
1473460,2025,7,4,0,37.88461538461539,12.162162162162163,8.869565217391305,-68.71000000000001,4,6,baseline_mid,0.05306683673660195,0.07428776945702266
1473460,2025,7,5,0,37.88461538461539,12.328767123287673,8.680851063829788,-69.79500000000002,4,6,baseline_mid,0.048994812497721626,0.06944453928263497
1473460,2025,7,6,0,37.88461538461539,12.416666666666668,8.625,-69.88,4,6,baseline_mid,0.04784195580676805,0.06806132557911514
1473460,2025,8,1,0,37.88461538461539,12.507042253521126,8.571428571428571,-69.965,4,6,baseline_mid,0.04773249274723085,0.06703699416625779
1473460,2025,8,2,0,37.88461538461539,12.600000000000001,8.52,-70.04999999999998,4,6,baseline_mid,0.04605106731564773,0.06500667272377203
1473460,2025,8,3,0,37.88461538461539,12.695652173913043,8.470588235294118,-70.13500000000002,4,6,baseline_mid,0.04823716104675467,0.06764421800909275
1473460,2025,8,4,0,37.88461538461539,12.794117647058822,8.423076923076923,-70.22,4,6,baseline_mid,0.05252583156257687,0.07276595926724239
1473460,2025,8,5,0,37.88461538461539,12.985074626865671,8.264150943396226,-71.305,4,6,baseline_mid,0.05609097301550582,0.076974218034951
1473460,2025,8,6,0,37.88461538461539,13.09090909090909,8.222222222222223,-71.38999999999999,4,6,baseline_mid,0.05833099402150191,0.07959686860597419
1473460,2025,9,1,0,37.88461538461539,12.73846153846154,8.727272727272727,-66.47500000000002,4,6,baseline_mid,0.0891009635393992,0.12395405655321882
1473460,2025,9,2,0,37.88461538461539,12.84375,8.678571428571429,-66.55999999999997,4,6,baseline_mid,0.09231675943741575,0.12758188740278734
1473460,2025,9,3,0,37.88461538461539,13.047619047619047,8.526315789473685,-67.64500000000001,4,6,baseline_mid,0.09714863087443017,0.1329848996455696
1473460,2025,9,4,0,37.88461538461539,13.161290322580644,8.482758620689655,-67.72999999999999,4,6,baseline_mid,0.10143642696648869,0.13773364806439806
1473460,2025,9,5,0,37.88461538461539,13.278688524590164,8.440677966101696,-67.81500000000003,4,6,baseline_mid,0.09736803190334606,0.1332289132309591
1473460,2025,9,6,0,37.88461538461539,13.4,8.399999999999999,-67.89999999999998,4,6,baseline_mid,0.10776073960775039,0.14466369224462294
1473460,2025,9,7,0,37.88461538461539,13.52542372881356,8.360655737704917,-67.98500000000001,4,6,baseline_mid,0.10812457045582098,0.1450597908188332
1473460,2025,10,1,0,37.88461538461539,13.423728813559322,8.459016393442623,-66.98500000000001,4,6,baseline_mid,0.11544513417397356,0.14576278971449358
1473460,2025,10,2,0,37.88461538461539,13.655172413793103,8.322580645161292,-68.07,4,6,baseline_mid,0.1016308127495827,0.13071748177910666
1473460,2025,10,3,0,37.88461538461539,13.473684210526315,8.571428571428571,-65.15500000000003,4,6,baseline_mid,0.1192907084862303,0.14989816332468417
1473460,2025,10,4,0,37.88461538461539,13.607142857142858,8.53125,-65.23999999999998,4,6,baseline_mid,0.11350324210242832,0.14366614590452623
1473460,2025,10,5,0,37.88461538461539,13.200000000000001,8.953846153846154,-60.32500000000002,4,6,baseline_mid,0.15922549258397997,0.19169593839782736
1473460,2025,10,6,0,37.88461538461539,13.0,9.181818181818182,-57.41,4,6,baseline_mid,0.18574923730548293,0.2184984202107283
1473460,2025,11,1,0,37.88461538461539,13.132075471698112,9.134328358208954,-57.49500000000003,4,6,baseline_mid,0.1810854799262651,0.21418093692717136
1473460,2025,11,2,0,37.88461538461539,13.26923076923077,9.088235294117647,-57.579999999999984,4,6,baseline_mid,0.17569554013042413,0.2086478630354477
1473460,2025,11,3,0,37.88461538461539,12.823529411764707,9.478260869565217,-52.66499999999999,4,6,baseline_mid,0.23901721872278447,0.2722573711644727
1473460,2025,11,4,0,37.88461538461539,12.600000000000001,9.685714285714287,-49.75,4,6,baseline_mid,0.32570661363629994,0.355540259192984
1473460,2025,11,5,0,37.88461538461539,12.857142857142858,9.549295774647888,-50.83500000000001,4,6,baseline_mid,0.2726128490711752,0.30496553628034473
1473460,2025,11,6,0,37.88461538461539,13.0,9.5,-50.920000000000016,4,6,baseline_mid,0.2593684175651093,0.29214427671483806
1473460,2025,11,7,0,37.88461538461539,13.148936170212766,9.45205479452055,-51.004999999999995,4,6,baseline_mid,0.2445234057599857,0.2776613158630571
1473460,2025,12,1,0,37.88461538461539,13.02127659574468,9.534246575342465,-50.004999999999995,4,6,baseline_mid,0.2773145834593974,0.3007760514576004
1473460,2025,12,2,0,37.88461538461539,13.304347826086957,9.405405405405405,-59.40833333333333,5,5,baseline_mid,0.11624145659996965,0.1365345996021642
1473460,2025,12,3,0,37.88461538461539,13.466666666666667,9.36,-59.3125,5,5,baseline_mid,0.11646769260682728,0.1367772507186067
1473460,2025,12,4,0,37.88461538461539,13.772727272727273,9.236842105263158,-60.21666666666667,5,5,baseline_mid,0.10176007909569233,0.12090048703500494
1473460,2025,12,5,0,37.88461538461539,13.813953488372093,9.272727272727273,-59.12083333333334,5,5,baseline_mid,0.11130858950899114,0.1312319614163096
1473460,2025,12,6,0,37.88461538461539,14.142857142857142,9.153846153846153,-60.02499999999998,5,5,baseline_mid,0.10915018275967638,0.12890448035341376
1473460,2025,13,1,0,37.88461538461539,14.487804878048781,9.037974683544304,-60.929166666666646,5,5,baseline_mid,0.08465834338418227,0.09371238962238672
1473460,2025,13,2,0,37.88461538461539,14.850000000000001,8.925,-69.06666666666666,6,4,baseline_mid,0.03737785962873119,0.042788257517814295
1473460,2025,13,3,0,37.88461538461539,15.076923076923077,8.88888888888889,-68.78999999999999,6,4,baseline_mid,0.03710561942779634,0.04248876778151561
1473460,2025,13,4,0,37.88461538461539,14.842105263157896,9.073170731707318,-65.51333333333332,6,4,baseline_mid,0.05081702208794292,0.05746575649727041
1473460,2025,13,5,0,37.88461538461539,15.08108108108108,9.036144578313253,-65.23666666666668,6,4,baseline_mid,0.05027557272872803,0.05687811940440797
1473460,2025,13,6,0,37.88461538461539,15.166666666666666,9.071428571428571,-63.96000000000001,6,4,baseline_mid,0.050136025298853575,0.05672662158721526
1473460,2025,14,1,0,37.88461538461539,15.42857142857143,9.035294117647059,-63.68333333333334,6,4,baseline_mid,0.04885556715287955,0.05422541082513299
1473460,2025,14,2,0,37.88461538461539,15.529411764705884,9.069767441860465,-62.406666666666666,6,4,baseline_mid,0.049245814974787736,0.05464458100237505
1473460,2025,14,3,0,37.88461538461539,16.0,8.96551724137931,-63.129999999999995,6,4,baseline_mid,0.04539103389261607,0.05049869088746208
1473460,2025,14,4,0,37.88461538461539,15.375,9.272727272727273,-57.853333333333325,6,4,baseline_mid,0.08160782005675118,0.089045413166456
1473460,2025,14,5,0,37.88461538461539,15.677419354838708,9.235955056179776,-57.576666666666654,6,4,baseline_mid,0.07853765967328573,0.08580856485937094
1473460,2025,14,6,0,37.88461538461539,16.0,9.200000000000001,-57.30000000000001,6,4,baseline_mid,0.07546866018736278,0.08256791362259906
1473460,2025,14,7,0,37.88461538461539,16.344827586206897,9.164835164835164,-57.02333333333334,6,4,baseline_mid,0.07306499340082503,0.0800261877389562
1473460,2025,15,1,0,37.88461538461539,15.517241379310345,9.428571428571429,-53.02333333333334,6,4,baseline_mid,0.08783983276897876,0.09298322240821447
1473460,2025,15,2,0,37.88461538461539,15.857142857142858,9.391304347826088,-52.74666666666667,6,4,baseline_mid,0.08861581155682204,0.09378739742495733
1473460,2025,15,3,0,37.88461538461539,16.444444444444446,9.29032258064516,-58.35249999999999,7,3,baseline_mid,0.05704945830614469,0.06091584315328857
1473460,2025,15,4,0,37.88461538461539,16.846153846153847,9.25531914893617,-57.89500000000001,7,3,baseline_mid,0.040400813034283535,0.04342081991420524
1473460,2025,15,5,0,37.88461538461539,17.52,9.157894736842106,-58.4375,7,3,baseline_mid,0.023995760807395992,0.026030711883096153
1473460,2025,15,6,0,37.88461538461539,18.25,9.0625,-63.31999999999999,8,2,baseline_mid,0.0070739085618594195,0.007831267457945766
1473461,2025,7,1,1,-31.400000000000006,9.428571428571429,6.0,-46.78583333333333,3,7,baseline_mid,0.36609112351618994,0.3755166927568093
1473461,2025,7,2,1,-31.400000000000006,9.473684210526315,6.0,-46.736666666666665,3,7,baseline_mid,0.36187593101960697,0.37183734087401493
1473461,2025,7,3,1,-31.400000000000006,9.52,6.0,-46.6875,3,7,baseline_mid,0.36250146367616953,0.3723835843977777
1473461,2025,7,4,1,-31.400000000000006,9.567567567567567,6.0,-46.638333333333335,3,7,baseline_mid,0.35311347349909006,0.3641767766871358
1473461,2025,7,5,1,-31.400000000000006,9.205479452054794,6.638297872340425,-41.58916666666667,3,7,baseline_mid,0.43461822106540493,0.43494578299231823
1473461,2025,7,6,1,-31.400000000000006,9.333333333333334,6.5,-42.540000000000006,3,7,baseline_mid,0.41751026964229715,0.42016132560805325
1473461,2025,8,1,1,-31.400000000000006,9.464788732394366,6.36734693877551,-43.49083333333334,3,7,baseline_mid,0.40212877384473833,0.41080384188554564
1473461,2025,8,2,1,-31.400000000000006,9.257142857142858,6.720000000000001,-40.44166666666666,3,7,baseline_mid,0.4425296740992355,0.44630101307414605
1473461,2025,8,3,1,-31.400000000000006,9.217391304347826,6.823529411764706,-39.3925,3,7,baseline_mid,0.44576812171499675,0.4491396216260876
1473461,2025,8,4,1,-31.400000000000006,9.352941176470589,6.6923076923076925,-49.58,4,6,baseline_mid,0.25464974712081134,0.27819227034706634
1473461,2025,8,5,1,-31.400000000000006,9.402985074626866,6.679245283018868,-49.39500000000001,4,6,baseline_mid,0.2832475017687134,0.3044785477188435
1473461,2025,8,6,1,-31.400000000000006,9.454545454545453,6.666666666666667,-49.209999999999994,4,6,baseline_mid,0.2988871995254706,0.3187075607460189
1473461,2025,9,1,1,-31.400000000000006,9.507692307692308,6.654545454545454,-49.025000000000006,4,6,baseline_mid,0.311319203505366,0.340706366924758
1473461,2025,9,2,1,-31.400000000000006,9.5625,6.642857142857143,-48.83999999999999,4,6,baseline_mid,0.30565213788297874,0.33567461640622537
1473461,2025,9,3,1,-31.400000000000006,9.61904761904762,6.631578947368421,-48.655000000000015,4,6,baseline_mid,0.3351995413664244,0.36175873218244825
1473461,2025,9,4,1,-31.400000000000006,9.677419354838708,6.620689655172414,-48.469999999999985,4,6,baseline_mid,0.33802997960889836,0.3642390098315224
1473461,2025,9,5,1,-31.400000000000006,9.737704918032787,6.610169491525424,-48.28500000000001,4,6,baseline_mid,0.34507190504047003,0.3703970819523233
1473461,2025,9,6,1,-31.400000000000006,9.8,6.6000000000000005,-48.099999999999994,4,6,baseline_mid,0.33531589276527074,0.3618607484439642
1473461,2025,10,1,1,-31.400000000000006,9.966101694915254,6.491803278688526,-48.915000000000006,4,6,baseline_mid,0.32312279764334423,0.34944376661848353
1473461,2025,10,2,1,-31.400000000000006,10.034482758620689,6.483870967741935,-48.72999999999999,4,6,baseline_mid,0.3198917214928151,0.3464721217715825
1473461,2025,10,3,1,-31.400000000000006,10.210526315789473,6.380952380952381,-49.545000000000016,4,6,baseline_mid,0.31558747892556804,0.34250737928557223
1473461,2025,10,4,1,-31.400000000000006,10.392857142857142,6.28125,-50.36,4,6,baseline_mid,0.3200754297698676,0.3466411839232215
1473461,2025,10,5,1,-31.400000000000006,10.581818181818182,6.184615384615384,-51.17500000000001,4,6,baseline_mid,0.3018229098917435,0.32977961433384567
1473461,2025,10,6,1,-31.400000000000006,10.777777777777779,6.090909090909091,-51.989999999999995,4,6,baseline_mid,0.2985014693388548,0.32669670310495524
1473461,2025,11,1,1,-31.400000000000006,10.528301886792454,6.35820895522388,-48.80500000000002,4,6,baseline_mid,0.33974087867540403,0.36871789153919304
1473461,2025,11,2,1,-31.400000000000006,10.615384615384615,6.352941176470589,-48.620000000000005,4,6,baseline_mid,0.3317156635865003,0.36119128295833886
1473461,2025,11,3,1,-31.400000000000006,10.117647058823529,6.782608695652174,-43.435,4,6,baseline_mid,0.39904645706536435,0.42370437380157133
1473461,2025,11,4,1,-31.400000000000006,10.2,6.771428571428571,-43.25,4,6,baseline_mid,0.4008892481134042,0.4253973160059063
1473461,2025,11,5,1,-31.400000000000006,10.408163265306122,6.67605633802817,-44.065,4,6,baseline_mid,0.3848897425376888,0.4106702280829035
1473461,2025,11,6,1,-31.400000000000006,10.5,6.666666666666667,-43.879999999999995,4,6,baseline_mid,0.38426983975613893,0.4100982834416112
1473461,2025,12,1,1,-31.400000000000006,10.595744680851064,6.657534246575342,-43.69500000000001,4,6,baseline_mid,0.37776661429988057,0.3977657199930341
1473461,2025,12,2,1,-31.400000000000006,10.304347826086957,6.891891891891892,-40.510000000000005,4,6,baseline_mid,0.4337861973546775,0.45082053351494056
1473461,2025,12,3,1,-31.400000000000006,9.733333333333334,7.28,-35.325,4,6,baseline_mid,0.5032441337410081,0.5159432374117967
1473461,2025,12,4,1,-31.400000000000006,9.818181818181818,7.2631578947368425,-35.14,4,6,baseline_mid,0.48889325044572235,0.5025331809649357
1473461,2025,12,5,1,-31.400000000000006,9.906976744186046,7.246753246753247,-34.955,4,6,baseline_mid,0.47415210255546536,0.4887367907008463
1473461,2025,12,6,1,-31.400000000000006,10.0,7.23076923076923,-34.77000000000001,4,6,baseline_mid,0.47716366494952256,0.4915572743656094
1473461,2025,13,1,1,-31.400000000000006,10.097560975609756,7.215189873417721,-34.58500000000001,4,6,baseline_mid,0.48845754001541675,0.4966570852199881
1473461,2025,13,2,1,-31.400000000000006,10.2,7.199999999999999,-34.400000000000006,4,6,baseline_mid,0.47658688675345634,0.4851765425883909
1473461,2025,13,3,1,-31.400000000000006,10.307692307692307,7.185185185185185,-34.215,4,6,baseline_mid,0.47587062577097483,0.48448351131940237
1473461,2025,13,4,1,-31.400000000000006,10.421052631578949,7.170731707317072,-34.03,4,6,baseline_mid,0.4749026069681509,0.48354682939465976
1473461,2025,13,5,1,-31.400000000000006,10.702702702702702,7.0843373493975905,-34.845,4,6,baseline_mid,0.4650664338977759,0.4740251986808925
1473461,2025,13,6,1,-31.400000000000006,10.833333333333334,7.071428571428571,-34.66,4,6,baseline_mid,0.47472123091609175,0.48337131745316975
1473461,2025,14,1,1,-31.400000000000006,10.457142857142857,7.270588235294117,-31.474999999999994,4,6,baseline_mid,0.5595651771890001,0.565604588851822
1473461,2025,14,2,1,-31.400000000000006,10.058823529411764,7.465116279069767,-28.29000000000002,4,6,baseline_mid,0.6649495882594267,0.6677662840262434
1473461,2025,14,3,1,-31.400000000000006,10.0,7.517241379310344,-27.10499999999999,4,6,baseline_mid,0.7087268460928875,0.7102201581954475
1473461,2025,14,4,1,-31.400000000000006,9.9375,7.568181818181818,-25.919999999999987,4,6,baseline_mid,0.7307383711494385,0.7315912527389479
1473461,2025,14,5,1,-31.400000000000006,9.483870967741936,7.752808988764045,-22.734999999999985,4,6,baseline_mid,0.7779574949881434,0.7775321850438646
1473461,2025,14,6,1,-31.400000000000006,8.6,8.066666666666666,-17.549999999999983,4,6,baseline_mid,0.8295552631155599,0.8279644356015194
1473461,2025,15,1,1,-31.400000000000006,8.689655172413794,8.043956043956044,-17.36500000000001,4,6,baseline_mid,0.8273297657902543,0.8277103925440349
1473461,2025,15,2,1,-31.400000000000006,9.0,7.956521739130434,-18.180000000000007,4,6,baseline_mid,0.8245457425017062,0.8249740747511332
1473461,2025,15,3,1,-31.400000000000006,9.11111111111111,7.935483870967742,-17.995000000000005,4,6,baseline_mid,0.8233230135156668,0.8237724502390524
1473461,2025,15,4,1,-31.400000000000006,8.538461538461538,8.106382978723403,-14.810000000000002,4,6,baseline_mid,0.8413121382236557,0.8414609949083783
1473461,2025,15,5,1,-31.400000000000006,7.4399999999999995,8.399999999999999,-9.625,4,6,baseline_mid,0.8998914063978909,0.8992610073017734
1473461,2025,15,6,1,-31.400000000000006,7.5,8.375,-9.439999999999998,4,6,baseline_mid,0.8979288167964499,0.8973179785150307
1473462,2025,7,1,1,-63.06666666666666,1.4805194805194806,11.86046511627907,34.87333333333334,2,8,baseline_mid,0.9936985278132804,0.9870640967325891
1473462,2025,7,2,1,-63.06666666666666,1.5,11.590909090909092,34.186666666666675,2,8,baseline_mid,0.9917191815389182,0.9836519549539051
1473462,2025,7,3,1,-63.06666666666666,1.52,11.333333333333332,33.5,2,8,baseline_mid,0.9930885494789695,0.9859975831418823
1473462,2025,7,4,1,-63.06666666666666,1.4594594594594597,11.217391304347826,33.81333333333334,2,8,baseline_mid,0.9923019591084912,0.9846425488866445
1473462,2025,7,5,1,-63.06666666666666,1.3972602739726026,11.106382978723403,34.12666666666666,2,8,baseline_mid,0.9930298734213352,0.9858957430433959
1473462,2025,7,6,1,-63.06666666666666,1.4166666666666665,10.875,33.44,2,8,baseline_mid,0.9939467379171691,0.9875023745070849
1473462,2025,8,1,1,-63.06666666666666,1.436619718309859,10.653061224489797,32.75333333333334,2,8,baseline_mid,0.9956618780966944,0.9913697251367403
1473462,2025,8,2,1,-63.06666666666666,1.2857142857142856,10.68,34.06666666666668,2,8,baseline_mid,0.995617298571008,0.9912924965056455
1473462,2025,8,3,1,-63.06666666666666,1.3043478260869565,10.470588235294118,33.379999999999995,2,8,baseline_mid,0.9962318459906694,0.9923667904811455
1473462,2025,8,4,1,-63.06666666666666,1.2352941176470589,10.384615384615385,33.693333333333335,2,8,baseline_mid,0.9964933958892228,0.9928308337283038
1473462,2025,8,5,1,-63.06666666666666,1.164179104477612,10.30188679245283,34.006666666666675,2,8,baseline_mid,0.9965062133183622,0.9928536885100551
1473462,2025,8,6,1,-63.06666666666666,1.0909090909090908,10.222222222222221,34.32000000000001,2,8,baseline_mid,0.9963571988573845,0.9925886469680542
1473462,2025,9,1,1,-63.06666666666666,1.0153846153846153,10.145454545454545,34.63333333333333,2,8,baseline_mid,0.9965292053109149,0.991849043735639
1473462,2025,9,2,1,-63.06666666666666,1.03125,9.964285714285715,33.94666666666667,2,8,baseline_mid,0.9965877229446752,0.9919649521060236
1473462,2025,9,3,1,-63.06666666666666,1.0476190476190474,9.789473684210526,33.260000000000005,2,8,baseline_mid,0.9965863958450726,0.99196231993349
1473462,2025,9,4,1,-63.06666666666666,0.6774193548387096,10.034482758620689,36.57333333333333,2,8,baseline_mid,0.997144403322066,0.9930845924309515
1473462,2025,9,5,1,-63.06666666666666,0.6885245901639344,9.864406779661017,35.88666666666667,2,8,baseline_mid,0.9974763701879478,0.9937687498154816
1473462,2025,9,6,1,-63.06666666666666,0.6000000000000001,9.8,36.2,2,8,baseline_mid,0.9974098663325917,0.9936305927876721
1473462,2025,10,1,1,-63.06666666666666,0.3050847457627119,9.934426229508198,38.51333333333333,2,8,baseline_mid,0.9976385356375427,0.9954076287136938
1473462,2025,10,2,1,-63.06666666666666,-0.3103448275862069,10.35483870967742,43.82666666666667,2,8,baseline_mid,0.9977470022741801,0.995594254628889
1473463,2025,7,1,1,9.0,8.805194805194805,9.488372093023255,-8.049999999999997,1,9,baseline_mid,0.7541649491979259,0.7177282400012067
1473463,2025,7,2,1,9.0,8.921052631578949,9.272727272727273,-9.400000000000006,1,9,baseline_mid,0.7528136962355667,0.7164539939226549
1473463,2025,7,3,1,9.0,8.56,9.866666666666667,-4.75,1,9,baseline_mid,0.7940425504660508,0.755934976858133
1473463,2025,7,4,1,9.0,8.675675675675677,9.652173913043478,-6.099999999999994,1,9,baseline_mid,0.7847739742179118,0.7469436418079979
1473463,2025,7,5,1,9.0,8.63013698630137,9.702127659574467,-5.450000000000003,1,9,baseline_mid,0.794033250840059,0.755925918684291
1473463,2025,7,6,1,9.0,8.583333333333334,9.75,-4.799999999999997,1,9,baseline_mid,0.8044784546158289,0.7661484923425285
1473463,2025,8,1,1,9.0,8.366197183098592,10.040816326530614,-2.1500000000000057,1,9,baseline_mid,0.8244251516795977,0.7924893284517036
1473463,2025,8,2,1,9.0,8.399999999999999,9.959999999999999,-2.5,1,9,baseline_mid,0.8354056245772845,0.8034652756323616
1473463,2025,8,3,1,9.0,8.521739130434783,9.764705882352942,-3.8500000000000085,1,9,baseline_mid,0.8218943784007722,0.7899760179950344
1473463,2025,8,4,1,9.0,8.117647058823529,10.269230769230768,0.7999999999999972,1,9,baseline_mid,0.8548202852341167,0.8231802129758857
1473463,2025,8,5,1,9.0,8.238805970149254,10.075471698113208,-0.549999999999983,1,9,baseline_mid,0.853909417132521,0.8222457523261562
1473463,2025,8,6,1,9.0,8.272727272727273,10.0,-0.8999999999999773,1,9,baseline_mid,0.8480514706002911,0.816259195709073
1473463,2025,9,1,1,9.0,7.846153846153847,10.472727272727273,3.750000000000014,1,9,baseline_mid,0.9017741415214844,0.8685228405968274
1473463,2025,9,2,1,9.0,7.875,10.392857142857142,3.3999999999999915,1,9,baseline_mid,0.8969908247953801,0.8633293161007822
1473463,2025,9,3,1,9.0,7.619047619047619,10.631578947368421,6.050000000000011,1,9,baseline_mid,0.946690722021478,0.9202897195141077
1473463,2025,9,4,1,9.0,7.64516129032258,10.551724137931034,5.700000000000017,1,9,baseline_mid,0.9439041508747652,0.9168789620755632
1473463,2025,9,5,1,9.0,7.1803278688524586,10.983050847457626,10.350000000000009,1,9,baseline_mid,0.9712495892159534,0.952142569115961
1473463,2025,9,6,1,9.0,6.7,11.399999999999999,14.999999999999986,1,9,baseline_mid,0.9828739657953538,0.9689001664975544
1473463,2025,10,1,1,9.0,6.711864406779661,11.311475409836067,14.650000000000006,1,9,baseline_mid,0.9835437281360795,0.9746534456841428
1473463,2025,10,2,1,9.0,6.724137931034482,11.225806451612902,14.300000000000011,1,9,baseline_mid,0.9836085661503361,0.9747409778114068
1473463,2025,10,3,1,9.0,6.421052631578947,11.428571428571427,16.950000000000003,1,9,baseline_mid,0.9857972327829099,0.9777233673419627
1473463,2025,10,4,1,9.0,6.321428571428571,11.4375,17.60000000000001,1,9,baseline_mid,0.9871713449686106,0.9796257561666124
1473463,2025,10,5,1,9.0,6.327272727272726,11.353846153846153,17.25,1,9,baseline_mid,0.9863578779112883,0.9784965673606113
1473463,2025,10,6,1,9.0,6.444444444444445,11.181818181818182,15.900000000000006,1,9,baseline_mid,0.9856626898184726,0.9775384043210681
1473463,2025,11,1,1,9.0,6.566037735849056,11.014925373134329,6.599999999999994,2,8,baseline_mid,0.9794908883520983,0.9721041265028247
1473463,2025,11,2,1,9.0,6.5769230769230775,10.941176470588236,6.400000000000006,2,8,baseline_mid,0.9739142389059546,0.9654027420971534
1473463,2025,11,3,1,9.0,6.705882352941177,10.782608695652174,5.200000000000017,2,8,baseline_mid,0.9756312036530672,0.9674474585647299
1473463,2025,11,4,1,9.0,6.720000000000001,10.714285714285715,5.0,2,8,baseline_mid,0.9553467723090796,0.9440802193006133
1473463,2025,11,5,1,9.0,6.857142857142857,10.563380281690142,3.799999999999997,2,8,baseline_mid,0.9522097436317731,0.940590398321355
1473463,2025,11,6,1,9.0,7.0,10.416666666666668,2.6000000000000085,2,8,baseline_mid,0.949193927197772,0.9372601315707783
1473463,2025,12,1,1,9.0,6.382978723404255,10.767123287671232,7.400000000000006,2,8,baseline_mid,0.9841779509553479,0.980398044935113
1473463,2025,12,2,1,9.0,6.391304347826088,10.702702702702702,7.199999999999989,2,8,baseline_mid,0.9844569121308373,0.9807200435150363
1473463,2025,12,3,1,9.0,6.4,10.64,7.000000000000014,2,8,baseline_mid,0.9839750598094958,0.9801641072833825
1473463,2025,12,4,1,9.0,6.0,10.81578947368421,9.799999999999997,2,8,baseline_mid,0.9876462736862182,0.9844328778817137
1473463,2025,12,5,1,9.0,6.0,10.753246753246753,9.599999999999994,2,8,baseline_mid,0.9877373281660574,0.9845398028760164
1473463,2025,12,6,1,9.0,5.857142857142857,10.76923076923077,10.400000000000006,2,8,baseline_mid,0.987452566259261,0.9842055922957982
1473463,2025,13,1,1,9.0,5.853658536585366,10.708860759493671,10.200000000000017,2,8,baseline_mid,0.9891697998276847,0.9877934821575401
1473463,2025,13,2,1,9.0,6.0,10.575,9.0,2,8,baseline_mid,0.9890209837851518,0.987631677125961
1473463,2025,13,3,1,9.0,6.0,10.518518518518519,8.800000000000011,2,8,baseline_mid,0.9892192602480645,0.9878472772881479
1473463,2025,13,4,1,9.0,6.0,10.463414634146341,8.600000000000023,2,8,baseline_mid,0.9897533327494175,0.9884287312086469
1473463,2025,13,5,1,9.0,5.837837837837839,10.481927710843372,9.400000000000006,2,8,baseline_mid,0.9898708846730286,0.9885568565854914
1473463,2025,13,6,1,9.0,6.0,10.357142857142858,8.199999999999989,2,8,baseline_mid,0.9900055748967723,0.988703727568179
1473463,2025,13,7,1,9.0,6.0,10.305882352941175,8.0,2,8,baseline_mid,0.9898153291749943,0.9884962974065038
1473463,2025,14,1,1,9.0,5.828571428571428,10.376470588235295,9.0,2,8,baseline_mid,0.9903830687224031,0.9894613574504759
1473463,2025,14,2,1,9.0,5.823529411764706,10.325581395348838,8.800000000000011,2,8,baseline_mid,0.9902155451647366,0.9892828746544906
1473463,2025,14,3,1,9.0,6.0,10.206896551724137,7.599999999999994,2,8,baseline_mid,0.9905553177377324,0.9896449662143125
1473463,2025,14,4,1,9.0,6.1875,10.090909090909092,6.400000000000006,2,8,baseline_mid,0.990343706324124,0.9894194121809805
1473463,2025,14,5,1,9.0,5.225806451612903,10.382022471910112,11.199999999999989,2,8,baseline_mid,0.9938882583858437,0.9932188031751009
1473463,2025,14,6,1,9.0,5.4,10.266666666666666,10.0,2,8,baseline_mid,0.9936771653675736,0.9929910841524338
1473463,2025,15,1,1,9.0,5.379310344827586,10.219780219780219,9.800000000000011,2,8,baseline_mid,0.9933227137092595,0.9929827915111684
1473463,2025,15,2,1,9.0,5.571428571428571,10.108695652173912,4.400000000000006,3,7,baseline_mid,0.9846734260957768,0.9841029390786616
1473463,2025,15,3,1,9.0,5.555555555555555,10.064516129032258,4.349999999999994,3,7,baseline_mid,0.980136987944277,0.9794826280340854
1473463,2025,15,4,1,9.0,5.538461538461538,10.02127659574468,4.299999999999983,3,7,baseline_mid,0.9809766548067569,0.9803363900564221
1473463,2025,15,5,1,9.0,5.76,9.91578947368421,3.25,3,7,baseline_mid,0.978157131582904,0.9774718277603424
1473463,2025,15,6,1,9.0,6.0,9.8125,2.1999999999999886,3,7,baseline_mid,0.9768243913950033,0.976119954542378
1473464,2025,7,1,1,52.6875,11.844155844155845,13.11627906976744,6.208333333333343,0,10,baseline_mid,0.6521211378706931,0.6243224411351808
1473464,2025,7,2,1,52.6875,11.921052631578949,12.954545454545455,5.166666666666657,0,10,baseline_mid,0.6427346508252176,0.6159588860505225
1473464,2025,7,3,1,52.6875,11.6,13.466666666666667,9.125,0,10,baseline_mid,0.6749524332949479,0.6447993173623833
1473464,2025,7,4,1,52.6875,11.513513513513512,13.565217391304348,10.083333333333343,0,10,baseline_mid,0.6814837997806422,0.6506951465842443
1473464,2025,7,5,1,52.6875,11.342465753424658,13.787234042553193,12.041666666666657,0,10,baseline_mid,0.6977262822291309,0.6654379841803165
1473464,2025,7,6,1,52.6875,11.416666666666666,13.625,11.0,0,10,baseline_mid,0.6845644629582861,0.6534823344756591
1473464,2025,8,1,1,52.6875,11.492957746478872,13.46938775510204,9.958333333333329,0,10,baseline_mid,0.685034496564388,0.6607093867883702
1473464,2025,8,2,1,52.6875,11.571428571428571,13.32,8.916666666666671,0,10,baseline_mid,0.6837311666834773,0.6595246154007992
1473464,2025,8,3,1,52.6875,11.217391304347826,13.76470588235294,12.874999999999986,0,10,baseline_mid,0.7173455884986527,0.6902991462567587
1473464,2025,8,4,1,52.6875,10.852941176470589,14.192307692307693,16.83333333333333,0,10,baseline_mid,0.7720857970473256,0.7415921061182992
1473464,2025,8,5,1,52.6875,11.014925373134329,13.924528301886793,14.791666666666671,0,10,baseline_mid,0.7704966370052619,0.7400783571380435
1473464,2025,8,6,1,52.6875,11.181818181818182,13.666666666666666,12.750000000000014,0,10,baseline_mid,0.7501028296983008,0.7207923416889923
1473464,2025,9,1,1,52.6875,11.353846153846153,13.418181818181818,10.708333333333329,0,10,baseline_mid,0.7282904203351985,0.6997518392797288
1473464,2025,9,2,1,52.6875,10.96875,13.82142857142857,14.666666666666671,0,10,baseline_mid,0.7819374480024948,0.7488330449983513
1473464,2025,9,3,1,52.6875,10.571428571428571,14.210526315789473,18.625,0,10,baseline_mid,0.812051020759023,0.7773239781256841
1473464,2025,9,4,1,52.6875,10.741935483870968,13.96551724137931,16.583333333333343,0,10,baseline_mid,0.8062455190397105,0.7717683914990644
1473464,2025,9,5,1,52.6875,10.524590163934427,14.135593220338983,18.541666666666657,0,10,baseline_mid,0.8119890841045505,0.7772645371681823
1473464,2025,9,6,1,52.6875,10.299999999999999,14.3,20.5,0,10,baseline_mid,0.814509287638902,0.779686222962146
1473464,2025,10,1,1,52.6875,10.474576271186441,14.065573770491804,18.458333333333343,0,10,baseline_mid,0.8136836296581023,0.7918164455137706
1473464,2025,10,2,1,52.6875,10.241379310344827,14.225806451612904,20.416666666666686,0,10,baseline_mid,0.813343833027333,0.7914897735471541
1473464,2025,10,3,1,52.6875,10.31578947368421,14.095238095238095,19.375,0,10,baseline_mid,0.8191264319126047,0.7970602705637057
1473464,2025,10,4,1,52.6875,10.392857142857142,13.96875,18.333333333333343,0,10,baseline_mid,0.8139442502638583,0.7920670548424208
1473464,2025,10,5,1,52.6875,10.145454545454545,14.123076923076923,20.291666666666657,0,10,baseline_mid,0.8207216078963573,0.7986012197102337
1473464,2025,10,6,1,52.6875,10.222222222222221,14.0,19.25,0,10,baseline_mid,0.813385482532283,0.7915298099626588
1473464,2025,11,1,1,52.6875,10.30188679245283,13.880597014925371,18.208333333333343,0,10,baseline_mid,0.8006446959533677,0.7886217273190009
1473464,2025,11,2,1,52.6875,10.269230769230768,13.852941176470587,18.166666666666657,0,10,baseline_mid,0.8068688539486559,0.7944974618880777
1473464,2025,11,3,1,52.6875,10.470588235294118,13.652173913043477,16.125,0,10,baseline_mid,0.8051579232017863,0.792880422485266
1473464,2025,11,4,1,52.6875,10.2,13.799999999999999,18.083333333333343,0,10,baseline_mid,0.8086640887297699,0.7961957489042045
1473464,2025,11,5,1,52.6875,9.918367346938776,13.943661971830986,20.041666666666657,0,10,baseline_mid,0.8182822436043831,0.8053228650682638
1473464,2025,11,6,1,52.6875,10.125,13.75,18.0,0,10,baseline_mid,0.8198051927632861,0.8067726032927073
1473464,2025,12,1,1,52.6875,9.574468085106382,14.054794520547945,21.958333333333314,0,10,baseline_mid,0.8457568057338231,0.83783897110134
1473464,2025,12,2,1,52.6875,9.782608695652174,13.864864864864867,10.525000000000006,1,9,baseline_mid,0.8498632350631891,0.8418402994597958
1473464,2025,12,3,1,52.6875,9.866666666666667,13.760000000000002,9.6875,1,9,baseline_mid,0.8376055344824763,0.8299184241106018
1473464,2025,12,4,1,52.6875,9.954545454545455,13.657894736842104,8.849999999999994,1,9,baseline_mid,0.8421361133169263,0.8343172165326826
1473464,2025,12,5,1,52.6875,10.046511627906977,13.558441558441558,8.012499999999989,1,9,baseline_mid,0.836624412867236,0.8289669804108021
1473464,2025,12,6,1,52.6875,10.142857142857142,13.461538461538462,7.174999999999983,1,9,baseline_mid,0.8445884112358886,0.8367018716095014
1473464,2025,13,1,1,52.6875,10.24390243902439,13.367088607594937,6.337500000000006,1,9,baseline_mid,0.8366055968781942,0.833320844845812
1473464,2025,13,2,1,52.6875,10.350000000000001,13.274999999999999,5.5,1,9,baseline_mid,0.8442751621371227,0.8408572966817807
1473464,2025,13,3,1,52.6875,9.692307692307693,13.555555555555554,9.662499999999994,1,9,baseline_mid,0.8717373515222995,0.8679573181066103
1473464,2025,13,4,1,52.6875,9.947368421052632,13.390243902439025,7.824999999999989,1,9,baseline_mid,0.8669430410389358,0.8632121162918207
1473464,2025,13,5,1,52.6875,10.054054054054054,13.301204819277109,6.987500000000011,1,9,baseline_mid,0.8664822749778641,0.862756406307838
1473464,2025,13,6,1,52.6875,10.166666666666666,13.214285714285715,6.150000000000006,1,9,baseline_mid,0.8608557069112626,0.8571961787891003
1473464,2025,13,7,1,52.6875,10.285714285714285,13.129411764705884,5.3125,1,9,baseline_mid,0.8436318214899956,0.8402246296137429
1473464,2025,14,1,1,52.6875,10.285714285714285,13.129411764705884,5.3125,1,9,baseline_mid,0.8483088888067827,0.8463805870951596
1473464,2025,14,2,1,52.6875,10.411764705882353,13.046511627906977,4.474999999999994,1,9,baseline_mid,0.79317796055465,0.7923784906510446
1473464,2025,14,3,1,52.6875,9.636363636363637,13.310344827586206,8.637500000000017,1,9,baseline_mid,0.8788653750235289,0.8765212339706828
1473464,2025,14,4,1,52.6875,9.75,13.227272727272727,7.800000000000011,1,9,baseline_mid,0.8770202892615939,0.8746957804838285
1473464,2025,14,5,1,52.6875,9.29032258064516,13.348314606741575,9.962500000000006,1,9,baseline_mid,0.8864355789593876,0.8840192483679384
1473464,2025,14,6,1,52.6875,8.399999999999999,13.6,14.125,1,9,baseline_mid,0.879665149485699,0.8773127408799062
1473464,2025,14,7,1,52.6875,8.482758620689655,13.516483516483516,13.287499999999994,1,9,baseline_mid,0.8832566857948894,0.8808689961129538
1473464,2025,15,1,1,52.6875,8.482758620689655,13.516483516483516,13.287499999999994,1,9,baseline_mid,0.8863302049203776,0.8858459144397531
1473464,2025,15,2,1,52.6875,7.5,13.760869565217392,17.44999999999999,1,9,baseline_mid,0.9292452617017019,0.9283997141719811
1473464,2025,15,3,1,52.6875,6.888888888888889,13.870967741935484,19.61250000000001,1,9,baseline_mid,0.9430031574721038,0.9421190916493701
1473464,2025,15,4,1,52.6875,6.9230769230769225,13.787234042553193,18.775000000000006,1,9,baseline_mid,0.9439023186478537,0.943017475440772
1473464,2025,15,5,1,52.6875,6.959999999999999,13.705263157894738,17.9375,1,9,baseline_mid,0.9444619691442571,0.9435767600931074
1473464,2025,15,6,1,52.6875,7.0,13.625,17.100000000000023,1,9,baseline_mid,0.9444062637350897,0.9435210870043901
1473465,2025,7,1,1,-6.5,8.103896103896105,9.767441860465116,8.00833333333334,0,10,baseline_mid,0.904800855573956,0.8709673935620843
1473465,2025,7,2,1,-6.5,7.894736842105264,10.090909090909092,10.566666666666663,0,10,baseline_mid,0.9286848502888254,0.8985700414367451
1473465,2025,7,3,1,-6.5,7.92,10.0,10.125,0,10,baseline_mid,0.9273635324421625,0.8970027305436622
1473465,2025,7,4,1,-6.5,7.945945945945946,9.91304347826087,9.683333333333337,0,10,baseline_mid,0.9214024534198795,0.889994993097118
1473465,2025,7,5,1,-6.5,7.561643835616438,10.46808510638298,14.24166666666666,0,10,baseline_mid,0.9638791265872462,0.9427224721058995
1473465,2025,7,6,1,-6.5,7.666666666666666,10.25,12.799999999999997,0,10,baseline_mid,0.9565079596441437,0.93301155436553
1473465,2025,8,1,1,-6.5,7.690140845070423,10.16326530612245,12.358333333333334,0,10,baseline_mid,0.9538499649674872,0.9332038721949764
1473465,2025,8,2,1,-6.5,7.628571428571428,10.2,12.916666666666671,0,10,baseline_mid,0.9584280215246455,0.9389230230595367
1473465,2025,8,3,1,-6.5,7.652173913043478,10.117647058823529,12.474999999999994,0,10,baseline_mid,0.9540294185229844,0.9334263310409054
1473465,2025,8,4,1,-6.5,7.235294117647058,10.615384615384615,17.03333333333333,0,10,baseline_mid,0.9753334148509456,0.9610113639777526
1473465,2025,8,5,1,-6.5,7.343283582089552,10.415094339622641,5.9325000000000045,1,9,baseline_mid,0.9685325042748698,0.9519140559263948
1473465,2025,8,6,1,-6.5,7.363636363636363,10.333333333333334,5.635000000000019,1,9,baseline_mid,0.9587753217591997,0.939360770723452
1473465,2025,8,7,1,-6.5,7.384615384615385,10.254545454545454,5.337500000000006,1,9,baseline_mid,0.9586146753714065,0.939158216432769
1473465,2025,9,1,1,-6.5,7.292307692307691,10.363636363636363,6.337500000000006,1,9,baseline_mid,0.9623434075037425,0.9401572340821356
1473465,2025,9,2,1,-6.5,7.03125,10.607142857142858,9.039999999999992,1,9,baseline_mid,0.9700588009200689,0.9505042801698766
1473465,2025,9,3,1,-6.5,7.0476190476190474,10.526315789473683,8.742500000000007,1,9,baseline_mid,0.9705174879867107,0.9511339061011364
1473465,2025,9,4,1,-6.5,7.161290322580646,10.344827586206897,7.445000000000007,1,9,baseline_mid,0.9727033902322596,0.9541596255157273
1473465,2025,9,5,1,-6.5,7.278688524590164,10.169491525423728,6.147500000000008,1,9,baseline_mid,0.9703801416291366,0.9509451881055341
1473465,2025,9,6,1,-6.5,7.299999999999999,10.1,5.849999999999994,1,9,baseline_mid,0.9712744251155645,0.9521768687948591
1473465,2025,10,1,1,-6.5,7.322033898305085,10.032786885245901,5.552499999999995,1,9,baseline_mid,0.9701603679234316,0.9573470947630297
1473465,2025,10,2,1,-6.5,7.344827586206896,9.967741935483872,5.25500000000001,1,9,baseline_mid,0.970183850282414,0.9573763853794242
1473465,2025,10,3,1,-6.5,7.473684210526317,9.80952380952381,3.957499999999996,1,9,baseline_mid,0.9344807777246837,0.9154797316482195
1473465,2025,10,4,1,-6.5,7.5,9.75,3.660000000000011,1,9,baseline_mid,0.9360400665707631,0.9172252622443765
1473465,2025,10,5,1,-6.5,7.636363636363637,9.600000000000001,2.362499999999997,1,9,baseline_mid,0.9304788350789208,0.9110266939066833
1473465,2025,10,6,1,-6.5,7.666666666666666,9.545454545454545,2.0649999999999977,1,9,baseline_mid,0.9264303126639248,0.9065592561455161
1473465,2025,10,7,1,-6.5,7.811320754716981,9.402985074626866,0.7674999999999983,1,9,baseline_mid,0.9254526186011616,0.9054857828240181
1473465,2025,10,8,1,-6.5,7.846153846153847,9.352941176470589,0.46999999999999886,1,9,baseline_mid,0.9229018915036837,0.902694675402428
1473465,2025,11,1,1,-6.5,7.584905660377358,9.582089552238806,2.7674999999999983,1,9,baseline_mid,0.9344253583323305,0.921255419430971
1473465,2025,11,2,1,-6.5,7.730769230769232,9.441176470588236,1.4699999999999989,1,9,baseline_mid,0.9224603042549799,0.9085987164537851
1473465,2025,11,3,1,-6.5,7.764705882352942,9.391304347826088,1.1725000000000136,1,9,baseline_mid,0.9189447681226344,0.9049246768889354
1473465,2025,11,4,1,-6.5,7.800000000000001,9.342857142857143,0.875,1,9,baseline_mid,0.9230731649159238,0.909241172834328
1473465,2025,11,5,1,-6.5,7.714285714285715,9.380281690140844,1.5774999999999864,1,9,baseline_mid,0.9264035913818536,0.9127429940688356
1473465,2025,11,6,1,-6.5,7.75,9.333333333333334,1.2800000000000153,1,9,baseline_mid,0.9297586255920525,0.9162893983735451
1473465,2025,11,7,1,-6.5,7.404255319148936,9.534246575342465,3.9825000000000017,1,9,baseline_mid,0.9513782683477594,0.9396698796339863
1473465,2025,12,1,1,-6.5,7.404255319148936,9.534246575342465,3.9825000000000017,1,9,baseline_mid,0.9558447405452386,0.9491043739593994
1473465,2025,12,2,1,-6.5,7.434782608695652,9.486486486486488,3.6850000000000023,1,9,baseline_mid,0.9526178098861322,0.9456615591313908
1473465,2025,12,3,1,-6.5,7.6,9.36,2.387500000000003,1,9,baseline_mid,0.9429092452320702,0.9354057485721871
1473465,2025,12,4,1,-6.5,7.7727272727272725,9.236842105263158,1.0899999999999892,1,9,baseline_mid,0.9311589149066274,0.9231685505770728
1473465,2025,12,5,1,-6.5,7.813953488372094,9.194805194805195,0.792500000000004,1,9,baseline_mid,0.9308864681669644,0.922886819912743
1473465,2025,12,6,1,-6.5,7.142857142857142,9.538461538461538,5.49499999999999,1,9,baseline_mid,0.9827587885417459,0.9787660666460112
1473465,2025,13,1,1,-6.5,7.170731707317072,9.49367088607595,5.197500000000005,1,9,baseline_mid,0.9809442748371566,0.9789476084907466
1473465,2025,13,2,1,-6.5,6.75,9.675,7.900000000000006,1,9,baseline_mid,0.9883043865270501,0.9868536226995045
1473465,2025,13,3,1,-6.5,6.769230769230769,9.62962962962963,7.602499999999992,1,9,baseline_mid,0.988354251362088,0.9869077070683138
1473465,2025,13,4,1,-6.5,6.789473684210526,9.585365853658537,7.304999999999993,1,9,baseline_mid,0.9878905587496125,0.9864050955736977
1473465,2025,13,5,1,-6.5,6.972972972972972,9.46987951807229,6.007500000000007,1,9,baseline_mid,0.9870698067931357,0.9855171479642527
1473465,2025,13,6,1,-6.5,7.0,9.428571428571429,5.710000000000008,1,9,baseline_mid,0.9866987824711237,0.9851164268478609
1473465,2025,14,1,1,-6.5,7.0285714285714285,9.388235294117647,5.412499999999994,1,9,baseline_mid,0.9860765295628862,0.9848973912636549
1473465,2025,14,2,1,-6.5,7.0588235294117645,9.348837209302326,5.115000000000009,1,9,baseline_mid,0.9850808090602328,0.9838484017880135
1473465,2025,14,3,1,-6.5,6.181818181818182,9.655172413793103,9.817499999999995,1,9,baseline_mid,0.9925429340259745,0.9917709745134844
1473465,2025,14,4,1,-6.5,6.0,9.681818181818182,10.52000000000001,1,9,baseline_mid,0.9929477954621905,0.9922058519496083
1473465,2025,14,5,1,-6.5,6.193548387096774,9.573033707865168,9.222499999999997,1,9,baseline_mid,0.9926554289030156,0.9918917419558027
1473465,2025,14,6,1,-6.5,5.6,9.733333333333334,11.924999999999983,1,9,baseline_mid,0.9944681624606051,0.9938455299509779
1473465,2025,15,1,1,-6.5,4.9655172413793105,9.89010989010989,14.627499999999998,1,9,baseline_mid,0.9956672268101301,0.9954157923404156
1473465,2025,15,2,1,-6.5,5.142857142857142,9.782608695652174,13.329999999999984,1,9,baseline_mid,0.9955387664673054,0.9952820255158742
1473465,2025,15,3,1,-6.5,4.0,10.064516129032258,18.0325,1,9,baseline_mid,0.9965686756973358,0.9963563542291597
1473465,2025,15,4,1,-6.5,3.6923076923076925,10.085106382978724,18.735000000000014,1,9,baseline_mid,0.9967757317590055,0.996572910548032
1473465,2025,15,5,1,-6.5,3.84,9.978947368421053,17.4375,1,9,baseline_mid,0.9967351814815613,0.9965304829673257
1473465,2025,15,6,1,-6.5,3.75,9.9375,17.140000000000015,1,9,baseline_mid,0.9967555911582946,0.996551836484831
1473466,2025,7,1,0,5.9375,9.662337662337663,11.44186046511628,-4.612499999999997,1,9,baseline_mid,0.6836999627910127,0.6526997751500807
1473466,2025,7,2,0,5.9375,9.710526315789474,11.318181818181818,-5.150000000000006,1,9,baseline_mid,0.6777391057613447,0.6473126472634025
1473466,2025,7,3,0,5.9375,9.84,11.066666666666666,-6.6875,1,9,baseline_mid,0.6755617992311914,0.6453486368727355
1473466,2025,7,4,0,5.9375,9.486486486486488,11.608695652173912,-2.2249999999999943,1,9,baseline_mid,0.7009099445157976,0.668341980785494
1473466,2025,7,5,0,5.9375,9.616438356164384,11.361702127659575,-3.762500000000003,1,9,baseline_mid,0.6886649995061721,0.6571986794272245
1473466,2025,7,6,0,5.9375,9.75,11.125,-5.299999999999997,1,9,baseline_mid,0.7012085350090873,0.6686145919793686
1473466,2025,8,1,0,5.9375,9.802816901408452,11.020408163265307,-5.837500000000006,1,9,baseline_mid,0.6969834907284309,0.6716017694820445
1473466,2025,8,2,0,5.9375,9.428571428571429,11.52,-1.375,1,9,baseline_mid,0.7421067898204863,0.713297152388431
1473466,2025,8,3,0,5.9375,9.565217391304348,11.294117647058822,-2.9125000000000085,1,9,baseline_mid,0.7241162991215737,0.6965575869014881
1473466,2025,8,4,0,5.9375,9.529411764705882,11.307692307692307,-2.450000000000003,1,9,baseline_mid,0.7390694134565114,0.7104592044543566
1473466,2025,8,5,0,5.9375,9.582089552238806,11.20754716981132,-2.987499999999983,1,9,baseline_mid,0.729319738299976,0.7013823319245311
1473466,2025,8,6,0,5.9375,9.636363636363637,11.11111111111111,-3.5249999999999773,1,9,baseline_mid,0.7184330418161874,0.6913028699809538
1473466,2025,9,1,0,5.9375,9.784615384615385,10.909090909090908,-5.062499999999986,1,9,baseline_mid,0.7236488450452572,0.6955871541453452
1473466,2025,9,2,0,5.9375,9.84375,10.821428571428571,-5.6000000000000085,1,9,baseline_mid,0.7265920139825581,0.6982266073980224
1473466,2025,9,3,0,5.9375,9.904761904761905,10.736842105263158,-6.137499999999989,1,9,baseline_mid,0.7220662085718925,0.6941697069671372
1473466,2025,9,4,0,5.9375,9.967741935483872,10.655172413793103,-6.674999999999983,1,9,baseline_mid,0.7117801435862063,0.6849880823631752
1473466,2025,9,5,0,5.9375,9.540983606557377,11.084745762711865,-2.2124999999999915,1,9,baseline_mid,0.7449876700798079,0.714832172516972
1473466,2025,9,6,0,5.9375,9.3,11.3,0.2499999999999858,1,9,baseline_mid,0.7912310862960474,0.7575427460881177
1473466,2025,10,1,0,5.9375,8.847457627118644,11.704918032786885,4.712500000000006,1,9,baseline_mid,0.8570157282196114,0.8342239933322974
1473466,2025,10,2,0,5.9375,9.0,11.516129032258064,-6.73333333333332,2,8,baseline_mid,0.7585815103889663,0.739775685759637
1473466,2025,10,3,0,5.9375,9.157894736842106,11.333333333333332,-8.099999999999994,2,8,baseline_mid,0.730117802914646,0.7134972088117955
1473466,2025,10,4,0,5.9375,9.214285714285715,11.25,-8.466666666666669,2,8,baseline_mid,0.7255888636547894,0.7093464755895025
1473466,2025,10,5,0,5.9375,8.945454545454545,11.446153846153846,-5.833333333333314,2,8,baseline_mid,0.7745711851409252,0.7547011594527671
1473466,2025,10,6,0,5.9375,8.666666666666666,11.636363636363637,-3.1999999999999886,2,8,baseline_mid,0.8123196117527992,0.7905056037648192
1473466,2025,11,1,0,5.9375,8.60377358490566,11.64179104477612,-2.5666666666666913,2,8,baseline_mid,0.8086268824716429,0.7961605354226281
1473466,2025,11,2,0,5.9375,8.653846153846153,11.558823529411764,-2.933333333333337,2,8,baseline_mid,0.8187039433199603,0.8057241652277339
1473466,2025,11,3,0,5.9375,8.352941176470587,11.73913043478261,-0.29999999999998295,2,8,baseline_mid,0.8692544003506595,0.8546474398450593
1473466,2025,11,4,0,5.9375,8.52,11.571428571428571,-10.208333333333314,3,7,baseline_mid,0.7619575275607675,0.7524795702678202
1473466,2025,11,5,0,5.9375,8.204081632653061,11.746478873239436,-7.404166666666669,3,7,baseline_mid,0.790798761964564,0.779364150917826
1473466,2025,11,6,0,5.9375,8.25,11.666666666666666,-7.599999999999994,3,7,baseline_mid,0.785633813483868,0.7745250641585292
1473466,2025,12,1,0,5.9375,8.425531914893618,11.506849315068493,-8.79583333333332,3,7,baseline_mid,0.7554264277141445,0.7513419348583853
1473466,2025,12,2,0,5.9375,8.08695652173913,11.675675675675677,-5.991666666666674,3,7,baseline_mid,0.820790570117598,0.8136648889846106
1473466,2025,12,3,0,5.9375,8.266666666666666,11.52,-7.1875,3,7,baseline_mid,0.8131125254933067,0.8062781264281025
1473466,2025,12,4,0,5.9375,8.454545454545455,11.368421052631579,-15.900000000000006,4,6,baseline_mid,0.6970224040404442,0.6964424845018821
1473466,2025,12,5,0,5.9375,8.511627906976745,11.2987012987013,-15.925000000000011,4,6,baseline_mid,0.6850194938301586,0.6852194846230185
1473466,2025,12,6,0,5.9375,8.714285714285714,11.153846153846153,-16.950000000000017,4,6,baseline_mid,0.677042922826081,0.6777695563302861
1473466,2025,13,1,0,5.9375,8.926829268292682,11.012658227848101,-17.974999999999994,4,6,baseline_mid,0.6645919902152844,0.666413721664036
1473466,2025,13,2,0,5.9375,9.149999999999999,10.875,-19.0,4,6,baseline_mid,0.6383452021269881,0.6411302148601972
1473466,2025,13,3,0,5.9375,9.384615384615385,10.74074074074074,-26.6875,5,5,baseline_mid,0.5283759859873883,0.535202193348558
1473466,2025,13,4,0,5.9375,9.473684210526315,10.682926829268293,-26.541666666666657,5,5,baseline_mid,0.5481722690054281,0.5542895616019464
1473466,2025,13,5,0,5.9375,9.08108108108108,10.843373493975903,-23.395833333333343,5,5,baseline_mid,0.5888382368183368,0.5934627726668732
1473466,2025,13,6,0,5.9375,9.166666666666666,10.785714285714286,-23.25,5,5,baseline_mid,0.5906868854671494,0.5952428278312782
1473466,2025,14,1,0,5.9375,9.257142857142858,10.729411764705883,-23.104166666666657,5,5,baseline_mid,0.5817045708726012,0.5870810227052912
1473466,2025,14,2,0,5.9375,9.352941176470589,10.674418604651162,-22.958333333333343,5,5,baseline_mid,0.5708933133233366,0.5765952867966917
1473466,2025,14,3,0,5.9375,9.272727272727273,10.689655172413794,-21.8125,5,5,baseline_mid,0.6035234660795676,0.6082348528261715
1473466,2025,14,4,0,5.9375,9.375,10.636363636363637,-21.666666666666686,5,5,baseline_mid,0.6160622776327198,0.6203879809587782
1473466,2025,14,5,0,5.9375,9.483870967741936,10.584269662921349,-21.520833333333343,5,5,baseline_mid,0.61579419087673,0.6201281586162104
1473466,2025,14,6,0,5.9375,9.600000000000001,10.533333333333333,-21.375,5,5,baseline_mid,0.6090644107631713,0.6136055978266343
1473466,2025,15,1,0,5.9375,9.724137931034482,10.483516483516484,-21.229166666666657,5,5,baseline_mid,0.6008938829849079,0.605778852654541
1473466,2025,15,2,0,5.9375,9.857142857142858,10.434782608695652,-21.083333333333314,5,5,baseline_mid,0.593579188197054,0.5986058745047946
1473466,2025,15,3,0,5.9375,10.222222222222221,10.32258064516129,-26.55000000000001,6,4,baseline_mid,0.4445109309420898,0.4519553240168758
1473466,2025,15,4,0,5.9375,10.384615384615385,10.27659574468085,-26.23333333333332,6,4,baseline_mid,0.45524357742002897,0.4625527206849792
1473466,2025,15,5,0,5.9375,10.56,10.23157894736842,-25.916666666666657,6,4,baseline_mid,0.427289728459836,0.43493525126535876
1473466,2025,15,6,0,5.9375,10.75,10.1875,-25.599999999999994,6,4,baseline_mid,0.42361008087005814,0.43129593745322214
1473466,2025,15,7,0,5.9375,10.956521739130434,10.144329896907216,-25.28333333333333,6,4,baseline_mid,0.41049663121906865,0.4183183414645946
1473467,2025,7,1,1,-5.5625,7.714285714285715,9.488372093023255,-2.134999999999991,1,9,baseline_mid,0.7895242887142666,0.7515428036600171
1473467,2025,7,2,1,-5.5625,7.657894736842106,9.545454545454545,-1.3800000000000097,1,9,baseline_mid,0.8036000101918042,0.7652849456611297
1473467,2025,7,3,1,-5.5625,7.68,9.466666666666667,-1.625,1,9,baseline_mid,0.7999086687797801,0.7616639870011095
1473467,2025,7,4,1,-5.5625,7.702702702702703,9.391304347826088,-1.8699999999999903,1,9,baseline_mid,0.7926515591638117,0.7545809345940455
1473467,2025,7,5,1,-5.5625,7.643835616438356,9.446808510638299,-1.115000000000009,1,9,baseline_mid,0.8058487129708117,0.7674969526841318
1473467,2025,7,6,1,-5.5625,7.75,9.25,-12.320000000000007,2,8,baseline_mid,0.6926950350273628,0.6608584680336681
1473467,2025,8,1,1,-5.5625,7.859154929577465,9.061224489795919,-13.426666666666662,2,8,baseline_mid,0.6821002529275202,0.6580429457807866
1473467,2025,8,2,1,-5.5625,7.885714285714286,9.0,-13.533333333333317,2,8,baseline_mid,0.681119127088609,0.6571520729754935
1473467,2025,8,3,1,-5.5625,8.0,8.823529411764707,-14.64,2,8,baseline_mid,0.6698315848829102,0.6469275112886312
1473467,2025,8,4,1,-5.5625,8.029411764705882,8.769230769230768,-14.746666666666655,2,8,baseline_mid,0.65588130259739,0.6343499741888879
1473467,2025,8,5,1,-5.5625,8.149253731343283,8.60377358490566,-25.121666666666655,3,7,baseline_mid,0.4820877527775471,0.4809387134385125
1473467,2025,8,6,1,-5.5625,8.272727272727273,8.444444444444445,-26.090000000000003,3,7,baseline_mid,0.4749526141042122,0.4746950404836803
1473467,2025,9,1,1,-5.5625,8.399999999999999,8.290909090909091,-27.058333333333337,3,7,baseline_mid,0.47394448988560633,0.4808751043434108
1473467,2025,9,2,1,-5.5625,8.4375,8.25,-27.02666666666667,3,7,baseline_mid,0.4708849724018247,0.4782824080258258
1473467,2025,9,3,1,-5.5625,8.476190476190476,8.210526315789474,-26.995000000000005,3,7,baseline_mid,0.47012298141685605,0.4776365774425889
1473467,2025,9,4,1,-5.5625,8.516129032258064,8.172413793103448,-26.963333333333324,3,7,baseline_mid,0.4762287646721338,0.4828104319293955
1473467,2025,9,5,1,-5.5625,8.557377049180328,8.135593220338983,-26.931666666666686,3,7,baseline_mid,0.4885227552957109,0.4932213487952317
1473467,2025,9,6,1,-5.5625,8.6,8.100000000000001,-26.900000000000006,3,7,baseline_mid,0.5027908604977476,0.5052968717901485
1473467,2025,10,1,1,-5.5625,8.64406779661017,8.065573770491802,-26.86833333333334,3,7,baseline_mid,0.4952960783619476,0.5039381448214371
1473467,2025,10,2,1,-5.5625,8.689655172413794,8.032258064516128,-26.83666666666666,3,7,baseline_mid,0.48575407054072667,0.49549739407178267
1473467,2025,10,3,1,-5.5625,8.736842105263158,8.0,-26.804999999999993,3,7,baseline_mid,0.4827325170108096,0.4928232461697061
1473467,2025,10,4,1,-5.5625,8.892857142857142,7.875,-27.77333333333334,3,7,baseline_mid,0.4677317431295056,0.4795358892372096
1473467,2025,10,5,1,-5.5625,8.836363636363636,7.938461538461539,-26.741666666666674,3,7,baseline_mid,0.5039337356107189,0.5115743330940918
1473467,2025,10,6,1,-5.5625,8.88888888888889,7.909090909090908,-26.710000000000008,3,7,baseline_mid,0.4969118124829793,0.5053668457214675
1473467,2025,11,1,1,-5.5625,9.056603773584907,7.791044776119403,-27.67833333333334,3,7,baseline_mid,0.4828321570732923,0.499980332385827
1473467,2025,11,2,1,-5.5625,8.538461538461538,8.205882352941178,-22.64666666666666,3,7,baseline_mid,0.5757861665806017,0.5836122551532431
1473467,2025,11,3,1,-5.5625,8.705882352941176,8.08695652173913,-23.61500000000001,3,7,baseline_mid,0.5581664325755676,0.5677914373144874
1473467,2025,11,4,1,-5.5625,8.76,8.057142857142857,-23.583333333333314,3,7,baseline_mid,0.5522502700351899,0.5624781417783362
1473467,2025,11,5,1,-5.5625,8.816326530612246,8.028169014084508,-23.551666666666662,3,7,baseline_mid,0.5525203717434363,0.5627207404155643
1473467,2025,11,6,1,-5.5625,9.0,7.916666666666666,-24.519999999999996,3,7,baseline_mid,0.5469344257351304,0.5577031027063244
1473467,2025,12,1,1,-5.5625,9.191489361702128,7.808219178082192,-25.48833333333333,3,7,baseline_mid,0.5403041532641014,0.5504975590482515
1473467,2025,12,2,1,-5.5625,9.26086956521739,7.783783783783784,-25.456666666666663,3,7,baseline_mid,0.5398320040489468,0.5500578825935206
1473467,2025,12,3,1,-5.5625,9.466666666666667,7.68,-32.650000000000006,4,6,baseline_mid,0.39647871031944537,0.41555324102146285
1473467,2025,12,4,1,-5.5625,9.136363636363637,7.894736842105264,-29.480000000000018,4,6,baseline_mid,0.48333958812160266,0.49733819143477037
1473467,2025,12,5,1,-5.5625,9.209302325581396,7.870129870129871,-29.310000000000002,4,6,baseline_mid,0.4823067738572292,0.4963717232303827
1473467,2025,12,6,1,-5.5625,9.285714285714286,7.846153846153847,-29.140000000000015,4,6,baseline_mid,0.48701748705689285,0.5007789163285197
1473467,2025,12,7,1,-5.5625,9.365853658536587,7.822784810126583,-28.97,4,6,baseline_mid,0.4741156132032229,0.48870261019062144
1473467,2025,12,8,1,-5.5625,9.45,7.800000000000001,-28.80000000000001,4,6,baseline_mid,0.46230083456502524,0.47762707476059735
1473467,2025,13,1,1,-5.5625,9.073170731707318,7.974683544303797,-26.97,4,6,baseline_mid,0.4952865318289002,0.503257489975465
1473467,2025,13,2,1,-5.5625,9.149999999999999,7.949999999999999,-26.80000000000001,4,6,baseline_mid,0.5013169869952137,0.5090837256246553
1473467,2025,13,3,1,-5.5625,9.230769230769232,7.9259259259259265,-26.629999999999995,4,6,baseline_mid,0.49437150700219185,0.5023732618689598
1473467,2025,13,4,1,-5.5625,9.31578947368421,7.902439024390244,-26.460000000000008,4,6,baseline_mid,0.489676202913493,0.4978351708973275
1473467,2025,13,5,1,-5.5625,9.405405405405405,7.879518072289156,-26.289999999999992,4,6,baseline_mid,0.480648613801656,0.4891058615145588
1473467,2025,13,6,1,-5.5625,9.666666666666668,7.7857142857142865,-27.120000000000005,4,6,baseline_mid,0.47141190283364665,0.48016856794205537
1473467,2025,14,1,1,-5.5625,9.771428571428572,7.764705882352942,-26.94999999999999,4,6,baseline_mid,0.48017001055576225,0.48841859662395865
1473467,2025,14,2,1,-5.5625,10.058823529411764,7.674418604651163,-27.78,4,6,baseline_mid,0.46552402348735683,0.4741402953714445
1473467,2025,14,3,1,-5.5625,10.363636363636363,7.586206896551724,-28.609999999999985,4,6,baseline_mid,0.44934739998656353,0.4583515410514844
1473467,2025,14,4,1,-5.5625,10.6875,7.5,-29.439999999999998,4,6,baseline_mid,0.4390946430691222,0.44833391330500544
1473467,2025,14,5,1,-5.5625,10.838709677419354,7.4831460674157295,-29.269999999999982,4,6,baseline_mid,0.4393572481364746,0.4485906045123693
1473467,2025,14,6,1,-5.5625,11.2,7.4,-34.25,5,5,baseline_mid,0.2689804641181778,0.28044161349169394
1473467,2025,15,1,1,-5.5625,11.379310344827587,7.384615384615385,-33.94166666666666,5,5,baseline_mid,0.2876321377900733,0.29601942009398846
1473467,2025,15,2,1,-5.5625,11.571428571428571,7.369565217391304,-33.633333333333326,5,5,baseline_mid,0.2821173424506836,0.29049489244661747
1473467,2025,15,3,1,-5.5625,11.777777777777779,7.35483870967742,-33.32499999999999,5,5,baseline_mid,0.2637288179264047,0.27204833436210635
1473467,2025,15,4,1,-5.5625,12.0,7.340425531914893,-33.01666666666665,5,5,baseline_mid,0.25357710177926207,0.2618470407910603
1473467,2025,15,5,1,-5.5625,12.48,7.2631578947368425,-33.70833333333334,5,5,baseline_mid,0.21984436014085712,0.22785304394208902
1473467,2025,15,6,1,-5.5625,12.0,7.4375,-30.400000000000006,5,5,baseline_mid,0.27318853441659313,0.28154290293072903
1473467,2025,15,7,1,-5.5625,11.478260869565219,7.608247422680412,-27.09166666666667,5,5,baseline_mid,0.37325074246712875,0.3813866333481
1473468,2025,7,1,0,-69.14285714285714,3.974025974025974,8.511627906976745,6.980000000000011,2,8,baseline_mid,0.9940630802487188,0.987708711168994
1473468,2025,7,2,0,-69.14285714285714,3.947368421052632,8.454545454545455,7.240000000000002,2,8,baseline_mid,0.9943637633199272,0.9882447680298083
1473468,2025,7,3,0,-69.14285714285714,4.0,8.266666666666666,6.5,2,8,baseline_mid,0.9942900478054906,0.9881129683921607
1473468,2025,7,4,0,-69.14285714285714,4.054054054054054,8.08695652173913,-1.0850000000000009,3,7,baseline_mid,0.9844569446872291,0.9720003415764752
1473468,2025,7,5,0,-69.14285714285714,3.6986301369863015,8.553191489361701,3.2674999999999983,3,7,baseline_mid,0.9815019332561389,0.9675256971456874
1473468,2025,7,6,0,-69.14285714285714,3.666666666666667,8.5,3.6199999999999903,3,7,baseline_mid,0.9835642668829407,0.9706355243665945
1473468,2025,8,1,0,-69.14285714285714,3.633802816901408,8.448979591836736,3.9724999999999966,3,7,baseline_mid,0.9820809089598479,0.9704144461244646
1473468,2025,8,2,0,-69.14285714285714,3.5999999999999996,8.399999999999999,4.325000000000003,3,7,baseline_mid,0.9823755054252667,0.9708355654188398
1473468,2025,8,3,0,-69.14285714285714,3.6521739130434785,8.235294117647058,3.677499999999995,3,7,baseline_mid,0.984779658613004,0.974311687104746
1473468,2025,8,4,0,-69.14285714285714,3.7058823529411766,8.076923076923077,3.029999999999987,3,7,baseline_mid,0.9860171144648318,0.9761307816685499
1473468,2025,8,5,0,-69.14285714285714,3.7611940298507465,7.924528301886792,2.3825000000000074,3,7,baseline_mid,0.9867920913620956,0.977281492994749
1473468,2025,8,6,0,-69.14285714285714,3.7272727272727275,7.888888888888889,2.7349999999999994,3,7,baseline_mid,0.9875914356444605,0.9784783444836055
1473468,2025,9,1,0,-69.14285714285714,3.6923076923076925,7.8545454545454545,3.0874999999999915,3,7,baseline_mid,0.9885827437400683,0.9778386088443849
1473468,2025,9,2,0,-69.14285714285714,3.75,7.714285714285715,-3.4799999999999898,4,6,baseline_mid,0.9653012365729849,0.944072689769532
1473468,2025,9,3,0,-69.14285714285714,3.8095238095238093,7.578947368421052,-4.035000000000011,4,6,baseline_mid,0.9640326580326273,0.9423860822041741
1473468,2025,9,4,0,-69.14285714285714,3.870967741935484,7.448275862068966,-4.589999999999989,4,6,baseline_mid,0.9697917878177567,0.9501385734871981
1473468,2025,9,5,0,-69.14285714285714,3.9344262295081966,7.322033898305085,-5.14500000000001,4,6,baseline_mid,0.9704226655260753,0.9510036000678752
1473468,2025,9,6,0,-69.14285714285714,4.0,7.199999999999999,-5.699999999999989,4,6,baseline_mid,0.9709030269107752,0.9516645102323744
1473468,2025,9,7,0,-69.14285714285714,4.067796610169491,7.081967213114754,-6.25500000000001,4,6,baseline_mid,0.9685217594800923,0.9484071232496128
1473468,2025,10,1,0,-69.14285714285714,3.9661016949152543,7.1803278688524586,-5.25500000000001,4,6,baseline_mid,0.9746104097574371,0.9629568317456221
1473468,2025,10,2,0,-69.14285714285714,4.0344827586206895,7.064516129032258,-5.810000000000002,4,6,baseline_mid,0.9735086119218495,0.9615563793597434
1473468,2025,10,3,0,-69.14285714285714,4.0,7.0476190476190474,-5.365000000000009,4,6,baseline_mid,0.975415681932966,0.9639855227010845
1473468,2025,10,4,0,-69.14285714285714,4.071428571428571,6.9375,-11.099999999999994,5,5,baseline_mid,0.9221353508565044,0.9018585249692277
1473468,2025,10,5,0,-69.14285714285714,4.1454545454545455,6.8307692307692305,-11.5625,5,5,baseline_mid,0.920578090282687,0.9001635046048568
1473468,2025,10,6,0,-69.14285714285714,4.222222222222222,6.727272727272727,-12.025000000000006,5,5,baseline_mid,0.925510611611917,0.9055494000683992
1473468,2025,11,1,0,-69.14285714285714,4.188679245283018,6.716417910447761,-11.487499999999997,5,5,baseline_mid,0.9339493197028002,0.9207470158488854
1473468,2025,11,2,0,-69.14285714285714,4.153846153846153,6.705882352941177,-10.950000000000003,5,5,baseline_mid,0.9371684308484168,0.9241934496402322
1473468,2025,11,3,0,-69.14285714285714,4.235294117647059,6.608695652173913,-16.129999999999995,6,4,baseline_mid,0.9057689124304225,0.8913127480263938
1473468,2025,11,4,0,-69.14285714285714,4.32,6.514285714285714,-21.125,7,3,baseline_mid,0.6758900091657962,0.6737468838458409
1473468,2025,11,5,0,-69.14285714285714,4.285714285714286,6.507042253521128,-20.40249999999999,7,3,baseline_mid,0.6755060033178519,0.6733991594493683
1473468,2025,11,6,0,-69.14285714285714,4.375,6.416666666666666,-20.680000000000007,7,3,baseline_mid,0.6687784870458933,0.6673109381165174
1473468,2025,12,1,0,-69.14285714285714,4.212765957446809,6.493150684931507,-18.95750000000001,7,3,baseline_mid,0.7413230357872519,0.7380319124453885
1473468,2025,12,2,0,-69.14285714285714,4.304347826086956,6.405405405405405,-19.235,7,3,baseline_mid,0.7298434905537589,0.7272255547671196
1473468,2025,12,3,0,-69.14285714285714,4.3999999999999995,6.319999999999999,-19.51249999999999,7,3,baseline_mid,0.7293755123317652,0.7267855017794139
1473468,2025,12,4,0,-69.14285714285714,4.5,6.2368421052631575,-19.790000000000006,7,3,baseline_mid,0.7440727354612231,0.740623891341266
1473468,2025,12,5,0,-69.14285714285714,4.604651162790698,6.1558441558441555,-24.045,8,2,baseline_mid,0.5241959606182811,0.5354900538322823
1473468,2025,12,6,0,-69.14285714285714,4.714285714285714,6.076923076923077,-24.230000000000004,8,2,baseline_mid,0.5186730069787385,0.5303406818492461
1473468,2025,13,1,0,-69.14285714285714,4.829268292682928,6.0,-24.414999999999992,8,2,baseline_mid,0.5301958182920211,0.5369575094391663
1473468,2025,13,2,0,-69.14285714285714,4.050000000000001,6.375,-18.60000000000001,8,2,baseline_mid,0.7247996786136455,0.7245173791020176
1473468,2025,13,3,0,-69.14285714285714,4.153846153846153,6.296296296296296,-18.78500000000001,8,2,baseline_mid,0.7323510550561079,0.7318209221457933
1473468,2025,13,4,0,-69.14285714285714,3.3157894736842106,6.658536585365854,-12.969999999999999,8,2,baseline_mid,0.8400297699761561,0.8366840212060128
1473468,2025,13,5,0,-69.14285714285714,2.756756756756757,6.867469879518072,-9.155000000000001,8,2,baseline_mid,0.8874582552367722,0.8835651700926631
1473468,2025,13,6,0,-69.14285714285714,2.833333333333333,6.785714285714286,-9.33999999999999,8,2,baseline_mid,0.8872656571944006,0.8833734814190445
1473468,2025,14,1,0,-69.14285714285714,2.914285714285714,6.705882352941177,-9.524999999999991,8,2,baseline_mid,0.8931173591150499,0.8906491347919334
1473468,2025,14,2,0,-69.14285714285714,3.0,6.627906976744185,-9.710000000000008,8,2,baseline_mid,0.8969521869410966,0.8944595241502103
1473468,2025,14,3,0,-69.14285714285714,3.090909090909091,6.551724137931036,-9.894999999999996,8,2,baseline_mid,0.9020149729714644,0.8994963730357735
1473468,2025,14,4,0,-69.14285714285714,3.1875,6.4772727272727275,-10.079999999999998,8,2,baseline_mid,0.8990533510323725,0.8965490299294948
1473468,2025,14,5,0,-69.14285714285714,3.290322580645161,6.404494382022472,-10.265,8,2,baseline_mid,0.9173626881260956,0.9148139127025188
1473468,2025,14,6,0,-69.14285714285714,3.4,6.333333333333334,-13.224999999999994,9,1,baseline_mid,0.7537328666132328,0.7539440425260262
1473468,2025,15,1,0,-69.14285714285714,3.5172413793103443,6.263736263736265,-16.0,10,0,baseline_mid,0.8111910253115827,0.8118545981170058
1473470,2025,7,1,1,-14.744680851063833,8.025974025974026,8.372093023255815,-8.444999999999993,1,9,baseline_mid,0.799451195611468,0.761216101967867
1473470,2025,7,2,1,-14.744680851063833,8.052631578947368,8.318181818181818,-8.66000000000001,1,9,baseline_mid,0.7977911967387739,0.7595924768521538
1473470,2025,7,3,1,-14.744680851063833,7.84,8.666666666666666,-5.875,1,9,baseline_mid,0.8349926700623075,0.796625202028776
1473470,2025,7,4,1,-14.744680851063833,7.621621621621621,9.0,-3.089999999999989,1,9,baseline_mid,0.8482014893164538,0.8101404117458243
1473470,2025,7,5,1,-14.744680851063833,7.726027397260275,8.808510638297872,-14.16000000000001,2,8,baseline_mid,0.763947615538402,0.7269907380674285
1473470,2025,7,6,1,-14.744680851063833,7.75,8.75,-14.240000000000009,2,8,baseline_mid,0.7541933318389975,0.7177550182881524
1473470,2025,8,1,1,-14.744680851063833,7.774647887323944,8.693877551020408,-14.319999999999993,2,8,baseline_mid,0.7479889972343143,0.7188074446894649
1473470,2025,8,2,1,-14.744680851063833,7.542857142857143,9.0,-11.399999999999977,2,8,baseline_mid,0.7872606314016384,0.7561329538439777
1473470,2025,8,3,1,-14.744680851063833,7.652173913043478,8.823529411764707,-12.480000000000004,2,8,baseline_mid,0.7801996248319512,0.7493471403619701
1473470,2025,8,4,1,-14.744680851063833,7.6764705882352935,8.769230769230768,-12.559999999999988,2,8,baseline_mid,0.7809675743518606,0.7500834566196091
1473470,2025,8,5,1,-14.744680851063833,7.791044776119403,8.60377358490566,-13.639999999999986,2,8,baseline_mid,0.772525475693808,0.7420112128215972
1473470,2025,8,6,1,-14.744680851063833,7.363636363636363,9.11111111111111,-8.719999999999985,2,8,baseline_mid,0.8333712914725471,0.8014227902349632
1473470,2025,9,1,1,-14.744680851063833,7.476923076923077,8.945454545454545,-9.799999999999997,2,8,baseline_mid,0.8330860831789186,0.797739359032438
1473470,2025,9,2,1,-14.744680851063833,7.03125,9.428571428571429,-4.879999999999981,2,8,baseline_mid,0.9103638293350306,0.8779784490771877
1473470,2025,9,3,1,-14.744680851063833,7.142857142857142,9.263157894736842,-5.959999999999994,2,8,baseline_mid,0.9007262500886802,0.8673808476511843
1473470,2025,9,4,1,-14.744680851063833,7.161290322580646,9.206896551724139,-6.040000000000006,2,8,baseline_mid,0.8980356476535689,0.864459557602416
1473470,2025,9,5,1,-14.744680851063833,7.1803278688524586,9.152542372881356,-6.11999999999999,2,8,baseline_mid,0.8960817064726789,0.862347734447338
1473470,2025,9,6,1,-14.744680851063833,7.199999999999999,9.1,-6.200000000000003,2,8,baseline_mid,0.8975857954577697,0.8639726461004934
1473470,2025,10,1,1,-14.744680851063833,6.711864406779661,9.540983606557377,-1.2800000000000011,2,8,baseline_mid,0.9541666642758428,0.9380146548228528
1473470,2025,10,2,1,-14.744680851063833,6.827586206896552,9.387096774193548,-2.359999999999985,2,8,baseline_mid,0.9479419157935213,0.9307630574812873
1473470,2025,10,3,1,-14.744680851063833,6.842105263157895,9.333333333333334,-2.4399999999999977,2,8,baseline_mid,0.946407319026529,0.9289946306081707
1473470,2025,10,4,1,-14.744680851063833,6.75,9.375,-1.5200000000000102,2,8,baseline_mid,0.9546934320217779,0.9386344463904482
1473470,2025,10,5,1,-14.744680851063833,6.872727272727273,9.230769230769232,-2.5999999999999943,2,8,baseline_mid,0.9464657471695223,0.9290618290249611
1473470,2025,10,6,1,-14.744680851063833,6.333333333333334,9.636363636363637,2.3200000000000216,2,8,baseline_mid,0.9717427936971144,0.9593280506682259
1473470,2025,11,1,1,-14.744680851063833,6.339622641509434,9.582089552238806,2.239999999999995,2,8,baseline_mid,0.9712999937829885,0.9623176636053339
1473470,2025,11,2,1,-14.744680851063833,6.461538461538462,9.441176470588236,1.1599999999999966,2,8,baseline_mid,0.9681394436798118,0.9586292518139201
1473470,2025,11,3,1,-14.744680851063833,6.117647058823529,9.652173913043478,4.0800000000000125,2,8,baseline_mid,0.9760529567788097,0.9679521155889597
1473470,2025,11,4,1,-14.744680851063833,6.12,9.600000000000001,4.0,2,8,baseline_mid,0.9766820912403711,0.9687067453330722
1473470,2025,11,5,1,-14.744680851063833,6.244897959183674,9.464788732394366,2.9200000000000017,2,8,baseline_mid,0.9776033659949793,0.9698158532062615
1473470,2025,11,6,1,-14.744680851063833,6.25,9.416666666666666,2.8400000000000034,2,8,baseline_mid,0.9772136238819729,0.9693460491445778
1473470,2025,11,7,1,-14.744680851063833,5.872340425531915,9.616438356164384,5.760000000000005,2,8,baseline_mid,0.9890350055917406,0.9840908199612556
1473470,2025,12,1,1,-14.744680851063833,5.361702127659575,9.945205479452055,9.760000000000005,2,8,baseline_mid,0.9913932665441596,0.9888846932604767
1473470,2025,12,2,1,-14.744680851063833,5.478260869565217,9.81081081081081,8.679999999999993,2,8,baseline_mid,0.9912385097790408,0.9886984706430477
1473470,2025,12,3,1,-14.744680851063833,5.6,9.68,7.6000000000000085,2,8,baseline_mid,0.9909483095836957,0.9883498784997489
1473470,2025,12,4,1,-14.744680851063833,5.7272727272727275,9.552631578947368,0.5799999999999841,3,7,baseline_mid,0.974859772794781,0.9698399675044217
1473470,2025,12,5,1,-14.744680851063833,5.8604651162790695,9.428571428571429,-0.3650000000000091,3,7,baseline_mid,0.9671283788133795,0.9613035233700937
1473470,2025,12,6,1,-14.744680851063833,5.857142857142857,9.384615384615385,-0.3100000000000023,3,7,baseline_mid,0.967219082403983,0.961402735650884
1473470,2025,13,1,1,-14.744680851063833,5.853658536585366,9.341772151898734,-0.25500000000000966,3,7,baseline_mid,0.9671270708118922,0.9643899157432292
1473470,2025,13,2,1,-14.744680851063833,5.85,9.3,-0.20000000000000284,3,7,baseline_mid,0.9688970678694625,0.9662393027109569
1473470,2025,13,3,1,-14.744680851063833,6.0,9.185185185185185,-1.144999999999996,3,7,baseline_mid,0.9645846900061366,0.9617400781400985
1473470,2025,13,4,1,-14.744680851063833,6.0,9.146341463414634,-1.0900000000000034,3,7,baseline_mid,0.9683718876703674,0.9656901592343545
1473470,2025,13,5,1,-14.744680851063833,6.0,9.108433734939759,-1.0349999999999966,3,7,baseline_mid,0.9698061270092904,0.9671906764119662
1473470,2025,13,6,1,-14.744680851063833,6.0,9.071428571428571,-0.980000000000004,3,7,baseline_mid,0.9678868006328125,0.9651832460277943
1473470,2025,14,1,1,-14.744680851063833,6.171428571428571,8.964705882352941,-1.9250000000000114,3,7,baseline_mid,0.9635043079969101,0.9614750345741897
1473470,2025,14,2,1,-14.744680851063833,6.1764705882352935,8.930232558139535,-1.8700000000000045,3,7,baseline_mid,0.9620495030818701,0.9599842375972477
1473470,2025,14,3,1,-14.744680851063833,6.363636363636363,8.827586206896552,-7.269999999999982,4,6,baseline_mid,0.9144298031284116,0.9118807485523968
1473470,2025,14,4,1,-14.744680851063833,6.5625,8.727272727272727,-8.079999999999984,4,6,baseline_mid,0.9065964201837118,0.9040608860389187
1473470,2025,14,5,1,-14.744680851063833,6.0,8.898876404494382,-4.889999999999986,4,6,baseline_mid,0.9461540042332588,0.9437944889088381
1473470,2025,14,6,1,-14.744680851063833,6.0,8.866666666666667,-4.699999999999989,4,6,baseline_mid,0.9476884535955634,0.9453503237231901
1473470,2025,14,7,1,-14.744680851063833,5.379310344827586,9.032967032967033,-1.509999999999991,4,6,baseline_mid,0.9688551273183581,0.9669740182478374
1473470,2025,15,1,1,-14.744680851063833,5.172413793103448,9.098901098901099,-0.5099999999999909,4,6,baseline_mid,0.973487169554424,0.972740261442625
1473470,2025,15,2,1,-14.744680851063833,5.142857142857142,9.065217391304348,-0.3199999999999932,4,6,baseline_mid,0.9751086812470002,0.9743814790211481
1473470,2025,15,3,1,-14.744680851063833,5.111111111111111,9.032258064516128,-0.12999999999999545,4,6,baseline_mid,0.976124079674025,0.9754101041696441
1473470,2025,15,4,1,-14.744680851063833,5.076923076923077,9.0,0.060000000000002274,4,6,baseline_mid,0.9767108054295925,0.9760047978592914
1473470,2025,15,5,1,-14.744680851063833,4.32,9.157894736842106,3.25,4,6,baseline_mid,0.9822425242002268,0.9816246810781152
1473470,2025,15,6,1,-14.744680851063833,4.25,9.125,3.4399999999999977,4,6,baseline_mid,0.9823272912361263,0.9817110018843677
1473471,2025,7,1,1,-97.4375,3.5064935064935066,7.116279069767442,4.766666666666673,2,8,baseline_mid,0.9928772333559224,0.9856314072454625
1473471,2025,7,2,1,-97.4375,3.473684210526316,7.090909090909092,5.13333333333334,2,8,baseline_mid,0.9949486798230769,0.9892998425456279
1473471,2025,7,3,1,-97.4375,3.52,6.933333333333333,4.5,2,8,baseline_mid,0.9930903700975324,0.9860007451091929
1473471,2025,7,4,1,-97.4375,3.5675675675675675,6.782608695652174,-1.9916666666666671,3,7,baseline_mid,0.9858511693617074,0.9741569081742658
1473471,2025,7,5,1,-97.4375,3.5342465753424657,6.76595744680851,-1.5458333333333343,3,7,baseline_mid,0.9832091500681983,0.9700958467393284
1473471,2025,7,6,1,-97.4375,3.583333333333333,6.625,-7.800000000000004,4,6,baseline_mid,0.9588576513301789,0.9360740123650692
1473471,2025,8,1,1,-97.4375,3.633802816901408,6.4897959183673475,-8.274999999999999,4,6,baseline_mid,0.9578635761255367,0.9382127857010085
1473471,2025,8,2,1,-97.4375,3.685714285714286,6.36,-8.749999999999993,4,6,baseline_mid,0.9558890068442134,0.93573967675003
1473471,2025,8,3,1,-97.4375,3.7391304347826084,6.23529411764706,-9.225000000000001,4,6,baseline_mid,0.959568841715573,0.9403631006411174
1473471,2025,8,4,1,-97.4375,3.7941176470588234,6.115384615384615,-9.700000000000003,4,6,baseline_mid,0.9620902585691989,0.9435685450788596
1473471,2025,8,5,1,-97.4375,3.4925373134328357,6.452830188679245,-6.175000000000004,4,6,baseline_mid,0.971223905966361,0.9554751784152212
1473471,2025,8,6,1,-97.4375,3.0,7.0,-0.6499999999999915,4,6,baseline_mid,0.9768260540344865,0.9630550934558764
1473471,2025,9,1,1,-97.4375,3.046153846153846,6.872727272727273,-1.125,4,6,baseline_mid,0.9806599593608255,0.9655824637402418
1473471,2025,9,2,1,-97.4375,3.09375,6.75,-1.5999999999999943,4,6,baseline_mid,0.9823943100723131,0.9681753034715971
1473471,2025,9,3,1,-97.4375,3.0476190476190474,6.7368421052631575,-1.0750000000000028,4,6,baseline_mid,0.9852471973065411,0.9725413815182266
1473471,2025,9,4,1,-97.4375,3.096774193548387,6.620689655172414,-1.5499999999999972,4,6,baseline_mid,0.9876189656271337,0.9762836258111459
1473471,2025,9,5,1,-97.4375,3.0491803278688527,6.610169491525424,-1.0250000000000057,4,6,baseline_mid,0.9883634568451463,0.9774828993717544
1473471,2025,9,6,1,-97.4375,3.1000000000000005,6.5,-1.5,4,6,baseline_mid,0.9894008172542839,0.9791761169299891
1473471,2025,10,1,1,-97.4375,2.542372881355932,6.983606557377049,4.0249999999999915,4,6,baseline_mid,0.9905364490798874,0.9844026123513913
1473471,2025,10,2,1,-97.4375,2.1724137931034484,7.258064516129032,7.549999999999997,4,6,baseline_mid,0.9926006521695614,0.9874369287047533
1473471,2025,10,3,1,-97.4375,1.789473684210526,7.523809523809524,11.074999999999989,4,6,baseline_mid,0.9941006042445456,0.9897076568205994
1473471,2025,10,4,1,-97.4375,1.8214285714285712,7.40625,10.600000000000009,4,6,baseline_mid,0.9947586838392548,0.9907256308205231
1473471,2025,10,5,1,-97.4375,1.8545454545454545,7.292307692307691,10.124999999999986,4,6,baseline_mid,0.9956011270771364,0.9920521667410137
1473471,2025,10,6,1,-97.4375,1.7777777777777777,7.272727272727273,10.650000000000006,4,6,baseline_mid,0.995696302255289,0.9922038849998007
1473471,2025,11,1,1,-97.4375,1.8113207547169812,7.164179104477611,10.174999999999997,4,6,baseline_mid,0.9958862405497515,0.9934113664196073
1473471,2025,11,2,1,-97.4375,1.7307692307692306,7.147058823529411,10.700000000000003,4,6,baseline_mid,0.9957560667107068,0.9932239803203238
1473471,2025,11,3,1,-97.4375,1.7647058823529411,7.043478260869566,6.1875,5,5,baseline_mid,0.9884117191936136,0.9832811633183516
1473471,2025,11,4,1,-97.4375,1.6800000000000002,7.0285714285714285,6.791666666666671,5,5,baseline_mid,0.9848861290973627,0.9787812644872697
1473471,2025,11,5,1,-97.4375,0.9795918367346939,7.436619718309858,12.395833333333329,5,5,baseline_mid,0.9879407057403689,0.9826723730978033
1473471,2025,11,6,1,-97.4375,0.5,7.666666666666666,16.0,5,5,baseline_mid,0.9893341013761197,0.9844810605580688
1473471,2025,12,1,1,-97.4375,-0.2553191489361702,8.054794520547945,21.604166666666657,5,5,baseline_mid,0.9934130025560002,0.991338244054212
1473472,2025,7,1,1,22.481481481481495,10.207792207792208,10.186046511627907,-12.767499999999998,1,9,baseline_mid,0.5860016191595034,0.5659621327990526
1473472,2025,7,2,1,22.481481481481495,10.263157894736842,10.090909090909092,-13.290000000000006,1,9,baseline_mid,0.5761474948098182,0.5573572131607649
1473472,2025,7,3,1,22.481481481481495,10.4,9.866666666666667,-27.5,2,8,baseline_mid,0.3315634816301606,0.34525942873980986
1473472,2025,7,4,1,22.481481481481495,10.54054054054054,9.652173913043478,-28.853333333333325,2,8,baseline_mid,0.3075720404701927,0.3240463467575218
1473472,2025,7,5,1,22.481481481481495,10.684931506849315,9.446808510638299,-30.206666666666678,2,8,baseline_mid,0.2627088285133371,0.2838252050632535
1473472,2025,7,6,1,22.481481481481495,10.75,9.375,-30.560000000000002,2,8,baseline_mid,0.26402950479272125,0.28502142603851516
1473472,2025,8,1,1,22.481481481481495,10.816901408450704,9.306122448979592,-30.913333333333327,2,8,baseline_mid,0.25660755340785735,0.2800040006354663
1473472,2025,8,2,1,22.481481481481495,10.885714285714286,9.24,-31.266666666666637,2,8,baseline_mid,0.2631129786933848,0.2860106048083525
1473472,2025,8,3,1,22.481481481481495,10.956521739130434,9.176470588235293,-31.620000000000005,2,8,baseline_mid,0.24969152470414738,0.27359536222310843
1473472,2025,8,4,1,22.481481481481495,10.588235294117647,9.692307692307693,-26.97333333333333,2,8,baseline_mid,0.39930008136991035,0.4083109744610733
1473472,2025,8,5,1,22.481481481481495,10.656716417910449,9.622641509433963,-27.32666666666664,2,8,baseline_mid,0.39527228292908084,0.4047592736835858
1473472,2025,8,6,1,22.481481481481495,10.818181818181818,9.444444444444445,-28.679999999999993,2,8,baseline_mid,0.345334858112364,0.3604725585711293
1473472,2025,9,1,1,22.481481481481495,10.8,9.49090909090909,-28.03333333333333,2,8,baseline_mid,0.3549373029024446,0.3789952810809278
1473472,2025,9,2,1,22.481481481481495,10.875,9.428571428571429,-28.386666666666656,2,8,baseline_mid,0.3520580157980543,0.376489205001744
1473472,2025,9,3,1,22.481481481481495,10.666666666666666,9.68421052631579,-25.739999999999995,2,8,baseline_mid,0.4364460465066446,0.4490377448090322
1473472,2025,9,4,1,22.481481481481495,10.741935483870968,9.620689655172413,-26.093333333333334,2,8,baseline_mid,0.4259876411872876,0.44012729602322925
1473472,2025,9,5,1,22.481481481481495,10.918032786885245,9.457627118644067,-27.44666666666666,2,8,baseline_mid,0.4036085354251795,0.42099763352742486
1473472,2025,9,6,1,22.481481481481495,11.0,9.4,-27.799999999999997,2,8,baseline_mid,0.3702484130092206,0.3922780734935712
1473472,2025,10,1,1,22.481481481481495,10.983050847457626,9.442622950819672,-27.153333333333336,2,8,baseline_mid,0.4075127970159278,0.4259117505626585
1473472,2025,10,2,1,22.481481481481495,11.068965517241379,9.387096774193548,-27.50666666666666,2,8,baseline_mid,0.40527335630037536,0.42390584933689907
1473472,2025,10,3,1,22.481481481481495,11.263157894736842,9.238095238095239,-28.86,2,8,baseline_mid,0.35591181639689945,0.3793959619797275
1473472,2025,10,4,1,22.481481481481495,11.464285714285715,9.09375,-30.21333333333334,2,8,baseline_mid,0.3019523346626305,0.3298996501675481
1473472,2025,10,5,1,22.481481481481495,11.563636363636363,9.046153846153846,-30.566666666666663,2,8,baseline_mid,0.302001870659087,0.32994559078678654
1473472,2025,10,6,1,22.481481481481495,11.777777777777779,8.90909090909091,-31.919999999999987,2,8,baseline_mid,0.27286432158040097,0.30273432335084177
1473472,2025,11,1,1,22.481481481481495,11.88679245283019,8.865671641791046,-32.27333333333334,2,8,baseline_mid,0.2594376191414227,0.29221150613143404
1473472,2025,11,2,1,22.481481481481495,12.0,8.823529411764707,-32.626666666666665,2,8,baseline_mid,0.26252414063824725,0.29520746734096753
1473472,2025,11,3,1,22.481481481481495,12.117647058823529,8.782608695652174,-32.97999999999999,2,8,baseline_mid,0.2466885308907835,0.27978137801596115
1473472,2025,11,4,1,22.481481481481495,12.24,8.742857142857142,-33.333333333333314,2,8,baseline_mid,0.24445056390542394,0.2775899428503558
1473472,2025,11,5,1,22.481481481481495,12.367346938775508,8.704225352112676,-33.68666666666667,2,8,baseline_mid,0.22710674622854968,0.26050513281742294
1473472,2025,11,6,1,22.481481481481495,11.875,9.083333333333332,-29.039999999999992,2,8,baseline_mid,0.35167667354397836,0.3798708485864571
1473472,2025,11,7,1,22.481481481481495,12.0,9.04109589041096,-29.393333333333317,2,8,baseline_mid,0.34224631433294816,0.371063015400485
1473472,2025,12,1,1,22.481481481481495,11.23404255319149,9.534246575342465,-23.393333333333317,2,8,baseline_mid,0.4629098783042119,0.4781984295421673
1473472,2025,12,2,1,22.481481481481495,10.695652173913043,9.891891891891891,-18.74666666666667,2,8,baseline_mid,0.5677413700626032,0.5760312522441412
1473472,2025,12,3,1,22.481481481481495,10.933333333333334,9.76,-20.099999999999994,2,8,baseline_mid,0.5433727473350901,0.5533548296327215
1473472,2025,12,4,1,22.481481481481495,11.045454545454545,9.710526315789474,-20.45333333333332,2,8,baseline_mid,0.5380660434807809,0.5484132746825592
1473472,2025,12,5,1,22.481481481481495,10.74418604651163,9.896103896103895,-17.806666666666672,2,8,baseline_mid,0.5757397787222465,0.5834702896065613
1473472,2025,12,6,1,22.481481481481495,10.857142857142858,9.846153846153847,-18.159999999999997,2,8,baseline_mid,0.5603933973249219,0.5691957536256386
1473472,2025,13,1,1,22.481481481481495,10.975609756097562,9.79746835443038,-18.51333333333332,2,8,baseline_mid,0.5572580394584961,0.5630453453063334
1473472,2025,13,2,1,22.481481481481495,10.649999999999999,9.975000000000001,-15.866666666666674,2,8,baseline_mid,0.6190699859801287,0.6225702888470174
1473472,2025,13,3,1,22.481481481481495,10.923076923076923,9.851851851851851,-17.22,2,8,baseline_mid,0.5779720062781328,0.582998808312124
1473472,2025,13,4,1,22.481481481481495,11.052631578947368,9.804878048780488,-17.573333333333323,2,8,baseline_mid,0.5747071911224079,0.5798544819205713
1473472,2025,13,5,1,22.481481481481495,11.35135135135135,9.686746987951807,-18.926666666666648,2,8,baseline_mid,0.5579117196624439,0.5636751887313591
1473472,2025,13,6,1,22.481481481481495,11.0,9.857142857142858,-16.28,2,8,baseline_mid,0.6091736080116366,0.6130421690855681
1473472,2025,13,7,1,22.481481481481495,11.314285714285713,9.741176470588236,-17.633333333333326,2,8,baseline_mid,0.5800784886329284,0.5850274497736884
1473472,2025,14,1,1,22.481481481481495,10.628571428571428,10.023529411764706,-13.633333333333326,2,8,baseline_mid,0.7008051035802562,0.702533817930917
1473472,2025,14,2,1,22.481481481481495,10.235294117647058,10.186046511627907,-10.98666666666665,2,8,baseline_mid,0.7339938488744604,0.7347540027180262
1473472,2025,14,3,1,22.481481481481495,9.818181818181818,10.344827586206897,-8.340000000000003,2,8,baseline_mid,0.8029244349948403,0.8018975954450074
1473472,2025,14,4,1,22.481481481481495,9.375,10.5,-5.693333333333328,2,8,baseline_mid,0.8478655223058345,0.8459445469124569
1473472,2025,14,5,1,22.481481481481495,8.903225806451612,10.651685393258425,-3.046666666666681,2,8,baseline_mid,0.8852169218478692,0.8828112782704346
1473472,2025,14,6,1,22.481481481481495,9.200000000000001,10.533333333333333,-4.400000000000006,2,8,baseline_mid,0.8778396215028397,0.8755062991170839
1473472,2025,15,1,1,22.481481481481495,9.310344827586206,10.483516483516484,-4.75333333333333,2,8,baseline_mid,0.8698022487325776,0.8695269884924087
1473472,2025,15,2,1,22.481481481481495,9.642857142857142,10.369565217391305,-6.106666666666683,2,8,baseline_mid,0.8408665252101,0.8410225541222327
1473472,2025,15,3,1,22.481481481481495,9.11111111111111,10.516129032258064,-3.4599999999999795,2,8,baseline_mid,0.8828736625293991,0.8824304635927848
1473472,2025,15,4,1,22.481481481481495,9.461538461538462,10.404255319148936,-4.813333333333333,2,8,baseline_mid,0.8733772129543065,0.8730541486540314
1473472,2025,15,5,1,22.481481481481495,9.600000000000001,10.357894736842105,-5.166666666666657,2,8,baseline_mid,0.8697783451193619,0.8695034090278545
1473472,2025,15,6,1,22.481481481481495,9.75,10.3125,-5.519999999999982,2,8,baseline_mid,0.8537597512127904,0.8537145576823393
1473473,2025,7,1,0,1.0909090909090935,8.493506493506493,10.046511627906977,7.500000000000014,0,10,baseline_mid,0.921551678470427,0.8901692008556218
1473473,2025,7,2,0,1.0909090909090935,8.526315789473685,9.954545454545455,7.0,0,10,baseline_mid,0.9148030150529232,0.8823497470121041
1473473,2025,7,3,0,1.0909090909090935,8.64,9.733333333333334,5.5,0,10,baseline_mid,0.9076183940817866,0.8741501666112725
1473473,2025,7,4,0,1.0909090909090935,8.594594594594595,9.782608695652174,6.0,0,10,baseline_mid,0.9110687570100253,0.8780725773455141
1473473,2025,7,5,0,1.0909090909090935,8.63013698630137,9.702127659574467,5.499999999999986,0,10,baseline_mid,0.906648035095446,0.8730520033153046
1473473,2025,7,6,0,1.0909090909090935,8.25,10.25,10.0,0,10,baseline_mid,0.9356060509993791,0.9068689129613494
1473473,2025,8,1,0,1.0909090909090935,8.28169014084507,10.16326530612245,9.5,0,10,baseline_mid,0.9348341228162453,0.9103070750429004
1473473,2025,8,2,0,1.0909090909090935,8.314285714285713,10.08,9.0,0,10,baseline_mid,0.9320341887072159,0.9070341453728684
1473473,2025,8,3,0,1.0909090909090935,8.347826086956522,10.0,8.499999999999986,0,10,baseline_mid,0.9335351888461456,0.908785929552783
1473473,2025,8,4,0,1.0909090909090935,8.470588235294118,9.807692307692307,-3.200000000000003,1,9,baseline_mid,0.8288911928243683,0.7969393161261731
1473473,2025,8,5,0,1.0909090909090935,8.597014925373134,9.622641509433963,-4.549999999999983,1,9,baseline_mid,0.8340054971234899,0.8020590881146468
1473473,2025,8,6,0,1.0909090909090935,8.636363636363637,9.555555555555555,-4.899999999999977,1,9,baseline_mid,0.823338170844685,0.7914091165751604
1473473,2025,9,1,0,1.0909090909090935,8.769230769230768,9.381818181818183,-6.249999999999986,1,9,baseline_mid,0.81476843662773,0.7799355964553529
1473473,2025,9,2,0,1.0909090909090935,8.8125,9.321428571428571,-6.6000000000000085,1,9,baseline_mid,0.816650084454569,0.7817482742583203
1473473,2025,9,3,0,1.0909090909090935,8.857142857142858,9.263157894736842,-6.949999999999989,1,9,baseline_mid,0.821413103982905,0.7863527712566344
1473473,2025,9,4,0,1.0909090909090935,9.0,9.103448275862068,-8.299999999999983,1,9,baseline_mid,0.8176623040360056,0.7827248642319289
1473473,2025,9,5,0,1.0909090909090935,8.557377049180328,9.559322033898304,-3.6499999999999915,1,9,baseline_mid,0.8665587246194415,0.8313136789741584
1473473,2025,9,6,0,1.0909090909090935,8.7,9.4,-14.0,2,8,baseline_mid,0.7778393574909078,0.7450141558412996
1473473,2025,10,1,0,1.0909090909090935,8.745762711864407,9.344262295081966,-14.200000000000003,2,8,baseline_mid,0.7955968974536995,0.7745365418839573
1473473,2025,10,2,0,1.0909090909090935,8.793103448275861,9.29032258064516,-14.399999999999991,2,8,baseline_mid,0.7829286759844627,0.7625553891707069
1473473,2025,10,3,0,1.0909090909090935,8.842105263157894,9.238095238095239,-14.599999999999994,2,8,baseline_mid,0.7963151160529034,0.7752186892975165
1473473,2025,10,4,0,1.0909090909090935,8.892857142857142,9.1875,-14.800000000000011,2,8,baseline_mid,0.7979537242753023,0.7767762018656513
1473473,2025,10,5,0,1.0909090909090935,9.054545454545455,9.046153846153846,-16.0,2,8,baseline_mid,0.7802869850670493,0.7600686341411909
1473473,2025,10,6,0,1.0909090909090935,9.222222222222221,8.90909090909091,-17.19999999999999,2,8,baseline_mid,0.7750154510000518,0.7551177216397723
1473473,2025,10,7,0,1.0909090909090935,9.283018867924529,8.865671641791046,-17.400000000000006,2,8,baseline_mid,0.7689475780967459,0.7494371615883574
1473473,2025,11,1,0,1.0909090909090935,8.60377358490566,9.402985074626866,-11.400000000000006,2,8,baseline_mid,0.8435251717695513,0.8295288137951177
1473473,2025,11,2,0,1.0909090909090935,8.653846153846153,9.352941176470589,-11.599999999999994,2,8,baseline_mid,0.8432523777808105,0.8292650821851469
1473473,2025,11,3,0,1.0909090909090935,8.705882352941176,9.304347826086957,-11.799999999999983,2,8,baseline_mid,0.8483339146115317,0.8341861758188572
1473473,2025,11,4,0,1.0909090909090935,8.879999999999999,9.17142857142857,-13.0,2,8,baseline_mid,0.8303218498335234,0.8168196520682952
1473473,2025,11,5,0,1.0909090909090935,8.816326530612246,9.211267605633802,-12.200000000000003,2,8,baseline_mid,0.8504872560452625,0.8362769731550928
1473473,2025,11,6,0,1.0909090909090935,8.5,9.416666666666666,-9.399999999999991,2,8,baseline_mid,0.8725977285517393,0.8579502107558624
1473473,2025,12,1,0,1.0909090909090935,8.425531914893618,9.45205479452055,-8.599999999999994,2,8,baseline_mid,0.8907275763614839,0.8821382140750058
1473473,2025,12,2,0,1.0909090909090935,8.08695652173913,9.64864864864865,-5.800000000000011,2,8,baseline_mid,0.9108540434180308,0.9023837457539806
1473473,2025,12,3,0,1.0909090909090935,8.133333333333333,9.600000000000001,-5.999999999999986,2,8,baseline_mid,0.9100353357530984,0.9015538762375674
1473473,2025,12,4,0,1.0909090909090935,8.181818181818182,9.552631578947368,-6.200000000000003,2,8,baseline_mid,0.8990478798656043,0.8904701294358849
1473473,2025,12,5,0,1.0909090909090935,8.232558139534884,9.506493506493507,-6.400000000000006,2,8,baseline_mid,0.9017877420785294,0.8932250131493831
1473473,2025,12,6,0,1.0909090909090935,8.428571428571427,9.384615384615385,-7.599999999999994,2,8,baseline_mid,0.8924756548505277,0.8838846312113058
1473473,2025,13,1,0,1.0909090909090935,8.634146341463413,9.265822784810126,-8.799999999999983,2,8,baseline_mid,0.8861472489039566,0.8822605984448018
1473473,2025,13,2,0,1.0909090909090935,8.850000000000001,9.149999999999999,-10.0,2,8,baseline_mid,0.8825172306201238,0.8786513416438099
1473473,2025,13,3,0,1.0909090909090935,8.923076923076923,9.11111111111111,-10.199999999999989,2,8,baseline_mid,0.8818167509810926,0.8779553568611473
1473473,2025,13,4,0,1.0909090909090935,8.842105263157894,9.146341463414634,-9.399999999999977,2,8,baseline_mid,0.87830238740763,0.8744658678888231
1473473,2025,13,5,0,1.0909090909090935,8.91891891891892,9.108433734939759,-9.599999999999994,2,8,baseline_mid,0.8788140362186876,0.874973657218544
1473473,2025,13,6,0,1.0909090909090935,9.166666666666666,9.0,-10.800000000000011,2,8,baseline_mid,0.87900012856109,0.8751583657555
1473473,2025,14,1,0,1.0909090909090935,9.257142857142858,8.964705882352941,-11.0,2,8,baseline_mid,0.865796513023633,0.8636074644698188
1473473,2025,14,2,0,1.0909090909090935,9.176470588235293,9.0,-10.199999999999989,2,8,baseline_mid,0.8783643696319121,0.8760254826416575
1473473,2025,14,3,0,1.0909090909090935,9.454545454545453,8.896551724137932,-11.400000000000006,2,8,baseline_mid,0.8728859198753293,0.8706081690547194
1473473,2025,14,4,0,1.0909090909090935,9.5625,8.863636363636363,-11.599999999999994,2,8,baseline_mid,0.8715450845328006,0.8692832995573385
1473473,2025,14,5,0,1.0909090909090935,9.096774193548388,9.03370786516854,-8.800000000000011,2,8,baseline_mid,0.885161293035677,0.8827561460403675
1473473,2025,14,6,0,1.0909090909090935,9.200000000000001,9.0,-9.0,2,8,baseline_mid,0.8798807363277061,0.8775261244449701
1473473,2025,15,1,0,1.0909090909090935,9.517241379310345,8.901098901098901,-10.199999999999989,2,8,baseline_mid,0.8668054527298045,0.8665712866829989
1473473,2025,15,2,0,1.0909090909090935,8.571428571428571,9.195652173913043,-5.400000000000006,2,8,baseline_mid,0.9182895780830168,0.9175057237889135
1473473,2025,15,3,0,1.0909090909090935,8.666666666666666,9.161290322580644,-5.599999999999994,2,8,baseline_mid,0.9170206574448703,0.9162454970414636
1473473,2025,15,4,0,1.0909090909090935,8.076923076923077,9.319148936170212,-2.8000000000000114,2,8,baseline_mid,0.9411028398007535,0.9402211698022319
1473473,2025,15,5,0,1.0909090909090935,8.16,9.284210526315789,-3.0,2,8,baseline_mid,0.9392081128472187,0.9383298201171147
1473473,2025,15,6,0,1.0909090909090935,8.25,9.25,-3.1999999999999886,2,8,baseline_mid,0.93273840653133,0.9318786458252162
1473474,2025,7,1,1,-14.5,7.246753246753247,9.069767441860465,-1.332499999999996,1,9,baseline_mid,0.8972385539699979,0.8625100241164563
1473474,2025,7,2,1,-14.5,7.342105263157894,8.863636363636363,-2.510000000000005,1,9,baseline_mid,0.867562316609886,0.8303643478609214
1473474,2025,7,3,1,-14.5,7.359999999999999,8.799999999999999,-2.6875,1,9,baseline_mid,0.864204994671163,0.8268191613059158
1473474,2025,7,4,1,-14.5,7.378378378378379,8.73913043478261,-2.864999999999995,1,9,baseline_mid,0.8637981258283449,0.8263906629917099
1473474,2025,7,5,1,-14.5,7.397260273972603,8.680851063829788,-3.042500000000004,1,9,baseline_mid,0.8594756235546821,0.8218532059202137
1473474,2025,7,6,1,-14.5,7.5,8.5,-4.219999999999999,1,9,baseline_mid,0.8505528202852064,0.812569200658614
1473474,2025,7,7,1,-14.5,7.521126760563381,8.448979591836736,-4.397500000000008,1,9,baseline_mid,0.8505340851183846,0.8125498198019356
1473474,2025,8,1,1,-14.5,7.436619718309858,8.571428571428571,-3.397500000000008,1,9,baseline_mid,0.8592636466435928,0.8277529676160171
1473474,2025,8,2,1,-14.5,7.542857142857143,8.399999999999999,-4.575000000000003,1,9,baseline_mid,0.8400208117259824,0.8081147242210478
1473474,2025,8,3,1,-14.5,7.652173913043478,8.235294117647058,-5.752500000000012,1,9,baseline_mid,0.8296339119259015,0.7976812282540635
1473474,2025,8,4,1,-14.5,7.6764705882352935,8.192307692307693,-5.929999999999993,1,9,baseline_mid,0.8280098306917771,0.7960596069399273
1473474,2025,8,5,1,-14.5,7.791044776119403,8.037735849056602,-7.1074999999999875,1,9,baseline_mid,0.8149274253895797,0.7830873599992639
1473474,2025,8,6,1,-14.5,7.545454545454545,8.333333333333332,-4.284999999999982,1,9,baseline_mid,0.8507489025210521,0.8190109337883097
1473474,2025,9,1,1,-14.5,7.569230769230769,8.290909090909091,-4.4624999999999915,1,9,baseline_mid,0.8505728853885113,0.8150943609350242
1473474,2025,9,2,1,-14.5,7.125,8.785714285714285,0.35999999999999943,1,9,baseline_mid,0.9400435757569733,0.9122070719123611
1473474,2025,9,3,1,-14.5,7.142857142857142,8.736842105263158,0.18250000000000455,1,9,baseline_mid,0.9369467134953082,0.908501548318847
1473474,2025,9,4,1,-14.5,7.161290322580646,8.689655172413794,0.005000000000009663,1,9,baseline_mid,0.9367690519222078,0.908290057905032
1473474,2025,9,5,1,-14.5,6.885245901639344,8.949152542372882,2.8275000000000006,1,9,baseline_mid,0.9619968661908374,0.9397023262326287
1473474,2025,9,6,1,-14.5,7.0,8.799999999999999,1.6499999999999915,1,9,baseline_mid,0.9534181274093929,0.9286702859852732
1473474,2025,10,1,1,-14.5,7.016949152542373,8.754098360655739,1.4724999999999966,1,9,baseline_mid,0.9550057724192811,0.9390024201135522
1473474,2025,10,2,1,-14.5,7.034482758620689,8.70967741935484,1.2950000000000017,1,9,baseline_mid,0.9536606445115272,0.9374202144892375
1473474,2025,10,3,1,-14.5,6.947368421052632,8.761904761904761,2.1174999999999926,1,9,baseline_mid,0.9614722513560053,0.9467052401511986
1473474,2025,10,4,1,-14.5,6.964285714285715,8.71875,1.940000000000012,1,9,baseline_mid,0.9592128504675516,0.9439948229338323
1473474,2025,10,5,1,-14.5,6.9818181818181815,8.676923076923076,1.7625000000000028,1,9,baseline_mid,0.9574667087857394,0.9419144184456659
1473474,2025,10,6,1,-14.5,7.0,8.636363636363637,1.585000000000008,1,9,baseline_mid,0.9575386573712874,0.9419999021142613
1473474,2025,11,1,1,-14.5,7.132075471698113,8.507462686567164,0.40749999999999886,1,9,baseline_mid,0.9522738827340975,0.9406614820750907
1473474,2025,11,2,1,-14.5,7.038461538461538,8.558823529411764,1.230000000000004,1,9,baseline_mid,0.955129542513254,0.9438376766155443
1473474,2025,11,3,1,-14.5,7.0588235294117645,8.521739130434783,1.052500000000009,1,9,baseline_mid,0.9556754210129296,0.9444474206644946
1473474,2025,11,4,1,-14.5,6.48,8.914285714285715,5.875,1,9,baseline_mid,0.9863511822210521,0.9806358946011294
1473474,2025,11,5,1,-14.5,6.122448979591837,9.126760563380282,8.697499999999991,1,9,baseline_mid,0.9920357405800714,0.9880631043641797
1473474,2025,11,6,1,-14.5,6.25,9.0,7.52000000000001,1,9,baseline_mid,0.9897997220809738,0.9850908827588124
1473474,2025,12,1,1,-14.5,6.382978723404255,8.876712328767123,6.342500000000001,1,9,baseline_mid,0.9890274364633763,0.986061005867829
1473474,2025,12,2,1,-14.5,6.391304347826088,8.837837837837839,6.164999999999992,1,9,baseline_mid,0.9886670094110956,0.9856348088336013
1473474,2025,12,3,1,-14.5,6.533333333333333,8.72,-0.8999999999999915,2,8,baseline_mid,0.968239830322063,0.9625206584317589
1473474,2025,12,4,1,-14.5,6.545454545454545,8.68421052631579,-0.9466666666666725,2,8,baseline_mid,0.9613282225110213,0.9549992304611771
1473474,2025,12,5,1,-14.5,6.55813953488372,8.649350649350648,-0.9933333333333394,2,8,baseline_mid,0.9644001165187484,0.9583285920115119
1473474,2025,12,6,1,-14.5,6.571428571428572,8.615384615384615,-1.039999999999992,2,8,baseline_mid,0.9623676269301045,0.9561234544503117
1473474,2025,13,1,1,-14.5,6.146341463414634,8.810126582278482,1.9133333333333553,2,8,baseline_mid,0.974399348947263,0.9720150321830702
1473474,2025,13,2,1,-14.5,6.300000000000001,8.7,0.86666666666666,2,8,baseline_mid,0.9730289303303981,0.970572477354854
1473474,2025,13,3,1,-14.5,6.307692307692308,8.666666666666666,0.8200000000000074,2,8,baseline_mid,0.9749179960008774,0.9725617293548496
1473474,2025,13,4,1,-14.5,6.315789473684211,8.634146341463413,0.7733333333333405,2,8,baseline_mid,0.9757671037804142,0.9734576800208246
1473474,2025,13,5,1,-14.5,6.486486486486487,8.53012048192771,-0.2733333333333263,2,8,baseline_mid,0.9710319698657693,0.968475305194542
1473474,2025,13,6,1,-14.5,6.666666666666667,8.428571428571427,-1.3200000000000074,2,8,baseline_mid,0.9628256694159696,0.9599109903037628
1473474,2025,14,1,1,-14.5,6.685714285714286,8.399999999999999,-1.36666666666666,2,8,baseline_mid,0.9642606407834036,0.9622507728119366
1473474,2025,14,2,1,-14.5,6.705882352941177,8.372093023255815,-1.413333333333327,2,8,baseline_mid,0.9612651305126401,0.9591811688293386
1473474,2025,14,3,1,-14.5,6.90909090909091,8.275862068965518,-2.460000000000008,2,8,baseline_mid,0.9546818879322712,0.9524592056507405
1473474,2025,14,4,1,-14.5,7.125,8.181818181818182,-3.5066666666666606,2,8,baseline_mid,0.9501770913944441,0.947876571895646
1473474,2025,14,5,1,-14.5,7.161290322580646,8.157303370786517,-3.5533333333333275,2,8,baseline_mid,0.9489075776664944,0.9465874116040217
1473474,2025,14,6,1,-14.5,7.199999999999999,8.133333333333333,-3.6000000000000085,2,8,baseline_mid,0.9419916637105881,0.9395807173325081
1473474,2025,15,1,1,-14.5,7.448275862068966,8.043956043956044,-4.646666666666661,2,8,baseline_mid,0.9167097036002673,0.9159367197544306
1473474,2025,15,2,1,-14.5,7.285714285714285,8.08695652173913,-3.6933333333333422,2,8,baseline_mid,0.9387553699025883,0.9378780265348625
1473474,2025,15,3,1,-14.5,7.333333333333334,8.064516129032258,-3.7399999999999807,2,8,baseline_mid,0.9325384915227527,0.9316794675956582
1473474,2025,15,4,1,-14.5,7.153846153846153,8.106382978723403,-2.7866666666666617,2,8,baseline_mid,0.9527731820767114,0.9518939162496008
1473474,2025,15,5,1,-14.5,6.48,8.273684210526316,0.16666666666668561,2,8,baseline_mid,0.9765205694551982,0.975811951808579
1473474,2025,15,6,1,-14.5,6.5,8.25,0.12000000000000455,2,8,baseline_mid,0.9763456019987682,0.9756346063742934
1473475,2025,7,1,1,-0.4375,8.649350649350648,9.209302325581396,-8.36,1,9,baseline_mid,0.7196519077426791,0.6855403231666822
1473475,2025,7,2,1,-0.4375,8.68421052631579,9.136363636363637,-8.680000000000007,1,9,baseline_mid,0.7041797857860789,0.6713296932479145
1473475,2025,7,3,1,-0.4375,8.32,9.733333333333334,-4.0,1,9,baseline_mid,0.7494243434220728,0.7132631408085375
1473475,2025,7,4,1,-0.4375,8.35135135135135,9.652173913043478,-4.319999999999993,1,9,baseline_mid,0.7465008333368979,0.7105168882461674
1473475,2025,7,5,1,-0.4375,8.383561643835616,9.574468085106382,-4.640000000000001,1,9,baseline_mid,0.729530692355185,0.6946809985205644
1473475,2025,7,6,1,-0.4375,8.416666666666666,9.5,-4.959999999999994,1,9,baseline_mid,0.7307356887645822,0.6957997536920425
1473475,2025,8,1,1,-0.4375,8.450704225352112,9.428571428571429,-5.280000000000001,1,9,baseline_mid,0.722330396764364,0.6949046946169908
1473475,2025,8,2,1,-0.4375,8.571428571428571,9.24,-6.599999999999994,1,9,baseline_mid,0.7175772450347431,0.690512920192785
1473475,2025,8,3,1,-0.4375,8.347826086956522,9.529411764705882,-3.9200000000000017,1,9,baseline_mid,0.737726122748158,0.7092056807527094
1473475,2025,8,4,1,-0.4375,7.9411764705882355,10.038461538461538,0.7600000000000051,1,9,baseline_mid,0.8070243210067043,0.7753245689672286
1473475,2025,8,5,1,-0.4375,8.059701492537314,9.849056603773585,-0.5599999999999881,1,9,baseline_mid,0.7889703035776839,0.7577813739179688
1473475,2025,8,6,1,-0.4375,8.09090909090909,9.777777777777777,-0.8799999999999812,1,9,baseline_mid,0.7882236399765767,0.757061198294522
1473475,2025,9,1,1,-0.4375,8.123076923076923,9.709090909090909,-1.1999999999999886,1,9,baseline_mid,0.7928917783512314,0.7591065520155126
1473475,2025,9,2,1,-0.4375,8.15625,9.642857142857142,-1.5200000000000102,1,9,baseline_mid,0.8042500654408791,0.7698661589649701
1473475,2025,9,3,1,-0.4375,8.19047619047619,9.578947368421053,-1.8399999999999892,1,9,baseline_mid,0.7941198811475505,0.7602645036313328
1473475,2025,9,4,1,-0.4375,8.225806451612902,9.517241379310345,-2.1599999999999824,1,9,baseline_mid,0.8034957083190855,0.7691479979849246
1473475,2025,9,5,1,-0.4375,8.360655737704917,9.35593220338983,-3.4799999999999898,1,9,baseline_mid,0.7947381434431664,0.7608479356753086
1473475,2025,9,6,1,-0.4375,8.399999999999999,9.3,-3.8000000000000114,1,9,baseline_mid,0.7954416607071888,0.7615122180181253
1473475,2025,10,1,1,-0.4375,7.932203389830509,9.737704918032787,0.8799999999999955,1,9,baseline_mid,0.8628905173118128,0.8401043337867136
1473475,2025,10,2,1,-0.4375,7.965517241379311,9.677419354838708,0.5600000000000023,1,9,baseline_mid,0.8583600718115654,0.8355664926907553
1473475,2025,10,3,1,-0.4375,8.0,9.61904761904762,0.23999999999999488,1,9,baseline_mid,0.8588438463323278,0.836050050429611
1473475,2025,10,4,1,-0.4375,8.142857142857142,9.46875,-1.0799999999999983,1,9,baseline_mid,0.8369908556687404,0.8144298783420744
1473475,2025,10,5,1,-0.4375,7.8545454545454545,9.692307692307693,1.5999999999999943,1,9,baseline_mid,0.8684200236593124,0.845672299535724
1473475,2025,10,6,1,-0.4375,7.888888888888889,9.636363636363637,1.2800000000000011,1,9,baseline_mid,0.8675726840424041,0.8448169082446414
1473475,2025,11,1,1,-0.4375,7.924528301886792,9.582089552238806,0.9599999999999937,1,9,baseline_mid,0.8657739390190656,0.8512193378452854
1473475,2025,11,2,1,-0.4375,7.961538461538462,9.529411764705882,0.6400000000000006,1,9,baseline_mid,0.8707177655777629,0.8560918601994585
1473475,2025,11,3,1,-0.4375,8.0,9.478260869565217,0.3200000000000074,1,9,baseline_mid,0.8661814078154082,0.8516201530916263
1473475,2025,11,4,1,-0.4375,8.040000000000001,9.428571428571429,0.0,1,9,baseline_mid,0.8681412967599846,0.8535499726291347
1473475,2025,11,5,1,-0.4375,8.081632653061224,9.380281690140844,-0.3200000000000074,1,9,baseline_mid,0.8578670675516809,0.8434681116481003
1473475,2025,11,6,1,-0.4375,8.125,9.333333333333334,-0.6399999999999864,1,9,baseline_mid,0.8615206801483046,0.8470436218226572
1473475,2025,12,1,1,-0.4375,8.042553191489361,9.36986301369863,0.04000000000000625,1,9,baseline_mid,0.8678811172628553,0.8594935383969
1473475,2025,12,2,1,-0.4375,8.217391304347826,9.243243243243244,-1.2800000000000011,1,9,baseline_mid,0.8629169357096624,0.854613302475127
1473475,2025,12,3,1,-0.4375,8.266666666666666,9.200000000000001,-1.5999999999999943,1,9,baseline_mid,0.8633584344205265,0.8550468050575036
1473475,2025,12,4,1,-0.4375,7.909090909090908,9.394736842105264,1.0799999999999983,1,9,baseline_mid,0.8770509351766612,0.8685442448427716
1473475,2025,12,5,1,-0.4375,7.534883720930233,9.584415584415584,3.760000000000005,1,9,baseline_mid,0.9252829414134047,0.917110695004854
1473475,2025,12,6,1,-0.4375,7.142857142857142,9.76923076923077,6.439999999999998,1,9,baseline_mid,0.9737715628947031,0.9686279085285482
1473475,2025,13,1,1,-0.4375,7.317073170731707,9.645569620253164,5.1200000000000045,1,9,baseline_mid,0.9676941392907136,0.964981996987914
1473475,2025,13,2,1,-0.4375,7.3500000000000005,9.600000000000001,4.800000000000011,1,9,baseline_mid,0.9489520639901817,0.9455901671067616
1473475,2025,13,3,1,-0.4375,6.9230769230769225,9.777777777777777,7.47999999999999,1,9,baseline_mid,0.9816915476747368,0.9797442963164998
1473475,2025,13,4,1,-0.4375,6.947368421052632,9.731707317073171,7.159999999999982,1,9,baseline_mid,0.9809992899966908,0.979006221688528
1473475,2025,13,5,1,-0.4375,6.972972972972972,9.686746987951807,6.840000000000018,1,9,baseline_mid,0.9797737349142241,0.9777019705774425
1473475,2025,13,6,1,-0.4375,7.166666666666666,9.571428571428573,5.52000000000001,1,9,baseline_mid,0.9773198813844313,0.9750991947518031
1473475,2025,13,7,1,-0.4375,7.199999999999999,9.529411764705882,5.199999999999989,1,9,baseline_mid,0.9766301532208336,0.9743695480366297
1473475,2025,13,8,1,-0.4375,6.352941176470589,9.837209302325581,9.879999999999995,1,9,baseline_mid,0.9896231821640822,0.988286935589992
1473475,2025,14,1,1,-0.4375,5.485714285714286,10.235294117647058,15.199999999999989,1,9,baseline_mid,0.9927585260953902,0.9920024659798602
1473475,2025,14,2,1,-0.4375,5.470588235294118,10.186046511627907,14.879999999999995,1,9,baseline_mid,0.9928539190722471,0.9921049550330652
1473475,2025,14,3,1,-0.4375,4.909090909090909,10.344827586206897,17.560000000000002,1,9,baseline_mid,0.9942328368125846,0.9935909941607317
1473475,2025,14,4,1,-0.4375,4.875,10.295454545454545,17.24000000000001,1,9,baseline_mid,0.9943149734841795,0.9936798025222741
1473475,2025,14,5,1,-0.4375,3.870967741935484,10.584269662921349,21.920000000000016,1,9,baseline_mid,0.9949181098955124,0.9943330542931934
1473475,2025,14,6,1,-0.4375,4.0,10.466666666666667,20.599999999999994,1,9,baseline_mid,0.9950713206091417,0.9944993276993958
1473475,2025,15,1,1,-0.4375,3.9310344827586206,10.417582417582418,20.28,1,9,baseline_mid,0.9952556111403389,0.9949873855826247
1473475,2025,15,2,1,-0.4375,2.7857142857142856,10.695652173913043,24.95999999999998,1,9,baseline_mid,0.9953238332655687,0.9950583487383465
1473475,2025,15,3,1,-0.4375,2.6666666666666665,10.64516129032258,24.640000000000015,1,9,baseline_mid,0.9953208176089601,0.9950552115751301
1473475,2025,15,4,1,-0.4375,1.3846153846153846,10.914893617021276,29.32000000000002,1,9,baseline_mid,0.9952451876792061,0.9949765447516333
1473475,2025,15,5,1,-0.4375,0.0,11.178947368421053,34.0,1,9,baseline_mid,0.9917119589475232,0.9913195232494604
1473476,2025,7,1,0,1.05263157894737,11.61038961038961,6.976744186046512,-46.359999999999985,2,8,baseline_mid,0.26847394009238135,0.2890410680121663
1473476,2025,7,2,0,1.05263157894737,11.68421052631579,6.954545454545455,-46.67999999999999,2,8,baseline_mid,0.27482005779524665,0.29476514624086925
1473476,2025,7,3,0,1.05263157894737,11.84,6.8,-48.0,2,8,baseline_mid,0.27124240302257835,0.2915403698077378
1473476,2025,7,4,0,1.05263157894737,11.91891891891892,6.782608695652174,-48.31999999999999,2,8,baseline_mid,0.25519646928322975,0.27700482037264973
1473476,2025,7,5,0,1.05263157894737,12.082191780821919,6.638297872340425,-49.640000000000015,2,8,baseline_mid,0.23763648948420113,0.260949393461638
1473476,2025,7,6,0,1.05263157894737,12.166666666666666,6.625,-49.96000000000001,2,8,baseline_mid,0.228787066088467,0.2527931576998192
1473476,2025,8,1,0,1.05263157894737,12.253521126760564,6.612244897959183,-50.27999999999999,2,8,baseline_mid,0.19570686056991182,0.22262051009808892
1473476,2025,8,2,0,1.05263157894737,12.342857142857142,6.6000000000000005,-50.59999999999998,2,8,baseline_mid,0.18467800471354967,0.2119614937805689
1473476,2025,8,3,0,1.05263157894737,12.434782608695652,6.588235294117648,-50.92,2,8,baseline_mid,0.18017001035617447,0.20757655408431597
1473476,2025,8,4,0,1.05263157894737,12.441176470588236,6.6923076923076925,-50.239999999999995,2,8,baseline_mid,0.18651281104452322,0.21374143822270047
1473476,2025,8,5,0,1.05263157894737,12.53731343283582,6.679245283018868,-50.559999999999974,2,8,baseline_mid,0.18241493313872603,0.209762303922209
1473476,2025,8,6,0,1.05263157894737,12.545454545454545,6.777777777777777,-49.879999999999995,2,8,baseline_mid,0.2195908964936128,0.24539891882815293
1473476,2025,9,1,0,1.05263157894737,12.646153846153847,6.763636363636364,-50.2,2,8,baseline_mid,0.20688103858561113,0.24499686968737708
1473476,2025,9,2,0,1.05263157894737,12.75,6.75,-50.51999999999998,2,8,baseline_mid,0.19613169627467708,0.23468868132741708
1473476,2025,9,3,0,1.05263157894737,12.761904761904763,6.842105263157895,-49.83999999999999,2,8,baseline_mid,0.21038394000290356,0.2483331764576041
1473476,2025,9,4,0,1.05263157894737,12.870967741935484,6.827586206896552,-50.16,2,8,baseline_mid,0.21362580341491696,0.2514112610091378
1473476,2025,9,5,0,1.05263157894737,13.081967213114755,6.711864406779661,-51.47999999999999,2,8,baseline_mid,0.1929008076916981,0.23156885711086458
1473476,2025,9,6,0,1.05263157894737,13.099999999999998,6.8,-50.8,2,8,baseline_mid,0.21800887386672477,0.2555585996549335
1473476,2025,10,1,0,1.05263157894737,12.915254237288135,7.081967213114754,-48.120000000000005,2,8,baseline_mid,0.2734874447464815,0.3033204377851991
1473476,2025,10,2,0,1.05263157894737,13.03448275862069,7.064516129032258,-48.44,2,8,baseline_mid,0.2614224390519395,0.291936744803492
1473476,2025,10,3,0,1.05263157894737,13.263157894736842,6.9523809523809526,-49.760000000000005,2,8,baseline_mid,0.2421244531751977,0.27356400494492294
1473476,2025,10,4,0,1.05263157894737,13.392857142857142,6.9375,-50.08000000000001,2,8,baseline_mid,0.22916460797262284,0.261101246580472
1473476,2025,10,5,0,1.05263157894737,12.98181818181818,7.384615384615385,-45.39999999999999,2,8,baseline_mid,0.303679726232039,0.3315010604852169
1473476,2025,10,6,0,1.05263157894737,13.11111111111111,7.363636363636363,-45.719999999999985,2,8,baseline_mid,0.301282261114796,0.32927811010551905
1473476,2025,11,1,0,1.05263157894737,13.245283018867926,7.343283582089552,-46.04000000000002,2,8,baseline_mid,0.29827816650741873,0.3295664358497741
1473476,2025,11,2,0,1.05263157894737,13.26923076923077,7.411764705882353,-45.359999999999985,2,8,baseline_mid,0.2969564988750606,0.3283069449148912
1473476,2025,11,3,0,1.05263157894737,13.529411764705882,7.304347826086957,-55.095,3,7,baseline_mid,0.16757747514794238,0.20026611054668073
1473476,2025,11,4,0,1.05263157894737,13.68,7.285714285714285,-55.24999999999997,3,7,baseline_mid,0.17909415225475378,0.2121396234746803
1473476,2025,11,5,0,1.05263157894737,13.836734693877553,7.267605633802816,-55.405,3,7,baseline_mid,0.1806713561296145,0.21375669438866346
1473476,2025,11,6,0,1.05263157894737,14.125,7.166666666666666,-56.56,3,7,baseline_mid,0.1362027925935305,0.16726970496560756
1473476,2025,12,1,0,1.05263157894737,14.170212765957448,7.232876712328767,-55.715,3,7,baseline_mid,0.16406136352457218,0.1868952906839346
1473476,2025,12,2,0,1.05263157894737,14.347826086956522,7.216216216216216,-55.870000000000005,3,7,baseline_mid,0.14509590676892475,0.16713029898069118
1473476,2025,12,3,0,1.05263157894737,14.533333333333331,7.199999999999999,-56.025000000000006,3,7,baseline_mid,0.12250894246370429,0.14323973510707042
1473476,2025,12,4,0,1.05263157894737,14.727272727272727,7.184210526315789,-63.44,4,6,baseline_mid,0.06729025942680539,0.08273757093648453
1473476,2025,12,5,0,1.05263157894737,15.069767441860465,7.090909090909092,-64.43,4,6,baseline_mid,0.0545969156618791,0.06825928290130057
1473476,2025,12,6,0,1.05263157894737,14.857142857142858,7.307692307692307,-61.420000000000016,4,6,baseline_mid,0.06371273598275522,0.07868413473894736
1473476,2025,12,7,0,1.05263157894737,14.341463414634145,7.670886075949367,-56.41,4,6,baseline_mid,0.12162227801098453,0.1422932814564552
1473476,2025,13,1,0,1.05263157894737,14.195121951219512,7.746835443037975,-55.41,4,6,baseline_mid,0.14050731396059835,0.15203258553757026
1473476,2025,13,2,0,1.05263157894737,14.399999999999999,7.7250000000000005,-55.400000000000006,4,6,baseline_mid,0.13314711105008176,0.14442952331070996
1473476,2025,13,3,0,1.05263157894737,14.615384615384613,7.703703703703703,-55.389999999999986,4,6,baseline_mid,0.12479663124367693,0.1357760654195336
1473476,2025,13,4,0,1.05263157894737,14.842105263157896,7.682926829268293,-55.380000000000024,4,6,baseline_mid,0.10668222674879813,0.11689570912177016
1473476,2025,13,5,0,1.05263157894737,15.243243243243242,7.590361445783133,-56.369999999999976,4,6,baseline_mid,0.07680532187094044,0.08537607350429899
1473476,2025,13,6,0,1.05263157894737,15.5,7.571428571428571,-56.360000000000014,4,6,baseline_mid,0.07063702030824609,0.07879903507339077
1473476,2025,13,7,0,1.05263157894737,15.771428571428572,7.552941176470588,-56.349999999999994,4,6,baseline_mid,0.06617304289806764,0.07402208364306635
1473476,2025,13,8,0,1.05263157894737,16.058823529411764,7.534883720930233,-56.34,4,6,baseline_mid,0.06155863473702807,0.06906799078677119
1473476,2025,14,1,0,1.05263157894737,15.600000000000001,7.623529411764705,-55.349999999999994,4,6,baseline_mid,0.07871616874680545,0.08599690183852526
1473476,2025,14,2,0,1.05263157894737,15.882352941176471,7.604651162790698,-55.34,4,6,baseline_mid,0.07225154555811088,0.07916528074609024
1473476,2025,14,3,0,1.05263157894737,16.363636363636363,7.517241379310344,-56.329999999999984,4,6,baseline_mid,0.06096863437737333,0.06718332944701869
1473476,2025,14,4,0,1.05263157894737,16.875,7.431818181818182,-57.31999999999999,4,6,baseline_mid,0.046963146770469255,0.05219100121013475
1473476,2025,14,5,0,1.05263157894737,16.645161290322584,7.617977528089888,-54.31,4,6,baseline_mid,0.061367427630603086,0.06760819170272711
1473476,2025,14,6,0,1.05263157894737,17.0,7.6,-54.29999999999998,4,6,baseline_mid,0.052148018711203954,0.057758146928634124
1473476,2025,15,1,0,1.05263157894737,17.586206896551722,7.516483516483516,-55.28999999999999,4,6,baseline_mid,0.04536225642742265,0.04864837638985458
1473476,2025,15,2,0,1.05263157894737,18.214285714285715,7.434782608695652,-56.28,4,6,baseline_mid,0.035149832720664034,0.03787351709773977
1473476,2025,15,3,0,1.05263157894737,18.0,7.612903225806452,-53.27000000000001,4,6,baseline_mid,0.04648259385169037,0.04982707366403419
1473476,2025,15,4,0,1.05263157894737,18.692307692307693,7.531914893617021,-54.25999999999999,4,6,baseline_mid,0.0331593242458386,0.03576637486286756
1473476,2025,15,5,0,1.05263157894737,19.44,7.4526315789473685,-59.375,5,5,baseline_mid,0.020155065448795174,0.021930170160500577
1473476,2025,15,6,0,1.05263157894737,20.0,7.4375,-59.20000000000002,5,5,baseline_mid,0.019445199077037026,0.021170750790570413
1473477,2025,7,1,1,-12.235294117647072,7.792207792207792,8.372093023255815,-7.177499999999995,1,9,baseline_mid,0.8394953004235639,0.801208424120129
1473477,2025,7,2,1,-12.235294117647072,7.815789473684211,8.318181818181818,-7.3700000000000045,1,9,baseline_mid,0.833956851383014,0.7955742078576938
1473477,2025,7,3,1,-12.235294117647072,7.76,8.399999999999999,-6.5625,1,9,baseline_mid,0.8471826341199056,0.8090902135112368
1473477,2025,7,4,1,-12.235294117647072,7.783783783783784,8.347826086956522,-6.7549999999999955,1,9,baseline_mid,0.842975885917167,0.8047679838855666
1473477,2025,7,5,1,-12.235294117647072,7.808219178082192,8.297872340425533,-6.947500000000005,1,9,baseline_mid,0.8409263437064813,0.8026701504940206
1473477,2025,7,6,1,-12.235294117647072,7.833333333333334,8.25,-7.140000000000001,1,9,baseline_mid,0.835897302452751,0.7975441080223332
1473477,2025,8,1,1,-12.235294117647072,7.943661971830986,8.081632653061224,-8.33250000000001,1,9,baseline_mid,0.832026256385785,0.8000746533580809
1473477,2025,8,2,1,-12.235294117647072,7.9714285714285715,8.040000000000001,-8.524999999999991,1,9,baseline_mid,0.8291356534109088,0.7971834517687424
1473477,2025,8,3,1,-12.235294117647072,8.0,8.0,-8.717500000000001,1,9,baseline_mid,0.8263259480898201,0.7943809636031977
1473477,2025,8,4,1,-12.235294117647072,8.029411764705882,7.961538461538462,-8.909999999999997,1,9,baseline_mid,0.8234897259009956,0.7915596615235282
1473477,2025,8,5,1,-12.235294117647072,8.149253731343283,7.811320754716981,-10.102499999999992,1,9,baseline_mid,0.8129581819808561,0.7811480663617255
1473477,2025,8,6,1,-12.235294117647072,8.272727272727273,7.666666666666666,-11.294999999999987,1,9,baseline_mid,0.8022207171198903,0.7706317870382589
1473477,2025,9,1,1,-12.235294117647072,8.215384615384615,7.745454545454546,-10.487499999999997,1,9,baseline_mid,0.8183126340080926,0.7833528512977028
1473477,2025,9,2,1,-12.235294117647072,7.96875,8.035714285714285,-7.680000000000007,1,9,baseline_mid,0.852368027126061,0.8168979286582702
1473477,2025,9,3,1,-12.235294117647072,8.0,8.0,-7.872499999999988,1,9,baseline_mid,0.8512624468490091,0.8157866502492541
1473477,2025,9,4,1,-12.235294117647072,7.935483870967742,8.068965517241379,-7.0649999999999835,1,9,baseline_mid,0.859286861309938,0.8238904331697112
1473477,2025,9,5,1,-12.235294117647072,7.967213114754098,8.033898305084746,-7.257499999999993,1,9,baseline_mid,0.8551057855009438,0.819656912773201
1473477,2025,9,6,1,-12.235294117647072,8.0,8.0,-7.450000000000003,1,9,baseline_mid,0.8590174815583085,0.8236169304685447
1473477,2025,10,1,1,-12.235294117647072,7.525423728813559,8.459016393442623,-2.6424999999999983,1,9,baseline_mid,0.9130353014553394,0.8920197459450883
1473477,2025,10,2,1,-12.235294117647072,7.551724137931034,8.419354838709678,-2.8349999999999937,1,9,baseline_mid,0.910689812036837,0.8895086675520142
1473477,2025,10,3,1,-12.235294117647072,7.052631578947369,8.857142857142858,1.9724999999999966,1,9,baseline_mid,0.9589265780797579,0.9436529141187818
1473477,2025,10,4,1,-12.235294117647072,6.964285714285715,8.90625,2.780000000000001,1,9,baseline_mid,0.9656836494351341,0.9518173541663631
1473477,2025,10,5,1,-12.235294117647072,6.9818181818181815,8.861538461538462,2.5874999999999915,1,9,baseline_mid,0.9623012546129364,0.9477051899428603
1473477,2025,10,6,1,-12.235294117647072,7.111111111111111,8.727272727272727,1.3950000000000102,1,9,baseline_mid,0.9588361956893021,0.9435450349593593
1473477,2025,11,1,1,-12.235294117647072,6.566037735849056,9.134328358208954,6.202500000000001,1,9,baseline_mid,0.9873717844539809,0.981940380392366
1473477,2025,11,2,1,-12.235294117647072,6.5769230769230775,9.088235294117647,6.010000000000005,1,9,baseline_mid,0.9868642070304414,0.9812902702274846
1473477,2025,11,3,1,-12.235294117647072,6.588235294117648,9.043478260869566,5.81750000000001,1,9,baseline_mid,0.9871882669094816,0.9817050143343039
1473477,2025,11,4,1,-12.235294117647072,6.6000000000000005,9.0,5.625,1,9,baseline_mid,0.9868278976903976,0.9812438684426108
1473477,2025,11,5,1,-12.235294117647072,6.73469387755102,8.873239436619718,-2.0600000000000023,2,8,baseline_mid,0.9632638902001391,0.9530180889123806
1473477,2025,11,6,1,-12.235294117647072,6.875,8.75,-3.1199999999999903,2,8,baseline_mid,0.9551040438311089,0.9438092154895701
1473477,2025,12,1,1,-12.235294117647072,6.893617021276596,8.712328767123289,-3.1799999999999926,2,8,baseline_mid,0.9564072850390245,0.9497064631600389
1473477,2025,12,2,1,-12.235294117647072,7.043478260869566,8.594594594594595,-4.240000000000009,2,8,baseline_mid,0.9472614636004065,0.9399854099405855
1473477,2025,12,3,1,-12.235294117647072,7.199999999999999,8.48,-5.299999999999997,2,8,baseline_mid,0.9383647237159514,0.9306520487007447
1473477,2025,12,4,1,-12.235294117647072,7.363636363636363,8.368421052631579,-6.359999999999999,2,8,baseline_mid,0.9292806732410168,0.9212280203452778
1473477,2025,12,5,1,-12.235294117647072,7.395348837209302,8.337662337662337,-6.420000000000002,2,8,baseline_mid,0.9325434916445787,0.92460163468424
1473477,2025,12,6,1,-12.235294117647072,7.428571428571429,8.307692307692307,-6.47999999999999,2,8,baseline_mid,0.9333604144590357,0.9254482308993891
1473477,2025,13,1,1,-12.235294117647072,7.609756097560975,8.20253164556962,-7.539999999999992,2,8,baseline_mid,0.9148270504716339,0.9109446738599756
1473477,2025,13,2,1,-12.235294117647072,7.800000000000001,8.100000000000001,-8.600000000000009,2,8,baseline_mid,0.9018591528437615,0.8979351608241621
1473477,2025,13,3,1,-12.235294117647072,7.846153846153847,8.074074074074074,-8.659999999999997,2,8,baseline_mid,0.8948589259426752,0.8909405652536072
1473477,2025,13,4,1,-12.235294117647072,7.105263157894736,8.414634146341463,-3.7199999999999847,2,8,baseline_mid,0.9530078931879968,0.9497590822215279
1473477,2025,13,5,1,-12.235294117647072,7.297297297297297,8.313253012048193,-4.780000000000001,2,8,baseline_mid,0.9495260718549525,0.946179376227013
1473477,2025,13,6,1,-12.235294117647072,6.5,8.642857142857142,0.1599999999999966,2,8,baseline_mid,0.9768696464957785,0.9746228097455784
1473477,2025,14,1,1,-12.235294117647072,6.685714285714286,8.541176470588235,-0.8999999999999915,2,8,baseline_mid,0.9743493840941185,0.9726497149569755
1473477,2025,14,2,1,-12.235294117647072,6.88235294117647,8.44186046511628,-1.9599999999999937,2,8,baseline_mid,0.9702543297815196,0.9684164020666878
1473477,2025,14,3,1,-12.235294117647072,6.90909090909091,8.413793103448276,-2.0200000000000102,2,8,baseline_mid,0.9692269362964807,0.9673571115399269
1473477,2025,14,4,1,-12.235294117647072,7.125,8.318181818181818,-3.0799999999999983,2,8,baseline_mid,0.9613218029673669,0.9592391757833075
1473477,2025,14,5,1,-12.235294117647072,6.580645161290322,8.49438202247191,-0.14000000000000057,2,8,baseline_mid,0.9768121969644987,0.975205067908246
1473477,2025,14,6,1,-12.235294117647072,6.6000000000000005,8.466666666666667,-0.20000000000000284,2,8,baseline_mid,0.9759193881083277,0.9742778362635398
1473477,2025,14,7,1,-12.235294117647072,6.827586206896552,8.373626373626372,-1.259999999999991,2,8,baseline_mid,0.971485751164924,0.9696874808213121
1473477,2025,15,1,1,-12.235294117647072,6.0,8.637362637362637,2.740000000000009,2,8,baseline_mid,0.9858604830420598,0.9853153866371674
1473477,2025,15,2,1,-12.235294117647072,6.0,8.608695652173912,2.680000000000007,2,8,baseline_mid,0.9867111258667138,0.9861852320235807
1473477,2025,15,3,1,-12.235294117647072,4.888888888888888,8.903225806451612,7.6200000000000045,2,8,baseline_mid,0.9959298035285649,0.9956894122487204
1473477,2025,15,4,1,-12.235294117647072,5.076923076923077,8.808510638297872,6.560000000000002,2,8,baseline_mid,0.995469046431795,0.9952094509973078
1473477,2025,15,5,1,-12.235294117647072,5.04,8.778947368421054,6.5,2,8,baseline_mid,0.9955084238096022,0.9952504383847508
1473477,2025,15,6,1,-12.235294117647072,4.75,8.8125,7.439999999999998,2,8,baseline_mid,0.9962270171336218,0.9959994624204213
1473478,2025,7,1,1,-52.41176470588235,6.545454545454545,8.372093023255815,-0.4174999999999969,1,9,baseline_mid,0.962984795673224,0.9415274111690989
1473478,2025,7,2,1,-52.41176470588235,6.157894736842106,9.0,4.509999999999991,1,9,baseline_mid,0.9780785531287406,0.9624812150613756
1473478,2025,7,3,1,-52.41176470588235,6.16,8.933333333333334,4.4375,1,9,baseline_mid,0.976471800584531,0.9601582174876268
1473478,2025,7,4,1,-52.41176470588235,6.243243243243244,8.73913043478261,3.365000000000009,1,9,baseline_mid,0.9756289879123441,0.9589500557754088
1473478,2025,7,5,1,-52.41176470588235,6.2465753424657535,8.680851063829788,3.292500000000004,1,9,baseline_mid,0.9761174901964889,0.9596494755565436
1473478,2025,7,6,1,-52.41176470588235,6.25,8.625,3.219999999999999,1,9,baseline_mid,0.9773054056472251,0.9613601043035314
1473478,2025,8,1,1,-52.41176470588235,6.253521126760563,8.571428571428571,3.1474999999999937,1,9,baseline_mid,0.9774862463308038,0.9639651392137096
1473478,2025,8,2,1,-52.41176470588235,6.257142857142858,8.52,3.075000000000003,1,9,baseline_mid,0.9773670443739708,0.9638005389003353
1473478,2025,8,3,1,-52.41176470588235,6.3478260869565215,8.352941176470587,2.0024999999999977,1,9,baseline_mid,0.9774283655062928,0.9638851984632542
1473478,2025,8,4,1,-52.41176470588235,6.088235294117647,8.653846153846153,4.930000000000007,1,9,baseline_mid,0.9826074772051403,0.9711678732018574
1473478,2025,8,5,1,-52.41176470588235,6.08955223880597,8.60377358490566,4.857500000000002,1,9,baseline_mid,0.98184668655373,0.9700803384995661
1473478,2025,8,6,1,-52.41176470588235,6.181818181818182,8.444444444444445,3.785000000000011,1,9,baseline_mid,0.9805408843271166,0.968228770747123
1473478,2025,9,1,1,-52.41176470588235,6.184615384615384,8.399999999999999,3.7125000000000057,1,9,baseline_mid,0.9804122307187502,0.9652155369450283
1473478,2025,9,2,1,-52.41176470588235,6.28125,8.25,-4.98666666666665,2,8,baseline_mid,0.9643821924010809,0.942849677789607
1473478,2025,9,3,1,-52.41176470588235,6.2857142857142865,8.210526315789474,-4.939999999999998,2,8,baseline_mid,0.9624811016741246,0.9403382032226028
1473478,2025,9,4,1,-52.41176470588235,6.387096774193548,8.068965517241379,-5.893333333333331,2,8,baseline_mid,0.9610691656379255,0.9384883169761595
1473478,2025,9,5,1,-52.41176470588235,6.491803278688526,7.932203389830509,-6.846666666666664,2,8,baseline_mid,0.9574136866628553,0.9337560093957084
1473478,2025,9,6,1,-52.41176470588235,6.5,7.9,-6.799999999999997,2,8,baseline_mid,0.9582426353854272,0.9348222128878405
1473478,2025,10,1,1,-52.41176470588235,6.610169491525424,7.77049180327869,-7.75333333333333,2,8,baseline_mid,0.9582817234272426,0.9428839420394673
1473478,2025,10,2,1,-52.41176470588235,6.310344827586206,8.032258064516128,-4.7066666666666634,2,8,baseline_mid,0.974148783838044,0.9623691049564806
1473478,2025,10,3,1,-52.41176470588235,6.315789473684211,8.0,-4.659999999999997,2,8,baseline_mid,0.9734149118253038,0.9614376456316605
1473478,2025,10,4,1,-52.41176470588235,6.321428571428571,7.96875,-4.613333333333344,2,8,baseline_mid,0.9707149128408958,0.9580396438552347
1473478,2025,10,5,1,-52.41176470588235,6.4363636363636365,7.846153846153847,-5.566666666666663,2,8,baseline_mid,0.9720510095482451,0.9597156115258717
1473478,2025,10,6,1,-52.41176470588235,6.555555555555555,7.727272727272727,-6.519999999999982,2,8,baseline_mid,0.9638947846030612,0.9496359178411368
1473478,2025,11,1,1,-52.41176470588235,6.566037735849056,7.701492537313433,-6.473333333333343,2,8,baseline_mid,0.9608968315226143,0.9503248066355521
1473478,2025,11,2,1,-52.41176470588235,6.230769230769232,7.9411764705882355,-3.4266666666666623,2,8,baseline_mid,0.9804579408296158,0.9732853143047341
1473478,2025,11,3,1,-52.41176470588235,6.23529411764706,7.91304347826087,-3.3799999999999955,2,8,baseline_mid,0.9810356251800991,0.9739939377994759
1473478,2025,11,4,1,-52.41176470588235,5.88,8.142857142857142,-0.3333333333333286,2,8,baseline_mid,0.984135631751512,0.9778387601468825
1473478,2025,11,5,1,-52.41176470588235,5.510204081632653,8.366197183098592,2.7133333333333383,2,8,baseline_mid,0.9880632418414956,0.9828305061179066
1473478,2025,11,6,1,-52.41176470588235,5.5,8.333333333333332,2.760000000000005,2,8,baseline_mid,0.9885469091331469,0.9834563774159524
1473478,2025,12,1,1,-52.41176470588235,5.1063829787234045,8.54794520547945,5.806666666666672,2,8,baseline_mid,0.9949727206013134,0.9932683232210281
1473478,2025,12,2,1,-52.41176470588235,5.217391304347826,8.432432432432433,4.853333333333325,2,8,baseline_mid,0.9913114733874894,0.9887862408162241
1473478,2025,12,3,1,-52.41176470588235,5.066666666666666,8.48,5.900000000000006,2,8,baseline_mid,0.9956589110622183,0.9941298688860558
1473478,2025,12,4,1,-52.41176470588235,5.181818181818182,8.368421052631579,4.9466666666666725,2,8,baseline_mid,0.9926819567324539,0.9904448885745045
1473478,2025,12,5,1,-52.41176470588235,5.302325581395349,8.25974025974026,3.993333333333325,2,8,baseline_mid,0.9920965662964291,0.9897339907069673
1473478,2025,12,6,1,-52.41176470588235,5.428571428571429,8.153846153846153,3.0400000000000063,2,8,baseline_mid,0.9912705614599782,0.98873702031579
1473478,2025,13,1,1,-52.41176470588235,4.975609756097561,8.354430379746836,6.086666666666673,2,8,baseline_mid,0.9965938317971391,0.9960040210582155
1473478,2025,13,2,1,-52.41176470588235,4.949999999999999,8.325,6.133333333333326,2,8,baseline_mid,0.9966188887502285,0.9960324121871007
1473478,2025,13,3,1,-52.41176470588235,4.923076923076923,8.296296296296296,6.180000000000007,2,8,baseline_mid,0.9965136765663856,0.995913248545255
1473478,2025,13,4,1,-52.41176470588235,4.421052631578947,8.487804878048781,9.226666666666674,2,8,baseline_mid,0.9976784109075988,0.9972404383538905
1473478,2025,13,5,1,-52.41176470588235,3.891891891891892,8.674698795180722,12.27333333333334,2,8,baseline_mid,0.997954866835189,0.9975585050267904
1473478,2025,13,6,1,-52.41176470588235,3.833333333333333,8.642857142857142,12.319999999999993,2,8,baseline_mid,0.9980226020272148,0.99763665434533
1473478,2025,14,1,1,-52.41176470588235,3.7714285714285714,8.611764705882353,12.366666666666674,2,8,baseline_mid,0.9980610004506402,0.9977807292275592
1473478,2025,14,2,1,-52.41176470588235,3.7058823529411766,8.58139534883721,12.413333333333341,2,8,baseline_mid,0.9979237349383132,0.9976279911500899
1473478,2025,14,3,1,-52.41176470588235,2.727272727272727,8.896551724137932,17.459999999999994,2,8,baseline_mid,0.9980997682683992,0.9978239192197037
1473478,2025,14,4,1,-52.41176470588235,2.625,8.863636363636363,17.506666666666675,2,8,baseline_mid,0.9979994911541,0.997712251525359
1473478,2025,14,5,1,-52.41176470588235,2.7096774193548385,8.764044943820224,12.859166666666681,3,7,baseline_mid,0.9976567201962556,0.9973316479002964
1473478,2025,14,6,1,-52.41176470588235,2.6,8.733333333333333,13.025000000000006,3,7,baseline_mid,0.9949978259433676,0.9944195493581921
1473478,2025,14,7,1,-52.41176470588235,1.4482758620689655,9.032967032967033,18.19083333333333,3,7,baseline_mid,0.9940090540636004,0.9933492107237214
1473478,2025,15,1,1,-52.41176470588235,1.2413793103448276,9.098901098901099,19.19083333333333,3,7,baseline_mid,0.9943911288890209,0.9940894940152268
1473478,2025,15,2,1,-52.41176470588235,0.42857142857142855,9.26086956521739,22.35666666666667,3,7,baseline_mid,0.9959483965299708,0.9957087975522109
1473478,2025,15,3,1,-52.41176470588235,0.4444444444444444,9.161290322580644,21.522499999999994,3,7,baseline_mid,0.9964251260481538,0.9962063392914895
1473478,2025,15,4,1,-52.41176470588235,-0.46153846153846156,9.319148936170212,24.688333333333333,3,7,baseline_mid,0.9975223244388163,0.997355686497429
1473479,2025,7,1,0,18.294117647058812,9.194805194805195,12.279069767441861,-11.766666666666652,2,8,baseline_mid,0.6119678595800992,0.5887390146408399
1473479,2025,7,2,0,18.294117647058812,8.842105263157894,12.818181818181817,-7.133333333333326,2,8,baseline_mid,0.6594532750975703,0.6308770300239295
1473479,2025,7,3,0,18.294117647058812,8.96,12.533333333333335,-8.5,2,8,baseline_mid,0.6607451793343666,0.6320339678533528
1473479,2025,7,4,0,18.294117647058812,8.756756756756756,12.782608695652176,-5.866666666666646,2,8,baseline_mid,0.6889920142761292,0.6574953769616225
1473479,2025,7,5,0,18.294117647058812,8.876712328767123,12.51063829787234,-7.2333333333333485,2,8,baseline_mid,0.6898859190040589,0.658306653895262
1473479,2025,7,6,0,18.294117647058812,8.916666666666668,12.375,-7.6000000000000085,2,8,baseline_mid,0.6837711469105414,0.6527641998684738
1473479,2025,8,1,0,18.294117647058812,8.95774647887324,12.244897959183675,-7.966666666666654,2,8,baseline_mid,0.6776867272124287,0.6540381615682495
1473479,2025,8,2,0,18.294117647058812,9.085714285714285,12.0,-9.333333333333314,2,8,baseline_mid,0.6806173332036718,0.6566965744443028
1473479,2025,8,3,0,18.294117647058812,9.043478260869566,12.0,-8.700000000000003,2,8,baseline_mid,0.6898454431439345,0.6650882475954375
1473479,2025,8,4,0,18.294117647058812,8.823529411764707,12.23076923076923,-6.066666666666663,2,8,baseline_mid,0.722655427232632,0.6952054036682909
1473479,2025,8,5,0,18.294117647058812,8.597014925373134,12.452830188679245,-3.4333333333333087,2,8,baseline_mid,0.7488480922291469,0.7196138331659214
1473479,2025,8,6,0,18.294117647058812,8.727272727272727,12.222222222222223,-4.799999999999983,2,8,baseline_mid,0.7400103215031395,0.7113378057123264
1473479,2025,9,1,0,18.294117647058812,8.861538461538462,12.0,-17.270833333333343,3,7,baseline_mid,0.600063292432776,0.5878512809565861
1473479,2025,9,2,0,18.294117647058812,8.90625,11.892857142857142,-17.46666666666667,3,7,baseline_mid,0.591501861005288,0.5805433630004841
1473479,2025,9,3,0,18.294117647058812,8.952380952380953,11.789473684210526,-17.662500000000023,3,7,baseline_mid,0.5871567294627191,0.5768391241762889
1473479,2025,9,4,0,18.294117647058812,9.096774193548388,11.586206896551724,-18.85833333333332,3,7,baseline_mid,0.5422799261911353,0.5387226768165219
1473479,2025,9,5,0,18.294117647058812,9.245901639344261,11.389830508474576,-20.054166666666703,3,7,baseline_mid,0.535679071309712,0.5331315294349678
1473479,2025,9,6,0,18.294117647058812,9.3,11.3,-20.25,3,7,baseline_mid,0.5368307808455619,0.5341068872774959
1473479,2025,10,1,0,18.294117647058812,9.457627118644067,11.114754098360656,-21.445833333333354,3,7,baseline_mid,0.5489930039301979,0.5513781455755117
1473479,2025,10,2,0,18.294117647058812,9.413793103448276,11.129032258064516,-20.64166666666665,3,7,baseline_mid,0.5536685296266991,0.5555088577075615
1473479,2025,10,3,0,18.294117647058812,9.368421052631579,11.142857142857142,-19.837500000000006,3,7,baseline_mid,0.5673275903789964,0.5675810016956728
1473479,2025,10,4,0,18.294117647058812,9.428571428571429,11.0625,-20.03333333333333,3,7,baseline_mid,0.5667931443220445,0.5671084831683495
1473479,2025,10,5,0,18.294117647058812,9.49090909090909,10.984615384615385,-20.229166666666686,3,7,baseline_mid,0.5652998043997106,0.5657882605490865
1473479,2025,10,6,0,18.294117647058812,9.555555555555555,10.909090909090908,-20.42500000000001,3,7,baseline_mid,0.5518469041188298,0.553899419981942
1473479,2025,11,1,0,18.294117647058812,9.622641509433963,10.835820895522389,-20.620833333333337,3,7,baseline_mid,0.5622707747874665,0.5714770719252548
1473479,2025,11,2,0,18.294117647058812,9.692307692307693,10.764705882352942,-20.816666666666663,3,7,baseline_mid,0.5661671447105049,0.5749756950953636
1473479,2025,11,3,0,18.294117647058812,9.882352941176471,10.608695652173914,-22.01249999999999,3,7,baseline_mid,0.5541715237327296,0.5642037180171794
1473479,2025,11,4,0,18.294117647058812,9.600000000000001,10.8,-19.208333333333314,3,7,baseline_mid,0.5834936217677301,0.590532593950985
1473479,2025,11,5,0,18.294117647058812,9.673469387755102,10.732394366197184,-19.40416666666667,3,7,baseline_mid,0.5774968412305378,0.5851481938531237
1473479,2025,11,6,0,18.294117647058812,9.75,10.666666666666666,-19.599999999999994,3,7,baseline_mid,0.5789467277874729,0.5864499932684897
1473479,2025,12,1,0,18.294117647058812,9.829787234042554,10.602739726027398,-19.79583333333332,3,7,baseline_mid,0.5711284641555903,0.5791816366149577
1473479,2025,12,2,0,18.294117647058812,10.043478260869566,10.45945945945946,-20.991666666666674,3,7,baseline_mid,0.5602167581298649,0.569031413927376
1473479,2025,12,3,0,18.294117647058812,10.133333333333333,10.4,-21.1875,3,7,baseline_mid,0.5557006163308416,0.5648293743744133
1473479,2025,12,4,0,18.294117647058812,10.363636363636363,10.263157894736842,-22.383333333333354,3,7,baseline_mid,0.5510341374632507,0.5604866622948191
1473479,2025,12,5,0,18.294117647058812,10.465116279069768,10.207792207792208,-22.57916666666668,3,7,baseline_mid,0.5412442473646034,0.551372962562378
1473479,2025,12,6,0,18.294117647058812,10.571428571428571,10.153846153846153,-22.775000000000006,3,7,baseline_mid,0.5299729799266091,0.5408741186515691
1473479,2025,13,1,0,18.294117647058812,10.829268292682928,10.025316455696203,-23.97083333333333,3,7,baseline_mid,0.511122880339365,0.5185531195941558
1473479,2025,13,2,0,18.294117647058812,11.100000000000001,9.899999999999999,-25.166666666666686,3,7,baseline_mid,0.5025406167164377,0.5102656579511107
1473479,2025,13,3,0,18.294117647058812,11.076923076923077,9.925925925925926,-24.362499999999983,3,7,baseline_mid,0.5025127607911062,0.5102387522200068
1473479,2025,13,4,0,18.294117647058812,11.368421052631579,9.804878048780488,-32.05000000000001,4,6,baseline_mid,0.3781968258542905,0.3895534546583901
1473479,2025,13,5,0,18.294117647058812,11.513513513513512,9.759036144578314,-32.07499999999999,4,6,baseline_mid,0.3861438804993812,0.3973146795622863
1473479,2025,13,6,0,18.294117647058812,11.666666666666666,9.714285714285715,-32.10000000000002,4,6,baseline_mid,0.38960545281966524,0.4006929105480501
1473479,2025,13,7,0,18.294117647058812,11.314285714285713,9.882352941176471,-29.125,4,6,baseline_mid,0.4274448406059022,0.43753391153870147
1473479,2025,14,1,0,18.294117647058812,11.314285714285713,9.882352941176471,-29.125,4,6,baseline_mid,0.4318106696594186,0.4412116310869812
1473479,2025,14,2,0,18.294117647058812,11.470588235294118,9.837209302325581,-29.150000000000006,4,6,baseline_mid,0.4309376384563457,0.44035767162355033
1473479,2025,14,3,0,18.294117647058812,11.636363636363637,9.793103448275861,-29.174999999999983,4,6,baseline_mid,0.4211745105276108,0.43080319606786804
1473479,2025,14,4,0,18.294117647058812,12.0,9.681818181818182,-30.19999999999999,4,6,baseline_mid,0.3953784681195377,0.40551508857191776
1473479,2025,14,5,0,18.294117647058812,12.387096774193548,9.573033707865168,-31.224999999999994,4,6,baseline_mid,0.3859264881989667,0.396232331943725
1473479,2025,14,6,0,18.294117647058812,11.6,9.866666666666667,-26.25,4,6,baseline_mid,0.4755359890692361,0.48390252391117905
1473479,2025,15,1,0,18.294117647058812,12.0,9.758241758241759,-27.275000000000006,4,6,baseline_mid,0.44576162723377055,0.4531906415033407
1473479,2025,15,2,0,18.294117647058812,12.214285714285714,9.717391304347826,-27.30000000000001,4,6,baseline_mid,0.43810975079533265,0.4456312404443985
1473479,2025,15,3,0,18.294117647058812,11.333333333333332,10.0,-22.32499999999999,4,6,baseline_mid,0.5508985559819197,0.5567184592551044
1473479,2025,15,4,0,18.294117647058812,11.538461538461538,9.957446808510639,-22.349999999999994,4,6,baseline_mid,0.545413378736631,0.551330438694248
1473479,2025,15,5,0,18.294117647058812,11.52,9.978947368421053,-21.375,4,6,baseline_mid,0.5460661120956473,0.551971673781561
1473479,2025,15,6,0,18.294117647058812,11.5,10.0,-20.400000000000006,4,6,baseline_mid,0.5548495732506391,0.5605987587388642
1473480,2025,7,1,1,-10.032258064516128,8.727272727272727,6.0,-31.94666666666666,2,8,baseline_mid,0.5895654204048921,0.5690790598921979
1473480,2025,7,2,1,-10.032258064516128,8.526315789473685,6.409090909090908,-28.97333333333333,2,8,baseline_mid,0.6656427514053783,0.6364255948207249
1473480,2025,7,3,1,-10.032258064516128,8.56,6.4,-29.0,2,8,baseline_mid,0.6817619087175621,0.6509465938635104
1473480,2025,7,4,1,-10.032258064516128,8.35135135135135,6.782608695652174,-26.026666666666657,2,8,baseline_mid,0.7165309146471619,0.6826637072162678
1473480,2025,7,5,1,-10.032258064516128,8.465753424657535,6.638297872340425,-27.05333333333334,2,8,baseline_mid,0.7070683199107265,0.6739733884421404
1473480,2025,7,6,1,-10.032258064516128,8.416666666666666,6.75,-26.08,2,8,baseline_mid,0.7114129582614996,0.6779576914252183
1473480,2025,8,1,1,-10.032258064516128,8.535211267605634,6.612244897959183,-36.21833333333335,3,7,baseline_mid,0.5199600411751436,0.5140862051749184
1473480,2025,8,2,1,-10.032258064516128,8.657142857142857,6.48,-37.116666666666674,3,7,baseline_mid,0.5291752044719121,0.5221599356216364
1473480,2025,8,3,1,-10.032258064516128,8.782608695652174,6.352941176470589,-38.015,3,7,baseline_mid,0.5238758445950655,0.5175163481960107
1473480,2025,8,4,1,-10.032258064516128,8.911764705882353,6.230769230769232,-38.91333333333334,3,7,baseline_mid,0.5206914127831953,0.5147268025268728
1473480,2025,8,5,1,-10.032258064516128,9.044776119402984,6.113207547169811,-39.81166666666667,3,7,baseline_mid,0.5072353620988611,0.5029448726362546
1473480,2025,8,6,1,-10.032258064516128,9.09090909090909,6.111111111111112,-39.709999999999994,3,7,baseline_mid,0.5099416360497278,0.5053138449112643
1473480,2025,9,1,1,-10.032258064516128,9.138461538461538,6.1090909090909085,-39.608333333333334,3,7,baseline_mid,0.5130147774785454,0.5139479193475577
1473480,2025,9,2,1,-10.032258064516128,8.90625,6.428571428571429,-36.506666666666675,3,7,baseline_mid,0.5610311549456978,0.5546229320169229
1473480,2025,9,3,1,-10.032258064516128,8.952380952380953,6.421052631578947,-36.405000000000015,3,7,baseline_mid,0.5578818455407697,0.5519502995514087
1473480,2025,9,4,1,-10.032258064516128,8.516129032258064,6.931034482758621,-31.303333333333327,3,7,baseline_mid,0.7025368238974886,0.6767806216393457
1473480,2025,9,5,1,-10.032258064516128,8.557377049180328,6.915254237288136,-31.201666666666682,3,7,baseline_mid,0.6942825866715111,0.6694838934165395
1473480,2025,9,6,1,-10.032258064516128,8.6,6.8999999999999995,-31.10000000000001,3,7,baseline_mid,0.7003662162821185,0.6748589191070989
1473480,2025,10,1,1,-10.032258064516128,8.64406779661017,6.885245901639344,-30.998333333333335,3,7,baseline_mid,0.7129885374319689,0.6978377760270936
1473480,2025,10,2,1,-10.032258064516128,8.689655172413794,6.870967741935484,-30.89666666666666,3,7,baseline_mid,0.6903746566005955,0.6773147127355266
1473480,2025,10,3,1,-10.032258064516128,8.631578947368421,6.9523809523809526,-29.795,3,7,baseline_mid,0.7186670626270151,0.7030173718630239
1473480,2025,10,4,1,-10.032258064516128,8.785714285714285,6.84375,-30.693333333333328,3,7,baseline_mid,0.69061051731263,0.6775279694006567
1473480,2025,10,5,1,-10.032258064516128,8.836363636363636,6.8307692307692305,-30.59166666666667,3,7,baseline_mid,0.6883296872122592,0.6754663851866374
1473480,2025,10,6,1,-10.032258064516128,8.333333333333332,7.272727272727273,-25.49000000000001,3,7,baseline_mid,0.7595863863338719,0.7407099750351384
1473480,2025,11,1,1,-10.032258064516128,8.377358490566037,7.253731343283581,-25.38833333333335,3,7,baseline_mid,0.7707160202668308,0.7606099430675127
1473480,2025,11,2,1,-10.032258064516128,8.423076923076923,7.235294117647058,-25.28666666666666,3,7,baseline_mid,0.7604835971587167,0.7511140238542676
1473480,2025,11,3,1,-10.032258064516128,8.470588235294118,7.217391304347826,-25.185000000000002,3,7,baseline_mid,0.7722225335992946,0.7620112519422138
1473480,2025,11,4,1,-10.032258064516128,8.52,7.199999999999999,-25.08333333333333,3,7,baseline_mid,0.7563092523094044,0.7472506658393674
1473480,2025,11,5,1,-10.032258064516128,7.959183673469387,7.605633802816902,-19.981666666666655,3,7,baseline_mid,0.8409542298594821,0.827045260720939
1473480,2025,11,6,1,-10.032258064516128,8.125,7.5,-27.040000000000006,4,6,baseline_mid,0.7461079615214625,0.7378333883478575
1473480,2025,12,1,1,-10.032258064516128,8.170212765957446,7.479452054794521,-26.810000000000002,4,6,baseline_mid,0.7558115589400023,0.751705963411042
1473480,2025,12,2,1,-10.032258064516128,8.347826086956522,7.378378378378379,-27.58,4,6,baseline_mid,0.745284505216879,0.7417666082648242
1473480,2025,12,3,1,-10.032258064516128,8.533333333333333,7.28,-28.35000000000001,4,6,baseline_mid,0.7405920603584049,0.7373431021890497
1473480,2025,12,4,1,-10.032258064516128,8.454545454545455,7.342105263157894,-27.120000000000005,4,6,baseline_mid,0.7364763800261518,0.7334666440445028
1473480,2025,12,5,1,-10.032258064516128,8.511627906976745,7.324675324675324,-26.89,4,6,baseline_mid,0.7366710348719049,0.7336499161643177
1473480,2025,12,6,1,-10.032258064516128,8.714285714285714,7.23076923076923,-27.66000000000001,4,6,baseline_mid,0.7287865364134314,0.7262317228606995
1473480,2025,12,7,1,-10.032258064516128,8.926829268292682,7.139240506329113,-28.430000000000007,4,6,baseline_mid,0.7229830649504652,0.7207780728049897
1473480,2025,12,8,1,-10.032258064516128,9.149999999999999,7.050000000000001,-29.200000000000003,4,6,baseline_mid,0.711630268637859,0.7101245162676236
1473480,2025,13,1,1,-10.032258064516128,8.195121951219512,7.518987341772152,-23.430000000000007,4,6,baseline_mid,0.7851377624364697,0.7830283236146915
1473480,2025,13,2,1,-10.032258064516128,8.399999999999999,7.425000000000001,-24.200000000000003,4,6,baseline_mid,0.7798889193887414,0.7779223129385472
1473480,2025,13,3,1,-10.032258064516128,8.307692307692307,7.481481481481481,-22.969999999999985,4,6,baseline_mid,0.7878278789617452,0.7856466617898075
1473480,2025,13,4,1,-10.032258064516128,7.894736842105264,7.682926829268293,-19.74000000000001,4,6,baseline_mid,0.8401846558754902,0.8368362070640706
1473480,2025,13,5,1,-10.032258064516128,7.945945945945946,7.662650602409638,-19.50999999999999,4,6,baseline_mid,0.8399166725733007,0.8365728986268305
1473480,2025,13,6,1,-10.032258064516128,8.166666666666668,7.571428571428571,-24.900000000000006,5,5,baseline_mid,0.7293299020940512,0.7288983784635417
1473480,2025,13,7,1,-10.032258064516128,8.399999999999999,7.482352941176471,-25.541666666666657,5,5,baseline_mid,0.7147517770727856,0.7148059217342069
1473480,2025,14,1,1,-10.032258064516128,8.399999999999999,7.482352941176471,-25.541666666666657,5,5,baseline_mid,0.7212146294603645,0.7223418901940648
1473480,2025,14,2,1,-10.032258064516128,7.9411764705882355,7.674418604651163,-22.183333333333337,5,5,baseline_mid,0.761559762387261,0.7615603531958542
1473480,2025,14,3,1,-10.032258064516128,8.181818181818182,7.586206896551724,-22.825000000000017,5,5,baseline_mid,0.7488009295692704,0.7491469837593466
1473480,2025,14,4,1,-10.032258064516128,8.0625,7.636363636363637,-21.46666666666667,5,5,baseline_mid,0.7597877745843764,0.759835654172712
1473480,2025,14,5,1,-10.032258064516128,8.129032258064516,7.617977528089888,-21.10833333333335,5,5,baseline_mid,0.7641338305341749,0.7640661462379748
1473480,2025,14,6,1,-10.032258064516128,8.2,7.6,-20.75,5,5,baseline_mid,0.7602834186057561,0.760318047656944
1473480,2025,14,7,1,-10.032258064516128,8.482758620689655,7.516483516483516,-21.39166666666665,5,5,baseline_mid,0.7349780421571669,0.7357102755396779
1473480,2025,15,1,1,-10.032258064516128,8.275862068965518,7.582417582417582,-20.39166666666665,5,5,baseline_mid,0.7517985306750582,0.7536034465488582
1473480,2025,15,2,1,-10.032258064516128,8.142857142857142,7.630434782608696,-19.03333333333333,5,5,baseline_mid,0.7649227451190361,0.7664653532210364
1473480,2025,15,3,1,-10.032258064516128,8.444444444444445,7.548387096774194,-19.674999999999983,5,5,baseline_mid,0.7582966021565103,0.7599711114415001
1473480,2025,15,4,1,-10.032258064516128,7.846153846153847,7.723404255319148,-16.316666666666663,5,5,baseline_mid,0.8461638528039395,0.8462355996637215
1473480,2025,15,5,1,-10.032258064516128,7.68,7.768421052631579,-14.958333333333343,5,5,baseline_mid,0.8567703303746443,0.8566801424563897
1473480,2025,15,6,1,-10.032258064516128,7.75,7.75,-14.599999999999994,5,5,baseline_mid,0.8484672899920426,0.8485030739630444
1473480,2025,15,7,1,-10.032258064516128,7.826086956521739,7.731958762886599,-14.241666666666674,5,5,baseline_mid,0.8439491462414396,0.8440558669686993
1473480,2025,15,8,1,-10.032258064516128,7.636363636363637,7.775510204081632,-12.883333333333326,5,5,baseline_mid,0.8545166085284577,0.8544600288248935
1473482,2025,7,1,0,38.571428571428584,11.532467532467532,9.488372093023255,-50.42916666666666,3,7,baseline_mid,0.15249151860483956,0.18012760880474954
1473482,2025,7,2,0,38.571428571428584,11.605263157894736,9.409090909090908,-50.68333333333332,3,7,baseline_mid,0.15617332548352375,0.18375280734428134
1473482,2025,7,3,0,38.571428571428584,11.6,9.466666666666667,-49.9375,3,7,baseline_mid,0.16554700695042746,0.1929187743533842
1473482,2025,7,4,0,38.571428571428584,11.675675675675677,9.391304347826088,-50.19166666666668,3,7,baseline_mid,0.16238026630626895,0.18983214221033862
1473482,2025,7,5,0,38.571428571428584,11.753424657534246,9.319148936170212,-50.44583333333334,3,7,baseline_mid,0.15847171000055174,0.18600857061096238
1473482,2025,7,6,0,38.571428571428584,11.916666666666668,9.125,-51.70000000000002,3,7,baseline_mid,0.16009428243079002,0.18759775408814358
1473482,2025,8,1,0,38.571428571428584,11.746478873239436,9.428571428571429,-48.95416666666668,3,7,baseline_mid,0.1848986723210882,0.21217570779042305
1473482,2025,8,2,0,38.571428571428584,11.571428571428571,9.72,-46.20833333333333,3,7,baseline_mid,0.2163682936140576,0.24234805202235915
1473482,2025,8,3,0,38.571428571428584,11.73913043478261,9.529411764705882,-47.462500000000006,3,7,baseline_mid,0.2160168697382424,0.2420149504087736
1473482,2025,8,4,0,38.571428571428584,11.823529411764707,9.461538461538462,-47.71666666666667,3,7,baseline_mid,0.21187825152814693,0.23808600024118085
1473482,2025,8,5,0,38.571428571428584,11.91044776119403,9.39622641509434,-47.97083333333333,3,7,baseline_mid,0.20424626440703753,0.2308102808162725
1473482,2025,8,6,0,38.571428571428584,12.09090909090909,9.222222222222221,-49.224999999999994,3,7,baseline_mid,0.18442439055116439,0.21171524771255187
1473482,2025,9,1,0,38.571428571428584,11.723076923076922,9.709090909090909,-44.47916666666666,3,7,baseline_mid,0.23806607029198762,0.2743400546478849
1473482,2025,9,2,0,38.571428571428584,11.34375,10.178571428571429,-39.73333333333335,3,7,baseline_mid,0.2820136437460776,0.3145188912108983
1473482,2025,9,3,0,38.571428571428584,11.428571428571427,10.105263157894736,-39.98750000000001,3,7,baseline_mid,0.28067541782921,0.3133125769948388
1473482,2025,9,4,0,38.571428571428584,11.516129032258064,10.034482758620689,-40.241666666666674,3,7,baseline_mid,0.28665215992030624,0.318692705447472
1473482,2025,9,5,0,38.571428571428584,11.311475409836067,10.271186440677967,-37.495833333333366,3,7,baseline_mid,0.31426574451081524,0.3433168907861366
1473482,2025,9,6,0,38.571428571428584,11.3,10.299999999999999,-36.75,3,7,baseline_mid,0.32054158140789124,0.3488645056824897
1473482,2025,10,1,0,38.571428571428584,11.491525423728813,10.131147540983607,-38.00416666666666,3,7,baseline_mid,0.32513886588304075,0.3512960099293266
1473482,2025,10,2,0,38.571428571428584,11.586206896551724,10.064516129032258,-38.258333333333326,3,7,baseline_mid,0.32174384940587797,0.3481760117044915
1473482,2025,10,3,0,38.571428571428584,11.789473684210526,9.904761904761905,-39.51249999999999,3,7,baseline_mid,0.29448681860154624,0.32296405139638434
1473482,2025,10,4,0,38.571428571428584,12.0,9.75,-40.76666666666668,3,7,baseline_mid,0.2874392304717921,0.31639429704655214
1473482,2025,10,5,0,38.571428571428584,11.781818181818181,9.96923076923077,-38.02083333333334,3,7,baseline_mid,0.3183072695785316,0.3450134630231472
1473482,2025,10,6,0,38.571428571428584,11.88888888888889,9.90909090909091,-38.275000000000006,3,7,baseline_mid,0.3121539621601077,0.33933957274609694
1473482,2025,11,1,0,38.571428571428584,12.0,9.850746268656717,-38.5291666666667,3,7,baseline_mid,0.3080585254206575,0.3388633580044367
1473482,2025,11,2,0,38.571428571428584,12.23076923076923,9.705882352941178,-49.099999999999994,4,6,baseline_mid,0.19563298610444535,0.22899488813929578
1473482,2025,11,3,0,38.571428571428584,12.47058823529412,9.565217391304348,-50.17500000000001,4,6,baseline_mid,0.201489583972359,0.23491193098187654
1473482,2025,11,4,0,38.571428571428584,12.72,9.428571428571429,-51.25,4,6,baseline_mid,0.20228173264464355,0.23571027907001924
1473482,2025,11,5,0,38.571428571428584,12.857142857142858,9.380281690140844,-51.32499999999999,4,6,baseline_mid,0.19758886246974028,0.23097384046405361
1473482,2025,11,6,0,38.571428571428584,13.0,9.333333333333334,-51.400000000000006,4,6,baseline_mid,0.1997432280254799,0.23315025818063093
1473482,2025,12,1,0,38.571428571428584,13.148936170212766,9.287671232876711,-51.474999999999994,4,6,baseline_mid,0.1803635411883994,0.20369542064175605
1473482,2025,12,2,0,38.571428571428584,12.913043478260867,9.486486486486488,-48.55000000000001,4,6,baseline_mid,0.1984451873698745,0.22214567160359022
1473482,2025,12,3,0,38.571428571428584,13.200000000000001,9.36,-49.625,4,6,baseline_mid,0.17608581800325174,0.19930290437240925
1473482,2025,12,4,0,38.571428571428584,13.227272727272727,9.394736842105264,-48.70000000000002,4,6,baseline_mid,0.18218556794289648,0.20556303479704588
1473482,2025,12,5,0,38.571428571428584,13.534883720930232,9.272727272727273,-49.775000000000006,4,6,baseline_mid,0.1541562774552593,0.17660384791461498
1473482,2025,12,6,0,38.571428571428584,13.285714285714286,9.461538461538462,-46.849999999999994,4,6,baseline_mid,0.1947957519893743,0.2184364972137594
1473482,2025,13,1,0,38.571428571428584,13.463414634146343,9.417721518987342,-46.92500000000001,4,6,baseline_mid,0.1953287983114708,0.20804529182465473
1473482,2025,13,2,0,38.571428571428584,13.5,9.45,-46.0,4,6,baseline_mid,0.20735762822894288,0.22020883316622122
1473482,2025,13,3,0,38.571428571428584,13.538461538461538,9.481481481481481,-45.07499999999999,4,6,baseline_mid,0.21002269021837505,0.22289829576747877
1473482,2025,13,4,0,38.571428571428584,13.263157894736842,9.658536585365855,-42.150000000000006,4,6,baseline_mid,0.23618653468749187,0.2492035059971185
1473482,2025,13,5,0,38.571428571428584,13.45945945945946,9.6144578313253,-42.224999999999994,4,6,baseline_mid,0.2276331609766737,0.24062289828763822
1473482,2025,13,6,0,38.571428571428584,13.666666666666666,9.571428571428573,-42.30000000000001,4,6,baseline_mid,0.2182316978747783,0.23117050908818532
1473482,2025,13,7,0,38.571428571428584,14.057142857142857,9.458823529411765,-43.375,4,6,baseline_mid,0.1992262184448505,0.2119908459980448
1473482,2025,14,1,0,38.571428571428584,13.885714285714286,9.529411764705882,-42.375,4,6,baseline_mid,0.2081382283008345,0.21930847845042512
1473482,2025,14,2,0,38.571428571428584,14.294117647058822,9.41860465116279,-49.541666666666686,5,5,baseline_mid,0.1000416102693732,0.10838250485168503
1473482,2025,14,3,0,38.571428571428584,14.545454545454547,9.379310344827587,-49.4375,5,5,baseline_mid,0.10408145927435675,0.11259967062157991
1473482,2025,14,4,0,38.571428571428584,14.8125,9.340909090909092,-49.33333333333334,5,5,baseline_mid,0.09948299242193906,0.10779881416619966
1473482,2025,14,5,0,38.571428571428584,15.096774193548388,9.303370786516854,-49.22916666666666,5,5,baseline_mid,0.09244545125043169,0.10043348574399816
1473482,2025,14,6,0,38.571428571428584,15.2,9.333333333333334,-48.125,5,5,baseline_mid,0.11492072482045568,0.12388131112661532
1473482,2025,15,1,0,38.571428571428584,15.517241379310345,9.296703296703297,-48.02083333333334,5,5,baseline_mid,0.10801073427463412,0.11383265899044535
1473482,2025,15,2,0,38.571428571428584,16.07142857142857,9.195652173913043,-53.93333333333334,6,4,baseline_mid,0.04976856565203805,0.053280738403136796
1473482,2025,15,3,0,38.571428571428584,16.666666666666664,9.096774193548388,-54.650000000000006,6,4,baseline_mid,0.03307034232437822,0.03567212053363855
1473482,2025,15,4,0,38.571428571428584,17.076923076923077,9.063829787234043,-54.366666666666674,6,4,baseline_mid,0.02266284059017138,0.02460912295564463
1473482,2025,15,5,0,38.571428571428584,17.759999999999998,8.968421052631578,-59.5625,7,3,baseline_mid,0.010325818227052657,0.01136145446401208
1473482,2025,15,6,0,38.571428571428584,18.5,8.875,-64.4,8,2,baseline_mid,0.007340698021249738,0.008121780555747263
1473483,2025,7,1,1,-37.41176470588235,8.96103896103896,6.697674418604651,-41.234999999999985,3,7,baseline_mid,0.3501357562138241,0.3615696192962507
1473483,2025,7,2,1,-37.41176470588235,9.078947368421051,6.545454545454545,-42.17999999999999,3,7,baseline_mid,0.33214161640213924,0.3457685085816233
1473483,2025,7,3,1,-37.41176470588235,9.200000000000001,6.4,-43.125,3,7,baseline_mid,0.32454068070970316,0.3390679338140777
1473483,2025,7,4,1,-37.41176470588235,9.324324324324323,6.260869565217391,-44.07000000000001,3,7,baseline_mid,0.3144818497902483,0.3301743093972608
1473483,2025,7,5,1,-37.41176470588235,9.45205479452055,6.127659574468085,-45.015000000000015,3,7,baseline_mid,0.3057876710999583,0.32246129405189217
1473483,2025,7,6,1,-37.41176470588235,9.416666666666666,6.25,-43.96000000000001,3,7,baseline_mid,0.30869870250300735,0.32504660403649493
1473483,2025,8,1,1,-37.41176470588235,9.464788732394366,6.244897959183674,-43.905000000000015,3,7,baseline_mid,0.3076396603889299,0.3266306692088889
1473483,2025,8,2,1,-37.41176470588235,9.514285714285714,6.24,-43.849999999999994,3,7,baseline_mid,0.3078733311490164,0.32684182852489
1473483,2025,8,3,1,-37.41176470588235,9.565217391304348,6.23529411764706,-43.795,3,7,baseline_mid,0.30265977520483967,0.3221260094457106
1473483,2025,8,4,1,-37.41176470588235,9.617647058823529,6.230769230769232,-43.74000000000001,3,7,baseline_mid,0.3037166868080876,0.3230827915366807
1473483,2025,8,5,1,-37.41176470588235,9.671641791044776,6.226415094339623,-43.68499999999999,3,7,baseline_mid,0.3068531787286096,0.325919817346585
1473483,2025,8,6,1,-37.41176470588235,9.727272727272727,6.222222222222221,-43.629999999999995,3,7,baseline_mid,0.30427448771925214,0.32358758761722195
1473483,2025,9,1,1,-37.41176470588235,9.692307692307693,6.327272727272726,-42.575,3,7,baseline_mid,0.3157066494027596,0.34459209304645133
1473483,2025,9,2,1,-37.41176470588235,9.75,6.321428571428571,-42.52000000000001,3,7,baseline_mid,0.30731406837408815,0.3371517499588786
1473483,2025,9,3,1,-37.41176470588235,9.904761904761905,6.210526315789474,-43.465,3,7,baseline_mid,0.28823231166898877,0.32011194734135207
1473483,2025,9,4,1,-37.41176470588235,10.064516129032258,6.1034482758620685,-44.41,3,7,baseline_mid,0.2786376724276357,0.3114738086158346
1473483,2025,9,5,1,-37.41176470588235,9.836065573770492,6.40677966101695,-41.35500000000002,3,7,baseline_mid,0.3167132810606125,0.34548243001588136
1473483,2025,9,6,1,-37.41176470588235,9.899999999999999,6.4,-41.3,3,7,baseline_mid,0.3141823354324465,0.34324304599960664
1473483,2025,10,1,1,-37.41176470588235,9.966101694915254,6.39344262295082,-41.245000000000005,3,7,baseline_mid,0.3144190559687403,0.34142989220621206
1473483,2025,10,2,1,-37.41176470588235,9.517241379310345,6.870967741935484,-36.19,3,7,baseline_mid,0.3763508538680188,0.39790044368009647
1473483,2025,10,3,1,-37.41176470588235,9.68421052631579,6.761904761904762,-37.13499999999999,3,7,baseline_mid,0.37176726167614066,0.39376059818555054
1473483,2025,10,4,1,-37.41176470588235,9.75,6.75,-37.08,3,7,baseline_mid,0.37230614107793697,0.39424759323905817
1473483,2025,10,5,1,-37.41176470588235,9.927272727272728,6.6461538461538465,-38.025000000000006,3,7,baseline_mid,0.37138058432444815,0.3934111034049012
1473483,2025,10,6,1,-37.41176470588235,10.0,6.636363636363636,-37.97000000000001,3,7,baseline_mid,0.3687192495284956,0.39100459505470053
1473483,2025,11,1,1,-37.41176470588235,9.962264150943398,6.716417910447761,-36.915000000000006,3,7,baseline_mid,0.37864327085648797,0.4049022177026548
1473483,2025,11,2,1,-37.41176470588235,10.038461538461538,6.705882352941177,-36.86,3,7,baseline_mid,0.37798357693569734,0.4042924254663398
1473483,2025,11,3,1,-37.41176470588235,10.117647058823529,6.695652173913044,-36.80500000000001,3,7,baseline_mid,0.36824529970143494,0.39527633684415814
1473483,2025,11,4,1,-37.41176470588235,10.2,6.685714285714286,-36.749999999999986,3,7,baseline_mid,0.3638213700233701,0.3911712789555113
1473483,2025,11,5,1,-37.41176470588235,10.408163265306122,6.591549295774648,-37.69499999999999,3,7,baseline_mid,0.34952185296285604,0.3778608890694134
1473483,2025,11,6,1,-37.41176470588235,10.625,6.5,-38.64,3,7,baseline_mid,0.34313919575878205,0.371898241726985
1473483,2025,12,1,1,-37.41176470588235,10.72340425531915,6.493150684931507,-38.584999999999994,3,7,baseline_mid,0.3426536457756239,0.3641771385517626
1473483,2025,12,2,1,-37.41176470588235,10.956521739130434,6.405405405405405,-39.53,3,7,baseline_mid,0.32218931951501206,0.34445719581222806
1473483,2025,12,3,1,-37.41176470588235,10.4,6.8,-34.47500000000001,3,7,baseline_mid,0.38634044134439294,0.40592485296458697
1473483,2025,12,4,1,-37.41176470588235,9.818181818181818,7.184210526315789,-29.420000000000016,3,7,baseline_mid,0.4917585790048431,0.5052122308230431
1473483,2025,12,5,1,-37.41176470588235,10.046511627906977,7.090909090909092,-30.36500000000001,3,7,baseline_mid,0.44534253771454796,0.46169851615483387
1473483,2025,12,6,1,-37.41176470588235,10.0,7.153846153846153,-29.310000000000002,3,7,baseline_mid,0.4852122223923732,0.4990902429814495
1473483,2025,13,1,1,-37.41176470588235,9.951219512195122,7.215189873417721,-28.25500000000001,3,7,baseline_mid,0.4947324353521451,0.5027220486627259
1473483,2025,13,2,1,-37.41176470588235,10.05,7.199999999999999,-28.200000000000003,3,7,baseline_mid,0.48600909750955384,0.4942898775862068
1473483,2025,13,3,1,-37.41176470588235,9.384615384615385,7.555555555555555,-23.144999999999996,3,7,baseline_mid,0.5724156593649328,0.5776473976699644
1473483,2025,13,4,1,-37.41176470588235,9.473684210526315,7.536585365853659,-23.090000000000003,3,7,baseline_mid,0.5712754327591161,0.5765491508533798
1473483,2025,13,5,1,-37.41176470588235,9.567567567567567,7.518072289156627,-23.034999999999997,3,7,baseline_mid,0.5670672638972294,0.5724956700053556
1473483,2025,13,6,1,-37.41176470588235,9.666666666666668,7.5,-22.980000000000004,3,7,baseline_mid,0.5598780534637402,0.5655697470016582
1473483,2025,14,1,1,-37.41176470588235,9.771428571428572,7.482352941176471,-22.92500000000001,3,7,baseline_mid,0.5715661132279177,0.5772479223908007
1473483,2025,14,2,1,-37.41176470588235,9.882352941176471,7.465116279069767,-22.870000000000005,3,7,baseline_mid,0.5631641191233219,0.5690967678492979
1473483,2025,14,3,1,-37.41176470588235,10.0,7.448275862068966,-22.814999999999998,3,7,baseline_mid,0.5501037728176391,0.5564217183540356
1473483,2025,14,4,1,-37.41176470588235,10.125,7.431818181818182,-22.75999999999999,3,7,baseline_mid,0.543976436800964,0.5504729826800847
1473483,2025,14,5,1,-37.41176470588235,10.451612903225806,7.348314606741574,-23.704999999999984,3,7,baseline_mid,0.5087960050018635,0.5162857604760946
1473483,2025,14,6,1,-37.41176470588235,10.6,7.333333333333334,-23.650000000000006,3,7,baseline_mid,0.5072224733186519,0.5147551983932932
1473483,2025,14,7,1,-37.41176470588235,10.137931034482758,7.516483516483516,-20.595,3,7,baseline_mid,0.5771424681785562,0.5826566615545783
1473483,2025,15,1,1,-37.41176470588235,9.931034482758621,7.582417582417582,-19.595,3,7,baseline_mid,0.5886633068330793,0.5937843816395659
1473483,2025,15,2,1,-37.41176470588235,10.071428571428571,7.565217391304348,-19.539999999999992,3,7,baseline_mid,0.5721412603557661,0.5775741111537968
1473483,2025,15,3,1,-37.41176470588235,9.555555555555555,7.741935483870968,-16.485000000000014,3,7,baseline_mid,0.6219487077508143,0.6264181461126106
1473483,2025,15,4,1,-37.41176470588235,9.461538461538462,7.787234042553191,-15.430000000000007,3,7,baseline_mid,0.6559466700348175,0.6597265166324365
1473483,2025,15,5,1,-37.41176470588235,9.600000000000001,7.768421052631579,-15.375,3,7,baseline_mid,0.6515462416364091,0.6554163348433003
1473483,2025,15,6,1,-37.41176470588235,9.5,7.8125,-14.319999999999993,3,7,baseline_mid,0.6665816279491826,0.6701424916206711
1473484,2025,7,1,1,30.0,9.272727272727273,12.697674418604652,16.10833333333335,0,10,baseline_mid,0.8632879666127788,0.8258537264865486
1473484,2025,7,2,1,30.0,9.078947368421051,12.954545454545455,18.36666666666666,0,10,baseline_mid,0.8702612446184153,0.833226672974347
1473484,2025,7,3,1,30.0,8.879999999999999,13.200000000000001,20.625,0,10,baseline_mid,0.8876891160284321,0.8519951490069315
1473484,2025,7,4,1,30.0,8.837837837837839,13.173913043478262,20.88333333333334,0,10,baseline_mid,0.8900227222160232,0.8545485778810272
1473484,2025,7,5,1,30.0,8.876712328767123,13.02127659574468,20.14166666666665,0,10,baseline_mid,0.8911226521788174,0.8557556544701903
1473484,2025,7,6,1,30.0,8.5,13.5,24.39999999999999,0,10,baseline_mid,0.9064544059636956,0.8728331269912123
1473484,2025,8,1,1,30.0,8.535211267605634,13.346938775510203,23.65833333333333,0,10,baseline_mid,0.9037765701789201,0.8750904401658633
1473484,2025,8,2,1,30.0,8.657142857142857,13.080000000000002,21.91666666666667,0,10,baseline_mid,0.9020788738939322,0.8732256944553253
1473484,2025,8,3,1,30.0,8.434782608695652,13.294117647058824,24.174999999999997,0,10,baseline_mid,0.9083795135709822,0.8801743209953147
1473484,2025,8,4,1,30.0,8.470588235294118,13.153846153846155,23.433333333333337,0,10,baseline_mid,0.9085387016455015,0.8803508928683479
1473484,2025,8,5,1,30.0,8.597014925373134,12.90566037735849,21.691666666666663,0,10,baseline_mid,0.909195607082468,0.8810800769376028
1473484,2025,8,6,1,30.0,8.727272727272727,12.666666666666668,19.950000000000003,0,10,baseline_mid,0.9049393824692984,0.8763708411366932
1473484,2025,9,1,1,30.0,8.307692307692307,13.09090909090909,24.20833333333333,0,10,baseline_mid,0.9254470026856007,0.8950364367232067
1473484,2025,9,2,1,30.0,8.0625,13.285714285714286,26.46666666666667,0,10,baseline_mid,0.9338113744536531,0.9047859328976217
1473484,2025,9,3,1,30.0,7.619047619047619,13.68421052631579,30.72500000000001,0,10,baseline_mid,0.9635905124391762,0.9418008525387327
1473484,2025,9,4,1,30.0,7.35483870967742,13.862068965517242,32.98333333333335,0,10,baseline_mid,0.9740928771333988,0.9561057742732166
1473484,2025,9,5,1,30.0,7.081967213114754,14.033898305084746,35.24166666666666,0,10,baseline_mid,0.9796859764091859,0.964144519701517
1473484,2025,9,6,1,30.0,6.6000000000000005,14.399999999999999,39.5,0,10,baseline_mid,0.9840365684429988,0.9706721251260715
1473484,2025,10,1,1,30.0,6.610169491525424,14.262295081967213,38.75833333333334,0,10,baseline_mid,0.9844759277544611,0.9759163252556561
1473484,2025,10,2,1,30.0,6.1034482758620685,14.612903225806452,43.01666666666668,0,10,baseline_mid,0.9866555580625371,0.9789087550578651
1473484,2025,10,3,1,30.0,6.105263157894737,14.476190476190474,42.27499999999999,0,10,baseline_mid,0.9872409684039103,0.9797228198718358
1473484,2025,10,4,1,30.0,6.214285714285715,14.25,40.53333333333333,0,10,baseline_mid,0.9872068606574713,0.9796752610122099
1473484,2025,10,5,1,30.0,6.1090909090909085,14.215384615384615,40.79166666666666,0,10,baseline_mid,0.9872707195789356,0.9797643173121567
1473484,2025,10,6,1,30.0,6.111111111111112,14.090909090909092,40.05,0,10,baseline_mid,0.98720396012975,0.9796712173475777
1473484,2025,11,1,1,30.0,5.773584905660377,14.238805970149254,42.30833333333334,0,10,baseline_mid,0.9876195327776712,0.9822587019215615
1473484,2025,11,2,1,30.0,5.1923076923076925,14.558823529411764,46.56666666666666,0,10,baseline_mid,0.9884040392962576,0.9832712162312595
1473484,2025,11,3,1,30.0,5.176470588235294,14.434782608695652,45.825,0,10,baseline_mid,0.9884551663601635,0.9833374497078801
1473484,2025,11,4,1,30.0,5.28,14.228571428571428,44.08333333333334,0,10,baseline_mid,0.9887844645561832,0.9837647948024503
1473484,2025,11,5,1,30.0,5.387755102040816,14.028169014084508,33.807499999999976,1,9,baseline_mid,0.9891587102123484,0.9842520838118709
1473484,2025,11,6,1,30.0,5.0,14.166666666666668,36.24000000000001,1,9,baseline_mid,0.9826186999826632,0.9759481060389564
1473484,2025,12,1,1,30.0,5.1063829787234045,13.972602739726028,34.672500000000014,1,9,baseline_mid,0.9851275914209141,0.9814958972908686
1473484,2025,12,2,1,30.0,5.086956521739131,13.864864864864867,34.10499999999999,1,9,baseline_mid,0.9858212068302663,0.9823009112363047
1473484,2025,12,3,1,30.0,5.2,13.68,24.700000000000017,2,8,baseline_mid,0.9832077691408376,0.9792812965682877
1473484,2025,12,4,1,30.0,5.045454545454546,13.657894736842104,25.306666666666672,2,8,baseline_mid,0.9827728586752149,0.9787821981640099
1473484,2025,12,5,1,30.0,5.023255813953488,13.558441558441558,24.913333333333327,2,8,baseline_mid,0.9849932634857744,0.9813403080834491
1473484,2025,12,6,1,30.0,5.142857142857142,13.384615384615385,23.52000000000001,2,8,baseline_mid,0.9862930259573668,0.9828501006800586
1473484,2025,13,1,1,30.0,4.975609756097561,13.367088607594937,24.126666666666694,2,8,baseline_mid,0.9861764003853662,0.9845529196866866
1473484,2025,13,2,1,30.0,4.800000000000001,13.350000000000001,24.73333333333332,2,8,baseline_mid,0.9866699458087647,0.9850852992644054
1473484,2025,13,3,1,30.0,4.923076923076923,13.185185185185185,23.340000000000003,2,8,baseline_mid,0.9876022077038795,0.9860928955524734
1473484,2025,13,4,1,30.0,4.894736842105263,13.097560975609756,22.946666666666687,2,8,baseline_mid,0.9875465612082223,0.9860326771243493
1473484,2025,13,5,1,30.0,4.54054054054054,13.156626506024097,24.55333333333334,2,8,baseline_mid,0.9881615017607841,0.986698693168713
1473484,2025,13,6,1,30.0,4.5,13.07142857142857,24.159999999999997,2,8,baseline_mid,0.9880315812735889,0.9865578795118743
1473484,2025,14,1,1,30.0,3.942857142857143,13.200000000000001,26.76666666666668,2,8,baseline_mid,0.9879939625919882,0.9869235937381116
1473484,2025,14,2,1,30.0,4.0588235294117645,13.046511627906977,25.373333333333335,2,8,baseline_mid,0.9884870862891251,0.9874461261687948
1473484,2025,14,3,1,30.0,3.090909090909091,13.310344827586206,29.97999999999999,2,8,baseline_mid,0.9888730660103242,0.9878555666630389
1473484,2025,14,4,1,30.0,2.8125,13.295454545454545,30.586666666666673,2,8,baseline_mid,0.9889300441308655,0.987916041814501
1473484,2025,14,5,1,30.0,2.903225806451613,13.146067415730336,29.193333333333328,2,8,baseline_mid,0.9893454893747564,0.988357254363776
1473484,2025,14,6,1,30.0,2.1999999999999997,13.266666666666667,31.799999999999983,2,8,baseline_mid,0.9893741582853106,0.9883877191585559
1473484,2025,15,1,1,30.0,2.0689655172413794,13.186813186813188,31.406666666666666,2,8,baseline_mid,0.9896169780588411,0.989163872447497
1473484,2025,15,2,1,30.0,1.9285714285714288,13.108695652173914,31.01333333333332,2,8,baseline_mid,0.989618231824021,0.9891651602796326
1473484,2025,15,3,1,30.0,1.1111111111111112,13.225806451612902,33.620000000000005,2,8,baseline_mid,0.9897392580115978,0.989289486766703
1473484,2025,15,4,1,30.0,0.9230769230769231,13.148936170212766,33.22666666666666,2,8,baseline_mid,0.9898201936333009,0.9893726425758014
1473484,2025,15,5,1,30.0,-0.48,13.389473684210525,37.83333333333334,2,8,baseline_mid,0.9853529325693373,0.9847967856165721
1473485,2025,7,1,0,6.666666666666657,11.064935064935064,8.790697674418604,-49.36999999999999,3,7,baseline_mid,0.09546405775136735,0.12173668023515195
1473485,2025,7,2,0,6.666666666666657,11.210526315789474,8.590909090909092,-50.56,3,7,baseline_mid,0.09066526207980066,0.11658397166094314
1473485,2025,7,3,0,6.666666666666657,10.879999999999999,9.200000000000001,-45.75,3,7,baseline_mid,0.11611188438550674,0.14342950540485522
1473485,2025,7,4,0,6.666666666666657,10.945945945945946,9.130434782608695,-45.94,3,7,baseline_mid,0.11289071917810976,0.14009220206525752
1473485,2025,7,5,0,6.666666666666657,11.095890410958905,8.936170212765957,-47.13000000000001,3,7,baseline_mid,0.11557810592640307,0.14287759450874088
1473485,2025,7,6,0,6.666666666666657,11.166666666666668,8.875,-47.32000000000002,3,7,baseline_mid,0.11291163299225809,0.14011392232794775
1473485,2025,8,1,0,6.666666666666657,11.23943661971831,8.816326530612246,-47.51000000000002,3,7,baseline_mid,0.11385567900665196,0.14071769648861632
1473485,2025,8,2,0,6.666666666666657,11.314285714285713,8.76,-47.7,3,7,baseline_mid,0.10771915599734501,0.13425270563341538
1473485,2025,8,3,0,6.666666666666657,11.130434782608695,9.058823529411764,-44.89,3,7,baseline_mid,0.1412160256383055,0.16890327759616214
1473485,2025,8,4,0,6.666666666666657,10.941176470588236,9.346153846153847,-42.08000000000001,3,7,baseline_mid,0.14909040411589092,0.1768451017493724
1473485,2025,8,5,0,6.666666666666657,11.104477611940299,9.169811320754718,-43.269999999999996,3,7,baseline_mid,0.14576105074193765,0.17349565142588458
1473485,2025,8,6,0,6.666666666666657,10.727272727272727,9.666666666666668,-38.459999999999994,3,7,baseline_mid,0.18709889981463546,0.21430943003758035
1473485,2025,9,1,0,6.666666666666657,10.8,9.600000000000001,-38.650000000000006,3,7,baseline_mid,0.17762572256271408,0.21667422868236932
1473485,2025,9,2,0,6.666666666666657,10.875,9.535714285714285,-38.84,3,7,baseline_mid,0.17862706541926948,0.21765826510671862
1473485,2025,9,3,0,6.666666666666657,10.952380952380953,9.473684210526315,-39.03,3,7,baseline_mid,0.1667232996937161,0.20588620754983547
1473485,2025,9,4,0,6.666666666666657,11.032258064516128,9.413793103448276,-39.22,3,7,baseline_mid,0.17533341511301043,0.21441732754309947
1473485,2025,9,5,0,6.666666666666657,11.213114754098362,9.254237288135593,-40.410000000000025,3,7,baseline_mid,0.15745406323304903,0.19660152786197094
1473485,2025,9,6,0,6.666666666666657,10.8,9.7,-35.599999999999994,3,7,baseline_mid,0.20187320497803926,0.24020797376417338
1473485,2025,10,1,0,6.666666666666657,10.881355932203391,9.639344262295083,-35.79000000000002,3,7,baseline_mid,0.2088113863676646,0.24130415946470712
1473485,2025,10,2,0,6.666666666666657,10.655172413793103,9.870967741935484,-32.97999999999999,3,7,baseline_mid,0.23667927578801276,0.2683404650367132
1473485,2025,10,3,0,6.666666666666657,10.842105263157896,9.714285714285715,-34.16999999999999,3,7,baseline_mid,0.21923544380103996,0.2514793130289719
1473485,2025,10,4,0,6.666666666666657,10.928571428571429,9.65625,-34.360000000000014,3,7,baseline_mid,0.21453996141023307,0.2469055738115442
1473485,2025,10,5,0,6.666666666666657,10.690909090909091,9.876923076923077,-31.55000000000001,3,7,baseline_mid,0.26171783633784784,0.29221636894720115
1473485,2025,10,6,0,6.666666666666657,10.777777777777779,9.818181818181818,-31.74000000000001,3,7,baseline_mid,0.2568065195595528,0.28756117729911235
1473485,2025,11,1,0,6.666666666666657,10.754716981132075,9.850746268656717,-30.930000000000007,3,7,baseline_mid,0.26627363955512523,0.2988402003711978
1473485,2025,11,2,0,6.666666666666657,10.5,10.058823529411764,-28.120000000000005,3,7,baseline_mid,0.3091449817280931,0.33989362920245697
1473485,2025,11,3,0,6.666666666666657,10.588235294117647,10.0,-28.310000000000002,3,7,baseline_mid,0.3099239531456003,0.34063201757630307
1473485,2025,11,4,0,6.666666666666657,10.8,9.857142857142858,-29.49999999999997,3,7,baseline_mid,0.3105616290756876,0.34123628650798044
1473485,2025,11,5,0,6.666666666666657,10.89795918367347,9.802816901408452,-29.689999999999998,3,7,baseline_mid,0.3024310620579911,0.3335190288473462
1473485,2025,11,6,0,6.666666666666657,11.0,9.75,-29.879999999999995,3,7,baseline_mid,0.2711825310059889,0.3035852538999458
1473485,2025,11,7,0,6.666666666666657,11.23404255319149,9.616438356164384,-31.069999999999993,3,7,baseline_mid,0.2536406963170651,0.28657078893444576
1473485,2025,11,8,0,6.666666666666657,10.956521739130434,9.81081081081081,-28.25999999999999,3,7,baseline_mid,0.3059395835991067,0.3368525867219975
1473485,2025,12,1,0,6.666666666666657,10.595744680851064,10.027397260273972,-26.069999999999993,3,7,baseline_mid,0.3441165192762401,0.36558250671374687
1473485,2025,12,2,0,6.666666666666657,10.695652173913043,9.972972972972972,-26.25999999999999,3,7,baseline_mid,0.3335694794957691,0.3554374870611274
1473485,2025,12,3,0,6.666666666666657,10.8,9.92,-26.450000000000017,3,7,baseline_mid,0.33924500724142587,0.3609003330500235
1473485,2025,12,4,0,6.666666666666657,11.045454545454545,9.789473684210526,-27.640000000000015,3,7,baseline_mid,0.3108555353944473,0.333484703453722
1473485,2025,12,5,0,6.666666666666657,11.162790697674419,9.74025974025974,-27.830000000000013,3,7,baseline_mid,0.29717121377612843,0.3201844633585364
1473485,2025,12,6,0,6.666666666666657,10.857142857142858,9.923076923076923,-25.02000000000001,3,7,baseline_mid,0.3452541754988802,0.36667506084595214
1473485,2025,12,7,0,6.666666666666657,10.975609756097562,9.873417721518988,-25.210000000000008,3,7,baseline_mid,0.34528722636671605,0.3667067964597048
1473485,2025,13,1,0,6.666666666666657,10.097560975609756,10.329113924050633,-19.210000000000008,3,7,baseline_mid,0.42257474646209864,0.43280073046476764
1473485,2025,13,2,0,6.666666666666657,10.350000000000001,10.2,-27.200000000000017,4,6,baseline_mid,0.3108296496527547,0.3234114466977623
1473485,2025,13,3,0,6.666666666666657,10.615384615384615,10.074074074074073,-28.22,4,6,baseline_mid,0.3042081635411484,0.3168720683124274
1473485,2025,13,4,0,6.666666666666657,10.736842105263158,10.024390243902438,-28.24000000000001,4,6,baseline_mid,0.2928285366440682,0.3056154037141187
1473485,2025,13,5,0,6.666666666666657,10.864864864864865,9.975903614457831,-28.25999999999999,4,6,baseline_mid,0.3059172100195855,0.31856065174080705
1473485,2025,13,6,0,6.666666666666657,11.166666666666668,9.857142857142858,-35.400000000000006,5,5,baseline_mid,0.16222172241688368,0.1743416547481086
1473485,2025,14,1,0,6.666666666666657,11.314285714285713,9.811764705882354,-35.25,5,5,baseline_mid,0.1796178604724869,0.19037271584396162
1473485,2025,14,2,0,6.666666666666657,11.470588235294118,9.767441860465116,-35.10000000000002,5,5,baseline_mid,0.15953740626822294,0.16987322361239368
1473485,2025,14,3,0,6.666666666666657,11.818181818181818,9.655172413793103,-35.95000000000002,5,5,baseline_mid,0.15992010359893225,0.17026496804335156
1473485,2025,14,4,0,6.666666666666657,12.0,9.613636363636363,-35.80000000000001,5,5,baseline_mid,0.15885988726456937,0.16917958288647122
1473485,2025,14,5,0,6.666666666666657,12.387096774193548,9.50561797752809,-36.650000000000006,5,5,baseline_mid,0.14481840765672152,0.15477291324531414
1473485,2025,14,6,0,6.666666666666657,12.600000000000001,9.466666666666667,-36.5,5,5,baseline_mid,0.14893371302668026,0.15900151568133758
1473485,2025,14,7,0,6.666666666666657,12.206896551724137,9.626373626373628,-33.349999999999994,5,5,baseline_mid,0.16136922002972934,0.1717479561135969
1473485,2025,15,1,0,6.666666666666657,12.206896551724137,9.626373626373628,-33.349999999999994,5,5,baseline_mid,0.19322027660762778,0.2009083143410993
1473485,2025,15,2,0,6.666666666666657,12.642857142857142,9.521739130434781,-38.95999999999998,6,4,baseline_mid,0.07057694060719677,0.07504477659586745
1473485,2025,15,3,0,6.666666666666657,13.11111111111111,9.419354838709676,-39.640000000000015,6,4,baseline_mid,0.05876321861369383,0.06270970962116737
1473485,2025,15,4,0,6.666666666666657,13.615384615384615,9.319148936170212,-40.31999999999999,6,4,baseline_mid,0.04995769478808406,0.05347936553926969
1473485,2025,15,5,0,6.666666666666657,13.919999999999998,9.284210526315789,-40.0,6,4,baseline_mid,0.05490676412294652,0.05867128510805903
1473485,2025,15,6,0,6.666666666666657,14.25,9.25,-39.67999999999998,6,4,baseline_mid,0.04912626170069209,0.05260605499869742
1473486,2025,7,1,1,26.28125,10.441558441558442,7.953488372093023,-23.27499999999999,1,9,baseline_mid,0.5846705839725126,0.5647986863336872
1473486,2025,7,2,1,26.28125,10.263157894736842,8.318181818181818,-20.700000000000003,1,9,baseline_mid,0.6430439877714396,0.6162340375269298
1473486,2025,7,3,1,26.28125,10.32,8.266666666666666,-21.125,1,9,baseline_mid,0.6364144444231341,0.6103439580459769
1473486,2025,7,4,1,26.28125,10.378378378378379,8.217391304347826,-21.549999999999997,1,9,baseline_mid,0.6326906617975854,0.6070416550642574
1473486,2025,7,5,1,26.28125,10.438356164383562,8.170212765957446,-21.97500000000001,1,9,baseline_mid,0.6262088484755444,0.6013035830918237
1473486,2025,7,6,1,26.28125,10.25,8.5,-19.39999999999999,1,9,baseline_mid,0.6526760819440118,0.6248178605240947
1473486,2025,8,1,1,26.28125,10.394366197183098,8.326530612244898,-20.825000000000003,1,9,baseline_mid,0.6421823969962865,0.6220569510085466
1473486,2025,8,2,1,26.28125,10.457142857142857,8.28,-21.25,1,9,baseline_mid,0.6365387001466571,0.6170078090870017
1473486,2025,8,3,1,26.28125,10.26086956521739,8.588235294117647,-18.67500000000001,1,9,baseline_mid,0.6676505588831992,0.6449569368934385
1473486,2025,8,4,1,26.28125,9.882352941176471,9.115384615384615,-14.099999999999994,1,9,baseline_mid,0.7141273503440988,0.6873318887906994
1473486,2025,8,5,1,26.28125,9.940298507462686,9.056603773584907,-14.524999999999991,1,9,baseline_mid,0.7078942417990379,0.6815981370842749
1473486,2025,8,6,1,26.28125,10.0,9.0,-14.949999999999974,1,9,baseline_mid,0.704781534137336,0.6787411703642868
1473486,2025,9,1,1,26.28125,10.153846153846153,8.836363636363636,-16.374999999999986,1,9,baseline_mid,0.6959089196212871,0.6709192344450304
1473486,2025,9,2,1,26.28125,10.21875,8.785714285714285,-16.799999999999997,1,9,baseline_mid,0.6862202612672959,0.662384640670286
1473486,2025,9,3,1,26.28125,10.380952380952381,8.631578947368421,-18.224999999999994,1,9,baseline_mid,0.6923160598068518,0.6677498021652992
1473486,2025,9,4,1,26.28125,10.451612903225806,8.586206896551724,-18.64999999999999,1,9,baseline_mid,0.6918886950758498,0.6673731642109233
1473486,2025,9,5,1,26.28125,10.22950819672131,8.847457627118644,-16.075000000000003,1,9,baseline_mid,0.7111471253994603,0.6844247276083905
1473486,2025,9,6,1,26.28125,10.299999999999999,8.799999999999999,-16.500000000000014,1,9,baseline_mid,0.698300991771357,0.6730324483444399
1473486,2025,10,1,1,26.28125,10.372881355932204,8.754098360655739,-16.924999999999997,1,9,baseline_mid,0.6926546641468507,0.679376879003049
1473486,2025,10,2,1,26.28125,10.448275862068966,8.70967741935484,-17.349999999999994,1,9,baseline_mid,0.6902847033063071,0.6772333844077033
1473486,2025,10,3,1,26.28125,10.0,9.142857142857142,-12.775000000000006,1,9,baseline_mid,0.7316269334764313,0.7148820542453841
1473486,2025,10,4,1,26.28125,10.178571428571429,9.0,-14.199999999999989,1,9,baseline_mid,0.7298593642255667,0.713260142121666
1473486,2025,10,5,1,26.28125,10.254545454545454,8.953846153846154,-14.625,1,9,baseline_mid,0.7304441521217326,0.7137966067783756
1473486,2025,10,6,1,26.28125,10.333333333333334,8.90909090909091,-15.049999999999997,1,9,baseline_mid,0.7272904314528577,0.7109050383986286
1473486,2025,10,7,1,26.28125,10.075471698113208,9.134328358208954,-12.475000000000009,1,9,baseline_mid,0.7416416690804181,0.7240949466968661
1473486,2025,11,1,1,26.28125,9.962264150943398,9.223880597014926,-11.475000000000009,1,9,baseline_mid,0.7469521612192684,0.738611460756253
1473486,2025,11,2,1,26.28125,10.153846153846153,9.088235294117647,-12.899999999999991,1,9,baseline_mid,0.7372309641889698,0.7296646614313688
1473486,2025,11,3,1,26.28125,10.235294117647058,9.043478260869566,-13.324999999999989,1,9,baseline_mid,0.7335951938000469,0.7263255429152519
1473486,2025,11,4,1,26.28125,10.32,9.0,-13.75,1,9,baseline_mid,0.7259518197565358,0.7193175600839067
1473486,2025,11,5,1,26.28125,10.408163265306122,8.95774647887324,-14.175000000000011,1,9,baseline_mid,0.7299385233970412,0.7229709049323063
1473486,2025,11,6,1,26.28125,10.5,8.916666666666668,-14.59999999999998,1,9,baseline_mid,0.725892293703383,0.7192630428923733
1473486,2025,12,1,1,26.28125,10.72340425531915,8.794520547945206,-16.02499999999999,1,9,baseline_mid,0.7252254122025242,0.7228846170380043
1473486,2025,12,2,1,26.28125,10.826086956521738,8.756756756756756,-16.450000000000003,1,9,baseline_mid,0.6970984937652845,0.6965136823334543
1473486,2025,12,3,1,26.28125,10.933333333333334,8.72,-16.875,1,9,baseline_mid,0.6898193872132072,0.689705589343254
1473486,2025,12,4,1,26.28125,10.363636363636363,9.078947368421051,-12.300000000000011,1,9,baseline_mid,0.7487907121762398,0.7450746112266426
1473486,2025,12,5,1,26.28125,10.465116279069768,9.03896103896104,-12.724999999999994,1,9,baseline_mid,0.7450560743320137,0.7415511730854724
1473486,2025,12,6,1,26.28125,10.714285714285715,8.923076923076923,-20.799999999999983,2,8,baseline_mid,0.6605279513296873,0.6623630556327784
1473486,2025,13,1,1,26.28125,10.829268292682928,8.886075949367088,-21.066666666666663,2,8,baseline_mid,0.6992786144202042,0.6998640523069012
1473486,2025,13,2,1,26.28125,10.95,8.850000000000001,-21.333333333333343,2,8,baseline_mid,0.6758283860534078,0.6772439724173321
1473486,2025,13,3,1,26.28125,10.307692307692307,9.185185185185185,-16.599999999999994,2,8,baseline_mid,0.7418091838615031,0.7409753139258236
1473486,2025,13,4,1,26.28125,10.263157894736842,9.21951219512195,-15.866666666666646,2,8,baseline_mid,0.7598650398277201,0.7584744922588589
1473486,2025,13,5,1,26.28125,9.891891891891891,9.397590361445783,-13.133333333333326,2,8,baseline_mid,0.7751730947088802,0.7733378400361585
1473486,2025,13,6,1,26.28125,10.0,9.357142857142858,-13.400000000000006,2,8,baseline_mid,0.7813164121409901,0.7793106032144478
1473486,2025,14,1,1,26.28125,10.114285714285714,9.31764705882353,-13.666666666666657,2,8,baseline_mid,0.7749310225820292,0.7745826464560047
1473486,2025,14,2,1,26.28125,9.705882352941178,9.488372093023255,-10.933333333333337,2,8,baseline_mid,0.8012166280621253,0.8002288873654346
1473486,2025,14,3,1,26.28125,10.0,9.379310344827587,-17.42500000000001,3,7,baseline_mid,0.7139783650117827,0.7153169392270005
1473486,2025,14,4,1,26.28125,10.3125,9.272727272727273,-18.53333333333333,3,7,baseline_mid,0.7048013264004656,0.7064110049942612
1473486,2025,14,5,1,26.28125,10.451612903225806,9.235955056179776,-18.64166666666665,3,7,baseline_mid,0.7031872006835636,0.7048448918013483
1473486,2025,14,6,1,26.28125,10.4,9.266666666666667,-17.75,3,7,baseline_mid,0.7395881599131221,0.7401903330616634
1473486,2025,15,1,1,26.28125,9.517241379310345,9.56043956043956,-12.85833333333332,3,7,baseline_mid,0.7865070817426244,0.7876291945597469
1473486,2025,15,2,1,26.28125,9.857142857142858,9.456521739130434,-13.966666666666669,3,7,baseline_mid,0.782543006830068,0.783741156930792
1473486,2025,15,3,1,26.28125,10.0,9.419354838709676,-14.075000000000017,3,7,baseline_mid,0.7798650779159036,0.781114920015055
1473486,2025,15,4,1,26.28125,10.153846153846153,9.382978723404255,-14.183333333333337,3,7,baseline_mid,0.782686361243357,0.7838817514347649
1473486,2025,15,5,1,26.28125,10.08,9.410526315789474,-13.291666666666657,3,7,baseline_mid,0.7786316307670327,0.7799053669719201
1473486,2025,15,6,1,26.28125,10.25,9.375,-13.400000000000006,3,7,baseline_mid,0.7774193594335959,0.7787166304242379
1473487,2025,7,1,0,35.69230769230768,12.0,8.930232558139535,-97.30333333333331,6,4,baseline_mid,0.010835939498007811,0.019228497722594926
1473487,2025,7,2,0,35.69230769230768,12.157894736842104,8.727272727272727,-98.02666666666664,6,4,baseline_mid,0.011220650806416035,0.019811378991090912
1473487,2025,7,3,0,35.69230769230768,12.32,8.533333333333333,-98.75,6,4,baseline_mid,0.010462050878883519,0.018659036975276863
1473487,2025,7,4,0,35.69230769230768,12.486486486486488,8.347826086956522,-99.47333333333333,6,4,baseline_mid,0.009705158621210406,0.01749676424872535
1473487,2025,7,5,0,35.69230769230768,12.575342465753424,8.297872340425533,-99.19666666666669,6,4,baseline_mid,0.00941985567161184,0.017055195208318524
1473487,2025,7,6,0,35.69230769230768,12.666666666666668,8.25,-98.92000000000002,6,4,baseline_mid,0.009225264084043908,0.01675288311645364
1473487,2025,8,1,0,35.69230769230768,12.760563380281688,8.204081632653061,-98.64333333333332,6,4,baseline_mid,0.008615710857342328,0.015267339070849364
1473487,2025,8,2,0,35.69230769230768,12.857142857142858,8.16,-98.36666666666665,6,4,baseline_mid,0.008522140990233665,0.015123096095025507
1473487,2025,8,3,0,35.69230769230768,12.521739130434781,8.705882352941176,-93.09,6,4,baseline_mid,0.010575343890805817,0.018242890455208587
1473487,2025,8,4,0,35.69230769230768,12.617647058823529,8.653846153846153,-92.81333333333333,6,4,baseline_mid,0.010337578089778608,0.01788616555658797
1473487,2025,8,5,0,35.69230769230768,12.71641791044776,8.60377358490566,-92.53666666666666,6,4,baseline_mid,0.009377727758731346,0.016434343045694272
1473487,2025,8,6,0,35.69230769230768,12.909090909090908,8.444444444444445,-105.195,7,3,baseline_mid,0.0058199696416734534,0.010852596600513593
1473487,2025,9,1,0,35.69230769230768,13.107692307692307,8.290909090909091,-105.73750000000001,7,3,baseline_mid,0.005731758422379311,0.012723258355320927
1473487,2025,9,2,0,35.69230769230768,13.3125,8.142857142857142,-106.28,7,3,baseline_mid,0.005589631053666691,0.012457603636208148
1473487,2025,9,3,0,35.69230769230768,13.142857142857144,8.421052631578947,-102.82250000000002,7,3,baseline_mid,0.0058070179699584905,0.012863487770745518
1473487,2025,9,4,0,35.69230769230768,13.258064516129032,8.379310344827587,-102.36499999999998,7,3,baseline_mid,0.005904223482176737,0.013044166270667647
1473487,2025,9,5,0,35.69230769230768,13.475409836065573,8.23728813559322,-102.9075,7,3,baseline_mid,0.0056861619525193086,0.01263815202741414
1473487,2025,9,6,0,35.69230769230768,13.6,8.2,-102.44999999999999,7,3,baseline_mid,0.005555924194298868,0.012394438832622028
1473487,2025,10,1,0,35.69230769230768,13.830508474576272,8.065573770491802,-102.9925,7,3,baseline_mid,0.005653302375005963,0.01056984611049455
1473487,2025,10,2,0,35.69230769230768,14.068965517241377,7.935483870967742,-103.535,7,3,baseline_mid,0.005633008341670467,0.010536452657265246
1473487,2025,10,3,0,35.69230769230768,14.315789473684209,7.80952380952381,-104.07750000000001,7,3,baseline_mid,0.006030982603175347,0.011188663291501044
1473487,2025,10,4,0,35.69230769230768,14.142857142857142,8.0625,-100.62,7,3,baseline_mid,0.005991137745350546,0.011123610767149999
1473487,2025,10,5,0,35.69230769230768,14.399999999999999,7.938461538461539,-101.16250000000002,7,3,baseline_mid,0.005867151439833943,0.01092083953544664
1473487,2025,10,6,0,35.69230769230768,14.555555555555557,7.909090909090908,-100.70499999999998,7,3,baseline_mid,0.005779314833578602,0.010776867310637248
1473487,2025,11,1,0,35.69230769230768,14.830188679245284,7.791044776119403,-110.83166666666665,8,2,baseline_mid,0.003965656704971692,0.007209038027471462
1473487,2025,11,2,0,35.69230769230768,15.115384615384615,7.6764705882352935,-111.19333333333333,8,2,baseline_mid,0.002558136719188983,0.004858808744580033
1473487,2025,11,3,0,35.69230769230768,15.176470588235293,7.739130434782608,-109.555,8,2,baseline_mid,0.003517080600253715,0.006471063949118275
1473487,2025,11,4,0,35.69230769230768,15.24,7.800000000000001,-107.91666666666666,8,2,baseline_mid,0.0035213400666992923,0.006478115118060128
1473487,2025,11,5,0,35.69230769230768,15.551020408163264,7.690140845070423,-117.13916666666668,9,1,baseline_mid,0.002442299073757417,0.0046602474351653345
1473487,2025,11,6,0,35.69230769230768,15.875,7.583333333333333,-117.32,9,1,baseline_mid,0.0018274684673936208,0.0035889758747502127
1473487,2025,12,1,0,35.69230769230768,16.212765957446805,7.479452054794521,-117.50083333333333,9,1,baseline_mid,0.0016747225357540679,0.0026741775257763663
1473487,2025,12,2,0,35.69230769230768,15.782608695652176,7.864864864864865,-111.68166666666667,9,1,baseline_mid,0.0017857298384931,0.0028393314108038346
1473487,2025,12,3,0,35.69230769230768,15.333333333333332,8.24,-105.86250000000001,9,1,baseline_mid,0.003647852907279982,0.00553047904385869
1473487,2025,12,4,0,35.69230769230768,15.681818181818183,8.131578947368421,-106.04333333333335,9,1,baseline_mid,0.0034257717590147406,0.005215696334294339
1473487,2025,12,5,0,35.69230769230768,15.906976744186046,8.103896103896105,-105.22416666666666,9,1,baseline_mid,0.0024343989318345166,0.003791860388554433
1473487,2025,12,6,0,35.69230769230768,16.285714285714285,8.0,-105.405,9,1,baseline_mid,0.0016999265526764062,0.0027117382277791376
1473487,2025,13,1,0,35.69230769230768,16.68292682926829,7.898734177215189,-105.58583333333334,9,1,baseline_mid,0.0016737594535207545,0.002141309553081256
1473487,2025,13,2,0,35.69230769230768,16.950000000000003,7.875,-104.76666666666668,9,1,baseline_mid,0.0016559763384304245,0.0021193324922236735
1473487,2025,13,3,0,35.69230769230768,17.23076923076923,7.851851851851852,-103.94750000000002,9,1,baseline_mid,0.0015680302040446804,0.002010523521282858
1473487,2025,13,4,0,35.69230769230768,17.05263157894737,8.048780487804878,-100.12833333333333,9,1,baseline_mid,0.0017070980700565205,0.0021824890183993555
1473487,2025,13,5,0,35.69230769230768,17.351351351351354,8.024096385542169,-99.30916666666667,9,1,baseline_mid,0.0016531480648630194,0.0021158364526064144
1473487,2025,13,6,0,35.69230769230768,17.833333333333336,7.928571428571429,-99.48999999999998,9,1,baseline_mid,0.0016386649135677269,0.0020979305264414456
1473487,2025,14,1,0,35.69230769230768,18.17142857142857,7.905882352941177,-98.67083333333332,9,1,baseline_mid,0.0016575670421623452,0.0020264407980954465
1473487,2025,14,2,0,35.69230769230768,18.529411764705884,7.883720930232558,-97.85166666666666,9,1,baseline_mid,0.0016194985053747187,0.0019811418289478085
1473487,2025,14,3,0,35.69230769230768,19.09090909090909,7.793103448275863,-98.0325,9,1,baseline_mid,0.0016900550795730547,0.0020650768752246184
1473487,2025,14,4,0,35.69230769230768,19.6875,7.704545454545455,-98.21333333333334,9,1,baseline_mid,0.0016894652798478708,0.0020643756436294768
1473487,2025,14,5,0,35.69230769230768,20.322580645161292,7.617977528089888,-98.39416666666665,9,1,baseline_mid,0.0018131262216707965,0.002211257313135298
1473487,2025,14,6,0,35.69230769230768,21.0,7.533333333333333,-98.57499999999999,9,1,baseline_mid,0.0020298418967519467,0.0024680173595308047
1473487,2025,15,1,0,35.69230769230768,21.724137931034484,7.450549450549451,-98.75583333333333,9,1,baseline_mid,0.0022972399299792338,0.002588825730125932
1473487,2025,15,2,0,35.69230769230768,22.5,7.369565217391304,-98.93666666666667,9,1,baseline_mid,0.002574962113240905,0.0028966267976790806
1473487,2025,15,3,0,35.69230769230768,23.11111111111111,7.35483870967742,-98.1175,9,1,baseline_mid,0.002727185507546375,0.003065108829123
1473487,2025,15,4,0,35.69230769230768,23.76923076923077,7.340425531914893,-97.29833333333332,9,1,baseline_mid,0.0028486913281761737,0.003199484339889872
1473487,2025,15,5,0,35.69230769230768,24.48,7.326315789473684,-96.47916666666666,9,1,baseline_mid,0.0028486641278522634,0.00319945426894451
1473487,2025,15,6,0,35.69230769230768,25.25,7.3125,-95.66,9,1,baseline_mid,0.0027585072870294717,0.003099757135165522
1473488,2025,7,1,0,42.678571428571416,12.545454545454545,8.930232558139535,-30.64,1,9,baseline_mid,0.13578034986137288,0.1634804820035048
1473488,2025,7,2,0,42.678571428571416,12.394736842105264,9.272727272727273,-28.320000000000007,1,9,baseline_mid,0.15270284692849448,0.18033608292491973
1473488,2025,7,3,0,42.678571428571416,12.400000000000002,9.333333333333334,-28.0,1,9,baseline_mid,0.1583057425191323,0.18584586531938818
1473488,2025,7,4,0,42.678571428571416,12.567567567567568,9.130434782608695,-29.679999999999993,1,9,baseline_mid,0.15000705187286761,0.17767302621904763
1473488,2025,7,5,0,42.678571428571416,12.493150684931507,9.319148936170212,-28.36,1,9,baseline_mid,0.16570751416621848,0.19307495829975613
1473488,2025,7,6,0,42.678571428571416,12.583333333333334,9.25,-29.039999999999992,1,9,baseline_mid,0.1583025082708428,0.18584269435860534
1473488,2025,8,1,0,42.678571428571416,12.676056338028168,9.183673469387754,-29.72,1,9,baseline_mid,0.1567461127170796,0.18450222081215711
1473488,2025,8,2,0,42.678571428571416,12.771428571428572,9.120000000000001,-30.39999999999999,1,9,baseline_mid,0.15826735975145334,0.18601656320052296
1473488,2025,8,3,0,42.678571428571416,12.956521739130434,8.941176470588236,-32.08000000000001,1,9,baseline_mid,0.14398022215964557,0.17169904965158436
1473488,2025,8,4,0,42.678571428571416,13.058823529411764,8.884615384615385,-32.75999999999999,1,9,baseline_mid,0.1419512167830878,0.1696477182267096
1473488,2025,8,5,0,42.678571428571416,13.164179104477611,8.830188679245282,-33.43999999999998,1,9,baseline_mid,0.13804017665783752,0.16568026083883913
1473488,2025,8,6,0,42.678571428571416,13.272727272727272,8.777777777777779,-34.119999999999976,1,9,baseline_mid,0.12551382333728645,0.1528478926691429
1473488,2025,8,7,0,42.678571428571416,13.384615384615385,8.727272727272727,-34.79999999999998,1,9,baseline_mid,0.11616802138394534,0.14313904995905935
1473488,2025,9,1,0,42.678571428571416,13.384615384615385,8.727272727272727,-34.79999999999998,1,9,baseline_mid,0.11600950708375714,0.15357863371085867
1473488,2025,9,2,0,42.678571428571416,13.40625,8.785714285714285,-34.480000000000004,1,9,baseline_mid,0.12283484567920586,0.16085687564353285
1473488,2025,9,3,0,42.678571428571416,13.619047619047619,8.631578947368421,-47.91999999999999,2,8,baseline_mid,0.06390129552202996,0.09449716160712815
1473488,2025,9,4,0,42.678571428571416,13.741935483870968,8.586206896551724,-48.41333333333333,2,8,baseline_mid,0.07341573455525113,0.10585319392161605
1473488,2025,9,5,0,42.678571428571416,13.868852459016395,8.542372881355933,-48.90666666666664,2,8,baseline_mid,0.07618450702043039,0.10910107897750755
1473488,2025,9,6,0,42.678571428571416,14.0,8.5,-49.400000000000006,2,8,baseline_mid,0.06882091791554315,0.10040825828133532
1473488,2025,10,1,0,42.678571428571416,14.23728813559322,8.360655737704917,-50.893333333333345,2,8,baseline_mid,0.061602338338585985,0.08503039803489325
1473488,2025,10,2,0,42.678571428571416,14.379310344827587,8.322580645161292,-51.386666666666656,2,8,baseline_mid,0.056262091901532266,0.07863175916618066
1473488,2025,10,3,0,42.678571428571416,14.0,8.761904761904761,-46.879999999999995,2,8,baseline_mid,0.08939311885118174,0.11711402626158428
1473488,2025,10,4,0,42.678571428571416,14.142857142857142,8.71875,-47.373333333333335,2,8,baseline_mid,0.08438032522190103,0.11145811562234309
1473488,2025,10,5,0,42.678571428571416,13.745454545454546,9.138461538461538,-42.866666666666674,2,8,baseline_mid,0.10731071908479081,0.13694093711438438
1473488,2025,10,6,0,42.678571428571416,13.88888888888889,9.09090909090909,-43.359999999999985,2,8,baseline_mid,0.10367963316644048,0.1329686365468629
1473488,2025,11,1,0,42.678571428571416,14.150943396226417,8.955223880597016,-44.85333333333335,2,8,baseline_mid,0.09360461130925371,0.1205717765776447
1473488,2025,11,2,0,42.678571428571416,14.307692307692307,8.911764705882353,-45.346666666666664,2,8,baseline_mid,0.09033513392426845,0.11687502319029454
1473488,2025,11,3,0,42.678571428571416,13.882352941176471,9.304347826086957,-40.839999999999975,2,8,baseline_mid,0.1368933523672623,0.1680072563924362
1473488,2025,11,4,0,42.678571428571416,14.16,9.17142857142857,-42.333333333333314,2,8,baseline_mid,0.12786129592355594,0.1583162261618012
1473488,2025,11,5,0,42.678571428571416,14.326530612244898,9.126760563380282,-42.826666666666654,2,8,baseline_mid,0.12286048855767143,0.15290773071955235
1473488,2025,11,6,0,42.678571428571416,14.5,9.083333333333332,-43.31999999999999,2,8,baseline_mid,0.11110409038008924,0.14006360519127795
1473488,2025,12,1,0,42.678571428571416,14.680851063829786,9.04109589041096,-43.81333333333333,2,8,baseline_mid,0.10365656504431964,0.12295979912156353
1473488,2025,12,2,0,42.678571428571416,14.478260869565219,9.243243243243244,-41.30666666666667,2,8,baseline_mid,0.12469453979714455,0.14556978614532273
1473488,2025,12,3,0,42.678571428571416,14.0,9.600000000000001,-36.79999999999998,2,8,baseline_mid,0.16400816449127376,0.1868401915447541
1473488,2025,12,4,0,42.678571428571416,14.181818181818183,9.552631578947368,-37.29333333333332,2,8,baseline_mid,0.15851210511251831,0.18113774262429885
1473488,2025,12,5,0,42.678571428571416,14.372093023255813,9.506493506493507,-37.78666666666669,2,8,baseline_mid,0.13978209315261494,0.1615461197996569
1473488,2025,12,6,0,42.678571428571416,14.57142857142857,9.461538461538462,-38.28,2,8,baseline_mid,0.14109686365502608,0.16292977407259393
1473488,2025,13,1,0,42.678571428571416,14.926829268292682,9.341772151898734,-39.77333333333331,2,8,baseline_mid,0.1254529403777938,0.1364572804788443
1473488,2025,13,2,0,42.678571428571416,15.149999999999999,9.3,-40.26666666666668,2,8,baseline_mid,0.1185475436182326,0.12928016247608098
1473488,2025,13,3,0,42.678571428571416,15.384615384615387,9.25925925925926,-40.75999999999999,2,8,baseline_mid,0.09767885061695439,0.1074509860204594
1473488,2025,13,4,0,42.678571428571416,15.631578947368421,9.21951219512195,-41.25333333333333,2,8,baseline_mid,0.09338560325478812,0.1029318191683263
1473488,2025,13,5,0,42.678571428571416,15.891891891891891,9.180722891566266,-41.74666666666667,2,8,baseline_mid,0.07358771332569536,0.08194858603706817
1473488,2025,13,6,0,42.678571428571416,16.333333333333336,9.071428571428571,-43.24000000000001,2,8,baseline_mid,0.06922246330946111,0.07728691162513578
1473488,2025,14,1,0,42.678571428571416,16.628571428571426,9.035294117647059,-43.73333333333332,2,8,baseline_mid,0.06151222640880628,0.06776243006735905
1473488,2025,14,2,0,42.678571428571416,16.941176470588236,9.0,-44.22666666666666,2,8,baseline_mid,0.05577169757938695,0.06163684938529425
1473488,2025,14,3,0,42.678571428571416,16.727272727272727,9.172413793103448,-41.72,2,8,baseline_mid,0.06078392486024779,0.06698650997995853
1473488,2025,14,4,0,42.678571428571416,17.0625,9.136363636363637,-42.21333333333331,2,8,baseline_mid,0.052905786342766305,0.05857004355559395
1473488,2025,14,5,0,42.678571428571416,17.41935483870968,9.101123595505618,-42.70666666666668,2,8,baseline_mid,0.051066183242355866,0.05659828217274114
1473488,2025,14,6,0,42.678571428571416,17.2,9.266666666666667,-40.20000000000002,2,8,baseline_mid,0.06297498354641223,0.0693197801155531
1473488,2025,14,7,0,42.678571428571416,17.793103448275865,9.164835164835164,-47.106666666666655,3,7,baseline_mid,0.029143647166552374,0.032872302268855236
1473488,2025,15,1,0,42.678571428571416,17.586206896551722,9.230769230769232,-46.106666666666655,3,7,baseline_mid,0.039726479853808117,0.04270931040337653
1473488,2025,15,2,0,42.678571428571416,18.0,9.195652173913043,-46.41333333333333,3,7,baseline_mid,0.03251994231491201,0.03508899415450843
1473488,2025,15,3,0,42.678571428571416,18.666666666666668,9.096774193548388,-52.75999999999999,4,6,baseline_mid,0.01466461805007415,0.016042157482821937
1473488,2025,15,4,0,42.678571428571416,19.153846153846153,9.063829787234043,-52.879999999999995,4,6,baseline_mid,0.012873639728999287,0.014113488353125233
1473488,2025,15,5,0,42.678571428571416,19.44,9.094736842105263,-52.0,4,6,baseline_mid,0.012312021141751254,0.013507744751569144
1473488,2025,15,6,0,42.678571428571416,20.0,9.0625,-52.120000000000005,4,6,baseline_mid,0.00992513158319288,0.010927646279491022
1473489,2025,7,1,0,25.27777777777777,11.064935064935064,10.046511627906977,-31.659999999999982,2,8,baseline_mid,0.30021604712893746,0.3175049365747106
1473489,2025,7,2,0,25.27777777777777,11.210526315789474,9.818181818181818,-33.079999999999984,2,8,baseline_mid,0.26691057020207537,0.28762816128838437
1473489,2025,7,3,0,25.27777777777777,11.28,9.733333333333334,-33.5,2,8,baseline_mid,0.26183233003539197,0.2830308485480919
1473489,2025,7,4,0,25.27777777777777,11.35135135135135,9.652173913043478,-33.91999999999999,2,8,baseline_mid,0.252379516780612,0.27444014301851866
1473489,2025,7,5,0,25.27777777777777,11.17808219178082,9.957446808510639,-31.340000000000018,2,8,baseline_mid,0.3103148297281352,0.3264806703446102
1473489,2025,7,6,0,25.27777777777777,11.25,9.875,-31.760000000000005,2,8,baseline_mid,0.30282983223451165,0.31983143960536353
1473489,2025,8,1,0,25.27777777777777,11.32394366197183,9.795918367346939,-32.17999999999999,2,8,baseline_mid,0.29495836063935726,0.3151419562137185
1473489,2025,8,2,0,25.27777777777777,11.399999999999999,9.72,-32.59999999999998,2,8,baseline_mid,0.28891778638513754,0.3096484167442975
1473489,2025,8,3,0,25.27777777777777,11.217391304347826,10.0,-30.02000000000001,2,8,baseline_mid,0.3343894610462479,0.350688978253388
1473489,2025,8,4,0,25.27777777777777,11.294117647058822,9.923076923076923,-30.439999999999998,2,8,baseline_mid,0.32169047807301876,0.33929553455281564
1473489,2025,8,5,0,25.27777777777777,11.373134328358208,9.849056603773585,-30.859999999999985,2,8,baseline_mid,0.3178640409906235,0.33585288472172264
1473489,2025,8,6,0,25.27777777777777,11.454545454545455,9.777777777777777,-31.279999999999987,2,8,baseline_mid,0.3086094514096204,0.3275069094982166
1473489,2025,9,1,0,25.27777777777777,11.538461538461538,9.709090909090909,-31.700000000000003,2,8,baseline_mid,0.3071234493895515,0.3369823911931061
1473489,2025,9,2,0,25.27777777777777,11.15625,10.178571428571429,-27.119999999999976,2,8,baseline_mid,0.3915878658418496,0.41068040198303
1473489,2025,9,3,0,25.27777777777777,11.333333333333332,10.0,-28.539999999999992,2,8,baseline_mid,0.3813982126021186,0.40190805746001784
1473489,2025,9,4,0,25.27777777777777,10.935483870967742,10.448275862068966,-23.959999999999994,2,8,baseline_mid,0.4310663883800676,0.4444564128020959
1473489,2025,9,5,0,25.27777777777777,10.721311475409836,10.677966101694915,-21.37999999999998,2,8,baseline_mid,0.4664104788887333,0.4744893860204305
1473489,2025,9,6,0,25.27777777777777,10.8,10.6,-21.799999999999997,2,8,baseline_mid,0.46832755284410355,0.47611467723784273
1473489,2025,10,1,0,25.27777777777777,10.881355932203391,10.524590163934427,-22.22,2,8,baseline_mid,0.4762602914977211,0.4870927362226024
1473489,2025,10,2,0,25.27777777777777,10.448275862068966,10.935483870967742,-17.639999999999986,2,8,baseline_mid,0.5316530040456149,0.5360622699113757
1473489,2025,10,3,0,25.27777777777777,10.421052631578949,10.952380952380953,-17.060000000000002,2,8,baseline_mid,0.5397201694846765,0.5431873120714336
1473489,2025,10,4,0,25.27777777777777,10.178571428571429,11.15625,-14.480000000000018,2,8,baseline_mid,0.577680513020921,0.576737676353564
1473489,2025,10,5,0,25.27777777777777,10.254545454545454,11.076923076923077,-14.900000000000006,2,8,baseline_mid,0.5803612015472228,0.57910979202169
1473489,2025,10,6,0,25.27777777777777,10.333333333333334,11.0,-15.319999999999993,2,8,baseline_mid,0.5842141391710667,0.5825201798131697
1473489,2025,11,1,0,25.27777777777777,10.30188679245283,11.014925373134329,-14.740000000000009,2,8,baseline_mid,0.593853007565167,0.5998353943805308
1473489,2025,11,2,0,25.27777777777777,10.5,10.852941176470589,-16.159999999999997,2,8,baseline_mid,0.5820006015445987,0.5891920055774582
1473489,2025,11,3,0,25.27777777777777,10.588235294117647,10.782608695652174,-16.579999999999984,2,8,baseline_mid,0.5618310810147824,0.5710822486617405
1473489,2025,11,4,0,25.27777777777777,10.68,10.714285714285715,-17.0,2,8,baseline_mid,0.550167730978957,0.5606075814003513
1473489,2025,11,5,0,25.27777777777777,10.775510204081632,10.647887323943662,-17.419999999999987,2,8,baseline_mid,0.5533443902218753,0.563460840062397
1473489,2025,11,6,0,25.27777777777777,10.875,10.583333333333332,-17.839999999999975,2,8,baseline_mid,0.5430981330117395,0.5542564511271187
1473489,2025,12,1,0,25.27777777777777,10.595744680851064,10.767123287671232,-15.259999999999991,2,8,baseline_mid,0.581802198019034,0.5891079649831945
1473489,2025,12,2,0,25.27777777777777,10.695652173913043,10.702702702702702,-15.680000000000007,2,8,baseline_mid,0.5727444130926607,0.5806845628808172
1473489,2025,12,3,0,25.27777777777777,10.666666666666666,10.719999999999999,-15.099999999999994,2,8,baseline_mid,0.5923740413577943,0.5989382590131086
1473489,2025,12,4,0,25.27777777777777,10.636363636363637,10.736842105263158,-14.52000000000001,2,8,baseline_mid,0.600301956553092,0.6063099576364445
1473489,2025,12,5,0,25.27777777777777,10.883720930232558,10.597402597402597,-15.939999999999998,2,8,baseline_mid,0.5890754064151623,0.595871068031427
1473489,2025,12,6,0,25.27777777777777,10.571428571428571,10.76923076923077,-13.359999999999985,2,8,baseline_mid,0.6387777682505682,0.6421022570566929
1473489,2025,13,1,0,25.27777777777777,10.682926829268293,10.708860759493671,-13.779999999999973,2,8,baseline_mid,0.6272399634920127,0.6304366081841501
1473489,2025,13,2,0,25.27777777777777,10.8,10.649999999999999,-14.200000000000017,2,8,baseline_mid,0.6020270844192287,0.6061615821502014
1473489,2025,13,3,0,25.27777777777777,10.923076923076923,10.592592592592593,-14.620000000000005,2,8,baseline_mid,0.5808394389092648,0.585760262420759
1473489,2025,13,4,0,25.27777777777777,11.052631578947368,10.536585365853659,-15.039999999999992,2,8,baseline_mid,0.5868095463495108,0.5915093098926995
1473489,2025,13,5,0,25.27777777777777,10.702702702702702,10.698795180722891,-12.45999999999998,2,8,baseline_mid,0.6317669744067971,0.6347956256285423
1473489,2025,13,6,0,25.27777777777777,10.666666666666666,10.714285714285715,-11.879999999999995,2,8,baseline_mid,0.6413668597241656,0.6440401877727566
1473489,2025,14,1,0,25.27777777777777,10.8,10.658823529411764,-12.299999999999983,2,8,baseline_mid,0.6377016310594712,0.6413588491215954
1473489,2025,14,2,0,25.27777777777777,11.117647058823529,10.534883720930232,-13.719999999999999,2,8,baseline_mid,0.6184131782278532,0.6226663821304037
1473489,2025,14,3,0,25.27777777777777,11.272727272727273,10.482758620689655,-14.140000000000015,2,8,baseline_mid,0.5924649508551837,0.5975145833957378
1473489,2025,14,4,0,25.27777777777777,11.4375,10.431818181818182,-14.560000000000002,2,8,baseline_mid,0.5856530594089575,0.5909098852111382
1473489,2025,14,5,0,25.27777777777777,11.612903225806452,10.382022471910112,-14.97999999999999,2,8,baseline_mid,0.5658357351976083,0.5716888586428678
1473489,2025,14,6,0,25.27777777777777,10.8,10.666666666666666,-10.400000000000006,2,8,baseline_mid,0.6646023692641791,0.6674297303567998
1473489,2025,15,1,0,25.27777777777777,10.758620689655173,10.68131868131868,-9.819999999999993,2,8,baseline_mid,0.6715327569787608,0.674991326845414
1473489,2025,15,2,0,25.27777777777777,10.928571428571429,10.630434782608695,-10.240000000000009,2,8,baseline_mid,0.662041929684686,0.6656964067496105
1473489,2025,15,3,0,25.27777777777777,10.88888888888889,10.64516129032258,-9.659999999999997,2,8,baseline_mid,0.6765409539098821,0.6798958792251533
1473489,2025,15,4,0,25.27777777777777,11.076923076923077,10.595744680851064,-10.080000000000013,2,8,baseline_mid,0.6648542615477016,0.6684507672674191
1473489,2025,15,5,0,25.27777777777777,10.56,10.736842105263158,-7.499999999999972,2,8,baseline_mid,0.7207804952236962,0.7232186683257892
1473489,2025,15,6,0,25.27777777777777,10.75,10.6875,-7.9199999999999875,2,8,baseline_mid,0.7121960012011737,0.714811547303156
1473490,2025,7,1,0,9.0,10.675324675324676,9.767441860465116,-43.471666666666664,3,7,baseline_mid,0.12201137850000919,0.14950087223180578
1473490,2025,7,2,0,9.0,10.736842105263158,9.681818181818182,-43.67333333333333,3,7,baseline_mid,0.11973990571195753,0.147169331585171
1473490,2025,7,3,0,9.0,10.879999999999999,9.466666666666667,-57.75,4,6,baseline_mid,0.05385321219468515,0.07521577831140358
1473490,2025,7,4,0,9.0,11.027027027027028,9.26086956521739,-58.78,4,6,baseline_mid,0.05274868542942532,0.07391166242363617
1473490,2025,7,5,0,9.0,11.17808219178082,9.063829787234043,-72.34166666666667,5,5,baseline_mid,0.022851114174860847,0.03636204879675663
1473490,2025,7,6,0,9.0,11.25,9.0,-72.19999999999999,5,5,baseline_mid,0.0251667515782398,0.03947533661206692
1473490,2025,8,1,0,9.0,11.408450704225352,8.816326530612246,-73.05833333333331,5,5,baseline_mid,0.024312460491948584,0.037514541275567366
1473490,2025,8,2,0,9.0,11.485714285714286,8.76,-72.91666666666666,5,5,baseline_mid,0.02413472265679957,0.037277646850559815
1473490,2025,8,3,0,9.0,11.565217391304348,8.705882352941176,-72.775,5,5,baseline_mid,0.02404780932941063,0.03716171388334635
1473490,2025,8,4,0,9.0,11.735294117647058,8.538461538461538,-73.63333333333333,5,5,baseline_mid,0.02210565577247281,0.03455475543055938
1473490,2025,8,5,0,9.0,11.82089552238806,8.49056603773585,-73.49166666666667,5,5,baseline_mid,0.023070565988330266,0.03585392964430768
1473490,2025,8,6,0,9.0,12.0,8.333333333333332,-74.35,5,5,baseline_mid,0.023006309115160925,0.035767660631666434
1473490,2025,9,1,0,9.0,12.0,8.399999999999999,-73.20833333333334,5,5,baseline_mid,0.023014165176460884,0.04068671371039137
1473490,2025,9,2,0,9.0,12.1875,8.25,-74.06666666666669,5,5,baseline_mid,0.021559544636604124,0.03853734380728798
1473490,2025,9,3,0,9.0,12.19047619047619,8.31578947368421,-72.92500000000001,5,5,baseline_mid,0.025285950308119906,0.0439952695080115
1473490,2025,9,4,0,9.0,12.29032258064516,8.275862068965518,-72.78333333333333,5,5,baseline_mid,0.02355588510199749,0.04148083506980094
1473490,2025,9,5,0,9.0,12.295081967213115,8.338983050847459,-71.64166666666668,5,5,baseline_mid,0.028575882987130267,0.04869256171854111
1473490,2025,9,6,0,9.0,12.5,8.2,-72.5,5,5,baseline_mid,0.02661661900933727,0.04590789684328699
1473490,2025,10,1,0,9.0,12.305084745762711,8.459016393442623,-69.35833333333332,5,5,baseline_mid,0.033015957983573846,0.049550566327538584
1473490,2025,10,2,0,9.0,12.413793103448278,8.419354838709678,-69.21666666666667,5,5,baseline_mid,0.032317662536021294,0.04863831858443679
1473490,2025,10,3,0,9.0,12.526315789473683,8.38095238095238,-69.07499999999999,5,5,baseline_mid,0.03180995268663521,0.04797329757690508
1473490,2025,10,4,0,9.0,12.642857142857142,8.34375,-68.93333333333331,5,5,baseline_mid,0.029559842138601366,0.04500755400296197
1473490,2025,10,5,0,9.0,12.763636363636365,8.307692307692307,-68.79166666666669,5,5,baseline_mid,0.029965967719719173,0.045545130673879934
1473490,2025,10,6,0,9.0,13.0,8.181818181818182,-69.65,5,5,baseline_mid,0.025517175003696786,0.039597229707992815
1473490,2025,11,1,0,9.0,13.245283018867926,8.059701492537314,-70.50833333333333,5,5,baseline_mid,0.024372096282702028,0.036691010745890526
1473490,2025,11,2,0,9.0,13.038461538461537,8.294117647058822,-67.36666666666667,5,5,baseline_mid,0.03258426177220765,0.04750962776575603
1473490,2025,11,3,0,9.0,12.823529411764707,8.521739130434783,-64.225,5,5,baseline_mid,0.04262295234143373,0.06029222936660259
1473490,2025,11,4,0,9.0,12.96,8.485714285714286,-64.08333333333331,5,5,baseline_mid,0.04087861113085372,0.05810080669665865
1473490,2025,11,5,0,9.0,12.979591836734695,8.535211267605634,-62.94166666666669,5,5,baseline_mid,0.04133982932989527,0.05868136388319338
1473490,2025,11,6,0,9.0,13.125,8.5,-62.80000000000001,5,5,baseline_mid,0.038577501487611514,0.05519178320782172
1473490,2025,12,1,0,9.0,13.27659574468085,8.465753424657535,-62.65833333333333,5,5,baseline_mid,0.03556198713219555,0.045953731842049754
1473490,2025,12,2,0,9.0,12.782608695652176,8.837837837837839,-57.51666666666668,5,5,baseline_mid,0.06682595098686911,0.08221262890404135
1473490,2025,12,3,0,9.0,12.266666666666666,9.200000000000001,-52.375,5,5,baseline_mid,0.09565915040859177,0.1142499417040084
1473490,2025,12,4,0,9.0,11.727272727272727,9.552631578947368,-47.23333333333332,5,5,baseline_mid,0.14178235479708767,0.1636506570340652
1473490,2025,12,5,0,9.0,11.162790697674419,9.896103896103895,-42.09166666666667,5,5,baseline_mid,0.18320975584736995,0.20661199272147196
1473490,2025,12,6,0,9.0,11.285714285714285,9.846153846153847,-41.94999999999999,5,5,baseline_mid,0.17675760581977784,0.19999344817957956
1473490,2025,12,7,0,9.0,10.682926829268293,10.177215189873417,-36.80833333333331,5,5,baseline_mid,0.21005186433916032,0.23389571801777215
1473490,2025,13,1,0,9.0,10.536585365853659,10.253164556962025,-35.80833333333331,5,5,baseline_mid,0.2103471483589207,0.22322559299961167
1473490,2025,13,2,0,9.0,9.899999999999999,10.575,-30.666666666666686,5,5,baseline_mid,0.28509377515534706,0.29795061589374555
1473490,2025,13,3,0,9.0,10.153846153846153,10.444444444444445,-31.525000000000006,5,5,baseline_mid,0.2796673406261234,0.29256645928411645
1473490,2025,13,4,0,9.0,10.421052631578949,10.317073170731707,-32.383333333333326,5,5,baseline_mid,0.2599692664629796,0.27297228123151035
1473490,2025,13,5,0,9.0,10.54054054054054,10.265060240963855,-32.241666666666674,5,5,baseline_mid,0.26062330653538285,0.27362416532241474
1473490,2025,13,6,0,9.0,10.5,10.285714285714285,-31.099999999999994,5,5,baseline_mid,0.2788308732447784,0.29173599874580186
1473490,2025,14,1,0,9.0,10.457142857142857,10.305882352941175,-29.958333333333314,5,5,baseline_mid,0.3169303409330674,0.3281513344394178
1473490,2025,14,2,0,9.0,10.588235294117647,10.25581395348837,-29.81666666666669,5,5,baseline_mid,0.31297804313624705,0.32423233658545675
1473490,2025,14,3,0,9.0,9.818181818181818,10.551724137931034,-24.67500000000001,5,5,baseline_mid,0.44353870479841123,0.45267711834163527
1473490,2025,14,4,0,9.0,9.9375,10.5,-24.53333333333333,5,5,baseline_mid,0.43469837969213265,0.4440357846969761
1473490,2025,14,5,0,9.0,10.064516129032258,10.44943820224719,-24.39166666666668,5,5,baseline_mid,0.440529810737556,0.4497366903440463
1473490,2025,14,6,0,9.0,10.4,10.333333333333334,-25.25,5,5,baseline_mid,0.41358992027378855,0.423374659294386
1473490,2025,15,1,0,9.0,9.931034482758621,10.483516483516484,-22.10833333333332,5,5,baseline_mid,0.5134010628642205,0.5198594445420159
1473490,2025,15,2,0,9.0,10.071428571428571,10.434782608695652,-21.96666666666667,5,5,baseline_mid,0.5029560477613522,0.5095806934264715
1473490,2025,15,3,0,9.0,10.222222222222221,10.387096774193548,-21.82499999999999,5,5,baseline_mid,0.4753713241739219,0.48240757552574254
1473490,2025,15,4,0,9.0,10.384615384615385,10.340425531914892,-21.68333333333331,5,5,baseline_mid,0.45508881252001404,0.46239995819900553
1473490,2025,15,5,0,9.0,10.56,10.294736842105262,-21.541666666666686,5,5,baseline_mid,0.458649313216663,0.46591401279807076
1473490,2025,15,6,0,9.0,11.0,10.1875,-26.519999999999982,6,4,baseline_mid,0.22841859500392825,0.2365083638003782
1473490,2025,15,7,0,9.0,11.217391304347826,10.144329896907216,-26.206666666666678,6,4,baseline_mid,0.2554936054344122,0.26377388934908697
1473491,2025,7,1,0,34.0,14.415584415584416,7.255813953488372,-77.99666666666667,3,7,baseline_mid,0.02256352330932957,0.035972008856855794
1473491,2025,7,2,0,34.0,14.526315789473685,7.2272727272727275,-78.37333333333333,3,7,baseline_mid,0.02157398864729728,0.034623927069473016
1473491,2025,7,3,0,34.0,14.56,7.333333333333334,-77.75,3,7,baseline_mid,0.023264934623554858,0.036921934505680175
1473491,2025,7,4,0,34.0,14.675675675675677,7.304347826086957,-78.12666666666667,3,7,baseline_mid,0.02155735985686332,0.03460119130461778
1473491,2025,7,5,0,34.0,14.712328767123289,7.404255319148936,-77.50333333333333,3,7,baseline_mid,0.021977510259251473,0.03517480723830304
1473491,2025,7,6,0,34.0,14.916666666666668,7.25,-93.03999999999999,4,6,baseline_mid,0.007996638272758412,0.0148212648496096
1473491,2025,7,7,0,34.0,15.126760563380284,7.1020408163265305,-94.22,4,6,baseline_mid,0.009046827401043666,0.01647483596931922
1473491,2025,8,1,0,34.0,15.042253521126762,7.224489795918368,-93.22,4,6,baseline_mid,0.009655871041621059,0.016857050253911196
1473491,2025,8,2,0,34.0,15.085714285714285,7.32,-92.39999999999998,4,6,baseline_mid,0.009889091114032179,0.01721020616269533
1473491,2025,8,3,0,34.0,14.782608695652172,7.882352941176471,-87.58000000000001,4,6,baseline_mid,0.013150478240743443,0.022041056656696614
1473491,2025,8,4,0,34.0,14.911764705882353,7.846153846153847,-87.76000000000002,4,6,baseline_mid,0.012582740469605553,0.021213269096516916
1473491,2025,8,5,0,34.0,15.044776119402986,7.811320754716981,-87.94,4,6,baseline_mid,0.012064296524952346,0.020452824808187393
1473491,2025,8,6,0,34.0,15.181818181818182,7.777777777777778,-88.11999999999998,4,6,baseline_mid,0.01114455847706341,0.01909248400953853
1473491,2025,8,7,0,34.0,15.323076923076922,7.745454545454546,-88.30000000000001,4,6,baseline_mid,0.010681013995761424,0.018401075570202628
1473491,2025,9,1,0,34.0,15.323076923076922,7.745454545454546,-88.30000000000001,4,6,baseline_mid,0.010755057098936207,0.021570103965941563
1473491,2025,9,2,0,34.0,15.46875,7.714285714285715,-88.47999999999999,4,6,baseline_mid,0.010703047859885597,0.021482761639604653
1473491,2025,9,3,0,34.0,15.714285714285715,7.578947368421052,-89.66000000000003,4,6,baseline_mid,0.009870574031221487,0.020074605787029246
1473491,2025,9,4,0,34.0,15.870967741935484,7.551724137931034,-89.83999999999997,4,6,baseline_mid,0.009903315396743554,0.02013036027517426
1473491,2025,9,5,0,34.0,16.131147540983605,7.423728813559322,-103.01666666666668,5,5,baseline_mid,0.003941264891159623,0.00928543021803622
1473491,2025,9,6,0,34.0,16.3,7.4,-103.0,5,5,baseline_mid,0.004091629743730202,0.009582698588233221
1473491,2025,10,1,0,34.0,16.576271186440678,7.278688524590164,-103.98333333333332,5,5,baseline_mid,0.0037300008293865206,0.007329162022944572
1473491,2025,10,2,0,34.0,16.862068965517242,7.161290322580646,-104.96666666666667,5,5,baseline_mid,0.003184234488017847,0.006375417151256392
1473491,2025,10,3,0,34.0,16.736842105263158,7.428571428571429,-101.94999999999999,5,5,baseline_mid,0.003658564144852067,0.007205343164063911
1473491,2025,10,4,0,34.0,17.035714285714285,7.3125,-102.93333333333331,5,5,baseline_mid,0.003399939981627509,0.006754569056729836
1473491,2025,10,5,0,34.0,17.345454545454547,7.199999999999999,-103.91666666666669,5,5,baseline_mid,0.0031090336467295386,0.006242511986010775
1473491,2025,10,6,0,34.0,17.555555555555557,7.181818181818182,-103.9,5,5,baseline_mid,0.003099196665424262,0.006225098155589039
1473491,2025,11,1,0,34.0,17.20754716981132,7.611940298507463,-98.88333333333333,5,5,baseline_mid,0.003974235491300479,0.007223064615262523
1473491,2025,11,2,0,34.0,17.423076923076923,7.588235294117647,-98.86666666666667,5,5,baseline_mid,0.0037705729617557864,0.006889211548432561
1473491,2025,11,3,0,34.0,17.058823529411764,8.0,-93.85,5,5,baseline_mid,0.005924004540346056,0.01034131195816228
1473491,2025,11,4,0,34.0,16.919999999999998,8.228571428571428,-90.83333333333331,5,5,baseline_mid,0.0068758703606268245,0.011822276356675794
1473491,2025,11,5,0,34.0,17.26530612244898,8.112676056338028,-91.81666666666669,5,5,baseline_mid,0.006675784077907612,0.01151287204381028
1473491,2025,11,6,0,34.0,17.125,8.333333333333332,-88.80000000000001,5,5,baseline_mid,0.007837349292950772,0.013296267777446155
1473491,2025,12,1,0,34.0,17.361702127659576,8.301369863013699,-88.78333333333333,5,5,baseline_mid,0.0070401725354412815,0.010209332012579337
1473491,2025,12,2,0,34.0,16.956521739130437,8.675675675675677,-83.76666666666668,5,5,baseline_mid,0.009731015827163535,0.013801127533284194
1473491,2025,12,3,0,34.0,17.333333333333332,8.56,-84.75,5,5,baseline_mid,0.00850686697159505,0.012177331221337349
1473491,2025,12,4,0,34.0,16.90909090909091,8.921052631578949,-79.73333333333332,5,5,baseline_mid,0.011788531463100722,0.016497992101687974
1473491,2025,12,5,0,34.0,17.16279069767442,8.883116883116884,-79.71666666666667,5,5,baseline_mid,0.010719232162963605,0.015101125196747679
1473491,2025,12,6,0,34.0,17.285714285714285,8.923076923076923,-78.69999999999999,5,5,baseline_mid,0.011079575632740181,0.015572946499335128
1473491,2025,12,7,0,34.0,17.70731707317073,8.810126582278482,-79.68333333333331,5,5,baseline_mid,0.00943554273933464,0.013410613218223734
1473491,2025,13,1,0,34.0,17.414634146341463,8.962025316455696,-77.68333333333331,5,5,baseline_mid,0.011150111566258863,0.013353085997126085
1473491,2025,13,2,0,34.0,17.700000000000003,8.925,-77.66666666666669,5,5,baseline_mid,0.009811730188411881,0.011804152604538796
1473491,2025,13,3,0,34.0,17.538461538461537,9.11111111111111,-74.65,5,5,baseline_mid,0.01223502518382986,0.014603503426398119
1473491,2025,13,4,0,34.0,17.842105263157897,9.073170731707318,-74.63333333333333,5,5,baseline_mid,0.010715400888718104,0.012850794778765766
1473491,2025,13,5,0,34.0,18.16216216216216,9.036144578313253,-74.61666666666667,5,5,baseline_mid,0.009190927415138515,0.01108306248441878
1473491,2025,13,6,0,34.0,18.5,9.0,-74.6,5,5,baseline_mid,0.008108481913179559,0.00982134762604172
1473491,2025,14,1,0,34.0,18.857142857142858,8.964705882352941,-74.58333333333331,5,5,baseline_mid,0.007181512996853419,0.008434837285208
1473491,2025,14,2,0,34.0,19.235294117647058,8.930232558139535,-74.56666666666669,5,5,baseline_mid,0.0059051293707137135,0.0069734700346392965
1473491,2025,14,3,0,34.0,19.636363636363637,8.896551724137932,-74.55000000000001,5,5,baseline_mid,0.005180708607850721,0.006140137578938104
1473491,2025,14,4,0,34.0,20.0625,8.863636363636363,-74.53333333333333,5,5,baseline_mid,0.004859225921331364,0.005769286058972103
1473491,2025,14,5,0,34.0,20.516129032258064,8.831460674157304,-74.51666666666668,5,5,baseline_mid,0.004392246349562231,0.0052293439883758265
1473491,2025,14,6,0,34.0,20.4,9.0,-71.5,5,5,baseline_mid,0.004624895320175546,0.005498535098530201
1473491,2025,14,7,0,34.0,19.862068965517242,9.296703296703297,-66.48333333333332,5,5,baseline_mid,0.006860607542331627,0.008068183461779193
1473491,2025,14,8,0,34.0,20.142857142857142,9.326086956521738,-65.46666666666667,5,5,baseline_mid,0.006818728547897109,0.008020298190696353
1473491,2025,15,1,0,34.0,19.03448275862069,9.56043956043956,-62.48333333333332,5,5,baseline_mid,0.009771219434732392,0.01076093209179305
1473491,2025,15,2,0,34.0,19.5,9.521739130434781,-62.46666666666667,5,5,baseline_mid,0.008521863598678299,0.009405929497382445
1473491,2025,15,3,0,34.0,20.0,9.483870967741936,-62.44999999999999,5,5,baseline_mid,0.007282902203306423,0.008058860606404296
1473491,2025,15,4,0,34.0,20.538461538461537,9.446808510638299,-62.43333333333331,5,5,baseline_mid,0.006700495498801702,0.0074243401475051094
1473491,2025,15,5,0,34.0,21.12,9.410526315789474,-62.416666666666686,5,5,baseline_mid,0.0056792236898185276,0.0063094122954003296
1473491,2025,15,6,0,34.0,22.0,9.3125,-63.400000000000006,5,5,baseline_mid,0.004985717867960422,0.005550448481839417
1473493,2025,7,1,1,-22.19999999999999,8.96103896103896,5.72093023255814,-24.487499999999997,1,9,baseline_mid,0.7381059417397096,0.7026611588871564
1473493,2025,7,2,1,-22.19999999999999,8.763157894736842,6.136363636363637,-21.650000000000006,1,9,baseline_mid,0.7752811768973769,0.7378076974931544
1473493,2025,7,3,1,-22.19999999999999,8.799999999999999,6.133333333333333,-21.8125,1,9,baseline_mid,0.7680324811645016,0.7308784513422389
1473493,2025,7,4,1,-22.19999999999999,8.837837837837839,6.130434782608696,-21.974999999999994,1,9,baseline_mid,0.7736488639344345,0.7362438573483948
1473493,2025,7,5,1,-22.19999999999999,8.876712328767123,6.127659574468085,-22.137500000000003,1,9,baseline_mid,0.7760047326920032,0.7385015562662968
1473493,2025,7,6,1,-22.19999999999999,8.916666666666668,6.125,-22.299999999999997,1,9,baseline_mid,0.7737335762260713,0.7363249659728208
1473493,2025,7,7,1,-22.19999999999999,8.95774647887324,6.122448979591837,-22.462500000000006,1,9,baseline_mid,0.7619459187995928,0.7250900342374625
1473493,2025,7,8,1,-22.19999999999999,8.571428571428571,6.720000000000001,-17.625,1,9,baseline_mid,0.8089820534298295,0.7705871270145722
1473493,2025,7,9,1,-22.19999999999999,8.608695652173912,6.705882352941177,-17.78750000000001,1,9,baseline_mid,0.8042077874501038,0.7658823388650561
1473493,2025,7,10,1,-22.19999999999999,8.647058823529411,6.6923076923076925,-17.950000000000003,1,9,baseline_mid,0.7993097032965937,0.7610776134499764
1473493,2025,7,11,1,-22.19999999999999,8.776119402985074,6.566037735849056,-19.112499999999997,1,9,baseline_mid,0.7962729716096947,0.7581096730182549
1473493,2025,8,1,1,-22.19999999999999,8.197183098591548,7.224489795918368,-13.462500000000006,1,9,baseline_mid,0.8250329172900649,0.7930937930467524
1473493,2025,8,2,1,-22.19999999999999,8.314285714285713,7.08,-14.625,1,9,baseline_mid,0.8217594685984505,0.7898422060618633
1473493,2025,8,3,1,-22.19999999999999,8.347826086956522,7.0588235294117645,-14.787500000000009,1,9,baseline_mid,0.8154049026194309,0.7835580864878932
1473493,2025,8,4,1,-22.19999999999999,8.382352941176471,7.038461538461538,-14.950000000000003,1,9,baseline_mid,0.8213583847920939,0.789444485264207
1473493,2025,8,5,1,-22.19999999999999,8.417910447761194,7.018867924528301,-15.112499999999997,1,9,baseline_mid,0.8177322334285044,0.7858554010365519
1473493,2025,8,6,1,-22.19999999999999,8.454545454545455,7.0,-15.274999999999977,1,9,baseline_mid,0.8206589694253066,0.7887512880032844
1473493,2025,9,1,1,-22.19999999999999,8.492307692307692,6.9818181818181815,-15.4375,1,9,baseline_mid,0.816614906667919,0.7817143533183506
1473493,2025,9,2,1,-22.19999999999999,8.53125,6.964285714285715,-15.600000000000009,1,9,baseline_mid,0.8118296202886597,0.7771115160059259
1473493,2025,9,3,1,-22.19999999999999,8.571428571428571,6.947368421052632,-15.762499999999989,1,9,baseline_mid,0.8054036184786437,0.7709653725332191
1473493,2025,9,4,1,-22.19999999999999,8.70967741935484,6.827586206896552,-16.924999999999983,1,9,baseline_mid,0.7962698315789836,0.7622947481464594
1473493,2025,9,5,1,-22.19999999999999,8.754098360655739,6.813559322033899,-17.08749999999999,1,9,baseline_mid,0.7961857711911913,0.7622152933305154
1473493,2025,9,6,1,-22.19999999999999,8.799999999999999,6.8,-17.25,1,9,baseline_mid,0.794938701292843,0.7610372651967985
1473493,2025,10,1,1,-22.19999999999999,8.542372881355933,7.081967213114754,-14.412499999999994,1,9,baseline_mid,0.826043145370981,0.8037556934713934
1473493,2025,10,2,1,-22.19999999999999,8.689655172413794,6.967741935483872,-15.574999999999989,1,9,baseline_mid,0.8159852717671288,0.7940313426461443
1473493,2025,10,3,1,-22.19999999999999,8.736842105263158,6.9523809523809526,-15.737499999999997,1,9,baseline_mid,0.8100422787550274,0.7883199421936602
1473493,2025,10,4,1,-22.19999999999999,8.892857142857142,6.84375,-16.89999999999999,1,9,baseline_mid,0.7998474255614467,0.7785782836951987
1473493,2025,10,5,1,-22.19999999999999,8.945454545454545,6.8307692307692305,-17.0625,1,9,baseline_mid,0.7989736797846629,0.7777465290239353
1473493,2025,10,6,1,-22.19999999999999,8.88888888888889,6.90909090909091,-16.224999999999994,1,9,baseline_mid,0.8145925547521147,0.7926906644214261
1473493,2025,11,1,1,-22.19999999999999,8.943396226415093,6.895522388059701,-16.387500000000003,1,9,baseline_mid,0.8094040321272211,0.7968962065017772
1473493,2025,11,2,1,-22.19999999999999,9.0,6.88235294117647,-16.549999999999997,1,9,baseline_mid,0.8144987679845914,0.8017267254855771
1473493,2025,11,3,1,-22.19999999999999,9.176470588235293,6.782608695652174,-24.299999999999983,2,8,baseline_mid,0.723074733420584,0.7166836051707398
1473493,2025,11,4,1,-22.19999999999999,9.36,6.685714285714286,-25.33333333333333,2,8,baseline_mid,0.7751630249410608,0.7647488833390309
1473493,2025,11,5,1,-22.19999999999999,9.428571428571429,6.67605633802817,-25.366666666666674,2,8,baseline_mid,0.7751935065342127,0.7647772794602138
1473493,2025,11,6,1,-22.19999999999999,9.625,6.583333333333334,-26.39999999999999,2,8,baseline_mid,0.7841863625695613,0.7731709692840131
1473493,2025,12,1,1,-22.19999999999999,9.829787234042554,6.493150684931507,-27.433333333333337,2,8,baseline_mid,0.7463901686291996,0.7428095110213424
1473493,2025,12,2,1,-22.19999999999999,10.043478260869566,6.405405405405405,-28.46666666666667,2,8,baseline_mid,0.7090330148661065,0.7076898300862464
1473493,2025,12,3,1,-22.19999999999999,10.266666666666666,6.319999999999999,-29.5,2,8,baseline_mid,0.7046029719922952,0.7035391677328947
1473493,2025,12,4,1,-22.19999999999999,10.363636363636363,6.315789473684211,-29.53333333333333,2,8,baseline_mid,0.7016801129602064,0.7008020347545564
1473493,2025,12,5,1,-22.19999999999999,10.046511627906977,6.545454545454545,-26.566666666666677,2,8,baseline_mid,0.7648270523013093,0.7602366092717591
1473493,2025,12,6,1,-22.19999999999999,9.714285714285715,6.769230769230769,-23.599999999999994,2,8,baseline_mid,0.8014654813953377,0.7951107309310718
1473493,2025,12,7,1,-22.19999999999999,9.073170731707318,7.139240506329113,-18.633333333333326,2,8,baseline_mid,0.8536331982792924,0.8455206555543199
1473493,2025,13,1,1,-22.19999999999999,8.926829268292682,7.215189873417721,-17.633333333333326,2,8,baseline_mid,0.8719931344456691,0.868210663632905
1473493,2025,13,2,1,-22.19999999999999,9.0,7.199999999999999,-17.66666666666667,2,8,baseline_mid,0.8698600491983033,0.866098476266931
1473493,2025,13,3,1,-22.19999999999999,9.076923076923077,7.185185185185185,-17.700000000000003,2,8,baseline_mid,0.8745553205601488,0.8707494800646846
1473493,2025,13,4,1,-22.19999999999999,8.368421052631579,7.536585365853659,-12.73333333333332,2,8,baseline_mid,0.8989630975929148,0.8950391891148423
1473493,2025,13,5,1,-22.19999999999999,8.27027027027027,7.590361445783133,-11.766666666666666,2,8,baseline_mid,0.9044738486677207,0.9005526039713142
1473493,2025,13,6,1,-22.19999999999999,8.166666666666668,7.642857142857142,-10.799999999999997,2,8,baseline_mid,0.9100850771670339,0.9061791678638467
1473493,2025,14,1,1,-22.19999999999999,8.399999999999999,7.552941176470588,-11.833333333333329,2,8,baseline_mid,0.9068003099357917,0.9042641722032414
1473493,2025,14,2,1,-22.19999999999999,7.9411764705882355,7.744186046511628,-8.86666666666666,2,8,baseline_mid,0.922355132383422,0.9198139981859473
1473493,2025,14,3,1,-22.19999999999999,8.0,7.724137931034482,-8.900000000000006,2,8,baseline_mid,0.9228455655381549,0.920305687772428
1473493,2025,14,4,1,-22.19999999999999,8.0625,7.704545454545455,-8.933333333333323,2,8,baseline_mid,0.9166893740885333,0.9141402659395259
1473493,2025,14,5,1,-22.19999999999999,8.322580645161292,7.617977528089888,-13.970833333333317,3,7,baseline_mid,0.8829191647413418,0.8805346602933842
1473493,2025,14,6,1,-22.19999999999999,8.6,7.533333333333333,-14.875,3,7,baseline_mid,0.8750962093244525,0.8727929911475849
1473493,2025,15,1,1,-22.19999999999999,8.689655172413794,7.516483516483516,-14.779166666666669,3,7,baseline_mid,0.8784798639818596,0.8780909693405267
1473493,2025,15,2,1,-22.19999999999999,8.785714285714285,7.5,-14.683333333333337,3,7,baseline_mid,0.8774361620356683,0.8770604957724613
1473493,2025,15,3,1,-22.19999999999999,9.11111111111111,7.419354838709678,-19.07499999999999,4,6,baseline_mid,0.8294268827868687,0.8297719006575914
1473493,2025,15,4,1,-22.19999999999999,9.230769230769232,7.404255319148936,-18.849999999999994,4,6,baseline_mid,0.8169578945574565,0.8175186378178628
1473493,2025,15,5,1,-22.19999999999999,9.36,7.389473684210527,-18.625,4,6,baseline_mid,0.8067609392097133,0.8075047043749243
1473493,2025,15,6,1,-22.19999999999999,9.5,7.375,-18.400000000000006,4,6,baseline_mid,0.7933181440423889,0.7943110378941238
1473494,2025,7,1,1,-18.428571428571416,8.25974025974026,10.325581395348838,-47.57083333333334,5,5,baseline_mid,0.15560392832115327,0.18319311140895037
1473494,2025,7,2,1,-18.428571428571416,8.289473684210526,10.227272727272727,-47.31666666666666,5,5,baseline_mid,0.16191693138917343,0.189379691447044
1473494,2025,7,3,1,-18.428571428571416,8.399999999999999,10.0,-48.0625,5,5,baseline_mid,0.1605119324828813,0.1880063731567427
1473494,2025,7,4,1,-18.428571428571416,8.35135135135135,10.043478260869566,-46.80833333333334,5,5,baseline_mid,0.17137931097290943,0.1985780896291211
1473494,2025,7,5,1,-18.428571428571416,8.383561643835616,9.957446808510639,-46.55416666666666,5,5,baseline_mid,0.16508723230905106,0.19247124438110338
1473494,2025,7,6,1,-18.428571428571416,8.416666666666666,9.875,-46.3,5,5,baseline_mid,0.15979871272537216,0.1873084679502802
1473494,2025,8,1,1,-18.428571428571416,8.535211267605634,9.673469387755102,-47.04583333333332,5,5,baseline_mid,0.1589647609172841,0.18671002384612073
1473494,2025,8,2,1,-18.428571428571416,8.571428571428571,9.600000000000001,-46.79166666666666,5,5,baseline_mid,0.16084732943428773,0.18857954872833907
1473494,2025,8,3,1,-18.428571428571416,8.173913043478262,10.117647058823529,-41.53750000000001,5,5,baseline_mid,0.21361776846555602,0.239738771409976
1473494,2025,8,4,1,-18.428571428571416,8.294117647058822,9.923076923076923,-42.28333333333333,5,5,baseline_mid,0.2090869313194961,0.23542962496028536
1473494,2025,8,5,1,-18.428571428571416,8.417910447761194,9.735849056603774,-43.02916666666667,5,5,baseline_mid,0.19927799897705972,0.22605191796232046
1473494,2025,8,6,1,-18.428571428571416,8.363636363636363,9.777777777777777,-41.775000000000006,5,5,baseline_mid,0.2125932743021733,0.23876561071223196
1473494,2025,9,1,1,-18.428571428571416,8.399999999999999,9.709090909090909,-41.52083333333334,5,5,baseline_mid,0.2034644581858001,0.24173215184994173
1473494,2025,9,2,1,-18.428571428571416,8.53125,9.535714285714285,-42.26666666666668,5,5,baseline_mid,0.1981154447827658,0.23659920274118268
1473494,2025,9,3,1,-18.428571428571416,8.666666666666666,9.368421052631579,-43.01250000000002,5,5,baseline_mid,0.1879859736713424,0.22680300938305095
1473494,2025,9,4,1,-18.428571428571416,8.806451612903226,9.206896551724139,-43.758333333333326,5,5,baseline_mid,0.18141048101289745,0.2203877864337016
1473494,2025,9,5,1,-18.428571428571416,8.852459016393443,9.152542372881356,-43.50416666666666,5,5,baseline_mid,0.18445209443273902,0.22336093655512287
1473494,2025,9,6,1,-18.428571428571416,8.9,9.1,-43.25,5,5,baseline_mid,0.18573944194677264,0.22461635009449554
1473494,2025,9,7,1,-18.428571428571416,8.847457627118644,9.147540983606557,-41.99583333333334,5,5,baseline_mid,0.1976500495587381,0.23615132686974874
1473494,2025,10,1,1,-18.428571428571416,8.23728813559322,9.737704918032787,-35.99583333333334,5,5,baseline_mid,0.28723593078719734,0.31620444848849716
1473494,2025,10,2,1,-18.428571428571416,7.965517241379311,9.967741935483872,-32.741666666666674,5,5,baseline_mid,0.3466907670118221,0.3710081259111405
1473494,2025,10,3,1,-18.428571428571416,7.684210526315789,10.19047619047619,-29.487499999999983,5,5,baseline_mid,0.4353683655271464,0.45078468135682265
1473494,2025,10,4,1,-18.428571428571416,7.178571428571429,10.59375,-24.23333333333332,5,5,baseline_mid,0.5692442683862933,0.5692757194881324
1473494,2025,10,5,1,-18.428571428571416,6.654545454545454,10.984615384615385,-18.979166666666686,5,5,baseline_mid,0.7129726633646556,0.6978233122285704
1473494,2025,10,6,1,-18.428571428571416,6.333333333333334,11.181818181818182,-15.724999999999994,5,5,baseline_mid,0.7867337051624581,0.7661441742285754
1473494,2025,11,1,1,-18.428571428571416,6.339622641509434,11.104477611940299,-15.470833333333331,5,5,baseline_mid,0.7949160383386591,0.783230024417583
1473494,2025,11,2,1,-18.428571428571416,6.346153846153847,11.029411764705882,-15.216666666666669,5,5,baseline_mid,0.8069288016913554,0.7945541462131962
1473494,2025,11,3,1,-18.428571428571416,6.470588235294118,10.869565217391305,-15.962500000000006,5,5,baseline_mid,0.8007025504686057,0.7886762571164608
1473494,2025,11,4,1,-18.428571428571416,6.6000000000000005,10.714285714285715,-16.708333333333314,5,5,baseline_mid,0.7900307576942236,0.7786438716537948
1473494,2025,11,5,1,-18.428571428571416,6.612244897959183,10.647887323943662,-16.45416666666668,5,5,baseline_mid,0.7899529971754926,0.7785709576608159
1473494,2025,11,6,1,-18.428571428571416,6.625,10.583333333333332,-16.200000000000017,5,5,baseline_mid,0.8009057280373099,0.7888677712992118
1473494,2025,12,1,1,-18.428571428571416,6.76595744680851,10.438356164383562,-23.95666666666665,6,4,baseline_mid,0.5179632369186298,0.5296787651230576
1473494,2025,12,2,1,-18.428571428571416,6.782608695652174,10.378378378378379,-23.55333333333334,6,4,baseline_mid,0.4815985517821013,0.4957089299888931
1473494,2025,12,3,1,-18.428571428571416,6.933333333333333,10.24,-24.150000000000006,6,4,baseline_mid,0.5030828617463285,0.51579264316594
1473494,2025,12,4,1,-18.428571428571416,7.090909090909092,10.105263157894736,-24.74666666666667,6,4,baseline_mid,0.5149663890404599,0.5268835576996517
1473494,2025,12,5,1,-18.428571428571416,7.116279069767442,10.051948051948052,-24.343333333333334,6,4,baseline_mid,0.525394313265038,0.5366070721833889
1473494,2025,12,6,1,-18.428571428571416,7.285714285714285,9.923076923076923,-24.939999999999998,6,4,baseline_mid,0.5049403144157302,0.5175269782760872
1473494,2025,13,1,1,-18.428571428571416,7.317073170731707,9.873417721518988,-24.53666666666666,6,4,baseline_mid,0.5186895773098126,0.5258566763067593
1473494,2025,13,2,1,-18.428571428571416,7.3500000000000005,9.825,-24.133333333333326,6,4,baseline_mid,0.5152817902392386,0.5225677570753371
1473494,2025,13,3,1,-18.428571428571416,7.538461538461538,9.703703703703704,-24.72999999999999,6,4,baseline_mid,0.502937887652718,0.5106493727581328
1473494,2025,13,4,1,-18.428571428571416,7.7368421052631575,9.585365853658537,-25.326666666666654,6,4,baseline_mid,0.4494212537831157,0.4588648549480179
1473494,2025,13,5,1,-18.428571428571416,7.783783783783784,9.542168674698795,-24.923333333333346,6,4,baseline_mid,0.44612022884661223,0.4556635413197071
1473494,2025,13,6,1,-18.428571428571416,8.0,9.428571428571429,-25.52000000000001,6,4,baseline_mid,0.4050360977340749,0.41573511942233754
1473494,2025,14,1,1,-18.428571428571416,8.228571428571428,9.31764705882353,-26.116666666666674,6,4,baseline_mid,0.4187901048687315,0.42846843014215524
1473494,2025,14,2,1,-18.428571428571416,8.294117647058822,9.279069767441861,-25.71333333333334,6,4,baseline_mid,0.4182522060367523,0.4279416565192698
1473494,2025,14,3,1,-18.428571428571416,8.545454545454547,9.172413793103448,-26.310000000000002,6,4,baseline_mid,0.3877307706680133,0.3980050468455883
1473494,2025,14,4,1,-18.428571428571416,8.625,9.136363636363637,-25.906666666666666,6,4,baseline_mid,0.3826159231571458,0.3929787687346796
1473494,2025,14,5,1,-18.428571428571416,7.741935483870968,9.438202247191011,-20.50333333333333,6,4,baseline_mid,0.5580301261237501,0.5641149431410404
1473494,2025,14,6,1,-18.428571428571416,8.0,9.333333333333334,-21.099999999999994,6,4,baseline_mid,0.5119528100448341,0.5193559518496846
1473494,2025,15,1,1,-18.428571428571416,8.275862068965518,9.230769230769232,-21.69666666666666,6,4,baseline_mid,0.4814028461699781,0.48835267385406833
1473494,2025,15,2,1,-18.428571428571416,8.357142857142858,9.195652173913043,-21.293333333333322,6,4,baseline_mid,0.48755317190796216,0.49441276573786863
1473494,2025,15,3,1,-18.428571428571416,8.666666666666666,9.096774193548388,-21.890000000000015,6,4,baseline_mid,0.4724018113469755,0.4794798432850042
1473494,2025,15,4,1,-18.428571428571416,8.076923076923077,9.25531914893617,-18.48666666666668,6,4,baseline_mid,0.6052385518212459,0.6100386644393175
1473494,2025,15,5,1,-18.428571428571416,8.16,9.221052631578946,-18.083333333333314,6,4,baseline_mid,0.600055970024986,0.6049572479472473
1473494,2025,15,6,1,-18.428571428571416,8.25,9.1875,-17.67999999999998,6,4,baseline_mid,0.6047524508761823,0.6095620820375228
1473497,2025,7,1,0,35.14285714285714,9.74025974025974,13.25581395348837,2.4724999999999966,1,9,baseline_mid,0.6014666229015712,0.5795083660165729
1473497,2025,7,2,0,35.14285714285714,9.868421052631579,12.954545454545455,0.8299999999999841,1,9,baseline_mid,0.568735074361777,0.5508967372596437
1473497,2025,7,3,0,35.14285714285714,9.52,13.466666666666667,5.1875,1,9,baseline_mid,0.687082709153334,0.6557637566989505
1473497,2025,7,4,0,35.14285714285714,9.486486486486488,13.434782608695652,5.545000000000016,1,9,baseline_mid,0.692571787589392,0.660746433883058
1473497,2025,7,5,0,35.14285714285714,9.534246575342465,13.27659574468085,4.902500000000003,1,9,baseline_mid,0.643878792227536,0.6169767442100582
1473497,2025,7,6,0,35.14285714285714,9.583333333333334,13.125,4.260000000000005,1,9,baseline_mid,0.6466954878977533,0.619484414279444
1473497,2025,8,1,0,35.14285714285714,9.633802816901408,12.979591836734695,3.6174999999999926,1,9,baseline_mid,0.6525600419561801,0.6313645192385114
1473497,2025,8,2,0,35.14285714285714,9.600000000000001,12.96,3.9750000000000085,1,9,baseline_mid,0.6673161373142147,0.6446549246013578
1473497,2025,8,3,0,35.14285714285714,9.652173913043478,12.823529411764707,3.332499999999996,1,9,baseline_mid,0.6656864204660848,0.6431836745426609
1473497,2025,8,4,0,35.14285714285714,9.794117647058822,12.576923076923077,-10.719999999999999,2,8,baseline_mid,0.44359742038330896,0.4472370121589153
1473497,2025,8,5,0,35.14285714285714,9.940298507462686,12.339622641509436,-12.179999999999978,2,8,baseline_mid,0.3989965610065831,0.4080434175817171
1473497,2025,8,6,0,35.14285714285714,10.0,12.222222222222223,-12.639999999999986,2,8,baseline_mid,0.3992513750131913,0.4082680401516347
1473497,2025,9,1,0,35.14285714285714,10.153846153846153,12.0,-14.099999999999994,2,8,baseline_mid,0.39587673588510536,0.4143652270775184
1473497,2025,9,2,0,35.14285714285714,10.21875,11.892857142857142,-14.559999999999988,2,8,baseline_mid,0.3848883240727301,0.4049156378490608
1473497,2025,9,3,0,35.14285714285714,10.285714285714285,11.789473684210526,-15.019999999999996,2,8,baseline_mid,0.3769507082867293,0.3980708453110204
1473497,2025,9,4,0,35.14285714285714,10.451612903225806,11.586206896551724,-16.47999999999999,2,8,baseline_mid,0.35625448372288654,0.3801408302799856
1473497,2025,9,5,0,35.14285714285714,10.524590163934427,11.491525423728813,-16.939999999999998,2,8,baseline_mid,0.35653192121954047,0.3803820458795337
1473497,2025,9,6,0,35.14285714285714,10.6,11.399999999999999,-17.400000000000006,2,8,baseline_mid,0.35866276831221267,0.38223387472975606
1473497,2025,10,1,0,35.14285714285714,10.779661016949152,11.213114754098362,-18.860000000000014,2,8,baseline_mid,0.3479027660638136,0.37211210606966866
1473497,2025,10,2,0,35.14285714285714,10.965517241379311,11.032258064516128,-30.905,3,7,baseline_mid,0.23402262805040988,0.26578529525091
1473497,2025,10,3,0,35.14285714285714,11.157894736842106,10.857142857142858,-32.182500000000005,3,7,baseline_mid,0.23843967447867992,0.2700311975443476
1473497,2025,10,4,0,35.14285714285714,11.142857142857142,10.875,-31.460000000000008,3,7,baseline_mid,0.2565169287862336,0.28728627797257184
1473497,2025,10,5,0,35.14285714285714,11.236363636363636,10.8,-31.73750000000001,3,7,baseline_mid,0.24790632920486846,0.27909102130070856
1473497,2025,10,6,0,35.14285714285714,11.222222222222223,10.818181818181818,-31.015000000000015,3,7,baseline_mid,0.25986002730113467,0.2904569812037266
1473497,2025,11,1,0,35.14285714285714,11.433962264150944,10.656716417910449,-32.29250000000002,3,7,baseline_mid,0.25714953776868804,0.2899872648534493
1473497,2025,11,2,0,35.14285714285714,11.192307692307693,10.852941176470589,-29.569999999999993,3,7,baseline_mid,0.26897037602575913,0.301448452842153
1473497,2025,11,3,0,35.14285714285714,11.294117647058822,10.782608695652174,-29.847499999999997,3,7,baseline_mid,0.26813125908111335,0.3006372683353484
1473497,2025,11,4,0,35.14285714285714,11.399999999999999,10.714285714285715,-30.12499999999997,3,7,baseline_mid,0.2653664064603722,0.2979618923230561
1473497,2025,11,5,0,35.14285714285714,11.63265306122449,10.563380281690142,-31.402499999999975,3,7,baseline_mid,0.259509210798476,0.29228105481110006
1473497,2025,11,6,0,35.14285714285714,11.75,10.5,-31.680000000000007,3,7,baseline_mid,0.2558047175419954,0.2886786423370609
1473497,2025,12,1,0,35.14285714285714,11.23404255319149,10.84931506849315,-26.95750000000001,3,7,baseline_mid,0.2993024556805922,0.3222597779807763
1473497,2025,12,2,0,35.14285714285714,11.347826086956522,10.783783783783784,-27.235000000000014,3,7,baseline_mid,0.3083240183944142,0.3310286360025186
1473497,2025,12,3,0,35.14285714285714,11.466666666666667,10.719999999999999,-27.512500000000017,3,7,baseline_mid,0.2963173057449482,0.3193525509270742
1473497,2025,12,4,0,35.14285714285714,11.454545454545455,10.736842105263158,-26.79000000000002,3,7,baseline_mid,0.307540988784931,0.3302685464696537
1473497,2025,12,5,0,35.14285714285714,11.58139534883721,10.675324675324676,-27.067500000000024,3,7,baseline_mid,0.30365253330528535,0.3264911952913546
1473497,2025,12,6,0,35.14285714285714,11.0,11.0,-22.345,3,7,baseline_mid,0.3628863651669221,0.38356702884469224
1473497,2025,13,1,0,35.14285714285714,11.121951219512196,10.936708860759493,-22.622500000000002,3,7,baseline_mid,0.3544880127806634,0.3663507795630912
1473497,2025,13,2,0,35.14285714285714,11.399999999999999,10.8,-31.200000000000017,4,6,baseline_mid,0.24760887895797185,0.2606351117703831
1473497,2025,13,3,0,35.14285714285714,11.692307692307692,10.666666666666666,-32.29499999999999,4,6,baseline_mid,0.2637888255345461,0.27677796384438824
1473497,2025,13,4,0,35.14285714285714,11.842105263157894,10.609756097560975,-32.390000000000015,4,6,baseline_mid,0.25786946418721846,0.27087878042118707
1473497,2025,13,5,0,35.14285714285714,12.162162162162163,10.481927710843372,-33.484999999999985,4,6,baseline_mid,0.24569665647306865,0.2587234398688189
1473497,2025,13,6,0,35.14285714285714,12.333333333333332,10.428571428571429,-33.58000000000001,4,6,baseline_mid,0.23924201792840297,0.25226444964445394
1473497,2025,14,1,0,35.14285714285714,12.514285714285716,10.376470588235295,-33.67499999999998,4,6,baseline_mid,0.23120744477514027,0.24257616151447603
1473497,2025,14,2,0,35.14285714285714,12.705882352941178,10.325581395348838,-33.77000000000001,4,6,baseline_mid,0.2507874706201294,0.2622379750336989
1473497,2025,14,3,0,35.14285714285714,12.0,10.620689655172415,-28.86499999999998,4,6,baseline_mid,0.2751115727307347,0.28656297438976774
1473497,2025,14,4,0,35.14285714285714,12.375,10.5,-29.95999999999998,4,6,baseline_mid,0.26244989671153746,0.27391415458781126
1473497,2025,14,5,0,35.14285714285714,12.774193548387096,10.382022471910112,-31.055000000000007,4,6,baseline_mid,0.25684019552602727,0.2683009794861629
1473497,2025,14,6,0,35.14285714285714,13.200000000000001,10.266666666666666,-32.150000000000006,4,6,baseline_mid,0.26229974229877734,0.2737639818308715
1473497,2025,15,1,0,35.14285714285714,13.655172413793103,10.153846153846153,-33.245000000000005,4,6,baseline_mid,0.22765625360390931,0.23573923145283185
1473497,2025,15,2,0,35.14285714285714,13.285714285714286,10.304347826086957,-30.340000000000003,4,6,baseline_mid,0.26555677526068533,0.2738838676585602
1473497,2025,15,3,0,35.14285714285714,13.555555555555554,10.258064516129032,-30.435000000000002,4,6,baseline_mid,0.24603919275942815,0.25426390007674843
1473497,2025,15,4,0,35.14285714285714,13.153846153846155,10.404255319148936,-27.53,4,6,baseline_mid,0.28474068741150155,0.2931232979406441
1473497,2025,15,5,0,35.14285714285714,13.440000000000001,10.357894736842105,-27.625,4,6,baseline_mid,0.2653909928602816,0.27371741494187185
1473497,2025,15,6,0,35.14285714285714,13.75,10.3125,-27.72,4,6,baseline_mid,0.24262238385647222,0.25082416500675786
1473498,2025,7,1,1,1.3157894736842195,10.597402597402597,8.930232558139535,-7.308333333333323,0,10,baseline_mid,0.6483759193282812,0.6209817612831334
1473498,2025,7,2,1,1.3157894736842195,10.578947368421051,9.0,-6.966666666666669,0,10,baseline_mid,0.6451937081007864,0.618147066099993
1473498,2025,7,3,1,1.3157894736842195,10.64,8.933333333333334,-7.625,0,10,baseline_mid,0.6378626882629723,0.6116294565828276
1473498,2025,7,4,1,1.3157894736842195,10.702702702702702,8.869565217391305,-8.283333333333331,0,10,baseline_mid,0.6286481434192188,0.6034615107399309
1473498,2025,7,5,1,1.3157894736842195,10.767123287671232,8.808510638297872,-8.941666666666677,0,10,baseline_mid,0.6225806458318328,0.598097098315401
1473498,2025,7,6,1,1.3157894736842195,10.833333333333334,8.75,-9.600000000000009,0,10,baseline_mid,0.6231345236726149,0.5985863520491966
1473498,2025,8,1,1,1.3157894736842195,10.647887323943662,9.061224489795919,-7.258333333333326,0,10,baseline_mid,0.6477090170301445,0.6270098549925393
1473498,2025,8,2,1,1.3157894736842195,10.714285714285715,9.0,-7.916666666666657,0,10,baseline_mid,0.641671725301713,0.6215997222416286
1473498,2025,8,3,1,1.3157894736842195,10.347826086956523,9.529411764705882,-3.575000000000003,0,10,baseline_mid,0.6758461942981404,0.6523701430886257
1473498,2025,8,4,1,1.3157894736842195,10.5,9.346153846153847,-5.233333333333334,0,10,baseline_mid,0.6617465871641419,0.6396305075748848
1473498,2025,8,5,1,1.3157894736842195,10.567164179104477,9.283018867924529,-5.891666666666666,0,10,baseline_mid,0.6668789132051612,0.6442601283791897
1473498,2025,8,6,1,1.3157894736842195,10.727272727272727,9.11111111111111,-7.549999999999997,0,10,baseline_mid,0.6628513358620958,0.6406263284080913
1473498,2025,9,1,1,1.3157894736842195,10.8,9.054545454545455,-8.208333333333343,0,10,baseline_mid,0.6519659696486928,0.6324929312799962
1473498,2025,9,2,1,1.3157894736842195,10.875,9.0,-8.866666666666674,0,10,baseline_mid,0.6545667244751041,0.6347485897051773
1473498,2025,9,3,1,1.3157894736842195,10.476190476190476,9.473684210526315,-4.5249999999999915,0,10,baseline_mid,0.6839927117282749,0.6604278123092598
1473498,2025,9,4,1,1.3157894736842195,10.548387096774194,9.413793103448276,-5.183333333333323,0,10,baseline_mid,0.6844154908316675,0.6607990592423545
1473498,2025,9,5,1,1.3157894736842195,10.62295081967213,9.35593220338983,-5.841666666666669,0,10,baseline_mid,0.6866868786837941,0.662794797924334
1473498,2025,9,6,1,1.3157894736842195,10.700000000000001,9.3,-6.5,0,10,baseline_mid,0.6855483688863373,0.6617941987858612
1473498,2025,9,7,1,1.3157894736842195,10.881355932203391,9.147540983606557,-8.158333333333331,0,10,baseline_mid,0.677404154153388,0.6546512406848902
1473498,2025,10,1,1,1.3157894736842195,10.779661016949152,9.245901639344261,-7.158333333333331,0,10,baseline_mid,0.6861006370223581,0.673453008174663
1473498,2025,10,2,1,1.3157894736842195,10.862068965517242,9.193548387096774,-7.816666666666649,0,10,baseline_mid,0.6727284937144455,0.6614024579479932
1473498,2025,10,3,1,1.3157894736842195,10.94736842105263,9.142857142857142,-8.475000000000009,0,10,baseline_mid,0.6622628862250202,0.6520020379188393
1473498,2025,10,4,1,1.3157894736842195,10.5,9.5625,-4.133333333333326,0,10,baseline_mid,0.6976939531828767,0.6839400691220124
1473498,2025,10,5,1,1.3157894736842195,10.581818181818182,9.507692307692308,-4.791666666666686,0,10,baseline_mid,0.6877422587509268,0.674935660042472
1473498,2025,10,6,1,1.3157894736842195,10.666666666666666,9.454545454545453,-5.450000000000003,0,10,baseline_mid,0.6874726154551987,0.6746920770458785
1473498,2025,11,1,1,1.3157894736842195,10.18867924528302,9.850746268656717,-1.1083333333333343,0,10,baseline_mid,0.739569006884083,0.7318139154396662
1473498,2025,11,2,1,1.3157894736842195,10.269230769230768,9.794117647058822,-1.7666666666666657,0,10,baseline_mid,0.7240488803133981,0.7175751948277904
1473498,2025,11,3,1,1.3157894736842195,10.352941176470589,9.73913043478261,-2.424999999999997,0,10,baseline_mid,0.7249095643405613,0.7183631377090515
1473498,2025,11,4,1,1.3157894736842195,10.44,9.685714285714287,-3.0833333333333144,0,10,baseline_mid,0.7242821998500969,0.7177887766132313
1473498,2025,11,5,1,1.3157894736842195,10.53061224489796,9.633802816901408,-3.7416666666666742,0,10,baseline_mid,0.7199626652043805,0.7138368689886885
1473498,2025,11,6,1,1.3157894736842195,10.625,9.583333333333334,-4.3999999999999915,0,10,baseline_mid,0.7044519467259494,0.6996826496400798
1473498,2025,12,1,1,1.3157894736842195,10.72340425531915,9.534246575342465,-5.058333333333351,0,10,baseline_mid,0.7028794868209605,0.701925065962916
1473498,2025,12,2,1,1.3157894736842195,10.695652173913043,9.567567567567567,-4.716666666666669,0,10,baseline_mid,0.7061844178508208,0.7050205824022745
1473498,2025,12,3,1,1.3157894736842195,10.8,9.52,-5.375,0,10,baseline_mid,0.7018932812112029,0.7010016211764036
1473498,2025,12,4,1,1.3157894736842195,10.5,9.710526315789474,-3.0333333333333314,0,10,baseline_mid,0.7255163142172261,0.7231579595314064
1473498,2025,12,5,1,1.3157894736842195,9.906976744186046,10.051948051948052,1.3083333333333513,0,10,baseline_mid,0.7926371690995018,0.7866740798581134
1473498,2025,12,6,1,1.3157894736842195,10.0,10.0,0.6500000000000057,0,10,baseline_mid,0.7912277841922835,0.7853293321290564
1473498,2025,12,7,1,1.3157894736842195,9.658536585365855,10.177215189873417,2.9916666666666742,0,10,baseline_mid,0.8271937514840921,0.8198414055167749
1473498,2025,13,1,1,1.3157894736842195,9.073170731707318,10.481012658227847,6.991666666666674,0,10,baseline_mid,0.9230773630762091,0.9192608805152854
1473498,2025,13,2,1,1.3157894736842195,9.149999999999999,10.425,6.333333333333314,0,10,baseline_mid,0.9182869380182407,0.914428200001436
1473498,2025,13,3,1,1.3157894736842195,9.076923076923077,10.444444444444445,6.674999999999983,0,10,baseline_mid,0.9248868186360486,0.9210893072306297
1473498,2025,13,4,1,1.3157894736842195,9.31578947368421,10.317073170731707,5.0166666666666515,0,10,baseline_mid,0.9099193774979697,0.9060128248752009
1473498,2025,13,5,1,1.3157894736842195,9.405405405405405,10.265060240963855,4.3583333333333485,0,10,baseline_mid,0.8557728055996383,0.8521802704122466
1473498,2025,13,6,1,1.3157894736842195,9.5,10.214285714285714,3.700000000000017,0,10,baseline_mid,0.8468682400117697,0.8434082948540883
1473498,2025,14,1,1,1.3157894736842195,8.742857142857142,10.51764705882353,8.041666666666686,0,10,baseline_mid,0.9404950640940752,0.9380678736661261
1473498,2025,14,2,1,1.3157894736842195,8.823529411764707,10.465116279069768,7.383333333333326,0,10,baseline_mid,0.9384723991516017,0.9360250602342407
1473498,2025,14,3,1,1.3157894736842195,8.90909090909091,10.413793103448276,6.724999999999994,0,10,baseline_mid,0.9357301434980787,0.9332586862387209
1473498,2025,14,4,1,1.3157894736842195,9.0,10.363636363636363,6.066666666666663,0,10,baseline_mid,0.9313608281327026,0.9288581769232932
1473498,2025,14,5,1,1.3157894736842195,9.096774193548388,10.314606741573034,5.408333333333331,0,10,baseline_mid,0.9297640660983302,0.9272521328438496
1473498,2025,14,6,1,1.3157894736842195,9.200000000000001,10.266666666666666,4.75,0,10,baseline_mid,0.8747246690428125,0.872425656917763
1473498,2025,14,7,1,1.3157894736842195,9.517241379310345,10.153846153846153,3.0916666666666686,0,10,baseline_mid,0.8520236764612374,0.8500353203822335
1473498,2025,15,1,1,1.3157894736842195,8.689655172413794,10.417582417582418,7.091666666666669,0,10,baseline_mid,0.9472611284628488,0.9463754865936432
1473498,2025,15,2,1,1.3157894736842195,8.142857142857142,10.565217391304348,9.433333333333337,0,10,baseline_mid,0.9677704043882798,0.9669665583220066
1473498,2025,15,3,1,1.3157894736842195,8.222222222222223,10.516129032258064,8.775000000000006,0,10,baseline_mid,0.962175008390791,0.9613318307161851
1473498,2025,15,4,1,1.3157894736842195,8.307692307692307,10.46808510638298,8.116666666666674,0,10,baseline_mid,0.9591566258523608,0.9582980667399932
1473498,2025,15,5,1,1.3157894736842195,8.399999999999999,10.421052631578949,7.458333333333343,0,10,baseline_mid,0.9585064334541205,0.9576450531645224
1473498,2025,15,6,1,1.3157894736842195,8.75,10.3125,5.799999999999983,0,10,baseline_mid,0.9461974470687333,0.9453116912451741
1473499,2025,7,1,1,34.44444444444446,8.415584415584416,13.674418604651162,11.387500000000003,1,9,baseline_mid,0.9152990784541197,0.8829205178776931
1473499,2025,7,2,1,34.44444444444446,8.447368421052632,13.5,10.849999999999994,1,9,baseline_mid,0.9158389354783698,0.8835423811465419
1473499,2025,7,3,1,34.44444444444446,8.56,13.200000000000001,-3.5,2,8,baseline_mid,0.8170277353757632,0.7785657959152585
1473499,2025,7,4,1,34.44444444444446,8.594594594594595,13.043478260869565,-3.866666666666646,2,8,baseline_mid,0.7948765383148448,0.7567476179853477
1473499,2025,7,5,1,34.44444444444446,8.63013698630137,12.893617021276597,-4.2333333333333485,2,8,baseline_mid,0.8083727853915088,0.76998551810012
1473499,2025,7,6,1,34.44444444444446,8.583333333333334,12.875,-3.6000000000000085,2,8,baseline_mid,0.821240709975813,0.7827697694547759
1473499,2025,8,1,1,34.44444444444446,8.704225352112676,12.612244897959183,-4.966666666666654,2,8,baseline_mid,0.8217848054439996,0.7898673354405089
1473499,2025,8,2,1,34.44444444444446,8.485714285714286,12.84,-2.3333333333333144,2,8,baseline_mid,0.8347852238520852,0.8028419440538176
1473499,2025,8,3,1,34.44444444444446,8.521739130434783,12.705882352941178,-2.700000000000003,2,8,baseline_mid,0.8441675953003436,0.8123114846286305
1473499,2025,8,4,1,34.44444444444446,8.470588235294118,12.692307692307693,-2.066666666666663,2,8,baseline_mid,0.8420419215932489,0.8101578838372657
1473499,2025,8,5,1,34.44444444444446,8.507462686567164,12.566037735849058,-2.4333333333333087,2,8,baseline_mid,0.8412597067086127,0.8093666184100989
1473499,2025,8,6,1,34.44444444444446,8.09090909090909,13.0,2.200000000000017,2,8,baseline_mid,0.8835458439294206,0.8531998232470249
1473499,2025,9,1,1,34.44444444444446,8.123076923076923,12.872727272727273,1.8333333333333428,2,8,baseline_mid,0.8752861873098432,0.8403301968662836
1473499,2025,9,2,1,34.44444444444446,8.25,12.642857142857142,0.4666666666666828,2,8,baseline_mid,0.871658260676782,0.8365673262390744
1473499,2025,9,3,1,34.44444444444446,8.38095238095238,12.421052631578949,-0.8999999999999915,2,8,baseline_mid,0.8757353853711572,0.8407976107877404
1473499,2025,9,4,1,34.44444444444446,8.516129032258064,12.206896551724137,-2.2666666666666657,2,8,baseline_mid,0.8690386442602265,0.8338634542271215
1473499,2025,9,5,1,34.44444444444446,8.557377049180328,12.101694915254237,-2.6333333333333258,2,8,baseline_mid,0.8725822624366961,0.8375236615196474
1473499,2025,9,6,1,34.44444444444446,8.6,12.0,-3.0,2,8,baseline_mid,0.8706060227917234,0.8354799362563846
1473499,2025,10,1,1,34.44444444444446,8.338983050847459,12.196721311475411,-0.36666666666667425,2,8,baseline_mid,0.8816351371833577,0.8591201981102446
1473499,2025,10,2,1,34.44444444444446,8.379310344827587,12.096774193548388,-0.7333333333333201,2,8,baseline_mid,0.8788748220829887,0.8562940027002356
1473499,2025,10,3,1,34.44444444444446,8.421052631578947,12.0,-1.0999999999999943,2,8,baseline_mid,0.8831435307944451,0.8606686307735342
1473499,2025,10,4,1,34.44444444444446,8.142857142857142,12.1875,1.5333333333333314,2,8,baseline_mid,0.8987014118576794,0.8768178382850476
1473499,2025,10,5,1,34.44444444444446,8.181818181818182,12.092307692307692,1.1666666666666856,2,8,baseline_mid,0.8988218724767789,0.8769442256614053
1473499,2025,10,6,1,34.44444444444446,8.11111111111111,12.09090909090909,1.8000000000000114,2,8,baseline_mid,0.9029864495728543,0.8813274004458307
1473499,2025,11,1,1,34.44444444444446,7.584905660377358,12.447761194029852,6.433333333333309,2,8,baseline_mid,0.9363498928575513,0.9233152059360025
1473499,2025,11,2,1,34.44444444444446,7.615384615384615,12.352941176470587,6.066666666666663,2,8,baseline_mid,0.9353660596194462,0.9222613413628588
1473499,2025,11,3,1,34.44444444444446,7.764705882352942,12.173913043478262,-4.012499999999989,3,7,baseline_mid,0.8724034934260725,0.8577580651488356
1473499,2025,11,4,1,34.44444444444446,7.92,12.0,-5.208333333333314,3,7,baseline_mid,0.8490866418452396,0.8349166651905925
1473499,2025,11,5,1,34.44444444444446,8.081632653061224,11.830985915492958,-6.404166666666669,3,7,baseline_mid,0.8502139154339489,0.8360113884670343
1473499,2025,11,6,1,34.44444444444446,8.0,11.833333333333334,-5.599999999999994,3,7,baseline_mid,0.8589461339642469,0.8445230290729397
1473499,2025,12,1,1,34.44444444444446,8.042553191489361,11.753424657534246,-5.79583333333332,3,7,baseline_mid,0.851838091917382,0.8437673800125847
1473499,2025,12,2,1,34.44444444444446,8.08695652173913,11.675675675675677,-5.991666666666674,3,7,baseline_mid,0.8530667637019266,0.8449672546349747
1473499,2025,12,3,1,34.44444444444446,8.133333333333333,11.6,-6.1875,3,7,baseline_mid,0.866457108973784,0.8580922586848919
1473499,2025,12,4,1,34.44444444444446,8.045454545454545,11.605263157894736,-5.383333333333354,3,7,baseline_mid,0.8752201092227926,0.8667333242416769
1473499,2025,12,5,1,34.44444444444446,8.232558139534884,11.454545454545455,-6.57916666666668,3,7,baseline_mid,0.86793470887683,0.8595462962055356
1473499,2025,12,6,1,34.44444444444446,8.285714285714285,11.384615384615383,-6.775000000000006,3,7,baseline_mid,0.8748442786564402,0.8663618245060639
1473499,2025,13,1,1,34.44444444444446,7.902439024390244,11.544303797468356,-3.9708333333333314,3,7,baseline_mid,0.8870737179623264,0.8831824607997666
1473499,2025,13,2,1,34.44444444444446,7.5,11.7,-1.1666666666666856,3,7,baseline_mid,0.9177053066541895,0.9138422007626322
1473499,2025,13,3,1,34.44444444444446,7.076923076923077,11.851851851851851,1.637500000000017,3,7,baseline_mid,0.9351707903771177,0.9315150647866924
1473499,2025,13,4,1,34.44444444444446,6.947368421052632,11.853658536585366,2.441666666666663,3,7,baseline_mid,0.9384475116952339,0.9348500688901955
1473499,2025,13,5,1,34.44444444444446,6.972972972972972,11.783132530120483,2.245833333333337,3,7,baseline_mid,0.9371529807287662,0.9335317059822779
1473499,2025,13,6,1,34.44444444444446,7.0,11.714285714285714,2.049999999999983,3,7,baseline_mid,0.9337341974848063,0.930055008152363
1473499,2025,13,7,1,34.44444444444446,7.0285714285714285,11.647058823529411,1.8541666666666572,3,7,baseline_mid,0.9348350355965516,0.9311737143209136
1473499,2025,14,1,1,34.44444444444446,7.0285714285714285,11.647058823529411,1.8541666666666572,3,7,baseline_mid,0.9365967866043212,0.9341325622817191
1473499,2025,14,2,1,34.44444444444446,7.0588235294117645,11.58139534883721,1.658333333333303,3,7,baseline_mid,0.9372124557572779,0.9347535867819123
1473499,2025,14,3,1,34.44444444444446,6.90909090909091,11.586206896551724,2.4625000000000057,3,7,baseline_mid,0.9388572944342508,0.9364136325797222
1473499,2025,14,4,1,34.44444444444446,6.9375,11.522727272727273,2.2666666666666515,3,7,baseline_mid,0.9381926937118519,0.9357427283540166
1473499,2025,14,5,1,34.44444444444446,6.967741935483872,11.460674157303371,2.070833333333354,3,7,baseline_mid,0.9382661170191073,0.935816837396665
1473499,2025,14,6,1,34.44444444444446,7.0,11.399999999999999,1.875,3,7,baseline_mid,0.9380094501940206,0.9355577849315516
1473499,2025,15,1,1,34.44444444444446,7.034482758620689,11.34065934065934,1.6791666666666742,3,7,baseline_mid,0.9375894587088947,0.936714807699295
1473499,2025,15,2,1,34.44444444444446,7.071428571428571,11.282608695652174,1.48333333333332,3,7,baseline_mid,0.9355916530241011,0.9347224270933504
1473499,2025,15,3,1,34.44444444444446,6.888888888888889,11.290322580645162,2.2874999999999943,3,7,baseline_mid,0.9420330447138398,0.9411500757404977
1473499,2025,15,4,1,34.44444444444446,6.9230769230769225,11.23404255319149,2.0916666666666686,3,7,baseline_mid,0.9425582390744114,0.9416746433145543
1473499,2025,15,5,1,34.44444444444446,6.720000000000001,11.242105263157896,2.895833333333343,3,7,baseline_mid,0.9505125451914798,0.9496294556685387
1473499,2025,15,6,1,34.44444444444446,6.75,11.1875,2.6999999999999886,3,7,baseline_mid,0.9517975356797246,0.95091640675034
1473500,2025,7,1,1,-10.75,9.506493506493507,9.209302325581396,-13.007499999999993,1,9,baseline_mid,0.5175564709815264,0.5065141439360813
1473500,2025,7,2,1,-10.75,9.552631578947368,9.136363636363637,-13.41000000000001,1,9,baseline_mid,0.5188836131581385,0.5076612817142271
1473500,2025,7,3,1,-10.75,9.600000000000001,9.066666666666666,-13.8125,1,9,baseline_mid,0.5090773155008191,0.4991883010726671
1473500,2025,7,4,1,-10.75,9.243243243243244,9.652173913043478,-9.21499999999999,1,9,baseline_mid,0.5893078108525488,0.5688536615775872
1473500,2025,7,5,1,-10.75,9.04109589041096,9.957446808510639,-6.617500000000007,1,9,baseline_mid,0.6322394339752122,0.6066417915024399
1473500,2025,7,6,1,-10.75,8.833333333333334,10.25,-4.019999999999996,1,9,baseline_mid,0.671251976016663,0.6414667500760295
1473500,2025,8,1,1,-10.75,8.873239436619718,10.16326530612245,-4.422499999999999,1,9,baseline_mid,0.6543611309959312,0.6329830909320535
1473500,2025,8,2,1,-10.75,9.0,9.959999999999999,-5.825000000000003,1,9,baseline_mid,0.6497327511864055,0.6288256827108882
1473500,2025,8,3,1,-10.75,9.043478260869566,9.882352941176471,-6.227500000000006,1,9,baseline_mid,0.6427632893692357,0.6225771390959512
1473500,2025,8,4,1,-10.75,9.176470588235293,9.692307692307693,-7.6299999999999955,1,9,baseline_mid,0.6367011889542569,0.6171530606776253
1473500,2025,8,5,1,-10.75,9.313432835820896,9.50943396226415,-9.032499999999985,1,9,baseline_mid,0.6135969689389256,0.5965656147255671
1473500,2025,8,6,1,-10.75,9.363636363636363,9.444444444444445,-9.434999999999974,1,9,baseline_mid,0.6015048048887577,0.5858385975030858
1473500,2025,9,1,1,-10.75,8.953846153846154,9.927272727272728,-4.8374999999999915,1,9,baseline_mid,0.6637181620333672,0.6427027509079705
1473500,2025,9,2,1,-10.75,9.0,9.857142857142858,-5.240000000000009,1,9,baseline_mid,0.664659299721245,0.6435223173947969
1473500,2025,9,3,1,-10.75,9.047619047619047,9.789473684210526,-5.642499999999998,1,9,baseline_mid,0.6627475757239285,0.6418578507114364
1473500,2025,9,4,1,-10.75,9.193548387096774,9.620689655172413,-7.0449999999999875,1,9,baseline_mid,0.6411336912923098,0.623119644146541
1473500,2025,9,5,1,-10.75,9.245901639344261,9.559322033898304,-7.447499999999991,1,9,baseline_mid,0.6411828319338062,0.6231620902044138
1473500,2025,9,6,1,-10.75,9.3,9.5,-7.8500000000000085,1,9,baseline_mid,0.6514131285859461,0.6320137140912959
1473500,2025,10,1,1,-10.75,9.35593220338983,9.442622950819672,-8.252499999999998,1,9,baseline_mid,0.6516409937243333,0.6424862554632871
1473500,2025,10,2,1,-10.75,9.413793103448276,9.387096774193548,-8.654999999999987,1,9,baseline_mid,0.6496523517450488,0.6407073069998096
1473500,2025,10,3,1,-10.75,8.947368421052632,9.80952380952381,-4.0575000000000045,1,9,baseline_mid,0.7267017710406096,0.7103657280438448
1473500,2025,10,4,1,-10.75,9.107142857142858,9.65625,-5.459999999999994,1,9,baseline_mid,0.6895860986093143,0.6766018418921776
1473500,2025,10,5,1,-10.75,8.618181818181817,10.061538461538461,-0.8624999999999972,1,9,baseline_mid,0.7915623999070486,0.7707105373734952
1473500,2025,10,6,1,-10.75,8.666666666666666,10.0,-1.2650000000000006,1,9,baseline_mid,0.7921610048166199,0.7712775847617823
1473500,2025,11,1,1,-10.75,8.60377358490566,10.029850746268657,-0.667500000000004,1,9,baseline_mid,0.8008259747767892,0.7887925939275178
1473500,2025,11,2,1,-10.75,8.653846153846153,9.970588235294118,-1.0699999999999932,1,9,baseline_mid,0.7993719526004226,0.7874225249993605
1473500,2025,11,3,1,-10.75,8.823529411764707,9.826086956521738,-2.4724999999999824,1,9,baseline_mid,0.768762565089717,0.758794165689353
1473500,2025,11,4,1,-10.75,8.879999999999999,9.771428571428572,-2.875,1,9,baseline_mid,0.7573745999293449,0.7482360862982015
1473500,2025,11,5,1,-10.75,8.938775510204081,9.71830985915493,-3.2775000000000176,1,9,baseline_mid,0.7572949622549241,0.7481624102595232
1473500,2025,11,6,1,-10.75,8.375,10.083333333333334,1.3200000000000216,1,9,baseline_mid,0.8629077325652146,0.8484037801112122
1473500,2025,11,7,1,-10.75,8.553191489361701,9.945205479452055,-0.08249999999999602,1,9,baseline_mid,0.835438196301973,0.8217313463125288
1473500,2025,12,1,1,-10.75,8.042553191489361,10.273972602739725,3.917500000000004,1,9,baseline_mid,0.9015464032027705,0.8929821191204901
1473500,2025,12,2,1,-10.75,8.08695652173913,10.216216216216216,3.5150000000000006,1,9,baseline_mid,0.8978806793048233,0.889298259856564
1473500,2025,12,3,1,-10.75,8.133333333333333,10.16,3.112499999999997,1,9,baseline_mid,0.8956239300821377,0.8870353476155183
1473500,2025,12,4,1,-10.75,8.181818181818182,10.105263157894736,2.7099999999999937,1,9,baseline_mid,0.8883773967587243,0.8797935755035935
1473500,2025,12,5,1,-10.75,8.232558139534884,10.051948051948052,2.3075000000000045,1,9,baseline_mid,0.887636411635067,0.879055110547068
1473500,2025,12,6,1,-10.75,8.285714285714285,10.0,1.9050000000000011,1,9,baseline_mid,0.8807359814927684,0.8721953409063109
1473500,2025,12,7,1,-10.75,7.902439024390244,10.177215189873417,4.502499999999998,1,9,baseline_mid,0.9124267362419545,0.9039795170369334
1473500,2025,13,1,1,-10.75,7.7560975609756095,10.253164556962025,5.502499999999998,1,9,baseline_mid,0.9413986808840409,0.9378596430168654
1473500,2025,13,2,1,-10.75,7.949999999999999,10.125,-2.133333333333354,2,8,baseline_mid,0.8571366467566373,0.8535254966419838
1473500,2025,13,3,1,-10.75,8.0,10.074074074074073,-2.3799999999999955,2,8,baseline_mid,0.834249350769354,0.8310079975408972
1473500,2025,13,4,1,-10.75,8.052631578947368,10.024390243902438,-2.626666666666665,2,8,baseline_mid,0.831907981768911,0.8287108779250498
1473500,2025,13,5,1,-10.75,8.108108108108109,9.975903614457831,-2.873333333333335,2,8,baseline_mid,0.817270258385496,0.8143738468817824
1473500,2025,13,6,1,-10.75,8.333333333333332,9.857142857142858,-9.730000000000018,3,7,baseline_mid,0.6987113161810192,0.6993165069146664
1473500,2025,14,1,1,-10.75,8.399999999999999,9.811764705882354,-9.820833333333354,3,7,baseline_mid,0.6911060284439166,0.6931258283083889
1473500,2025,14,2,1,-10.75,8.647058823529411,9.69767441860465,-10.91166666666669,3,7,baseline_mid,0.6783970597557599,0.6808022382981974
1473500,2025,14,3,1,-10.75,8.90909090909091,9.586206896551724,-12.002499999999998,3,7,baseline_mid,0.6311902452698982,0.6350487875911655
1473500,2025,14,4,1,-10.75,8.0625,9.886363636363637,-7.093333333333334,3,7,baseline_mid,0.751212724398462,0.7514926179893733
1473500,2025,14,5,1,-10.75,7.548387096774194,10.04494382022472,-4.184166666666641,3,7,baseline_mid,0.8529863923931232,0.8509828667607193
1473500,2025,14,6,1,-10.75,7.6,10.0,-4.275000000000006,3,7,baseline_mid,0.8633472020998859,0.8611911907468747
1473500,2025,15,1,1,-10.75,7.448275862068966,10.021978021978022,-3.3658333333333417,3,7,baseline_mid,0.8994579155556989,0.8988317883059679
1473500,2025,15,2,1,-10.75,6.857142857142857,10.173913043478262,-0.45666666666667766,3,7,baseline_mid,0.9593425835142734,0.9584848625793407
1473500,2025,15,3,1,-10.75,6.888888888888889,10.129032258064516,-0.5475000000000136,3,7,baseline_mid,0.9588716788003886,0.9580118624319174
1473500,2025,15,4,1,-10.75,6.9230769230769225,10.085106382978724,-0.6383333333333496,3,7,baseline_mid,0.9574222798328788,0.9565565680489876
1473500,2025,15,5,1,-10.75,7.199999999999999,9.978947368421053,-5.625,4,6,baseline_mid,0.8791200900334943,0.8787231424347242
1473500,2025,15,6,1,-10.75,6.25,10.1875,-1.5600000000000023,4,6,baseline_mid,0.9543124643561482,0.9534368138485191
1473500,2025,15,7,1,-10.75,6.521739130434782,10.082474226804123,-2.4950000000000045,4,6,baseline_mid,0.9454007700506128,0.9445151537936598
1473500,2025,15,8,1,-10.75,6.545454545454545,10.040816326530614,-2.430000000000007,4,6,baseline_mid,0.9439122078735378,0.9430273574114483
1473501,2025,7,1,0,3.235294117647072,9.896103896103895,7.534883720930233,-45.14999999999999,3,7,baseline_mid,0.4127207153324739,0.4160176023426661
1473501,2025,7,2,0,3.235294117647072,10.026315789473685,7.363636363636363,-46.19999999999999,3,7,baseline_mid,0.40944181178381944,0.4131794487635848
1473501,2025,7,3,0,3.235294117647072,10.08,7.333333333333334,-46.25,3,7,baseline_mid,0.39377063219438335,0.3995970233261725
1473501,2025,7,4,0,3.235294117647072,10.216216216216216,7.173913043478261,-47.30000000000001,3,7,baseline_mid,0.37581193448742756,0.3839885829660046
1473501,2025,7,5,0,3.235294117647072,10.356164383561644,7.0212765957446805,-48.35000000000001,3,7,baseline_mid,0.3392311187072405,0.3520038645719082
1473501,2025,7,6,0,3.235294117647072,10.5,6.875,-60.2,4,6,baseline_mid,0.14852917253339892,0.17620967493862358
1473501,2025,8,1,0,3.235294117647072,10.647887323943662,6.73469387755102,-61.10000000000001,4,6,baseline_mid,0.14927153344827285,0.17702697863436365
1473501,2025,8,2,0,3.235294117647072,10.714285714285715,6.720000000000001,-60.999999999999986,4,6,baseline_mid,0.1426780981066436,0.17038313566654864
1473501,2025,8,3,0,3.235294117647072,10.782608695652174,6.705882352941177,-60.900000000000006,4,6,baseline_mid,0.13920227926638834,0.16686099277366045
1473501,2025,8,4,0,3.235294117647072,10.852941176470589,6.6923076923076925,-60.80000000000001,4,6,baseline_mid,0.1542143149363382,0.18197670711413974
1473501,2025,8,5,0,3.235294117647072,10.925373134328357,6.679245283018868,-60.7,4,6,baseline_mid,0.16547392041559175,0.19315944489818837
1473501,2025,8,6,0,3.235294117647072,10.545454545454545,7.222222222222222,-55.599999999999994,4,6,baseline_mid,0.20218473609863133,0.22883800571475862
1473501,2025,9,1,0,3.235294117647072,10.707692307692309,7.090909090909092,-56.500000000000014,4,6,baseline_mid,0.2113029514355666,0.2492066870025371
1473501,2025,9,2,0,3.235294117647072,10.875,6.964285714285715,-67.0,5,5,baseline_mid,0.09403138469206607,0.12950564482089516
1473501,2025,9,3,0,3.235294117647072,11.047619047619047,6.842105263157895,-67.75,5,5,baseline_mid,0.09403525415435346,0.12950997810260864
1473501,2025,9,4,0,3.235294117647072,11.225806451612902,6.724137931034482,-68.5,5,5,baseline_mid,0.08656682590703803,0.1210764378928685
1473501,2025,9,5,0,3.235294117647072,11.40983606557377,6.610169491525424,-69.25,5,5,baseline_mid,0.07532360943075428,0.10809379370139
1473501,2025,9,6,0,3.235294117647072,11.5,6.6000000000000005,-69.0,5,5,baseline_mid,0.07867771049099843,0.11200541412019693
1473501,2025,10,1,0,3.235294117647072,11.694915254237287,6.491803278688526,-69.75,5,5,baseline_mid,0.06773455542226418,0.09227478516762015
1473501,2025,10,2,0,3.235294117647072,11.482758620689655,6.774193548387098,-66.5,5,5,baseline_mid,0.09161801872388153,0.11960817962191167
1473501,2025,10,3,0,3.235294117647072,11.578947368421053,6.761904761904762,-66.25,5,5,baseline_mid,0.09174157232562008,0.1197464022178692
1473501,2025,10,4,0,3.235294117647072,11.357142857142858,7.03125,-63.0,5,5,baseline_mid,0.11752778135150227,0.1480050967406251
1473501,2025,10,5,0,3.235294117647072,11.454545454545455,7.015384615384615,-62.75,5,5,baseline_mid,0.11311728550782552,0.14324874608617627
1473501,2025,10,6,0,3.235294117647072,11.0,7.454545454545455,-57.5,5,5,baseline_mid,0.20881457725494962,0.2413072862050652
1473501,2025,11,1,0,3.235294117647072,11.09433962264151,7.432835820895523,-57.25,5,5,baseline_mid,0.2218014019748064,0.2552413715558384
1473501,2025,11,2,0,3.235294117647072,11.307692307692307,7.3235294117647065,-58.0,5,5,baseline_mid,0.22659330230000746,0.2599965098933176
1473501,2025,11,3,0,3.235294117647072,11.529411764705882,7.217391304347826,-58.75,5,5,baseline_mid,0.21609661151294712,0.24956054814045328
1473501,2025,11,4,0,3.235294117647072,11.64,7.199999999999999,-58.5,5,5,baseline_mid,0.21491970498555713,0.24838584822006768
1473501,2025,11,5,0,3.235294117647072,11.877551020408163,7.098591549295774,-59.25,5,5,baseline_mid,0.17457837427810433,0.2074978894270701
1473501,2025,11,6,0,3.235294117647072,12.125,7.0,-60.0,5,5,baseline_mid,0.1534216439110725,0.18550335235965806
1473501,2025,12,1,0,3.235294117647072,12.127659574468087,7.068493150684931,-58.75,5,5,baseline_mid,0.15457878131906827,0.17704419663637183
1473501,2025,12,2,0,3.235294117647072,12.260869565217392,7.054054054054054,-58.5,5,5,baseline_mid,0.1448694261781504,0.16689272707985253
1473501,2025,12,3,0,3.235294117647072,12.533333333333335,6.959999999999999,-59.25,5,5,baseline_mid,0.13381472179178144,0.15524922545220837
1473501,2025,12,4,0,3.235294117647072,12.272727272727273,7.184210526315789,-56.0,5,5,baseline_mid,0.1694399452601018,0.19245653443333316
1473501,2025,12,5,0,3.235294117647072,12.558139534883722,7.090909090909092,-56.75,5,5,baseline_mid,0.1519408680179895,0.17429282508928678
1473501,2025,12,6,0,3.235294117647072,12.285714285714285,7.307692307692307,-53.5,5,5,baseline_mid,0.180326797603168,0.20365773757356884
1473501,2025,13,1,0,3.235294117647072,12.439024390243903,7.291139240506329,-53.25,5,5,baseline_mid,0.17063669689243952,0.18294174773211713
1473501,2025,13,2,0,3.235294117647072,12.149999999999999,7.5,-50.0,5,5,baseline_mid,0.24836418427699844,0.261389971135831
1473501,2025,13,3,0,3.235294117647072,12.461538461538463,7.4074074074074066,-50.75,5,5,baseline_mid,0.19503984492741572,0.2077525949700309
1473501,2025,13,4,0,3.235294117647072,12.631578947368421,7.390243902439025,-50.5,5,5,baseline_mid,0.1907178825635089,0.2033717181791818
1473501,2025,13,5,0,3.235294117647072,12.81081081081081,7.373493975903614,-50.25,5,5,baseline_mid,0.1766986359032593,0.18912241837660176
1473501,2025,13,6,0,3.235294117647072,13.0,7.357142857142858,-50.0,5,5,baseline_mid,0.18393635407344,0.19648648666455268
1473501,2025,14,1,0,3.235294117647072,13.371428571428572,7.270588235294117,-50.75,5,5,baseline_mid,0.14677891318220201,0.15678805615782695
1473501,2025,14,2,0,3.235294117647072,13.76470588235294,7.186046511627906,-56.60000000000002,6,4,baseline_mid,0.0512980165810959,0.05684691195989912
1473501,2025,14,3,0,3.235294117647072,14.181818181818183,7.103448275862069,-57.19999999999999,6,4,baseline_mid,0.03872173385359809,0.043295342942287714
1473501,2025,14,4,0,3.235294117647072,14.4375,7.090909090909092,-56.79999999999998,6,4,baseline_mid,0.03549921568943619,0.03979961547089134
1473501,2025,14,5,0,3.235294117647072,14.903225806451612,7.011235955056179,-62.05000000000001,7,3,baseline_mid,0.008836189210767963,0.010318299311432164
1473501,2025,14,6,0,3.235294117647072,15.2,7.0,-61.5,7,3,baseline_mid,0.00815740851415107,0.00954702981841764
1473501,2025,15,1,0,3.235294117647072,15.517241379310345,6.989010989010989,-60.94999999999999,7,3,baseline_mid,0.008612597388413183,0.009504444164181083
1473501,2025,15,2,0,3.235294117647072,15.642857142857142,7.043478260869566,-59.400000000000006,7,3,baseline_mid,0.010738841416961516,0.011808315527572985
1473501,2025,15,3,0,3.235294117647072,16.22222222222222,6.967741935483872,-63.900000000000006,8,2,baseline_mid,0.006264889069429546,0.006949158181017537
1473501,2025,15,4,0,3.235294117647072,16.615384615384613,6.957446808510638,-63.19999999999999,8,2,baseline_mid,0.005991535128235774,0.006650691705672424
1473501,2025,15,5,0,3.235294117647072,17.04,6.947368421052632,-62.5,8,2,baseline_mid,0.005933697828877158,0.006587512437408191
1473501,2025,15,6,0,3.235294117647072,17.75,6.875,-62.79999999999998,8,2,baseline_mid,0.006210852651325697,0.006890174950512056
1473502,2025,7,1,0,52.20689655172413,12.38961038961039,10.74418604651163,-22.287499999999994,1,9,baseline_mid,0.23192889850540555,0.25569415951716934
1473502,2025,7,2,0,52.20689655172413,12.236842105263158,11.045454545454545,-20.05000000000001,1,9,baseline_mid,0.25116321896767557,0.2733315242845409
1473502,2025,7,3,0,52.20689655172413,12.32,10.933333333333334,-20.8125,1,9,baseline_mid,0.2435758911318376,0.2663984315285642
1473502,2025,7,4,0,52.20689655172413,12.324324324324323,10.956521739130434,-20.57499999999999,1,9,baseline_mid,0.24497453862399945,0.26767878213192337
1473502,2025,7,5,0,52.20689655172413,12.410958904109588,10.851063829787234,-21.337500000000006,1,9,baseline_mid,0.24122833815266212,0.26424703530483973
1473502,2025,7,6,0,52.20689655172413,12.583333333333334,10.625,-37.2,2,8,baseline_mid,0.15634125051480088,0.1839178058943596
1473502,2025,8,1,0,52.20689655172413,12.676056338028168,10.53061224489796,-37.76666666666665,2,8,baseline_mid,0.16679554637938576,0.19446398901757134
1473502,2025,8,2,0,52.20689655172413,12.771428571428572,10.44,-38.3333333333333,2,8,baseline_mid,0.16115598206391202,0.18888573028291203
1473502,2025,8,3,0,52.20689655172413,12.869565217391305,10.352941176470589,-38.900000000000006,2,8,baseline_mid,0.16009567799111538,0.18783352434018263
1473502,2025,8,4,0,52.20689655172413,12.970588235294116,10.269230769230768,-39.46666666666667,2,8,baseline_mid,0.1484349763216976,0.1761866729403476
1473502,2025,8,5,0,52.20689655172413,12.805970149253731,10.528301886792454,-37.0333333333333,2,8,baseline_mid,0.16631112050933,0.19398601463359316
1473502,2025,8,6,0,52.20689655172413,12.909090909090908,10.444444444444445,-37.599999999999994,2,8,baseline_mid,0.16175139845981423,0.18947611706340053
1473502,2025,9,1,0,52.20689655172413,13.015384615384615,10.363636363636363,-38.16666666666666,2,8,baseline_mid,0.1567154206127771,0.19585694664682407
1473502,2025,9,2,0,52.20689655172413,13.125,10.285714285714285,-38.73333333333332,2,8,baseline_mid,0.14826867974993488,0.18729033160154532
1473502,2025,9,3,0,52.20689655172413,13.333333333333334,10.105263157894736,-52.63750000000002,3,7,baseline_mid,0.0698282654632658,0.10160805576531362
1473502,2025,9,4,0,52.20689655172413,13.548387096774196,9.931034482758621,-54.008333333333326,3,7,baseline_mid,0.06511091393993518,0.09595871207527823
1473502,2025,9,5,0,52.20689655172413,13.770491803278688,9.76271186440678,-55.37916666666669,3,7,baseline_mid,0.06291881176224143,0.09330600635241923
1473502,2025,9,6,0,52.20689655172413,13.900000000000002,9.7,-55.75,3,7,baseline_mid,0.0699495578629806,0.10175228630719488
1473502,2025,10,1,0,52.20689655172413,14.033898305084746,9.639344262295083,-56.12083333333334,3,7,baseline_mid,0.06851331520226422,0.09318740698504951
1473502,2025,10,2,0,52.20689655172413,14.172413793103448,9.580645161290322,-56.491666666666646,3,7,baseline_mid,0.06696070615030669,0.09136631716685956
1473502,2025,10,3,0,52.20689655172413,14.315789473684209,9.523809523809524,-56.86249999999998,3,7,baseline_mid,0.06494392199153509,0.08899105433388176
1473502,2025,10,4,0,52.20689655172413,14.357142857142858,9.5625,-56.23333333333335,3,7,baseline_mid,0.06718310866413477,0.09162757331963436
1473502,2025,10,5,0,52.20689655172413,14.509090909090908,9.507692307692308,-56.604166666666686,3,7,baseline_mid,0.0622615497872953,0.08581428124793787
1473502,2025,10,6,0,52.20689655172413,14.333333333333332,9.727272727272727,-53.97500000000002,3,7,baseline_mid,0.07398747495351195,0.09955850040393734
1473502,2025,11,1,0,52.20689655172413,13.924528301886793,10.119402985074627,-49.34583333333336,3,7,baseline_mid,0.10793672841434879,0.1365702922359428
1473502,2025,11,2,0,52.20689655172413,14.192307692307693,9.970588235294118,-50.71666666666667,3,7,baseline_mid,0.09725607573588461,0.12467896944933737
1473502,2025,11,3,0,52.20689655172413,14.352941176470587,9.91304347826087,-51.087500000000006,3,7,baseline_mid,0.10064607177197034,0.12847250991895978
1473502,2025,11,4,0,52.20689655172413,13.919999999999998,10.285714285714285,-46.458333333333314,3,7,baseline_mid,0.14255323735303,0.17403192762682407
1473502,2025,11,5,0,52.20689655172413,14.081632653061225,10.225352112676056,-46.82916666666665,3,7,baseline_mid,0.1357147933048754,0.16674816639016124
1473502,2025,11,6,0,52.20689655172413,14.25,10.166666666666666,-47.19999999999999,3,7,baseline_mid,0.13149181047112413,0.16222331121994177
1473502,2025,12,1,0,52.20689655172413,14.297872340425531,10.191780821917808,-46.570833333333326,3,7,baseline_mid,0.13617415308735564,0.15774229198649295
1473502,2025,12,2,0,52.20689655172413,14.478260869565219,10.135135135135135,-46.94166666666666,3,7,baseline_mid,0.1306880461945583,0.1519385670398549
1473502,2025,12,3,0,52.20689655172413,14.666666666666668,10.08,-47.3125,3,7,baseline_mid,0.1271203288498665,0.14815110110046004
1473502,2025,12,4,0,52.20689655172413,14.863636363636363,10.026315789473685,-47.68333333333334,3,7,baseline_mid,0.12128079940763331,0.14192859209509168
1473502,2025,12,5,0,52.20689655172413,15.069767441860465,9.974025974025974,-48.054166666666674,3,7,baseline_mid,0.11481864870049086,0.13500747412686537
1473502,2025,12,6,0,52.20689655172413,15.285714285714285,9.923076923076923,-48.42500000000001,3,7,baseline_mid,0.09899581234569495,0.11789214588891692
1473502,2025,12,7,0,52.20689655172413,15.658536585365855,9.79746835443038,-49.79583333333335,3,7,baseline_mid,0.08381594129859123,0.10121977704502193
1473502,2025,13,1,0,52.20689655172413,15.073170731707318,10.10126582278481,-45.79583333333335,3,7,baseline_mid,0.11612343349105615,0.1267554876669835
1473502,2025,13,2,0,52.20689655172413,15.149999999999999,10.125,-45.166666666666686,3,7,baseline_mid,0.11931828073397549,0.13008230141327184
1473502,2025,13,3,0,52.20689655172413,14.923076923076923,10.296296296296298,-42.537499999999994,3,7,baseline_mid,0.13355770688992702,0.1448542523760491
1473502,2025,13,4,0,52.20689655172413,15.315789473684212,10.170731707317072,-43.90833333333333,3,7,baseline_mid,0.11907542361460369,0.12982957924629768
1473502,2025,13,5,0,52.20689655172413,15.567567567567568,10.120481927710845,-44.27916666666667,3,7,baseline_mid,0.11294506731693275,0.12344105987315938
1473502,2025,13,6,0,52.20689655172413,15.0,10.428571428571429,-39.650000000000006,3,7,baseline_mid,0.15423732479123198,0.1661588404017096
1473502,2025,14,1,0,52.20689655172413,14.399999999999999,10.729411764705883,-35.02083333333334,3,7,baseline_mid,0.20858940785082872,0.2197646661430463
1473502,2025,14,2,0,52.20689655172413,14.647058823529413,10.674418604651162,-35.39166666666668,3,7,baseline_mid,0.19930150437505872,0.21036415598959157
1473502,2025,14,3,0,52.20689655172413,14.727272727272727,10.689655172413794,-34.76249999999999,3,7,baseline_mid,0.20230258949925473,0.2134038323443709
1473502,2025,14,4,0,52.20689655172413,14.4375,10.840909090909092,-32.133333333333326,3,7,baseline_mid,0.2241591486145388,0.23547940628977007
1473502,2025,14,5,0,52.20689655172413,13.741935483870968,11.123595505617978,-27.504166666666663,3,7,baseline_mid,0.27512057831815906,0.28657196087897713
1473502,2025,14,6,0,52.20689655172413,14.2,11.0,-28.875,3,7,baseline_mid,0.24723054204682596,0.2586717750615758
1473502,2025,15,1,0,52.20689655172413,13.862068965517242,11.142857142857142,-26.245833333333337,3,7,baseline_mid,0.26961773969126246,0.27796021460859793
1473502,2025,15,2,0,52.20689655172413,13.07142857142857,11.41304347826087,-21.616666666666674,3,7,baseline_mid,0.3384478448339344,0.34677155059828857
1473502,2025,15,3,0,52.20689655172413,12.666666666666668,11.548387096774194,-18.98750000000001,3,7,baseline_mid,0.35880657670936933,0.36703355193611886
1473502,2025,15,4,0,52.20689655172413,12.923076923076923,11.48936170212766,-19.35833333333335,3,7,baseline_mid,0.34346511723626655,0.3517685382589889
1473502,2025,15,5,0,52.20689655172413,13.440000000000001,11.368421052631579,-20.729166666666657,3,7,baseline_mid,0.32716253776685084,0.3355230721210935
1473502,2025,15,6,0,52.20689655172413,13.75,11.3125,-21.099999999999994,3,7,baseline_mid,0.31532728790257236,0.3237129453079834
1473502,2025,15,7,0,52.20689655172413,14.086956521739133,11.257731958762886,-21.47083333333333,3,7,baseline_mid,0.304660287393754,0.3130562936374682
1473503,2025,7,1,0,58.63157894736841,11.532467532467532,11.720930232558139,-13.597499999999997,1,9,baseline_mid,0.27951342377175215,0.29898719254356393
1473503,2025,7,2,0,58.63157894736841,11.605263157894736,11.590909090909092,-14.330000000000013,1,9,baseline_mid,0.27894140162235415,0.29847311449137615
1473503,2025,7,3,0,58.63157894736841,11.76,11.333333333333332,-16.0625,1,9,baseline_mid,0.26190140348641155,0.2830934619767665
1473503,2025,7,4,0,58.63157894736841,11.594594594594595,11.608695652173912,-13.794999999999987,1,9,baseline_mid,0.2744197547786376,0.2944046051954003
1473503,2025,7,5,0,58.63157894736841,11.67123287671233,11.48936170212766,-14.527500000000003,1,9,baseline_mid,0.2664448098893837,0.2872070104896548
1473503,2025,7,6,0,58.63157894736841,11.333333333333332,12.0,-10.259999999999991,1,9,baseline_mid,0.311841354890211,0.3278344355152144
1473503,2025,8,1,0,58.63157894736841,11.408450704225352,11.877551020408163,-10.992500000000007,1,9,baseline_mid,0.29282706663349456,0.31320527742717336
1473503,2025,8,2,0,58.63157894736841,11.057142857142857,12.36,-6.724999999999994,1,9,baseline_mid,0.37129485607953017,0.38355888299465607
1473503,2025,8,3,0,58.63157894736841,11.130434782608695,12.235294117647058,-7.45750000000001,1,9,baseline_mid,0.36106889817614574,0.37448323433976377
1473503,2025,8,4,0,58.63157894736841,11.117647058823529,12.23076923076923,-7.189999999999998,1,9,baseline_mid,0.36538395470804513,0.37831562629633686
1473503,2025,8,5,0,58.63157894736841,11.194029850746269,12.113207547169813,-7.922499999999985,1,9,baseline_mid,0.36367221872766187,0.3767958468780591
1473503,2025,8,6,0,58.63157894736841,11.272727272727273,12.0,-8.654999999999973,1,9,baseline_mid,0.3634887448508561,0.3766329101726924
1473503,2025,9,1,0,58.63157894736841,11.26153846153846,12.0,-8.387499999999989,1,9,baseline_mid,0.37959918887338645,0.4003565292911611
1473503,2025,9,2,0,58.63157894736841,11.34375,11.892857142857142,-9.120000000000005,1,9,baseline_mid,0.36176728494904653,0.38492932675510627
1473503,2025,9,3,0,58.63157894736841,11.428571428571427,11.789473684210526,-9.852499999999992,1,9,baseline_mid,0.3398351124283462,0.36581927933227304
1473503,2025,9,4,0,58.63157894736841,11.225806451612902,12.0,-7.5849999999999795,1,9,baseline_mid,0.3891187883099305,0.4085571046025751
1473503,2025,9,5,0,58.63157894736841,11.40983606557377,11.796610169491526,-9.317499999999995,1,9,baseline_mid,0.3616887393939281,0.3848611675095988
1473503,2025,9,6,0,58.63157894736841,11.399999999999999,11.799999999999999,-9.050000000000011,1,9,baseline_mid,0.3728392982191816,0.3945188531909518
1473503,2025,10,1,0,58.63157894736841,11.491525423728813,11.704918032786885,-9.782499999999999,1,9,baseline_mid,0.36293681074321915,0.3857691606522651
1473503,2025,10,2,0,58.63157894736841,11.586206896551724,11.612903225806452,-10.514999999999986,1,9,baseline_mid,0.3660087304003719,0.3885516366912347
1473503,2025,10,3,0,58.63157894736841,11.789473684210526,11.428571428571427,-12.247500000000002,1,9,baseline_mid,0.3426316648039386,0.3673073903438863
1473503,2025,10,4,0,58.63157894736841,12.0,11.25,-24.76000000000002,2,8,baseline_mid,0.23371913951384685,0.2654931166460379
1473503,2025,10,5,0,58.63157894736841,12.10909090909091,11.169230769230769,-25.299999999999983,2,8,baseline_mid,0.2441853657089866,0.2755363450381714
1473503,2025,10,6,0,58.63157894736841,11.666666666666666,11.545454545454547,-20.839999999999975,2,8,baseline_mid,0.29971554211288426,0.3278241298415967
1473503,2025,11,1,0,58.63157894736841,11.773584905660378,11.462686567164178,-21.380000000000024,2,8,baseline_mid,0.28228809790872045,0.31427585641981015
1473503,2025,11,2,0,58.63157894736841,11.884615384615385,11.382352941176471,-21.919999999999987,2,8,baseline_mid,0.29421111911062997,0.3256882608738862
1473503,2025,11,3,0,58.63157894736841,12.117647058823529,11.217391304347826,-33.2775,3,7,baseline_mid,0.1942222327851336,0.22756566496573558
1473503,2025,11,4,0,58.63157894736841,11.64,11.571428571428571,-28.62499999999997,3,7,baseline_mid,0.21762551454128531,0.2510851749826614
1473503,2025,11,5,0,58.63157894736841,11.755102040816325,11.492957746478872,-28.972499999999997,3,7,baseline_mid,0.20796938405709128,0.24142894878675886
1473503,2025,11,6,0,58.63157894736841,11.875,11.416666666666666,-29.319999999999993,3,7,baseline_mid,0.2047174487681564,0.23816216024163267
1473503,2025,11,7,0,58.63157894736841,12.0,11.342465753424658,-29.66749999999999,3,7,baseline_mid,0.19936197134611489,0.23276535396496165
1473503,2025,11,8,0,58.63157894736841,12.260869565217392,11.18918918918919,-31.015000000000015,3,7,baseline_mid,0.19420291809153944,0.22754608671158608
1473503,2025,12,1,0,58.63157894736841,11.48936170212766,11.67123287671233,-25.66749999999999,3,7,baseline_mid,0.24209927097494296,0.26600009143237646
1473503,2025,12,2,0,58.63157894736841,11.73913043478261,11.513513513513512,-27.015000000000015,3,7,baseline_mid,0.2566555735439583,0.2804336354766747
1473503,2025,12,3,0,58.63157894736841,11.733333333333333,11.52,-26.36250000000001,3,7,baseline_mid,0.26853118783603186,0.29214679666215543
1473503,2025,12,4,0,58.63157894736841,11.727272727272727,11.526315789473685,-25.710000000000008,3,7,baseline_mid,0.268578803205942,0.29219365282204424
1473503,2025,12,5,0,58.63157894736841,11.86046511627907,11.454545454545455,-26.057500000000033,3,7,baseline_mid,0.26567127730906553,0.2893309299698396
1473503,2025,12,6,0,58.63157894736841,12.0,11.384615384615383,-26.405,3,7,baseline_mid,0.26026752777025586,0.2840019276417973
1473503,2025,13,1,0,58.63157894736841,11.707317073170731,11.544303797468356,-23.752499999999998,3,7,baseline_mid,0.2948912934858833,0.307657614386237
1473503,2025,13,2,0,58.63157894736841,11.100000000000001,11.850000000000001,-19.100000000000023,3,7,baseline_mid,0.3358472928077446,0.3480530462233916
1473503,2025,13,3,0,58.63157894736841,11.23076923076923,11.777777777777779,-19.44749999999999,3,7,baseline_mid,0.3336541641369714,0.3458968662763056
1473503,2025,13,4,0,58.63157894736841,11.210526315789474,11.78048780487805,-18.794999999999987,3,7,baseline_mid,0.3439009855864505,0.3559648068194391
1473503,2025,13,5,0,58.63157894736841,11.35135135135135,11.710843373493976,-19.142500000000013,3,7,baseline_mid,0.34126717658587846,0.3533784823815682
1473503,2025,13,6,0,58.63157894736841,11.5,11.642857142857142,-19.49000000000001,3,7,baseline_mid,0.32944131385459213,0.3417529038992749
1473503,2025,14,1,0,58.63157894736841,11.657142857142857,11.576470588235294,-19.837500000000006,3,7,baseline_mid,0.3270349213744635,0.33816059028709455
1473503,2025,14,2,0,58.63157894736841,11.823529411764707,11.511627906976745,-20.18500000000003,3,7,baseline_mid,0.31644493693467235,0.3276701426447912
1473503,2025,14,3,0,58.63157894736841,12.181818181818182,11.379310344827587,-21.5325,3,7,baseline_mid,0.30530468824144263,0.316617043413171
1473503,2025,14,4,0,58.63157894736841,12.375,11.318181818181818,-21.879999999999995,3,7,baseline_mid,0.2992281735476524,0.31058018616159777
1473503,2025,14,5,0,58.63157894736841,12.774193548387096,11.191011235955056,-23.227499999999992,3,7,baseline_mid,0.2858162578622425,0.29723528441763386
1473503,2025,14,6,0,58.63157894736841,13.0,11.133333333333333,-23.57499999999999,3,7,baseline_mid,0.2817589760245403,0.29319253154776187
1473503,2025,15,1,0,58.63157894736841,12.620689655172413,11.274725274725274,-20.922499999999985,3,7,baseline_mid,0.32389660875763804,0.3322654788807429
1473503,2025,15,2,0,58.63157894736841,12.857142857142858,11.217391304347826,-21.27000000000001,3,7,baseline_mid,0.31373351864744536,0.3221214740187624
1473503,2025,15,3,0,58.63157894736841,13.11111111111111,11.161290322580644,-21.617500000000007,3,7,baseline_mid,0.3018766781223818,0.310273412675532
1473503,2025,15,4,0,58.63157894736841,13.615384615384615,11.042553191489361,-27.97,4,6,baseline_mid,0.20748520387186456,0.2153583557117768
1473503,2025,15,5,0,58.63157894736841,13.919999999999998,10.989473684210527,-28.125,4,6,baseline_mid,0.22266346346544433,0.23069995405177876
1473503,2025,15,6,0,58.63157894736841,14.5,10.875,-33.900000000000006,5,5,baseline_mid,0.11750024681749427,0.12360501948181632
1473504,2025,7,1,0,45.46666666666667,14.493506493506494,6.279069767441861,-81.69166666666666,3,7,baseline_mid,0.01856005859011062,0.030455832381750234
1473504,2025,7,2,0,45.46666666666667,14.605263157894736,6.2727272727272725,-82.03333333333333,3,7,baseline_mid,0.01658553662928288,0.027668588510830677
1473504,2025,7,3,0,45.46666666666667,14.8,6.133333333333333,-83.375,3,7,baseline_mid,0.01575568306136614,0.026482155172512217
1473504,2025,7,4,0,45.46666666666667,14.594594594594595,6.6521739130434785,-79.71666666666667,3,7,baseline_mid,0.02051070608776072,0.033164525131093046
1473504,2025,7,5,0,45.46666666666667,14.712328767123289,6.638297872340425,-80.05833333333334,3,7,baseline_mid,0.020204979437348895,0.03274273620276908
1473504,2025,7,6,0,45.46666666666667,14.416666666666666,7.25,-75.4,3,7,baseline_mid,0.027711982082602782,0.04284542045609296
1473504,2025,7,7,0,45.46666666666667,14.535211267605632,7.224489795918368,-75.74166666666667,3,7,baseline_mid,0.02701928608306252,0.04193330840171863
1473504,2025,8,1,0,45.46666666666667,14.450704225352112,7.346938775510204,-74.74166666666667,3,7,baseline_mid,0.028652874774359693,0.043225803363756
1473504,2025,8,2,0,45.46666666666667,14.57142857142857,7.32,-75.08333333333334,3,7,baseline_mid,0.02777940444195002,0.042087303787217346
1473504,2025,8,3,0,45.46666666666667,14.695652173913045,7.2941176470588225,-75.42500000000001,3,7,baseline_mid,0.02689560842227475,0.04092997452364187
1473504,2025,8,4,0,45.46666666666667,14.558823529411764,7.615384615384615,-72.76666666666668,3,7,baseline_mid,0.0347036141526332,0.050980388869671676
1473504,2025,8,5,0,45.46666666666667,14.686567164179104,7.584905660377358,-73.10833333333332,3,7,baseline_mid,0.03399360274318044,0.050081578946518435
1473504,2025,8,6,0,45.46666666666667,14.90909090909091,7.444444444444445,-74.44999999999999,3,7,baseline_mid,0.030248714469389135,0.04529278392164001
1473504,2025,9,1,0,45.46666666666667,14.76923076923077,7.745454545454546,-71.79166666666666,3,7,baseline_mid,0.038917918909032755,0.06286408885687321
1473504,2025,9,2,0,45.46666666666667,14.625,8.035714285714285,-69.13333333333335,3,7,baseline_mid,0.04482659711929659,0.0706321314909278
1473504,2025,9,3,0,45.46666666666667,14.761904761904763,8.0,-69.47500000000002,3,7,baseline_mid,0.04228499747315142,0.06731632227910413
1473504,2025,9,4,0,45.46666666666667,14.419354838709678,8.482758620689655,-64.81666666666666,3,7,baseline_mid,0.05703169255895968,0.08608876749361259
1473504,2025,9,5,0,45.46666666666667,14.557377049180328,8.440677966101696,-65.15833333333336,3,7,baseline_mid,0.05391584112388368,0.0822100545653127
1473504,2025,9,6,0,45.46666666666667,14.599999999999998,8.5,-64.5,3,7,baseline_mid,0.05837457314469005,0.08774749959812242
1473504,2025,10,1,0,45.46666666666667,14.847457627118644,8.360655737704917,-77.15,4,6,baseline_mid,0.02365933055520709,0.03707176889123323
1473504,2025,10,2,0,45.46666666666667,15.0,8.322580645161292,-77.29999999999998,4,6,baseline_mid,0.030804498860847823,0.0466518488279906
1473504,2025,10,3,0,45.46666666666667,15.263157894736842,8.19047619047619,-78.45000000000002,4,6,baseline_mid,0.028323288579120007,0.043364310665513064
1473504,2025,10,4,0,45.46666666666667,15.535714285714286,8.0625,-90.33333333333331,5,5,baseline_mid,0.011099439026289555,0.01912040394204615
1473504,2025,10,5,0,45.46666666666667,15.818181818181817,7.938461538461539,-91.29166666666669,5,5,baseline_mid,0.00920631873529483,0.01622655615452708
1473504,2025,10,6,0,45.46666666666667,16.11111111111111,7.818181818181818,-92.25,5,5,baseline_mid,0.008392177489000226,0.014959341951306371
1473504,2025,11,1,0,45.46666666666667,16.41509433962264,7.701492537313433,-93.20833333333334,5,5,baseline_mid,0.00658565925596894,0.011373188322325213
1473504,2025,11,2,0,45.46666666666667,16.5,7.764705882352942,-92.16666666666666,5,5,baseline_mid,0.006757776723219175,0.011639778704087455
1473504,2025,11,3,0,45.46666666666667,16.588235294117645,7.826086956521739,-91.125,5,5,baseline_mid,0.00747627801927424,0.012745117764772888
1473504,2025,11,4,0,45.46666666666667,16.799999999999997,7.800000000000001,-91.08333333333331,5,5,baseline_mid,0.006146557804318705,0.01068968358826758
1473504,2025,11,5,0,45.46666666666667,17.020408163265305,7.774647887323944,-91.04166666666669,5,5,baseline_mid,0.005836284840319733,0.010203625486335926
1473504,2025,11,6,0,45.46666666666667,16.875,8.0,-88.0,5,5,baseline_mid,0.007561227050958117,0.012875036728497864
1473504,2025,11,7,0,45.46666666666667,17.106382978723403,7.972602739726027,-87.95833333333334,5,5,baseline_mid,0.007767225940077547,0.013189445000126188
1473504,2025,12,1,0,45.46666666666667,16.340425531914892,8.465753424657535,-81.95833333333334,5,5,baseline_mid,0.013725658164731036,0.019005419489276577
1473504,2025,12,2,0,45.46666666666667,16.695652173913043,8.35135135135135,-82.91666666666666,5,5,baseline_mid,0.011623311355552474,0.01628278639464264
1473504,2025,12,3,0,45.46666666666667,16.933333333333334,8.32,-82.875,5,5,baseline_mid,0.010510515524243272,0.014827311936234893
1473504,2025,12,4,0,45.46666666666667,17.181818181818183,8.289473684210526,-82.83333333333334,5,5,baseline_mid,0.009538353414240665,0.013546592614922815
1473504,2025,12,5,0,45.46666666666667,17.58139534883721,8.181818181818182,-92.03333333333333,6,4,baseline_mid,0.0035675174738513185,0.005416765737737915
1473504,2025,12,6,0,45.46666666666667,17.857142857142858,8.153846153846153,-91.79999999999998,6,4,baseline_mid,0.0038068740888569774,0.005755067983035328
1473504,2025,13,1,0,45.46666666666667,18.29268292682927,8.050632911392405,-92.56666666666666,6,4,baseline_mid,0.0035449406982898243,0.004419742255375044
1473504,2025,13,2,0,45.46666666666667,18.15,8.25,-89.33333333333334,6,4,baseline_mid,0.0042775061142489015,0.00529848892428197
1473504,2025,13,3,0,45.46666666666667,18.615384615384617,8.148148148148149,-90.1,6,4,baseline_mid,0.0036743155154197625,0.004575366937254803
1473504,2025,13,4,0,45.46666666666667,19.105263157894736,8.048780487804878,-98.15,7,3,baseline_mid,0.0014981407217934863,0.0019239047453071105
1473504,2025,13,5,0,45.46666666666667,19.62162162162162,7.951807228915663,-98.725,7,3,baseline_mid,0.001475573676931752,0.0018959063852148235
1473504,2025,13,6,0,45.46666666666667,20.166666666666668,7.857142857142858,-99.30000000000001,7,3,baseline_mid,0.0016157391205030246,0.0020695755218179926
1473504,2025,14,1,0,45.46666666666667,20.057142857142857,8.047058823529412,-95.875,7,3,baseline_mid,0.0016476256612561768,0.0020146139966517474
1473504,2025,14,2,0,45.46666666666667,20.294117647058822,8.093023255813954,-94.45000000000002,7,3,baseline_mid,0.0016421759043942267,0.002008129847024374
1473504,2025,14,3,0,45.46666666666667,20.727272727272727,8.068965517241379,-94.025,7,3,baseline_mid,0.0016300122365359368,0.0019936553294533617
1473504,2025,14,4,0,45.46666666666667,21.375,7.9772727272727275,-94.60000000000002,7,3,baseline_mid,0.0016106652984307934,0.0019706267848125327
1473504,2025,14,5,0,45.46666666666667,21.870967741935484,7.95505617977528,-94.17499999999998,7,3,baseline_mid,0.001660146378883484,0.002029508999022191
1473504,2025,14,6,0,45.46666666666667,21.400000000000002,8.266666666666666,-88.75,7,3,baseline_mid,0.0021045968553583547,0.002556406974975398
1473504,2025,14,7,0,45.46666666666667,21.931034482758623,8.241758241758241,-88.32499999999999,7,3,baseline_mid,0.0021409171872014614,0.0025993205392674276
1473504,2025,15,1,0,45.46666666666667,21.931034482758623,8.241758241758241,-88.32499999999999,7,3,baseline_mid,0.002086722450816915,0.002355117230022047
1473504,2025,15,2,0,45.46666666666667,22.5,8.217391304347826,-87.9,7,3,baseline_mid,0.002254524429074853,0.002541433115211657
1473504,2025,15,3,0,45.46666666666667,23.333333333333332,8.129032258064516,-93.64999999999998,8,2,baseline_mid,0.0015409165580335703,0.0017473352056499804
1473504,2025,15,4,0,45.46666666666667,24.23076923076923,8.042553191489361,-94.03333333333333,8,2,baseline_mid,0.001539254506754962,0.0017454797670026945
1473504,2025,15,5,0,45.46666666666667,25.200000000000003,7.957894736842105,-94.41666666666669,8,2,baseline_mid,0.0015375668541199527,0.001743595715952615
1473504,2025,15,6,0,45.46666666666667,26.0,7.9375,-93.79999999999998,8,2,baseline_mid,0.001536748208362722,0.0017426817896424207
1473505,2025,7,1,0,80.76190476190476,16.90909090909091,8.651162790697674,-91.13166666666666,3,7,baseline_mid,0.003370880779556514,0.007057261157021625
1473505,2025,7,2,0,80.76190476190476,16.973684210526315,8.727272727272727,-90.75333333333333,3,7,baseline_mid,0.0033946846524977254,0.007100108241383142
1473505,2025,7,3,0,80.76190476190476,17.2,8.533333333333333,-92.375,3,7,baseline_mid,0.0033567884460176845,0.007031874577841172
1473505,2025,7,4,0,80.76190476190476,16.945945945945944,9.130434782608695,-87.99666666666667,3,7,baseline_mid,0.004431408823760245,0.008928649917479237
1473505,2025,7,5,0,80.76190476190476,17.17808219178082,8.936170212765957,-106.53,4,6,baseline_mid,0.0018554999648546227,0.00422126495348784
1473505,2025,7,6,0,80.76190476190476,17.416666666666664,8.75,-124.6,5,5,baseline_mid,0.00122811033173629,0.0029581300728510314
1473505,2025,8,1,0,80.76190476190476,17.661971830985916,8.571428571428571,-125.75833333333333,5,5,baseline_mid,0.0011094351869182007,0.0025550857952212616
1473505,2025,8,2,0,80.76190476190476,17.82857142857143,8.52,-125.91666666666666,5,5,baseline_mid,0.0010899020225645256,0.002515728435250545
1473505,2025,8,3,0,80.76190476190476,18.0,8.470588235294118,-126.07500000000002,5,5,baseline_mid,0.0010703150256827017,0.0024761724068442913
1473505,2025,8,4,0,80.76190476190476,18.176470588235293,8.423076923076923,-126.23333333333335,5,5,baseline_mid,0.0010486592318451082,0.0024323310741353396
1473505,2025,8,5,0,80.76190476190476,18.35820895522388,8.377358490566037,-126.39166666666665,5,5,baseline_mid,0.0011137925701392435,0.002563853408570241
1473505,2025,8,6,0,80.76190476190476,18.545454545454547,8.333333333333332,-126.54999999999998,5,5,baseline_mid,0.0010051448822186156,0.0023438866905415986
1473505,2025,8,7,0,80.76190476190476,18.73846153846154,8.290909090909091,-126.70833333333334,5,5,baseline_mid,0.0010081248399618733,0.002349958853147389
1473505,2025,9,1,0,80.76190476190476,18.73846153846154,8.290909090909091,-126.70833333333334,5,5,baseline_mid,0.0010009102132723002,0.002922643446069341
1473505,2025,9,2,0,80.76190476190476,19.03125,8.142857142857142,-127.86666666666667,5,5,baseline_mid,0.0009723925861021632,0.002852151854398617
1473505,2025,9,3,0,80.76190476190476,19.23809523809524,8.105263157894736,-128.025,5,5,baseline_mid,0.0009428085944435838,0.002778680842735504
1473505,2025,9,4,0,80.76190476190476,19.354838709677416,8.172413793103448,-127.18333333333334,5,5,baseline_mid,0.0010160818625410985,0.0029600168889497005
1473505,2025,9,5,0,80.76190476190476,19.573770491803277,8.135593220338983,-127.34166666666667,5,5,baseline_mid,0.001007365019745516,0.0029385548313489215
1473505,2025,9,6,0,80.76190476190476,19.799999999999997,8.100000000000001,-127.5,5,5,baseline_mid,0.0009852814471005469,0.0028840509108004975
1473505,2025,10,1,0,80.76190476190476,20.033898305084747,8.065573770491802,-127.65833333333333,5,5,baseline_mid,0.0009599867932582509,0.0022130744357682875
1473505,2025,10,2,0,80.76190476190476,20.379310344827587,7.935483870967742,-128.81666666666666,5,5,baseline_mid,0.0009383101387033506,0.0021688825238278934
1473505,2025,10,3,0,80.76190476190476,20.63157894736842,7.904761904761905,-128.975,5,5,baseline_mid,0.0008786843654072177,0.0020466933645138614
1473505,2025,10,4,0,80.76190476190476,20.892857142857142,7.875,-129.13333333333333,5,5,baseline_mid,0.000907392396926352,0.0021056417515735192
1473505,2025,10,5,0,80.76190476190476,21.272727272727273,7.753846153846155,-130.29166666666669,5,5,baseline_mid,0.0008060004195893679,0.0018964106591018318
1473505,2025,10,6,0,80.76190476190476,21.22222222222222,8.0,-127.45000000000002,5,5,baseline_mid,0.0009479359309171549,0.002188521185821733
1473505,2025,11,1,0,80.76190476190476,21.50943396226415,7.970149253731344,-127.60833333333335,5,5,baseline_mid,0.0010163987928781663,0.00211523999901873
1473505,2025,11,2,0,80.76190476190476,21.923076923076923,7.852941176470589,-128.76666666666665,5,5,baseline_mid,0.0010480015942297314,0.002174438075249756
1473505,2025,11,3,0,80.76190476190476,22.235294117647058,7.826086956521739,-128.92499999999998,5,5,baseline_mid,0.0010705079889506408,0.0022164883974045164
1473505,2025,11,4,0,80.76190476190476,22.56,7.800000000000001,-129.08333333333331,5,5,baseline_mid,0.000996697476370035,0.0020782433088361828
1473505,2025,11,5,0,80.76190476190476,22.53061224489796,8.028169014084508,-126.24166666666667,5,5,baseline_mid,0.0011194856085852138,0.002307695752105932
1473505,2025,11,6,0,80.76190476190476,23.0,7.916666666666666,-127.4,5,5,baseline_mid,0.000993224950959031,0.0020717148275889107
1473505,2025,12,1,0,80.76190476190476,23.48936170212766,7.808219178082192,-128.55833333333334,5,5,baseline_mid,0.000985542084479386,0.0016298015077228574
1473505,2025,12,2,0,80.76190476190476,24.0,7.702702702702703,-140.37333333333333,6,4,baseline_mid,0.0007357613962476539,0.0012403783938595508
1473505,2025,12,3,0,80.76190476190476,24.4,7.68,-140.29999999999998,6,4,baseline_mid,0.0007596387426943084,0.0012779441399543177
1473505,2025,12,4,0,80.76190476190476,24.954545454545453,7.578947368421052,-141.22666666666666,6,4,baseline_mid,0.0008101562190487826,0.0013571678207918159
1473505,2025,12,5,0,80.76190476190476,25.395348837209305,7.558441558441559,-141.15333333333334,6,4,baseline_mid,0.0008319836753005958,0.0013912961837129444
1473505,2025,12,6,0,80.76190476190476,26.0,7.461538461538462,-142.07999999999998,6,4,baseline_mid,0.0008540526240559067,0.0014257418343649425
1473505,2025,13,1,0,80.76190476190476,26.634146341463417,7.367088607594937,-143.00666666666666,6,4,baseline_mid,0.0008511422703392977,0.0011142835407499138
1473505,2025,13,2,0,80.76190476190476,27.150000000000002,7.3500000000000005,-142.93333333333334,6,4,baseline_mid,0.0008507777626297068,0.0011138225546720609
1473505,2025,13,3,0,80.76190476190476,26.923076923076923,7.703703703703703,-137.85999999999999,6,4,baseline_mid,0.0008853885176452943,0.0011575644047950857
1473505,2025,13,4,0,80.76190476190476,26.68421052631579,8.048780487804878,-132.78666666666666,6,4,baseline_mid,0.0009697254603790775,0.0012639108539743908
1473505,2025,13,5,0,80.76190476190476,27.405405405405403,7.951807228915663,-142.285,7,3,baseline_mid,0.0007847030189533946,0.0010301443828445592
1473505,2025,13,6,0,80.76190476190476,28.0,7.928571428571429,-141.98000000000002,7,3,baseline_mid,0.0007849655581997299,0.001030477330976534
1473505,2025,14,1,0,80.76190476190476,28.114285714285714,8.117647058823529,-138.67499999999998,7,3,baseline_mid,0.0007572404952911392,0.0009454589801892356
1473505,2025,14,2,0,80.76190476190476,28.941176470588232,8.023255813953488,-139.37,7,3,baseline_mid,0.0007580651281878686,0.0009464609715610347
1473505,2025,14,3,0,80.76190476190476,28.727272727272727,8.344827586206897,-134.065,7,3,baseline_mid,0.0007814166271521191,0.0009748227300998458
1473505,2025,14,4,0,80.76190476190476,28.5,8.659090909090908,-128.76000000000002,7,3,baseline_mid,0.0008795737997347793,0.0010937979958613915
1473505,2025,14,5,0,80.76190476190476,29.032258064516128,8.696629213483146,-127.45499999999998,7,3,baseline_mid,0.0008927902829384299,0.0011097892514810976
1473505,2025,14,6,0,80.76190476190476,29.8,8.666666666666666,-127.15000000000003,7,3,baseline_mid,0.0008926883545063999,0.0011096659479855186
1473505,2025,15,1,0,80.76190476190476,30.620689655172416,8.637362637362637,-126.84499999999997,7,3,baseline_mid,0.0008825668617193876,0.0010094709314954417
1473505,2025,15,2,0,80.76190476190476,30.428571428571427,8.934782608695652,-121.54000000000002,7,3,baseline_mid,0.0009106950289931364,0.0010411386700092447
1473505,2025,15,3,0,80.76190476190476,31.333333333333336,8.903225806451612,-121.23500000000001,7,3,baseline_mid,0.0008998993907190899,0.0010289863650748319
1473505,2025,15,4,0,80.76190476190476,32.30769230769231,8.872340425531915,-120.93,7,3,baseline_mid,0.0008990167092965915,0.0010279926587893915
1473505,2025,15,5,0,80.76190476190476,32.160000000000004,9.157894736842106,-115.625,7,3,baseline_mid,0.0009223722637348262,0.001054280835366444
1473505,2025,15,6,0,80.76190476190476,32.0,9.4375,-110.32,7,3,baseline_mid,0.0009674922126328963,0.0011050371040245907
1473506,2025,7,1,1,-3.4375,9.350649350649352,9.069767441860465,-12.739999999999995,1,9,baseline_mid,0.6818499629192322,0.6510262134220269
1473506,2025,7,2,1,-3.4375,9.473684210526315,8.863636363636363,-14.120000000000005,1,9,baseline_mid,0.6675325750719732,0.6381226490193195
1473506,2025,7,3,1,-3.4375,9.52,8.799999999999999,-14.5,1,9,baseline_mid,0.669753020303854,0.6401183849832784
1473506,2025,7,4,1,-3.4375,9.162162162162161,9.391304347826088,-9.879999999999995,1,9,baseline_mid,0.7173157215134554,0.6833865699547786
1473506,2025,7,5,1,-3.4375,9.123287671232877,9.446808510638299,-9.260000000000005,1,9,baseline_mid,0.7253010968364222,0.6907607159415685
1473506,2025,7,6,1,-3.4375,9.166666666666666,9.375,-9.639999999999986,1,9,baseline_mid,0.7257242892963065,0.6911525021696623
1473506,2025,8,1,1,-3.4375,9.211267605633802,9.306122448979592,-10.02000000000001,1,9,baseline_mid,0.7210413678337538,0.6937126169432523
1473506,2025,8,2,1,-3.4375,9.257142857142858,9.24,-10.399999999999991,1,9,baseline_mid,0.7170087824817022,0.6899883840526138
1473506,2025,8,3,1,-3.4375,9.043478260869566,9.529411764705882,-7.780000000000001,1,9,baseline_mid,0.7326290828846971,0.7044578350858052
1473506,2025,8,4,1,-3.4375,9.088235294117647,9.461538461538462,-8.159999999999997,1,9,baseline_mid,0.7262752096800988,0.6985577646852401
1473506,2025,8,5,1,-3.4375,9.134328358208954,9.39622641509434,-8.539999999999992,1,9,baseline_mid,0.7260679507002015,0.6983656457795322
1473506,2025,8,6,1,-3.4375,9.181818181818182,9.333333333333334,-8.919999999999987,1,9,baseline_mid,0.726044404380517,0.6983438208257353
1473506,2025,8,7,1,-3.4375,9.323076923076924,9.163636363636364,-10.299999999999997,1,9,baseline_mid,0.718870702343537,0.6917069875717019
1473506,2025,9,1,1,-3.4375,9.323076923076924,9.163636363636364,-10.299999999999997,1,9,baseline_mid,0.7183082002191707,0.6908090888081749
1473506,2025,9,2,1,-3.4375,9.375,9.107142857142858,-10.680000000000007,1,9,baseline_mid,0.7222812966448433,0.6943622689115395
1473506,2025,9,3,1,-3.4375,9.142857142857142,9.368421052631579,-8.059999999999988,1,9,baseline_mid,0.7356655242421486,0.7063931985080331
1473506,2025,9,4,1,-3.4375,9.29032258064516,9.206896551724139,-9.439999999999984,1,9,baseline_mid,0.7311871395122287,0.7023567914827912
1473506,2025,9,5,1,-3.4375,9.442622950819672,9.050847457627118,-10.819999999999993,1,9,baseline_mid,0.7240119360561859,0.6959125306572586
1473506,2025,9,6,1,-3.4375,9.600000000000001,8.9,-12.200000000000003,1,9,baseline_mid,0.718918378585206,0.6913542570261125
1473506,2025,10,1,1,-3.4375,9.661016949152541,8.852459016393443,-12.579999999999998,1,9,baseline_mid,0.7199928354996521,0.7042282831184138
1473506,2025,10,2,1,-3.4375,9.413793103448276,9.096774193548388,-9.959999999999994,1,9,baseline_mid,0.7454461366903351,0.7276056431866088
1473506,2025,10,3,1,-3.4375,9.157894736842106,9.333333333333334,-7.340000000000003,1,9,baseline_mid,0.7717794897768357,0.752085929748547
1473506,2025,10,4,1,-3.4375,8.892857142857142,9.5625,-4.719999999999999,1,9,baseline_mid,0.8134526143824827,0.7915943443610224
1473506,2025,10,5,1,-3.4375,8.945454545454545,9.507692307692308,-5.1000000000000085,1,9,baseline_mid,0.7975921565988318,0.7764323841591027
1473506,2025,10,6,1,-3.4375,9.0,9.454545454545453,-5.47999999999999,1,9,baseline_mid,0.789022139111264,0.768306572414408
1473506,2025,10,7,1,-3.4375,9.056603773584907,9.402985074626866,-5.860000000000014,1,9,baseline_mid,0.7852009315062694,0.7646975153790327
1473506,2025,11,1,1,-3.4375,8.943396226415093,9.492537313432836,-4.860000000000014,1,9,baseline_mid,0.8139272566696065,0.8011841779926878
1473506,2025,11,2,1,-3.4375,9.0,9.441176470588236,-5.239999999999995,1,9,baseline_mid,0.7914633757508425,0.7799876733274411
1473506,2025,11,3,1,-3.4375,9.058823529411764,9.391304347826088,-5.61999999999999,1,9,baseline_mid,0.7833290996664348,0.7723694089596576
1473506,2025,11,4,1,-3.4375,9.120000000000001,9.342857142857143,-6.0,1,9,baseline_mid,0.7797347110805404,0.7690118573352633
1473506,2025,11,5,1,-3.4375,9.183673469387754,9.295774647887324,-6.38000000000001,1,9,baseline_mid,0.7748311387502274,0.7644397272209803
1473506,2025,11,6,1,-3.4375,8.875,9.5,-3.7599999999999767,1,9,baseline_mid,0.817577145665049,0.8046520930860213
1473506,2025,11,7,1,-3.4375,8.297872340425533,9.863013698630137,0.8600000000000136,1,9,baseline_mid,0.8744541593911324,0.8597883589118509
1473506,2025,12,1,1,-3.4375,7.787234042553191,10.191780821917808,4.860000000000014,1,9,baseline_mid,0.929034959414722,0.9209744517545535
1473506,2025,12,2,1,-3.4375,7.826086956521739,10.135135135135135,4.47999999999999,1,9,baseline_mid,0.9258128140472847,0.9176554299588632
1473506,2025,12,3,1,-3.4375,8.0,10.0,3.1000000000000085,1,9,baseline_mid,0.9163773276911493,0.90799783832281
1473506,2025,12,4,1,-3.4375,8.181818181818182,9.868421052631579,1.7199999999999989,1,9,baseline_mid,0.8996774941236378,0.8911026880588151
1473506,2025,12,5,1,-3.4375,8.372093023255815,9.74025974025974,0.3400000000000034,1,9,baseline_mid,0.8782344587332643,0.8697159650668301
1473506,2025,12,6,1,-3.4375,7.714285714285715,10.076923076923077,4.959999999999994,1,9,baseline_mid,0.9493498850916201,0.9421930600537172
1473506,2025,13,1,1,-3.4375,7.317073170731707,10.253164556962025,7.579999999999998,1,9,baseline_mid,0.9843092773543065,0.9825449546510772
1473506,2025,13,2,1,-3.4375,7.3500000000000005,10.2,7.200000000000017,1,9,baseline_mid,0.9842579708321253,0.982489906313165
1473506,2025,13,3,1,-3.4375,6.9230769230769225,10.37037037037037,9.819999999999993,1,9,baseline_mid,0.9906028436348124,0.9893558812246546
1473506,2025,13,4,1,-3.4375,7.105263157894736,10.24390243902439,8.439999999999998,1,9,baseline_mid,0.9891587832189294,0.9877815012607521
1473506,2025,13,5,1,-3.4375,7.135135135135135,10.19277108433735,8.060000000000002,1,9,baseline_mid,0.9887981807453307,0.9873895748722977
1473506,2025,13,6,1,-3.4375,7.0,10.214285714285714,8.680000000000007,1,9,baseline_mid,0.9904460013974974,0.9891844859687713
1473506,2025,14,1,1,-3.4375,7.199999999999999,10.094117647058823,1.9333333333333371,2,8,baseline_mid,0.968088968357941,0.9661850307873121
1473506,2025,14,2,1,-3.4375,7.235294117647058,10.046511627906977,1.7066666666666777,2,8,baseline_mid,0.9579290110309103,0.9557708227307044
1473506,2025,14,3,1,-3.4375,7.454545454545455,9.931034482758621,0.47999999999998977,2,8,baseline_mid,0.9438911384000832,0.9415024978638151
1473506,2025,14,4,1,-3.4375,7.5,9.886363636363637,0.2533333333333303,2,8,baseline_mid,0.9426583591809365,0.9402550239412567
1473506,2025,14,5,1,-3.4375,7.741935483870968,9.775280898876405,-0.9733333333333292,2,8,baseline_mid,0.9151936506701,0.912644378153798
1473506,2025,14,6,1,-3.4375,7.800000000000001,9.733333333333334,-1.200000000000017,2,8,baseline_mid,0.9112660608994512,0.9087200322039027
1473506,2025,15,1,1,-3.4375,7.655172413793104,9.758241758241759,-0.4266666666666765,2,8,baseline_mid,0.9331084185311351,0.9322473192342263
1473506,2025,15,2,1,-3.4375,7.5,9.782608695652174,0.346666666666664,2,8,baseline_mid,0.9510692225915494,0.9501869144318403
1473506,2025,15,3,1,-3.4375,7.555555555555555,9.741935483870968,0.12000000000000455,2,8,baseline_mid,0.9488354862797632,0.9479506580061796
1473506,2025,15,4,1,-3.4375,7.846153846153847,9.638297872340425,-1.106666666666655,2,8,baseline_mid,0.9213204013905871,0.9205170316786175
1473506,2025,15,5,1,-3.4375,7.199999999999999,9.789473684210526,1.6666666666666856,2,8,baseline_mid,0.9669654192651467,0.9661549833979205
1473506,2025,15,6,1,-3.4375,7.0,9.8125,2.4399999999999977,2,8,baseline_mid,0.9766851582368983,0.9759787972809443
1473506,2025,15,7,1,-3.4375,7.043478260869566,9.77319587628866,2.2133333333333383,2,8,baseline_mid,0.9775011920797302,0.9768063076281297
1473507,2025,7,1,1,51.69999999999999,11.766233766233768,10.74418604651163,-18.9075,1,9,baseline_mid,0.3099585397243162,0.3261645919015937
1473507,2025,7,2,1,51.69999999999999,11.447368421052632,11.318181818181818,-14.610000000000014,1,9,baseline_mid,0.3895495053722337,0.3959328632132945
1473507,2025,7,3,1,51.69999999999999,11.52,11.2,-15.3125,1,9,baseline_mid,0.3745635429427788,0.3829015669988531
1473507,2025,7,4,1,51.69999999999999,11.35135135135135,11.478260869565219,-13.014999999999986,1,9,baseline_mid,0.41386273360545234,0.41700584095473264
1473507,2025,7,5,1,51.69999999999999,11.342465753424658,11.48936170212766,-12.717500000000001,1,9,baseline_mid,0.4291436294952733,0.43021721926493495
1473507,2025,7,6,1,51.69999999999999,11.5,11.25,-28.040000000000006,2,8,baseline_mid,0.24016292916335263,0.2632696466836859
1473507,2025,7,7,1,51.69999999999999,11.661971830985916,11.020408163265307,-42.98416666666668,3,7,baseline_mid,0.12095024767370009,0.14841261679810966
1473507,2025,8,1,1,51.69999999999999,11.577464788732396,11.142857142857142,-41.98416666666668,3,7,baseline_mid,0.129406775964647,0.15685718913798577
1473507,2025,8,2,1,51.69999999999999,11.657142857142857,11.040000000000001,-42.30833333333334,3,7,baseline_mid,0.12354312353306497,0.1508106609881623
1473507,2025,8,3,1,51.69999999999999,11.82608695652174,10.823529411764707,-43.63249999999999,3,7,baseline_mid,0.1254439825737607,0.1527757828689452
1473507,2025,8,4,1,51.69999999999999,12.0,10.615384615384615,-44.95666666666668,3,7,baseline_mid,0.12315763918981978,0.15041155034926865
1473507,2025,8,5,1,51.69999999999999,11.82089552238806,10.867924528301888,-42.280833333333334,3,7,baseline_mid,0.1343505175274647,0.16192076164117344
1473507,2025,8,6,1,51.69999999999999,11.90909090909091,10.777777777777779,-42.60499999999999,3,7,baseline_mid,0.1418476921771562,0.16954292872308152
1473507,2025,9,1,1,51.69999999999999,11.723076923076922,11.01818181818182,-39.929166666666674,3,7,baseline_mid,0.14983544814654803,0.1888867088336845
1473507,2025,9,2,1,51.69999999999999,11.8125,10.928571428571429,-40.25333333333333,3,7,baseline_mid,0.14808890848488865,0.18710694299528113
1473507,2025,9,3,1,51.69999999999999,11.619047619047619,11.157894736842106,-37.577500000000015,3,7,baseline_mid,0.16032397939519513,0.19948780845467773
1473507,2025,9,4,1,51.69999999999999,11.419354838709678,11.379310344827587,-34.90166666666667,3,7,baseline_mid,0.18674636247636703,0.22559708313577173
1473507,2025,9,5,1,51.69999999999999,11.213114754098362,11.59322033898305,-32.225833333333355,3,7,baseline_mid,0.2340859638387321,0.270637653277412
1473507,2025,9,6,1,51.69999999999999,11.3,11.5,-32.55000000000001,3,7,baseline_mid,0.24674894678506243,0.28237755377432944
1473507,2025,10,1,1,51.69999999999999,11.491525423728813,11.311475409836067,-33.87416666666667,3,7,baseline_mid,0.22784624886497562,0.25982746607707313
1473507,2025,10,2,1,51.69999999999999,11.689655172413794,11.129032258064516,-35.19833333333332,3,7,baseline_mid,0.21786559444502498,0.2501465799130629
1473507,2025,10,3,1,51.69999999999999,11.473684210526315,11.333333333333332,-32.52250000000001,3,7,baseline_mid,0.2588685000021624,0.2895172200512682
1473507,2025,10,4,1,51.69999999999999,11.571428571428571,11.25,-32.846666666666664,3,7,baseline_mid,0.24846129477471252,0.279620492180275
1473507,2025,10,5,1,51.69999999999999,11.672727272727274,11.169230769230769,-33.17083333333335,3,7,baseline_mid,0.25413764626875335,0.28502594247922036
1473507,2025,10,6,1,51.69999999999999,11.777777777777779,11.09090909090909,-33.495000000000005,3,7,baseline_mid,0.24324044692499824,0.27463235150849735
1473507,2025,11,1,1,51.69999999999999,11.88679245283019,11.014925373134329,-33.81916666666669,3,7,baseline_mid,0.21829419273740067,0.2517514854728937
1473507,2025,11,2,1,51.69999999999999,12.115384615384615,10.852941176470589,-44.97999999999999,4,6,baseline_mid,0.12696743449515238,0.15735179487435474
1473507,2025,11,3,1,51.69999999999999,11.882352941176471,11.043478260869565,-42.11500000000001,4,6,baseline_mid,0.14382640362724125,0.1753822470285905
1473507,2025,11,4,1,51.69999999999999,12.0,10.971428571428572,-42.25,4,6,baseline_mid,0.14017015354046067,0.17149962998368862
1473507,2025,11,5,1,51.69999999999999,12.0,10.985915492957746,-41.38499999999999,4,6,baseline_mid,0.14875378128806044,0.18059174538861011
1473507,2025,11,6,1,51.69999999999999,12.0,11.0,-40.52000000000001,4,6,baseline_mid,0.15693627661539977,0.1891868808216335
1473507,2025,12,1,1,51.69999999999999,12.127659574468087,10.931506849315069,-40.655,4,6,baseline_mid,0.14871296084339786,0.17091938290452888
1473507,2025,12,2,1,51.69999999999999,12.260869565217392,10.864864864864865,-40.78999999999999,4,6,baseline_mid,0.1492848524420538,0.17151760298558433
1473507,2025,12,3,1,51.69999999999999,12.266666666666666,10.879999999999999,-39.92500000000001,4,6,baseline_mid,0.15262540214690629,0.1750072705694653
1473507,2025,12,4,1,51.69999999999999,12.40909090909091,10.81578947368421,-40.06,4,6,baseline_mid,0.15305852863666292,0.17545915251696134
1473507,2025,12,5,1,51.69999999999999,12.558139534883722,10.753246753246753,-40.19499999999999,4,6,baseline_mid,0.15673437110934368,0.17928890691938199
1473507,2025,12,6,1,51.69999999999999,12.714285714285715,10.692307692307693,-40.33000000000001,4,6,baseline_mid,0.14951399609319393,0.1717572297648221
1473507,2025,13,1,1,51.69999999999999,12.878048780487806,10.632911392405063,-40.465,4,6,baseline_mid,0.14734314256212244,0.15907466132329062
1473507,2025,13,2,1,51.69999999999999,12.75,10.725000000000001,-38.60000000000002,4,6,baseline_mid,0.18444742944308776,0.19700586556011296
1473507,2025,13,3,1,51.69999999999999,12.153846153846153,11.037037037037036,-33.734999999999985,4,6,baseline_mid,0.26708137066470294,0.28005608107270324
1473507,2025,13,4,1,51.69999999999999,11.842105263157894,11.195121951219512,-30.870000000000005,4,6,baseline_mid,0.30159067974684595,0.31428492717829826
1473507,2025,13,5,1,51.69999999999999,12.0,11.132530120481928,-31.004999999999995,4,6,baseline_mid,0.294919142462435,0.307685180619499
1473507,2025,13,6,1,51.69999999999999,12.0,11.142857142857142,-30.140000000000015,4,6,baseline_mid,0.3115174193527211,0.32409025472794345
1473507,2025,14,1,1,51.69999999999999,11.657142857142857,11.294117647058822,-27.274999999999977,4,6,baseline_mid,0.3379974058731856,0.34900364212470486
1473507,2025,14,2,1,51.69999999999999,11.647058823529411,11.30232558139535,-26.410000000000025,4,6,baseline_mid,0.357077768803995,0.36783849642053507
1473507,2025,14,3,1,51.69999999999999,10.909090909090908,11.586206896551724,-21.544999999999987,4,6,baseline_mid,0.437551101017201,0.446825014079045
1473507,2025,14,4,1,51.69999999999999,10.5,11.727272727272727,-18.680000000000007,4,6,baseline_mid,0.4621855543011971,0.4708834955779095
1473507,2025,14,5,1,51.69999999999999,10.64516129032258,11.662921348314608,-18.814999999999998,4,6,baseline_mid,0.4564249717230743,0.46526187693308935
1473507,2025,14,6,1,51.69999999999999,10.2,11.799999999999999,-15.949999999999989,4,6,baseline_mid,0.5408592202956736,0.5474460519858668
1473507,2025,15,1,1,51.69999999999999,10.344827586206897,11.736263736263735,-16.085000000000008,4,6,baseline_mid,0.5279375512079324,0.5341558002246787
1473507,2025,15,2,1,51.69999999999999,10.5,11.673913043478262,-16.22,4,6,baseline_mid,0.5158712650487445,0.5222895424956104
1473507,2025,15,3,1,51.69999999999999,10.666666666666666,11.612903225806452,-16.35499999999999,4,6,baseline_mid,0.50469908212599,0.5112963615055742
1473507,2025,15,4,1,51.69999999999999,10.153846153846153,11.74468085106383,-13.490000000000009,4,6,baseline_mid,0.554887836138453,0.560636333823541
1473507,2025,15,5,1,51.69999999999999,9.600000000000001,11.873684210526315,-10.625,4,6,baseline_mid,0.6183245091781644,0.6228662096688267
1473507,2025,15,6,1,51.69999999999999,10.0,11.75,-11.759999999999991,4,6,baseline_mid,0.5791665402887433,0.5844678909967711
1473507,2025,15,7,1,51.69999999999999,10.173913043478262,11.690721649484535,-11.89500000000001,4,6,baseline_mid,0.5732856129317436,0.5786971557854513
1473508,2025,7,1,1,-68.88888888888889,2.25974025974026,10.186046511627907,30.3275,1,9,baseline_mid,0.9939023243702527,0.9874237599099032
1473508,2025,7,2,1,-68.88888888888889,2.2105263157894735,10.090909090909092,30.569999999999993,1,9,baseline_mid,0.9943736251056792,0.9882624194935956
1473508,2025,7,3,1,-68.88888888888889,1.76,10.666666666666666,35.8125,1,9,baseline_mid,0.9945511136293866,0.9885808868507475
1473508,2025,7,4,1,-68.88888888888889,1.4594594594594597,10.956521739130434,39.05500000000001,1,9,baseline_mid,0.9951276441765362,0.9896261460717297
1473508,2025,7,5,1,-68.88888888888889,1.4794520547945205,10.72340425531915,32.15333333333332,2,8,baseline_mid,0.9940963055936648,0.9877677459172033
1473508,2025,7,6,1,-68.88888888888889,1.4166666666666665,10.625,32.48,2,8,baseline_mid,0.989706573027427,0.9803063130807621
1473508,2025,8,1,1,-68.88888888888889,1.352112676056338,10.53061224489796,32.80666666666667,2,8,baseline_mid,0.9907136961406087,0.9832648051637135
1473508,2025,8,2,1,-68.88888888888889,1.2857142857142856,10.44,33.13333333333335,2,8,baseline_mid,0.9915384967901061,0.9845639791976291
1473508,2025,8,3,1,-68.88888888888889,1.3043478260869565,10.235294117647058,32.459999999999994,2,8,baseline_mid,0.9922051794811895,0.9856267052098635
1473508,2025,8,4,1,-68.88888888888889,1.2352941176470589,10.153846153846153,32.78666666666667,2,8,baseline_mid,0.9927101545326754,0.9864398498822801
1473508,2025,8,5,1,-68.88888888888889,0.8955223880597014,10.415094339622641,36.113333333333344,2,8,baseline_mid,0.9947604666719023,0.9898270248778055
1473508,2025,8,6,1,-68.88888888888889,0.9090909090909092,10.222222222222221,35.440000000000005,2,8,baseline_mid,0.9954818232688178,0.9910584326442696
1473508,2025,9,1,1,-68.88888888888889,0.8307692307692308,10.145454545454545,35.766666666666666,2,8,baseline_mid,0.995638905500271,0.9901213012589639
1473508,2025,9,2,1,-68.88888888888889,0.75,10.071428571428571,36.09333333333334,2,8,baseline_mid,0.9960348286458895,0.9908818127328974
1473508,2025,9,3,1,-68.88888888888889,0.38095238095238093,10.31578947368421,39.42,2,8,baseline_mid,0.9962905644767818,0.991379553160625
1473508,2025,9,4,1,-68.88888888888889,0.29032258064516125,10.241379310344827,39.74666666666667,2,8,baseline_mid,0.9964724538389338,0.9917369341706578
1473508,2025,9,5,1,-68.88888888888889,0.19672131147540983,10.169491525423728,40.07333333333334,2,8,baseline_mid,0.9967955871977523,0.9923793141146362
1473508,2025,9,6,1,-68.88888888888889,-0.4,10.6,45.400000000000006,2,8,baseline_mid,0.9958535365136624,0.9905321180381859
1473509,2025,7,1,0,62.20896079904773,11.922077922077923,10.604651162790699,-34.95999999999998,2,8,baseline_mid,0.10458502823542196,0.1314098013263247
1473509,2025,7,2,0,62.20896079904773,12.0,10.5,-35.47999999999999,2,8,baseline_mid,0.10336150786803085,0.13012093462787702
1473509,2025,7,3,0,62.20896079904773,12.0,10.533333333333333,-35.0,2,8,baseline_mid,0.11421038276599846,0.14146140164847895
1473509,2025,7,4,0,62.20896079904773,11.837837837837839,10.826086956521738,-32.51999999999998,2,8,baseline_mid,0.13499557532265422,0.16269044298134946
1473509,2025,7,5,0,62.20896079904773,11.917808219178081,10.72340425531915,-33.04000000000002,2,8,baseline_mid,0.13322083852456001,0.16090090132052165
1473509,2025,7,6,0,62.20896079904773,12.0,10.625,-33.56,2,8,baseline_mid,0.12528085063094602,0.15284378373778207
1473509,2025,8,1,0,62.20896079904773,12.0,10.653061224489797,-33.079999999999984,2,8,baseline_mid,0.13489486245868315,0.16247644603391367
1473509,2025,8,2,0,62.20896079904773,11.82857142857143,10.92,-30.599999999999966,2,8,baseline_mid,0.16459870451189235,0.19229463459526483
1473509,2025,8,3,0,62.20896079904773,11.91304347826087,10.823529411764707,-31.120000000000005,2,8,baseline_mid,0.1582474324367033,0.18599674134870772
1473509,2025,8,4,0,62.20896079904773,12.0,10.730769230769232,-31.639999999999986,2,8,baseline_mid,0.16847004802343607,0.19611450647053214
1473509,2025,8,5,0,62.20896079904773,12.089552238805968,10.641509433962264,-32.15999999999998,2,8,baseline_mid,0.1481304169455306,0.17588056075990843
1473509,2025,8,6,0,62.20896079904773,12.181818181818182,10.555555555555555,-32.67999999999999,2,8,baseline_mid,0.1507825609370439,0.17854287131078872
1473509,2025,9,1,0,62.20896079904773,12.0,10.8,-30.19999999999999,2,8,baseline_mid,0.1674620085375009,0.20662157209115956
1473509,2025,9,2,0,62.20896079904773,12.09375,10.714285714285715,-30.71999999999997,2,8,baseline_mid,0.16737530461874423,0.20653529477261912
1473509,2025,9,3,0,62.20896079904773,11.904761904761905,10.94736842105263,-28.23999999999998,2,8,baseline_mid,0.17958383151620622,0.2185974611735509
1473509,2025,9,4,0,62.20896079904773,12.0,10.862068965517242,-28.75999999999999,2,8,baseline_mid,0.1787392301177639,0.2177684221562659
1473509,2025,9,5,0,62.20896079904773,12.098360655737704,10.779661016949152,-29.279999999999973,2,8,baseline_mid,0.19188061283238708,0.23058158986013266
1473509,2025,9,6,0,62.20896079904773,12.299999999999999,10.6,-30.799999999999983,2,8,baseline_mid,0.1774127281710088,0.2164647719805237
1473509,2025,10,1,0,62.20896079904773,12.305084745762711,10.62295081967213,-30.319999999999993,2,8,baseline_mid,0.19729259800727988,0.22996654663770677
1473509,2025,10,2,0,62.20896079904773,12.413793103448278,10.548387096774194,-30.839999999999975,2,8,baseline_mid,0.19063808132337906,0.22336892228015903
1473509,2025,10,3,0,62.20896079904773,12.210526315789474,10.761904761904763,-28.359999999999985,2,8,baseline_mid,0.20085359272383713,0.23348247683914636
1473509,2025,10,4,0,62.20896079904773,12.42857142857143,10.59375,-29.879999999999995,2,8,baseline_mid,0.19357631834627734,0.22628649836253337
1473509,2025,10,5,0,62.20896079904773,12.654545454545453,10.430769230769231,-31.400000000000006,2,8,baseline_mid,0.18762755111737825,0.22037208838872477
1473509,2025,10,6,0,62.20896079904773,12.222222222222223,10.818181818181818,-26.919999999999987,2,8,baseline_mid,0.24039301663667875,0.2719050067789703
1473509,2025,11,1,0,62.20896079904773,12.226415094339622,10.835820895522389,-26.440000000000026,2,8,baseline_mid,0.2574386863530024,0.2902685020732737
1473509,2025,11,2,0,62.20896079904773,12.23076923076923,10.852941176470589,-25.960000000000008,2,8,baseline_mid,0.270131081668476,0.3025699298422735
1473509,2025,11,3,0,62.20896079904773,12.352941176470587,10.782608695652174,-26.47999999999999,2,8,baseline_mid,0.26268505438278733,0.2953635212173251
1473509,2025,11,4,0,62.20896079904773,12.48,10.714285714285715,-27.0,2,8,baseline_mid,0.24254834265377673,0.2757249829353347
1473509,2025,11,5,0,62.20896079904773,12.612244897959183,10.647887323943662,-27.52000000000001,2,8,baseline_mid,0.24873591156581037,0.2817836673364037
1473509,2025,11,6,0,62.20896079904773,12.375,10.833333333333334,-25.039999999999992,2,8,baseline_mid,0.2564866746517209,0.2893423668051253
1473509,2025,12,1,0,62.20896079904773,12.638297872340424,10.684931506849315,-26.560000000000002,2,8,baseline_mid,0.25650733663996994,0.28028708101992755
1473509,2025,12,2,0,62.20896079904773,12.782608695652176,10.621621621621621,-27.080000000000013,2,8,baseline_mid,0.25154085834285517,0.2753719096277612
1473509,2025,12,3,0,62.20896079904773,13.066666666666666,10.48,-28.599999999999994,2,8,baseline_mid,0.22344413417238335,0.24736968252432234
1473509,2025,12,4,0,62.20896079904773,12.545454545454545,10.81578947368421,-24.120000000000005,2,8,baseline_mid,0.2772699890180497,0.3007323101801415
1473509,2025,12,5,0,62.20896079904773,12.0,11.142857142857142,-19.640000000000015,2,8,baseline_mid,0.34510528899603454,0.3665320957908225
1473509,2025,12,6,0,62.20896079904773,12.142857142857142,11.076923076923077,-20.159999999999997,2,8,baseline_mid,0.33730409991886984,0.3590331264785918
1473509,2025,12,7,0,62.20896079904773,11.853658536585366,11.240506329113924,-17.67999999999998,2,8,baseline_mid,0.39007976214286844,0.4094785195291337
1473509,2025,13,1,0,62.20896079904773,11.707317073170731,11.316455696202532,-16.67999999999998,2,8,baseline_mid,0.41729257921815777,0.42766438979453114
1473509,2025,13,2,0,62.20896079904773,11.850000000000001,11.25,-17.200000000000017,2,8,baseline_mid,0.3991171837285803,0.40996839968492793
1473509,2025,13,3,0,62.20896079904773,12.0,11.185185185185185,-17.72,2,8,baseline_mid,0.4037378549730941,0.4144705911102098
1473509,2025,13,4,0,62.20896079904773,12.315789473684212,11.048780487804878,-26.460000000000008,3,7,baseline_mid,0.24463917975493185,0.2576659094817954
1473509,2025,13,5,0,62.20896079904773,12.648648648648647,10.91566265060241,-27.789999999999992,3,7,baseline_mid,0.2474008312563821,0.26042716423672047
1473509,2025,13,6,0,62.20896079904773,12.833333333333332,10.857142857142858,-28.120000000000005,3,7,baseline_mid,0.23100786017250335,0.24401047252761798
1473509,2025,14,1,0,62.20896079904773,13.028571428571428,10.8,-28.450000000000017,3,7,baseline_mid,0.2239148187539141,0.2352332089165264
1473509,2025,14,2,0,62.20896079904773,13.23529411764706,10.74418604651163,-28.78000000000003,3,7,baseline_mid,0.22984362191534904,0.24120377147738836
1473509,2025,14,3,0,62.20896079904773,13.454545454545453,10.689655172413794,-29.109999999999985,3,7,baseline_mid,0.1980657278135386,0.2091118661229657
1473509,2025,14,4,0,62.20896079904773,13.6875,10.636363636363637,-29.439999999999998,3,7,baseline_mid,0.20536394679291295,0.21650237502010372
1473509,2025,14,5,0,62.20896079904773,13.354838709677418,10.786516853932584,-26.769999999999982,3,7,baseline_mid,0.22790850783955396,0.2392558386082578
1473509,2025,14,6,0,62.20896079904773,13.6,10.733333333333334,-27.099999999999994,3,7,baseline_mid,0.21787226898929243,0.22914039267614952
1473509,2025,15,1,0,62.20896079904773,13.241379310344827,10.87912087912088,-24.430000000000007,3,7,baseline_mid,0.2505909694510235,0.2588438616226618
1473509,2025,15,2,0,62.20896079904773,12.857142857142858,11.021739130434781,-21.75999999999999,3,7,baseline_mid,0.30601179491082625,0.31440715009357506
1473509,2025,15,3,0,62.20896079904773,13.11111111111111,10.96774193548387,-22.090000000000003,3,7,baseline_mid,0.2968567725196116,0.3052527140929313
1473509,2025,15,4,0,62.20896079904773,13.615384615384615,10.851063829787234,-28.359999999999985,4,6,baseline_mid,0.19153990296868792,0.1992040322459283
1473509,2025,15,5,0,62.20896079904773,13.919999999999998,10.8,-28.5,4,6,baseline_mid,0.16810261369448518,0.1753844103052507
1473509,2025,15,6,0,62.20896079904773,13.5,10.9375,-25.640000000000015,4,6,baseline_mid,0.2218989119616718,0.22992797321919123
1473510,2025,7,1,1,17.0,10.441558441558442,9.767441860465116,-28.793333333333322,2,8,baseline_mid,0.45826291645181755,0.45534987827047213
1473510,2025,7,2,1,17.0,10.578947368421051,9.545454545454545,-30.14666666666666,2,8,baseline_mid,0.4096964072502258,0.41339986366533416
1473510,2025,7,3,1,17.0,10.64,9.466666666666667,-30.5,2,8,baseline_mid,0.4002876628395341,0.4052492298591922
1473510,2025,7,4,1,17.0,10.702702702702702,9.391304347826088,-30.853333333333325,2,8,baseline_mid,0.38173852922101376,0.3891453424149462
1473510,2025,7,5,1,17.0,10.84931506849315,9.191489361702128,-44.55583333333334,3,7,baseline_mid,0.1945018735600485,0.22071636944262257
1473510,2025,7,6,1,17.0,11.0,9.0,-45.74000000000001,3,7,baseline_mid,0.18965558862253482,0.2161134490038402
1473510,2025,8,1,1,17.0,11.070422535211268,8.938775510204081,-45.92416666666668,3,7,baseline_mid,0.19172145316829026,0.21877970109852354
1473510,2025,8,2,1,17.0,11.142857142857142,8.879999999999999,-46.108333333333334,3,7,baseline_mid,0.19093032322040832,0.21801582290031546
1473510,2025,8,3,1,17.0,11.217391304347826,8.823529411764707,-46.292500000000004,3,7,baseline_mid,0.1915141940809883,0.21857962835682787
1473510,2025,8,4,1,17.0,11.294117647058822,8.769230769230768,-46.476666666666674,3,7,baseline_mid,0.18861336174521887,0.21577585787134174
1473510,2025,8,5,1,17.0,11.373134328358208,8.716981132075471,-46.66083333333333,3,7,baseline_mid,0.18900777568104352,0.21615746316201012
1473510,2025,8,6,1,17.0,11.181818181818182,9.0,-43.845,3,7,baseline_mid,0.20587563327097427,0.23236697615914342
1473510,2025,9,1,1,17.0,11.26153846153846,8.945454545454545,-44.02916666666667,3,7,baseline_mid,0.20184204937466677,0.24017810798989941
1473510,2025,9,2,1,17.0,10.875,9.428571428571429,-39.21333333333334,3,7,baseline_mid,0.24184914345756137,0.27784849305308723
1473510,2025,9,3,1,17.0,10.952380952380953,9.368421052631579,-39.39750000000001,3,7,baseline_mid,0.24045677303184237,0.27655839580170294
1473510,2025,9,4,1,17.0,10.741935483870968,9.620689655172413,-36.58166666666665,3,7,baseline_mid,0.2656636198327453,0.29971119229254584
1473510,2025,9,5,1,17.0,10.819672131147541,9.559322033898304,-36.76583333333335,3,7,baseline_mid,0.27733581227516757,0.3102978640142059
1473510,2025,9,6,1,17.0,10.6,9.8,-33.95000000000002,3,7,baseline_mid,0.320480766571707,0.34881082770462074
1473510,2025,10,1,1,17.0,10.677966101694915,9.737704918032787,-34.13416666666669,3,7,baseline_mid,0.33025429263476613,0.3559891804468317
1473510,2025,10,2,1,17.0,10.862068965517242,9.580645161290322,-35.31833333333333,3,7,baseline_mid,0.31906185560922995,0.3457082588586739
1473510,2025,10,3,1,17.0,10.842105263157896,9.61904761904762,-34.5025,3,7,baseline_mid,0.3367087368725534,0.3618977537049088
1473510,2025,10,4,1,17.0,11.035714285714285,9.46875,-35.68666666666667,3,7,baseline_mid,0.32029781079787156,0.34684581872353676
1473510,2025,10,5,1,17.0,11.236363636363636,9.323076923076924,-36.87083333333334,3,7,baseline_mid,0.3066666760209892,0.3342672546577332
1473510,2025,10,6,1,17.0,11.333333333333332,9.272727272727273,-37.05500000000001,3,7,baseline_mid,0.30489426053200164,0.3326262751853397
1473510,2025,11,1,1,17.0,11.320754716981131,9.313432835820896,-36.23916666666668,3,7,baseline_mid,0.31379274722202954,0.3442955889653255
1473510,2025,11,2,1,17.0,11.538461538461538,9.176470588235293,-37.42333333333332,3,7,baseline_mid,0.30249672406832306,0.3335814643289141
1473510,2025,11,3,1,17.0,11.529411764705882,9.217391304347826,-36.607500000000016,3,7,baseline_mid,0.31164380824254356,0.34226139186308546
1473510,2025,11,4,1,17.0,11.64,9.17142857142857,-36.79166666666666,3,7,baseline_mid,0.30604614358026805,0.3369537516073865
1473510,2025,11,5,1,17.0,11.755102040816325,9.126760563380282,-36.97583333333333,3,7,baseline_mid,0.3029298483553473,0.33399325952736647
1473510,2025,11,6,1,17.0,11.875,9.083333333333332,-37.16,3,7,baseline_mid,0.2970543651771299,0.3284002334186344
1473510,2025,12,1,1,17.0,12.0,9.04109589041096,-37.344166666666666,3,7,baseline_mid,0.294624119461645,0.31770227605573936
1473510,2025,12,2,1,17.0,11.478260869565219,9.405405405405405,-32.528333333333336,3,7,baseline_mid,0.38467768711721445,0.40434372991277256
1473510,2025,12,3,1,17.0,10.933333333333334,9.76,-27.712500000000006,3,7,baseline_mid,0.5248339446067818,0.5360847486181313
1473510,2025,12,4,1,17.0,10.363636363636363,10.105263157894736,-22.896666666666675,3,7,baseline_mid,0.6473604191488851,0.6500938357400994
1473510,2025,12,5,1,17.0,10.604651162790699,9.974025974025974,-24.080833333333345,3,7,baseline_mid,0.6076029513606598,0.6130991114703421
1473510,2025,12,6,1,17.0,10.857142857142858,9.846153846153847,-25.265000000000015,3,7,baseline_mid,0.5983891495050808,0.6045313292088004
1473510,2025,13,1,1,17.0,10.975609756097562,9.79746835443038,-25.449166666666684,3,7,baseline_mid,0.5910028814704053,0.595547095154279
1473510,2025,13,2,1,17.0,10.95,9.825,-24.633333333333354,3,7,baseline_mid,0.5987629791592,0.6030188775441012
1473510,2025,13,3,1,17.0,11.076923076923077,9.777777777777777,-24.817499999999995,3,7,baseline_mid,0.5918758815859817,0.5963876871093969
1473510,2025,13,4,1,17.0,10.736842105263158,9.951219512195122,-22.001666666666665,3,7,baseline_mid,0.6675908494262421,0.6693037425910833
1473510,2025,13,5,1,17.0,10.378378378378379,10.120481927710845,-19.185833333333335,3,7,baseline_mid,0.6978620561506941,0.6984968511051183
1473510,2025,13,6,1,17.0,10.5,10.071428571428571,-19.370000000000005,3,7,baseline_mid,0.6949739066217828,0.6957096759040801
1473510,2025,13,7,1,17.0,10.628571428571428,10.023529411764706,-19.554166666666674,3,7,baseline_mid,0.6893223348002597,0.6902569648717307
1473510,2025,14,1,1,17.0,10.285714285714285,10.16470588235294,-17.554166666666674,3,7,baseline_mid,0.7233652693821512,0.7244301834580559
1473510,2025,14,2,1,17.0,10.588235294117647,10.046511627906977,-18.738333333333344,3,7,baseline_mid,0.6917954835519937,0.6937944975537501
1473510,2025,14,3,1,17.0,10.727272727272727,10.0,-18.922499999999985,3,7,baseline_mid,0.6849813902252969,0.6871864078936485
1473510,2025,14,4,1,17.0,11.0625,9.886363636363637,-20.106666666666683,3,7,baseline_mid,0.6646224375707364,0.6674491821900211
1473510,2025,14,5,1,17.0,11.225806451612902,9.842696629213483,-20.290833333333325,3,7,baseline_mid,0.6521430920803477,0.6553541245956864
1473510,2025,14,6,1,17.0,11.399999999999999,9.8,-20.474999999999994,3,7,baseline_mid,0.6480883365005203,0.6514245426130284
1473510,2025,15,1,1,17.0,10.551724137931034,10.087912087912088,-15.659166666666664,3,7,baseline_mid,0.7321342116616976,0.7343389175622087
1473510,2025,15,2,1,17.0,10.714285714285715,10.043478260869566,-15.843333333333334,3,7,baseline_mid,0.7249942870353168,0.7273456385381942
1473510,2025,15,3,1,17.0,10.88888888888889,10.0,-16.027500000000003,3,7,baseline_mid,0.7148479215910941,0.7174086121972743
1473510,2025,15,4,1,17.0,11.076923076923077,9.957446808510639,-16.211666666666673,3,7,baseline_mid,0.7046776082753063,0.7074488994536609
1473510,2025,15,5,1,17.0,11.52,9.852631578947369,-21.625,4,6,baseline_mid,0.5856093519564421,0.5907887036822875
1473510,2025,15,6,1,17.0,11.75,9.8125,-21.640000000000015,4,6,baseline_mid,0.6118593644713886,0.6165292437488389
1473510,2025,15,7,1,17.0,10.695652173913043,10.082474226804123,-16.655,4,6,baseline_mid,0.6978604076597832,0.7007731107229799
1473511,2025,7,1,0,3.46875,10.51948051948052,7.813953488372094,-24.27499999999999,1,9,baseline_mid,0.5925622816961231,0.5717022608323075
1473511,2025,7,2,0,3.46875,10.18421052631579,8.454545454545455,-19.700000000000003,1,9,baseline_mid,0.6544807526182044,0.6264297130829657
1473511,2025,7,3,0,3.46875,10.24,8.399999999999999,-20.125,1,9,baseline_mid,0.6451095808201457,0.618072172495052
1473511,2025,7,4,0,3.46875,10.378378378378379,8.217391304347826,-21.549999999999997,1,9,baseline_mid,0.6374830152031794,0.6112923845900681
1473511,2025,7,5,0,3.46875,10.027397260273972,8.808510638297872,-16.97500000000001,1,9,baseline_mid,0.6749642448122047,0.6448099635324284
1473511,2025,7,6,0,3.46875,10.083333333333334,8.75,-17.39999999999999,1,9,baseline_mid,0.6688588372254392,0.6393144597445194
1473511,2025,8,1,0,3.46875,10.140845070422536,8.693877551020408,-17.825000000000003,1,9,baseline_mid,0.6613340544995325,0.6392587503258379
1473511,2025,8,2,0,3.46875,10.2,8.64,-18.25,1,9,baseline_mid,0.6527976765650139,0.6315780169946361
1473511,2025,8,3,0,3.46875,10.347826086956523,8.470588235294118,-30.60000000000001,2,8,baseline_mid,0.4141274477620262,0.4213655975196253
1473511,2025,8,4,0,3.46875,10.411764705882353,8.423076923076923,-30.86666666666666,2,8,baseline_mid,0.4208945335361507,0.4273142324448417
1473511,2025,8,5,0,3.46875,10.567164179104477,8.264150943396226,-32.13333333333331,2,8,baseline_mid,0.38328848225100376,0.39417638226236545
1473511,2025,8,6,0,3.46875,10.636363636363637,8.222222222222223,-32.39999999999999,2,8,baseline_mid,0.38442566040160386,0.39518168476606447
1473511,2025,9,1,0,3.46875,10.430769230769231,8.50909090909091,-29.666666666666657,2,8,baseline_mid,0.4916526934169305,0.49587079223491226
1473511,2025,9,2,0,3.46875,10.59375,8.357142857142858,-30.933333333333323,2,8,baseline_mid,0.42972404385807594,0.44331259341508283
1473511,2025,9,3,0,3.46875,10.666666666666666,8.31578947368421,-31.19999999999999,2,8,baseline_mid,0.43751371316437704,0.4499464760394286
1473511,2025,9,4,0,3.46875,10.838709677419354,8.172413793103448,-42.28333333333333,3,7,baseline_mid,0.23113191448752166,0.26788209022291326
1473511,2025,9,5,0,3.46875,10.918032786885245,8.135593220338983,-42.391666666666694,3,7,baseline_mid,0.24032453217375227,0.276435796472466
1473511,2025,9,6,0,3.46875,11.0,8.100000000000001,-42.5,3,7,baseline_mid,0.2463563053701926,0.2820152355925507
1473511,2025,10,1,0,3.46875,10.576271186440678,8.557377049180328,-37.60833333333335,3,7,baseline_mid,0.30665444231516864,0.3342559325607942
1473511,2025,10,2,0,3.46875,10.758620689655173,8.419354838709678,-38.716666666666654,3,7,baseline_mid,0.2990356290337869,0.32719281831355346
1473511,2025,10,3,0,3.46875,10.842105263157896,8.38095238095238,-38.825,3,7,baseline_mid,0.3154045022024451,0.34233867809757373
1473511,2025,10,4,0,3.46875,11.035714285714285,8.25,-39.93333333333334,3,7,baseline_mid,0.3039143948632612,0.33171851860156565
1473511,2025,10,5,0,3.46875,11.236363636363636,8.123076923076923,-41.041666666666686,3,7,baseline_mid,0.28604628784199704,0.3150931366019003
1473511,2025,10,6,0,3.46875,11.444444444444445,8.0,-42.150000000000006,3,7,baseline_mid,0.27046569806973186,0.3004763420482067
1473511,2025,11,1,0,3.46875,11.547169811320755,7.970149253731344,-42.258333333333354,3,7,baseline_mid,0.2690825136365548,0.301556830408661
1473511,2025,11,2,0,3.46875,11.769230769230768,7.852941176470589,-43.366666666666674,3,7,baseline_mid,0.24987999933696867,0.28290151846122685
1473511,2025,11,3,0,3.46875,11.882352941176471,7.826086956521739,-43.474999999999994,3,7,baseline_mid,0.24985922838264568,0.28288123043757235
1473511,2025,11,4,0,3.46875,12.120000000000001,7.714285714285715,-44.583333333333314,3,7,baseline_mid,0.25436178054284286,0.2872734436283646
1473511,2025,11,5,0,3.46875,12.244897959183675,7.690140845070423,-44.69166666666666,3,7,baseline_mid,0.2545076695405937,0.28741556908302496
1473511,2025,11,6,0,3.46875,11.75,8.083333333333334,-39.79999999999998,3,7,baseline_mid,0.3255731321931822,0.3554145779598376
1473511,2025,11,7,0,3.46875,11.872340425531915,8.054794520547945,-39.90833333333333,3,7,baseline_mid,0.313031498602215,0.343575200150715
1473511,2025,12,1,0,3.46875,11.872340425531915,8.054794520547945,-47.349999999999994,4,6,baseline_mid,0.22209321743945631,0.24601442527080147
1473511,2025,12,2,0,3.46875,12.130434782608695,7.945945945945946,-48.30000000000001,4,6,baseline_mid,0.22689303532628002,0.2508258112927146
1473511,2025,12,3,0,3.46875,12.400000000000002,7.84,-49.25,4,6,baseline_mid,0.20168287903925164,0.2254304010739419
1473511,2025,12,4,0,3.46875,12.545454545454545,7.815789473684211,-49.20000000000002,4,6,baseline_mid,0.196718478175869,0.22039159296416566
1473511,2025,12,5,0,3.46875,12.697674418604652,7.792207792207792,-49.150000000000006,4,6,baseline_mid,0.19204601264380766,0.21563695742584915
1473511,2025,12,6,0,3.46875,12.857142857142858,7.76923076923077,-49.099999999999994,4,6,baseline_mid,0.18517822108455398,0.20862635293914594
1473511,2025,13,1,0,3.46875,13.02439024390244,7.746835443037975,-49.05000000000001,4,6,baseline_mid,0.1804154882791787,0.1929062147475302
1473511,2025,13,2,0,3.46875,13.350000000000001,7.6499999999999995,-50.0,4,6,baseline_mid,0.1633229754810596,0.17546851009442124
1473511,2025,13,3,0,3.46875,13.384615384615385,7.703703703703703,-48.94999999999999,4,6,baseline_mid,0.179126552405111,0.19159456037812775
1473511,2025,13,4,0,3.46875,13.736842105263158,7.609756097560975,-49.900000000000006,4,6,baseline_mid,0.17363727118703165,0.18600259082596676
1473511,2025,13,5,0,3.46875,13.945945945945944,7.590361445783133,-49.849999999999994,4,6,baseline_mid,0.15998908993361685,0.172055819421454
1473511,2025,13,6,0,3.46875,14.166666666666668,7.571428571428571,-49.80000000000001,4,6,baseline_mid,0.13408845459005142,0.14540316516692062
1473511,2025,14,1,0,3.46875,13.885714285714286,7.764705882352942,-46.75,4,6,baseline_mid,0.1885178552674006,0.1994238981040905
1473511,2025,14,2,0,3.46875,14.117647058823529,7.744186046511628,-46.70000000000002,4,6,baseline_mid,0.17075923285254613,0.1813429495996175
1473511,2025,14,3,0,3.46875,13.454545454545453,8.068965517241379,-41.650000000000006,4,6,baseline_mid,0.2428759605700786,0.25430252232083517
1473511,2025,14,4,0,3.46875,13.6875,8.045454545454545,-41.599999999999994,4,6,baseline_mid,0.23006686474337962,0.24142844301622615
1473511,2025,14,5,0,3.46875,14.129032258064516,7.95505617977528,-42.54999999999998,4,6,baseline_mid,0.19222909905688784,0.2031922586724162
1473511,2025,14,6,0,3.46875,14.399999999999999,7.933333333333334,-42.5,4,6,baseline_mid,0.17561535743311246,0.18629549705229806
1473511,2025,15,1,0,3.46875,14.689655172413792,7.912087912087912,-42.44999999999999,4,6,baseline_mid,0.15334177544609495,0.16033305816096363
1473511,2025,15,2,0,3.46875,15.0,7.891304347826088,-42.400000000000006,4,6,baseline_mid,0.13363328088479465,0.14017085653525302
1473511,2025,15,3,0,3.46875,14.222222222222221,8.193548387096774,-37.349999999999994,4,6,baseline_mid,0.2526841133016,0.2609490734539875
1473511,2025,15,4,0,3.46875,14.538461538461537,8.170212765957446,-37.30000000000001,4,6,baseline_mid,0.23375213901634012,0.24188717464726636
1473511,2025,15,5,0,3.46875,14.879999999999999,8.147368421052631,-37.25,4,6,baseline_mid,0.2028844656733172,0.21070134905464072
1473511,2025,15,6,0,3.46875,15.25,8.125,-37.19999999999999,4,6,baseline_mid,0.17563998997595354,0.1830549512645577
1473511,2025,15,7,0,3.46875,14.347826086956522,8.412371134020617,-32.150000000000006,4,6,baseline_mid,0.30667030961974895,0.3150652775037897
1485779,2025,7,1,1,19.80000000000001,10.987012987012987,9.209302325581396,-34.253333333333316,2,8,baseline_mid,0.3186918963899925,0.33390045207197294
1485779,2025,7,2,1,19.80000000000001,11.052631578947368,9.136363636363637,-34.62666666666665,2,8,baseline_mid,0.31536064327633617,0.33095255547242536
1485779,2025,7,3,1,19.80000000000001,11.12,9.066666666666666,-35.0,2,8,baseline_mid,0.31808673886507205,0.3333651927680423
1485779,2025,7,4,1,19.80000000000001,10.783783783783784,9.652173913043478,-30.37333333333332,2,8,baseline_mid,0.4151595833219388,0.4181278988046526
1485779,2025,7,5,1,19.80000000000001,10.767123287671232,9.702127659574467,-29.746666666666684,2,8,baseline_mid,0.4282963333373747,0.42948519220608955
1485779,2025,7,6,1,19.80000000000001,10.833333333333334,9.625,-30.120000000000005,2,8,baseline_mid,0.4058084053491193,0.41003303902749555
1485779,2025,8,1,1,19.80000000000001,10.901408450704226,9.551020408163264,-30.493333333333325,2,8,baseline_mid,0.40265588566859756,0.41126824484071506
1485779,2025,8,2,1,19.80000000000001,10.971428571428572,9.48,-30.866666666666646,2,8,baseline_mid,0.3947282522885116,0.4042793555270105
1485779,2025,8,3,1,19.80000000000001,11.043478260869565,9.411764705882353,-31.24000000000001,2,8,baseline_mid,0.39622004868935684,0.40559523654955926
1485779,2025,8,4,1,19.80000000000001,11.205882352941178,9.230769230769232,-32.61333333333333,2,8,baseline_mid,0.37821718469179655,0.3896903126657522
1485779,2025,8,5,1,19.80000000000001,11.28358208955224,9.169811320754718,-32.98666666666665,2,8,baseline_mid,0.3720154106086313,0.384197555385316
1485779,2025,8,6,1,19.80000000000001,11.454545454545455,9.0,-34.359999999999985,2,8,baseline_mid,0.34857460594146605,0.363362383769801
1485779,2025,9,1,1,19.80000000000001,11.538461538461538,8.945454545454545,-34.733333333333334,2,8,baseline_mid,0.3339030729261371,0.3606216502505569
1485779,2025,9,2,1,19.80000000000001,11.53125,9.0,-34.106666666666655,2,8,baseline_mid,0.35593582708811666,0.37986374658582567
1485779,2025,9,3,1,19.80000000000001,11.523809523809524,9.052631578947368,-33.47999999999999,2,8,baseline_mid,0.3841400288501656,0.404271061342837
1485779,2025,9,4,1,19.80000000000001,11.129032258064516,9.517241379310345,-28.85333333333334,2,8,baseline_mid,0.4798650188598157,0.48589054463830145
1485779,2025,9,5,1,19.80000000000001,11.311475409836067,9.35593220338983,-30.22666666666666,2,8,baseline_mid,0.4488234949601765,0.45956339471910557
1485779,2025,9,6,1,19.80000000000001,11.399999999999999,9.3,-30.599999999999994,2,8,baseline_mid,0.45078036398081045,0.4612257640282119
1485779,2025,10,1,1,19.80000000000001,11.59322033898305,9.147540983606557,-42.10166666666669,3,7,baseline_mid,0.2840516440065285,0.3132283599945127
1485779,2025,10,2,1,19.80000000000001,11.689655172413794,9.096774193548388,-42.30333333333331,3,7,baseline_mid,0.29465552122241023,0.3231210450374785
1485779,2025,10,3,1,19.80000000000001,11.473684210526315,9.333333333333334,-39.504999999999995,3,7,baseline_mid,0.3263883381999823,0.352443208810689
1485779,2025,10,4,1,19.80000000000001,11.25,9.5625,-36.70666666666668,3,7,baseline_mid,0.3436698749534862,0.36825444278906394
1485779,2025,10,5,1,19.80000000000001,11.01818181818182,9.784615384615385,-33.90833333333333,3,7,baseline_mid,0.3869211122461059,0.40742712120015556
1485779,2025,10,6,1,19.80000000000001,10.777777777777779,10.0,-31.110000000000014,3,7,baseline_mid,0.44025440981863906,0.45513429412897727
1485779,2025,11,1,1,19.80000000000001,10.867924528301888,9.940298507462686,-31.311666666666696,3,7,baseline_mid,0.44082422836029267,0.46189842090861105
1485779,2025,11,2,1,19.80000000000001,10.961538461538462,9.882352941176471,-31.51333333333332,3,7,baseline_mid,0.4401751800804492,0.4613077695797433
1485779,2025,11,3,1,19.80000000000001,11.176470588235293,9.73913043478261,-32.715,3,7,baseline_mid,0.4186198505376213,0.4416453798297193
1485779,2025,11,4,1,19.80000000000001,11.399999999999999,9.600000000000001,-33.91666666666666,3,7,baseline_mid,0.39242945401572005,0.41761848438781646
1485779,2025,11,5,1,19.80000000000001,11.63265306122449,9.464788732394366,-35.11833333333331,3,7,baseline_mid,0.37110150020876265,0.3979235693330949
1485779,2025,11,6,1,19.80000000000001,11.75,9.416666666666666,-35.31999999999999,3,7,baseline_mid,0.37137884130320925,0.3981804918208649
1485779,2025,11,7,1,19.80000000000001,11.872340425531915,9.36986301369863,-35.521666666666675,3,7,baseline_mid,0.3742500682137523,0.40083902022513546
1485779,2025,12,1,1,19.80000000000001,11.74468085106383,9.45205479452055,-34.521666666666675,3,7,baseline_mid,0.3884187099639086,0.4079002896149607
1485779,2025,12,2,1,19.80000000000001,11.869565217391305,9.405405405405405,-34.72333333333333,3,7,baseline_mid,0.3746194962464233,0.39476687101986724
1485779,2025,12,3,1,19.80000000000001,11.6,9.600000000000001,-31.92500000000001,3,7,baseline_mid,0.41911277612159964,0.43697834176168604
1485779,2025,12,4,1,19.80000000000001,11.045454545454545,9.947368421052632,-27.126666666666694,3,7,baseline_mid,0.5342501383057453,0.5448590090853351
1485779,2025,12,5,1,19.80000000000001,11.162790697674419,9.896103896103895,-27.328333333333347,3,7,baseline_mid,0.5281975347806087,0.5392196670883462
1485779,2025,12,6,1,19.80000000000001,11.285714285714285,9.846153846153847,-27.53,3,7,baseline_mid,0.5331190767700187,0.5438053409202306
1485779,2025,13,1,1,19.80000000000001,11.414634146341463,9.79746835443038,-27.731666666666683,3,7,baseline_mid,0.5245566551145632,0.5315177905617013
1485779,2025,13,2,1,19.80000000000001,11.55,9.75,-27.933333333333337,3,7,baseline_mid,0.4988435497042813,0.5066943105985012
1485779,2025,13,3,1,19.80000000000001,10.923076923076923,10.074074074074073,-23.13499999999999,3,7,baseline_mid,0.5739652960378382,0.5791399385740506
1485779,2025,13,4,1,19.80000000000001,11.052631578947368,10.024390243902438,-23.336666666666673,3,7,baseline_mid,0.5658163510253199,0.5712906612761868
1485779,2025,13,5,1,19.80000000000001,11.18918918918919,9.975903614457831,-23.538333333333327,3,7,baseline_mid,0.559976633980199,0.5656647263080954
1485779,2025,13,6,1,19.80000000000001,11.166666666666668,10.0,-22.74000000000001,3,7,baseline_mid,0.5887097900594278,0.5933390904344958
1485779,2025,13,7,1,19.80000000000001,10.457142857142857,10.305882352941175,-17.94166666666669,3,7,baseline_mid,0.6796217790109755,0.680901349268112
1485779,2025,14,1,1,19.80000000000001,10.285714285714285,10.376470588235295,-16.94166666666669,3,7,baseline_mid,0.7040297800392328,0.7056623968235356
1485779,2025,14,2,1,19.80000000000001,10.411764705882353,10.325581395348838,-17.143333333333345,3,7,baseline_mid,0.6948593989625115,0.6967662091363362
1485779,2025,14,3,1,19.80000000000001,10.0,10.482758620689655,-14.344999999999999,3,7,baseline_mid,0.7466008801189408,0.7470076163107975
1485779,2025,14,4,1,19.80000000000001,10.125,10.431818181818182,-14.546666666666681,3,7,baseline_mid,0.7436161146129612,0.7441056661156571
1485779,2025,14,5,1,19.80000000000001,10.258064516129032,10.382022471910112,-14.748333333333306,3,7,baseline_mid,0.7403193413153022,0.7409009988413356
1485779,2025,14,6,1,19.80000000000001,10.4,10.333333333333334,-14.949999999999989,3,7,baseline_mid,0.7285480879802564,0.7294636709668374
1485779,2025,14,7,1,19.80000000000001,10.758620689655173,10.219780219780219,-21.129999999999995,4,6,baseline_mid,0.5861402349555325,0.5913822759284452
1485779,2025,15,1,1,19.80000000000001,10.551724137931034,10.285714285714285,-20.129999999999995,4,6,baseline_mid,0.6125578118922452,0.6172138903219047
1485779,2025,15,2,1,19.80000000000001,10.928571428571429,10.173913043478262,-21.159999999999997,4,6,baseline_mid,0.593736740494518,0.598760390097876
1485779,2025,15,3,1,19.80000000000001,11.11111111111111,10.129032258064516,-21.189999999999998,4,6,baseline_mid,0.5897425274158151,0.5948429411244194
1485779,2025,15,4,1,19.80000000000001,11.307692307692307,10.085106382978724,-21.22,4,6,baseline_mid,0.5894451847585811,0.5945512943830195
1485779,2025,15,5,1,19.80000000000001,11.76,9.978947368421053,-22.25,4,6,baseline_mid,0.5642528529585811,0.5698313542650708
1485779,2025,15,6,1,19.80000000000001,12.0,9.9375,-22.28,4,6,baseline_mid,0.5641811632679046,0.569760978157506
1527674,2026,7,1,1,11.94736842105263,8.727272727272727,12.558139534883722,5.077500000000001,1,9,baseline_mid,0.9297262243226433,0.8998090182321128
1527674,2026,7,2,1,11.94736842105263,8.842105263157894,12.272727272727273,3.569999999999993,1,9,baseline_mid,0.8757346181129867,0.8390664657405419
1527674,2026,7,3,1,11.94736842105263,8.879999999999999,12.133333333333333,3.0625,1,9,baseline_mid,0.8800444689379674,0.8436991763945718
1527674,2026,7,4,1,11.94736842105263,8.675675675675677,12.391304347826086,5.555000000000007,1,9,baseline_mid,0.940468383545069,0.9127951929040161
1527674,2026,7,5,1,11.94736842105263,8.465753424657535,12.638297872340424,8.0475,1,9,baseline_mid,0.9521988479391523,0.9274681568664378
1527674,2026,7,6,1,11.94736842105263,8.583333333333334,12.375,6.540000000000006,1,9,baseline_mid,0.9503926528807313,0.9251708521544678
1527674,2026,8,1,1,11.94736842105263,8.619718309859156,12.244897959183675,6.032499999999999,1,9,baseline_mid,0.9508174304590818,0.929464662927973
1527674,2026,8,2,1,11.94736842105263,8.399999999999999,12.48,8.525000000000006,1,9,baseline_mid,0.9587484402955572,0.9393268681716062
1527674,2026,8,3,1,11.94736842105263,8.0,12.941176470588236,13.017499999999998,1,9,baseline_mid,0.969235463136465,0.9528395968163453
1527674,2026,8,4,1,11.94736842105263,8.117647058823529,12.692307692307693,0.12000000000000455,2,8,baseline_mid,0.9032199913688612,0.874478493850602
1527674,2026,8,5,1,11.94736842105263,8.149253731343283,12.566037735849058,-0.21999999999998465,2,8,baseline_mid,0.8750126889306509,0.8441638348247669
1527674,2026,8,6,1,11.94736842105263,8.272727272727273,12.333333333333332,-1.559999999999988,2,8,baseline_mid,0.8712345286469709,0.8401965948625081
1527674,2026,9,1,1,11.94736842105263,8.307692307692307,12.218181818181817,-1.8999999999999915,2,8,baseline_mid,0.8714792949952533,0.8363822568777419
1527674,2026,9,2,1,11.94736842105263,7.875,12.642857142857142,2.7600000000000193,2,8,baseline_mid,0.9087201946384196,0.8761556447211368
1527674,2026,9,3,1,11.94736842105263,7.904761904761905,12.526315789473683,2.4200000000000017,2,8,baseline_mid,0.910213867069547,0.8778118658129183
1527674,2026,9,4,1,11.94736842105263,7.64516129032258,12.724137931034482,5.079999999999998,2,8,baseline_mid,0.9606748899485018,0.937974004531269
1527674,2026,9,5,1,11.94736842105263,7.672131147540984,12.610169491525426,4.740000000000009,2,8,baseline_mid,0.9290656854426657,0.8992265211054918
1527674,2026,9,6,1,11.94736842105263,7.700000000000001,12.5,4.400000000000006,2,8,baseline_mid,0.9287769562381853,0.898890683442161
1527674,2026,9,7,1,11.94736842105263,7.728813559322033,12.39344262295082,4.060000000000002,2,8,baseline_mid,0.9290306431283337,0.8991857470661572
1527674,2026,10,1,1,11.94736842105263,7.627118644067796,12.491803278688524,5.060000000000002,2,8,baseline_mid,0.965629676779511,0.9517513125219081
1527674,2026,10,2,1,11.94736842105263,7.137931034482759,12.870967741935484,9.720000000000013,2,8,baseline_mid,0.9747538863268302,0.9631397918196081
1527674,2026,10,3,1,11.94736842105263,7.157894736842104,12.761904761904763,9.379999999999995,2,8,baseline_mid,0.978012794583275,0.9673347584810903
1527674,2026,10,4,1,11.94736842105263,7.285714285714285,12.5625,8.039999999999992,2,8,baseline_mid,0.9778159035041831,0.9670790766254087
1527674,2026,10,5,1,11.94736842105263,6.763636363636364,12.923076923076923,12.700000000000003,2,8,baseline_mid,0.9841443930205493,0.9754660887393105
1527674,2026,10,6,1,11.94736842105263,6.888888888888889,12.727272727272727,11.360000000000014,2,8,baseline_mid,0.9844047210896237,0.9758195199376037
1527674,2026,11,1,1,11.94736842105263,6.566037735849056,12.895522388059701,14.019999999999982,2,8,baseline_mid,0.9866377081182419,0.9810010358057945
1527674,2026,11,2,1,11.94736842105263,6.5769230769230775,12.794117647058822,13.680000000000007,2,8,baseline_mid,0.9872630895496073,0.9818009327834182
1527674,2026,11,3,1,11.94736842105263,6.705882352941177,12.608695652173914,12.340000000000003,2,8,baseline_mid,0.9873294543998847,0.9818860589296319
1527674,2026,11,4,1,11.94736842105263,6.720000000000001,12.514285714285716,12.0,2,8,baseline_mid,0.9875380155457754,0.9821538898157229
1527674,2026,11,5,1,11.94736842105263,6.122448979591837,12.84507042253521,16.659999999999997,2,8,baseline_mid,0.9911253840514618,0.9868436815193599
1527674,2026,11,6,1,11.94736842105263,6.125,12.75,16.32000000000002,2,8,baseline_mid,0.9914601011091002,0.9872904449133283
1527674,2026,11,7,1,11.94736842105263,5.48936170212766,13.06849315068493,20.97999999999999,2,8,baseline_mid,0.9932435904977586,0.9897039000379372
1527674,2026,11,8,1,11.94736842105263,5.478260869565217,12.972972972972974,20.639999999999986,2,8,baseline_mid,0.993447354265266,0.9899835697712355
1527674,2026,11,9,1,11.94736842105263,5.466666666666667,12.879999999999999,20.30000000000001,2,8,baseline_mid,0.9942975147245738,0.9911604966589627
1527674,2026,11,10,1,11.94736842105263,5.454545454545454,12.789473684210527,19.960000000000008,2,8,baseline_mid,0.9940302390999025,0.9907886615904737
1527674,2026,12,1,1,11.94736842105263,4.9787234042553195,13.397260273972602,24.97999999999999,2,8,baseline_mid,0.9942439220851981,0.9923620230658605
1527674,2026,12,2,1,11.94736842105263,5.086956521739131,13.216216216216216,15.935000000000002,3,7,baseline_mid,0.9899759863360582,0.9871874373745636
1527674,2026,12,3,1,11.94736842105263,5.2,13.04,7.224999999999994,4,6,baseline_mid,0.9721010151132545,0.9667743590773716
1527674,2026,12,4,1,11.94736842105263,5.318181818181818,12.868421052631579,6.219999999999999,4,6,baseline_mid,0.9754485243101682,0.970497318842135
1527674,2026,12,5,1,11.94736842105263,5.441860465116279,12.701298701298702,5.215000000000003,4,6,baseline_mid,0.9757833908131293,0.9708717162603181
1527674,2026,12,6,1,11.94736842105263,5.428571428571429,12.615384615384617,5.2099999999999795,4,6,baseline_mid,0.9774335513604998,0.9727223134342554
1527674,2026,13,1,1,11.94736842105263,5.414634146341464,12.531645569620252,5.204999999999984,4,6,baseline_mid,0.9778532816051477,0.975664033137743
1527674,2026,13,2,1,11.94736842105263,5.4,12.450000000000001,5.199999999999989,4,6,baseline_mid,0.9826359420224838,0.9807528667138786
1527674,2026,13,3,1,11.94736842105263,5.384615384615385,12.37037037037037,5.195000000000022,4,6,baseline_mid,0.985352325729008,0.9836655346484582
1527674,2026,13,4,1,11.94736842105263,5.526315789473684,12.21951219512195,4.189999999999998,4,6,baseline_mid,0.9767120990034358,0.9744561938998069
1527674,2026,13,5,1,11.94736842105263,5.513513513513514,12.14457831325301,4.185000000000002,4,6,baseline_mid,0.9782610354497472,0.976096161338709
1527674,2026,13,6,1,11.94736842105263,5.5,12.071428571428571,4.179999999999978,4,6,baseline_mid,0.977324353567701,0.9751039284446236
1527674,2026,13,7,1,11.94736842105263,5.485714285714286,12.0,4.175000000000011,4,6,baseline_mid,0.9786561653215693,0.9765151991017944
1527674,2026,14,1,1,11.94736842105263,5.314285714285714,12.070588235294117,5.175000000000011,4,6,baseline_mid,0.9898660908751373,0.9889108349308253
1527674,2026,14,2,1,11.94736842105263,5.294117647058823,12.0,5.1699999999999875,4,6,baseline_mid,0.99131702477549,0.9904580624866475
1527674,2026,14,3,1,11.94736842105263,4.727272727272727,12.13793103448276,8.16500000000002,4,6,baseline_mid,0.9917348537010431,0.9909049217054371
1527674,2026,14,4,1,11.94736842105263,4.6875,12.068181818181817,8.159999999999997,4,6,baseline_mid,0.9913555354364565,0.99049922313751
1527674,2026,14,5,1,11.94736842105263,3.67741935483871,12.337078651685392,13.155000000000001,4,6,baseline_mid,0.99219505899264,0.9913978363634071
1527674,2026,14,6,1,11.94736842105263,3.5999999999999996,12.266666666666666,13.150000000000006,4,6,baseline_mid,0.9924635265648787,0.9916857583245915
1527674,2026,14,7,1,11.94736842105263,3.5172413793103443,12.197802197802197,13.14500000000001,4,6,baseline_mid,0.9932044487656948,0.9924818917189783
1527674,2026,15,1,1,11.94736842105263,2.275862068965517,12.593406593406595,19.14500000000001,4,6,baseline_mid,0.9918170917916813,0.9914279143422068
1527674,2026,15,2,1,11.94736842105263,1.5,12.717391304347824,22.140000000000015,4,6,baseline_mid,0.9931449757250588,0.9927989701135357
1527674,2026,15,3,1,11.94736842105263,0.6666666666666666,12.838709677419354,25.13499999999999,4,6,baseline_mid,0.995017234195148,0.9947395561215541
1527674,2026,15,4,1,11.94736842105263,-0.23076923076923078,12.957446808510639,28.129999999999995,4,6,baseline_mid,0.9964768481426538,0.9962603797787305
1527675,2026,7,1,1,43.173076923076934,10.285714285714285,12.418604651162791,10.166666666666671,0,10,baseline_mid,0.7229839172687837,0.6886172812492571
1527675,2026,7,2,1,43.173076923076934,10.342105263157894,12.272727272727273,9.333333333333329,0,10,baseline_mid,0.722111639835137,0.6878111826684719
1527675,2026,7,3,1,43.173076923076934,10.16,12.533333333333335,11.5,0,10,baseline_mid,0.7264130680977365,0.6917903811953771
1527675,2026,7,4,1,43.173076923076934,10.216216216216216,12.391304347826086,10.666666666666671,0,10,baseline_mid,0.7182550379936383,0.6842521811200082
1527675,2026,7,5,1,43.173076923076934,10.356164383561644,12.127659574468087,8.833333333333329,0,10,baseline_mid,0.7208037866679722,0.6866033414567004
1527675,2026,7,6,1,43.173076923076934,10.416666666666668,12.0,8.0,0,10,baseline_mid,0.7176720665309066,0.6837148978417749
1527675,2026,8,1,1,43.173076923076934,10.056338028169014,12.489795918367347,12.166666666666671,0,10,baseline_mid,0.761334699786105,0.7313826933375223
1527675,2026,8,2,1,43.173076923076934,10.2,12.24,10.333333333333343,0,10,baseline_mid,0.7209883497507383,0.6936636033801036
1527675,2026,8,3,1,43.173076923076934,9.826086956521738,12.705882352941178,14.499999999999986,0,10,baseline_mid,0.8016439500031931,0.7700695851187631
1527675,2026,8,4,1,43.173076923076934,9.882352941176471,12.576923076923077,13.666666666666657,0,10,baseline_mid,0.7782600023113947,0.7474892292126079
1527675,2026,8,5,1,43.173076923076934,9.940298507462686,12.452830188679245,12.833333333333343,0,10,baseline_mid,0.7582632075404301,0.7284791834328584
1527675,2026,8,6,1,43.173076923076934,10.090909090909092,12.222222222222223,11.000000000000014,0,10,baseline_mid,0.7310128890220673,0.7029551525517175
1527675,2026,9,1,1,43.173076923076934,10.061538461538461,12.218181818181817,11.166666666666657,0,10,baseline_mid,0.7472193160639132,0.7168600559907461
1527675,2026,9,2,1,43.173076923076934,10.21875,12.0,9.333333333333329,0,10,baseline_mid,0.7241472069823476,0.6960337684990134
1527675,2026,9,3,1,43.173076923076934,10.19047619047619,12.0,9.5,0,10,baseline_mid,0.7272589043461852,0.6988253157745906
1527675,2026,9,4,1,43.173076923076934,10.258064516129032,11.896551724137932,8.666666666666671,0,10,baseline_mid,0.7315968987935173,0.7027256482466714
1527675,2026,9,5,1,43.173076923076934,10.032786885245901,12.101694915254237,10.833333333333329,0,10,baseline_mid,0.7480128778209867,0.7175818946920856
1527675,2026,9,6,1,43.173076923076934,10.1,12.0,10.0,0,10,baseline_mid,0.7402611553535,0.7105470922058679
1527675,2026,9,7,1,43.173076923076934,10.067796610169491,12.0,10.166666666666671,0,10,baseline_mid,0.7529227395943947,0.7220567153728894
1527675,2026,10,1,1,43.173076923076934,9.966101694915254,12.098360655737704,11.166666666666671,0,10,baseline_mid,0.7510888350179015,0.7328241423121221
1527675,2026,10,2,1,43.173076923076934,9.517241379310345,12.483870967741936,15.333333333333343,0,10,baseline_mid,0.8207646665240366,0.7986428407524739
1527675,2026,10,3,1,43.173076923076934,9.68421052631579,12.285714285714285,13.5,0,10,baseline_mid,0.7855141391943634,0.7649930165810579
1527675,2026,10,4,1,43.173076923076934,9.75,12.1875,12.666666666666671,0,10,baseline_mid,0.7764976496314141,0.7565082537283476
1527675,2026,10,5,1,43.173076923076934,9.818181818181818,12.092307692307692,11.833333333333314,0,10,baseline_mid,0.7612460534395704,0.742254114385103
1527675,2026,10,6,1,43.173076923076934,9.555555555555555,12.272727272727273,13.999999999999986,0,10,baseline_mid,0.8201148715099419,0.798014886834879
1527675,2026,11,1,1,43.173076923076934,9.283018867924529,12.447761194029852,16.166666666666657,0,10,baseline_mid,0.8429223777007957,0.828946111965365
1527675,2026,11,2,1,43.173076923076934,8.769230769230768,12.794117647058822,20.333333333333343,0,10,baseline_mid,0.8874818651572749,0.8727782251086867
1527675,2026,11,3,1,43.173076923076934,8.823529411764707,12.695652173913043,19.500000000000014,0,10,baseline_mid,0.8838045360060786,0.8690949195592276
1527675,2026,11,4,1,43.173076923076934,8.879999999999999,12.600000000000001,18.666666666666686,0,10,baseline_mid,0.8799887764771797,0.8652870703750702
1527675,2026,11,5,1,43.173076923076934,8.938775510204081,12.507042253521126,17.833333333333343,0,10,baseline_mid,0.867344247394704,0.8527647637428031
1527675,2026,11,6,1,43.173076923076934,9.125,12.333333333333332,7.200000000000017,1,9,baseline_mid,0.8650237562346381,0.8504817631562825
1527675,2026,11,7,1,43.173076923076934,8.808510638297872,12.493150684931507,9.550000000000011,1,9,baseline_mid,0.8715130549717978,0.8568776299643767
1527675,2026,12,1,1,43.173076923076934,8.808510638297872,12.493150684931507,9.550000000000011,1,9,baseline_mid,0.8757173673140342,0.8672249797757212
1527675,2026,12,2,1,43.173076923076934,8.869565217391305,12.405405405405405,8.900000000000006,1,9,baseline_mid,0.8653043605646149,0.8569587117074547
1527675,2026,12,3,1,43.173076923076934,8.933333333333334,12.32,8.25,1,9,baseline_mid,0.8600028595910412,0.8517545381504432
1527675,2026,12,4,1,43.173076923076934,9.0,12.236842105263158,7.599999999999994,1,9,baseline_mid,0.8663966352141259,0.8580327744809094
1527675,2026,12,5,1,43.173076923076934,9.069767441860465,12.155844155844154,6.949999999999989,1,9,baseline_mid,0.8659550523814954,0.8575984771738451
1527675,2026,12,6,1,43.173076923076934,9.142857142857142,12.076923076923077,6.299999999999983,1,9,baseline_mid,0.8595888213909422,0.8513487117401166
1527675,2026,12,7,1,43.173076923076934,8.487804878048781,12.379746835443036,10.650000000000006,1,9,baseline_mid,0.8901549318170001,0.8815665730055668
1527675,2026,13,1,1,43.173076923076934,7.902439024390244,12.683544303797468,14.650000000000006,1,9,baseline_mid,0.9005181417756245,0.8965937860125467
1527675,2026,13,2,1,43.173076923076934,7.949999999999999,12.600000000000001,14.0,1,9,baseline_mid,0.8985160669843875,0.894592457652573
1527675,2026,13,3,1,43.173076923076934,8.0,12.518518518518519,13.349999999999994,1,9,baseline_mid,0.8982586805646038,0.894335277735474
1527675,2026,13,4,1,43.173076923076934,8.052631578947368,12.439024390243903,12.699999999999989,1,9,baseline_mid,0.8933879171637401,0.8894730471725577
1527675,2026,13,5,1,43.173076923076934,8.108108108108109,12.36144578313253,12.050000000000011,1,9,baseline_mid,0.8916840091079425,0.8877741476549276
1527675,2026,13,6,1,43.173076923076934,8.333333333333332,12.214285714285714,10.400000000000006,1,9,baseline_mid,0.8850333804184554,0.8811526442896032
1527675,2026,13,7,1,43.173076923076934,7.885714285714286,12.352941176470587,12.75,1,9,baseline_mid,0.913442096628753,0.909551808721771
1527675,2026,14,1,1,43.173076923076934,7.199999999999999,12.63529411764706,16.75,1,9,baseline_mid,0.9334649931389465,0.9309762841373557
1527675,2026,14,2,1,43.173076923076934,7.411764705882353,12.488372093023257,8.866666666666674,2,8,baseline_mid,0.922635209998736,0.9200947819745627
1527675,2026,14,3,1,43.173076923076934,6.90909090909091,12.620689655172413,11.400000000000006,2,8,baseline_mid,0.9323110064783311,0.9298144071190805
1527675,2026,14,4,1,43.173076923076934,7.125,12.477272727272727,9.933333333333337,2,8,baseline_mid,0.931637026309124,0.9291360932154515
1527675,2026,14,5,1,43.173076923076934,7.35483870967742,12.337078651685392,8.466666666666669,2,8,baseline_mid,0.9220310622283557,0.9194891485201769
1527675,2026,14,6,1,43.173076923076934,7.6,12.2,7.0,2,8,baseline_mid,0.922531796987808,0.9199911047082177
1527675,2026,15,1,1,43.173076923076934,7.862068965517241,12.065934065934066,5.533333333333331,2,8,baseline_mid,0.9038264267167231,0.9031585446552639
1527675,2026,15,2,1,43.173076923076934,7.928571428571429,12.0,-0.06666666666666288,3,7,baseline_mid,0.849268097097352,0.8492914787423099
1527675,2026,15,3,1,43.173076923076934,8.0,11.935483870967742,-0.3499999999999943,3,7,baseline_mid,0.8212213636638677,0.8217072874803802
1527675,2026,15,4,1,43.173076923076934,7.384615384615385,12.063829787234042,2.366666666666646,3,7,baseline_mid,0.8814356393658334,0.8810099631464415
1527675,2026,15,5,1,43.173076923076934,6.720000000000001,12.189473684210526,5.083333333333343,3,7,baseline_mid,0.9258901118650724,0.9250607978307617
1527675,2026,15,6,1,43.173076923076934,7.0,12.0625,3.8000000000000114,3,7,baseline_mid,0.9120020648026039,0.9112641845216733
1527676,2026,7,1,1,-47.599999999999994,3.896103896103896,10.883720930232558,24.3425,1,9,baseline_mid,0.987412092102613,0.9766109763299244
1527676,2026,7,2,1,-47.599999999999994,3.947368421052632,10.636363636363637,23.389999999999993,1,9,baseline_mid,0.9886008031382055,0.9785112655996374
1527676,2026,7,3,1,-47.599999999999994,3.6799999999999997,10.933333333333334,26.4375,1,9,baseline_mid,0.9906567652483804,0.9818722562758888
1527676,2026,7,4,1,-47.599999999999994,3.4054054054054053,11.217391304347826,29.485000000000007,1,9,baseline_mid,0.9907849481865171,0.98208529939979
1527676,2026,7,5,1,-47.599999999999994,3.3698630136986303,11.106382978723403,29.5325,1,9,baseline_mid,0.9912290260218046,0.9828268642060866
1527676,2026,7,6,1,-47.599999999999994,3.083333333333333,11.375,32.580000000000005,1,9,baseline_mid,0.9911337478601109,0.9826672932824458
1527676,2026,8,1,1,-47.599999999999994,2.788732394366197,11.63265306122449,35.6275,1,9,baseline_mid,0.990353584258568,0.9827025944028873
1527676,2026,8,2,1,-47.599999999999994,2.4857142857142858,11.879999999999999,38.675000000000004,1,9,baseline_mid,0.9897407904816803,0.9817524347767326
1527676,2026,8,3,1,-47.599999999999994,2.5217391304347823,11.647058823529411,30.42,2,8,baseline_mid,0.9890695235748703,0.9807205283770059
1527676,2026,8,4,1,-47.599999999999994,2.4705882352941178,11.538461538461538,30.573333333333338,2,8,baseline_mid,0.9816075900216757,0.9697399155829499
1527676,2026,8,5,1,-47.599999999999994,2.5074626865671643,11.320754716981131,29.726666666666674,2,8,baseline_mid,0.9864003200767781,0.9766986275798717
1527676,2026,8,6,1,-47.599999999999994,2.5454545454545454,11.11111111111111,28.88000000000001,2,8,baseline_mid,0.9867325256030474,0.9771927183536888
1527676,2026,9,1,1,-47.599999999999994,2.4923076923076923,11.01818181818182,29.03333333333333,2,8,baseline_mid,0.9866528194851243,0.974745508414762
1527676,2026,9,2,1,-47.599999999999994,2.4375,10.928571428571429,29.18666666666668,2,8,baseline_mid,0.986169627522343,0.9739835032245425
1527676,2026,9,3,1,-47.599999999999994,2.4761904761904763,10.736842105263158,28.340000000000003,2,8,baseline_mid,0.9892294102902812,0.9788944645780112
1527676,2026,9,4,1,-47.599999999999994,2.5161290322580645,10.551724137931034,27.49333333333334,2,8,baseline_mid,0.9910368268325769,0.9819054702792853
1527676,2026,9,5,1,-47.599999999999994,2.1639344262295084,10.779661016949152,30.646666666666675,2,8,baseline_mid,0.9908401223273515,0.9815731288383008
1527676,2026,9,6,1,-47.599999999999994,2.1999999999999997,10.6,29.799999999999997,2,8,baseline_mid,0.9919098034850797,0.9833956524032994
1527676,2026,10,1,1,-47.599999999999994,2.135593220338983,10.524590163934427,29.953333333333333,2,8,baseline_mid,0.9923421127317537,0.987051613806566
1527676,2026,10,2,1,-47.599999999999994,2.0689655172413794,10.451612903225806,30.10666666666667,2,8,baseline_mid,0.9924353677883357,0.9871904075896919
1527676,2026,10,3,1,-47.599999999999994,2.1052631578947367,10.285714285714285,29.260000000000005,2,8,baseline_mid,0.9935051337201468,0.9887985423407956
1527676,2026,10,4,1,-47.599999999999994,2.0357142857142856,10.21875,29.413333333333327,2,8,baseline_mid,0.9937052247812708,0.9891028311803997
1527676,2026,10,5,1,-47.599999999999994,2.0727272727272728,10.061538461538461,28.566666666666677,2,8,baseline_mid,0.9936455018063037,0.9890118841934051
1527676,2026,10,6,1,-47.599999999999994,1.4444444444444444,10.454545454545455,33.72000000000001,2,8,baseline_mid,0.9937616345228839,0.9891888303869647
1527676,2026,11,1,1,-47.599999999999994,0.7924528301886793,10.835820895522389,38.87333333333332,2,8,baseline_mid,0.9944686479626145,0.9913995145205132
1527676,2026,11,2,1,-47.599999999999994,0.576923076923077,10.852941176470589,40.02666666666667,2,8,baseline_mid,0.9946256613315972,0.9916194792154384
1527676,2026,11,3,1,-47.599999999999994,0.47058823529411764,10.782608695652174,40.18000000000001,2,8,baseline_mid,0.9945709919421227,0.9915428174431813
1527676,2026,11,4,1,-47.599999999999994,0.36,10.714285714285715,40.33333333333334,2,8,baseline_mid,0.9944200466618247,0.9913315580392645
1527676,2026,11,5,1,-47.599999999999994,0.24489795918367346,10.647887323943662,40.486666666666665,2,8,baseline_mid,0.994630779098989,0.9916266598354952
1527676,2026,11,6,1,-47.599999999999994,0.125,10.583333333333332,40.640000000000015,2,8,baseline_mid,0.9944985995364969,0.9914414246093565
1527676,2026,11,7,1,-47.599999999999994,0.1276595744680851,10.438356164383562,39.79333333333334,2,8,baseline_mid,0.9946739431582314,0.9916872502929521
1527676,2026,12,1,1,-47.599999999999994,0.0,10.520547945205479,40.79333333333334,2,8,baseline_mid,0.9895132267296927,0.9866370051310921
1527677,2026,7,1,1,-66.0,7.714285714285715,8.930232558139535,-4.444999999999993,1,9,baseline_mid,0.9354259352838376,0.9066509656072003
1527677,2026,7,2,1,-66.0,7.342105263157894,9.545454545454545,0.3399999999999892,1,9,baseline_mid,0.9612944997177588,0.9392819987739839
1527677,2026,7,3,1,-66.0,7.359999999999999,9.466666666666667,0.125,1,9,baseline_mid,0.9610279803366457,0.9389294925632844
1527677,2026,7,4,1,-66.0,7.45945945945946,9.26086956521739,-1.0899999999999892,1,9,baseline_mid,0.9518866615233488,0.9270700158990105
1527677,2026,7,5,1,-66.0,7.561643835616438,9.063829787234043,-2.305000000000007,1,9,baseline_mid,0.9463179160411921,0.920041036975207
1527677,2026,7,6,1,-66.0,7.583333333333333,9.0,-2.519999999999996,1,9,baseline_mid,0.9452574237686866,0.9187173970010394
1527677,2026,8,1,1,-66.0,7.183098591549296,9.551020408163264,2.2650000000000006,1,9,baseline_mid,0.9705318640668013,0.9545549042719368
1527677,2026,8,2,1,-66.0,7.199999999999999,9.48,2.049999999999997,1,9,baseline_mid,0.9700975306256276,0.9539789861454804
1527677,2026,8,3,1,-66.0,7.304347826086957,9.294117647058824,0.8349999999999937,1,9,baseline_mid,0.9635501631064936,0.945439409442496
1527677,2026,8,4,1,-66.0,7.3235294117647065,9.230769230769232,0.6200000000000045,1,9,baseline_mid,0.9631814130672487,0.9449657902662341
1527677,2026,8,5,1,-66.0,7.343283582089552,9.169811320754718,0.40500000000001535,1,9,baseline_mid,0.9614882664831106,0.9428003328790333
1527677,2026,8,6,1,-66.0,7.454545454545455,9.0,-0.8099999999999881,1,9,baseline_mid,0.9563013789550532,0.9362547155191399
1527677,2026,9,1,1,-66.0,7.476923076923077,8.945454545454545,-1.0249999999999915,1,9,baseline_mid,0.9555846346418875,0.93141717592547
1527677,2026,9,2,1,-66.0,7.5,8.892857142857142,-1.240000000000009,1,9,baseline_mid,0.9544908101120948,0.9300272254169477
1527677,2026,9,3,1,-66.0,7.619047619047619,8.736842105263158,-10.959999999999994,2,8,baseline_mid,0.9238157590976656,0.8931607872616077
1527677,2026,9,4,1,-66.0,7.548387096774194,8.793103448275861,-10.040000000000006,2,8,baseline_mid,0.9304067288799065,0.9007899065206645
1527677,2026,9,5,1,-66.0,7.573770491803279,8.745762711864407,-10.11999999999999,2,8,baseline_mid,0.9273097885114061,0.8971882404345602
1527677,2026,9,6,1,-66.0,7.700000000000001,8.6,-11.200000000000003,2,8,baseline_mid,0.9226512309666361,0.8918266273780447
1527677,2026,10,1,1,-66.0,7.830508474576272,8.459016393442623,-12.280000000000001,2,8,baseline_mid,0.9086709602825204,0.8873549684828155
1527677,2026,10,2,1,-66.0,7.344827586206896,8.903225806451612,-7.359999999999985,2,8,baseline_mid,0.9518858445150253,0.9353424117422489
1527677,2026,10,3,1,-66.0,6.842105263157895,9.333333333333334,-2.4399999999999977,2,8,baseline_mid,0.9750788478209425,0.9635546958270236
1527677,2026,10,4,1,-66.0,6.964285714285715,9.1875,-3.5200000000000102,2,8,baseline_mid,0.9741254782018198,0.9623394704805752
1527677,2026,10,5,1,-66.0,7.090909090909092,9.046153846153846,-4.599999999999994,2,8,baseline_mid,0.9710249004626008,0.9584275471606558
1527677,2026,10,6,1,-66.0,7.111111111111111,9.0,-4.679999999999978,2,8,baseline_mid,0.9694643508177754,0.9564803282859532
1527677,2026,11,1,1,-66.0,7.132075471698113,8.955223880597016,-4.760000000000005,2,8,baseline_mid,0.9690575505129179,0.9596962966074174
1527677,2026,11,2,1,-66.0,6.5769230769230775,9.352941176470589,0.1599999999999966,2,8,baseline_mid,0.9833841095239594,0.9768997617495562
1527677,2026,11,3,1,-66.0,6.588235294117648,9.304347826086957,0.0800000000000125,2,8,baseline_mid,0.9849548979699438,0.9788678749319198
1527677,2026,11,4,1,-66.0,6.6000000000000005,9.257142857142858,0.0,2,8,baseline_mid,0.9842374785167227,0.9779663775316235
1527677,2026,11,5,1,-66.0,6.73469387755102,9.126760563380282,-1.0799999999999983,2,8,baseline_mid,0.9840107004650884,0.9776823372826644
1527677,2026,11,6,1,-66.0,6.625,9.166666666666666,-0.1599999999999966,2,8,baseline_mid,0.9852028096438336,0.9791804592882182
1527677,2026,12,1,1,-66.0,6.76595744680851,9.04109589041096,-7.584999999999994,3,7,baseline_mid,0.9660628548402113,0.9601395536985521
1527677,2026,12,2,1,-66.0,6.913043478260869,8.91891891891892,-8.530000000000001,3,7,baseline_mid,0.9627573650495924,0.9565455932773693
1527677,2026,12,3,1,-66.0,7.066666666666666,8.799999999999999,-9.475000000000009,3,7,baseline_mid,0.9540263292573181,0.9471620559039974
1527677,2026,12,4,1,-66.0,6.954545454545455,8.842105263157894,-8.420000000000016,3,7,baseline_mid,0.9614568700962416,0.955138252182568
1527677,2026,12,5,1,-66.0,7.116279069767442,8.727272727272727,-9.365000000000009,3,7,baseline_mid,0.9521173186492929,0.9451292031195668
1527677,2026,12,6,1,-66.0,7.142857142857142,8.692307692307692,-9.310000000000002,3,7,baseline_mid,0.9527765992477826,0.9458305469108329
1527677,2026,13,1,1,-66.0,7.317073170731707,8.582278481012658,-15.79000000000002,4,6,baseline_mid,0.8824955651256479,0.8786298128336154
1527677,2026,13,2,1,-66.0,7.199999999999999,8.625,-14.599999999999994,4,6,baseline_mid,0.8908849124081146,0.8869777516786351
1527677,2026,13,3,1,-66.0,7.23076923076923,8.592592592592592,-14.409999999999997,4,6,baseline_mid,0.8929840280352368,0.88907025220249
1527677,2026,13,4,1,-66.0,7.421052631578948,8.487804878048781,-15.219999999999999,4,6,baseline_mid,0.8923035384263376,0.888391737136536
1527677,2026,13,5,1,-66.0,7.45945945945946,8.457831325301205,-15.030000000000001,4,6,baseline_mid,0.8947740638859051,0.8908558833535895
1527677,2026,13,6,1,-66.0,7.5,8.428571428571427,-14.840000000000003,4,6,baseline_mid,0.8904818866015907,0.8865761723341203
1527677,2026,14,1,1,-66.0,7.714285714285715,8.329411764705881,-15.650000000000006,4,6,baseline_mid,0.9199785224520096,0.917432596611244
1527677,2026,14,2,1,-66.0,7.9411764705882355,8.232558139534884,-21.05000000000001,5,5,baseline_mid,0.7820436461854953,0.7815157509362243
1527677,2026,14,3,1,-66.0,8.181818181818182,8.137931034482758,-21.724999999999994,5,5,baseline_mid,0.7659420609923704,0.7658267178113481
1527677,2026,14,4,1,-66.0,8.4375,8.045454545454545,-26.72,6,4,baseline_mid,0.5972856656231764,0.6021881087185333
1527677,2026,14,5,1,-66.0,8.516129032258064,8.022471910112358,-26.25999999999999,6,4,baseline_mid,0.5938997783144431,0.5989056473448028
1527677,2026,14,6,1,-66.0,8.6,8.0,-25.80000000000001,6,4,baseline_mid,0.5921317949123328,0.5971915832483627
1527677,2026,14,7,1,-66.0,8.689655172413794,7.978021978021978,-25.340000000000003,6,4,baseline_mid,0.61156460083888,0.6160288615310813
1527677,2026,15,1,1,-66.0,7.862068965517241,8.241758241758241,-21.340000000000003,6,4,baseline_mid,0.7418855089453604,0.7438911049285644
1527677,2026,15,2,1,-66.0,7.928571428571429,8.217391304347826,-20.879999999999995,6,4,baseline_mid,0.7433716136882993,0.7453470039936654
1527677,2026,15,3,1,-66.0,8.222222222222223,8.129032258064516,-21.420000000000016,6,4,baseline_mid,0.6866965297378709,0.6898409155505054
1527677,2026,15,4,1,-66.0,8.307692307692307,8.106382978723403,-20.960000000000008,6,4,baseline_mid,0.693371138059403,0.6963770093896134
1527677,2026,15,5,1,-66.0,8.64,8.021052631578947,-21.5,6,4,baseline_mid,0.7000189449151865,0.7028868598093919
1527677,2026,15,6,1,-66.0,7.5,8.3125,-16.039999999999992,6,4,baseline_mid,0.8519663269405902,0.8519483102097873
1527678,2026,7,1,1,-36.76190476190476,7.870129870129871,5.72093023255814,-45.715,4,6,baseline_mid,0.30839010684078316,0.3247726733881607
1527678,2026,7,2,1,-36.76190476190476,7.973684210526316,5.590909090909091,-46.420000000000016,4,6,baseline_mid,0.29699062797211784,0.3146306483417795
1527678,2026,7,3,1,-36.76190476190476,8.0,5.6,-46.125,4,6,baseline_mid,0.299741533108596,0.3170823157485078
1527678,2026,7,4,1,-36.76190476190476,8.027027027027028,5.608695652173913,-45.83,4,6,baseline_mid,0.29313066390578524,0.31118586726871195
1527678,2026,7,5,1,-36.76190476190476,7.972602739726027,5.74468085106383,-44.535,4,6,baseline_mid,0.3075132308814341,0.3239941235107149
1527678,2026,7,6,1,-36.76190476190476,8.0,5.75,-44.239999999999995,4,6,baseline_mid,0.30346582608832995,0.32039716683987385
1527678,2026,7,7,1,-36.76190476190476,8.028169014084508,5.755102040816326,-43.94500000000001,4,6,baseline_mid,0.30523327328584826,0.3219686018692939
1527678,2026,7,8,1,-36.76190476190476,7.628571428571428,6.36,-38.64999999999999,4,6,baseline_mid,0.3992149654923215,0.4043192737945294
1527678,2026,8,1,1,-36.76190476190476,7.436619718309858,6.612244897959183,-36.94500000000001,4,6,baseline_mid,0.4129220044810289,0.4203053692376153
1527678,2026,8,2,1,-36.76190476190476,7.457142857142857,6.6000000000000005,-36.64999999999999,4,6,baseline_mid,0.42208223419280744,0.4283577425205004
1527678,2026,8,3,1,-36.76190476190476,7.478260869565217,6.588235294117648,-36.355000000000004,4,6,baseline_mid,0.4206834393990325,0.42712874938962786
1527678,2026,8,4,1,-36.76190476190476,7.5,6.5769230769230775,-36.06,4,6,baseline_mid,0.4413852688922911,0.44529771957724734
1527678,2026,8,5,1,-36.76190476190476,7.611940298507463,6.452830188679245,-36.765,4,6,baseline_mid,0.4405711764894852,0.444583948678246
1527678,2026,8,6,1,-36.76190476190476,7.363636363636363,6.777777777777777,-33.469999999999985,4,6,baseline_mid,0.542258527165741,0.5336330502249387
1527678,2026,9,1,1,-36.76190476190476,7.292307692307691,6.872727272727273,-32.17500000000001,4,6,baseline_mid,0.5747361305965504,0.5662661403089777
1527678,2026,9,2,1,-36.76190476190476,7.03125,7.178571428571429,-28.879999999999995,4,6,baseline_mid,0.7170673763929414,0.6897010413587888
1527678,2026,9,3,1,-36.76190476190476,7.0476190476190474,7.157894736842104,-28.585000000000008,4,6,baseline_mid,0.7135858384337026,0.6865961193521347
1527678,2026,9,4,1,-36.76190476190476,7.064516129032258,7.137931034482759,-28.289999999999992,4,6,baseline_mid,0.7052743548826574,0.6792072570508308
1527678,2026,9,5,1,-36.76190476190476,6.786885245901638,7.423728813559322,-24.995000000000005,4,6,baseline_mid,0.8240083816211907,0.7888715967116865
1527678,2026,9,6,1,-36.76190476190476,6.5,7.700000000000001,-21.69999999999999,4,6,baseline_mid,0.8754471778042228,0.8404976771731806
1527678,2026,10,1,1,-36.76190476190476,6.508474576271187,7.672131147540984,-21.405000000000015,4,6,baseline_mid,0.8805920300165491,0.858051081244433
1527678,2026,10,2,1,-36.76190476190476,6.413793103448276,7.741935483870968,-20.11,4,6,baseline_mid,0.8967918214480783,0.8748172008478601
1527678,2026,10,3,1,-36.76190476190476,6.421052631578947,7.714285714285715,-19.815000000000012,4,6,baseline_mid,0.8974776334950968,0.8755350855463694
1527678,2026,10,4,1,-36.76190476190476,6.428571428571429,7.6875,-19.519999999999996,4,6,baseline_mid,0.89723610943213,0.8752821867736484
1527678,2026,10,5,1,-36.76190476190476,6.545454545454545,7.569230769230769,-20.22500000000001,4,6,baseline_mid,0.8888599770293685,0.8665636051458655
1527678,2026,10,6,1,-36.76190476190476,6.555555555555555,7.545454545454545,-19.929999999999993,4,6,baseline_mid,0.8840158240789917,0.8615654032860931
1527678,2026,11,1,1,-36.76190476190476,6.566037735849056,7.522388059701493,-19.63500000000002,4,6,baseline_mid,0.884863831848409,0.8701545449889718
1527678,2026,11,2,1,-36.76190476190476,6.6923076923076925,7.411764705882353,-20.340000000000003,4,6,baseline_mid,0.8755662033168732,0.8608909302163159
1527678,2026,11,3,1,-36.76190476190476,6.823529411764706,7.304347826086957,-21.045,4,6,baseline_mid,0.8702596425024235,0.8556394698169175
1527678,2026,11,4,1,-36.76190476190476,6.84,7.285714285714285,-20.75,4,6,baseline_mid,0.8715879036215352,0.856951611032012
1527678,2026,11,5,1,-36.76190476190476,6.857142857142857,7.267605633802816,-20.455,4,6,baseline_mid,0.8731292739319767,0.8584762082821943
1527678,2026,11,6,1,-36.76190476190476,7.0,7.166666666666666,-21.159999999999997,4,6,baseline_mid,0.858863441087692,0.8444421549926414
1527678,2026,11,7,1,-36.76190476190476,7.0212765957446805,7.15068493150685,-20.864999999999995,4,6,baseline_mid,0.8576014937995939,0.8432086187373601
1527678,2026,12,1,1,-36.76190476190476,7.0212765957446805,7.15068493150685,-20.864999999999995,4,6,baseline_mid,0.8549080827127633,0.8467667692828704
1527678,2026,12,2,1,-36.76190476190476,7.043478260869566,7.135135135135135,-20.570000000000007,4,6,baseline_mid,0.8556038720544079,0.847447188712855
1527678,2026,12,3,1,-36.76190476190476,7.066666666666666,7.120000000000001,-20.275000000000006,4,6,baseline_mid,0.8527935566213329,0.8447003888521915
1527678,2026,12,4,1,-36.76190476190476,7.2272727272727275,7.026315789473684,-20.980000000000004,4,6,baseline_mid,0.8321403093821687,0.8246235320402748
1527678,2026,12,5,1,-36.76190476190476,7.116279069767442,7.090909090909092,-19.685000000000002,4,6,baseline_mid,0.8523860230875783,0.8443023804441053
1527678,2026,12,6,1,-36.76190476190476,7.0,7.153846153846153,-18.39,4,6,baseline_mid,0.8732378292549524,0.8647748146602099
1527678,2026,13,1,1,-36.76190476190476,7.024390243902438,7.139240506329113,-18.095,4,6,baseline_mid,0.8643529425113329,0.8606511880375808
1527678,2026,13,2,1,-36.76190476190476,6.8999999999999995,7.199999999999999,-16.80000000000001,4,6,baseline_mid,0.8797362219517579,0.8758890901564644
1527678,2026,13,3,1,-36.76190476190476,7.076923076923077,7.111111111111111,-17.504999999999995,4,6,baseline_mid,0.8708318690373388,0.8670606146077482
1527678,2026,13,4,1,-36.76190476190476,6.315789473684211,7.463414634146341,-12.210000000000008,4,6,baseline_mid,0.9382604319543815,0.9346594788658084
1527678,2026,13,5,1,-36.76190476190476,5.837837837837839,7.662650602409638,-8.914999999999992,4,6,baseline_mid,0.963747555544912,0.9608691751286231
1527678,2026,13,6,1,-36.76190476190476,6.0,7.571428571428571,-9.620000000000005,4,6,baseline_mid,0.9587723212822536,0.9557085457838362
1527678,2026,14,1,1,-36.76190476190476,6.0,7.552941176470588,-9.324999999999989,4,6,baseline_mid,0.9581389964264906,0.9559852355340897
1527678,2026,14,2,1,-36.76190476190476,6.1764705882352935,7.465116279069767,-10.030000000000015,4,6,baseline_mid,0.9546483422220748,0.9524250315445256
1527678,2026,14,3,1,-36.76190476190476,6.181818181818182,7.448275862068966,-9.735,4,6,baseline_mid,0.9559225340861787,0.9537236281320423
1527678,2026,14,4,1,-36.76190476190476,5.625,7.636363636363637,-6.439999999999998,4,6,baseline_mid,0.9733758087713433,0.9716415785286434
1527678,2026,14,5,1,-36.76190476190476,5.806451612903226,7.550561797752809,-7.144999999999996,4,6,baseline_mid,0.9691065494265758,0.9672330560697211
1527678,2026,14,6,1,-36.76190476190476,5.8,7.533333333333333,-6.849999999999994,4,6,baseline_mid,0.9710027369686185,0.9691887223489551
1527678,2026,15,1,1,-36.76190476190476,5.793103448275862,7.516483516483516,-6.554999999999993,4,6,baseline_mid,0.9720356228930297,0.9712724757976583
1527678,2026,15,2,1,-36.76190476190476,5.785714285714286,7.5,-6.260000000000005,4,6,baseline_mid,0.9735356514684033,0.9727893081344838
1527678,2026,15,3,1,-36.76190476190476,5.777777777777778,7.483870967741936,-5.965000000000003,4,6,baseline_mid,0.972230538622829,0.9714694979033304
1527678,2026,15,4,1,-36.76190476190476,5.076923076923077,7.659574468085107,-2.6700000000000017,4,6,baseline_mid,0.9864103466589377,0.9858775628599373
1527678,2026,15,5,1,-36.76190476190476,3.84,7.957894736842105,2.625,4,6,baseline_mid,0.9954028352770283,0.9951405453297645
1527678,2026,15,6,1,-36.76190476190476,4.0,7.875,1.9200000000000017,4,6,baseline_mid,0.9951039507422749,0.9948296891420328
1527679,2026,7,1,0,29.409090909090907,11.532467532467532,11.023255813953488,-45.488333333333316,3,7,baseline_mid,0.1446059718476398,0.17231301421609038
1527679,2026,7,2,0,29.409090909090907,11.605263157894736,10.909090909090908,-45.80666666666666,3,7,baseline_mid,0.14108988255404004,0.16880547085502665
1527679,2026,7,3,0,29.409090909090907,11.440000000000001,11.2,-43.125,3,7,baseline_mid,0.14388643623509073,0.1715964159367104
1527679,2026,7,4,0,29.409090909090907,11.432432432432433,11.217391304347826,-42.44333333333333,3,7,baseline_mid,0.1512423064221417,0.17889427198195704
1527679,2026,7,5,0,29.409090909090907,11.506849315068493,11.106382978723403,-42.761666666666684,3,7,baseline_mid,0.14938628696597764,0.17705866144593482
1527679,2026,7,6,0,29.409090909090907,11.583333333333334,11.0,-43.08000000000001,3,7,baseline_mid,0.14971086100479666,0.1773799427260594
1527679,2026,8,1,0,29.409090909090907,11.661971830985916,10.89795918367347,-43.39833333333337,3,7,baseline_mid,0.1425973360094916,0.17030145491593143
1527679,2026,8,2,0,29.409090909090907,11.485714285714286,11.16,-40.71666666666667,3,7,baseline_mid,0.15957755898590986,0.18731896025299413
1527679,2026,8,3,0,29.409090909090907,11.652173913043478,10.941176470588236,-42.035,3,7,baseline_mid,0.15839969910964566,0.1861481920988981
1527679,2026,8,4,0,29.409090909090907,11.558823529411764,11.076923076923077,-40.35333333333335,3,7,baseline_mid,0.16893823761710125,0.1965755261085987
1527679,2026,8,5,0,29.409090909090907,11.373134328358208,11.320754716981131,-37.67166666666665,3,7,baseline_mid,0.17153794200940498,0.1991317741709523
1527679,2026,8,6,0,29.409090909090907,11.545454545454547,11.11111111111111,-38.99000000000001,3,7,baseline_mid,0.16663051942985552,0.19430118452746353
1527679,2026,9,1,0,29.409090909090907,11.63076923076923,11.01818181818182,-39.30833333333334,3,7,baseline_mid,0.16768735765729226,0.2068457701732336
1527679,2026,9,2,0,29.409090909090907,11.625,11.035714285714285,-38.626666666666665,3,7,baseline_mid,0.17232784745413163,0.21144915609807813
1527679,2026,9,3,0,29.409090909090907,11.714285714285714,10.94736842105263,-38.94500000000002,3,7,baseline_mid,0.16719547787985897,0.20635632396476553
1527679,2026,9,4,0,29.409090909090907,11.806451612903226,10.862068965517242,-39.26333333333332,3,7,baseline_mid,0.17283029549394371,0.21194607427651105
1527679,2026,9,5,0,29.409090909090907,11.60655737704918,11.084745762711865,-36.58166666666668,3,7,baseline_mid,0.18818143531385398,0.22699301483597473
1527679,2026,9,6,0,29.409090909090907,11.7,11.0,-36.900000000000006,3,7,baseline_mid,0.19187708842398873,0.23057817740417763
1527679,2026,10,1,0,29.409090909090907,11.898305084745763,10.819672131147541,-38.218333333333334,3,7,baseline_mid,0.18921811571046754,0.22195636842152933
1527679,2026,10,2,0,29.409090909090907,11.689655172413794,11.032258064516128,-35.53666666666666,3,7,baseline_mid,0.21342791614646242,0.24582007297366854
1527679,2026,10,3,0,29.409090909090907,11.789473684210526,10.952380952380953,-35.85499999999999,3,7,baseline_mid,0.20626727087088165,0.23880877580086188
1527679,2026,10,4,0,29.409090909090907,11.892857142857142,10.875,-36.173333333333346,3,7,baseline_mid,0.20410579070497073,0.23668487266093444
1527679,2026,10,5,0,29.409090909090907,11.672727272727274,11.076923076923077,-33.491666666666674,3,7,baseline_mid,0.23533406390752717,0.2670471904244548
1527679,2026,10,6,0,29.409090909090907,11.88888888888889,10.909090909090908,-44.97999999999999,4,6,baseline_mid,0.12938827058323543,0.16065633058882364
1527679,2026,11,1,0,29.409090909090907,12.113207547169813,10.746268656716419,-46.110000000000014,4,6,baseline_mid,0.13628968028140293,0.16736253543850912
1527679,2026,11,2,0,29.409090909090907,12.346153846153845,10.588235294117647,-57.03333333333333,5,5,baseline_mid,0.07639509345433435,0.1008925807777174
1527679,2026,11,3,0,29.409090909090907,12.47058823529412,10.521739130434783,-56.974999999999994,5,5,baseline_mid,0.07839900199792796,0.10321344427310986
1527679,2026,11,4,0,29.409090909090907,12.600000000000001,10.457142857142857,-56.91666666666666,5,5,baseline_mid,0.07898768103912795,0.10389367314514779
1527679,2026,11,5,0,29.409090909090907,12.857142857142858,10.309859154929576,-57.85833333333335,5,5,baseline_mid,0.06984725501518554,0.0932494680846119
1527679,2026,11,6,0,29.409090909090907,13.0,10.25,-57.80000000000001,5,5,baseline_mid,0.06375383484317779,0.08604902251191256
1527679,2026,12,1,0,29.409090909090907,12.76595744680851,10.438356164383562,-54.741666666666674,5,5,baseline_mid,0.07433769528678008,0.0906657970673318
1527679,2026,12,2,0,29.409090909090907,12.913043478260867,10.378378378378379,-54.68333333333334,5,5,baseline_mid,0.07436723008563549,0.09069887215415713
1527679,2026,12,3,0,29.409090909090907,13.066666666666666,10.32,-54.625,5,5,baseline_mid,0.0744592031119299,0.09080186200981934
1527679,2026,12,4,0,29.409090909090907,13.227272727272727,10.263157894736842,-54.56666666666666,5,5,baseline_mid,0.06729086098047263,0.08273825083097099
1527679,2026,12,5,0,29.409090909090907,12.697674418604652,10.597402597402597,-49.508333333333326,5,5,baseline_mid,0.1013650724530793,0.12047109612879693
1527679,2026,12,6,0,29.409090909090907,12.857142857142858,10.538461538461538,-49.44999999999999,5,5,baseline_mid,0.10515086910230981,0.12457979719222177
1527679,2026,13,1,0,29.409090909090907,13.170731707317074,10.40506329113924,-50.39166666666665,5,5,baseline_mid,0.09257199210645511,0.1020742203629657
1527679,2026,13,2,0,29.409090909090907,13.350000000000001,10.350000000000001,-50.33333333333334,5,5,baseline_mid,0.09511870580927029,0.1047573647621466
1527679,2026,13,3,0,29.409090909090907,13.538461538461538,10.296296296296298,-50.275000000000006,5,5,baseline_mid,0.08623583250084012,0.09538223020607706
1527679,2026,13,4,0,29.409090909090907,13.894736842105264,10.170731707317072,-58.373333333333335,6,4,baseline_mid,0.03492595599954308,0.04008745411870379
1527679,2026,13,5,0,29.409090909090907,13.297297297297298,10.481927710843372,-53.126666666666665,6,4,baseline_mid,0.05605443143052581,0.06313562639941794
1527679,2026,13,6,0,29.409090909090907,12.666666666666668,10.785714285714286,-47.879999999999995,6,4,baseline_mid,0.07670175373637747,0.08526586037235699
1527679,2026,14,1,0,29.409090909090907,12.857142857142858,10.729411764705883,-47.633333333333326,6,4,baseline_mid,0.0753249078091838,0.08241599502188188
1527679,2026,14,2,0,29.409090909090907,13.058823529411764,10.674418604651162,-47.386666666666684,6,4,baseline_mid,0.07336847571653299,0.0803472799256368
1527679,2026,14,3,0,29.409090909090907,13.272727272727272,10.620689655172415,-47.140000000000015,6,4,baseline_mid,0.06924140814184795,0.07597620082427012
1527679,2026,14,4,0,29.409090909090907,13.6875,10.5,-47.89333333333332,6,4,baseline_mid,0.06457014383725015,0.07101652963479917
1527679,2026,14,5,0,29.409090909090907,14.129032258064516,10.382022471910112,-54.484999999999985,7,3,baseline_mid,0.016993509126877845,0.019476976472338137
1527679,2026,14,6,0,29.409090909090907,13.799999999999999,10.533333333333333,-51.05000000000001,7,3,baseline_mid,0.01968809106341406,0.02246849027969848
1527679,2026,14,7,0,29.409090909090907,14.068965517241377,10.483516483516484,-50.61500000000001,7,3,baseline_mid,0.018792574292167415,0.02147580947929789
1527679,2026,14,8,0,29.409090909090907,14.57142857142857,10.369565217391305,-56.45333333333335,8,2,baseline_mid,0.01148558273735241,0.013313118849831425
1527679,2026,15,1,0,29.409090909090907,14.068965517241377,10.483516483516484,-56.076666666666654,8,2,baseline_mid,0.010101531662294804,0.011118664342993282
1527679,2026,15,2,0,29.409090909090907,14.357142857142858,10.434782608695652,-55.45333333333335,8,2,baseline_mid,0.010086459846058885,0.011102345804165532
1527679,2026,15,3,0,29.409090909090907,14.88888888888889,10.32258064516129,-55.829999999999984,8,2,baseline_mid,0.008729619841196615,0.009631475903217083
1527679,2026,15,4,0,29.409090909090907,15.23076923076923,10.27659574468085,-55.20666666666668,8,2,baseline_mid,0.00855510246348302,0.009442020816149288
1527679,2026,15,5,0,29.409090909090907,15.84,10.16842105263158,-60.29166666666666,9,1,baseline_mid,0.006439082929358458,0.007139241670782983
1527679,2026,15,6,0,29.409090909090907,16.5,10.0625,-65.0,10,0,baseline_mid,0.007969617678801319,0.008805935483414951
1527680,2026,7,1,1,44.4848484848485,10.051948051948052,11.30232558139535,-7.302499999999995,1,9,baseline_mid,0.750161477027518,0.7139564589744121
1527680,2026,7,2,1,44.4848484848485,10.18421052631579,11.045454545454545,-8.870000000000005,1,9,baseline_mid,0.7410569478516831,0.7054176241794169
1527680,2026,7,3,1,44.4848484848485,10.24,10.933333333333334,-9.4375,1,9,baseline_mid,0.7246202542873175,0.6901306120381763
1527680,2026,7,4,1,44.4848484848485,10.297297297297298,10.826086956521738,-10.004999999999995,1,9,baseline_mid,0.7061108928366013,0.6730966539122463
1527680,2026,7,5,1,44.4848484848485,10.356164383561644,10.72340425531915,-10.572500000000005,1,9,baseline_mid,0.7179674597643988,0.6839871178915496
1527680,2026,7,6,1,44.4848484848485,10.166666666666666,11.0,-8.139999999999986,1,9,baseline_mid,0.729283580345388,0.6944516761549179
1527680,2026,8,1,1,44.4848484848485,10.056338028169014,11.142857142857142,-6.70750000000001,1,9,baseline_mid,0.7663284073102499,0.7361156832533662
1527680,2026,8,2,1,44.4848484848485,10.114285714285714,11.040000000000001,-7.2749999999999915,1,9,baseline_mid,0.759516081022644,0.7296628454271692
1527680,2026,8,3,1,44.4848484848485,10.173913043478262,10.941176470588236,-7.842500000000015,1,9,baseline_mid,0.7580844717339567,0.7283103984294567
1527680,2026,8,4,1,44.4848484848485,10.235294117647058,10.846153846153847,-8.409999999999997,1,9,baseline_mid,0.735263907387627,0.7069104681860674
1527680,2026,8,5,1,44.4848484848485,10.298507462686567,10.754716981132075,-20.646666666666647,2,8,baseline_mid,0.6200825968087689,0.6023319634751342
1527680,2026,8,6,1,44.4848484848485,10.454545454545455,10.555555555555555,-22.039999999999992,2,8,baseline_mid,0.615935472864594,0.5986436856834418
1527680,2026,9,1,1,44.4848484848485,10.523076923076923,10.472727272727273,-22.433333333333337,2,8,baseline_mid,0.6105427872055229,0.5968148426747173
1527680,2026,9,2,1,44.4848484848485,10.6875,10.285714285714285,-23.826666666666654,2,8,baseline_mid,0.5735592226225048,0.5652654029401756
1527680,2026,9,3,1,44.4848484848485,10.761904761904763,10.210526315789473,-24.219999999999985,2,8,baseline_mid,0.5714939670347929,0.5635097187328316
1527680,2026,9,4,1,44.4848484848485,10.838709677419354,10.137931034482758,-24.61333333333333,2,8,baseline_mid,0.5626876320883414,0.5560290883886226
1527680,2026,9,5,1,44.4848484848485,10.62295081967213,10.372881355932204,-22.006666666666646,2,8,baseline_mid,0.6333533104712071,0.6164074666649505
1527680,2026,9,6,1,44.4848484848485,10.700000000000001,10.299999999999999,-22.39999999999999,2,8,baseline_mid,0.6295676632239239,0.613147299075256
1527680,2026,10,1,1,44.4848484848485,10.474576271186441,10.524590163934427,-19.793333333333337,2,8,baseline_mid,0.6529816526855383,0.6436859980932803
1527680,2026,10,2,1,44.4848484848485,10.551724137931034,10.451612903225806,-20.186666666666667,2,8,baseline_mid,0.6537357615519472,0.6443610042206499
1527680,2026,10,3,1,44.4848484848485,10.631578947368421,10.380952380952381,-20.580000000000013,2,8,baseline_mid,0.6463175503727121,0.6377258979611884
1527680,2026,10,4,1,44.4848484848485,10.285714285714285,10.6875,-16.97333333333333,2,8,baseline_mid,0.6878649330700142,0.6750464849076518
1527680,2026,10,5,1,44.4848484848485,10.254545454545454,10.707692307692309,-16.366666666666674,2,8,baseline_mid,0.7253317798760325,0.7091110919703075
1527680,2026,10,6,1,44.4848484848485,10.333333333333334,10.636363636363637,-16.75999999999999,2,8,baseline_mid,0.7100521275418832,0.6951636819468813
1527680,2026,10,7,1,44.4848484848485,10.528301886792454,10.477611940298507,-18.153333333333336,2,8,baseline_mid,0.693348924167972,0.6800051040339119
1527680,2026,11,1,1,44.4848484848485,10.075471698113208,10.835820895522389,-14.153333333333336,2,8,baseline_mid,0.7295265298569004,0.7225931670887298
1527680,2026,11,2,1,44.4848484848485,10.153846153846153,10.764705882352942,-14.546666666666653,2,8,baseline_mid,0.7293021142373387,0.7223874297932873
1527680,2026,11,3,1,44.4848484848485,10.235294117647058,10.695652173913043,-14.93999999999997,2,8,baseline_mid,0.7222622333150808,0.7159401457251229
1527680,2026,11,4,1,44.4848484848485,9.959999999999999,10.885714285714286,-12.333333333333314,2,8,baseline_mid,0.7419112779711539,0.7339686458180789
1527680,2026,11,5,1,44.4848484848485,10.16326530612245,10.732394366197184,-22.260833333333323,3,7,baseline_mid,0.6383511729511064,0.6398495619896314
1527680,2026,11,6,1,44.4848484848485,10.375,10.583333333333332,-23.47999999999999,3,7,baseline_mid,0.6138309511112139,0.6177856140308066
1527680,2026,12,1,1,44.4848484848485,10.595744680851064,10.438356164383562,-24.699166666666656,3,7,baseline_mid,0.6105080042464166,0.615800699925491
1527680,2026,12,2,1,44.4848484848485,10.565217391304348,10.45945945945946,-23.91833333333335,3,7,baseline_mid,0.6245095485795994,0.6288241622776023
1527680,2026,12,3,1,44.4848484848485,10.0,10.8,-19.137500000000017,3,7,baseline_mid,0.686769387543374,0.686854698160087
1527680,2026,12,4,1,44.4848484848485,10.090909090909092,10.736842105263158,-19.356666666666683,3,7,baseline_mid,0.6897399206953314,0.689631297782656
1527680,2026,12,5,1,44.4848484848485,10.186046511627907,10.675324675324676,-19.57583333333335,3,7,baseline_mid,0.6952926233073145,0.6948240977289569
1527680,2026,12,6,1,44.4848484848485,9.571428571428573,11.0,-14.794999999999987,3,7,baseline_mid,0.7555309639388911,0.7514407401011891
1527680,2026,13,1,1,44.4848484848485,9.658536585365855,10.936708860759493,-15.014166666666682,3,7,baseline_mid,0.7484846432103491,0.747441235270167
1527680,2026,13,2,1,44.4848484848485,9.899999999999999,10.8,-16.23333333333335,3,7,baseline_mid,0.7446539777975223,0.7437303025142276
1527680,2026,13,3,1,44.4848484848485,10.0,10.74074074074074,-16.452499999999986,3,7,baseline_mid,0.7337291746495214,0.7331543088942162
1527680,2026,13,4,1,44.4848484848485,10.105263157894736,10.682926829268293,-16.671666666666653,3,7,baseline_mid,0.7277071719412369,0.7273289160768202
1527680,2026,13,5,1,44.4848484848485,10.216216216216216,10.626506024096386,-16.890833333333347,3,7,baseline_mid,0.7318906473113869,0.73137549392352
1527680,2026,13,6,1,44.4848484848485,10.333333333333334,10.571428571428571,-17.110000000000014,3,7,baseline_mid,0.727657166021251,0.7272805549549172
1527680,2026,13,7,1,44.4848484848485,10.628571428571428,10.447058823529412,-18.32916666666668,3,7,baseline_mid,0.7119674665589739,0.712116092768227
1527680,2026,14,1,1,44.4848484848485,10.285714285714285,10.588235294117647,-16.32916666666668,3,7,baseline_mid,0.7479794377256199,0.7483481140013045
1527680,2026,14,2,1,44.4848484848485,10.235294117647058,10.604651162790699,-15.548333333333346,3,7,baseline_mid,0.7531055009910377,0.753333743230972
1527680,2026,14,3,1,44.4848484848485,10.545454545454545,10.482758620689655,-16.767500000000013,3,7,baseline_mid,0.7383333012409417,0.7389707561330904
1527680,2026,14,4,1,44.4848484848485,10.125,10.636363636363637,-13.986666666666679,3,7,baseline_mid,0.7754424388214138,0.7750810066646378
1527680,2026,14,5,1,44.4848484848485,9.29032258064516,10.921348314606742,-9.205833333333317,3,7,baseline_mid,0.8327188869010751,0.8310673496594052
1527680,2026,14,6,1,44.4848484848485,9.4,10.866666666666667,-9.424999999999983,3,7,baseline_mid,0.8287850788894666,0.8272092496309718
1527680,2026,15,1,1,44.4848484848485,8.896551724137932,11.010989010989011,-6.644166666666649,3,7,baseline_mid,0.8718314722933643,0.8715289116696608
1527680,2026,15,2,1,44.4848484848485,9.0,10.956521739130434,-6.863333333333344,3,7,baseline_mid,0.8673819973642272,0.8671398546081446
1527680,2026,15,3,1,44.4848484848485,8.0,11.225806451612902,-2.0825000000000102,3,7,baseline_mid,0.9426346309068179,0.9417509504494359
1527680,2026,15,4,1,44.4848484848485,8.076923076923077,11.170212765957446,-2.3016666666666765,3,7,baseline_mid,0.9413956967403301,0.9405135919371573
1527680,2026,15,5,1,44.4848484848485,8.16,11.11578947368421,-2.5208333333333144,3,7,baseline_mid,0.9421163481429657,0.9412332745854013
1527680,2026,15,6,1,44.4848484848485,8.25,11.0625,-2.740000000000009,3,7,baseline_mid,0.9348820748908278,0.934015017068126
1527680,2026,15,7,1,44.4848484848485,8.608695652173912,10.948453608247423,-3.9591666666666754,3,7,baseline_mid,0.9104312417111236,0.9097059458872917
1527681,2026,7,1,1,-38.90909090909091,8.883116883116884,6.837209302325581,-29.83999999999999,2,8,baseline_mid,0.4418247814046138,0.4411673869480253
1527681,2026,7,2,1,-38.90909090909091,8.921052631578949,6.818181818181818,-29.919999999999987,2,8,baseline_mid,0.35951339380214736,0.36977352829384263
1527681,2026,7,3,1,-38.90909090909091,8.96,6.8,-30.0,2,8,baseline_mid,0.4194908300998394,0.4218741658273091
1527681,2026,7,4,1,-38.90909090909091,9.08108108108108,6.6521739130434785,-31.079999999999984,2,8,baseline_mid,0.40688328911691235,0.41096401181298203
1527681,2026,7,5,1,-38.90909090909091,9.123287671232877,6.638297872340425,-31.16000000000001,2,8,baseline_mid,0.4026396935233369,0.4072877639348237
1527681,2026,7,6,1,-38.90909090909091,9.166666666666666,6.625,-31.24000000000001,2,8,baseline_mid,0.32515046883822357,0.3396061024696834
1527681,2026,7,7,1,-38.90909090909091,9.211267605633802,6.612244897959183,-31.319999999999993,2,8,baseline_mid,0.3992056655834446,0.40431121074475107
1527681,2026,8,1,1,-38.90909090909091,9.126760563380282,6.73469387755102,-30.319999999999993,2,8,baseline_mid,0.40489826470084184,0.4132434103037407
1527681,2026,8,2,1,-38.90909090909091,9.17142857142857,6.720000000000001,-30.399999999999977,2,8,baseline_mid,0.32777424320718496,0.3447598006526282
1527681,2026,8,3,1,-38.90909090909091,9.217391304347826,6.705882352941177,-30.480000000000004,2,8,baseline_mid,0.39468725249214137,0.40424318554103195
1527681,2026,8,4,1,-38.90909090909091,8.823529411764707,7.269230769230768,-25.559999999999988,2,8,baseline_mid,0.5001524735963134,0.49674582167214426
1527681,2026,8,5,1,-38.90909090909091,8.865671641791046,7.245283018867925,-25.639999999999986,2,8,baseline_mid,0.5021603035740668,0.49850297244175423
1527681,2026,8,6,1,-38.90909090909091,8.90909090909091,7.222222222222222,-25.719999999999985,2,8,baseline_mid,0.4269051588914724,0.4325935907378588
1527681,2026,8,7,1,-38.90909090909091,8.953846153846154,7.199999999999999,-25.799999999999997,2,8,baseline_mid,0.5071175932633379,0.5028417878077501
1527681,2026,9,1,1,-38.90909090909091,8.584615384615384,7.636363636363637,-21.799999999999997,2,8,baseline_mid,0.5813929115844791,0.5719299552038423
1527681,2026,9,2,1,-38.90909090909091,8.625,7.607142857142857,-21.87999999999998,2,8,baseline_mid,0.5685176177141549,0.5609804289101623
1527681,2026,9,3,1,-38.90909090909091,8.666666666666666,7.578947368421052,-21.959999999999994,2,8,baseline_mid,0.49456272975964216,0.49833380215408934
1527681,2026,9,4,1,-38.90909090909091,8.70967741935484,7.551724137931034,-22.040000000000006,2,8,baseline_mid,0.5750812949942721,0.5665596712239566
1527681,2026,9,5,1,-38.90909090909091,8.852459016393443,7.423728813559322,-31.355000000000018,3,7,baseline_mid,0.33126589567541226,0.3583067082755063
1527681,2026,9,6,1,-38.90909090909091,9.0,7.299999999999999,-32.3,3,7,baseline_mid,0.41482010208503134,0.43059294569021206
1527681,2026,10,1,1,-38.90909090909091,9.152542372881356,7.1803278688524586,-33.245000000000005,3,7,baseline_mid,0.42366965447429256,0.44035514931119435
1527681,2026,10,2,1,-38.90909090909091,8.896551724137932,7.451612903225806,-30.189999999999998,3,7,baseline_mid,0.462195979594643,0.4746269756619865
1527681,2026,10,3,1,-38.90909090909091,8.631578947368421,7.714285714285715,-27.13499999999999,3,7,baseline_mid,0.5414222588073663,0.544690686053858
1527681,2026,10,4,1,-38.90909090909091,8.785714285714285,7.59375,-28.08,3,7,baseline_mid,0.5163823762980935,0.5225740605880602
1527681,2026,10,5,1,-38.90909090909091,8.290909090909091,8.03076923076923,-23.025000000000006,3,7,baseline_mid,0.6047943519512435,0.600759481054467
1527681,2026,10,6,1,-38.90909090909091,7.777777777777778,8.454545454545455,-17.970000000000013,3,7,baseline_mid,0.7022341410952047,0.6880578524529103
1527681,2026,11,1,1,-38.90909090909091,7.811320754716981,8.417910447761194,-17.915000000000006,3,7,baseline_mid,0.696582962216348,0.6925218537002901
1527681,2026,11,2,1,-38.90909090909091,7.961538461538462,8.294117647058822,-18.86,3,7,baseline_mid,0.6807607595058153,0.678159492570736
1527681,2026,11,3,1,-38.90909090909091,7.411764705882353,8.695652173913043,-13.805000000000007,3,7,baseline_mid,0.8183061415517698,0.8053456043587818
1527681,2026,11,4,1,-38.90909090909091,6.84,9.085714285714285,-8.749999999999986,3,7,baseline_mid,0.9315141420102158,0.9181528592720565
1527681,2026,11,5,1,-38.90909090909091,6.979591836734693,8.95774647887324,-9.694999999999993,3,7,baseline_mid,0.9043289849544469,0.889839136272899
1527681,2026,11,6,1,-38.90909090909091,7.0,8.916666666666668,-9.64,3,7,baseline_mid,0.9023921265354107,0.8878610201230871
1527681,2026,12,1,1,-38.90909090909091,7.148936170212766,8.794520547945206,-10.584999999999994,3,7,baseline_mid,0.8535631666910646,0.8454522270683812
1527681,2026,12,2,1,-38.90909090909091,7.304347826086957,8.675675675675677,-11.530000000000001,3,7,baseline_mid,0.8434854895936181,0.8356290461668265
1527681,2026,12,3,1,-38.90909090909091,7.333333333333334,8.64,-11.475000000000009,3,7,baseline_mid,0.8430965763727722,0.8352508730125893
1527681,2026,12,4,1,-38.90909090909091,7.5,8.526315789473685,-12.420000000000016,3,7,baseline_mid,0.8270670804953262,0.8197190695654035
1527681,2026,12,5,1,-38.90909090909091,7.674418604651163,8.415584415584416,-13.365000000000009,3,7,baseline_mid,0.8019000318946647,0.7955266092919662
1527681,2026,12,6,1,-38.90909090909091,7.857142857142858,8.307692307692307,-14.310000000000002,3,7,baseline_mid,0.7677221044603812,0.7629798202119512
1527681,2026,13,1,1,-38.90909090909091,7.463414634146341,8.50632911392405,-11.25500000000001,3,7,baseline_mid,0.8466972741890306,0.8432400565275401
1527681,2026,13,2,1,-38.90909090909091,7.6499999999999995,8.399999999999999,-12.200000000000003,3,7,baseline_mid,0.822796400811636,0.8197817537511171
1527681,2026,13,3,1,-38.90909090909091,6.9230769230769225,8.74074074074074,-7.144999999999996,3,7,baseline_mid,0.9235371946163156,0.9197253729412967
1527681,2026,13,4,1,-38.90909090909091,6.789473684210526,8.78048780487805,-6.090000000000003,3,7,baseline_mid,0.9433941379829303,0.9398979173723832
1527681,2026,13,5,1,-38.90909090909091,6.972972972972972,8.674698795180722,-7.034999999999997,3,7,baseline_mid,0.9217901750881654,0.9179612177607679
1527681,2026,13,6,1,-38.90909090909091,7.0,8.642857142857142,-6.980000000000004,3,7,baseline_mid,0.9201953421118975,0.9163520805667147
1527681,2026,14,1,1,-38.90909090909091,6.514285714285714,8.823529411764707,-3.9250000000000114,3,7,baseline_mid,0.9554814175187158,0.9532739374925041
1527681,2026,14,2,1,-38.90909090909091,6.529411764705882,8.790697674418604,-3.8700000000000045,3,7,baseline_mid,0.9556896952505235,0.9534862468924235
1527681,2026,14,3,1,-38.90909090909091,6.545454545454545,8.758620689655173,-3.8149999999999977,3,7,baseline_mid,0.9536822435697194,0.9514411573965086
1527681,2026,14,4,1,-38.90909090909091,6.0,8.931818181818182,-0.7599999999999909,3,7,baseline_mid,0.9822485127253153,0.9808751419275394
1527681,2026,14,5,1,-38.90909090909091,6.0,8.898876404494382,-0.7049999999999841,3,7,baseline_mid,0.9816633316151264,0.9802626161943402
1527681,2026,14,6,1,-38.90909090909091,6.200000000000001,8.799999999999999,-1.6500000000000057,3,7,baseline_mid,0.9746088708990479,0.9729186010526377
1527681,2026,14,7,1,-38.90909090909091,5.172413793103448,9.098901098901099,3.405000000000001,3,7,baseline_mid,0.988380841655187,0.9873334925816719
1527681,2026,15,1,1,-38.90909090909091,4.9655172413793105,9.164835164835164,4.405000000000001,3,7,baseline_mid,0.9881926901772503,0.9877024296896263
1527681,2026,15,2,1,-38.90909090909091,4.928571428571429,9.130434782608695,4.460000000000008,3,7,baseline_mid,0.9889651197032585,0.98849463359563
1527681,2026,15,3,1,-38.90909090909091,4.222222222222222,9.29032258064516,7.514999999999986,3,7,baseline_mid,0.9917847978660728,0.9913946172175606
1527681,2026,15,4,1,-38.90909090909091,4.153846153846153,9.25531914893617,7.569999999999993,3,7,baseline_mid,0.9919217993199896,0.9915358890524326
1527681,2026,15,5,1,-38.90909090909091,3.3600000000000003,9.410526315789474,10.625,3,7,baseline_mid,0.9929993855519104,0.9926484534208168
1527681,2026,15,6,1,-38.90909090909091,3.5,9.3125,9.680000000000007,3,7,baseline_mid,0.9930281114651356,0.9926781473915683
1527681,2026,15,7,1,-38.90909090909091,3.6521739130434785,9.216494845360826,8.734999999999985,3,7,baseline_mid,0.9922591771083427,0.991883947547745
1527682,2026,7,1,0,23.363636363636374,10.909090909090908,9.906976744186046,-4.249999999999986,0,10,baseline_mid,0.6336255898557903,0.6078703574590706
1527682,2026,7,2,0,23.363636363636374,11.052631578947368,9.681818181818182,-6.0,0,10,baseline_mid,0.606538778309611,0.5839633639010515
1527682,2026,7,3,0,23.363636363636374,11.2,9.466666666666667,-7.75,0,10,baseline_mid,0.6032792666860745,0.5810997313658323
1527682,2026,7,4,0,23.363636363636374,10.864864864864865,10.043478260869566,-3.5,0,10,baseline_mid,0.6649363557844,0.6357916092243541
1527682,2026,7,5,0,23.363636363636374,10.931506849315069,9.957446808510639,-4.250000000000014,0,10,baseline_mid,0.6515327791160844,0.6237973097278068
1527682,2026,7,6,0,23.363636363636374,11.083333333333334,9.75,-18.599999999999994,1,9,baseline_mid,0.41876717352663606,0.4212483717293292
1527682,2026,8,1,0,23.363636363636374,11.154929577464788,9.673469387755102,-19.17500000000001,1,9,baseline_mid,0.5227076550649309,0.5164929523804889
1527682,2026,8,2,0,23.363636363636374,11.228571428571428,9.600000000000001,-19.75,1,9,baseline_mid,0.5057070723823304,0.5016071719142113
1527682,2026,8,3,0,23.363636363636374,11.043478260869565,9.882352941176471,-17.325000000000003,1,9,baseline_mid,0.5491440794929983,0.5396771706347924
1527682,2026,8,4,0,23.363636363636374,11.029411764705882,9.923076923076923,-16.89999999999999,1,9,baseline_mid,0.5593954992763526,0.5486849943829643
1527682,2026,8,5,0,23.363636363636374,10.656716417910449,10.415094339622641,-12.474999999999994,1,9,baseline_mid,0.6306436488292019,0.6117427591656732
1527682,2026,8,6,0,23.363636363636374,10.818181818181818,10.222222222222221,-14.049999999999983,1,9,baseline_mid,0.6256352345226609,0.607276481267563
1527682,2026,9,1,0,23.363636363636374,10.892307692307693,10.145454545454545,-14.624999999999986,1,9,baseline_mid,0.6062280832732578,0.5931216948134596
1527682,2026,9,2,0,23.363636363636374,10.96875,10.071428571428571,-15.200000000000003,1,9,baseline_mid,0.6054636873356207,0.5924678008185604
1527682,2026,9,3,0,23.363636363636374,10.761904761904763,10.31578947368421,-12.774999999999991,1,9,baseline_mid,0.611078661730484,0.5972737858546585
1527682,2026,9,4,0,23.363636363636374,10.935483870967742,10.137931034482758,-14.34999999999998,1,9,baseline_mid,0.5966467368996604,0.584933423121905
1527682,2026,9,5,0,23.363636363636374,11.01639344262295,10.067796610169491,-14.924999999999997,1,9,baseline_mid,0.5913742897948528,0.5804345646476755
1527682,2026,9,6,0,23.363636363636374,10.8,10.299999999999999,-12.500000000000014,1,9,baseline_mid,0.6403332478202901,0.6224283417056481
1527682,2026,10,1,0,23.363636363636374,10.881355932203391,10.22950819672131,-13.075000000000003,1,9,baseline_mid,0.6252741646898705,0.6189588354112393
1527682,2026,10,2,0,23.363636363636374,10.862068965517242,10.258064516129032,-12.649999999999991,1,9,baseline_mid,0.6548331499619697,0.6453434911624617
1527682,2026,10,3,0,23.363636363636374,10.94736842105263,10.19047619047619,-13.225000000000009,1,9,baseline_mid,0.6292016022435404,0.6224557888354378
1527682,2026,10,4,0,23.363636363636374,11.142857142857142,10.03125,-14.799999999999997,1,9,baseline_mid,0.637787783415218,0.630109577944858
1527682,2026,10,5,0,23.363636363636374,11.345454545454546,9.876923076923077,-26.0,2,8,baseline_mid,0.46722942206272344,0.4790905808146967
1527682,2026,10,6,0,23.363636363636374,11.444444444444445,9.818181818181818,-26.399999999999977,2,8,baseline_mid,0.45592534411948604,0.4690623297450961
1527682,2026,10,7,0,23.363636363636374,11.20754716981132,10.029850746268657,-23.80000000000001,2,8,baseline_mid,0.48816245832583954,0.49762839786745294
1527682,2026,11,1,0,23.363636363636374,11.09433962264151,10.119402985074627,-22.80000000000001,2,8,baseline_mid,0.5155060474216155,0.5294437475517053
1527682,2026,11,2,0,23.363636363636374,10.846153846153847,10.323529411764707,-20.19999999999999,2,8,baseline_mid,0.557590818641959,0.5672745176959282
1527682,2026,11,3,0,23.363636363636374,10.941176470588236,10.26086956521739,-20.599999999999994,2,8,baseline_mid,0.5448918626587071,0.5558680700041345
1527682,2026,11,4,0,23.363636363636374,11.040000000000001,10.2,-21.0,2,8,baseline_mid,0.545793881558165,0.5566784610633193
1527682,2026,11,5,0,23.363636363636374,10.775510204081632,10.394366197183098,-18.400000000000006,2,8,baseline_mid,0.57663214005226,0.5843718157947113
1527682,2026,11,6,0,23.363636363636374,10.5,10.583333333333332,-15.799999999999983,2,8,baseline_mid,0.6193553493614499,0.622752821688668
1527682,2026,12,1,0,23.363636363636374,10.72340425531915,10.438356164383562,-25.42500000000001,3,7,baseline_mid,0.4348473659063789,0.45182025247641866
1527682,2026,12,2,0,23.363636363636374,10.434782608695652,10.621621621621621,-22.650000000000006,3,7,baseline_mid,0.5156482508655669,0.5275195999911125
1527682,2026,12,3,0,23.363636363636374,10.666666666666666,10.48,-31.75,4,6,baseline_mid,0.24984177891682788,0.2736881006999594
1527682,2026,12,4,0,23.363636363636374,10.909090909090908,10.342105263157894,-32.80000000000001,4,6,baseline_mid,0.2371955666388791,0.2611177940907855
1527682,2026,12,5,0,23.363636363636374,11.023255813953488,10.285714285714285,-32.849999999999994,4,6,baseline_mid,0.24005710499029784,0.2639680961953887
1527682,2026,12,6,0,23.363636363636374,11.142857142857142,10.23076923076923,-32.900000000000006,4,6,baseline_mid,0.2404873735963073,0.26439637011072714
1527682,2026,13,1,0,23.363636363636374,11.414634146341463,10.10126582278481,-41.125,5,5,baseline_mid,0.1324413572615553,0.14369931211312284
1527682,2026,13,2,0,23.363636363636374,11.55,10.05,-41.0,5,5,baseline_mid,0.125793274177613,0.13681045471889774
1527682,2026,13,3,0,23.363636363636374,11.692307692307692,10.0,-40.875,5,5,baseline_mid,0.12660524788632493,0.1376528581618636
1527682,2026,13,4,0,23.363636363636374,11.052631578947368,10.317073170731707,-35.75,5,5,baseline_mid,0.17815123619455653,0.190601704049161
1527682,2026,13,5,0,23.363636363636374,11.35135135135135,10.19277108433735,-36.625,5,5,baseline_mid,0.16366550099527163,0.1758189131298574
1527682,2026,13,6,0,23.363636363636374,11.0,10.357142857142858,-33.5,5,5,baseline_mid,0.20759920910635637,0.22045270566300448
1527682,2026,14,1,0,23.363636363636374,10.628571428571428,10.51764705882353,-30.375,5,5,baseline_mid,0.2956988570397153,0.3070712776549782
1527682,2026,14,2,0,23.363636363636374,9.882352941176471,10.813953488372093,-25.25,5,5,baseline_mid,0.46642667110501934,0.47502072110791016
1527682,2026,14,3,0,23.363636363636374,10.181818181818182,10.689655172413794,-31.900000000000006,6,4,baseline_mid,0.18608003676325313,0.19694668286576983
1527682,2026,14,4,0,23.363636363636374,9.75,10.840909090909092,-28.599999999999994,6,4,baseline_mid,0.26916691081045047,0.2806278603624348
1527682,2026,14,5,0,23.363636363636374,9.677419354838708,10.853932584269662,-32.724999999999994,7,3,baseline_mid,0.06928621142474804,0.07602370642713029
1527682,2026,14,6,0,23.363636363636374,10.0,10.733333333333334,-33.25,7,3,baseline_mid,0.06928202452974554,0.07601926704903209
1527682,2026,15,1,0,23.363636363636374,10.137931034482758,10.68131868131868,-32.775000000000006,7,3,baseline_mid,0.07406828779860813,0.07868056334747152
1527682,2026,15,2,0,23.363636363636374,10.285714285714285,10.630434782608695,-32.30000000000001,7,3,baseline_mid,0.07340303128322948,0.07798810525047635
1527682,2026,15,3,0,23.363636363636374,10.444444444444445,10.580645161290322,-31.82499999999999,7,3,baseline_mid,0.08588783380994469,0.09095950817156605
1527682,2026,15,4,0,23.363636363636374,9.461538461538462,10.851063829787234,-26.350000000000023,7,3,baseline_mid,0.18288264178800762,0.19041632662403826
1527682,2026,15,5,0,23.363636363636374,9.600000000000001,10.8,-25.875,7,3,baseline_mid,0.18632294802228774,0.1939099422043539
1527682,2026,15,6,0,23.363636363636374,10.0,10.6875,-26.399999999999977,7,3,baseline_mid,0.18149642486491496,0.18900807276137566
1527683,2026,7,1,1,-36.5,7.714285714285715,8.093023255813954,-7.909999999999997,1,9,baseline_mid,0.7661909299070522,0.7291242814137638
1527683,2026,7,2,1,-36.5,7.657894736842106,8.181818181818182,-7.0800000000000125,1,9,baseline_mid,0.7791375924335318,0.741510530527402
1527683,2026,7,3,1,-36.5,7.68,8.133333333333333,-7.25,1,9,baseline_mid,0.7779635476070509,0.7403820127696975
1527683,2026,7,4,1,-36.5,7.45945945945946,8.478260869565219,-4.4199999999999875,1,9,baseline_mid,0.824130201866448,0.7856638333292538
1527683,2026,7,5,1,-36.5,7.479452054794521,8.425531914893618,-4.590000000000003,1,9,baseline_mid,0.8232809670897592,0.784812333940297
1527683,2026,7,6,1,-36.5,7.5,8.375,-4.759999999999991,1,9,baseline_mid,0.8159892069550922,0.7775322868987349
1527683,2026,8,1,1,-36.5,7.436619718309858,8.448979591836736,-3.930000000000007,1,9,baseline_mid,0.8108016755029699,0.7790282081063026
1527683,2026,8,2,1,-36.5,7.199999999999999,8.76,-1.0999999999999943,1,9,baseline_mid,0.8554148819899574,0.8237907429697399
1527683,2026,8,3,1,-36.5,7.304347826086957,8.588235294117647,-2.2700000000000102,1,9,baseline_mid,0.8458853056453908,0.8140553646169486
1527683,2026,8,4,1,-36.5,7.411764705882353,8.423076923076923,-3.4399999999999977,1,9,baseline_mid,0.831793242109897,0.799841285161629
1527683,2026,8,5,1,-36.5,7.343283582089552,8.49056603773585,-2.609999999999985,1,9,baseline_mid,0.8442227261119226,0.8123674050662879
1527683,2026,8,6,1,-36.5,7.363636363636363,8.444444444444445,-2.779999999999987,1,9,baseline_mid,0.8401732306661971,0.8082686545455782
1527683,2026,9,1,1,-36.5,7.384615384615385,8.399999999999999,-2.9499999999999886,1,9,baseline_mid,0.8435590126051391,0.8080879066092265
1527683,2026,9,2,1,-36.5,7.5,8.25,-12.439999999999984,2,8,baseline_mid,0.7344535690467189,0.7052997464736958
1527683,2026,9,3,1,-36.5,7.523809523809524,8.210526315789474,-12.47999999999999,2,8,baseline_mid,0.7354975556176453,0.7062416041100281
1527683,2026,9,4,1,-36.5,7.548387096774194,8.172413793103448,-12.519999999999996,2,8,baseline_mid,0.7385725092677278,0.7090193465342258
1527683,2026,9,5,1,-36.5,7.573770491803279,8.135593220338983,-12.559999999999988,2,8,baseline_mid,0.7389149063796945,0.7093289849957347
1527683,2026,9,6,1,-36.5,7.6,8.100000000000001,-12.599999999999994,2,8,baseline_mid,0.7489921832825865,0.7184732249866688
1527683,2026,10,1,1,-36.5,7.627118644067796,8.065573770491802,-12.64,2,8,baseline_mid,0.7524470651945496,0.7340823731741009
1527683,2026,10,2,1,-36.5,7.344827586206896,8.322580645161292,-9.679999999999993,2,8,baseline_mid,0.7954837703844807,0.7744291254665217
1527683,2026,10,3,1,-36.5,7.368421052631579,8.285714285714285,-9.719999999999999,2,8,baseline_mid,0.7946095051887359,0.77359925875153
1527683,2026,10,4,1,-36.5,7.5,8.15625,-10.760000000000005,2,8,baseline_mid,0.7759766314021114,0.7560193239661319
1527683,2026,10,5,1,-36.5,7.527272727272727,8.123076923076923,-10.799999999999997,2,8,baseline_mid,0.7872663488057704,0.7666472101258253
1527683,2026,10,6,1,-36.5,7.555555555555555,8.09090909090909,-10.83999999999999,2,8,baseline_mid,0.781853438980612,0.7615427453938799
1527683,2026,11,1,1,-36.5,7.471698113207546,8.149253731343283,-9.88000000000001,2,8,baseline_mid,0.8064515687789536,0.7941029423765557
1527683,2026,11,2,1,-36.5,7.5,8.117647058823529,-9.920000000000002,2,8,baseline_mid,0.8115420524640238,0.7989217069730599
1527683,2026,11,3,1,-36.5,7.529411764705882,8.08695652173913,-9.959999999999994,2,8,baseline_mid,0.8157873329093801,0.8029506236593413
1527683,2026,11,4,1,-36.5,7.5600000000000005,8.057142857142857,-10.0,2,8,baseline_mid,0.8141186910274466,0.8013658913351793
1527683,2026,11,5,1,-36.5,7.224489795918368,8.28169014084507,-7.040000000000006,2,8,baseline_mid,0.8441897930867424,0.8301715668027403
1527683,2026,11,6,1,-36.5,6.875,8.5,-4.079999999999984,2,8,baseline_mid,0.9211808753212742,0.9072594015683332
1527683,2026,12,1,1,-36.5,7.0212765957446805,8.383561643835616,-11.230000000000004,3,7,baseline_mid,0.7841077678653954,0.7785443243837198
1527683,2026,12,2,1,-36.5,7.173913043478261,8.27027027027027,-12.14,3,7,baseline_mid,0.7729590059292015,0.7679470482711753
1527683,2026,12,3,1,-36.5,7.199999999999999,8.24,-12.050000000000011,3,7,baseline_mid,0.76941557050249,0.7645853686531331
1527683,2026,12,4,1,-36.5,7.2272727272727275,8.210526315789474,-11.960000000000008,3,7,baseline_mid,0.7699422694523221,0.7650848613543194
1527683,2026,12,5,1,-36.5,7.255813953488372,8.181818181818182,-11.870000000000019,3,7,baseline_mid,0.7657417987964206,0.7611031705114103
1527683,2026,12,6,1,-36.5,7.428571428571429,8.076923076923077,-12.780000000000001,3,7,baseline_mid,0.7631722025778307,0.7586694129018668
1527683,2026,13,1,1,-36.5,7.609756097560975,7.974683544303797,-19.02000000000001,4,6,baseline_mid,0.6585285378858864,0.6605712142468001
1527683,2026,13,2,1,-36.5,7.6499999999999995,7.949999999999999,-18.80000000000001,4,6,baseline_mid,0.6609887010147592,0.6629415958529885
1527683,2026,13,3,1,-36.5,7.846153846153847,7.851851851851852,-19.579999999999984,4,6,baseline_mid,0.6524510533841492,0.6547162525232423
1527683,2026,13,4,1,-36.5,8.052631578947368,7.7560975609756095,-20.360000000000014,4,6,baseline_mid,0.6434793811991356,0.6460747257442696
1527683,2026,13,5,1,-36.5,8.108108108108109,7.734939759036145,-20.139999999999986,4,6,baseline_mid,0.6380180992725407,0.640815211505022
1527683,2026,13,6,1,-36.5,8.166666666666668,7.714285714285715,-19.920000000000016,4,6,baseline_mid,0.6210613891320017,0.6244876325296927
1527683,2026,14,1,1,-36.5,8.057142857142857,7.764705882352942,-18.69999999999999,4,6,baseline_mid,0.6571895426129428,0.6602449722962833
1527683,2026,14,2,1,-36.5,8.294117647058822,7.674418604651163,-19.480000000000018,4,6,baseline_mid,0.6455508746673296,0.6489654657423355
1527683,2026,14,3,1,-36.5,8.363636363636363,7.655172413793104,-19.25999999999999,4,6,baseline_mid,0.645231347643553,0.6486558115505848
1527683,2026,14,4,1,-36.5,8.4375,7.636363636363637,-19.039999999999992,4,6,baseline_mid,0.6515933344166343,0.6548213315172551
1527683,2026,14,5,1,-36.5,8.516129032258064,7.617977528089888,-18.819999999999993,4,6,baseline_mid,0.6424725721982003,0.6459822949689605
1527683,2026,14,6,1,-36.5,8.6,7.6,-18.599999999999994,4,6,baseline_mid,0.6404739523090002,0.6440454573138173
1527683,2026,15,1,1,-36.5,8.068965517241379,7.780219780219781,-15.379999999999995,4,6,baseline_mid,0.7190119577492748,0.7214866222965765
1527683,2026,15,2,1,-36.5,7.928571428571429,7.826086956521739,-14.159999999999997,4,6,baseline_mid,0.7332846798600701,0.7354658189409119
1527683,2026,15,3,1,-36.5,7.333333333333334,8.0,-10.939999999999998,4,6,baseline_mid,0.7725125043655583,0.7739055330813295
1527683,2026,15,4,1,-36.5,7.153846153846153,8.042553191489361,-9.719999999999999,4,6,baseline_mid,0.8191253516705486,0.8196479264814157
1527683,2026,15,5,1,-36.5,7.199999999999999,8.021052631578947,-9.5,4,6,baseline_mid,0.8211619205328722,0.821648880204139
1527683,2026,15,6,1,-36.5,7.25,8.0,-9.280000000000001,4,6,baseline_mid,0.8161674782153925,0.8167422070391752
1527684,2026,7,1,0,60.349999999999994,12.935064935064936,11.86046511627907,-84.79166666666669,5,5,baseline_mid,0.008087398708343203,0.014965384316454736
1527684,2026,7,2,0,60.349999999999994,12.789473684210527,12.136363636363637,-81.83333333333334,5,5,baseline_mid,0.009810718092681713,0.017659648736487683
1527684,2026,7,3,0,60.349999999999994,12.879999999999999,12.0,-81.875,5,5,baseline_mid,0.00916415254063049,0.01665774730153208
1527684,2026,7,4,0,60.349999999999994,12.72972972972973,12.260869565217392,-78.91666666666666,5,5,baseline_mid,0.010852463747842812,0.019253596857150907
1527684,2026,7,5,0,60.349999999999994,12.904109589041097,12.0,-79.95833333333331,5,5,baseline_mid,0.010672140393022056,0.018979387171924187
1527684,2026,7,6,0,60.349999999999994,13.083333333333332,11.75,-81.0,5,5,baseline_mid,0.010278187378422735,0.018377887438166835
1527684,2026,8,1,0,60.349999999999994,12.929577464788732,12.0,-78.04166666666666,5,5,baseline_mid,0.012564692407234413,0.021186870373876145
1527684,2026,8,2,0,60.349999999999994,13.028571428571428,11.879999999999999,-78.08333333333331,5,5,baseline_mid,0.011699337217912324,0.019914804660558512
1527684,2026,8,3,0,60.349999999999994,13.217391304347826,11.647058823529411,-79.125,5,5,baseline_mid,0.010930574433466251,0.018773813013245322
1527684,2026,8,4,0,60.349999999999994,13.323529411764707,11.538461538461538,-79.16666666666666,5,5,baseline_mid,0.01098268387602665,0.018851494184915503
1527684,2026,8,5,0,60.349999999999994,13.432835820895521,11.433962264150944,-79.20833333333334,5,5,baseline_mid,0.011198453252378393,0.019172612463468894
1527684,2026,8,6,0,60.349999999999994,13.272727272727272,11.666666666666666,-76.25,5,5,baseline_mid,0.012560089781496349,0.021180137318258855
1527684,2026,9,1,0,60.349999999999994,13.384615384615385,11.563636363636363,-76.29166666666669,5,5,baseline_mid,0.012290360308193268,0.02411752608248887
1527684,2026,9,2,0,60.349999999999994,13.5,11.464285714285715,-76.33333333333334,5,5,baseline_mid,0.01207807143714207,0.02376869737815278
1527684,2026,9,3,0,60.349999999999994,13.619047619047619,11.368421052631579,-76.375,5,5,baseline_mid,0.01179757612623096,0.02330617107312037
1527684,2026,9,4,0,60.349999999999994,13.838709677419356,11.172413793103448,-77.41666666666669,5,5,baseline_mid,0.011140945552813492,0.022215926030906327
1527684,2026,9,5,0,60.349999999999994,14.065573770491804,10.983050847457626,-91.16666666666666,6,4,baseline_mid,0.005570750684556865,0.012422230606994683
1527684,2026,9,6,0,60.349999999999994,14.2,10.9,-91.0,6,4,baseline_mid,0.0057723680936621604,0.012798962880918738
1527684,2026,10,1,0,60.349999999999994,14.338983050847457,10.819672131147541,-90.83333333333334,6,4,baseline_mid,0.0058682452062442025,0.0109226306257788
1527684,2026,10,2,0,60.349999999999994,14.482758620689655,10.741935483870968,-90.66666666666666,6,4,baseline_mid,0.005890837544845773,0.010959617319030189
1527684,2026,10,3,0,60.349999999999994,14.315789473684209,10.952380952380953,-87.5,6,4,baseline_mid,0.005934640461995498,0.01103127851646745
1527684,2026,10,4,0,60.349999999999994,14.464285714285714,10.875,-87.33333333333334,6,4,baseline_mid,0.005937666134114611,0.011036226061453054
1527684,2026,10,5,0,60.349999999999994,14.727272727272727,10.707692307692309,-88.16666666666666,6,4,baseline_mid,0.0057861679138378995,0.010788109842797357
1527684,2026,10,6,0,60.349999999999994,14.88888888888889,10.636363636363637,-88.0,6,4,baseline_mid,0.005694401778296705,0.010637429012849395
1527684,2026,11,1,0,60.349999999999994,15.056603773584907,10.567164179104477,-87.83333333333334,6,4,baseline_mid,0.0048426817540523255,0.00862797278026833
1527684,2026,11,2,0,60.349999999999994,14.653846153846155,10.941176470588236,-82.66666666666666,6,4,baseline_mid,0.006674310339319285,0.011510589517688295
1527684,2026,11,3,0,60.349999999999994,14.235294117647058,11.304347826086957,-77.5,6,4,baseline_mid,0.008249782488258823,0.013922517741252964
1527684,2026,11,4,0,60.349999999999994,14.04,11.485714285714286,-74.33333333333331,6,4,baseline_mid,0.0089403279616391,0.014963658517807028
1527684,2026,11,5,0,60.349999999999994,14.204081632653061,11.408450704225352,-74.16666666666666,6,4,baseline_mid,0.009131752574106557,0.015250714357395011
1527684,2026,11,6,0,60.349999999999994,14.375,11.333333333333332,-74.0,6,4,baseline_mid,0.009188145001411428,0.015335154934441403
1527684,2026,12,1,0,60.349999999999994,14.680851063829786,11.17808219178082,-74.83333333333331,6,4,baseline_mid,0.008635279224166428,0.012348417068857143
1527684,2026,12,2,0,60.349999999999994,15.0,11.027027027027028,-75.66666666666666,6,4,baseline_mid,0.008404712106506541,0.012041096419944676
1527684,2026,12,3,0,60.349999999999994,15.2,10.96,-75.5,6,4,baseline_mid,0.008453409815468143,0.012106054903722184
1527684,2026,12,4,0,60.349999999999994,15.40909090909091,10.894736842105264,-75.33333333333331,6,4,baseline_mid,0.007520968094026299,0.01085741090954389
1527684,2026,12,5,0,60.349999999999994,15.767441860465116,10.753246753246753,-76.16666666666669,6,4,baseline_mid,0.007473547328934859,0.010793624839842782
1527684,2026,12,6,0,60.349999999999994,16.0,10.692307692307693,-76.0,6,4,baseline_mid,0.007344189575347897,0.010619477811788434
1527684,2026,13,1,0,60.349999999999994,15.804878048780488,10.860759493670887,-72.83333333333331,6,4,baseline_mid,0.008183560797229717,0.009909052496210428
1527684,2026,13,2,0,60.349999999999994,15.299999999999999,11.175,-67.66666666666669,6,4,baseline_mid,0.012520547803151358,0.014931869232008402
1527684,2026,13,3,0,60.349999999999994,15.076923076923077,11.333333333333332,-64.5,6,4,baseline_mid,0.014212154075690389,0.016871660986135115
1527684,2026,13,4,0,60.349999999999994,15.473684210526315,11.195121951219512,-65.33333333333331,6,4,baseline_mid,0.013001583409421378,0.015484444573487183
1527684,2026,13,5,0,60.349999999999994,15.243243243243242,11.349397590361445,-62.166666666666686,6,4,baseline_mid,0.014553650311093312,0.01726215119956922
1527684,2026,13,6,0,60.349999999999994,15.666666666666668,11.214285714285715,-63.0,6,4,baseline_mid,0.011817629884774212,0.014122951874782061
1527684,2026,14,1,0,60.349999999999994,15.942857142857143,11.152941176470588,-62.833333333333314,6,4,baseline_mid,0.010574874389451785,0.012286254392261336
1527684,2026,14,2,0,60.349999999999994,16.235294117647058,11.093023255813954,-62.666666666666686,6,4,baseline_mid,0.009968122832044976,0.011600667018204263
1527684,2026,14,3,0,60.349999999999994,16.545454545454547,11.03448275862069,-62.5,6,4,baseline_mid,0.009305151894337867,0.010850140540638096
1527684,2026,14,4,0,60.349999999999994,16.3125,11.181818181818182,-59.333333333333314,6,4,baseline_mid,0.01315134049046763,0.01518515764897581
1527684,2026,14,5,0,60.349999999999994,16.838709677419356,11.0561797752809,-60.16666666666666,6,4,baseline_mid,0.011491217880074405,0.013319464958526912
1527684,2026,14,6,0,60.349999999999994,17.2,11.0,-60.0,6,4,baseline_mid,0.01114002817651314,0.012923787268095883
1527684,2026,15,1,0,60.349999999999994,17.793103448275865,10.87912087912088,-66.875,7,3,baseline_mid,0.004980651783866111,0.0055448981236196826
1527684,2026,15,2,0,60.349999999999994,18.214285714285715,10.826086956521738,-66.5,7,3,baseline_mid,0.005132825482562369,0.005711578420764282
1527684,2026,15,3,0,60.349999999999994,18.0,10.96774193548387,-63.125,7,3,baseline_mid,0.004931294148398292,0.0054908174721277885
1527684,2026,15,4,0,60.349999999999994,17.538461538461537,11.170212765957446,-58.75,7,3,baseline_mid,0.007247207621243318,0.008019997195499154
1527684,2026,15,5,0,60.349999999999994,18.0,11.11578947368421,-58.375,7,3,baseline_mid,0.0072263758578368946,0.00799731458689572
1527684,2026,15,6,0,60.349999999999994,18.5,11.0625,-58.0,7,3,baseline_mid,0.00712655482679338,0.007888609482034157
1527684,2026,15,7,0,60.349999999999994,19.043478260869563,11.010309278350515,-57.625,7,3,baseline_mid,0.007301408868686639,0.008079008965719815
1527686,2026,7,1,0,-16.666666666666657,5.6103896103896105,11.023255813953488,-22.875,5,5,baseline_mid,0.5323586411830167,0.5193178434293398
1527686,2026,7,2,0,-16.666666666666657,5.605263157894737,10.909090909090908,-22.5,5,5,baseline_mid,0.5372579761340246,0.5235606870797539
1527686,2026,7,3,0,-16.666666666666657,5.2,11.466666666666667,-17.125,5,5,baseline_mid,0.5504070529674163,0.5349624213274956
1527686,2026,7,4,0,-16.666666666666657,5.1891891891891895,11.347826086956522,-16.75,5,5,baseline_mid,0.5575051914087013,0.5411272376837285
1527686,2026,7,5,0,-16.666666666666657,4.767123287671232,11.872340425531915,-11.375,5,5,baseline_mid,0.5860756235228304,0.5660268302218369
1527686,2026,7,6,0,-16.666666666666657,4.833333333333334,11.625,-21.0,6,4,baseline_mid,0.46223854830725464,0.4587787732175009
1527686,2026,7,7,0,-16.666666666666657,4.816901408450704,11.510204081632653,-20.5,6,4,baseline_mid,0.4054652347345004,0.4097357851092101
1527686,2026,8,1,0,-16.666666666666657,4.47887323943662,12.0,-16.5,6,4,baseline_mid,0.45948491381198664,0.46115551572564284
1527686,2026,8,2,0,-16.666666666666657,4.457142857142857,11.879999999999999,-15.999999999999986,6,4,baseline_mid,0.4673343318708501,0.46802742850998735
1527686,2026,8,3,0,-16.666666666666657,4.521739130434783,11.647058823529411,-16.5,6,4,baseline_mid,0.5012824133947983,0.49773467629725027
1527686,2026,8,4,0,-16.666666666666657,4.235294117647059,11.884615384615385,-13.0,6,4,baseline_mid,0.5068645274844026,0.5026202770532793
1527686,2026,8,5,0,-16.666666666666657,4.298507462686567,11.660377358490566,-21.875,7,3,baseline_mid,0.2357568811004167,0.2606066718597363
1527686,2026,8,6,0,-16.666666666666657,4.0,11.88888888888889,-18.25,7,3,baseline_mid,0.2744144750268325,0.29639856624880906
1527686,2026,9,1,0,-16.666666666666657,4.061538461538461,11.672727272727274,-18.625,7,3,baseline_mid,0.2996876186879772,0.3303626758163752
1527686,2026,9,2,0,-16.666666666666657,4.03125,11.571428571428571,-18.0,7,3,baseline_mid,0.31262577939639746,0.3418644164997883
1527686,2026,9,3,0,-16.666666666666657,4.095238095238095,11.368421052631579,-18.375,7,3,baseline_mid,0.33038858627549245,0.3575360024816889
1527686,2026,9,4,0,-16.666666666666657,3.967741935483871,11.379310344827587,-16.75,7,3,baseline_mid,0.35295312198793727,0.3772685797522993
1527686,2026,9,5,0,-16.666666666666657,3.9344262295081966,11.288135593220339,-16.125,7,3,baseline_mid,0.3981837640399172,0.41634559247332703
1527686,2026,9,6,0,-16.666666666666657,4.0,11.100000000000001,-24.0,8,2,baseline_mid,0.16276508197358686,0.20193456721252281
1527686,2026,9,7,0,-16.666666666666657,3.9661016949152543,11.01639344262295,-23.25,8,2,baseline_mid,0.15589171957176287,0.1950257793157991
1527686,2026,9,8,0,-16.666666666666657,3.6206896551724137,11.225806451612902,-19.5,8,2,baseline_mid,0.29820660158636597,0.32904106361710955
1527686,2026,10,1,0,-16.666666666666657,3.559322033898305,11.40983606557377,-26.625,9,1,baseline_mid,0.09249581092883477,0.12058954987897982
1527686,2026,10,2,0,-16.666666666666657,3.6206896551724137,11.225806451612902,-26.75,9,1,baseline_mid,0.09610554844617895,0.12460986775640837
1527686,2026,10,3,0,-16.666666666666657,3.578947368421052,11.142857142857142,-25.875,9,1,baseline_mid,0.10342725564561228,0.13269172232429574
1527686,2026,10,4,0,-16.666666666666657,3.2142857142857144,11.34375,-22.0,9,1,baseline_mid,0.13136042514036203,0.1627413405652259
1527686,2026,10,5,0,-16.666666666666657,3.163636363636363,11.26153846153846,-21.125,9,1,baseline_mid,0.1299720775795321,0.1612740789120354
1527686,2026,10,6,0,-16.666666666666657,3.1111111111111107,11.181818181818182,-20.25,9,1,baseline_mid,0.13307814343366958,0.1645532211258919
1527687,2026,7,1,0,10.782608695652186,10.831168831168831,10.046511627906977,-3.249999999999986,0,10,baseline_mid,0.436635330160808,0.4366875134029515
1527687,2026,7,2,0,10.782608695652186,10.894736842105264,9.954545454545455,-4.0,0,10,baseline_mid,0.4347605804045013,0.4350687156931135
1527687,2026,7,3,0,10.782608695652186,10.96,9.866666666666667,-4.75,0,10,baseline_mid,0.44079573989674403,0.4402791696727692
1527687,2026,7,4,0,10.782608695652186,11.108108108108109,9.652173913043478,-6.5,0,10,baseline_mid,0.43685865528283513,0.43688033429856304
1527687,2026,7,5,0,10.782608695652186,11.17808219178082,9.574468085106382,-7.250000000000014,0,10,baseline_mid,0.39320205882306547,0.3991036225385288
1527687,2026,7,6,0,10.782608695652186,11.25,9.5,-8.0,0,10,baseline_mid,0.3812557716496636,0.3887255167533723
1527687,2026,8,1,0,10.782608695652186,11.408450704225352,9.306122448979592,-22.17500000000001,1,9,baseline_mid,0.23831380465847182,0.2629979869981481
1527687,2026,8,2,0,10.782608695652186,11.485714285714286,9.24,-22.75,1,9,baseline_mid,0.26079350305868926,0.2838713179600776
1527687,2026,8,3,0,10.782608695652186,11.304347826086957,9.529411764705882,-20.325000000000003,1,9,baseline_mid,0.2899030999740341,0.31054546650386283
1527687,2026,8,4,0,10.782608695652186,10.941176470588236,10.038461538461538,-15.899999999999991,1,9,baseline_mid,0.3587896160059555,0.3724572299071156
1527687,2026,8,5,0,10.782608695652186,10.567164179104477,10.528301886792454,-11.474999999999994,1,9,baseline_mid,0.4494451359406578,0.45236177486469065
1527687,2026,8,6,0,10.782608695652186,10.363636363636363,10.777777777777779,-9.049999999999983,1,9,baseline_mid,0.4684155832296417,0.46897385215026544
1527687,2026,9,1,0,10.782608695652186,10.523076923076923,10.581818181818182,-10.624999999999986,1,9,baseline_mid,0.45972878753376406,0.46882222387792927
1527687,2026,9,2,0,10.782608695652186,10.6875,10.392857142857142,-12.200000000000003,1,9,baseline_mid,0.4270526096275573,0.44103541257149714
1527687,2026,9,3,0,10.782608695652186,10.857142857142858,10.210526315789473,-13.774999999999991,1,9,baseline_mid,0.4137795652759661,0.42970344377889286
1527687,2026,9,4,0,10.782608695652186,10.64516129032258,10.448275862068966,-11.34999999999998,1,9,baseline_mid,0.4739272937729253,0.4808605338207087
1527687,2026,9,5,0,10.782608695652186,10.819672131147541,10.271186440677967,-23.59999999999998,2,8,baseline_mid,0.26327158268833906,0.29753163963732965
1527687,2026,9,6,0,10.782608695652186,11.0,10.1,-35.5,3,7,baseline_mid,0.14166820303638922,0.1805266393440558
1527687,2026,10,1,0,10.782608695652186,10.576271186440678,10.524590163934427,-30.725000000000023,3,7,baseline_mid,0.21628653181660612,0.2486086736209831
1527687,2026,10,2,0,10.782608695652186,10.655172413793103,10.451612903225806,-30.94999999999999,3,7,baseline_mid,0.21749415945683132,0.2497849833752299
1527687,2026,10,3,0,10.782608695652186,10.736842105263158,10.380952380952381,-31.174999999999983,3,7,baseline_mid,0.20106701573530786,0.2336928825884689
1527687,2026,10,4,0,10.782608695652186,10.821428571428571,10.3125,-31.400000000000006,3,7,baseline_mid,0.210035902039917,0.24250350614676566
1527687,2026,10,5,0,10.782608695652186,10.8,10.338461538461539,-30.625,3,7,baseline_mid,0.20060628618075033,0.23323862215758395
1527687,2026,10,6,0,10.782608695652186,11.0,10.181818181818182,-31.850000000000023,3,7,baseline_mid,0.2006997731788509,0.23333080989209867
1527687,2026,11,1,0,10.782608695652186,11.09433962264151,10.119402985074627,-32.07500000000002,3,7,baseline_mid,0.20760055415357243,0.24105881706879176
1527687,2026,11,2,0,10.782608695652186,11.307692307692307,9.970588235294118,-33.30000000000001,3,7,baseline_mid,0.1848098585172657,0.21798987127675867
1527687,2026,11,3,0,10.782608695652186,11.411764705882351,9.91304347826087,-33.525000000000006,3,7,baseline_mid,0.1778047912038265,0.21081609566315732
1527687,2026,11,4,0,10.782608695652186,11.52,9.857142857142858,-33.74999999999997,3,7,baseline_mid,0.1748235805176655,0.20775039024766864
1527687,2026,11,5,0,10.782608695652186,11.63265306122449,9.802816901408452,-33.974999999999994,3,7,baseline_mid,0.1693553477973312,0.2021068039416091
1527687,2026,11,6,0,10.782608695652186,11.75,9.75,-34.19999999999999,3,7,baseline_mid,0.1810411882023093,0.21413556988010993
1527687,2026,11,7,0,10.782608695652186,11.872340425531915,9.698630136986301,-34.42500000000001,3,7,baseline_mid,0.1828834635315623,0.21602118250641417
1527687,2026,12,1,0,10.782608695652186,11.74468085106383,9.78082191780822,-33.42500000000001,3,7,baseline_mid,0.1980535790683689,0.2217479962695334
1527687,2026,12,2,0,10.782608695652186,11.478260869565219,9.972972972972972,-30.650000000000006,3,7,baseline_mid,0.21954329433691794,0.24345396389003268
1527687,2026,12,3,0,10.782608695652186,11.733333333333333,9.84,-31.875,3,7,baseline_mid,0.2074478373666214,0.23126555687434294
1527687,2026,12,4,0,10.782608695652186,11.727272727272727,9.868421052631579,-31.100000000000023,3,7,baseline_mid,0.2265266920415115,0.25045896117243066
1527687,2026,12,5,0,10.782608695652186,11.86046511627907,9.818181818181818,-31.325000000000017,3,7,baseline_mid,0.2193657900618379,0.24327561106345763
1527687,2026,12,6,0,10.782608695652186,11.571428571428571,10.0,-28.55000000000001,3,7,baseline_mid,0.2754143566623758,0.29891154766514333
1527687,2026,13,1,0,10.782608695652186,11.707317073170731,9.949367088607595,-28.775000000000006,3,7,baseline_mid,0.24761444435978108,0.26064067435802
1527687,2026,13,2,0,10.782608695652186,11.850000000000001,9.899999999999999,-29.0,3,7,baseline_mid,0.26163856918200523,0.27463590046334213
1527687,2026,13,3,0,10.782608695652186,12.0,9.851851851851851,-29.224999999999994,3,7,baseline_mid,0.24180479590266543,0.2548301125548449
1527687,2026,13,4,0,10.782608695652186,12.315789473684212,9.731707317073171,-30.44999999999999,3,7,baseline_mid,0.2262920672657635,0.23927590530353532
1527687,2026,13,5,0,10.782608695652186,12.486486486486488,9.686746987951807,-30.67500000000001,3,7,baseline_mid,0.22317954809535706,0.23614795765821847
1527687,2026,13,6,0,10.782608695652186,12.833333333333332,9.571428571428573,-38.20000000000002,4,6,baseline_mid,0.12489477540628581,0.135877946093663
1527687,2026,14,1,0,10.782608695652186,13.028571428571428,9.529411764705882,-38.25,4,6,baseline_mid,0.1562316786174829,0.1664875574817722
1527687,2026,14,2,0,10.782608695652186,12.705882352941178,9.69767441860465,-35.30000000000001,4,6,baseline_mid,0.17818708548285855,0.18891571966832488
1527687,2026,14,3,0,10.782608695652186,12.909090909090908,9.655172413793103,-35.349999999999994,4,6,baseline_mid,0.1672440131153011,0.1777538975120152
1527687,2026,14,4,0,10.782608695652186,13.125,9.613636363636363,-35.400000000000006,4,6,baseline_mid,0.1445263871469806,0.15447265020791567
1527687,2026,14,5,0,10.782608695652186,13.354838709677418,9.573033707865168,-35.44999999999999,4,6,baseline_mid,0.15426996856804376,0.16447687671651517
1527687,2026,14,6,0,10.782608695652186,13.799999999999999,9.466666666666667,-36.5,4,6,baseline_mid,0.12363469076818139,0.13291769924936725
1527687,2026,14,7,0,10.782608695652186,14.275862068965518,9.362637362637363,-37.54999999999998,4,6,baseline_mid,0.11201170665913408,0.12085819668806422
1527687,2026,15,1,0,10.782608695652186,13.448275862068964,9.626373626373628,-33.54999999999998,4,6,baseline_mid,0.17327138662838676,0.18064557275015175
1527687,2026,15,2,0,10.782608695652186,13.714285714285714,9.58695652173913,-33.599999999999994,4,6,baseline_mid,0.16791785706222703,0.17519626362423568
1527687,2026,15,3,0,10.782608695652186,14.0,9.548387096774192,-33.650000000000006,4,6,baseline_mid,0.15190794135634442,0.15886882497287863
1527687,2026,15,4,0,10.782608695652186,13.384615384615385,9.76595744680851,-29.69999999999999,4,6,baseline_mid,0.21360456430106461,0.22154762784684812
1527687,2026,15,5,0,10.782608695652186,12.96,9.91578947368421,-26.75,4,6,baseline_mid,0.2773266913892875,0.28569295833566327
1527687,2026,15,6,0,10.782608695652186,13.25,9.875,-26.80000000000001,4,6,baseline_mid,0.28273161431853505,0.29111041977434415
1527687,2026,15,7,0,10.782608695652186,13.826086956521738,9.77319587628866,-27.849999999999994,4,6,baseline_mid,0.2287081120594955,0.2368004387223096
1527688,2026,7,1,1,-16.86956521739131,8.805194805194805,9.627906976744185,-19.086666666666645,2,8,baseline_mid,0.6883806866755582,0.6569407639132643
1527688,2026,7,2,1,-16.86956521739131,8.921052631578949,9.409090909090908,-20.293333333333322,2,8,baseline_mid,0.6891217835172597,0.6576131287174861
1527688,2026,7,3,1,-16.86956521739131,8.96,9.333333333333334,-20.5,2,8,baseline_mid,0.6919867252428378,0.6602146966894249
1527688,2026,7,4,1,-16.86956521739131,9.0,9.26086956521739,-20.70666666666665,2,8,baseline_mid,0.6892417596665612,0.6577220010176854
1527688,2026,7,5,1,-16.86956521739131,9.04109589041096,9.191489361702128,-20.913333333333355,2,8,baseline_mid,0.6782833480150465,0.6478038820530124
1527688,2026,7,6,1,-16.86956521739131,9.166666666666666,9.0,-22.120000000000005,2,8,baseline_mid,0.6736448875317853,0.6436211295103504
1527688,2026,8,1,1,-16.86956521739131,9.211267605633802,8.938775510204081,-22.326666666666654,2,8,baseline_mid,0.6752641981792954,0.6518429463603703
1527688,2026,8,2,1,-16.86956521739131,9.342857142857143,8.76,-34.09166666666667,3,7,baseline_mid,0.5268710653584057,0.5201407006164752
1527688,2026,8,3,1,-16.86956521739131,9.391304347826088,8.705882352941176,-34.14750000000001,3,7,baseline_mid,0.5379728814218898,0.5298733266915129
1527688,2026,8,4,1,-16.86956521739131,9.441176470588236,8.653846153846153,-34.20333333333335,3,7,baseline_mid,0.5379479233517296,0.5298514360231351
1527688,2026,8,5,1,-16.86956521739131,9.492537313432836,8.60377358490566,-34.25916666666666,3,7,baseline_mid,0.54330774043362,0.5345537557249478
1527688,2026,8,6,1,-16.86956521739131,9.09090909090909,9.11111111111111,-29.314999999999998,3,7,baseline_mid,0.5986598182815988,0.5833190630603807
1527688,2026,8,7,1,-16.86956521739131,9.138461538461538,9.054545454545455,-29.370833333333337,3,7,baseline_mid,0.5997277527011026,0.5842646488384027
1527688,2026,8,8,1,-16.86956521739131,9.1875,9.0,-29.426666666666677,3,7,baseline_mid,0.6035991757461731,0.5876943891156772
1527688,2026,9,1,1,-16.86956521739131,9.046153846153846,9.163636363636364,-28.370833333333337,3,7,baseline_mid,0.6162099091601789,0.6016714437523328
1527688,2026,9,2,1,-16.86956521739131,9.1875,9.0,-29.426666666666677,3,7,baseline_mid,0.6144982293632499,0.600203849165357
1527688,2026,9,3,1,-16.86956521739131,9.333333333333334,8.842105263157894,-30.482500000000016,3,7,baseline_mid,0.6011290354773418,0.5887618960964651
1527688,2026,9,4,1,-16.86956521739131,9.387096774193548,8.793103448275861,-30.538333333333327,3,7,baseline_mid,0.5962485342083987,0.5845934792387624
1527688,2026,9,5,1,-16.86956521739131,9.540983606557377,8.64406779661017,-31.59416666666668,3,7,baseline_mid,0.5982254358251702,0.5862814270158235
1527688,2026,9,6,1,-16.86956521739131,9.7,8.5,-32.650000000000006,3,7,baseline_mid,0.6125884086231324,0.5985671113302115
1527688,2026,10,1,1,-16.86956521739131,9.864406779661017,8.360655737704917,-33.705833333333345,3,7,baseline_mid,0.6040073157464195,0.6000611533048538
1527688,2026,10,2,1,-16.86956521739131,10.034482758620689,8.225806451612902,-34.761666666666656,3,7,baseline_mid,0.5980967291284579,0.5948189832699352
1527688,2026,10,3,1,-16.86956521739131,10.105263157894736,8.19047619047619,-34.817499999999995,3,7,baseline_mid,0.5975820243900647,0.5943626643608061
1527688,2026,10,4,1,-16.86956521739131,10.071428571428571,8.25,-33.873333333333335,3,7,baseline_mid,0.6000470904213003,0.5965483588703064
1527688,2026,10,5,1,-16.86956521739131,10.254545454545454,8.123076923076923,-34.929166666666674,3,7,baseline_mid,0.594312308063369,0.5914644856586695
1527688,2026,10,6,1,-16.86956521739131,10.444444444444445,8.0,-35.985000000000014,3,7,baseline_mid,0.5920915477739719,0.5894966758318
1527688,2026,10,7,1,-16.86956521739131,10.415094339622641,8.059701492537314,-35.04083333333335,3,7,baseline_mid,0.5979595663848201,0.594697376948809
1527688,2026,11,1,1,-16.86956521739131,10.415094339622641,8.059701492537314,-35.04083333333335,3,7,baseline_mid,0.5956204448596981,0.601422821261685
1527688,2026,11,2,1,-16.86956521739131,10.153846153846153,8.294117647058822,-32.096666666666664,3,7,baseline_mid,0.6252963276344027,0.6280968288284341
1527688,2026,11,3,1,-16.86956521739131,10.235294117647058,8.26086956521739,-32.1525,3,7,baseline_mid,0.6207653723210018,0.6240209395632522
1527688,2026,11,4,1,-16.86956521739131,10.44,8.142857142857142,-40.75,4,6,baseline_mid,0.511653988271247,0.5259755265604381
1527688,2026,11,5,1,-16.86956521739131,10.653061224489797,8.028169014084508,-41.655,4,6,baseline_mid,0.5183438975927511,0.5319980588158023
1527688,2026,11,6,1,-16.86956521739131,10.75,8.0,-41.56,4,6,baseline_mid,0.5142127576496162,0.5282794633624692
1527688,2026,12,1,1,-16.86956521739131,10.851063829787234,7.972602739726027,-41.465,4,6,baseline_mid,0.5099637458039643,0.5222159817534341
1527688,2026,12,2,1,-16.86956521739131,11.08695652173913,7.864864864864865,-42.370000000000005,4,6,baseline_mid,0.5070221723228575,0.5194704941874425
1527688,2026,12,3,1,-16.86956521739131,10.8,8.08,-39.275000000000006,4,6,baseline_mid,0.5431667103625502,0.5531629964048669
1527688,2026,12,4,1,-16.86956521739131,10.909090909090908,8.052631578947368,-39.18000000000001,4,6,baseline_mid,0.5407085117481153,0.5508740980128193
1527688,2026,12,5,1,-16.86956521739131,11.023255813953488,8.025974025974026,-39.08500000000001,4,6,baseline_mid,0.5354447218317268,0.5459717728786014
1527688,2026,12,6,1,-16.86956521739131,11.142857142857142,8.0,-38.99000000000001,4,6,baseline_mid,0.526872353447206,0.5379846649112974
1527688,2026,12,7,1,-16.86956521739131,11.414634146341463,7.898734177215189,-46.07916666666665,5,5,baseline_mid,0.4007172971420034,0.41957265015222067
1527688,2026,12,8,1,-16.86956521739131,11.7,7.800000000000001,-46.83333333333334,5,5,baseline_mid,0.37645265782862775,0.3965139299623003
1527688,2026,13,1,1,-16.86956521739131,10.829268292682928,8.20253164556962,-42.07916666666665,5,5,baseline_mid,0.46261580999337787,0.4716518079445722
1527688,2026,13,2,1,-16.86956521739131,10.5,8.399999999999999,-38.83333333333334,5,5,baseline_mid,0.5242367221429605,0.5312091302637982
1527688,2026,13,3,1,-16.86956521739131,10.76923076923077,8.296296296296296,-39.587500000000006,5,5,baseline_mid,0.5127393158591073,0.520113587028374
1527688,2026,13,4,1,-16.86956521739131,10.736842105263158,8.341463414634145,-38.34166666666667,5,5,baseline_mid,0.5245657658261936,0.5315265801936153
1527688,2026,13,5,1,-16.86956521739131,10.378378378378379,8.53012048192771,-35.09583333333333,5,5,baseline_mid,0.5630834549988024,0.5686579205336275
1527688,2026,13,6,1,-16.86956521739131,10.5,8.5,-34.849999999999994,5,5,baseline_mid,0.5562218691708634,0.5620469343995302
1527688,2026,14,1,1,-16.86956521739131,10.8,8.399999999999999,-35.60416666666666,5,5,baseline_mid,0.5477694749657069,0.5541556333759428
1527688,2026,14,2,1,-16.86956521739131,11.117647058823529,8.30232558139535,-36.35833333333335,5,5,baseline_mid,0.539566340487181,0.5461905006486085
1527688,2026,14,3,1,-16.86956521739131,10.363636363636363,8.620689655172413,-31.11250000000001,5,5,baseline_mid,0.6059449564413618,0.6105820144624251
1527688,2026,14,4,1,-16.86956521739131,10.6875,8.522727272727273,-36.69333333333333,6,4,baseline_mid,0.3950280628077508,0.4051711248641253
1527688,2026,14,5,1,-16.86956521739131,10.838709677419354,8.49438202247191,-36.29666666666665,6,4,baseline_mid,0.40141326034588487,0.41143695663557156
1527688,2026,14,6,1,-16.86956521739131,11.0,8.466666666666667,-35.900000000000006,6,4,baseline_mid,0.3990102729507055,0.40907938122045967
1527688,2026,15,1,1,-16.86956521739131,11.379310344827587,8.373626373626372,-36.50333333333333,6,4,baseline_mid,0.37990288793670385,0.38799084768424535
1527688,2026,15,2,1,-16.86956521739131,11.785714285714285,8.282608695652174,-37.106666666666655,6,4,baseline_mid,0.3716419991487526,0.37978892323380276
1527688,2026,15,3,1,-16.86956521739131,12.222222222222223,8.193548387096774,-37.71000000000001,6,4,baseline_mid,0.34982087810233076,0.35809523224016865
1527688,2026,15,4,1,-16.86956521739131,12.461538461538463,8.170212765957446,-37.31333333333333,6,4,baseline_mid,0.3363938383713505,0.34472516100900263
1527688,2026,15,5,1,-16.86956521739131,12.96,8.08421052631579,-37.91666666666666,6,4,baseline_mid,0.30439122199273794,0.31278733471051634
1527688,2026,15,6,1,-16.86956521739131,13.5,8.0,-42.139999999999986,7,3,baseline_mid,0.18275954245333836,0.1902912833641014
1527689,2026,7,1,1,36.71428571428572,6.779220779220779,16.046511627906977,30.0775,1,9,baseline_mid,0.9670640299734109,0.9470200961734281
1527689,2026,7,2,1,36.71428571428572,6.789473684210526,15.818181818181817,29.569999999999993,1,9,baseline_mid,0.9686108947545529,0.9491323287913023
1527689,2026,7,3,1,36.71428571428572,6.880000000000001,15.466666666666669,28.0625,1,9,baseline_mid,0.9720960098184832,0.9539566673656088
1527689,2026,7,4,1,36.71428571428572,6.486486486486487,15.913043478260867,32.55500000000001,1,9,baseline_mid,0.9772660684821888,0.9613032295081776
1527689,2026,7,5,1,36.71428571428572,6.082191780821918,16.340425531914892,37.0475,1,9,baseline_mid,0.9801611194820882,0.9655335550026602
1527689,2026,7,6,1,36.71428571428572,6.083333333333333,16.125,36.540000000000006,1,9,baseline_mid,0.982393246624443,0.9688626288118193
1527689,2026,8,1,1,36.71428571428572,6.169014084507042,15.795918367346939,23.140000000000015,2,8,baseline_mid,0.9781913717266696,0.9649414442184119
1527689,2026,8,2,1,36.71428571428572,6.257142857142858,15.48,10.075000000000003,3,7,baseline_mid,0.9397067713201581,0.9160580519717976
1527689,2026,8,3,1,36.71428571428572,6.260869565217391,15.294117647058822,9.90249999999999,3,7,baseline_mid,0.947068739890967,0.9248921966297887
1527689,2026,8,4,1,36.71428571428572,6.264705882352942,15.115384615384615,9.72999999999999,3,7,baseline_mid,0.9525175186442865,0.9315563119281889
1527689,2026,8,5,1,36.71428571428572,6.35820895522388,14.830188679245284,8.557500000000005,3,7,baseline_mid,0.9575024434654921,0.9377591505835536
1527689,2026,8,6,1,36.71428571428572,6.363636363636363,14.666666666666668,8.385000000000005,3,7,baseline_mid,0.9612041948111021,0.9424384669726482
1527689,2026,9,1,1,36.71428571428572,6.36923076923077,14.509090909090908,8.212499999999991,3,7,baseline_mid,0.9664632268428773,0.9456276441940015
1527689,2026,9,2,1,36.71428571428572,6.46875,14.25,7.039999999999992,3,7,baseline_mid,0.9741498203071541,0.9561859275559413
1527689,2026,9,3,1,36.71428571428572,6.476190476190476,14.105263157894738,6.867499999999993,3,7,baseline_mid,0.9741755457545753,0.9562221491986088
1527689,2026,9,4,1,36.71428571428572,6.580645161290322,13.862068965517242,-4.689999999999998,4,6,baseline_mid,0.8973415960944542,0.8637085081507375
1527689,2026,9,5,1,36.71428571428572,6.491803278688526,13.830508474576272,-3.6950000000000216,4,6,baseline_mid,0.896204402533411,0.862480109898207
1527689,2026,9,6,1,36.71428571428572,6.5,13.7,-3.6999999999999886,4,6,baseline_mid,0.9008391639944358,0.867503785326948
1527689,2026,10,1,1,36.71428571428572,6.40677966101695,13.672131147540984,-2.7050000000000125,4,6,baseline_mid,0.9207855623228639,0.9003890501349103
1527689,2026,10,2,1,36.71428571428572,6.517241379310345,13.451612903225804,-3.7099999999999795,4,6,baseline_mid,0.9272702369251264,0.9074831095101816
1527689,2026,10,3,1,36.71428571428572,6.631578947368421,13.238095238095239,-4.715000000000003,4,6,baseline_mid,0.9295884651766975,0.9100410469860304
1527689,2026,10,4,1,36.71428571428572,6.642857142857143,13.125,-4.719999999999999,4,6,baseline_mid,0.9392819439106423,0.9208741056796441
1527689,2026,10,5,1,36.71428571428572,6.763636363636364,12.923076923076923,-5.725000000000023,4,6,baseline_mid,0.9221657087471808,0.9018916169241896
1527689,2026,10,6,1,36.71428571428572,6.777777777777777,12.818181818181817,-5.72999999999999,4,6,baseline_mid,0.9267755629762744,0.9069388200678618
1527689,2026,11,1,1,36.71428571428572,6.7924528301886795,12.71641791044776,-5.735000000000014,4,6,baseline_mid,0.927305194238839,0.9136941397418367
1527689,2026,11,2,1,36.71428571428572,6.9230769230769225,12.529411764705884,-6.740000000000009,4,6,baseline_mid,0.9209125300453775,0.9069788183816432
1527689,2026,11,3,1,36.71428571428572,7.0588235294117645,12.34782608695652,-7.7450000000000045,4,6,baseline_mid,0.9095564361019857,0.8952014993508517
1527689,2026,11,4,1,36.71428571428572,6.959999999999999,12.342857142857142,-6.75,4,6,baseline_mid,0.9269267853230632,0.9132947711269542
1527689,2026,11,5,1,36.71428571428572,7.1020408163265305,12.169014084507042,-7.7549999999999955,4,6,baseline_mid,0.9176266434525528,0.903551943811961
1527689,2026,11,6,1,36.71428571428572,7.125,12.083333333333332,-7.759999999999991,4,6,baseline_mid,0.9211369340178864,0.9072134487097978
1527689,2026,12,1,1,36.71428571428572,6.76595744680851,12.246575342465754,-4.765000000000015,4,6,baseline_mid,0.9588822138965402,0.9523624421517669
1527689,2026,12,2,1,36.71428571428572,6.782608695652174,12.162162162162163,-4.77000000000001,4,6,baseline_mid,0.9595225152994247,0.9530515171781225
1527689,2026,12,3,1,36.71428571428572,6.666666666666667,12.16,-3.7750000000000057,4,6,baseline_mid,0.96438772320144,0.9583151179546225
1527689,2026,12,4,1,36.71428571428572,6.681818181818182,12.078947368421051,-3.780000000000001,4,6,baseline_mid,0.9658056422892801,0.9598589874808374
1527689,2026,12,5,1,36.71428571428572,6.837209302325581,11.922077922077923,-4.784999999999997,4,6,baseline_mid,0.9599645339798135,0.9535276831858259
1527689,2026,12,6,1,36.71428571428572,6.857142857142857,11.846153846153847,-4.7900000000000205,4,6,baseline_mid,0.9601888966183618,0.9537695294208617
1527689,2026,13,1,1,36.71428571428572,6.878048780487804,11.772151898734178,-4.795000000000016,4,6,baseline_mid,0.9619923549034423,0.9590456475277099
1527689,2026,13,2,1,36.71428571428572,6.449999999999999,11.925,-1.8000000000000114,4,6,baseline_mid,0.9721905143079681,0.9696912981267913
1527689,2026,13,3,1,36.71428571428572,6.461538461538462,11.851851851851851,-1.8049999999999784,4,6,baseline_mid,0.9714892709318733,0.9689550587321093
1527689,2026,13,4,1,36.71428571428572,6.473684210526316,11.78048780487805,-1.8100000000000023,4,6,baseline_mid,0.9711345073045808,0.9685828519363521
1527689,2026,13,5,1,36.71428571428572,6.486486486486487,11.710843373493976,-1.8149999999999977,4,6,baseline_mid,0.9710193024281523,0.9684620199093846
1527689,2026,13,6,1,36.71428571428572,6.5,11.642857142857142,-1.8200000000000216,4,6,baseline_mid,0.9708408461145063,0.9682748827756978
1527689,2026,14,1,1,36.71428571428572,6.514285714285714,11.576470588235294,-1.8249999999999886,4,6,baseline_mid,0.97022467193153,0.9683858084850349
1527689,2026,14,2,1,36.71428571428572,6.0,11.720930232558139,1.1699999999999875,4,6,baseline_mid,0.9785447801515239,0.9770074646134025
1527689,2026,14,3,1,36.71428571428572,6.0,11.655172413793103,1.1650000000000205,4,6,baseline_mid,0.9790210948809932,0.9775037014548676
1527689,2026,14,4,1,36.71428571428572,5.4375,11.795454545454545,4.159999999999997,4,6,baseline_mid,0.9815686598694273,0.9801635741223814
1527689,2026,14,5,1,36.71428571428572,5.419354838709677,11.730337078651685,4.155000000000001,4,6,baseline_mid,0.9813524373598452,0.979937425169681
1527689,2026,14,6,1,36.71428571428572,5.4,11.666666666666666,4.150000000000006,4,6,baseline_mid,0.981448265377737,0.9800376430970862
1527689,2026,14,7,1,36.71428571428572,5.379310344827586,11.604395604395604,4.14500000000001,4,6,baseline_mid,0.9821830683783015,0.9808066108535954
1527689,2026,14,8,1,36.71428571428572,5.357142857142858,11.543478260869566,4.140000000000015,4,6,baseline_mid,0.9825281404497281,0.9811680409535652
1527689,2026,15,1,1,36.71428571428572,4.9655172413793105,11.736263736263735,6.14500000000001,4,6,baseline_mid,0.9860223937752406,0.9854808854960214
1527689,2026,15,2,1,36.71428571428572,4.928571428571429,11.673913043478262,6.140000000000015,4,6,baseline_mid,0.9860705889740317,0.9855301547352556
1527689,2026,15,3,1,36.71428571428572,4.888888888888888,11.612903225806452,6.134999999999991,4,6,baseline_mid,0.9863302161755636,0.9857956155113783
1527689,2026,15,4,1,36.71428571428572,4.846153846153847,11.553191489361701,6.1299999999999955,4,6,baseline_mid,0.9873922532753115,0.986882382458106
1527689,2026,15,5,1,36.71428571428572,4.5600000000000005,11.557894736842105,7.125,4,6,baseline_mid,0.9886934181855869,0.988215877707028
1527689,2026,15,6,1,36.71428571428572,4.5,11.5,7.1200000000000045,4,6,baseline_mid,0.9886749232298253,0.9881969065044283
1527690,2026,7,1,1,24.0,9.194805194805195,14.232558139534884,9.472499999999997,1,9,baseline_mid,0.7431100217035194,0.7073385350324378
1527690,2026,7,2,1,24.0,9.236842105263158,14.045454545454545,8.829999999999984,1,9,baseline_mid,0.7500987759276035,0.7138974709797284
1527690,2026,7,3,1,24.0,9.36,13.733333333333333,7.1875,1,9,baseline_mid,0.7508874063599381,0.7146395876949455
1527690,2026,7,4,1,24.0,9.405405405405405,13.565217391304348,6.545000000000016,1,9,baseline_mid,0.7535099165844796,0.7171103842555299
1527690,2026,7,5,1,24.0,9.45205479452055,13.404255319148934,5.902500000000003,1,9,baseline_mid,0.7514696387911934,0.715187743080644
1527690,2026,7,6,1,24.0,9.5,13.25,5.260000000000005,1,9,baseline_mid,0.7471138721875561,0.7110922993834882
1527690,2026,7,7,1,24.0,9.549295774647888,13.10204081632653,4.617499999999993,1,9,baseline_mid,0.7054780261952476,0.6725173774039427
1527690,2026,7,8,1,24.0,9.514285714285714,13.080000000000002,4.9750000000000085,1,9,baseline_mid,0.7166849633897405,0.6828055710622996
1527690,2026,8,1,1,24.0,9.295774647887324,13.46938775510204,7.617499999999993,1,9,baseline_mid,0.7710661007489766,0.7406206082075106
1527690,2026,8,2,1,24.0,9.342857142857143,13.32,6.9750000000000085,1,9,baseline_mid,0.7746780901892965,0.7440649547750937
1527690,2026,8,3,1,24.0,9.391304347826088,13.176470588235295,6.332499999999996,1,9,baseline_mid,0.7743328547384852,0.7437353691185236
1527690,2026,8,4,1,24.0,9.441176470588236,13.038461538461537,5.689999999999998,1,9,baseline_mid,0.7647085793738979,0.7345787203187583
1527690,2026,8,5,1,24.0,9.223880597014926,13.245283018867926,8.047500000000014,1,9,baseline_mid,0.7879170829675946,0.7567656345176019
1527690,2026,8,6,1,24.0,9.363636363636363,13.0,-5.639999999999986,2,8,baseline_mid,0.6396735879784639,0.6198113798972492
1527690,2026,8,7,1,24.0,9.415384615384616,12.872727272727273,-6.099999999999994,2,8,baseline_mid,0.5705799862891345,0.5585271211313138
1527690,2026,9,1,1,24.0,9.415384615384616,12.872727272727273,-6.099999999999994,2,8,baseline_mid,0.5773463667104077,0.5684862984216849
1527690,2026,9,2,1,24.0,9.46875,12.75,-6.559999999999988,2,8,baseline_mid,0.5746495916847989,0.5661925492669645
1527690,2026,9,3,1,24.0,9.523809523809524,12.631578947368421,-7.019999999999996,2,8,baseline_mid,0.5679381964600799,0.5604881613902604
1527690,2026,9,4,1,24.0,9.580645161290322,12.517241379310345,-7.47999999999999,2,8,baseline_mid,0.5675106301334545,0.5601249325064583
1527690,2026,9,5,1,24.0,9.639344262295083,12.406779661016948,-7.939999999999998,2,8,baseline_mid,0.5758983359116688,0.5672545523175512
1527690,2026,9,6,1,24.0,9.600000000000001,12.400000000000002,-7.400000000000006,2,8,baseline_mid,0.6002731677302791,0.588030590602342
1527690,2026,10,1,1,24.0,9.35593220338983,12.59016393442623,-4.860000000000014,2,8,baseline_mid,0.6867885040052881,0.6740741735471956
1527690,2026,10,2,1,24.0,9.517241379310345,12.387096774193548,-16.905,3,7,baseline_mid,0.4044352526750313,0.42315488510197424
1527690,2026,10,3,1,24.0,9.578947368421053,12.285714285714285,-17.182500000000005,3,7,baseline_mid,0.39604931928175435,0.4156327366329766
1527690,2026,10,4,1,24.0,9.642857142857142,12.1875,-17.460000000000008,3,7,baseline_mid,0.38702315975699325,0.40751896124261255
1527690,2026,10,5,1,24.0,9.818181818181818,12.0,-18.73750000000001,3,7,baseline_mid,0.3819651118314648,0.40296384617932923
1527690,2026,10,6,1,24.0,9.333333333333334,12.363636363636363,-14.015000000000015,3,7,baseline_mid,0.4663064881025485,0.4782723313463144
1527690,2026,11,1,1,24.0,9.39622641509434,12.26865671641791,-14.292500000000018,3,7,baseline_mid,0.4573626879846018,0.47692392864475763
1527690,2026,11,2,1,24.0,9.461538461538462,12.176470588235293,-14.569999999999993,3,7,baseline_mid,0.4648151800941756,0.48368002187020465
1527690,2026,11,3,1,24.0,9.529411764705882,12.08695652173913,-14.847499999999997,3,7,baseline_mid,0.45862671696121904,0.4780704479853319
1527690,2026,11,4,1,24.0,9.600000000000001,12.0,-15.124999999999972,3,7,baseline_mid,0.4656035599213373,0.48439423733351383
1527690,2026,11,5,1,24.0,9.061224489795919,12.338028169014084,-10.402499999999975,3,7,baseline_mid,0.5345524819735286,0.5465763969990031
1527690,2026,11,6,1,24.0,8.75,12.5,-7.680000000000007,3,7,baseline_mid,0.6482985699560735,0.6488154483227575
1527690,2026,12,1,1,24.0,8.936170212765957,12.328767123287673,-8.95750000000001,3,7,baseline_mid,0.5999813113064243,0.6060118031948305
1527690,2026,12,2,1,24.0,9.0,12.243243243243242,-9.235000000000014,3,7,baseline_mid,0.5782242670449294,0.5857807748874505
1527690,2026,12,3,1,24.0,9.200000000000001,12.079999999999998,-10.512500000000017,3,7,baseline_mid,0.5431287817135295,0.5531276822488547
1527690,2026,12,4,1,24.0,9.272727272727273,12.0,-10.79000000000002,3,7,baseline_mid,0.5395082245030273,0.5497563647499674
1527690,2026,12,5,1,24.0,9.348837209302326,11.922077922077923,-11.067500000000024,3,7,baseline_mid,0.5246268906436299,0.5358917468901452
1527690,2026,12,6,1,24.0,9.428571428571429,11.846153846153847,-11.344999999999999,3,7,baseline_mid,0.506593026457886,0.5190698954766036
1527690,2026,13,1,1,24.0,9.658536585365855,11.69620253164557,-12.622500000000002,3,7,baseline_mid,0.5101564784321349,0.5176201132779702
1527690,2026,13,2,1,24.0,9.3,11.850000000000001,-9.900000000000006,3,7,baseline_mid,0.5742931668698026,0.5794557229895885
1527690,2026,13,3,1,24.0,9.384615384615385,11.777777777777779,-10.17749999999998,3,7,baseline_mid,0.5440778928453085,0.5503430128167046
1527690,2026,13,4,1,24.0,9.631578947368421,11.634146341463413,-11.454999999999984,3,7,baseline_mid,0.5248838736695474,0.5318334749078554
1527690,2026,13,5,1,24.0,9.72972972972973,11.566265060240964,-11.732500000000016,3,7,baseline_mid,0.5212992250674771,0.5283749131167942
1527690,2026,13,6,1,24.0,9.833333333333332,11.5,-12.01000000000002,3,7,baseline_mid,0.5185538395962037,0.5257256842360423
1527690,2026,14,1,1,24.0,9.942857142857143,11.435294117647057,-12.287500000000023,3,7,baseline_mid,0.509482107755687,0.5169530846420468
1527690,2026,14,2,1,24.0,10.058823529411764,11.372093023255815,-12.565000000000026,3,7,baseline_mid,0.5052926014936696,0.5128778389771284
1527690,2026,14,3,1,24.0,10.363636363636363,11.241379310344827,-13.842500000000001,3,7,baseline_mid,0.48916824793270264,0.4971837434641944
1527690,2026,14,4,1,24.0,9.5625,11.522727272727273,-9.120000000000005,3,7,baseline_mid,0.5803334086780607,0.5857513145958592
1527690,2026,14,5,1,24.0,9.096774193548388,11.662921348314608,-6.3974999999999795,3,7,baseline_mid,0.6577095235963507,0.6607489341042139
1527690,2026,14,6,1,24.0,8.2,11.933333333333334,-1.674999999999983,3,7,baseline_mid,0.8269691358485896,0.8254290022341575
1527690,2026,15,1,1,24.0,8.482758620689655,11.802197802197801,-2.9524999999999864,3,7,baseline_mid,0.795242931581887,0.7961996550088613
1527690,2026,15,2,1,24.0,8.571428571428571,11.73913043478261,-3.2299999999999898,3,7,baseline_mid,0.7851622415384873,0.7863100845463448
1527690,2026,15,3,1,24.0,8.666666666666666,11.67741935483871,-3.507499999999993,3,7,baseline_mid,0.7907770751196167,0.7918179587929924
1527690,2026,15,4,1,24.0,8.076923076923077,11.808510638297872,-0.785000000000025,3,7,baseline_mid,0.8462193988171527,0.8462902734659565
1527690,2026,15,5,1,24.0,6.959999999999999,12.063157894736843,3.9375,3,7,baseline_mid,0.8987676281591442,0.89814836054378
1527690,2026,15,6,1,24.0,7.25,11.9375,2.6599999999999966,3,7,baseline_mid,0.8983818351413003,0.897766431696138
1527690,2026,15,7,1,24.0,6.0,12.185567010309278,7.382499999999993,3,7,baseline_mid,0.9092501861534483,0.908534629656693
1527691,2026,7,1,0,46.176470588235304,10.909090909090908,10.186046511627907,-43.77666666666666,3,7,baseline_mid,0.3559987000428671,0.36670103301207324
1527691,2026,7,2,0,46.176470588235304,11.052631578947368,9.954545454545455,-45.01333333333332,3,7,baseline_mid,0.3548618678350404,0.36570665185195483
1527691,2026,7,3,0,46.176470588235304,11.12,9.866666666666667,-45.25,3,7,baseline_mid,0.35627407499405256,0.36694185902189447
1527691,2026,7,4,0,46.176470588235304,11.18918918918919,9.782608695652174,-45.48666666666668,3,7,baseline_mid,0.35092333178921464,0.3622593846518853
1527691,2026,7,5,0,46.176470588235304,11.26027397260274,9.702127659574467,-45.72333333333334,3,7,baseline_mid,0.34731458407389515,0.3590976158629766
1527691,2026,7,6,0,46.176470588235304,11.416666666666666,9.5,-46.96000000000001,3,7,baseline_mid,0.3527708853456777,0.363876925231531
1527691,2026,7,7,0,46.176470588235304,11.577464788732396,9.306122448979592,-60.74000000000001,4,6,baseline_mid,0.15522083777390216,0.18281635443757796
1527691,2026,8,1,0,46.176470588235304,11.492957746478872,9.428571428571429,-59.74000000000001,4,6,baseline_mid,0.1626858393998611,0.19040197029345474
1527691,2026,8,2,0,46.176470588235304,11.571428571428571,9.36,-59.79999999999998,4,6,baseline_mid,0.19036297577533287,0.2174677186560577
1527691,2026,8,3,0,46.176470588235304,11.652173913043478,9.294117647058824,-59.860000000000014,4,6,baseline_mid,0.2032753618378537,0.22988179060727532
1527691,2026,8,4,0,46.176470588235304,11.735294117647058,9.230769230769232,-59.920000000000016,4,6,baseline_mid,0.22675423591842486,0.25215708301281153
1527691,2026,8,5,0,46.176470588235304,11.82089552238806,9.169811320754718,-59.98000000000002,4,6,baseline_mid,0.2378165869107675,0.26253326149939576
1527691,2026,8,6,0,46.176470588235304,11.90909090909091,9.11111111111111,-60.03999999999999,4,6,baseline_mid,0.23233063381232144,0.25739649739941006
1527691,2026,9,1,0,46.176470588235304,12.092307692307692,8.945454545454545,-61.10000000000002,4,6,baseline_mid,0.244917263714821,0.2806864209762107
1527691,2026,9,2,0,46.176470588235304,12.1875,8.892857142857142,-61.16,4,6,baseline_mid,0.24388553807925226,0.2797328388205117
1527691,2026,9,3,0,46.176470588235304,12.285714285714285,8.842105263157894,-61.22,4,6,baseline_mid,0.2564923842494578,0.29133533583661914
1527691,2026,9,4,0,46.176470588235304,12.483870967741936,8.689655172413794,-62.28,4,6,baseline_mid,0.23257383795053624,0.2692279509312333
1527691,2026,9,5,0,46.176470588235304,12.098360655737704,9.152542372881356,-57.34,4,6,baseline_mid,0.28359275329645556,0.3159410943155285
1527691,2026,9,6,0,46.176470588235304,12.2,9.1,-57.39999999999998,4,6,baseline_mid,0.3019380901297053,0.33236890217816795
1527691,2026,10,1,0,46.176470588235304,12.406779661016948,8.950819672131148,-58.46000000000001,4,6,baseline_mid,0.3105139176541388,0.3378248146969342
1527691,2026,10,2,0,46.176470588235304,12.620689655172413,8.806451612903226,-59.51999999999998,4,6,baseline_mid,0.30918229700919697,0.3365941329384451
1527691,2026,10,3,0,46.176470588235304,12.736842105263158,8.761904761904761,-59.58000000000001,4,6,baseline_mid,0.30781883762050843,0.33533328904672843
1527691,2026,10,4,0,46.176470588235304,12.75,8.8125,-58.639999999999986,4,6,baseline_mid,0.31182450385175253,0.3390353677971506
1527691,2026,10,5,0,46.176470588235304,12.872727272727273,8.769230769230768,-58.70000000000002,4,6,baseline_mid,0.3094978589205177,0.3368858388421785
1527691,2026,10,6,0,46.176470588235304,12.444444444444443,9.181818181818182,-53.75999999999999,4,6,baseline_mid,0.33939484561829614,0.36435251800182655
1527691,2026,10,7,0,46.176470588235304,12.566037735849058,9.134328358208954,-53.82000000000002,4,6,baseline_mid,0.333621390603892,0.35907330183941943
1527691,2026,10,8,0,46.176470588235304,12.346153846153845,9.352941176470589,-50.879999999999995,4,6,baseline_mid,0.35351360947473565,0.3772169490708768
1527691,2026,11,1,0,46.176470588235304,12.0,9.582089552238806,-48.82000000000002,4,6,baseline_mid,0.37724071534906756,0.40360561062587275
1527691,2026,11,2,0,46.176470588235304,12.115384615384615,9.529411764705882,-48.879999999999995,4,6,baseline_mid,0.37032524174974046,0.3972043416179103
1527691,2026,11,3,0,46.176470588235304,12.235294117647058,9.478260869565217,-48.94,4,6,baseline_mid,0.36827093587026694,0.3953001081078419
1527691,2026,11,4,0,46.176470588235304,12.24,9.514285714285714,-48.0,4,6,baseline_mid,0.38730871854573146,0.4129010780584314
1527691,2026,11,5,0,46.176470588235304,11.755102040816325,9.887323943661972,-43.06,4,6,baseline_mid,0.3921406081512572,0.41735257022106775
1527691,2026,11,6,0,46.176470588235304,11.75,9.916666666666666,-42.120000000000005,4,6,baseline_mid,0.3993945099234815,0.42402418800008346
1527691,2026,11,7,0,46.176470588235304,11.74468085106383,9.945205479452055,-41.18000000000001,4,6,baseline_mid,0.4228206795442534,0.4454847007576049
1527691,2026,12,1,0,46.176470588235304,11.74468085106383,9.945205479452055,-41.18000000000001,4,6,baseline_mid,0.42709826004667795,0.44451580286117826
1527691,2026,12,2,0,46.176470588235304,12.0,9.81081081081081,-50.366666666666674,5,5,baseline_mid,0.28622332236788506,0.30950031629022245
1527691,2026,12,3,0,46.176470588235304,12.133333333333333,9.76,-50.25,5,5,baseline_mid,0.29090634973911056,0.31407541564584684
1527691,2026,12,4,0,46.176470588235304,12.272727272727273,9.710526315789474,-50.133333333333326,5,5,baseline_mid,0.3018778449288536,0.32476564150814075
1527691,2026,12,5,0,46.176470588235304,11.720930232558139,10.051948051948052,-45.01666666666665,5,5,baseline_mid,0.3815148949035633,0.4013346182020597
1527691,2026,12,6,0,46.176470588235304,11.857142857142858,10.0,-44.89999999999998,5,5,baseline_mid,0.37984242222905307,0.39974255685275195
1527691,2026,13,1,0,46.176470588235304,12.0,9.949367088607595,-44.78333333333333,5,5,baseline_mid,0.35816668208907987,0.36995586856906243
1527691,2026,13,2,0,46.176470588235304,12.0,9.975000000000001,-43.666666666666686,5,5,baseline_mid,0.3736580537639613,0.38511728301702686
1527691,2026,13,3,0,46.176470588235304,11.692307692307692,10.148148148148149,-40.55000000000001,5,5,baseline_mid,0.4281932916422523,0.43826111613621554
1527691,2026,13,4,0,46.176470588235304,11.842105263157894,10.097560975609756,-40.43333333333334,5,5,baseline_mid,0.42076670852711895,0.4310429244145436
1527691,2026,13,5,0,46.176470588235304,12.162162162162163,9.975903614457831,-41.31666666666666,5,5,baseline_mid,0.38996957072131505,0.40104817895248324
1527691,2026,13,6,0,46.176470588235304,12.5,9.857142857142858,-42.19999999999999,5,5,baseline_mid,0.3422634368344538,0.35435690210500476
1527691,2026,14,1,0,46.176470588235304,12.685714285714287,9.811764705882354,-42.083333333333314,5,5,baseline_mid,0.33029271602017324,0.3413846013529833
1527691,2026,14,2,0,46.176470588235304,12.352941176470587,9.976744186046512,-38.96666666666667,5,5,baseline_mid,0.4058020112154688,0.4157412661424248
1527691,2026,14,3,0,46.176470588235304,12.727272727272727,9.862068965517242,-39.85000000000002,5,5,baseline_mid,0.3704113046181835,0.3809737449237281
1527691,2026,14,4,0,46.176470588235304,12.0,10.159090909090908,-34.73333333333335,5,5,baseline_mid,0.45991811410558603,0.4686710523881689
1527691,2026,14,5,0,46.176470588235304,12.387096774193548,10.04494382022472,-41.093333333333334,6,4,baseline_mid,0.24962149217173255,0.26106922353654327
1527691,2026,14,6,0,46.176470588235304,12.0,10.2,-37.80000000000001,6,4,baseline_mid,0.29249099902029946,0.3038802658764947
1527691,2026,15,1,0,46.176470588235304,12.413793103448278,10.087912087912088,-38.50666666666666,6,4,baseline_mid,0.2904307886940695,0.2988216965694384
1527691,2026,15,2,0,46.176470588235304,12.857142857142858,9.978260869565219,-39.21333333333331,6,4,baseline_mid,0.2789792636036959,0.28734972279096344
1527691,2026,15,3,0,46.176470588235304,13.11111111111111,9.935483870967742,-38.920000000000016,6,4,baseline_mid,0.28160764212408507,0.2899841175391476
1527691,2026,15,4,0,46.176470588235304,13.615384615384615,9.829787234042554,-44.22,7,3,baseline_mid,0.13048989761366445,0.13694767333794897
1527691,2026,15,5,0,46.176470588235304,13.919999999999998,9.789473684210526,-43.75,7,3,baseline_mid,0.1288909483725627,0.13530731044321176
1527691,2026,15,6,0,46.176470588235304,14.25,9.75,-43.28,7,3,baseline_mid,0.12891685530750602,0.13533389283909075
1527692,2026,7,1,1,-12.090909090909093,7.870129870129871,8.930232558139535,-5.289999999999992,1,9,baseline_mid,0.8111592767569877,0.7727399133132964
1527692,2026,7,2,1,-12.090909090909093,7.894736842105264,8.863636363636363,-5.52000000000001,1,9,baseline_mid,0.7985986526474058,0.760381930940394
1527692,2026,7,3,1,-12.090909090909093,7.92,8.799999999999999,-5.75,1,9,baseline_mid,0.7921950189433753,0.7541368859543384
1527692,2026,7,4,1,-12.090909090909093,7.945945945945946,8.73913043478261,-5.97999999999999,1,9,baseline_mid,0.7888335144678962,0.7508728391454218
1527692,2026,7,5,1,-12.090909090909093,7.972602739726027,8.680851063829788,-6.210000000000008,1,9,baseline_mid,0.7811054146647051,0.7434044888435265
1527692,2026,7,6,1,-12.090909090909093,8.0,8.625,-6.439999999999998,1,9,baseline_mid,0.7854148158162062,0.7475630012232153
1527692,2026,8,1,1,-12.090909090909093,7.774647887323944,8.938775510204081,-3.6700000000000017,1,9,baseline_mid,0.8290515259748601,0.7970994295961794
1527692,2026,8,2,1,-12.090909090909093,7.800000000000001,8.879999999999999,-3.8999999999999915,1,9,baseline_mid,0.8284162365123571,0.796465157085314
1527692,2026,8,3,1,-12.090909090909093,7.565217391304348,9.176470588235293,-1.1300000000000097,1,9,baseline_mid,0.8537240572607272,0.8220557117283372
1527692,2026,8,4,1,-12.090909090909093,7.6764705882352935,9.0,-2.3599999999999994,1,9,baseline_mid,0.8507851839574552,0.8190480023640034
1527692,2026,8,5,1,-12.090909090909093,7.791044776119403,8.830188679245282,-3.589999999999989,1,9,baseline_mid,0.8437661732695257,0.8119044131387612
1527692,2026,8,6,1,-12.090909090909093,7.909090909090908,8.666666666666666,-4.819999999999979,1,9,baseline_mid,0.8298802800793679,0.7979274476485031
1527692,2026,9,1,1,-12.090909090909093,8.03076923076923,8.50909090909091,-6.049999999999997,1,9,baseline_mid,0.8182104905237828,0.7832541885691955
1527692,2026,9,2,1,-12.090909090909093,8.0625,8.464285714285715,-6.280000000000001,1,9,baseline_mid,0.8145070350900441,0.7796840556748856
1527692,2026,9,3,1,-12.090909090909093,8.0,8.526315789473685,-5.509999999999991,1,9,baseline_mid,0.8339471147453696,0.7985852747744686
1527692,2026,9,4,1,-12.090909090909093,8.129032258064516,8.379310344827587,-6.739999999999981,1,9,baseline_mid,0.8182783721012379,0.7833197557518152
1527692,2026,9,5,1,-12.090909090909093,8.163934426229508,8.338983050847459,-6.969999999999999,1,9,baseline_mid,0.8158818704619581,0.7810077904308917
1527692,2026,9,6,1,-12.090909090909093,7.9,8.6,-4.200000000000003,1,9,baseline_mid,0.8603385114014975,0.8249591755000167
1527692,2026,9,7,1,-12.090909090909093,8.033898305084746,8.459016393442623,-5.429999999999993,1,9,baseline_mid,0.8361913612298977,0.8007941576086663
1527692,2026,10,1,1,-12.090909090909093,8.033898305084746,8.459016393442623,-5.429999999999993,1,9,baseline_mid,0.8416265704472552,0.8189798463740605
1527692,2026,10,2,1,-12.090909090909093,8.068965517241379,8.419354838709678,-5.659999999999997,1,9,baseline_mid,0.8404311321095573,0.8178047409519744
1527692,2026,10,3,1,-12.090909090909093,8.210526315789474,8.285714285714285,-6.890000000000001,1,9,baseline_mid,0.8280371994892435,0.805692758574527
1527692,2026,10,4,1,-12.090909090909093,8.142857142857142,8.34375,-6.11999999999999,1,9,baseline_mid,0.83774641145228,0.8151701996037097
1527692,2026,10,5,1,-12.090909090909093,7.8545454545454545,8.584615384615384,-3.3500000000000085,1,9,baseline_mid,0.8788079911091513,0.8562256934825465
1527692,2026,10,6,1,-12.090909090909093,7.888888888888889,8.545454545454547,-3.5799999999999983,1,9,baseline_mid,0.8767680275546069,0.8541432226015738
1527692,2026,11,1,1,-12.090909090909093,7.924528301886792,8.507462686567164,-3.8100000000000023,1,9,baseline_mid,0.8780668532872714,0.8633744007350386
1527692,2026,11,2,1,-12.090909090909093,7.961538461538462,8.470588235294118,-4.039999999999992,1,9,baseline_mid,0.8776470395731387,0.8629570683536902
1527692,2026,11,3,1,-12.090909090909093,7.882352941176471,8.521739130434783,-3.269999999999996,1,9,baseline_mid,0.8852427815333916,0.870533884000627
1527692,2026,11,4,1,-12.090909090909093,7.5600000000000005,8.742857142857142,-0.5,1,9,baseline_mid,0.9199442156982836,0.905967262741378
1527692,2026,11,5,1,-12.090909090909093,7.224489795918368,8.95774647887324,2.269999999999996,1,9,baseline_mid,0.9550834793471468,0.9437862631641563
1527692,2026,11,6,1,-12.090909090909093,6.875,9.166666666666666,5.0400000000000205,1,9,baseline_mid,0.9804758759977281,0.9733072801000109
1527692,2026,12,1,1,-12.090909090909093,7.0212765957446805,9.04109589041096,3.8100000000000023,1,9,baseline_mid,0.9656013778102184,0.9596362888103064
1527692,2026,12,2,1,-12.090909090909093,7.043478260869566,9.0,3.5799999999999983,1,9,baseline_mid,0.9647404924304908,0.9586987871946984
1527692,2026,12,3,1,-12.090909090909093,7.066666666666666,8.96,3.3500000000000085,1,9,baseline_mid,0.9620049125386547,0.9557308800276985
1527692,2026,12,4,1,-12.090909090909093,6.681818181818182,9.157894736842106,6.11999999999999,1,9,baseline_mid,0.9837068585631096,0.9798551900806743
1527692,2026,12,5,1,-12.090909090909093,6.697674418604651,9.116883116883116,5.890000000000001,1,9,baseline_mid,0.983353752938539,0.9794490325771243
1527692,2026,12,6,1,-12.090909090909093,6.571428571428572,9.153846153846153,6.659999999999997,1,9,baseline_mid,0.9862402440966553,0.9827885976609064
1527692,2026,12,7,1,-12.090909090909093,6.439024390243903,9.189873417721518,7.429999999999993,1,9,baseline_mid,0.9878252608945177,0.9846431151801928
1527692,2026,13,1,1,-12.090909090909093,6.439024390243903,9.189873417721518,7.429999999999993,1,9,baseline_mid,0.9879433206122208,0.9864622502422233
1527692,2026,13,2,1,-12.090909090909093,6.6000000000000005,9.075,6.200000000000003,1,9,baseline_mid,0.9865296650116813,0.9849339087416119
1527692,2026,13,3,1,-12.090909090909093,6.615384615384616,9.037037037037038,5.969999999999999,1,9,baseline_mid,0.9862206832822811,0.9846006583066876
1527692,2026,13,4,1,-12.090909090909093,6.631578947368421,9.0,5.739999999999981,1,9,baseline_mid,0.9860422317241364,0.9844083147925607
1527692,2026,13,5,1,-12.090909090909093,6.162162162162161,9.180722891566266,8.51000000000002,1,9,baseline_mid,0.9913875431200903,0.9902149670783096
1527692,2026,13,6,1,-12.090909090909093,6.166666666666666,9.142857142857142,8.280000000000001,1,9,baseline_mid,0.9910853264151908,0.9898837831034288
1527692,2026,14,1,1,-12.090909090909093,6.342857142857143,9.035294117647059,7.049999999999997,1,9,baseline_mid,0.9893444198240862,0.9883561178589654
1527692,2026,14,2,1,-12.090909090909093,6.529411764705882,8.930232558139535,5.820000000000007,1,9,baseline_mid,0.9875116294911621,0.9864130851812157
1527692,2026,14,3,1,-12.090909090909093,6.727272727272727,8.827586206896552,4.590000000000003,1,9,baseline_mid,0.9776159872858274,0.9760407398833556
1527692,2026,14,4,1,-12.090909090909093,6.75,8.795454545454545,4.359999999999999,1,9,baseline_mid,0.9775224075839118,0.9759434039956754
1527692,2026,14,5,1,-12.090909090909093,6.967741935483872,8.696629213483146,-1.106666666666655,2,8,baseline_mid,0.960552173330654,0.9584516378224545
1527692,2026,14,6,1,-12.090909090909093,7.0,8.666666666666666,-1.200000000000017,2,8,baseline_mid,0.9562928737509447,0.9541012699295776
1527692,2026,15,1,1,-12.090909090909093,7.241379310344827,8.571428571428571,-2.2933333333333223,2,8,baseline_mid,0.9452381231436078,0.9443525587444178
1527692,2026,15,2,1,-12.090909090909093,7.285714285714285,8.543478260869566,-2.386666666666656,2,8,baseline_mid,0.9415758605100302,0.9406934999859369
1527692,2026,15,3,1,-12.090909090909093,6.666666666666667,8.70967741935484,0.5200000000000102,2,8,baseline_mid,0.9687178967009701,0.9679222351383548
1527692,2026,15,4,1,-12.090909090909093,6.9230769230769225,8.617021276595745,-4.126666666666665,3,7,baseline_mid,0.9424814652549203,0.9415979562766069
1527692,2026,15,5,1,-12.090909090909093,6.959999999999999,8.589473684210526,-4.083333333333314,3,7,baseline_mid,0.9361799740965757,0.9353090456646906
1527692,2026,15,6,1,-12.090909090909093,7.25,8.5,-5.039999999999992,3,7,baseline_mid,0.92381235238356,0.9229943016165293
1527693,2026,7,1,0,62.358490566037744,13.168831168831169,10.046511627906977,-44.79999999999998,2,8,baseline_mid,0.045878750148315856,0.06569297093231306
1527693,2026,7,2,0,62.358490566037744,13.342105263157896,9.818181818181818,-46.39999999999999,2,8,baseline_mid,0.04977803035874304,0.07038115734931542
1527693,2026,7,3,0,62.358490566037744,13.440000000000001,9.733333333333334,-47.0,2,8,baseline_mid,0.0464021242032495,0.06632597190100253
1527693,2026,7,4,0,62.358490566037744,13.54054054054054,9.652173913043478,-47.59999999999998,2,8,baseline_mid,0.04435322433843709,0.06384100874150996
1527693,2026,7,5,0,62.358490566037744,13.726027397260273,9.446808510638299,-63.80000000000001,3,7,baseline_mid,0.018323401713604595,0.03012427918889823
1527693,2026,7,6,0,62.358490566037744,13.416666666666668,10.0,-59.20000000000002,3,7,baseline_mid,0.026451825465261498,0.04118332417625614
1527693,2026,8,1,0,62.358490566037744,13.43661971830986,10.040816326530614,-58.60000000000002,3,7,baseline_mid,0.02711249110233948,0.04121449216192154
1527693,2026,8,2,0,62.358490566037744,13.542857142857143,9.959999999999999,-59.0,3,7,baseline_mid,0.02688437700958638,0.04091523144755191
1527693,2026,8,3,0,62.358490566037744,13.652173913043477,9.882352941176471,-59.400000000000006,3,7,baseline_mid,0.025828067072884688,0.03952455756883379
1527693,2026,8,4,0,62.358490566037744,13.852941176470587,9.692307692307693,-60.80000000000001,3,7,baseline_mid,0.025156925316514294,0.038636663940214415
1527693,2026,8,5,0,62.358490566037744,13.970149253731343,9.622641509433963,-61.19999999999999,3,7,baseline_mid,0.025407088757881096,0.03896801953368583
1527693,2026,8,6,0,62.358490566037744,14.181818181818183,9.444444444444445,-62.599999999999994,3,7,baseline_mid,0.02162232021071794,0.03390092029801307
1527693,2026,9,1,0,62.358490566037744,14.03076923076923,9.709090909090909,-60.0,3,7,baseline_mid,0.029143290421293693,0.049492358925044465
1527693,2026,9,2,0,62.358490566037744,13.875,9.964285714285715,-57.400000000000006,3,7,baseline_mid,0.03299272493340608,0.0548455191301412
1527693,2026,9,3,0,62.358490566037744,14.095238095238095,9.789473684210526,-58.80000000000001,3,7,baseline_mid,0.03066871072598239,0.05162847486669666
1527693,2026,9,4,0,62.358490566037744,14.225806451612904,9.724137931034482,-59.19999999999999,3,7,baseline_mid,0.029679295678343317,0.050245255878018445
1527693,2026,9,5,0,62.358490566037744,14.065573770491804,9.966101694915254,-56.60000000000002,3,7,baseline_mid,0.036714321007930935,0.05991082407638583
1527693,2026,9,6,0,62.358490566037744,14.2,9.899999999999999,-57.0,3,7,baseline_mid,0.03434941077655221,0.05670387364138965
1527693,2026,10,1,0,62.358490566037744,14.033898305084746,10.131147540983607,-54.400000000000006,3,7,baseline_mid,0.04093949622496753,0.05972304743272911
1527693,2026,10,2,0,62.358490566037744,14.275862068965518,9.967741935483872,-55.79999999999998,3,7,baseline_mid,0.03849063670817027,0.05661218661616861
1527693,2026,10,3,0,62.358490566037744,14.105263157894738,10.19047619047619,-53.19999999999999,3,7,baseline_mid,0.04521818298394437,0.06509463834345054
1527693,2026,10,4,0,62.358490566037744,14.357142857142858,10.03125,-54.599999999999994,3,7,baseline_mid,0.0399911515343121,0.05852162742424576
1527693,2026,10,5,0,62.358490566037744,14.509090909090908,9.96923076923077,-55.0,3,7,baseline_mid,0.03908374312177847,0.057368193536682426
1527693,2026,10,6,0,62.358490566037744,14.777777777777777,9.818181818181818,-56.400000000000006,3,7,baseline_mid,0.03456324822073999,0.0515622696926058
1527693,2026,11,1,0,62.358490566037744,14.60377358490566,10.029850746268657,-53.80000000000001,3,7,baseline_mid,0.03793551392087713,0.05437636862369649
1527693,2026,11,2,0,62.358490566037744,14.884615384615385,9.882352941176471,-55.19999999999999,3,7,baseline_mid,0.03389000219781863,0.04919717907488201
1527693,2026,11,3,0,62.358490566037744,15.058823529411764,9.826086956521738,-55.599999999999994,3,7,baseline_mid,0.030903944453572994,0.04532573963559336
1527693,2026,11,4,0,62.358490566037744,15.120000000000001,9.857142857142858,-54.99999999999997,3,7,baseline_mid,0.032974414759783424,0.04801471761665515
1527693,2026,11,5,0,62.358490566037744,15.42857142857143,9.71830985915493,-56.39999999999998,3,7,baseline_mid,0.028944546931348805,0.042760820770551544
1527693,2026,11,6,0,62.358490566037744,15.25,9.916666666666666,-53.79999999999998,3,7,baseline_mid,0.034909795255203366,0.05050961675667598
1527693,2026,12,1,0,62.358490566037744,15.446808510638297,9.863013698630137,-54.19999999999999,3,7,baseline_mid,0.031500442912503486,0.04107706260429573
1527693,2026,12,2,0,62.358490566037744,15.652173913043478,9.81081081081081,-54.599999999999994,3,7,baseline_mid,0.02859216736980143,0.0375537088957136
1527693,2026,12,3,0,62.358490566037744,16.0,9.68,-65.0,4,6,baseline_mid,0.012474788984096555,0.01738953370151261
1527693,2026,12,4,0,62.358490566037744,16.227272727272727,9.631578947368421,-65.20000000000002,4,6,baseline_mid,0.013311770203843257,0.018472014075431763
1527693,2026,12,5,0,62.358490566037744,16.46511627906977,9.584415584415584,-65.4,4,6,baseline_mid,0.013049671865273253,0.018133595410525026
1527693,2026,12,6,0,62.358490566037744,16.857142857142854,9.461538461538462,-66.60000000000002,4,6,baseline_mid,0.0109380573909158,0.015387782982408449
1527693,2026,12,7,0,62.358490566037744,17.121951219512194,9.417721518987342,-66.80000000000001,4,6,baseline_mid,0.009935762682580153,0.014071228560421357
1527693,2026,13,1,0,62.358490566037744,16.975609756097562,9.49367088607595,-65.80000000000001,4,6,baseline_mid,0.010426089371187146,0.012516084135982838
1527693,2026,13,2,0,62.358490566037744,16.799999999999997,9.675,-63.0,4,6,baseline_mid,0.012340189934023292,0.01472448183979904
1527693,2026,13,3,0,62.358490566037744,17.076923076923077,9.62962962962963,-63.19999999999999,4,6,baseline_mid,0.011524454929254488,0.013785033536929316
1527693,2026,13,4,0,62.358490566037744,16.57894736842105,9.951219512195122,-58.400000000000006,4,6,baseline_mid,0.015886295439517695,0.018782681378545333
1527693,2026,13,5,0,62.358490566037744,16.864864864864867,9.903614457831326,-58.599999999999994,4,6,baseline_mid,0.014517922756093286,0.017221314533137536
1527693,2026,13,6,0,62.358490566037744,17.166666666666668,9.857142857142858,-58.80000000000001,4,6,baseline_mid,0.013949046117274875,0.016570559499583946
1527693,2026,14,1,0,62.358490566037744,17.485714285714284,9.811764705882354,-59.0,4,6,baseline_mid,0.012972967782684164,0.014985054505257589
1527693,2026,14,2,0,62.358490566037744,17.647058823529413,9.837209302325581,-58.20000000000002,4,6,baseline_mid,0.013951976668231805,0.016082334644855187
1527693,2026,14,3,0,62.358490566037744,17.454545454545453,10.0,-55.39999999999998,4,6,baseline_mid,0.01655879208612164,0.018993023490935162
1527693,2026,14,4,0,62.358490566037744,18.0,9.886363636363637,-56.599999999999994,4,6,baseline_mid,0.014306490528283467,0.016479090358214942
1527693,2026,14,5,0,62.358490566037744,18.58064516129032,9.775280898876405,-64.0,5,5,baseline_mid,0.006435538386955261,0.00758175119926826
1527693,2026,14,6,0,62.358490566037744,19.0,9.733333333333334,-64.0,5,5,baseline_mid,0.006133780634789542,0.007235874736807994
1527693,2026,14,7,0,62.358490566037744,19.448275862068964,9.692307692307693,-64.0,5,5,baseline_mid,0.005425139312781428,0.006421665865712632
1527693,2026,15,1,0,62.358490566037744,18.206896551724135,10.087912087912088,-58.0,5,5,baseline_mid,0.010257583143562399,0.011287599712213091
1527693,2026,15,2,0,62.358490566037744,18.642857142857142,10.043478260869566,-58.0,5,5,baseline_mid,0.008927122704351465,0.009845806375619826
1527693,2026,15,3,0,62.358490566037744,19.333333333333336,9.935483870967742,-64.4,6,4,baseline_mid,0.004101589060307505,0.004580318673373553
1527693,2026,15,4,0,62.358490566037744,19.846153846153847,9.893617021276597,-64.19999999999999,6,4,baseline_mid,0.0036042728733220405,0.004033172981576893
1527693,2026,15,5,0,62.358490566037744,20.64,9.789473684210526,-65.0,6,4,baseline_mid,0.0031537715451347053,0.003536482600024924
1527693,2026,15,6,0,62.358490566037744,21.25,9.75,-64.79999999999998,6,4,baseline_mid,0.002882883058459225,0.0032372809254297033
1527693,2026,15,7,0,62.358490566037744,21.913043478260867,9.711340206185568,-64.6,6,4,baseline_mid,0.0025573317903811624,0.0028771033370281526
1529264,2026,7,1,0,25.42105263157896,12.857142857142858,7.255813953488372,-94.70000000000002,5,5,baseline_mid,0.01979200602997114,0.032171402075774805
1529264,2026,7,2,0,25.42105263157896,12.868421052631579,7.363636363636363,-93.6,5,5,baseline_mid,0.020740012799850684,0.03348023895483059
1529264,2026,7,3,0,25.42105263157896,13.04,7.199999999999999,-94.5,5,5,baseline_mid,0.0188002552199508,0.03079167555922338
1529264,2026,7,4,0,25.42105263157896,13.135135135135133,7.173913043478261,-94.4,5,5,baseline_mid,0.01880780164330159,0.030802216156070397
1529264,2026,7,5,0,25.42105263157896,13.315068493150685,7.0212765957446805,-95.29999999999998,5,5,baseline_mid,0.01141387214725949,0.020102995627484358
1529264,2026,7,6,0,25.42105263157896,13.333333333333334,7.125,-94.19999999999999,5,5,baseline_mid,0.011995543985181425,0.020976459068487115
1529264,2026,7,7,0,25.42105263157896,13.43661971830986,7.1020408163265305,-94.1,5,5,baseline_mid,0.011438676036099823,0.0201403766266769
1529264,2026,8,1,0,25.42105263157896,13.43661971830986,7.1020408163265305,-94.1,5,5,baseline_mid,0.011712719027850628,0.01993457251745055
1529264,2026,8,2,0,25.42105263157896,13.542857142857143,7.08,-93.99999999999997,5,5,baseline_mid,0.01091700009231305,0.018753568977182774
1529264,2026,8,3,0,25.42105263157896,13.73913043478261,6.9411764705882355,-94.9,5,5,baseline_mid,0.011269824275709427,0.019278642304094634
1529264,2026,8,4,0,25.42105263157896,13.852941176470587,6.9230769230769225,-94.80000000000001,5,5,baseline_mid,0.010713686345662426,0.018449941622581296
1529264,2026,8,5,0,25.42105263157896,13.970149253731343,6.90566037735849,-94.69999999999999,5,5,baseline_mid,0.009284285297864115,0.016291953143114907
1529264,2026,8,6,0,25.42105263157896,14.090909090909092,6.888888888888889,-94.6,5,5,baseline_mid,0.010190092009225113,0.017664325630196497
1529264,2026,9,1,0,25.42105263157896,14.215384615384615,6.872727272727273,-94.50000000000003,5,5,baseline_mid,0.010139083032998094,0.02053092691209927
1529264,2026,9,2,0,25.42105263157896,14.34375,6.857142857142857,-94.4,5,5,baseline_mid,0.009666381629857196,0.01972617860628682
1529264,2026,9,3,0,25.42105263157896,14.476190476190474,6.842105263157895,-94.30000000000001,5,5,baseline_mid,0.008502799190866677,0.01771589892869003
1529264,2026,9,4,0,25.42105263157896,14.70967741935484,6.724137931034482,-95.20000000000002,5,5,baseline_mid,0.008763555444419195,0.018170229934787813
1529264,2026,9,5,0,25.42105263157896,14.852459016393443,6.711864406779661,-95.1,5,5,baseline_mid,0.008227978298934749,0.017234517834211843
1529264,2026,9,6,0,25.42105263157896,14.9,6.8,-94.0,5,5,baseline_mid,0.00866402725988321,0.01799708828975712
1529264,2026,9,7,0,25.42105263157896,15.050847457627118,6.786885245901638,-93.9,5,5,baseline_mid,0.008286535947068623,0.017337311970309542
1529264,2026,9,8,0,25.42105263157896,15.206896551724137,6.774193548387098,-93.79999999999998,5,5,baseline_mid,0.007491782157172209,0.015931355243271692
1529264,2026,10,1,0,25.42105263157896,14.949152542372882,6.885245901639344,-92.9,5,5,baseline_mid,0.007966071844972902,0.01428996645485939
1529264,2026,10,2,0,25.42105263157896,14.586206896551722,7.35483870967742,-87.79999999999998,5,5,baseline_mid,0.010497320738584982,0.018207410520021915
1529264,2026,10,3,0,25.42105263157896,14.736842105263158,7.333333333333334,-87.69999999999999,5,5,baseline_mid,0.010219340989423582,0.017783658016943135
1529264,2026,10,4,0,25.42105263157896,14.892857142857142,7.3125,-87.6,5,5,baseline_mid,0.011516079958338803,0.019748413603601415
1529264,2026,10,5,0,25.42105263157896,14.727272727272727,7.569230769230769,-84.5,5,5,baseline_mid,0.012110612175223393,0.020639519551602932
1529264,2026,10,6,0,25.42105263157896,14.88888888888889,7.545454545454545,-84.4,5,5,baseline_mid,0.012730834999433248,0.02156311117442481
1529264,2026,11,1,0,25.42105263157896,15.169811320754716,7.432835820895523,-85.30000000000001,5,5,baseline_mid,0.012492928511705866,0.02019619622531152
1529264,2026,11,2,0,25.42105263157896,15.0,7.6764705882352935,-82.19999999999999,5,5,baseline_mid,0.01562562569507487,0.02467295229320569
1529264,2026,11,3,0,25.42105263157896,14.823529411764707,7.91304347826087,-79.1,5,5,baseline_mid,0.02207647944999589,0.033593873661199085
1529264,2026,11,4,0,25.42105263157896,14.399999999999999,8.314285714285713,-74.0,5,5,baseline_mid,0.03432418049931156,0.04975653645134575
1529264,2026,11,5,0,25.42105263157896,14.693877551020408,8.197183098591548,-74.9,5,5,baseline_mid,0.033079657844434604,0.04815083929507375
1529264,2026,11,6,0,25.42105263157896,15.0,8.083333333333334,-75.80000000000001,5,5,baseline_mid,0.029410070028116,0.04337205495758048
1529264,2026,12,1,0,25.42105263157896,15.063829787234042,8.136986301369863,-74.70000000000002,5,5,baseline_mid,0.041131198923312656,0.052566602879631524
1529264,2026,12,2,0,25.42105263157896,14.869565217391305,8.35135135135135,-71.6,5,5,baseline_mid,0.04929669731015567,0.06212792655233821
1529264,2026,12,3,0,25.42105263157896,15.066666666666666,8.32,-71.5,5,5,baseline_mid,0.04797954574843696,0.060595489505311934
1529264,2026,12,4,0,25.42105263157896,15.40909090909091,8.210526315789474,-72.4,5,5,baseline_mid,0.02984159797865734,0.03907078404727627
1529264,2026,12,5,0,25.42105263157896,15.209302325581396,8.415584415584416,-69.29999999999998,5,5,baseline_mid,0.037202689725553864,0.04791036088244789
1529264,2026,12,6,0,25.42105263157896,15.42857142857143,8.384615384615383,-69.19999999999999,5,5,baseline_mid,0.03625682482896457,0.046783262794067644
1529264,2026,13,1,0,25.42105263157896,15.658536585365855,8.354430379746836,-69.1,5,5,baseline_mid,0.03256591935162789,0.037480160113254515
1529264,2026,13,2,0,25.42105263157896,15.899999999999999,8.325,-69.0,5,5,baseline_mid,0.03702466728889854,0.04239969454262645
1529264,2026,13,3,0,25.42105263157896,16.153846153846153,8.296296296296296,-68.9,5,5,baseline_mid,0.028787651124338468,0.03328909502536275
1529264,2026,13,4,0,25.42105263157896,16.263157894736842,8.341463414634145,-67.80000000000001,5,5,baseline_mid,0.034729013610779,0.03987017314410192
1529264,2026,13,5,0,25.42105263157896,16.54054054054054,8.313253012048193,-67.69999999999999,5,5,baseline_mid,0.0270964212436841,0.03140578963621913
1529264,2026,13,6,0,25.42105263157896,16.333333333333336,8.5,-64.6,5,5,baseline_mid,0.04011626884287524,0.045795613485283826
1529264,2026,13,7,0,25.42105263157896,16.628571428571426,8.470588235294118,-64.5,5,5,baseline_mid,0.03532735437988203,0.04053014338836765
1529264,2026,14,1,0,25.42105263157896,16.457142857142856,8.541176470588235,-63.5,5,5,baseline_mid,0.03787027767013567,0.042372713397277585
1529264,2026,14,2,0,25.42105263157896,16.941176470588236,8.44186046511628,-64.4,5,5,baseline_mid,0.02113359571809197,0.02406784793028612
1529264,2026,14,3,0,25.42105263157896,17.454545454545453,8.344827586206897,-65.30000000000001,5,5,baseline_mid,0.019477205502192785,0.02223485414337181
1529264,2026,14,4,0,25.42105263157896,17.25,8.522727272727273,-62.20000000000002,5,5,baseline_mid,0.022143962846014942,0.02518367145843389
1529264,2026,14,5,0,25.42105263157896,17.41935483870968,8.561797752808989,-61.099999999999994,5,5,baseline_mid,0.02192150336964839,0.024938135388331305
1529264,2026,14,6,0,25.42105263157896,18.0,8.466666666666667,-67.4,6,4,baseline_mid,0.014655730301834258,0.01686965016982261
1529264,2026,15,1,0,25.42105263157896,18.413793103448278,8.43956043956044,-67.12,6,4,baseline_mid,0.01522905513621936,0.016649094481362217
1529264,2026,15,2,0,25.42105263157896,18.857142857142858,8.41304347826087,-66.84,6,4,baseline_mid,0.013854032650308904,0.015169804376343646
1529264,2026,15,3,0,25.42105263157896,19.555555555555554,8.322580645161292,-72.41999999999999,7,3,baseline_mid,0.006620845789956911,0.007337493533812494
1529264,2026,15,4,0,25.42105263157896,20.307692307692307,8.23404255319149,-72.96000000000001,7,3,baseline_mid,0.006230909311844262,0.00691206870524493
1529264,2026,15,5,0,25.42105263157896,20.64,8.273684210526316,-71.5,7,3,baseline_mid,0.006215372155290303,0.006895108521614456
1529264,2026,15,6,0,25.42105263157896,20.0,8.5625,-66.03999999999999,7,3,baseline_mid,0.00778865294223425,0.008609173756310247
1529265,2026,7,1,0,24.85714285714286,11.376623376623376,6.55813953488372,-46.43999999999998,2,8,baseline_mid,0.13376579707089573,0.1614508363665197
1529265,2026,7,2,0,24.85714285714286,11.447368421052632,6.545454545454545,-46.72,2,8,baseline_mid,0.13007975184225773,0.1577235786000675
1529265,2026,7,3,0,24.85714285714286,11.12,7.199999999999999,-42.0,2,8,baseline_mid,0.16751842577026665,0.19483535955627665
1529265,2026,7,4,0,24.85714285714286,11.108108108108109,7.304347826086957,-41.27999999999999,2,8,baseline_mid,0.17638461427435723,0.20340960030469304
1529265,2026,7,5,0,24.85714285714286,11.17808219178082,7.276595744680852,-41.56000000000002,2,8,baseline_mid,0.1695260131670075,0.19678326862576292
1529265,2026,7,6,0,24.85714285714286,11.25,7.25,-41.84,2,8,baseline_mid,0.15794676373747069,0.18549384473336092
1529265,2026,8,1,0,24.85714285714286,11.32394366197183,7.224489795918368,-42.11999999999999,2,8,baseline_mid,0.15672535235197563,0.18448153853975147
1529265,2026,8,2,0,24.85714285714286,10.971428571428572,7.800000000000001,-37.39999999999998,2,8,baseline_mid,0.20609975164212727,0.23258095253928507
1529265,2026,8,3,0,24.85714285714286,11.130434782608695,7.647058823529411,-38.68000000000001,2,8,baseline_mid,0.20598507282153708,0.23247146764727736
1529265,2026,8,4,0,24.85714285714286,10.764705882352942,8.192307692307693,-33.959999999999994,2,8,baseline_mid,0.25519640038948055,0.2786983283700287
1529265,2026,8,5,0,24.85714285714286,10.835820895522389,8.150943396226415,-34.23999999999998,2,8,baseline_mid,0.2560502981010715,0.27948851687052295
1529265,2026,8,6,0,24.85714285714286,10.636363636363637,8.444444444444445,-31.519999999999982,2,8,baseline_mid,0.3126851679310829,0.3311859692622873
1529265,2026,8,7,0,24.85714285714286,10.707692307692309,8.399999999999999,-31.799999999999997,2,8,baseline_mid,0.3133950901942304,0.3318262314623515
1529265,2026,9,1,0,24.85714285714286,10.615384615384615,8.50909090909091,-30.799999999999997,2,8,baseline_mid,0.31838667386707653,0.34696153713489064
1529265,2026,9,2,0,24.85714285714286,10.6875,8.464285714285715,-31.079999999999984,2,8,baseline_mid,0.31582596631111376,0.3446976482692645
1529265,2026,9,3,0,24.85714285714286,10.857142857142858,8.31578947368421,-42.44000000000001,3,7,baseline_mid,0.16453772664708924,0.20370664817448014
1529265,2026,9,4,0,24.85714285714286,11.032258064516128,8.172413793103448,-43.56,3,7,baseline_mid,0.18488980902708396,0.2237879888401224
1529265,2026,9,5,0,24.85714285714286,11.114754098360656,8.135593220338983,-43.68000000000002,3,7,baseline_mid,0.1822248307477561,0.22118477695743832
1529265,2026,9,6,0,24.85714285714286,11.2,8.100000000000001,-43.80000000000001,3,7,baseline_mid,0.1889057136790999,0.22769673346778577
1529265,2026,10,1,0,24.85714285714286,11.288135593220339,8.065573770491802,-43.920000000000016,3,7,baseline_mid,0.18349324827465993,0.21624398544843068
1529265,2026,10,2,0,24.85714285714286,11.379310344827587,8.032258064516128,-44.03999999999999,3,7,baseline_mid,0.1623386829812109,0.1948772064743257
1529265,2026,10,3,0,24.85714285714286,11.473684210526315,8.0,-44.16,3,7,baseline_mid,0.16243585230075652,0.19497634064369923
1529265,2026,10,4,0,24.85714285714286,11.571428571428571,7.96875,-44.28,3,7,baseline_mid,0.15440661864197666,0.18675168441970488
1529265,2026,10,5,0,24.85714285714286,11.781818181818181,7.846153846153847,-54.20000000000002,4,6,baseline_mid,0.09335102998599469,0.12154426294128726
1529265,2026,10,6,0,24.85714285714286,12.0,7.727272727272727,-63.80000000000001,5,5,baseline_mid,0.03956349484717663,0.05797849794026073
1529265,2026,11,1,0,24.85714285714286,12.113207547169813,7.701492537313433,-63.599999999999994,5,5,baseline_mid,0.037940013450302075,0.0543820896124637
1529265,2026,11,2,0,24.85714285714286,12.23076923076923,7.6764705882352935,-63.400000000000006,5,5,baseline_mid,0.037708024426684014,0.05408701360984836
1529265,2026,11,3,0,24.85714285714286,12.352941176470587,7.652173913043478,-63.19999999999999,5,5,baseline_mid,0.04204725457774582,0.05957025205149553
1529265,2026,11,4,0,24.85714285714286,12.600000000000001,7.542857142857143,-64.0,5,5,baseline_mid,0.03885763784601331,0.05554706393089808
1529265,2026,11,5,0,24.85714285714286,12.73469387755102,7.521126760563381,-63.80000000000001,5,5,baseline_mid,0.03563832067445462,0.05144430811129048
1529265,2026,11,6,0,24.85714285714286,12.875,7.5,-63.60000000000002,5,5,baseline_mid,0.036566558228503396,0.052631819467292076
1529265,2026,12,1,0,24.85714285714286,13.148936170212766,7.397260273972603,-64.4,5,5,baseline_mid,0.032452737805183436,0.04222489037139806
1529265,2026,12,2,0,24.85714285714286,13.434782608695652,7.297297297297297,-65.19999999999999,5,5,baseline_mid,0.0285428550905659,0.037493724869900345
1529265,2026,12,3,0,24.85714285714286,13.733333333333333,7.199999999999999,-66.0,5,5,baseline_mid,0.027318942398855163,0.03600223072992355
1529265,2026,12,4,0,24.85714285714286,14.045454545454545,7.105263157894736,-66.80000000000001,5,5,baseline_mid,0.023871231692221582,0.03177110043508474
1529265,2026,12,5,0,24.85714285714286,14.372093023255813,7.012987012987013,-74.48000000000002,6,4,baseline_mid,0.008915633940303577,0.01272130823874848
1529265,2026,12,6,0,24.85714285714286,14.57142857142857,7.0,-74.12,6,4,baseline_mid,0.010740529009189228,0.01512904235707112
1529265,2026,13,1,0,24.85714285714286,14.926829268292682,6.911392405063291,-74.75999999999999,6,4,baseline_mid,0.009966741635846446,0.011983936051231187
1529265,2026,13,2,0,24.85714285714286,15.149999999999999,6.8999999999999995,-74.4,6,4,baseline_mid,0.009585260884148093,0.011541300906020987
1529265,2026,13,3,0,24.85714285714286,15.384615384615387,6.888888888888889,-74.03999999999999,6,4,baseline_mid,0.009158310712174399,0.01104512769146448
1529265,2026,13,4,0,24.85714285714286,15.631578947368421,6.878048780487804,-73.68,6,4,baseline_mid,0.008701728040918396,0.010513565876057167
1529265,2026,13,5,0,24.85714285714286,15.08108108108108,7.2289156626506035,-68.32,6,4,baseline_mid,0.012765322866040433,0.015213146426265084
1529265,2026,13,6,0,24.85714285714286,15.5,7.142857142857142,-68.96000000000001,6,4,baseline_mid,0.011292971706260074,0.013517993074658334
1529265,2026,14,1,0,24.85714285714286,15.771428571428572,7.129411764705882,-68.6,6,4,baseline_mid,0.010431215123179214,0.012124037254525875
1529265,2026,14,2,0,24.85714285714286,16.058823529411764,7.116279069767442,-68.24000000000001,6,4,baseline_mid,0.009788649930629865,0.011397641509505875
1529265,2026,14,3,0,24.85714285714286,16.363636363636363,7.103448275862069,-67.88,6,4,baseline_mid,0.008996952798145282,0.01050070924258069
1529265,2026,14,4,0,24.85714285714286,16.6875,7.090909090909092,-67.51999999999998,6,4,baseline_mid,0.007761984054989377,0.0090968720784186
1529265,2026,14,5,0,24.85714285714286,17.032258064516128,7.078651685393258,-67.16,6,4,baseline_mid,0.007927689976170403,0.009285593705447211
1529265,2026,14,6,0,24.85714285714286,17.2,7.133333333333333,-65.80000000000001,6,4,baseline_mid,0.00828269604723224,0.009689525269334842
1529265,2026,15,1,0,24.85714285714286,17.793103448275865,7.054945054945055,-66.44,6,4,baseline_mid,0.007312421014685202,0.008090997573665248
1529265,2026,15,2,0,24.85714285714286,17.57142857142857,7.239130434782609,-63.079999999999984,6,4,baseline_mid,0.008276703664190609,0.009139656414974552
1529265,2026,15,3,0,24.85714285714286,16.88888888888889,7.548387096774194,-57.72,6,4,baseline_mid,0.01323976868314005,0.014508131587674004
1529265,2026,15,4,0,24.85714285714286,17.307692307692307,7.531914893617021,-57.360000000000014,6,4,baseline_mid,0.012375020086794777,0.013575717124240117
1529265,2026,15,5,0,24.85714285714286,18.0,7.4526315789473685,-58.0,6,4,baseline_mid,0.009404391238730398,0.010363409196379859
1529265,2026,15,6,0,24.85714285714286,18.5,7.4375,-57.639999999999986,6,4,baseline_mid,0.0096555430643197,0.010635604435865849
1529265,2026,15,7,0,24.85714285714286,19.043478260869563,7.422680412371134,-57.28,6,4,baseline_mid,0.008581300688635638,0.00947046561374855
1529266,2026,7,1,1,-46.52380952380952,6.311688311688312,9.209302325581396,4.315000000000005,1,9,baseline_mid,0.9662260506304211,0.9458828178385076
1529266,2026,7,2,1,-46.52380952380952,6.394736842105264,9.0,-6.026666666666657,2,8,baseline_mid,0.9326660241069649,0.9033248717976652
1529266,2026,7,3,1,-46.52380952380952,6.48,8.799999999999999,-7.0,2,8,baseline_mid,0.9198118005526497,0.8881417913813872
1529266,2026,7,4,1,-46.52380952380952,6.486486486486487,8.73913043478261,-6.973333333333329,2,8,baseline_mid,0.9210356169903152,0.8895670003889536
1529266,2026,7,5,1,-46.52380952380952,6.575342465753424,8.553191489361701,-7.9466666666666725,2,8,baseline_mid,0.9245456639728573,0.8936774725644411
1529266,2026,7,6,1,-46.52380952380952,6.583333333333334,8.5,-7.920000000000002,2,8,baseline_mid,0.9242174345077023,0.8932916331067274
1529266,2026,8,1,1,-46.52380952380952,6.67605633802817,8.326530612244898,-8.89333333333333,2,8,baseline_mid,0.9177996228183531,0.8907146543993661
1529266,2026,8,2,1,-46.52380952380952,6.685714285714286,8.28,-8.866666666666646,2,8,baseline_mid,0.9240938629041737,0.8978683505587304
1529266,2026,8,3,1,-46.52380952380952,6.782608695652174,8.117647058823529,-9.840000000000003,2,8,baseline_mid,0.9124220474640872,0.8846744123112521
1529266,2026,8,4,1,-46.52380952380952,6.352941176470589,8.653846153846153,-4.813333333333333,2,8,baseline_mid,0.9475672495988354,0.9254972188371985
1529266,2026,8,5,1,-46.52380952380952,5.91044776119403,9.169811320754718,0.21333333333335247,2,8,baseline_mid,0.9718589904131034,0.9563226260723597
1529266,2026,8,6,1,-46.52380952380952,6.0,9.0,-0.7599999999999909,2,8,baseline_mid,0.9716238510847517,0.9560085298449104
1529266,2026,9,1,1,-46.52380952380952,6.0,8.945454545454545,-0.7333333333333343,2,8,baseline_mid,0.9742937571700421,0.9563886758603696
1529266,2026,9,2,1,-46.52380952380952,6.0,8.892857142857142,-0.7066666666666492,2,8,baseline_mid,0.9749927638261808,0.9573762345792474
1529266,2026,9,3,1,-46.52380952380952,6.0,8.842105263157894,-0.6799999999999926,2,8,baseline_mid,0.9763709340085456,0.9593380930231028
1529266,2026,9,4,1,-46.52380952380952,6.0,8.793103448275861,-0.653333333333336,2,8,baseline_mid,0.9740141155955104,0.9559949619372586
1529266,2026,9,5,1,-46.52380952380952,6.0983606557377055,8.64406779661017,-1.626666666666651,2,8,baseline_mid,0.9737079035903603,0.9555647171437536
1529266,2026,9,6,1,-46.52380952380952,6.1,8.6,-1.5999999999999943,2,8,baseline_mid,0.9744195402178754,0.9565660209403359
1529266,2026,10,1,1,-46.52380952380952,6.203389830508474,8.459016393442623,-9.75166666666668,3,7,baseline_mid,0.9459203864606902,0.9284350103556043
1529266,2026,10,2,1,-46.52380952380952,6.310344827586206,8.322580645161292,-10.603333333333325,3,7,baseline_mid,0.9371111218557233,0.9184277760062759
1529266,2026,10,3,1,-46.52380952380952,6.421052631578947,8.19047619047619,-11.454999999999998,3,7,baseline_mid,0.931001156803867,0.9116057539010862
1529266,2026,10,4,1,-46.52380952380952,6.428571428571429,8.15625,-11.306666666666672,3,7,baseline_mid,0.9293435977639122,0.9097702924979937
1529266,2026,10,5,1,-46.52380952380952,6.1090909090909085,8.399999999999999,-8.158333333333331,3,7,baseline_mid,0.9476203174503863,0.9303918522055585
1529266,2026,10,6,1,-46.52380952380952,6.111111111111112,8.363636363636363,-8.010000000000005,3,7,baseline_mid,0.9504920906209153,0.9337182674368627
1529266,2026,11,1,1,-46.52380952380952,6.113207547169811,8.328358208955224,-7.861666666666679,3,7,baseline_mid,0.956105047715824,0.9449279149789103
1529266,2026,11,2,1,-46.52380952380952,6.0,8.382352941176471,-6.713333333333338,3,7,baseline_mid,0.9606330820705968,0.9500258710879579
1529266,2026,11,3,1,-46.52380952380952,5.411764705882353,8.782608695652174,-1.5649999999999977,3,7,baseline_mid,0.9803933353850639,0.9732062080380567
1529266,2026,11,4,1,-46.52380952380952,5.04,9.0,1.5833333333333428,3,7,baseline_mid,0.9848400395302231,0.9787232409828869
1529266,2026,11,5,1,-46.52380952380952,4.408163265306123,9.380281690140844,6.731666666666669,3,7,baseline_mid,0.9931919314172393,0.9896331363070207
1529266,2026,11,6,1,-46.52380952380952,4.0,9.583333333333334,9.88000000000001,3,7,baseline_mid,0.9943633110097108,0.9912523044995967
1529266,2026,12,1,1,-46.52380952380952,3.3191489361702127,9.945205479452055,15.028333333333336,3,7,baseline_mid,0.9950075723210035,0.9933118786591532
1529266,2026,12,2,1,-46.52380952380952,3.391304347826087,9.81081081081081,8.579999999999998,4,6,baseline_mid,0.9925565612624807,0.9902922876974352
1529266,2026,12,3,1,-46.52380952380952,3.3333333333333335,9.76,8.849999999999994,4,6,baseline_mid,0.9886029884818865,0.9855592059361022
1529266,2026,12,4,1,-46.52380952380952,3.409090909090909,9.631578947368421,2.7666666666666657,5,5,baseline_mid,0.970186186975234,0.9646597819983449
1529266,2026,12,5,1,-46.52380952380952,3.3488372093023253,9.584415584415584,3.1583333333333314,5,5,baseline_mid,0.9696267372330718,0.9640438936186014
1529266,2026,12,6,1,-46.52380952380952,3.4285714285714284,9.461538461538462,2.5500000000000114,5,5,baseline_mid,0.9745250269457828,0.9694667220635681
1529266,2026,13,1,1,-46.52380952380952,3.3658536585365857,9.417721518987342,2.941666666666677,5,5,baseline_mid,0.9762795218312302,0.97399893366396
1529266,2026,13,2,1,-46.52380952380952,3.4499999999999997,9.3,2.3333333333333286,5,5,baseline_mid,0.980493046980547,0.9784671046617931
1529266,2026,13,3,1,-46.52380952380952,3.5384615384615383,9.185185185185185,1.7249999999999943,5,5,baseline_mid,0.9828969481116367,0.9810319616600528
1529266,2026,13,4,1,-46.52380952380952,2.6842105263157894,9.512195121951219,7.11666666666666,5,5,baseline_mid,0.9916754051859838,0.9905308066670887
1529266,2026,13,5,1,-46.52380952380952,2.4324324324324325,9.542168674698795,8.50833333333334,5,5,baseline_mid,0.9921454821985323,0.9910474154558794
1529266,2026,13,6,1,-46.52380952380952,1.8333333333333335,9.714285714285715,11.900000000000006,5,5,baseline_mid,0.9917544845538658,0.9906176395222508
1529266,2026,14,1,1,-46.52380952380952,1.8857142857142857,9.600000000000001,11.291666666666671,5,5,baseline_mid,0.9928363396684112,0.9920860650813915
1529266,2026,14,2,1,-46.52380952380952,1.9411764705882355,9.488372093023255,10.683333333333323,5,5,baseline_mid,0.9936968054564633,0.9930122621029267
1529266,2026,14,3,1,-46.52380952380952,1.8181818181818183,9.448275862068964,11.074999999999989,5,5,baseline_mid,0.9937728172466409,0.9930942431176872
1529266,2026,14,4,1,-46.52380952380952,1.6875,9.409090909090908,11.466666666666669,5,5,baseline_mid,0.9939836299342746,0.9933217575472998
1529266,2026,14,5,1,-46.52380952380952,0.5806451612903225,9.707865168539325,16.858333333333334,5,5,baseline_mid,0.995826391123725,0.9953209533087415
1529266,2026,14,6,1,-46.52380952380952,0.4,9.666666666666668,17.25,5,5,baseline_mid,0.9955920344667072,0.9950655327602504
1529266,2026,15,1,1,-46.52380952380952,-0.41379310344827586,9.824175824175825,20.64166666666668,5,5,baseline_mid,0.9956776264059953,0.9954266242371608
1529267,2026,7,1,1,16.203703703703695,9.74025974025974,9.906976744186046,-23.899999999999977,2,8,baseline_mid,0.5073452189936098,0.4976924326850094
1529267,2026,7,2,1,16.203703703703695,9.394736842105264,10.5,-19.19999999999999,2,8,baseline_mid,0.5530339783078335,0.5372430685646991
1529267,2026,7,3,1,16.203703703703695,9.200000000000001,10.8,-16.5,2,8,baseline_mid,0.6117505234493575,0.5885476903241901
1529267,2026,7,4,1,16.203703703703695,9.243243243243244,10.695652173913043,-16.799999999999983,2,8,baseline_mid,0.5982662964922327,0.5767006397595807
1529267,2026,7,5,1,16.203703703703695,9.36986301369863,10.46808510638298,-18.100000000000023,2,8,baseline_mid,0.5703056958217434,0.5522648169082158
1529267,2026,7,6,1,16.203703703703695,9.416666666666666,10.375,-18.400000000000006,2,8,baseline_mid,0.5724268163236108,0.5541131075320516
1529267,2026,8,1,1,16.203703703703695,9.549295774647888,10.16326530612245,-19.69999999999999,2,8,baseline_mid,0.5559665560830567,0.5456707052774088
1529267,2026,8,2,1,16.203703703703695,9.600000000000001,10.08,-19.99999999999997,2,8,baseline_mid,0.5575043237831993,0.5470223445744936
1529267,2026,8,3,1,16.203703703703695,9.652173913043478,10.0,-20.30000000000001,2,8,baseline_mid,0.5597345796587714,0.548983145957863
1529267,2026,8,4,1,16.203703703703695,9.705882352941178,9.923076923076923,-20.599999999999994,2,8,baseline_mid,0.5536943880923478,0.543674047279619
1529267,2026,8,5,1,16.203703703703695,9.761194029850746,9.849056603773585,-20.899999999999977,2,8,baseline_mid,0.5539927562875788,0.5439362042393839
1529267,2026,8,6,1,16.203703703703695,9.818181818181818,9.777777777777777,-21.19999999999999,2,8,baseline_mid,0.5369491196949672,0.5289754299178493
1529267,2026,9,1,1,16.203703703703695,9.876923076923077,9.709090909090909,-21.5,2,8,baseline_mid,0.5379538639041788,0.5350580712880829
1529267,2026,9,2,1,16.203703703703695,9.65625,9.964285714285715,-18.799999999999983,2,8,baseline_mid,0.5782368617195985,0.5692439252798783
1529267,2026,9,3,1,16.203703703703695,9.428571428571429,10.210526315789473,-16.099999999999994,2,8,baseline_mid,0.6277331211215467,0.6115687015809854
1529267,2026,9,4,1,16.203703703703695,9.483870967741936,10.137931034482758,-16.400000000000006,2,8,baseline_mid,0.6288082619276916,0.6124937439460133
1529267,2026,9,5,1,16.203703703703695,9.442622950819672,10.169491525423728,-15.699999999999989,2,8,baseline_mid,0.632581126977986,0.6157421720779105
1529267,2026,9,6,1,16.203703703703695,9.600000000000001,10.0,-17.0,2,8,baseline_mid,0.625948457908014,0.6100338165197663
1529267,2026,10,1,1,16.203703703703695,9.35593220338983,10.22950819672131,-14.299999999999997,2,8,baseline_mid,0.6657671183578731,0.6551467680810695
1529267,2026,10,2,1,16.203703703703695,9.413793103448276,10.161290322580646,-14.599999999999994,2,8,baseline_mid,0.6628939904221777,0.6525681915350353
1529267,2026,10,3,1,16.203703703703695,9.157894736842106,10.380952380952381,-11.900000000000006,2,8,baseline_mid,0.7053472644154455,0.6908850442829207
1529267,2026,10,4,1,16.203703703703695,9.214285714285715,10.3125,-12.200000000000003,2,8,baseline_mid,0.7059654896399719,0.6914468535980035
1529267,2026,10,5,1,16.203703703703695,8.727272727272727,10.707692307692309,-7.5,2,8,baseline_mid,0.7867062942645566,0.7661182914494534
1529267,2026,10,6,1,16.203703703703695,8.777777777777779,10.636363636363637,-7.799999999999983,2,8,baseline_mid,0.7819750446117324,0.7616572394731782
1529267,2026,10,7,1,16.203703703703695,8.830188679245282,10.567164179104477,-8.100000000000009,2,8,baseline_mid,0.7849836928361582,0.7644925907725612
1529267,2026,11,1,1,16.203703703703695,8.377358490566037,10.925373134328357,-4.1000000000000085,2,8,baseline_mid,0.8559031693930166,0.8415504526429503
1529267,2026,11,2,1,16.203703703703695,8.423076923076923,10.852941176470589,-4.3999999999999915,2,8,baseline_mid,0.8495454711004276,0.8353621363008195
1529267,2026,11,3,1,16.203703703703695,8.117647058823529,11.043478260869565,-1.6999999999999886,2,8,baseline_mid,0.8906182692729606,0.8759306737364065
1529267,2026,11,4,1,16.203703703703695,8.16,10.971428571428572,-2.0,2,8,baseline_mid,0.8877599039733484,0.873057273433127
1529267,2026,11,5,1,16.203703703703695,8.204081632653061,10.901408450704226,-2.3000000000000114,2,8,baseline_mid,0.8802240777177806,0.8655214783037044
1529267,2026,11,6,1,16.203703703703695,8.25,10.833333333333334,-2.5999999999999943,2,8,baseline_mid,0.8765401445016272,0.8618574973576058
1529267,2026,12,1,1,16.203703703703695,8.170212765957446,10.84931506849315,-1.9000000000000057,2,8,baseline_mid,0.8897139494923771,0.8811265163853659
1529267,2026,12,2,1,16.203703703703695,8.347826086956522,10.702702702702702,-3.200000000000017,2,8,baseline_mid,0.8767643350217542,0.8682606293038874
1529267,2026,12,3,1,16.203703703703695,8.0,10.879999999999999,-0.5,2,8,baseline_mid,0.9149498410983005,0.9065442397646475
1529267,2026,12,4,1,16.203703703703695,8.045454545454545,10.81578947368421,-0.8000000000000114,2,8,baseline_mid,0.9091783049959247,0.9006857779364867
1529267,2026,12,5,1,16.203703703703695,7.395348837209302,11.142857142857142,3.9000000000000057,2,8,baseline_mid,0.9537236858089231,0.9468393597802521
1529267,2026,12,6,1,16.203703703703695,7.428571428571429,11.076923076923077,3.5999999999999943,2,8,baseline_mid,0.9538688624163445,0.9469941355795028
1529267,2026,12,7,1,16.203703703703695,7.463414634146341,11.012658227848101,3.3000000000000114,2,8,baseline_mid,0.9523081674173886,0.9453321527126156
1529267,2026,12,8,1,16.203703703703695,7.5,10.95,3.0,2,8,baseline_mid,0.9535176424133315,0.9466197556424251
1529267,2026,13,1,1,16.203703703703695,6.731707317073171,11.39240506329114,8.300000000000011,2,8,baseline_mid,0.9858786981304843,0.9842321292941899
1529267,2026,13,2,1,16.203703703703695,6.0,11.7,13.0,2,8,baseline_mid,0.9915039860813757,0.9903426811015321
1529267,2026,13,3,1,16.203703703703695,6.0,11.62962962962963,12.699999999999989,2,8,baseline_mid,0.9915620994283785,0.9904064428435683
1529267,2026,13,4,1,16.203703703703695,6.0,11.560975609756097,12.400000000000006,2,8,baseline_mid,0.9916825802985335,0.9905386840592761
1529267,2026,13,5,1,16.203703703703695,6.0,11.493975903614459,12.099999999999994,2,8,baseline_mid,0.9918478653079785,0.9907202142426871
1529267,2026,13,6,1,16.203703703703695,6.0,11.428571428571427,11.800000000000011,2,8,baseline_mid,0.9916395492085442,0.990491444834075
1529267,2026,13,7,1,16.203703703703695,6.0,11.36470588235294,11.5,2,8,baseline_mid,0.9917333146943041,0.9905943911234916
1529267,2026,14,1,1,16.203703703703695,5.314285714285714,11.647058823529411,15.5,2,8,baseline_mid,0.9937763219649105,0.9930980237303514
1529267,2026,14,2,1,16.203703703703695,5.294117647058823,11.58139534883721,15.200000000000017,2,8,baseline_mid,0.9938389371236458,0.9931655780070561
1529267,2026,14,3,1,16.203703703703695,5.2727272727272725,11.517241379310345,14.900000000000006,2,8,baseline_mid,0.9940515019798131,0.9933950535327934
1529267,2026,14,4,1,16.203703703703695,4.6875,11.659090909090908,17.599999999999994,2,8,baseline_mid,0.9948083108353458,0.994213979213437
1529267,2026,14,5,1,16.203703703703695,4.64516129032258,11.595505617977528,17.30000000000001,2,8,baseline_mid,0.9949872578237107,0.9944080803541409
1529267,2026,14,6,1,16.203703703703695,4.800000000000001,11.466666666666667,16.0,2,8,baseline_mid,0.995142299621143,0.9945764064793217
1529267,2026,15,1,1,16.203703703703695,3.724137931034483,11.736263736263735,20.700000000000017,2,8,baseline_mid,0.9956529764882742,0.9954009503120019
1529267,2026,15,2,1,16.203703703703695,2.571428571428571,12.0,25.400000000000006,2,8,baseline_mid,0.9949881661383377,0.99470934840416
1529267,2026,15,3,1,16.203703703703695,2.6666666666666665,11.870967741935484,19.712500000000006,3,7,baseline_mid,0.9942240487805025,0.9939162206120603
1529267,2026,15,4,1,16.203703703703695,2.5384615384615383,11.808510638297872,19.57499999999999,3,7,baseline_mid,0.9828709141243204,0.9822647510371766
1529267,2026,15,5,1,16.203703703703695,2.4000000000000004,11.747368421052633,19.4375,3,7,baseline_mid,0.9829669320492802,0.9823625870015993
1529267,2026,15,6,1,16.203703703703695,2.25,11.6875,19.30000000000001,3,7,baseline_mid,0.9860206077267146,0.9854790596979357
1529267,2026,15,7,1,16.203703703703695,2.0869565217391304,11.628865979381443,19.162499999999994,3,7,baseline_mid,0.9856055175980409,0.9850548329614023
