match_id,season,over,ball,is_winner,target_above_par,required_run_rate,current_run_rate,score_vs_par,wickets_lost,wickets_remaining,candidate,raw_pred,cal_pred
1473438,2025,7,1,1,-21.625,6.857142857142857,12.13953488372093,24.650000000000006,0,10,death_plus_v7_gap_mid,0.971925832428069,0.950973016543702
1473438,2025,7,2,1,-21.625,6.947368421052632,11.863636363636363,23.199999999999996,0,10,death_plus_v7_gap_mid,0.9697163489502532,0.9478236378747975
1473438,2025,7,3,1,-21.625,6.959999999999999,11.733333333333333,22.75,0,10,death_plus_v7_gap_mid,0.9710168172063489,0.9496717568637282
1473438,2025,7,4,1,-21.625,6.972972972972972,11.608695652173912,22.30000000000001,0,10,death_plus_v7_gap_mid,0.9715622768027992,0.9504516307404599
1473438,2025,7,5,1,-21.625,6.986301369863014,11.48936170212766,21.849999999999994,0,10,death_plus_v7_gap_mid,0.9715063378940677,0.9503715207292301
1473438,2025,7,6,1,-21.625,7.0,11.375,21.39999999999999,0,10,death_plus_v7_gap_mid,0.9722320026541669,0.9514131065220217
1473438,2025,8,1,1,-21.625,6.76056338028169,11.63265306122449,23.950000000000003,0,10,death_plus_v7_gap_mid,0.9784642630152162,0.9634341672974158
1473438,2025,8,2,1,-21.625,6.857142857142857,11.399999999999999,22.5,0,10,death_plus_v7_gap_mid,0.9777170500253805,0.9623619405667471
1473438,2025,8,3,1,-21.625,6.9565217391304355,11.176470588235293,11.044999999999987,1,9,death_plus_v7_gap_mid,0.9748337153937716,0.9582775282744103
1473438,2025,8,4,1,-21.625,7.0588235294117645,10.961538461538462,9.739999999999995,1,9,death_plus_v7_gap_mid,0.9655820702476308,0.9456497141867055
1473438,2025,8,5,1,-21.625,7.164179104477611,10.754716981132075,8.435000000000016,1,9,death_plus_v7_gap_mid,0.9624311217166227,0.9414869888905354
1473438,2025,8,6,1,-21.625,7.181818181818182,10.666666666666666,8.130000000000024,1,9,death_plus_v7_gap_mid,0.9621974521441956,0.9411807207958284
1473438,2025,9,1,1,-21.625,7.199999999999999,10.581818181818182,7.825000000000003,1,9,death_plus_v7_gap_mid,0.9636767466615177,0.9389675859277441
1473438,2025,9,2,1,-21.625,7.3125,10.392857142857142,6.519999999999996,1,9,death_plus_v7_gap_mid,0.9576546215608521,0.9309027470938389
1473438,2025,9,3,1,-21.625,7.333333333333334,10.31578947368421,6.215000000000003,1,9,death_plus_v7_gap_mid,0.9611963157119607,0.9356147420717751
1473438,2025,9,4,1,-21.625,7.35483870967742,10.241379310344827,5.910000000000011,1,9,death_plus_v7_gap_mid,0.9606721112791443,0.9349118917286856
1473438,2025,9,5,1,-21.625,7.3770491803278695,10.169491525423728,5.605000000000004,1,9,death_plus_v7_gap_mid,0.956999544238226,0.9300403359671497
1473438,2025,9,6,1,-21.625,7.1,10.4,8.299999999999997,1,9,death_plus_v7_gap_mid,0.9727975750482052,0.9517351585060693
1473438,2025,10,1,1,-21.625,7.11864406779661,10.327868852459016,7.9950000000000045,1,9,death_plus_v7_gap_mid,0.9721755026915158,0.958313697751983
1473438,2025,10,2,1,-21.625,7.137931034482759,10.258064516129032,7.690000000000012,1,9,death_plus_v7_gap_mid,0.9703516224594423,0.9559724273725279
1473438,2025,10,3,1,-21.625,6.631578947368421,10.666666666666666,12.385000000000005,1,9,death_plus_v7_gap_mid,0.9824693271127638,0.9720138138951262
1473438,2025,10,4,1,-21.625,6.642857142857143,10.59375,12.080000000000013,1,9,death_plus_v7_gap_mid,0.9820607004617492,0.9714510891807763
1473438,2025,10,5,1,-21.625,6.654545454545454,10.523076923076923,11.774999999999991,1,9,death_plus_v7_gap_mid,0.9821652340528664,0.9715948674092589
1473438,2025,10,6,1,-21.625,6.666666666666667,10.454545454545455,11.469999999999999,1,9,death_plus_v7_gap_mid,0.982786339399195,0.97245166700965
1473438,2025,11,1,1,-21.625,6.679245283018868,10.388059701492537,11.164999999999992,1,9,death_plus_v7_gap_mid,0.9832782175082779,0.9753341845475914
1473438,2025,11,2,1,-21.625,6.6923076923076925,10.323529411764707,10.86,1,9,death_plus_v7_gap_mid,0.9822035665851319,0.9739463470856307
1473438,2025,11,3,1,-21.625,6.705882352941177,10.26086956521739,10.555000000000007,1,9,death_plus_v7_gap_mid,0.982946855796175,0.9749050832936635
1473438,2025,11,4,1,-21.625,6.84,10.114285714285714,2.0,2,8,death_plus_v7_gap_mid,0.9557810723142487,0.942160268213753
1473438,2025,11,5,1,-21.625,6.979591836734693,9.971830985915492,0.8400000000000034,2,8,death_plus_v7_gap_mid,0.9502170742859206,0.935854135099616
1473438,2025,11,6,1,-21.625,7.0,9.916666666666666,0.6800000000000068,2,8,death_plus_v7_gap_mid,0.9501208939169916,0.9357459890150541
1473438,2025,12,1,1,-21.625,7.148936170212766,9.78082191780822,-0.47999999999998977,2,8,death_plus_v7_gap_mid,0.9484213031891804,0.9342801709269785
1473438,2025,12,2,1,-21.625,7.304347826086957,9.64864864864865,-1.6400000000000006,2,8,death_plus_v7_gap_mid,0.9352677916345118,0.9196532936351179
1473438,2025,12,3,1,-21.625,7.199999999999999,9.68,-0.7999999999999972,2,8,death_plus_v7_gap_mid,0.9478878248348166,0.9336786683070235
1473438,2025,12,4,1,-21.625,7.2272727272727275,9.631578947368421,-0.9599999999999937,2,8,death_plus_v7_gap_mid,0.9516117550441224,0.9378936482698069
1473438,2025,12,5,1,-21.625,6.837209302325581,9.818181818181818,1.8799999999999955,2,8,death_plus_v7_gap_mid,0.9693634218887285,0.9586017565030146
1473438,2025,12,6,1,-21.625,6.857142857142857,9.76923076923077,1.7199999999999989,2,8,death_plus_v7_gap_mid,0.9696864423023235,0.9589899846188538
1473438,2025,13,1,1,-21.625,6.878048780487804,9.721518987341772,1.5600000000000165,2,8,death_plus_v7_gap_mid,0.9696254694813013,0.9617346523483166
1473438,2025,13,2,1,-21.625,6.1499999999999995,10.05,6.3999999999999915,2,8,death_plus_v7_gap_mid,0.9864015486943634,0.9817524648260058
1473438,2025,13,3,1,-21.625,6.153846153846153,10.0,6.240000000000009,2,8,death_plus_v7_gap_mid,0.9864274155208637,0.9817845017928247
1473438,2025,13,4,1,-21.625,6.157894736842106,9.951219512195122,6.0800000000000125,2,8,death_plus_v7_gap_mid,0.9872234492661958,0.9827728665574159
1473438,2025,13,5,1,-21.625,6.162162162162161,9.903614457831326,5.920000000000016,2,8,death_plus_v7_gap_mid,0.9866082648527836,0.9820086277615029
1473438,2025,13,6,1,-21.625,6.166666666666666,9.857142857142858,5.759999999999991,2,8,death_plus_v7_gap_mid,0.9870600117981774,0.9825695470771024
1473438,2025,14,1,1,-21.625,6.171428571428571,9.811764705882354,5.600000000000023,2,8,death_plus_v7_gap_mid,0.9868138071272303,0.9830367527534317
1473438,2025,14,2,1,-21.625,5.647058823529411,9.976744186046512,8.439999999999998,2,8,death_plus_v7_gap_mid,0.990401021545185,0.9873991022017223
1473438,2025,14,3,1,-21.625,5.090909090909091,10.137931034482758,11.280000000000001,2,8,death_plus_v7_gap_mid,0.9918103496309956,0.9891407462377806
1473438,2025,14,4,1,-21.625,4.875,10.159090909090908,12.120000000000005,2,8,death_plus_v7_gap_mid,0.992103017677874,0.9895047793886802
1473438,2025,14,5,1,-21.625,4.258064516129032,10.314606741573034,14.960000000000008,2,8,death_plus_v7_gap_mid,0.9922930524850683,0.9897416206891616
1473438,2025,14,6,1,-21.625,3.5999999999999996,10.466666666666667,17.799999999999983,2,8,death_plus_v7_gap_mid,0.9924767077224252,0.9899708713209213
1473438,2025,15,1,1,-21.625,3.5172413793103443,10.417582417582418,17.640000000000015,2,8,death_plus_v7_gap_mid,0.9926998472953046,0.9908606872779179
1473438,2025,15,2,1,-21.625,2.7857142857142856,10.565217391304348,20.47999999999999,2,8,death_plus_v7_gap_mid,0.9917070441496469,0.9896836693533113
1473438,2025,15,3,1,-21.625,2.888888888888889,10.451612903225806,15.405000000000001,3,7,death_plus_v7_gap_mid,0.9913571970964277,0.9892706823693072
1473438,2025,15,4,1,-21.625,2.0769230769230766,10.595744680851064,18.389999999999986,3,7,death_plus_v7_gap_mid,0.9858701054351151,0.9828890690386181
1473438,2025,15,5,1,-21.625,2.16,10.48421052631579,17.375,3,7,death_plus_v7_gap_mid,0.9874945461278374,0.9847618934086104
1473438,2025,15,6,1,-21.625,2.0,10.4375,17.360000000000014,3,7,death_plus_v7_gap_mid,0.9881233030228543,0.9854901620221364
1473439,2025,7,1,0,97.61538461538461,15.818181818181817,11.720930232558139,-73.53833333333333,3,7,death_plus_v7_gap_mid,0.007532174080353423,0.01606035106633515
1473439,2025,7,2,0,97.61538461538461,15.552631578947368,12.272727272727273,-69.20666666666665,3,7,death_plus_v7_gap_mid,0.009313177681705002,0.019164597106470914
1473439,2025,7,3,0,97.61538461538461,15.759999999999998,12.0,-70.875,3,7,death_plus_v7_gap_mid,0.00893459295241163,0.01851409323802278
1473439,2025,7,4,0,97.61538461538461,15.891891891891891,11.869565217391305,-71.54333333333335,3,7,death_plus_v7_gap_mid,0.008775615543976548,0.018239503997862148
1473439,2025,7,5,0,97.61538461538461,16.027397260273972,11.74468085106383,-72.21166666666667,3,7,death_plus_v7_gap_mid,0.008557173988916925,0.017860787033761195
1473439,2025,7,6,0,97.61538461538461,15.916666666666666,12.0,-69.88000000000002,3,7,death_plus_v7_gap_mid,0.00979220232939081,0.01998110281054113
1473439,2025,8,1,0,97.61538461538461,15.633802816901408,12.489795918367347,-65.54833333333335,3,7,death_plus_v7_gap_mid,0.01160885759968776,0.021069118843155647
1473439,2025,8,2,0,97.61538461538461,15.857142857142858,12.24,-67.21666666666667,3,7,death_plus_v7_gap_mid,0.010905382770450365,0.01997551615472401
1473439,2025,8,3,0,97.61538461538461,16.0,12.117647058823529,-67.88500000000002,3,7,death_plus_v7_gap_mid,0.011110329456301938,0.020295211245108566
1473439,2025,8,4,0,97.61538461538461,16.235294117647058,11.884615384615385,-69.55333333333334,3,7,death_plus_v7_gap_mid,0.01070974644861755,0.019669482701010012
1473439,2025,8,5,0,97.61538461538461,16.388059701492537,11.773584905660378,-70.22166666666666,3,7,death_plus_v7_gap_mid,0.009702758764764032,0.01808027559288843
1473439,2025,8,6,0,97.61538461538461,16.272727272727273,12.0,-67.88999999999999,3,7,death_plus_v7_gap_mid,0.010467852914724445,0.019289900179406815
1473439,2025,9,1,0,97.61538461538461,16.52307692307692,11.781818181818181,-69.55833333333334,3,7,death_plus_v7_gap_mid,0.010256868982117324,0.022082996537472938
1473439,2025,9,2,0,97.61538461538461,16.6875,11.678571428571429,-70.22666666666669,3,7,death_plus_v7_gap_mid,0.009564888136700478,0.02085136174316004
1473439,2025,9,3,0,97.61538461538461,16.38095238095238,12.105263157894736,-65.89500000000001,3,7,death_plus_v7_gap_mid,0.011670869275017023,0.024552913290724957
1473439,2025,9,4,0,97.61538461538461,16.548387096774196,12.0,-66.56333333333333,3,7,death_plus_v7_gap_mid,0.011562313515705082,0.02436536970486377
1473439,2025,9,5,0,97.61538461538461,16.721311475409834,11.898305084745763,-67.23166666666671,3,7,death_plus_v7_gap_mid,0.01153303014612743,0.024314722366864407
1473439,2025,9,6,0,97.61538461538461,16.900000000000002,11.799999999999999,-67.9,3,7,death_plus_v7_gap_mid,0.010520860474266945,0.022548736050065674
1473439,2025,10,1,0,97.61538461538461,17.084745762711865,11.704918032786885,-68.56833333333336,3,7,death_plus_v7_gap_mid,0.009499816921415653,0.01751606077483228
1473439,2025,10,2,0,97.61538461538461,17.275862068965516,11.612903225806452,-69.23666666666665,3,7,death_plus_v7_gap_mid,0.0085668488507213,0.01601525659153124
1473439,2025,10,3,0,97.61538461538461,17.57894736842105,11.428571428571427,-70.905,3,7,death_plus_v7_gap_mid,0.007865315827048868,0.014871827316806646
1473439,2025,10,4,0,97.61538461538461,17.892857142857142,11.25,-72.57333333333332,3,7,death_plus_v7_gap_mid,0.00675945575812145,0.013040018436102124
1473439,2025,10,5,0,97.61538461538461,18.10909090909091,11.169230769230769,-73.24166666666667,3,7,death_plus_v7_gap_mid,0.006342061833826092,0.012338208086443451
1473439,2025,10,6,0,97.61538461538461,18.333333333333332,11.09090909090909,-73.91000000000003,3,7,death_plus_v7_gap_mid,0.006050847977448138,0.011844835691681002
1473439,2025,11,1,0,97.61538461538461,18.566037735849058,11.014925373134329,-74.57833333333335,3,7,death_plus_v7_gap_mid,0.005337070860479503,0.010297299739697698
1473439,2025,11,2,0,97.61538461538461,18.923076923076923,10.852941176470589,-76.24666666666667,3,7,death_plus_v7_gap_mid,0.0048337396549004204,0.009435926639070728
1473439,2025,11,3,0,97.61538461538461,19.294117647058826,10.695652173913043,-77.91499999999999,3,7,death_plus_v7_gap_mid,0.004246743021727404,0.008417403460096774
1473439,2025,11,4,0,97.61538461538461,19.56,10.628571428571428,-78.58333333333331,3,7,death_plus_v7_gap_mid,0.004008284916466138,0.007998880358216387
1473439,2025,11,5,0,97.61538461538461,19.836734693877553,10.563380281690142,-79.25166666666667,3,7,death_plus_v7_gap_mid,0.003464926420280354,0.0070336342938652294
1473439,2025,11,6,0,97.61538461538461,20.25,10.416666666666668,-80.91999999999999,3,7,death_plus_v7_gap_mid,0.003324211353328453,0.006780793855111109
1473439,2025,12,1,0,97.61538461538461,20.680851063829785,10.273972602739725,-82.58833333333334,3,7,death_plus_v7_gap_mid,0.003018439021908707,0.005617568787534983
1473439,2025,12,2,0,97.61538461538461,20.869565217391305,10.297297297297298,-82.25666666666666,3,7,death_plus_v7_gap_mid,0.002963047849375243,0.00552505875233011
1473439,2025,12,3,0,97.61538461538461,20.53333333333333,10.64,-77.92500000000001,3,7,death_plus_v7_gap_mid,0.0036570044151034943,0.006671933111621601
1473439,2025,12,4,0,97.61538461538461,20.181818181818183,10.973684210526315,-73.59333333333336,3,7,death_plus_v7_gap_mid,0.0048255971881913575,0.008553275116174656
1473439,2025,12,5,0,97.61538461538461,20.51162790697674,10.909090909090908,-74.26166666666668,3,7,death_plus_v7_gap_mid,0.00410463919651226,0.007399229224066279
1473439,2025,12,6,0,97.61538461538461,20.142857142857142,11.23076923076923,-69.93,3,7,death_plus_v7_gap_mid,0.006107111267619327,0.010560757566650798
1473439,2025,12,7,0,97.61538461538461,20.48780487804878,11.164556962025316,-70.59833333333333,3,7,death_plus_v7_gap_mid,0.0055409684653309485,0.00968014977156776
1473439,2025,12,8,0,97.61538461538461,20.4,11.325,-68.26666666666668,3,7,death_plus_v7_gap_mid,0.0062934245334827985,0.010848585718616913
1473439,2025,13,1,0,97.61538461538461,19.756097560975608,11.544303797468356,-65.59833333333333,3,7,death_plus_v7_gap_mid,0.007345107437722613,0.010593776394797045
1473439,2025,13,2,0,97.61538461538461,20.1,11.475000000000001,-66.26666666666668,3,7,death_plus_v7_gap_mid,0.006790571286025842,0.00985231910674224
1473439,2025,13,3,0,97.61538461538461,20.615384615384613,11.333333333333332,-67.935,3,7,death_plus_v7_gap_mid,0.00608081114901503,0.008896343231252445
1473439,2025,13,4,0,97.61538461538461,21.0,11.268292682926829,-68.60333333333332,3,7,death_plus_v7_gap_mid,0.0048244936051930615,0.00718211561333588
1473439,2025,13,5,0,97.61538461538461,21.405405405405403,11.204819277108433,-69.27166666666668,3,7,death_plus_v7_gap_mid,0.004250546223176176,0.006387934527064587
1473439,2025,13,6,0,97.61538461538461,21.0,11.5,-64.94,3,7,death_plus_v7_gap_mid,0.005730673276444186,0.008421601856784476
1473439,2025,13,7,0,97.61538461538461,21.6,11.36470588235294,-74.94999999999999,4,6,death_plus_v7_gap_mid,0.002599381295346744,0.004051995389861064
1473439,2025,14,1,0,97.61538461538461,21.6,11.36470588235294,-74.94999999999999,4,6,death_plus_v7_gap_mid,0.003792572013941246,0.005333617234935208
1473439,2025,14,2,0,97.61538461538461,22.235294117647058,11.232558139534884,-84.48333333333335,5,5,death_plus_v7_gap_mid,0.002175651125748543,0.003166396730349383
1473439,2025,14,3,0,97.61538461538461,22.727272727272727,11.172413793103448,-84.67500000000001,5,5,death_plus_v7_gap_mid,0.001926382114325958,0.0028246418827450907
1473439,2025,14,4,0,97.61538461538461,23.4375,11.045454545454545,-85.86666666666667,5,5,death_plus_v7_gap_mid,0.001821119457831972,0.0026795158371376634
1473439,2025,14,5,0,97.61538461538461,23.032258064516128,11.325842696629213,-81.05833333333334,5,5,death_plus_v7_gap_mid,0.0020298952908631776,0.0029668761876473966
1473439,2025,14,6,0,97.61538461538461,23.599999999999998,11.266666666666666,-81.25,5,5,death_plus_v7_gap_mid,0.0018339255382911518,0.0026971988670136397
1473439,2025,15,1,0,97.61538461538461,24.413793103448274,11.142857142857142,-82.44166666666666,5,5,death_plus_v7_gap_mid,0.0016168903654978225,0.0022224675005083406
1473439,2025,15,2,0,97.61538461538461,25.071428571428573,11.08695652173913,-82.63333333333333,5,5,death_plus_v7_gap_mid,0.0015492451296469263,0.002133919864866381
1473439,2025,15,3,0,97.61538461538461,25.77777777777778,11.032258064516128,-82.82499999999999,5,5,death_plus_v7_gap_mid,0.0014883236956353722,0.002054011137384989
1473439,2025,15,4,0,97.61538461538461,26.53846153846154,10.97872340425532,-83.01666666666665,5,5,death_plus_v7_gap_mid,0.0014414418503362215,0.0019924085726885795
1473439,2025,15,5,0,97.61538461538461,27.36,10.926315789473685,-83.20833333333337,5,5,death_plus_v7_gap_mid,0.0014023268132315166,0.0019409363959848758
1473439,2025,15,6,0,97.61538461538461,28.5,10.8125,-84.40000000000003,5,5,death_plus_v7_gap_mid,0.0013581896735830065,0.0018827708045131121
1473440,2025,7,1,1,-9.740740740740733,6.311688311688312,10.465116279069768,9.512500000000003,1,9,death_plus_v7_gap_mid,0.9818248209622058,0.9657430753756269
1473440,2025,7,2,1,-9.740740740740733,6.315789473684211,10.363636363636363,9.349999999999994,1,9,death_plus_v7_gap_mid,0.9810547654739936,0.9645479659966378
1473440,2025,7,3,1,-9.740740740740733,6.24,10.4,10.1875,1,9,death_plus_v7_gap_mid,0.9828443023008078,0.967339773262646
1473440,2025,7,4,1,-9.740740740740733,6.324324324324324,10.173913043478262,9.025000000000006,1,9,death_plus_v7_gap_mid,0.9818690939805421,0.9658120667109952
1473440,2025,7,5,1,-9.740740740740733,6.41095890410959,9.957446808510639,-1.566666666666677,2,8,death_plus_v7_gap_mid,0.935045077609103,0.902708065823977
1473440,2025,7,6,1,-9.740740740740733,6.416666666666666,9.875,-1.6000000000000085,2,8,death_plus_v7_gap_mid,0.9229886220858131,0.888320491235492
1473440,2025,8,1,1,-9.740740740740733,6.253521126760563,10.040816326530614,0.36666666666667425,2,8,death_plus_v7_gap_mid,0.9375628702013639,0.9103933368231916
1473440,2025,8,2,1,-9.740740740740733,6.342857142857143,9.84,-0.666666666666643,2,8,death_plus_v7_gap_mid,0.9393936467653441,0.9125951438120606
1473440,2025,8,3,1,-9.740740740740733,6.3478260869565215,9.764705882352942,-0.7000000000000028,2,8,death_plus_v7_gap_mid,0.936777790288496,0.909452720926432
1473440,2025,8,4,1,-9.740740740740733,6.352941176470589,9.692307692307693,-0.7333333333333343,2,8,death_plus_v7_gap_mid,0.9422059401357022,0.9160008341532205
1473440,2025,8,5,1,-9.740740740740733,6.35820895522388,9.622641509433963,-0.7666666666666515,2,8,death_plus_v7_gap_mid,0.9453792615944776,0.9198795254547923
1473440,2025,8,6,1,-9.740740740740733,6.363636363636363,9.555555555555555,-0.7999999999999972,2,8,death_plus_v7_gap_mid,0.9488299796949541,0.9241430574891324
1473440,2025,8,7,1,-9.740740740740733,5.907692307692308,10.036363636363635,4.166666666666671,2,8,death_plus_v7_gap_mid,0.9655137404355254,0.9455587737861231
1473440,2025,9,1,1,-9.740740740740733,5.723076923076923,10.254545454545454,6.166666666666671,2,8,death_plus_v7_gap_mid,0.9854163392182901,0.9709862704337837
1473440,2025,9,2,1,-9.740740740740733,5.71875,10.178571428571429,6.13333333333334,2,8,death_plus_v7_gap_mid,0.9855694912904672,0.9712361064167261
1473440,2025,9,3,1,-9.740740740740733,5.809523809523809,10.0,5.1000000000000085,2,8,death_plus_v7_gap_mid,0.9841227349334543,0.9688953904178048
1473440,2025,9,4,1,-9.740740740740733,5.903225806451613,9.827586206896552,-3.941666666666663,3,7,death_plus_v7_gap_mid,0.9449571853840915,0.914630374217588
1473440,2025,9,5,1,-9.740740740740733,5.9016393442622945,9.76271186440678,-3.8458333333333456,3,7,death_plus_v7_gap_mid,0.9433520351803981,0.9126333359455632
1473440,2025,9,6,1,-9.740740740740733,6.0,9.600000000000001,-4.75,3,7,death_plus_v7_gap_mid,0.9459242655841389,0.9158395204376998
1473440,2025,10,1,1,-9.740740740740733,6.0,9.540983606557377,-4.654166666666669,3,7,death_plus_v7_gap_mid,0.9404344358528328,0.9199193178348062
1473440,2025,10,2,1,-9.740740740740733,6.1034482758620685,9.387096774193548,-5.558333333333323,3,7,death_plus_v7_gap_mid,0.9434105535699182,0.9233511146807061
1473440,2025,10,3,1,-9.740740740740733,6.105263157894737,9.333333333333334,-5.4624999999999915,3,7,death_plus_v7_gap_mid,0.9454796675853783,0.9257536238733971
1473440,2025,10,4,1,-9.740740740740733,6.107142857142857,9.28125,-5.366666666666674,3,7,death_plus_v7_gap_mid,0.9479427685647273,0.9286322307961714
1473440,2025,10,5,1,-9.740740740740733,6.218181818181819,9.138461538461538,-6.270833333333343,3,7,death_plus_v7_gap_mid,0.9479791135756723,0.9286748632258405
1473440,2025,10,6,1,-9.740740740740733,6.222222222222221,9.09090909090909,-6.175000000000011,3,7,death_plus_v7_gap_mid,0.9442581093012132,0.9243335507775864
1473440,2025,11,1,1,-9.740740740740733,5.660377358490566,9.492537313432836,-1.07916666666668,3,7,death_plus_v7_gap_mid,0.9687762025107689,0.9573369581165433
1473440,2025,11,2,1,-9.740740740740733,5.653846153846153,9.441176470588236,-0.9833333333333343,3,7,death_plus_v7_gap_mid,0.9698550898698671,0.9586308134629443
1473440,2025,11,3,1,-9.740740740740733,5.764705882352941,9.304347826086957,-1.8875000000000028,3,7,death_plus_v7_gap_mid,0.9650132143815211,0.9528686531083556
1473440,2025,11,4,1,-9.740740740740733,5.88,9.17142857142857,-9.25,4,6,death_plus_v7_gap_mid,0.9315950310451659,0.915379810859887
1473440,2025,11,5,1,-9.740740740740733,5.877551020408163,9.126760563380282,-9.025000000000006,4,6,death_plus_v7_gap_mid,0.9315034273566589,0.9152811508660758
1473440,2025,11,6,1,-9.740740740740733,6.0,9.0,-9.799999999999997,4,6,death_plus_v7_gap_mid,0.9301439306984943,0.9138190311841217
1473440,2025,12,1,1,-9.740740740740733,6.127659574468085,8.876712328767123,-10.575000000000003,4,6,death_plus_v7_gap_mid,0.926425518096696,0.9100313230629925
1473440,2025,12,2,1,-9.740740740740733,6.260869565217391,8.756756756756756,-11.350000000000009,4,6,death_plus_v7_gap_mid,0.913950041028075,0.8966961456045592
1473440,2025,12,3,1,-9.740740740740733,6.2666666666666675,8.72,-11.125,4,6,death_plus_v7_gap_mid,0.9171798438069207,0.9001237769620031
1473440,2025,12,4,1,-9.740740740740733,6.136363636363637,8.763157894736842,-9.900000000000006,4,6,death_plus_v7_gap_mid,0.9422207129221941,0.9273339558309641
1473440,2025,12,5,1,-9.740740740740733,6.279069767441861,8.649350649350648,-10.675000000000011,4,6,death_plus_v7_gap_mid,0.9298566059472005,0.9137468430371096
1473440,2025,12,6,1,-9.740740740740733,6.2857142857142865,8.615384615384615,-10.450000000000003,4,6,death_plus_v7_gap_mid,0.9329043627468077,0.9170662814742947
1473440,2025,13,1,1,-9.740740740740733,6.2926829268292686,8.582278481012658,-10.225000000000009,4,6,death_plus_v7_gap_mid,0.9296997687558565,0.9173637206562308
1473440,2025,13,2,1,-9.740740740740733,6.449999999999999,8.475000000000001,-11.0,4,6,death_plus_v7_gap_mid,0.9204326630502561,0.9074543980983125
1473440,2025,13,3,1,-9.740740740740733,6.461538461538462,8.444444444444445,-10.774999999999991,4,6,death_plus_v7_gap_mid,0.9210796702251824,0.9081426362191657
1473440,2025,13,4,1,-9.740740740740733,6.473684210526316,8.414634146341463,-10.550000000000011,4,6,death_plus_v7_gap_mid,0.9294119480311733,0.9170542173130215
1473440,2025,13,5,1,-9.740740740740733,6.648648648648649,8.313253012048193,-11.324999999999989,4,6,death_plus_v7_gap_mid,0.9132379178489485,0.8998351182597888
1473440,2025,13,6,1,-9.740740740740733,6.666666666666667,8.285714285714285,-11.100000000000009,4,6,death_plus_v7_gap_mid,0.9090546815321929,0.8954323095060455
1473440,2025,14,1,1,-9.740740740740733,6.857142857142857,8.188235294117646,-16.395833333333314,5,5,death_plus_v7_gap_mid,0.8337249840116738,0.8205557172852326
1473440,2025,14,2,1,-9.740740740740733,7.0588235294117645,8.093023255813954,-17.041666666666686,5,5,death_plus_v7_gap_mid,0.8270887981463365,0.813943758563595
1473440,2025,14,3,1,-9.740740740740733,7.272727272727273,8.0,-17.6875,5,5,death_plus_v7_gap_mid,0.8082808763828806,0.7953085997798736
1473440,2025,14,4,1,-9.740740740740733,7.3125,7.9772727272727275,-17.333333333333343,5,5,death_plus_v7_gap_mid,0.806851409302149,0.7938981773948813
1473440,2025,14,5,1,-9.740740740740733,7.35483870967742,7.95505617977528,-16.979166666666657,5,5,death_plus_v7_gap_mid,0.8140913941702439,0.801050050472343
1473440,2025,14,6,1,-9.740740740740733,7.4,7.933333333333334,-16.625,5,5,death_plus_v7_gap_mid,0.803833644062613,0.7909232195065007
1473440,2025,15,1,1,-9.740740740740733,7.448275862068966,7.912087912087912,-16.270833333333343,5,5,death_plus_v7_gap_mid,0.8043669304109923,0.7950318333101245
1473440,2025,15,2,1,-9.740740740740733,7.5,7.891304347826088,-15.916666666666657,5,5,death_plus_v7_gap_mid,0.8170670944538947,0.8075755787770276
1473440,2025,15,3,1,-9.740740740740733,7.555555555555555,7.870967741935484,-15.5625,5,5,death_plus_v7_gap_mid,0.8037864536206206,0.7944596738442387
1473440,2025,15,4,1,-9.740740740740733,7.615384615384615,7.851063829787234,-15.208333333333314,5,5,death_plus_v7_gap_mid,0.8047689795081495,0.7954281798592189
1473440,2025,15,5,1,-9.740740740740733,7.68,7.831578947368421,-14.854166666666686,5,5,death_plus_v7_gap_mid,0.7960579458221799,0.7868511791655286
1473440,2025,15,6,1,-9.740740740740733,7.75,7.8125,-14.5,5,5,death_plus_v7_gap_mid,0.8061710861866631,0.7968107740912744
1473441,2025,7,1,1,-22.5,11.142857142857142,9.348837209302326,-74.94583333333333,5,5,death_plus_v7_gap_mid,0.07210082950626905,0.10336095296224866
1473441,2025,7,2,1,-22.5,11.210526315789474,9.272727272727273,-74.81666666666666,5,5,death_plus_v7_gap_mid,0.08099115486113441,0.11358593454529517
1473441,2025,7,3,1,-22.5,11.040000000000001,9.600000000000001,-71.6875,5,5,death_plus_v7_gap_mid,0.09083019552228686,0.12463719946388256
1473441,2025,7,4,1,-22.5,11.18918918918919,9.391304347826088,-72.55833333333334,5,5,death_plus_v7_gap_mid,0.09321671305448835,0.12727972798511988
1473441,2025,7,5,1,-22.5,11.342465753424658,9.191489361702128,-73.42916666666667,5,5,death_plus_v7_gap_mid,0.0918916317131538,0.12581424661673235
1473441,2025,7,6,1,-22.5,11.5,9.0,-74.29999999999998,5,5,death_plus_v7_gap_mid,0.09154218128312294,0.125427045436637
1473441,2025,8,1,1,-22.5,11.154929577464788,9.551020408163264,-69.17083333333332,5,5,death_plus_v7_gap_mid,0.12053381658238684,0.15136575443437938
1473441,2025,8,2,1,-22.5,11.228571428571428,9.48,-69.04166666666666,5,5,death_plus_v7_gap_mid,0.11996403192561457,0.1507712184599972
1473441,2025,8,3,1,-22.5,11.043478260869565,9.764705882352942,-65.9125,5,5,death_plus_v7_gap_mid,0.13157025768965028,0.16278488353998005
1473441,2025,8,4,1,-22.5,11.205882352941178,9.576923076923077,-66.78333333333333,5,5,death_plus_v7_gap_mid,0.1326237147048995,0.16386563297534953
1473441,2025,8,5,1,-22.5,11.373134328358208,9.39622641509434,-67.65416666666667,5,5,death_plus_v7_gap_mid,0.1309109946016057,0.16210774837042236
1473441,2025,8,6,1,-22.5,11.545454545454547,9.222222222222221,-68.525,5,5,death_plus_v7_gap_mid,0.12343496813626373,0.15438512573094237
1473441,2025,9,1,1,-22.5,11.63076923076923,9.163636363636364,-68.39583333333334,5,5,death_plus_v7_gap_mid,0.12227670294079179,0.1637641897221179
1473441,2025,9,2,1,-22.5,11.625,9.214285714285715,-67.26666666666668,5,5,death_plus_v7_gap_mid,0.12998576677403675,0.1718853262115376
1473441,2025,9,3,1,-22.5,11.714285714285714,9.157894736842106,-67.13750000000002,5,5,death_plus_v7_gap_mid,0.12652537128823407,0.16825368026683016
1473441,2025,9,4,1,-22.5,11.903225806451612,9.0,-68.00833333333333,5,5,death_plus_v7_gap_mid,0.1195884230608399,0.1609055242472658
1473441,2025,9,5,1,-22.5,12.098360655737704,8.847457627118644,-68.87916666666666,5,5,death_plus_v7_gap_mid,0.10958566998958355,0.15013884005487568
1473441,2025,9,6,1,-22.5,12.2,8.799999999999999,-68.75,5,5,death_plus_v7_gap_mid,0.10535943552098447,0.1455244649475494
1473441,2025,10,1,1,-22.5,12.305084745762711,8.754098360655739,-68.62083333333334,5,5,death_plus_v7_gap_mid,0.09875619677795618,0.13014894547666933
1473441,2025,10,2,1,-22.5,12.517241379310345,8.612903225806452,-69.49166666666667,5,5,death_plus_v7_gap_mid,0.09477703916093881,0.12571287630577255
1473441,2025,10,3,1,-22.5,12.631578947368421,8.571428571428571,-69.36249999999998,5,5,death_plus_v7_gap_mid,0.09016976853430723,0.12053604247651216
1473441,2025,10,4,1,-22.5,12.857142857142858,8.4375,-70.23333333333332,5,5,death_plus_v7_gap_mid,0.08055946169153441,0.10958707263724343
1473441,2025,10,5,1,-22.5,12.654545454545453,8.676923076923076,-67.10416666666669,5,5,death_plus_v7_gap_mid,0.09757048172539387,0.12883037700483488
1473441,2025,10,6,1,-22.5,12.777777777777779,8.636363636363637,-66.975,5,5,death_plus_v7_gap_mid,0.09308009679231634,0.12381132465097164
1473441,2025,11,1,1,-22.5,12.90566037735849,8.597014925373134,-66.84583333333333,5,5,death_plus_v7_gap_mid,0.08901262642914336,0.11984099681756136
1473441,2025,11,2,1,-22.5,13.038461538461537,8.558823529411764,-66.71666666666667,5,5,death_plus_v7_gap_mid,0.08736238434458787,0.1179359036373653
1473441,2025,11,3,1,-22.5,13.176470588235295,8.521739130434783,-66.5875,5,5,death_plus_v7_gap_mid,0.08663469925076203,0.11709398831839453
1473441,2025,11,4,1,-22.5,13.440000000000001,8.399999999999999,-67.45833333333331,5,5,death_plus_v7_gap_mid,0.07452074299133143,0.1029016288944641
1473441,2025,11,5,1,-22.5,13.591836734693878,8.366197183098592,-67.32916666666668,5,5,death_plus_v7_gap_mid,0.06993813075249963,0.09743898207247118
1473441,2025,11,6,1,-22.5,13.75,8.333333333333332,-67.20000000000002,5,5,death_plus_v7_gap_mid,0.06544972007148064,0.09203361996551976
1473441,2025,11,7,1,-22.5,13.914893617021276,8.301369863013699,-67.07083333333333,5,5,death_plus_v7_gap_mid,0.06340797519787844,0.08955572241076053
1473441,2025,12,1,1,-22.5,13.148936170212766,8.794520547945206,-61.070833333333326,5,5,death_plus_v7_gap_mid,0.11134106883813041,0.13825365409381246
1473441,2025,12,2,1,-22.5,12.652173913043478,9.162162162162161,-55.94166666666666,5,5,death_plus_v7_gap_mid,0.13836318604058315,0.1670325001292189
1473441,2025,12,3,1,-22.5,12.933333333333334,9.04,-64.65,6,4,death_plus_v7_gap_mid,0.05139881416238809,0.07021776802550025
1473441,2025,12,4,1,-22.5,13.09090909090909,9.0,-64.34666666666666,6,4,death_plus_v7_gap_mid,0.0605876468958205,0.08115485951879751
1473441,2025,12,5,1,-22.5,13.25581395348837,8.96103896103896,-64.04333333333335,6,4,death_plus_v7_gap_mid,0.06332812345860522,0.08437249878750638
1473441,2025,12,6,1,-22.5,13.428571428571429,8.923076923076923,-63.74000000000001,6,4,death_plus_v7_gap_mid,0.05902565689188525,0.07931220616904099
1473441,2025,13,1,1,-22.5,13.170731707317074,9.113924050632912,-60.43666666666667,6,4,death_plus_v7_gap_mid,0.07276806196487778,0.08729389409572821
1473441,2025,13,2,1,-22.5,13.350000000000001,9.075,-60.133333333333326,6,4,death_plus_v7_gap_mid,0.0712796125630892,0.0856624917838067
1473441,2025,13,3,1,-22.5,13.538461538461538,9.037037037037038,-59.83000000000001,6,4,death_plus_v7_gap_mid,0.06937794820489912,0.08357342319885072
1473441,2025,13,4,1,-22.5,13.263157894736842,9.21951219512195,-56.52666666666667,6,4,death_plus_v7_gap_mid,0.0904587454782739,0.10645458875766198
1473441,2025,13,5,1,-22.5,12.648648648648647,9.542168674698795,-51.22333333333333,6,4,death_plus_v7_gap_mid,0.11827154879300904,0.13586276910546113
1473441,2025,13,6,1,-22.5,12.833333333333332,9.5,-50.91999999999999,6,4,death_plus_v7_gap_mid,0.10478612646537926,0.12170103259834607
1473441,2025,14,1,1,-22.5,12.514285714285716,9.670588235294119,-47.616666666666674,6,4,death_plus_v7_gap_mid,0.11823616739443897,0.1321323690693389
1473441,2025,14,2,1,-22.5,12.705882352941178,9.627906976744185,-47.31333333333333,6,4,death_plus_v7_gap_mid,0.11402291842275684,0.12777213304531748
1473441,2025,14,3,1,-22.5,12.909090909090908,9.586206896551724,-47.00999999999999,6,4,death_plus_v7_gap_mid,0.12072610016348523,0.1347031550404708
1473441,2025,14,4,1,-22.5,13.125,9.545454545454545,-46.70666666666665,6,4,death_plus_v7_gap_mid,0.11571286812920786,0.12952259891488999
1473441,2025,14,5,1,-22.5,12.387096774193548,9.842696629213483,-41.403333333333336,6,4,death_plus_v7_gap_mid,0.16924735316539935,0.18403035811101978
1473441,2025,14,6,1,-22.5,12.600000000000001,9.8,-41.099999999999994,6,4,death_plus_v7_gap_mid,0.16691724451876797,0.18169107946141616
1473441,2025,14,7,1,-22.5,12.827586206896552,9.758241758241759,-40.79666666666665,6,4,death_plus_v7_gap_mid,0.1602136365194257,0.17494604686770635
1473441,2025,15,1,1,-22.5,11.586206896551724,10.153846153846153,-34.79666666666665,6,4,death_plus_v7_gap_mid,0.23581711848243214,0.24796357825433557
1473441,2025,15,2,1,-22.5,11.142857142857142,10.304347826086957,-31.49333333333331,6,4,death_plus_v7_gap_mid,0.2935257533847824,0.3044115978832525
1473441,2025,15,3,1,-22.5,11.333333333333332,10.258064516129032,-31.189999999999998,6,4,death_plus_v7_gap_mid,0.283960706987193,0.2951055034393433
1473441,2025,15,4,1,-22.5,10.846153846153847,10.404255319148936,-27.886666666666656,6,4,death_plus_v7_gap_mid,0.39475176573562454,0.4020035881327528
1473441,2025,15,5,1,-22.5,10.32,10.547368421052632,-24.583333333333314,6,4,death_plus_v7_gap_mid,0.4672581575574816,0.4712459896159248
1473441,2025,15,6,1,-22.5,10.5,10.5,-24.279999999999973,6,4,death_plus_v7_gap_mid,0.47716031840166917,0.4806793324881902
1473442,2025,7,1,0,67.25,13.09090909090909,10.604651162790699,-26.66749999999999,1,9,death_plus_v7_gap_mid,0.12826251212681755,0.16466694082858427
1473442,2025,7,2,0,67.25,12.947368421052632,10.909090909090908,-24.49000000000001,1,9,death_plus_v7_gap_mid,0.14709396035429576,0.18385697548577548
1473442,2025,7,3,0,67.25,13.12,10.666666666666666,-26.3125,1,9,death_plus_v7_gap_mid,0.1421935252627605,0.17891450033030268
1473442,2025,7,4,0,67.25,13.216216216216216,10.565217391304348,-27.13499999999999,1,9,death_plus_v7_gap_mid,0.14057974751908123,0.1772792779033304
1473442,2025,7,5,0,67.25,13.397260273972602,10.340425531914892,-28.95750000000001,1,9,death_plus_v7_gap_mid,0.13523049100900808,0.17183102706057898
1473442,2025,7,6,0,67.25,13.5,10.25,-29.779999999999987,1,9,death_plus_v7_gap_mid,0.12313674179273325,0.15934564283957503
1473442,2025,8,1,0,67.25,13.35211267605634,10.53061224489796,-27.602500000000006,1,9,death_plus_v7_gap_mid,0.13667723664158235,0.16800990173373972
1473442,2025,8,2,0,67.25,13.200000000000001,10.8,-25.424999999999997,1,9,death_plus_v7_gap_mid,0.15318596154840677,0.18466870595958526
1473442,2025,8,3,0,67.25,13.391304347826088,10.588235294117647,-27.247500000000016,1,9,death_plus_v7_gap_mid,0.1515108550530551,0.18299357373723255
1473442,2025,8,4,0,67.25,13.588235294117647,10.384615384615385,-29.069999999999993,1,9,death_plus_v7_gap_mid,0.13855584747090485,0.169923049108945
1473442,2025,8,5,0,67.25,13.701492537313435,10.30188679245283,-29.892499999999984,1,9,death_plus_v7_gap_mid,0.13551097492959902,0.1668198240194979
1473442,2025,8,6,0,67.25,13.81818181818182,10.222222222222221,-30.714999999999975,1,9,death_plus_v7_gap_mid,0.1337028517445129,0.16497112690499965
1473442,2025,8,7,0,67.25,13.938461538461539,10.145454545454545,-31.537499999999994,1,9,death_plus_v7_gap_mid,0.13139483192455265,0.1626047619060418
1473442,2025,9,1,0,67.25,13.384615384615385,10.8,-25.537499999999994,1,9,death_plus_v7_gap_mid,0.1650031732449082,0.20753134839871404
1473442,2025,9,2,0,67.25,13.5,10.714285714285715,-26.36,1,9,death_plus_v7_gap_mid,0.15180503092130293,0.19431495576148503
1473442,2025,9,3,0,67.25,13.619047619047619,10.631578947368421,-27.182500000000005,1,9,death_plus_v7_gap_mid,0.1445703787593805,0.1869628630666121
1473442,2025,9,4,0,67.25,13.741935483870968,10.551724137931034,-28.004999999999967,1,9,death_plus_v7_gap_mid,0.15317010049586086,0.195693366259252
1473442,2025,9,5,0,67.25,13.868852459016395,10.474576271186441,-28.827499999999986,1,9,death_plus_v7_gap_mid,0.14190951697241289,0.18423836871237442
1473442,2025,9,6,0,67.25,14.0,10.4,-29.650000000000006,1,9,death_plus_v7_gap_mid,0.14071935173820352,0.18301606587913827
1473442,2025,10,1,0,67.25,14.135593220338983,10.327868852459016,-30.472499999999997,1,9,death_plus_v7_gap_mid,0.13140178200626845,0.1654828058457823
1473442,2025,10,2,0,67.25,14.172413793103448,10.35483870967742,-30.294999999999987,1,9,death_plus_v7_gap_mid,0.1280866678258375,0.16197182670691843
1473442,2025,10,3,0,67.25,14.315789473684209,10.285714285714285,-31.117500000000007,1,9,death_plus_v7_gap_mid,0.11691973243709251,0.15002432272870567
1473442,2025,10,4,0,67.25,13.92857142857143,10.6875,-26.939999999999998,1,9,death_plus_v7_gap_mid,0.14997573700908837,0.18487844180104016
1473442,2025,10,5,0,67.25,14.07272727272727,10.615384615384615,-27.762500000000017,1,9,death_plus_v7_gap_mid,0.15699644570314095,0.19209726049496897
1473442,2025,10,6,0,67.25,13.666666666666666,11.0,-23.58499999999998,1,9,death_plus_v7_gap_mid,0.1762405023309437,0.2116030689964012
1473442,2025,11,1,0,67.25,13.471698113207548,11.194029850746269,-21.4075,1,9,death_plus_v7_gap_mid,0.20555749822196176,0.24398177044844696
1473442,2025,11,2,0,67.25,13.615384615384615,11.117647058823529,-22.22999999999999,1,9,death_plus_v7_gap_mid,0.20075682153913224,0.23916701874934315
1473442,2025,11,3,0,67.25,13.76470588235294,11.043478260869565,-23.05249999999998,1,9,death_plus_v7_gap_mid,0.19247778569796525,0.2308171755772455
1473442,2025,11,4,0,67.25,13.919999999999998,10.971428571428572,-23.875,1,9,death_plus_v7_gap_mid,0.17814662149406235,0.21621589169423974
1473442,2025,11,5,0,67.25,13.46938775510204,11.32394366197183,-19.69750000000002,1,9,death_plus_v7_gap_mid,0.23085416694767522,0.26904972625141843
1473442,2025,11,6,0,67.25,13.25,11.5,-17.519999999999982,1,9,death_plus_v7_gap_mid,0.25467034449368897,0.29223150436221934
1473442,2025,11,7,0,67.25,13.53191489361702,11.342465753424658,-19.3425,1,9,death_plus_v7_gap_mid,0.24273509579768018,0.2806614224266589
1473442,2025,12,1,0,67.25,12.76595744680851,11.835616438356164,-13.342500000000001,1,9,death_plus_v7_gap_mid,0.3275631923659545,0.35221499302676385
1473442,2025,12,2,0,67.25,12.913043478260867,11.756756756756756,-14.16500000000002,1,9,death_plus_v7_gap_mid,0.32196641094890693,0.34699866217545206
1473442,2025,12,3,0,67.25,13.200000000000001,11.6,-25.099999999999994,2,8,death_plus_v7_gap_mid,0.20810712987026278,0.23793287766605187
1473442,2025,12,4,0,67.25,13.363636363636363,11.526315789473685,-25.72,2,8,death_plus_v7_gap_mid,0.2196533082914247,0.2493077922646695
1473442,2025,12,5,0,67.25,13.11627906976744,11.688311688311689,-23.340000000000003,2,8,death_plus_v7_gap_mid,0.2436564720194467,0.27269247253902534
1473442,2025,12,6,0,67.25,13.142857142857144,11.692307692307692,-22.95999999999998,2,8,death_plus_v7_gap_mid,0.25340587487520383,0.2820981610935963
1473442,2025,13,1,0,67.25,12.585365853658537,12.0,-18.579999999999984,2,8,death_plus_v7_gap_mid,0.3153256672495288,0.33043360236385244
1473442,2025,13,2,0,67.25,12.299999999999999,12.149999999999999,-16.200000000000017,2,8,death_plus_v7_gap_mid,0.35124087398192105,0.364418249794615
1473442,2025,13,3,0,67.25,12.615384615384617,12.0,-17.819999999999993,2,8,death_plus_v7_gap_mid,0.3371926477033067,0.3511579546952179
1473442,2025,13,4,0,67.25,12.0,12.292682926829269,-13.43999999999997,2,8,death_plus_v7_gap_mid,0.3917394085232,0.4024473065483291
1473442,2025,13,5,0,67.25,12.324324324324323,12.14457831325301,-15.060000000000002,2,8,death_plus_v7_gap_mid,0.3847554393742252,0.39590782060548496
1473442,2025,13,6,0,67.25,12.5,12.071428571428571,-15.680000000000007,2,8,death_plus_v7_gap_mid,0.37516585302641686,0.3869166866779463
1473442,2025,14,1,0,67.25,12.685714285714287,12.0,-16.299999999999983,2,8,death_plus_v7_gap_mid,0.36045243475002703,0.36975150594989536
1473442,2025,14,2,0,67.25,12.882352941176471,11.930232558139535,-16.919999999999987,2,8,death_plus_v7_gap_mid,0.3491414997103277,0.3590000641517316
1473442,2025,14,3,0,67.25,13.272727272727272,11.793103448275861,-18.54000000000002,2,8,death_plus_v7_gap_mid,0.3420017958380026,0.35220348200307666
1473442,2025,14,4,0,67.25,13.5,11.727272727272727,-19.159999999999997,2,8,death_plus_v7_gap_mid,0.3338458817011977,0.344429392236754
1473442,2025,14,5,0,67.25,13.935483870967744,11.595505617977528,-20.78,2,8,death_plus_v7_gap_mid,0.30568600553635655,0.3174959875826658
1473442,2025,14,6,0,67.25,14.2,11.533333333333333,-21.400000000000006,2,8,death_plus_v7_gap_mid,0.2984352618992178,0.31053566439863356
1473442,2025,14,7,0,67.25,14.482758620689655,11.472527472527473,-22.019999999999982,2,8,death_plus_v7_gap_mid,0.28197828414641624,0.29469482931121127
1473442,2025,15,1,0,67.25,14.068965517241377,11.604395604395604,-20.019999999999982,2,8,death_plus_v7_gap_mid,0.3084262319538737,0.31887435507544853
1473442,2025,15,2,0,67.25,14.357142857142858,11.543478260869566,-20.640000000000015,2,8,death_plus_v7_gap_mid,0.2873045034562873,0.2983608148018569
1473442,2025,15,3,0,67.25,14.666666666666668,11.483870967741936,-21.25999999999999,2,8,death_plus_v7_gap_mid,0.2633981280839168,0.27503592867747445
1473442,2025,15,4,0,67.25,15.0,11.425531914893618,-21.879999999999995,2,8,death_plus_v7_gap_mid,0.24783721271667392,0.2597850035915256
1473442,2025,15,5,0,67.25,15.36,11.368421052631579,-22.49999999999997,2,8,death_plus_v7_gap_mid,0.23265369269886396,0.2448461727935006
1473442,2025,15,6,0,67.25,15.5,11.375,-22.120000000000005,2,8,death_plus_v7_gap_mid,0.23983883995701633,0.25192296637109163
1473443,2025,7,1,1,-29.0,8.103896103896105,6.697674418604651,-15.7975,1,9,death_plus_v7_gap_mid,0.8424178590955755,0.8014298818599266
1473443,2025,7,2,1,-29.0,8.131578947368421,6.681818181818182,-15.930000000000007,1,9,death_plus_v7_gap_mid,0.8410307853583369,0.8000338285153685
1473443,2025,7,3,1,-29.0,8.24,6.533333333333333,-17.0625,1,9,death_plus_v7_gap_mid,0.8205989400719174,0.7797532161250093
1473443,2025,7,4,1,-29.0,8.27027027027027,6.521739130434782,-17.194999999999993,1,9,death_plus_v7_gap_mid,0.8160102957441036,0.7752666914266909
1473443,2025,7,5,1,-29.0,8.301369863013699,6.51063829787234,-17.3275,1,9,death_plus_v7_gap_mid,0.8201251898587549,0.7792889131543045
1473443,2025,7,6,1,-29.0,8.083333333333334,6.875,-14.459999999999994,1,9,death_plus_v7_gap_mid,0.8398469744837913,0.7988443898985705
1473443,2025,8,1,1,-29.0,8.112676056338028,6.857142857142857,-14.592500000000001,1,9,death_plus_v7_gap_mid,0.8569235262730182,0.8216128465018098
1473443,2025,8,2,1,-29.0,8.142857142857142,6.84,-14.724999999999994,1,9,death_plus_v7_gap_mid,0.8537172754607103,0.8183207152530624
1473443,2025,8,3,1,-29.0,8.173913043478262,6.823529411764706,-14.857500000000002,1,9,death_plus_v7_gap_mid,0.856496076700684,0.821173157244956
1473443,2025,8,4,1,-29.0,8.205882352941178,6.8076923076923075,-14.989999999999995,1,9,death_plus_v7_gap_mid,0.844171917002475,0.8085979434307563
1473443,2025,8,5,1,-29.0,8.238805970149254,6.7924528301886795,-15.122499999999988,1,9,death_plus_v7_gap_mid,0.8505740429816303,0.8151063503270874
1473443,2025,8,6,1,-29.0,8.272727272727273,6.777777777777777,-15.254999999999981,1,9,death_plus_v7_gap_mid,0.8460438924364958,0.8104957504551064
1473443,2025,9,1,1,-29.0,8.399999999999999,6.654545454545454,-16.38749999999999,1,9,death_plus_v7_gap_mid,0.8386514733175291,0.7987136892870652
1473443,2025,9,2,1,-29.0,8.53125,6.535714285714285,-17.519999999999996,1,9,death_plus_v7_gap_mid,0.8304394816801225,0.790646187014922
1473443,2025,9,3,1,-29.0,8.095238095238095,7.052631578947369,-12.65249999999999,1,9,death_plus_v7_gap_mid,0.8711299668771016,0.8315579569466505
1473443,2025,9,4,1,-29.0,8.032258064516128,7.137931034482759,-11.784999999999982,1,9,death_plus_v7_gap_mid,0.8771536109758467,0.8378385028847743
1473443,2025,9,5,1,-29.0,8.065573770491802,7.11864406779661,-11.917500000000004,1,9,death_plus_v7_gap_mid,0.8773238443070714,0.83801696519018
1473443,2025,9,6,1,-29.0,8.2,7.0,-13.050000000000011,1,9,death_plus_v7_gap_mid,0.8742641168917512,0.834817539494529
1473443,2025,10,1,1,-29.0,8.338983050847459,6.885245901639344,-21.60666666666667,2,8,death_plus_v7_gap_mid,0.8201957023551194,0.7952564752088328
1473443,2025,10,2,1,-29.0,8.379310344827587,6.870967741935484,-21.61333333333333,2,8,death_plus_v7_gap_mid,0.8287956083792769,0.8035797446275197
1473443,2025,10,3,1,-29.0,8.421052631578947,6.857142857142857,-21.620000000000005,2,8,death_plus_v7_gap_mid,0.8377774503047477,0.8123416055595953
1473443,2025,10,4,1,-29.0,8.464285714285715,6.84375,-21.62666666666668,2,8,death_plus_v7_gap_mid,0.8282226327258939,0.8030232427552103
1473443,2025,10,5,1,-29.0,7.963636363636365,7.292307692307691,-16.633333333333326,2,8,death_plus_v7_gap_mid,0.8727674853178831,0.8472529000650845
1473443,2025,10,6,1,-29.0,8.0,7.272727272727273,-16.639999999999986,2,8,death_plus_v7_gap_mid,0.8697687824435958,0.8442063818143738
1473443,2025,11,1,1,-29.0,7.471698113207546,7.701492537313433,-11.646666666666675,2,8,death_plus_v7_gap_mid,0.9077761143556392,0.8902655293423234
1473443,2025,11,2,1,-29.0,7.5,7.6764705882352935,-11.653333333333336,2,8,death_plus_v7_gap_mid,0.9054705682646078,0.8878854736085996
1473443,2025,11,3,1,-29.0,7.529411764705882,7.652173913043478,-11.659999999999982,2,8,death_plus_v7_gap_mid,0.8988414627597361,0.8810854139756369
1473443,2025,11,4,1,-29.0,7.68,7.542857142857143,-12.666666666666657,2,8,death_plus_v7_gap_mid,0.9019620387024423,0.8842786505359191
1473443,2025,11,5,1,-29.0,7.714285714285715,7.521126760563381,-12.673333333333332,2,8,death_plus_v7_gap_mid,0.9006807645313946,0.8829658927085252
1473443,2025,11,6,1,-29.0,7.75,7.5,-12.679999999999993,2,8,death_plus_v7_gap_mid,0.8933111926414516,0.8754589311996774
1473443,2025,12,1,1,-29.0,7.404255319148936,7.726027397260275,-9.686666666666667,2,8,death_plus_v7_gap_mid,0.9194082931554504,0.9024984786980199
1473443,2025,12,2,1,-29.0,7.434782608695652,7.702702702702703,-9.693333333333342,2,8,death_plus_v7_gap_mid,0.921537325552322,0.9047749369824275
1473443,2025,12,3,1,-29.0,7.066666666666666,7.92,-6.699999999999989,2,8,death_plus_v7_gap_mid,0.9417014676246704,0.9267565670336232
1473443,2025,12,4,1,-29.0,7.090909090909092,7.894736842105264,-6.7066666666666634,2,8,death_plus_v7_gap_mid,0.942153723788196,0.9272594296103225
1473443,2025,12,5,1,-29.0,7.116279069767442,7.870129870129871,-6.713333333333338,2,8,death_plus_v7_gap_mid,0.9402454921464465,0.9251409197248996
1473443,2025,12,6,1,-29.0,7.0,7.923076923076923,-5.719999999999999,2,8,death_plus_v7_gap_mid,0.9525326525556206,0.9389419856614523
1473443,2025,13,1,1,-29.0,7.024390243902438,7.898734177215189,-5.7266666666666595,2,8,death_plus_v7_gap_mid,0.9470960919285991,0.9363070970650298
1473443,2025,13,2,1,-29.0,7.050000000000001,7.875,-5.7333333333333485,2,8,death_plus_v7_gap_mid,0.9491290223336908,0.9385547040870205
1473443,2025,13,3,1,-29.0,7.076923076923077,7.851851851851852,-5.739999999999995,2,8,death_plus_v7_gap_mid,0.9467145085345234,0.9358860906669221
1473443,2025,13,4,1,-29.0,7.105263157894736,7.829268292682928,-5.7466666666666555,2,8,death_plus_v7_gap_mid,0.9471897929696086,0.9364105203907059
1473443,2025,13,5,1,-29.0,7.135135135135135,7.80722891566265,-5.75333333333333,2,8,death_plus_v7_gap_mid,0.9429059280587295,0.9316985585729892
1473443,2025,13,6,1,-29.0,7.166666666666666,7.7857142857142865,-5.760000000000005,2,8,death_plus_v7_gap_mid,0.9454844702554172,0.934530805330792
1473443,2025,14,1,1,-29.0,7.199999999999999,7.764705882352942,-5.7666666666666515,2,8,death_plus_v7_gap_mid,0.9426384475505791,0.933101226679745
1473443,2025,14,2,1,-29.0,7.235294117647058,7.744186046511628,-5.773333333333326,2,8,death_plus_v7_gap_mid,0.9390979968773745,0.9292700475013597
1473443,2025,14,3,1,-29.0,7.272727272727273,7.724137931034482,-5.780000000000001,2,8,death_plus_v7_gap_mid,0.9418147640065673,0.9322083396860549
1473443,2025,14,4,1,-29.0,7.3125,7.704545454545455,-5.786666666666662,2,8,death_plus_v7_gap_mid,0.9389221976540514,0.929080262148549
1473443,2025,14,5,1,-29.0,7.35483870967742,7.685393258426966,-5.7933333333333366,2,8,death_plus_v7_gap_mid,0.9418289099062327,0.9322236659472269
1473443,2025,14,6,1,-29.0,6.8,7.866666666666667,-2.8000000000000114,2,8,death_plus_v7_gap_mid,0.9568463496538736,0.9486693634819815
1473443,2025,15,1,1,-29.0,6.206896551724139,8.043956043956044,0.19333333333334224,2,8,death_plus_v7_gap_mid,0.9786197795488445,0.97465487154051
1473443,2025,15,2,1,-29.0,6.428571428571429,7.956521739130434,-0.8133333333333326,2,8,death_plus_v7_gap_mid,0.9712130818321545,0.966402054438858
1473443,2025,15,3,1,-29.0,6.444444444444445,7.935483870967742,-0.8199999999999932,2,8,death_plus_v7_gap_mid,0.9707357617082633,0.9658746241428952
1473443,2025,15,4,1,-29.0,6.6923076923076925,7.851063829787234,-1.826666666666668,2,8,death_plus_v7_gap_mid,0.9608686270414041,0.9550701521049744
1473443,2025,15,5,1,-29.0,6.720000000000001,7.831578947368421,-1.8333333333333286,2,8,death_plus_v7_gap_mid,0.960277202145994,0.9544279260857514
1473443,2025,15,6,1,-29.0,6.75,7.8125,-1.8399999999999892,2,8,death_plus_v7_gap_mid,0.9615233581287632,0.9557817750318555
1473444,2025,7,1,1,-5.357142857142861,7.324675324675324,13.534883720930232,16.72500000000001,1,9,death_plus_v7_gap_mid,0.9348074700059784,0.9024194391107596
1473444,2025,7,2,1,-5.357142857142861,7.342105263157894,13.363636363636363,16.299999999999997,1,9,death_plus_v7_gap_mid,0.9358444176126114,0.9036806478324297
1473444,2025,7,3,1,-5.357142857142861,7.120000000000001,13.6,18.875,1,9,death_plus_v7_gap_mid,0.9478330748008754,0.9185899239280494
1473444,2025,7,4,1,-5.357142857142861,7.135135135135135,13.434782608695652,18.450000000000003,1,9,death_plus_v7_gap_mid,0.9502991809575516,0.9217395447146198
1473444,2025,7,5,1,-5.357142857142861,7.15068493150685,13.27659574468085,18.02499999999999,1,9,death_plus_v7_gap_mid,0.9535778416940281,0.9259763412708887
1473444,2025,7,6,1,-5.357142857142861,7.166666666666666,13.125,17.60000000000001,1,9,death_plus_v7_gap_mid,0.9571556649620943,0.9306689048831381
1473444,2025,7,7,1,-5.357142857142861,7.183098591549296,12.979591836734695,17.174999999999997,1,9,death_plus_v7_gap_mid,0.9581371274863677,0.9319696101122725
1473444,2025,7,8,1,-5.357142857142861,6.942857142857143,13.200000000000001,19.75,1,9,death_plus_v7_gap_mid,0.9696812712262044,0.9477740024219572
1473444,2025,7,9,1,-5.357142857142861,6.9565217391304355,13.058823529411764,19.32499999999999,1,9,death_plus_v7_gap_mid,0.9702152249415072,0.9485307597076296
1473444,2025,8,1,1,-5.357142857142861,6.507042253521128,13.959183673469386,25.174999999999997,1,9,death_plus_v7_gap_mid,0.9762421026741086,0.9602624168910124
1473444,2025,8,2,1,-5.357142857142861,6.514285714285714,13.799999999999999,24.75,1,9,death_plus_v7_gap_mid,0.9763745447043239,0.9604500512027853
1473444,2025,8,3,1,-5.357142857142861,6.260869565217391,14.0,27.32499999999999,1,9,death_plus_v7_gap_mid,0.9773991770960682,0.9619075891659894
1473444,2025,8,4,1,-5.357142857142861,6.264705882352942,13.846153846153845,26.900000000000006,1,9,death_plus_v7_gap_mid,0.9782391953855208,0.9631105739738816
1473444,2025,8,5,1,-5.357142857142861,6.35820895522388,13.584905660377359,14.866666666666688,2,8,death_plus_v7_gap_mid,0.9662678833837937,0.9465641752171299
1473444,2025,8,6,1,-5.357142857142861,6.454545454545454,13.333333333333334,13.600000000000009,2,8,death_plus_v7_gap_mid,0.9507324724608561,0.9265152923470179
1473444,2025,8,7,1,-5.357142857142861,6.553846153846154,13.09090909090909,12.333333333333343,2,8,death_plus_v7_gap_mid,0.9563287335734723,0.9335897626114769
1473444,2025,9,1,1,-5.357142857142861,6.184615384615384,13.527272727272727,16.333333333333343,2,8,death_plus_v7_gap_mid,0.9636815185857706,0.9389740806443088
1473444,2025,9,2,1,-5.357142857142861,6.1875,13.392857142857142,16.066666666666677,2,8,death_plus_v7_gap_mid,0.9660432815096403,0.9422105058187732
1473444,2025,9,3,1,-5.357142857142861,6.190476190476192,13.263157894736842,15.800000000000011,2,8,death_plus_v7_gap_mid,0.9667005949329635,0.9431193192794455
1473444,2025,9,4,1,-5.357142857142861,6.193548387096774,13.137931034482758,15.533333333333331,2,8,death_plus_v7_gap_mid,0.9715238778349699,0.9499056025891186
1473444,2025,9,5,1,-5.357142857142861,6.19672131147541,13.016949152542374,15.26666666666668,2,8,death_plus_v7_gap_mid,0.9725874758195283,0.9514322073605413
1473444,2025,9,6,1,-5.357142857142861,6.200000000000001,12.899999999999999,15.0,2,8,death_plus_v7_gap_mid,0.9742121209636738,0.9537872492092534
1473444,2025,10,1,1,-5.357142857142861,6.305084745762713,12.688524590163933,13.733333333333334,2,8,death_plus_v7_gap_mid,0.9748123720329431,0.9617393857681246
1473444,2025,10,2,1,-5.357142857142861,6.310344827586206,12.580645161290322,13.466666666666669,2,8,death_plus_v7_gap_mid,0.9750685517955087,0.9620749380388642
1473444,2025,10,3,1,-5.357142857142861,6.0,12.761904761904763,16.200000000000003,2,8,death_plus_v7_gap_mid,0.9788711781413912,0.9671185402860512
1473444,2025,10,4,1,-5.357142857142861,5.678571428571429,12.9375,18.933333333333323,2,8,death_plus_v7_gap_mid,0.9827588375901217,0.9724136365308053
1473444,2025,10,5,1,-5.357142857142861,5.781818181818181,12.73846153846154,17.66666666666667,2,8,death_plus_v7_gap_mid,0.9828112163010134,0.9724860751477027
1473444,2025,10,6,1,-5.357142857142861,5.888888888888889,12.545454545454545,7.849999999999994,3,7,death_plus_v7_gap_mid,0.9675100199879365,0.9523667329244108
1473444,2025,10,7,1,-5.357142857142861,6.0,12.358208955223882,6.741666666666646,3,7,death_plus_v7_gap_mid,0.96138711212778,0.9447517876148559
1473444,2025,11,1,1,-5.357142857142861,5.320754716981132,12.895522388059701,12.741666666666646,3,7,death_plus_v7_gap_mid,0.9705562993198418,0.9594749804386247
1473444,2025,11,2,1,-5.357142857142861,5.423076923076923,12.705882352941178,11.633333333333326,3,7,death_plus_v7_gap_mid,0.9727729397852563,0.9621611649738612
1473444,2025,11,3,1,-5.357142857142861,5.529411764705882,12.521739130434781,10.525000000000006,3,7,death_plus_v7_gap_mid,0.974117397320231,0.9638041909053037
1473444,2025,11,4,1,-5.357142857142861,5.5200000000000005,12.42857142857143,10.416666666666686,3,7,death_plus_v7_gap_mid,0.9755470561604159,0.9655635334922604
1473444,2025,11,5,1,-5.357142857142861,5.142857142857142,12.591549295774648,13.308333333333337,3,7,death_plus_v7_gap_mid,0.9798359246852679,0.9709251382834949
1473444,2025,11,6,1,-5.357142857142861,5.25,12.416666666666668,12.200000000000017,3,7,death_plus_v7_gap_mid,0.9808153855487808,0.972169177145252
1473444,2025,12,1,1,-5.357142857142861,5.23404255319149,12.328767123287673,12.091666666666669,3,7,death_plus_v7_gap_mid,0.9837137676350705,0.9764181658798223
1473444,2025,12,2,1,-5.357142857142861,5.217391304347826,12.243243243243242,11.98333333333332,3,7,death_plus_v7_gap_mid,0.9837067333449128,0.9764090787512018
1473444,2025,12,3,1,-5.357142857142861,5.2,12.16,11.875,3,7,death_plus_v7_gap_mid,0.9842185632579044,0.9770714459635014
1473444,2025,12,4,1,-5.357142857142861,5.181818181818182,12.078947368421051,11.766666666666652,3,7,death_plus_v7_gap_mid,0.9836551414725616,0.9763424441766697
1473444,2025,12,5,1,-5.357142857142861,5.162790697674419,12.0,11.658333333333303,3,7,death_plus_v7_gap_mid,0.9853377213774138,0.9785283260153865
1473444,2025,12,6,1,-5.357142857142861,5.285714285714286,11.846153846153847,3.9000000000000057,4,6,death_plus_v7_gap_mid,0.9559027855573059,0.9428000351752447
1473444,2025,13,1,1,-5.357142857142861,5.2682926829268295,11.772151898734178,3.9499999999999886,4,6,death_plus_v7_gap_mid,0.9497518068788575,0.9392448509032808
1473444,2025,13,2,1,-5.357142857142861,5.25,11.7,4.0,4,6,death_plus_v7_gap_mid,0.9486169417895831,0.9379878018644672
1473444,2025,13,3,1,-5.357142857142861,5.230769230769231,11.62962962962963,4.050000000000011,4,6,death_plus_v7_gap_mid,0.9506481708400374,0.9402395137466174
1473444,2025,13,4,1,-5.357142857142861,4.7368421052631575,11.78048780487805,7.099999999999994,4,6,death_plus_v7_gap_mid,0.9734565531592432,0.9661986287038552
1473444,2025,13,5,1,-5.357142857142861,4.702702702702703,11.710843373493976,7.150000000000006,4,6,death_plus_v7_gap_mid,0.9740472371435701,0.9668915844784811
1473444,2025,13,6,1,-5.357142857142861,4.666666666666667,11.642857142857142,7.199999999999989,4,6,death_plus_v7_gap_mid,0.9758119691508684,0.9689699264654192
1473444,2025,14,1,1,-5.357142857142861,4.628571428571429,11.576470588235294,7.25,4,6,death_plus_v7_gap_mid,0.978028923236941,0.9726560499245219
1473444,2025,14,2,1,-5.357142857142861,4.764705882352941,11.44186046511628,0.9166666666666572,5,5,death_plus_v7_gap_mid,0.9366118487860855,0.9265899355142484
1473444,2025,14,3,1,-5.357142857142861,4.727272727272727,11.379310344827587,1.125,5,5,death_plus_v7_gap_mid,0.9318763163009791,0.9215069206322317
1473444,2025,14,4,1,-5.357142857142861,4.6875,11.318181818181818,1.3333333333333144,5,5,death_plus_v7_gap_mid,0.9353814122127659,0.9252664940486385
1473444,2025,14,5,1,-5.357142857142861,4.064516129032258,11.460674157303371,4.541666666666657,5,5,death_plus_v7_gap_mid,0.9433899586989267,0.9339167260265385
1473444,2025,14,6,1,-5.357142857142861,4.199999999999999,11.333333333333332,3.75,5,5,death_plus_v7_gap_mid,0.9530063136534125,0.944428362161523
1473444,2025,14,7,1,-5.357142857142861,3.1034482758620694,11.604395604395604,8.958333333333343,5,5,death_plus_v7_gap_mid,0.9706056072236927,0.9641157961659047
1473444,2025,15,1,1,-5.357142857142861,2.896551724137931,11.67032967032967,9.958333333333343,5,5,death_plus_v7_gap_mid,0.9724115741990085,0.9677285486752311
1473444,2025,15,2,1,-5.357142857142861,1.7142857142857142,11.934782608695652,15.166666666666686,5,5,death_plus_v7_gap_mid,0.9775304964820429,0.9734323430590446
1473444,2025,15,3,1,-5.357142857142861,0.8888888888888888,12.064516129032258,18.375,5,5,death_plus_v7_gap_mid,0.9833926509838745,0.9800544154928397
1473444,2025,15,4,1,-5.357142857142861,0.6923076923076923,12.0,18.583333333333343,5,5,death_plus_v7_gap_mid,0.9845224213193958,0.9813440502304909
1473444,2025,15,5,1,-5.357142857142861,0.48,11.936842105263157,18.791666666666657,5,5,death_plus_v7_gap_mid,0.9856411237866104,0.9826260243740694
1473444,2025,15,6,1,-5.357142857142861,0.5,11.8125,18.0,5,5,death_plus_v7_gap_mid,0.985535741141547,0.9825050403308511
1473445,2025,7,1,0,31.60714285714286,12.233766233766232,5.5813953488372094,-67.96333333333332,3,7,death_plus_v7_gap_mid,0.04509583350257146,0.07050942733225608
1473445,2025,7,2,0,31.60714285714286,12.315789473684212,5.590909090909091,-68.10666666666665,3,7,death_plus_v7_gap_mid,0.042946179042018244,0.06774697494839636
1473445,2025,7,3,0,31.60714285714286,12.400000000000002,5.6,-68.25,3,7,death_plus_v7_gap_mid,0.041478032583157395,0.06584473906435222
1473445,2025,7,4,0,31.60714285714286,12.486486486486488,5.608695652173913,-68.39333333333335,3,7,death_plus_v7_gap_mid,0.042213476377805204,0.06679925175772461
1473445,2025,7,5,0,31.60714285714286,12.493150684931507,5.74468085106383,-67.53666666666668,3,7,death_plus_v7_gap_mid,0.042839959426497515,0.06760978144645646
1473445,2025,7,6,0,31.60714285714286,12.666666666666668,5.625,-68.68,3,7,death_plus_v7_gap_mid,0.04122738690873926,0.06551867888976881
1473445,2025,8,1,0,31.60714285714286,12.760563380281688,5.63265306122449,-68.82333333333335,3,7,death_plus_v7_gap_mid,0.041598321882508185,0.062175390976892855
1473445,2025,8,2,0,31.60714285714286,12.857142857142858,5.64,-68.96666666666667,3,7,death_plus_v7_gap_mid,0.040049268800841725,0.06021908142481541
1473445,2025,8,3,0,31.60714285714286,12.695652173913043,6.0,-66.11,3,7,death_plus_v7_gap_mid,0.053798374668310764,0.07718569014344571
1473445,2025,8,4,0,31.60714285714286,12.794117647058822,6.0,-66.25333333333334,3,7,death_plus_v7_gap_mid,0.0564262312874964,0.0803373921870293
1473445,2025,8,5,0,31.60714285714286,12.985074626865671,5.886792452830189,-78.34,4,6,death_plus_v7_gap_mid,0.024383488033575134,0.03959382351317343
1473445,2025,8,6,0,31.60714285714286,13.09090909090909,5.888888888888889,-78.32,4,6,death_plus_v7_gap_mid,0.027984558272814188,0.04449177400335379
1473445,2025,9,1,0,31.60714285714286,13.292307692307693,5.781818181818181,-79.30000000000001,4,6,death_plus_v7_gap_mid,0.02741635800742763,0.04932529364426328
1473445,2025,9,2,0,31.60714285714286,12.9375,6.321428571428571,-74.28,4,6,death_plus_v7_gap_mid,0.03843116590620353,0.06485745470520665
1473445,2025,9,3,0,31.60714285714286,13.142857142857144,6.210526315789474,-75.26000000000002,4,6,death_plus_v7_gap_mid,0.03822246876110015,0.06457254887099893
1473445,2025,9,4,0,31.60714285714286,12.96774193548387,6.517241379310345,-72.23999999999998,4,6,death_plus_v7_gap_mid,0.0463830289545209,0.0754900750577549
1473445,2025,9,5,0,31.60714285714286,13.081967213114755,6.508474576271187,-72.22,4,6,death_plus_v7_gap_mid,0.044234677616390244,0.07265805550901125
1473445,2025,9,6,0,31.60714285714286,13.200000000000001,6.5,-72.19999999999999,4,6,death_plus_v7_gap_mid,0.04367329568970206,0.07191329655501383
1473445,2025,10,1,0,31.60714285714286,13.322033898305083,6.491803278688526,-72.18,4,6,death_plus_v7_gap_mid,0.04319545060870539,0.06452026413403822
1473445,2025,10,2,0,31.60714285714286,13.551724137931036,6.387096774193548,-73.16,4,6,death_plus_v7_gap_mid,0.039205850363557976,0.05939294728487262
1473445,2025,10,3,0,31.60714285714286,13.68421052631579,6.380952380952381,-73.14000000000001,4,6,death_plus_v7_gap_mid,0.03585426260418208,0.055021560488256904
1473445,2025,10,4,0,31.60714285714286,13.82142857142857,6.375,-73.12,4,6,death_plus_v7_gap_mid,0.0356467802878722,0.054748889663368924
1473445,2025,10,5,0,31.60714285714286,13.963636363636363,6.36923076923077,-73.10000000000002,4,6,death_plus_v7_gap_mid,0.03419300660439406,0.05283129691969374
1473445,2025,10,6,0,31.60714285714286,13.777777777777779,6.636363636363636,-70.07999999999998,4,6,death_plus_v7_gap_mid,0.05050915332224302,0.073729071625734
1473445,2025,11,1,0,31.60714285714286,14.037735849056602,6.537313432835822,-71.06000000000003,4,6,death_plus_v7_gap_mid,0.04306541556175256,0.06410764073532327
1473445,2025,11,2,0,31.60714285714286,14.307692307692307,6.4411764705882355,-72.03999999999999,4,6,death_plus_v7_gap_mid,0.03744317747521302,0.05678100463902523
1473445,2025,11,3,0,31.60714285714286,14.470588235294116,6.434782608695652,-72.02000000000001,4,6,death_plus_v7_gap_mid,0.03129039493133681,0.04857653084904307
1473445,2025,11,4,0,31.60714285714286,14.76,6.342857142857143,-73.0,4,6,death_plus_v7_gap_mid,0.028893256184942238,0.04531957244007536
1473445,2025,11,5,0,31.60714285714286,14.938775510204081,6.338028169014084,-72.97999999999999,4,6,death_plus_v7_gap_mid,0.028233025764955875,0.044415954344065714
1473445,2025,11,6,0,31.60714285714286,15.25,6.25,-73.96000000000001,4,6,death_plus_v7_gap_mid,0.02532614288977729,0.04040120586430447
1473445,2025,12,1,0,31.60714285714286,15.574468085106382,6.164383561643836,-82.61666666666667,5,5,death_plus_v7_gap_mid,0.011584106366351843,0.018713985032193067
1473445,2025,12,2,0,31.60714285714286,15.913043478260867,6.081081081081082,-83.43333333333334,5,5,death_plus_v7_gap_mid,0.00985222594887418,0.01619500121968746
1473445,2025,12,3,0,31.60714285714286,16.133333333333333,6.08,-83.25,5,5,death_plus_v7_gap_mid,0.009524822899404312,0.01571344648500657
1473445,2025,12,4,0,31.60714285714286,15.954545454545455,6.315789473684211,-80.06666666666666,5,5,death_plus_v7_gap_mid,0.012482121240406582,0.02000306656209441
1473445,2025,12,5,0,31.60714285714286,16.325581395348838,6.233766233766233,-87.90666666666667,6,4,death_plus_v7_gap_mid,0.005158120716656486,0.009079165412888165
1473445,2025,12,6,0,31.60714285714286,16.57142857142857,6.230769230769232,-87.56,6,4,death_plus_v7_gap_mid,0.005151508830565253,0.009068744935858165
1473445,2025,13,1,0,31.60714285714286,16.829268292682926,6.227848101265822,-87.21333333333331,6,4,death_plus_v7_gap_mid,0.004929064143122211,0.007326006450366451
1473445,2025,13,2,0,31.60714285714286,16.950000000000003,6.300000000000001,-85.86666666666667,6,4,death_plus_v7_gap_mid,0.004984387088124731,0.00740203665120303
1473445,2025,13,3,0,31.60714285714286,17.23076923076923,6.296296296296296,-85.52000000000001,6,4,death_plus_v7_gap_mid,0.004881535822885727,0.007260636036180697
1473445,2025,13,4,0,31.60714285714286,17.526315789473685,6.2926829268292686,-85.17333333333332,6,4,death_plus_v7_gap_mid,0.004680494464660128,0.006983577055269826
1473445,2025,13,5,0,31.60714285714286,17.83783783783784,6.289156626506024,-84.82666666666668,6,4,death_plus_v7_gap_mid,0.0046005848344961445,0.006873200449665434
1473445,2025,13,6,0,31.60714285714286,18.166666666666664,6.2857142857142865,-84.47999999999999,6,4,death_plus_v7_gap_mid,0.0044153972069478735,0.0066168371159721654
1473445,2025,14,1,0,31.60714285714286,18.514285714285716,6.282352941176471,-84.13333333333333,6,4,death_plus_v7_gap_mid,0.004469149387285567,0.006221401502852963
1473445,2025,14,2,0,31.60714285714286,18.705882352941178,6.348837209302326,-82.78666666666669,6,4,death_plus_v7_gap_mid,0.004530501228812521,0.006301463784637504
1473445,2025,14,3,0,31.60714285714286,19.272727272727273,6.275862068965517,-83.44,6,4,death_plus_v7_gap_mid,0.004266647500838759,0.005956641265786669
1473445,2025,14,4,0,31.60714285714286,19.6875,6.2727272727272725,-83.09333333333333,6,4,death_plus_v7_gap_mid,0.004187451654890611,0.005852881898126044
1473445,2025,14,5,0,31.60714285714286,19.935483870967744,6.337078651685393,-81.74666666666667,6,4,death_plus_v7_gap_mid,0.004359522759512318,0.0060781674604199806
1473445,2025,14,6,0,31.60714285714286,19.799999999999997,6.533333333333333,-78.4,6,4,death_plus_v7_gap_mid,0.005214770806754763,0.007189948867237679
1473445,2025,15,1,0,31.60714285714286,20.275862068965516,6.527472527472527,-78.05333333333334,6,4,death_plus_v7_gap_mid,0.005131364233487905,0.006664805003091314
1473445,2025,15,2,0,31.60714285714286,21.0,6.456521739130434,-83.28,7,3,death_plus_v7_gap_mid,0.003943257195567749,0.005188737651133531
1473445,2025,15,3,0,31.60714285714286,21.77777777777778,6.387096774193548,-83.77000000000001,7,3,death_plus_v7_gap_mid,0.003977323912949406,0.005231346014650674
1473445,2025,15,4,0,31.60714285714286,22.153846153846153,6.446808510638299,-82.26000000000002,7,3,death_plus_v7_gap_mid,0.003936111180576246,0.0051797975516802985
1473445,2025,15,5,0,31.60714285714286,23.04,6.378947368421052,-82.75,7,3,death_plus_v7_gap_mid,0.003928990485369694,0.005170888317062283
1473445,2025,15,6,0,31.60714285714286,24.0,6.3125,-83.23999999999998,7,3,death_plus_v7_gap_mid,0.00387769321435972,0.005106682381267626
1473446,2025,7,1,0,17.560000000000002,11.064935064935064,7.674418604651163,-40.386666666666656,2,8,death_plus_v7_gap_mid,0.11794032211614373,0.15390405267170587
1473446,2025,7,2,0,17.560000000000002,10.894736842105264,8.045454545454545,-37.69333333333333,2,8,death_plus_v7_gap_mid,0.13409164968400417,0.17066543400802262
1473446,2025,7,3,0,17.560000000000002,10.96,8.0,-38.0,2,8,death_plus_v7_gap_mid,0.1369179682123105,0.17355443841240786
1473446,2025,7,4,0,17.560000000000002,11.027027027027028,7.956521739130434,-38.30666666666666,2,8,death_plus_v7_gap_mid,0.13436346118068443,0.17094381498534922
1473446,2025,7,5,0,17.560000000000002,10.684931506849315,8.553191489361701,-33.613333333333344,2,8,death_plus_v7_gap_mid,0.20326934532126067,0.23842099692013435
1473446,2025,7,6,0,17.560000000000002,10.75,8.5,-33.92,2,8,death_plus_v7_gap_mid,0.17742620425557232,0.21375302501021362
1473446,2025,7,7,0,17.560000000000002,10.816901408450704,8.448979591836736,-34.22666666666666,2,8,death_plus_v7_gap_mid,0.17983606025473348,0.2160818958960098
1473446,2025,8,1,0,17.560000000000002,10.563380281690142,8.816326530612246,-31.22666666666666,2,8,death_plus_v7_gap_mid,0.25130489754124824,0.27828879892881736
1473446,2025,8,2,0,17.560000000000002,10.628571428571428,8.76,-31.533333333333303,2,8,death_plus_v7_gap_mid,0.24764734061231786,0.2749244711623786
1473446,2025,8,3,0,17.560000000000002,10.695652173913043,8.705882352941176,-31.840000000000003,2,8,death_plus_v7_gap_mid,0.250707854117615,0.2777401423212244
1473446,2025,8,4,0,17.560000000000002,10.764705882352942,8.653846153846153,-32.14666666666666,2,8,death_plus_v7_gap_mid,0.2275945395591054,0.256336173817327
1473446,2025,8,5,0,17.560000000000002,10.835820895522389,8.60377358490566,-32.45333333333332,2,8,death_plus_v7_gap_mid,0.24837015600594253,0.2755899464162264
1473446,2025,8,6,0,17.560000000000002,10.636363636363637,8.88888888888889,-29.75999999999999,2,8,death_plus_v7_gap_mid,0.3037310141995551,0.3257664714911713
1473446,2025,9,1,0,17.560000000000002,10.707692307692309,8.836363636363636,-30.066666666666663,2,8,death_plus_v7_gap_mid,0.2938719697856551,0.3272393248430932
1473446,2025,9,2,0,17.560000000000002,10.78125,8.785714285714285,-30.37333333333332,2,8,death_plus_v7_gap_mid,0.2864678216946933,0.32069432789913493
1473446,2025,9,3,0,17.560000000000002,10.857142857142858,8.736842105263158,-30.679999999999993,2,8,death_plus_v7_gap_mid,0.29372558513383323,0.3271102133343432
1473446,2025,9,4,0,17.560000000000002,10.838709677419354,8.793103448275861,-29.986666666666665,2,8,death_plus_v7_gap_mid,0.3139339418694254,0.34483107653340445
1473446,2025,9,5,0,17.560000000000002,10.918032786885245,8.745762711864407,-30.293333333333322,2,8,death_plus_v7_gap_mid,0.304217283701178,0.3363357350956914
1473446,2025,9,6,0,17.560000000000002,11.100000000000001,8.6,-31.599999999999994,2,8,death_plus_v7_gap_mid,0.29991769802491014,0.3325618544360382
1473446,2025,10,1,0,17.560000000000002,11.1864406779661,8.557377049180328,-31.906666666666666,2,8,death_plus_v7_gap_mid,0.2643420518655557,0.29682772095081983
1473446,2025,10,2,0,17.560000000000002,11.275862068965518,8.516129032258064,-32.213333333333324,2,8,death_plus_v7_gap_mid,0.26593433981787923,0.29831958162760475
1473446,2025,10,3,0,17.560000000000002,10.842105263157896,8.952380952380953,-27.519999999999996,2,8,death_plus_v7_gap_mid,0.37874226244268316,0.40112755638701825
1473446,2025,10,4,0,17.560000000000002,10.928571428571429,8.90625,-27.826666666666668,2,8,death_plus_v7_gap_mid,0.36298914864933673,0.3870472611033187
1473446,2025,10,5,0,17.560000000000002,11.01818181818182,8.861538461538462,-28.133333333333326,2,8,death_plus_v7_gap_mid,0.35767138829230477,0.3822779437675924
1473446,2025,10,6,0,17.560000000000002,11.222222222222223,8.727272727272727,-29.439999999999984,2,8,death_plus_v7_gap_mid,0.34979836758195965,0.3752007681469704
1473446,2025,10,7,0,17.560000000000002,11.320754716981131,8.686567164179104,-29.746666666666684,2,8,death_plus_v7_gap_mid,0.32440634298124105,0.3522320472394954
1473446,2025,11,1,0,17.560000000000002,11.320754716981131,8.686567164179104,-29.746666666666684,2,8,death_plus_v7_gap_mid,0.32769047208672775,0.36128210077661577
1473446,2025,11,2,0,17.560000000000002,11.538461538461538,8.558823529411764,-31.05333333333334,2,8,death_plus_v7_gap_mid,0.3066709288728943,0.3416766694093739
1473446,2025,11,3,0,17.560000000000002,11.76470588235294,8.434782608695652,-40.69,3,7,death_plus_v7_gap_mid,0.16792805221832705,0.205682047410452
1473446,2025,11,4,0,17.560000000000002,12.0,8.314285714285713,-41.833333333333314,3,7,death_plus_v7_gap_mid,0.17003272908527986,0.20786043491434986
1473446,2025,11,5,0,17.560000000000002,12.0,8.366197183098592,-40.97666666666666,3,7,death_plus_v7_gap_mid,0.18661542089614497,0.22486760817140616
1473446,2025,11,6,0,17.560000000000002,12.25,8.25,-42.120000000000005,3,7,death_plus_v7_gap_mid,0.17932516808904095,0.21742404116113953
1473446,2025,12,1,0,17.560000000000002,12.382978723404255,8.21917808219178,-42.26333333333332,3,7,death_plus_v7_gap_mid,0.1859691577208531,0.21586525280979613
1473446,2025,12,2,0,17.560000000000002,12.652173913043478,8.108108108108109,-43.406666666666666,3,7,death_plus_v7_gap_mid,0.17097420103104405,0.2007041692405415
1473446,2025,12,3,0,17.560000000000002,12.8,8.08,-43.55000000000001,3,7,death_plus_v7_gap_mid,0.16082683431912792,0.190335626011614
1473446,2025,12,4,0,17.560000000000002,12.272727272727273,8.447368421052632,-38.69333333333336,3,7,death_plus_v7_gap_mid,0.2114394258001715,0.2412247213267144
1473446,2025,12,5,0,17.560000000000002,12.418604651162791,8.415584415584416,-38.83666666666667,3,7,death_plus_v7_gap_mid,0.20679072626383543,0.23663039431535177
1473446,2025,12,6,0,17.560000000000002,12.714285714285715,8.307692307692307,-46.84,4,6,death_plus_v7_gap_mid,0.12581489029321197,0.15377987820784955
1473446,2025,13,1,0,17.560000000000002,13.02439024390244,8.20253164556962,-47.82000000000002,4,6,death_plus_v7_gap_mid,0.13255477235643992,0.15068735739057892
1473446,2025,13,2,0,17.560000000000002,13.200000000000001,8.175,-47.80000000000001,4,6,death_plus_v7_gap_mid,0.12773591450973049,0.14570465205680636
1473446,2025,13,3,0,17.560000000000002,13.538461538461538,8.074074074074074,-48.78,4,6,death_plus_v7_gap_mid,0.12034842669312991,0.1380290360067667
1473446,2025,13,4,0,17.560000000000002,13.578947368421051,8.121951219512196,-47.76000000000002,4,6,death_plus_v7_gap_mid,0.12662895716665956,0.14455741664568697
1473446,2025,13,5,0,17.560000000000002,13.945945945945944,8.024096385542169,-48.73999999999998,4,6,death_plus_v7_gap_mid,0.10733858821466574,0.12439477663036388
1473446,2025,13,6,0,17.560000000000002,14.166666666666668,8.0,-48.72,4,6,death_plus_v7_gap_mid,0.10099070792580933,0.11768342558196013
1473446,2025,14,1,0,17.560000000000002,14.57142857142857,7.905882352941177,-49.69999999999999,4,6,death_plus_v7_gap_mid,0.06795587230666758,0.07909940062568235
1473446,2025,14,2,0,17.560000000000002,15.0,7.813953488372094,-50.68000000000001,4,6,death_plus_v7_gap_mid,0.05458335342117336,0.06453115597203388
1473446,2025,14,3,0,17.560000000000002,14.727272727272727,8.0,-47.66,4,6,death_plus_v7_gap_mid,0.07996021286554966,0.09198452077947003
1473446,2025,14,4,0,17.560000000000002,15.1875,7.909090909090908,-48.639999999999986,4,6,death_plus_v7_gap_mid,0.05972384091657894,0.07016082658697818
1473446,2025,14,5,0,17.560000000000002,15.483870967741936,7.887640449438203,-48.620000000000005,4,6,death_plus_v7_gap_mid,0.05234391369177108,0.06206603512768492
1473446,2025,14,6,0,17.560000000000002,15.8,7.866666666666667,-48.599999999999994,4,6,death_plus_v7_gap_mid,0.04883978282110676,0.05819243318032495
1473446,2025,15,1,0,17.560000000000002,16.137931034482758,7.846153846153847,-48.579999999999984,4,6,death_plus_v7_gap_mid,0.04450230380547829,0.05168562443385965
1473446,2025,15,2,0,17.560000000000002,16.714285714285715,7.760869565217391,-49.56,4,6,death_plus_v7_gap_mid,0.03266035582024775,0.0385779745210287
1473446,2025,15,3,0,17.560000000000002,17.333333333333332,7.67741935483871,-50.53999999999999,4,6,death_plus_v7_gap_mid,0.027630710702936354,0.03293084642794017
1473446,2025,15,4,0,17.560000000000002,18.0,7.595744680851064,-51.52000000000001,4,6,death_plus_v7_gap_mid,0.02334796597052847,0.028076007442796
1473446,2025,15,5,0,17.560000000000002,18.48,7.578947368421052,-51.5,4,6,death_plus_v7_gap_mid,0.02145639803281657,0.025916227119221005
1473446,2025,15,6,0,17.560000000000002,19.25,7.5,-56.400000000000006,5,5,death_plus_v7_gap_mid,0.014390681381891184,0.017745662993861905
1473447,2025,7,1,1,-61.0,7.558441558441559,9.348837209302326,8.591666666666676,0,10,death_plus_v7_gap_mid,0.9462990793360373,0.9166460189940184
1473447,2025,7,2,1,-61.0,7.5,9.409090909090908,9.233333333333327,0,10,death_plus_v7_gap_mid,0.9493516163916813,0.9205256928952019
1473447,2025,7,3,1,-61.0,7.5200000000000005,9.333333333333334,8.875,0,10,death_plus_v7_gap_mid,0.9486181703913255,0.9195892830759695
1473447,2025,7,4,1,-61.0,7.621621621621621,9.130434782608695,7.516666666666673,0,10,death_plus_v7_gap_mid,0.9451117396998736,0.9151491478706358
1473447,2025,7,5,1,-61.0,7.397260273972603,9.446808510638299,10.158333333333324,0,10,death_plus_v7_gap_mid,0.956659640151663,0.930013796993649
1473447,2025,7,6,1,-61.0,7.5,9.25,8.799999999999997,0,10,death_plus_v7_gap_mid,0.9494818687367608,0.9206922753084367
1473447,2025,8,1,1,-61.0,7.521126760563381,9.183673469387754,8.441666666666663,0,10,death_plus_v7_gap_mid,0.9487673467597284,0.9240652273100795
1473447,2025,8,2,1,-61.0,7.542857142857143,9.120000000000001,8.083333333333343,0,10,death_plus_v7_gap_mid,0.947499166979538,0.9224929201403742
1473447,2025,8,3,1,-61.0,7.565217391304348,9.058823529411764,7.724999999999994,0,10,death_plus_v7_gap_mid,0.9473214507754574,0.9222731250052114
1473447,2025,8,4,1,-61.0,7.6764705882352935,8.884615384615385,6.36666666666666,0,10,death_plus_v7_gap_mid,0.9441950444761212,0.9184275040167887
1473447,2025,8,5,1,-61.0,7.611940298507463,8.943396226415093,7.00833333333334,0,10,death_plus_v7_gap_mid,0.9483215317856817,0.9235117239292906
1473447,2025,8,6,1,-61.0,7.545454545454545,9.0,7.650000000000006,0,10,death_plus_v7_gap_mid,0.9524346192391349,0.9286514016327723
1473447,2025,9,1,1,-61.0,7.661538461538461,8.836363636363636,-2.5374999999999943,1,9,death_plus_v7_gap_mid,0.9194037287442127,0.8840879750007563
1473447,2025,9,2,1,-61.0,7.6875,8.785714285714285,-2.760000000000005,1,9,death_plus_v7_gap_mid,0.9191151697463766,0.8837563600710058
1473447,2025,9,3,1,-61.0,7.428571428571429,9.052631578947368,0.017499999999998295,1,9,death_plus_v7_gap_mid,0.9319201349577144,0.8987368554710135
1473447,2025,9,4,1,-61.0,7.161290322580646,9.310344827586206,2.795000000000016,1,9,death_plus_v7_gap_mid,0.9574243879413701,0.9305993300755283
1473447,2025,9,5,1,-61.0,6.688524590163934,9.76271186440678,7.572500000000005,1,9,death_plus_v7_gap_mid,0.9809134990076764,0.9638425813374955
1473447,2025,9,6,1,-61.0,6.8,9.600000000000001,-1.7999999999999972,2,8,death_plus_v7_gap_mid,0.9569022294227945,0.9299124545783689
1473447,2025,10,1,1,-61.0,6.813559322033899,9.540983606557377,-1.8866666666666703,2,8,death_plus_v7_gap_mid,0.9521080738360241,0.933549102528327
1473447,2025,10,2,1,-61.0,6.517241379310345,9.774193548387098,1.0266666666666708,2,8,death_plus_v7_gap_mid,0.9616646569911538,0.94509279600927
1473447,2025,10,3,1,-61.0,6.526315789473685,9.714285714285715,0.9399999999999977,2,8,death_plus_v7_gap_mid,0.961591079144186,0.945002357435092
1473447,2025,10,4,1,-61.0,6.0,10.125,5.853333333333325,2,8,death_plus_v7_gap_mid,0.9819338391104662,0.9712767617858518
1473447,2025,10,5,1,-61.0,5.672727272727273,10.338461538461539,8.766666666666666,2,8,death_plus_v7_gap_mid,0.986090545770884,0.9770887861024624
1473447,2025,10,6,1,-61.0,5.666666666666666,10.272727272727273,8.680000000000021,2,8,death_plus_v7_gap_mid,0.9872327589076421,0.9787266280922143
1473447,2025,10,7,1,-61.0,5.660377358490566,10.208955223880597,8.59333333333332,2,8,death_plus_v7_gap_mid,0.9880579574561779,0.9799226442518354
1473447,2025,11,1,1,-61.0,5.547169811320755,10.298507462686567,9.59333333333332,2,8,death_plus_v7_gap_mid,0.9884955306433258,0.9822498329531454
1473447,2025,11,2,1,-61.0,5.653846153846153,10.147058823529411,1.443333333333328,3,7,death_plus_v7_gap_mid,0.9685532176382374,0.9570702800762569
1473447,2025,11,3,1,-61.0,5.647058823529411,10.086956521739129,1.4924999999999926,3,7,death_plus_v7_gap_mid,0.9681969338230421,0.9566446973426876
1473447,2025,11,4,1,-61.0,5.64,10.028571428571428,1.5416666666666856,3,7,death_plus_v7_gap_mid,0.9686733461887933,0.9572139165056536
1473447,2025,11,5,1,-61.0,5.63265306122449,9.971830985915492,1.590833333333336,3,7,death_plus_v7_gap_mid,0.971459882265447,0.9605666679035586
1473447,2025,11,6,1,-61.0,5.625,9.916666666666666,1.6400000000000006,3,7,death_plus_v7_gap_mid,0.972791597202026,0.9621838924626203
1473447,2025,12,1,1,-61.0,5.617021276595745,9.863013698630137,1.6891666666666652,3,7,death_plus_v7_gap_mid,0.9756406116992886,0.9662397455651559
1473447,2025,12,2,1,-61.0,5.608695652173913,9.81081081081081,1.7383333333333297,3,7,death_plus_v7_gap_mid,0.9773054962072242,0.9683021359499145
1473447,2025,12,3,1,-61.0,5.6,9.76,1.7874999999999943,3,7,death_plus_v7_gap_mid,0.9778156653759658,0.9689375607370525
1473447,2025,12,4,1,-61.0,5.590909090909091,9.710526315789474,1.836666666666659,3,7,death_plus_v7_gap_mid,0.9773535732069554,0.9683619458713533
1473447,2025,12,5,1,-61.0,5.162790697674419,9.896103896103895,4.8858333333333235,3,7,death_plus_v7_gap_mid,0.9835488342874752,0.9762052156061937
1473447,2025,12,6,1,-61.0,5.142857142857142,9.846153846153847,4.935000000000002,3,7,death_plus_v7_gap_mid,0.9839699479367148,0.9767494113507176
1473447,2025,13,1,1,-61.0,5.121951219512195,9.79746835443038,4.984166666666667,3,7,death_plus_v7_gap_mid,0.9848132845117926,0.9797943915631354
1473447,2025,13,2,1,-61.0,5.1,9.75,5.033333333333331,3,7,death_plus_v7_gap_mid,0.9901998057317776,0.9865150948067724
1473447,2025,13,3,1,-61.0,4.3076923076923075,10.074074074074073,10.08250000000001,3,7,death_plus_v7_gap_mid,0.9914579708805759,0.9881229260595774
1473447,2025,13,4,1,-61.0,4.2631578947368425,10.024390243902438,10.131666666666675,3,7,death_plus_v7_gap_mid,0.9916575850397426,0.9883796633235381
1473447,2025,13,5,1,-61.0,4.216216216216217,9.975903614457831,10.180833333333325,3,7,death_plus_v7_gap_mid,0.9917253185043016,0.9884668886389335
1473447,2025,13,6,1,-61.0,3.666666666666667,10.142857142857142,13.22999999999999,3,7,death_plus_v7_gap_mid,0.9919875483452238,0.9888051121384558
1473447,2025,14,1,1,-61.0,3.5999999999999996,10.094117647058823,13.279166666666669,3,7,death_plus_v7_gap_mid,0.992053437258773,0.9894430482865278
1473447,2025,14,2,1,-61.0,3.5294117647058822,10.046511627906977,13.328333333333319,3,7,death_plus_v7_gap_mid,0.9921507095192108,0.9895641828357005
1473447,2025,14,3,1,-61.0,3.6363636363636367,9.931034482758621,12.377499999999998,3,7,death_plus_v7_gap_mid,0.9924776337163856,0.9899720281199824
1473447,2025,14,4,1,-61.0,3.5625,9.886363636363637,12.426666666666677,3,7,death_plus_v7_gap_mid,0.9925743676464456,0.9900929241490994
1473447,2025,14,5,1,-61.0,3.483870967741936,9.842696629213483,12.475833333333355,3,7,death_plus_v7_gap_mid,0.9926513424921046,0.9901891985246182
1473447,2025,14,6,1,-61.0,2.8,10.0,15.525000000000006,3,7,death_plus_v7_gap_mid,0.992354212118814,0.989817924436909
1473447,2025,15,1,1,-61.0,2.689655172413793,9.956043956043956,15.574166666666656,3,7,death_plus_v7_gap_mid,0.9923856121034272,0.9904873049143644
1473447,2025,15,2,1,-61.0,1.9285714285714288,10.108695652173912,18.623333333333335,3,7,death_plus_v7_gap_mid,0.9918162994178588,0.9898128254376625
1473447,2025,15,3,1,-61.0,2.0,10.0,17.672499999999985,3,7,death_plus_v7_gap_mid,0.9920948417581856,0.9901425092666932
1473447,2025,15,4,1,-61.0,1.153846153846154,10.148936170212766,20.721666666666664,3,7,death_plus_v7_gap_mid,0.9928454774327413,0.9910340063743446
1473447,2025,15,5,1,-61.0,0.96,10.105263157894736,20.770833333333343,3,7,death_plus_v7_gap_mid,0.992994086689895,0.9912110574275722
1473447,2025,15,6,1,-61.0,-0.5,10.375,25.819999999999993,3,7,death_plus_v7_gap_mid,0.9912404999536413,0.9891331175983306
1473448,2025,7,1,0,9.25,10.675324675324676,6.41860465116279,-42.57333333333332,2,8,death_plus_v7_gap_mid,0.13480936446594197,0.17140024448148566
1473448,2025,7,2,0,9.25,10.736842105263158,6.409090909090908,-42.78666666666666,2,8,death_plus_v7_gap_mid,0.16815804913744115,0.20473638550785275
1473448,2025,7,3,0,9.25,10.8,6.4,-43.0,2,8,death_plus_v7_gap_mid,0.1603475743359019,0.19706003973172892
1473448,2025,7,4,0,9.25,10.45945945945946,7.043478260869566,-38.213333333333324,2,8,death_plus_v7_gap_mid,0.1904025258557562,0.2262215814536354
1473448,2025,7,5,0,9.25,10.602739726027398,6.893617021276596,-39.42666666666668,2,8,death_plus_v7_gap_mid,0.18737953815082792,0.2233323137719509
1473448,2025,7,6,0,9.25,10.75,6.75,-40.64,2,8,death_plus_v7_gap_mid,0.18518690209871136,0.22123091905266173
1473448,2025,8,1,0,9.25,10.563380281690142,7.1020408163265305,-37.853333333333325,2,8,death_plus_v7_gap_mid,0.21782694862901042,0.24718718510837187
1473448,2025,8,2,0,9.25,10.628571428571428,7.08,-38.06666666666665,2,8,death_plus_v7_gap_mid,0.21287545399144248,0.24252359695122774
1473448,2025,8,3,0,9.25,10.782608695652174,6.9411764705882355,-39.28,2,8,death_plus_v7_gap_mid,0.1991206538080188,0.22947160320255608
1473448,2025,8,4,0,9.25,10.852941176470589,6.9230769230769225,-39.493333333333325,2,8,death_plus_v7_gap_mid,0.20089587569682055,0.23116446244885155
1473448,2025,8,5,0,9.25,10.925373134328357,6.90566037735849,-39.70666666666665,2,8,death_plus_v7_gap_mid,0.19806817037037144,0.22846674094592684
1473448,2025,8,6,0,9.25,11.0,6.888888888888889,-39.91999999999999,2,8,death_plus_v7_gap_mid,0.19406617617442168,0.22463746478924138
1473448,2025,9,1,0,9.25,10.8,7.199999999999999,-37.133333333333326,2,8,death_plus_v7_gap_mid,0.236551577046249,0.27568683525975346
1473448,2025,9,2,0,9.25,10.40625,7.714285714285715,-32.34666666666665,2,8,death_plus_v7_gap_mid,0.302949079325415,0.3352235558192498
1473448,2025,9,3,0,9.25,10.571428571428571,7.578947368421052,-43.11500000000001,3,7,death_plus_v7_gap_mid,0.18288065472800905,0.22506987657807112
1473448,2025,9,4,0,9.25,10.741935483870968,7.448275862068966,-44.17666666666666,3,7,death_plus_v7_gap_mid,0.18679410460854629,0.22885825780614003
1473448,2025,9,5,0,9.25,10.819672131147541,7.423728813559322,-44.23833333333336,3,7,death_plus_v7_gap_mid,0.18287505298653142,0.22506444136035844
1473448,2025,9,6,0,9.25,10.9,7.4,-44.3,3,7,death_plus_v7_gap_mid,0.18477275209435728,0.22690367234353626
1473448,2025,10,1,0,9.25,10.677966101694915,7.672131147540984,-41.36166666666668,3,7,death_plus_v7_gap_mid,0.21566964565960314,0.2504666715010407
1473448,2025,10,2,0,9.25,10.758620689655173,7.64516129032258,-41.42333333333333,3,7,death_plus_v7_gap_mid,0.21466061458024102,0.2494882662169495
1473448,2025,10,3,0,9.25,10.842105263157896,7.619047619047619,-41.485,3,7,death_plus_v7_gap_mid,0.20141663843335905,0.23657201350575932
1473448,2025,10,4,0,9.25,11.035714285714285,7.5,-42.54666666666667,3,7,death_plus_v7_gap_mid,0.19943111423393564,0.23462329609665855
1473448,2025,10,5,0,9.25,11.236363636363636,7.384615384615385,-43.608333333333334,3,7,death_plus_v7_gap_mid,0.19803830708556325,0.23325431901142965
1473448,2025,10,6,0,9.25,11.0,7.636363636363637,-40.670000000000016,3,7,death_plus_v7_gap_mid,0.23057144979455818,0.26482858794623404
1473448,2025,11,1,0,9.25,11.09433962264151,7.611940298507463,-40.73166666666668,3,7,death_plus_v7_gap_mid,0.21309240222531278,0.25150047737247244
1473448,2025,11,2,0,9.25,11.307692307692307,7.5,-41.79333333333334,3,7,death_plus_v7_gap_mid,0.21130183690800192,0.24971790829882937
1473448,2025,11,3,0,9.25,11.411764705882351,7.478260869565217,-41.855000000000004,3,7,death_plus_v7_gap_mid,0.2229339643941838,0.2612535025405294
1473448,2025,11,4,0,9.25,10.92,7.885714285714286,-36.91666666666666,3,7,death_plus_v7_gap_mid,0.25783314984417405,0.2952824226484732
1473448,2025,11,5,0,9.25,11.142857142857142,7.774647887323944,-45.41,4,6,death_plus_v7_gap_mid,0.16782206957005932,0.20557222976614706
1473448,2025,11,6,0,9.25,11.25,7.75,-45.31999999999999,4,6,death_plus_v7_gap_mid,0.17868348046403632,0.21676640475837597
1473448,2025,12,1,0,9.25,11.361702127659575,7.726027397260275,-45.22999999999999,4,6,death_plus_v7_gap_mid,0.17128175976924245,0.20101701465839575
1473448,2025,12,2,0,9.25,11.478260869565219,7.702702702702703,-45.140000000000015,4,6,death_plus_v7_gap_mid,0.17416148612978155,0.20394232008454496
1473448,2025,12,3,0,9.25,11.6,7.68,-45.05000000000001,4,6,death_plus_v7_gap_mid,0.1642503093442711,0.19384403275178724
1473448,2025,12,4,0,9.25,11.727272727272727,7.657894736842106,-44.96000000000001,4,6,death_plus_v7_gap_mid,0.1695860392652028,0.19929112989643993
1473448,2025,12,5,0,9.25,11.86046511627907,7.636363636363637,-44.870000000000005,4,6,death_plus_v7_gap_mid,0.15636976649169892,0.1857516941351801
1473448,2025,12,6,0,9.25,12.0,7.615384615384615,-44.78,4,6,death_plus_v7_gap_mid,0.16115884327769026,0.19067634222152288
1473448,2025,13,1,0,9.25,11.707317073170731,7.822784810126583,-41.69,4,6,death_plus_v7_gap_mid,0.18640105325429498,0.2052692875806986
1473448,2025,13,2,0,9.25,11.7,7.875,-40.599999999999994,4,6,death_plus_v7_gap_mid,0.19023143443553206,0.20908609790325916
1473448,2025,13,3,0,9.25,11.846153846153847,7.851851851851852,-40.50999999999999,4,6,death_plus_v7_gap_mid,0.18802056894247973,0.2068840033173415
1473448,2025,13,4,0,9.25,12.0,7.829268292682928,-40.420000000000016,4,6,death_plus_v7_gap_mid,0.1697261512271789,0.1885601888572979
1473448,2025,13,5,0,9.25,12.0,7.879518072289156,-39.329999999999984,4,6,death_plus_v7_gap_mid,0.20261395810199428,0.22137377285721152
1473448,2025,13,6,0,9.25,12.0,7.928571428571429,-38.24000000000001,4,6,death_plus_v7_gap_mid,0.20933920924742794,0.2280164248559665
1473448,2025,14,1,0,9.25,12.17142857142857,7.905882352941177,-38.150000000000006,4,6,death_plus_v7_gap_mid,0.19306304959278456,0.20779612658296687
1473448,2025,14,2,0,9.25,12.529411764705884,7.813953488372094,-39.06,4,6,death_plus_v7_gap_mid,0.1860207232062695,0.2007946743885046
1473448,2025,14,3,0,9.25,12.545454545454545,7.862068965517241,-37.97,4,6,death_plus_v7_gap_mid,0.2007874692513002,0.21545218090548549
1473448,2025,14,4,0,9.25,12.1875,8.045454545454545,-34.879999999999995,4,6,death_plus_v7_gap_mid,0.23612727549114848,0.25019618704054136
1473448,2025,14,5,0,9.25,12.387096774193548,8.022471910112358,-34.78999999999999,4,6,death_plus_v7_gap_mid,0.23395333472551988,0.2480712162187772
1473448,2025,14,6,0,9.25,12.600000000000001,8.0,-34.69999999999999,4,6,death_plus_v7_gap_mid,0.22889047510198426,0.24311649760993875
1473448,2025,14,7,0,9.25,13.03448275862069,7.912087912087912,-35.609999999999985,4,6,death_plus_v7_gap_mid,0.23165448412242176,0.24582250155637855
1473448,2025,14,8,0,9.25,13.07142857142857,7.956521739130434,-34.52000000000001,4,6,death_plus_v7_gap_mid,0.23865186588918003,0.25266203465667547
1473448,2025,15,1,0,9.25,12.620689655172413,8.043956043956044,-33.609999999999985,4,6,death_plus_v7_gap_mid,0.2548939933820902,0.26670832134389766
1473448,2025,15,2,0,9.25,13.07142857142857,7.956521739130434,-34.52000000000001,4,6,death_plus_v7_gap_mid,0.23564352299795846,0.24779257746187408
1473448,2025,15,3,0,9.25,13.333333333333334,7.935483870967742,-34.43000000000001,4,6,death_plus_v7_gap_mid,0.22405581978906358,0.23635957192116708
1473448,2025,15,4,0,9.25,12.461538461538463,8.23404255319149,-29.340000000000003,4,6,death_plus_v7_gap_mid,0.3563485994265989,0.3651432830421116
1473448,2025,15,5,0,9.25,12.96,8.147368421052631,-34.041666666666686,5,5,death_plus_v7_gap_mid,0.19665939822600575,0.20917225018556648
1473448,2025,15,6,0,9.25,13.5,8.0625,-34.80000000000001,5,5,death_plus_v7_gap_mid,0.18004720373557828,0.19256702767516928
1473449,2025,7,1,1,-61.111111111111114,4.207792207792208,8.790697674418604,13.990000000000002,1,9,death_plus_v7_gap_mid,0.9946491266428841,0.9875989186310041
1473449,2025,7,2,1,-61.111111111111114,4.2631578947368425,8.590909090909092,13.119999999999997,1,9,death_plus_v7_gap_mid,0.9950827444695562,0.9884434226610193
1473449,2025,7,3,1,-61.111111111111114,3.84,9.200000000000001,18.25,1,9,death_plus_v7_gap_mid,0.9953996408604179,0.9890686096649224
1473449,2025,7,4,1,-61.111111111111114,3.8108108108108105,9.130434782608695,18.380000000000003,1,9,death_plus_v7_gap_mid,0.9955010084672086,0.9892701165857454
1473449,2025,7,5,1,-61.111111111111114,3.8630136986301373,8.936170212765957,17.509999999999998,1,9,death_plus_v7_gap_mid,0.9956833495708091,0.989634543224794
1473449,2025,7,6,1,-61.111111111111114,3.916666666666667,8.75,16.64,1,9,death_plus_v7_gap_mid,0.9957948893296344,0.9898587470389703
1473449,2025,8,1,1,-61.111111111111114,3.971830985915493,8.571428571428571,15.769999999999996,1,9,death_plus_v7_gap_mid,0.9958538246428386,0.991027797829651
1473449,2025,8,2,1,-61.111111111111114,3.942857142857143,8.52,15.900000000000006,1,9,death_plus_v7_gap_mid,0.9958382330792961,0.9909989061363739
1473449,2025,8,3,1,-61.111111111111114,3.9130434782608696,8.470588235294118,16.029999999999994,1,9,death_plus_v7_gap_mid,0.9958665441317618,0.9910513793044979
1473449,2025,8,4,1,-61.111111111111114,3.9705882352941178,8.307692307692307,15.160000000000004,1,9,death_plus_v7_gap_mid,0.995995175798162,0.9912904637585394
1473449,2025,8,5,1,-61.111111111111114,3.9402985074626864,8.264150943396226,15.290000000000006,1,9,death_plus_v7_gap_mid,0.9959725386844844,0.9912483078909589
1473449,2025,8,6,1,-61.111111111111114,4.0,8.11111111111111,14.420000000000016,1,9,death_plus_v7_gap_mid,0.996212256110081,0.9916965309977318
1473449,2025,9,1,1,-61.111111111111114,3.5076923076923077,8.618181818181817,19.550000000000004,1,9,death_plus_v7_gap_mid,0.9962303469918788,0.9904755077272182
1473449,2025,9,2,1,-61.111111111111114,3.5625,8.464285714285715,18.68,1,9,death_plus_v7_gap_mid,0.9962422542378052,0.9905003804610151
1473449,2025,9,3,1,-61.111111111111114,3.0476190476190474,8.947368421052632,23.810000000000002,1,9,death_plus_v7_gap_mid,0.9963551511854751,0.9907369110123314
1473449,2025,9,4,1,-61.111111111111114,3.0,8.896551724137932,23.940000000000012,1,9,death_plus_v7_gap_mid,0.9963790792398666,0.9907872086024155
1473449,2025,9,5,1,-61.111111111111114,2.8524590163934427,8.949152542372882,25.07,1,9,death_plus_v7_gap_mid,0.9963357586085031,0.9906961901319765
1473449,2025,9,6,1,-61.111111111111114,2.8,8.9,25.199999999999996,1,9,death_plus_v7_gap_mid,0.9963047685976929,0.9906311960179032
1473449,2025,10,1,1,-61.111111111111114,2.7457627118644066,8.852459016393443,25.33,1,9,death_plus_v7_gap_mid,0.9962663647096439,0.9926853694041798
1473449,2025,10,2,1,-61.111111111111114,2.689655172413793,8.806451612903226,25.460000000000008,1,9,death_plus_v7_gap_mid,0.9963182559574897,0.9927739179480982
1473449,2025,10,3,1,-61.111111111111114,2.7368421052631575,8.666666666666666,24.590000000000003,1,9,death_plus_v7_gap_mid,0.9963142596239735,0.9927670926575743
1473449,2025,10,4,1,-61.111111111111114,2.7857142857142856,8.53125,18.306666666666658,2,8,death_plus_v7_gap_mid,0.9960977828630089,0.99239880846264
1473449,2025,10,5,1,-61.111111111111114,2.8363636363636364,8.399999999999999,17.53333333333333,2,8,death_plus_v7_gap_mid,0.9948082279506684,0.9902560836560532
1473449,2025,10,6,1,-61.111111111111114,2.2222222222222223,8.818181818181818,22.760000000000005,2,8,death_plus_v7_gap_mid,0.9946548422191301,0.9900063087242572
1473449,2025,11,1,1,-61.111111111111114,2.150943396226415,8.776119402985074,22.986666666666665,2,8,death_plus_v7_gap_mid,0.9948324497296683,0.991236275616631
1473449,2025,11,2,1,-61.111111111111114,1.7307692307692306,9.0,26.21333333333334,2,8,death_plus_v7_gap_mid,0.9944298733366539,0.9906361905374228
1473449,2025,11,3,1,-61.111111111111114,1.647058823529412,8.956521739130434,26.440000000000012,2,8,death_plus_v7_gap_mid,0.9945271776569312,0.9907807427191508
1473449,2025,11,4,1,-61.111111111111114,1.6800000000000002,8.82857142857143,25.66666666666667,2,8,death_plus_v7_gap_mid,0.995513737006515,0.9922648971484869
1473449,2025,11,5,1,-61.111111111111114,1.5918367346938775,8.788732394366198,25.89333333333333,2,8,death_plus_v7_gap_mid,0.995772172250138,0.9926598454454383
1473449,2025,11,6,1,-61.111111111111114,1.5,8.75,26.120000000000005,2,8,death_plus_v7_gap_mid,0.9957571947895107,0.9926368795990417
1473449,2025,12,1,1,-61.111111111111114,1.0212765957446808,8.95890410958904,29.346666666666664,2,8,death_plus_v7_gap_mid,0.9959697585913416,0.9932389888902806
1473449,2025,12,2,1,-61.111111111111114,0.5217391304347826,9.162162162162161,32.57333333333332,2,8,death_plus_v7_gap_mid,0.9961691360036846,0.9935396042739542
1473449,2025,12,3,1,-61.111111111111114,0.4,9.120000000000001,32.80000000000001,2,8,death_plus_v7_gap_mid,0.9960623535068103,0.9933784006616986
1473449,2025,12,4,1,-61.111111111111114,0.2727272727272727,9.078947368421051,33.02666666666667,2,8,death_plus_v7_gap_mid,0.9962135027723189,0.9936067211198958
1473449,2025,12,5,1,-61.111111111111114,-0.5581395348837209,9.428571428571429,38.25333333333333,2,8,death_plus_v7_gap_mid,0.9950942504040607,0.9919364781112244
1473450,2025,7,1,1,2.461538461538453,7.1688311688311686,11.162790697674419,7.752499999999998,1,9,death_plus_v7_gap_mid,0.9518083040047752,0.9236824681862974
1473450,2025,7,2,1,2.461538461538453,7.184210526315789,11.045454545454545,7.469999999999985,1,9,death_plus_v7_gap_mid,0.9526937752569103,0.9248281606030602
1473450,2025,7,3,1,2.461538461538453,7.199999999999999,10.933333333333334,7.1875,1,9,death_plus_v7_gap_mid,0.9531529475704132,0.9254239676600132
1473450,2025,7,4,1,2.461538461538453,7.297297297297297,10.695652173913043,5.905000000000015,1,9,death_plus_v7_gap_mid,0.9524699546008977,0.9245381597175882
1473450,2025,7,5,1,2.461538461538453,7.068493150684931,10.97872340425532,8.622500000000002,1,9,death_plus_v7_gap_mid,0.9649141170240177,0.9411258637851326
1473450,2025,7,6,1,2.461538461538453,6.833333333333333,11.25,11.340000000000003,1,9,death_plus_v7_gap_mid,0.9719770459693073,0.9510465668693903
1473450,2025,8,1,1,2.461538461538453,6.845070422535212,11.142857142857142,11.05749999999999,1,9,death_plus_v7_gap_mid,0.971970218865224,0.954297059745931
1473450,2025,8,2,1,2.461538461538453,6.6000000000000005,11.399999999999999,13.775000000000006,1,9,death_plus_v7_gap_mid,0.9804351747379108,0.9662921051031585
1473450,2025,8,3,1,2.461538461538453,6.608695652173913,11.294117647058822,13.492499999999993,1,9,death_plus_v7_gap_mid,0.9806930575479169,0.9666694104368003
1473450,2025,8,4,1,2.461538461538453,6.61764705882353,11.192307692307693,13.210000000000008,1,9,death_plus_v7_gap_mid,0.9805486740910186,0.9664580652554674
1473450,2025,8,5,1,2.461538461538453,6.6268656716417915,11.09433962264151,12.927500000000009,1,9,death_plus_v7_gap_mid,0.9815636980385338,0.9679493107314037
1473450,2025,8,6,1,2.461538461538453,6.636363636363636,11.0,12.645000000000024,1,9,death_plus_v7_gap_mid,0.9816429402883446,0.9680662784858385
1473450,2025,9,1,1,2.461538461538453,6.6461538461538465,10.909090909090908,12.362500000000011,1,9,death_plus_v7_gap_mid,0.9817950873555887,0.9652130123042253
1473450,2025,9,2,1,2.461538461538453,6.65625,10.821428571428571,12.079999999999998,1,9,death_plus_v7_gap_mid,0.982695624945433,0.9666262407549996
1473450,2025,9,3,1,2.461538461538453,6.666666666666667,10.736842105263158,11.7975,1,9,death_plus_v7_gap_mid,0.9829234406735234,0.9669859835427425
1473450,2025,9,4,1,2.461538461538453,6.193548387096774,11.172413793103448,16.515000000000015,1,9,death_plus_v7_gap_mid,0.9873097381641791,0.9741120156036585
1473450,2025,9,5,1,2.461538461538453,6.295081967213115,10.983050847457626,15.232500000000002,1,9,death_plus_v7_gap_mid,0.9871611597665697,0.9738636871035882
1473450,2025,9,6,1,2.461538461538453,6.300000000000001,10.9,14.949999999999989,1,9,death_plus_v7_gap_mid,0.9871275553577208,0.9738075973645133
1473450,2025,9,7,1,2.461538461538453,6.305084745762713,10.819672131147541,14.667500000000004,1,9,death_plus_v7_gap_mid,0.9875955490818752,0.9745912606943576
1473450,2025,10,1,1,2.461538461538453,6.305084745762713,10.819672131147541,6.259999999999991,2,8,death_plus_v7_gap_mid,0.9798718757690401,0.9684669913284424
1473450,2025,10,2,1,2.461538461538453,6.206896551724139,10.838709677419354,7.1200000000000045,2,8,death_plus_v7_gap_mid,0.9749168839185642,0.9618762179371136
1473450,2025,10,3,1,2.461538461538453,6.315789473684211,10.666666666666666,5.980000000000004,2,8,death_plus_v7_gap_mid,0.9746480370984352,0.9615243986544512
1473450,2025,10,4,1,2.461538461538453,6.428571428571429,10.5,4.839999999999989,2,8,death_plus_v7_gap_mid,0.956197150424402,0.938440657682627
1473450,2025,10,5,1,2.461538461538453,6.545454545454545,10.338461538461539,3.700000000000003,2,8,death_plus_v7_gap_mid,0.9572348115027398,0.9396929049860164
1473450,2025,10,6,1,2.461538461538453,6.222222222222221,10.545454545454545,6.5600000000000165,2,8,death_plus_v7_gap_mid,0.9806045648101718,0.969460430306976
1473450,2025,11,1,1,2.461538461538453,6.226415094339623,10.477611940298507,6.4199999999999875,2,8,death_plus_v7_gap_mid,0.9833213008880628,0.9753900544132266
1473450,2025,11,2,1,2.461538461538453,6.346153846153847,10.323529411764707,5.280000000000001,2,8,death_plus_v7_gap_mid,0.9823480741627546,0.9741323376916436
1473450,2025,11,3,1,2.461538461538453,6.470588235294118,10.173913043478262,4.140000000000015,2,8,death_plus_v7_gap_mid,0.9677668942392024,0.9561318452371231
1473450,2025,11,4,1,2.461538461538453,6.48,10.114285714285714,4.0,2,8,death_plus_v7_gap_mid,0.9677368666370825,0.956096068925467
1473450,2025,11,5,1,2.461538461538453,6.4897959183673475,10.056338028169014,3.8599999999999994,2,8,death_plus_v7_gap_mid,0.969128035566808,0.957758240519273
1473450,2025,11,6,1,2.461538461538453,6.5,10.0,3.720000000000013,2,8,death_plus_v7_gap_mid,0.9685514382936277,0.9570681530743439
1473450,2025,12,1,1,2.461538461538453,6.638297872340425,9.863013698630137,2.5799999999999983,2,8,death_plus_v7_gap_mid,0.972531814815075,0.9624314573233713
1473450,2025,12,2,1,2.461538461538453,6.6521739130434785,9.81081081081081,2.4399999999999977,2,8,death_plus_v7_gap_mid,0.9723665615487819,0.9622304782440023
1473450,2025,12,3,1,2.461538461538453,6.2666666666666675,10.0,5.300000000000011,2,8,death_plus_v7_gap_mid,0.9873900833295743,0.9812333498112116
1473450,2025,12,4,1,2.461538461538453,6.409090909090908,9.868421052631579,4.159999999999997,2,8,death_plus_v7_gap_mid,0.9769346898755089,0.9678413250191988
1473450,2025,12,5,1,2.461538461538453,6.41860465116279,9.818181818181818,4.019999999999996,2,8,death_plus_v7_gap_mid,0.9760050014746307,0.96668970344742
1473450,2025,12,6,1,2.461538461538453,6.428571428571429,9.76923076923077,3.8800000000000097,2,8,death_plus_v7_gap_mid,0.9745239923122864,0.964865719604186
1473450,2025,13,1,1,2.461538461538453,6.585365853658537,9.645569620253164,2.740000000000009,2,8,death_plus_v7_gap_mid,0.9733592390735281,0.9660845913102583
1473450,2025,13,2,1,2.461538461538453,5.85,9.975000000000001,7.599999999999994,2,8,death_plus_v7_gap_mid,0.9915903908337302,0.988293187181778
1473450,2025,13,3,1,2.461538461538453,5.384615384615385,10.148148148148149,10.460000000000008,2,8,death_plus_v7_gap_mid,0.9932059025970216,0.9903884005701736
1473450,2025,13,4,1,2.461538461538453,5.526315789473684,10.024390243902438,9.320000000000007,2,8,death_plus_v7_gap_mid,0.993167559206804,0.9903382543905644
1473450,2025,13,5,1,2.461538461538453,5.675675675675675,9.903614457831326,8.180000000000007,2,8,death_plus_v7_gap_mid,0.9930434580946172,0.9901761015681412
1473450,2025,13,6,1,2.461538461538453,4.833333333333334,10.214285714285714,13.039999999999992,2,8,death_plus_v7_gap_mid,0.994977351643592,0.9927314835283321
1473450,2025,14,1,1,2.461538461538453,4.9714285714285715,10.094117647058823,11.900000000000006,2,8,death_plus_v7_gap_mid,0.9949623670482006,0.9931138245520202
1473450,2025,14,2,1,2.461538461538453,4.9411764705882355,10.046511627906977,11.759999999999991,2,8,death_plus_v7_gap_mid,0.9950774560834925,0.9932614587419776
1473450,2025,14,3,1,2.461538461538453,4.909090909090909,10.0,11.620000000000005,2,8,death_plus_v7_gap_mid,0.9951087441070718,0.9933016322559896
1473450,2025,14,4,1,2.461538461538453,4.3125,10.159090909090908,14.480000000000018,2,8,death_plus_v7_gap_mid,0.9953753711340478,0.9936446534836422
1473450,2025,14,5,1,2.461538461538453,4.451612903225806,10.04494382022472,13.340000000000003,2,8,death_plus_v7_gap_mid,0.9954885120170908,0.993790587612594
1473450,2025,14,6,1,2.461538461538453,3.4,10.333333333333334,18.19999999999999,2,8,death_plus_v7_gap_mid,0.9959986117859079,0.9944515152793975
1473450,2025,15,1,1,2.461538461538453,3.5172413793103443,10.219780219780219,17.060000000000002,2,8,death_plus_v7_gap_mid,0.9959813771120769,0.9948180478262695
1473450,2025,15,2,1,2.461538461538453,3.6428571428571423,10.108695652173912,15.919999999999987,2,8,death_plus_v7_gap_mid,0.9960656042008577,0.9949213680822797
1473450,2025,15,3,1,2.461538461538453,2.444444444444444,10.387096774193548,20.78,2,8,death_plus_v7_gap_mid,0.9959843525340699,0.9948216958749128
1473450,2025,15,4,1,2.461538461538453,1.153846153846154,10.659574468085108,25.640000000000015,2,8,death_plus_v7_gap_mid,0.9963244225346084,0.9952395616397163
1473450,2025,15,5,1,2.461538461538453,0.24,10.8,28.5,2,8,death_plus_v7_gap_mid,0.9964130830274525,0.9953488157264267
1473450,2025,15,6,1,2.461538461538453,0.25,10.6875,27.360000000000014,2,8,death_plus_v7_gap_mid,0.9965255576044494,0.9954876100026759
1473451,2025,7,1,1,-27.214285714285722,9.194805194805195,7.255813953488372,-19.402500000000003,1,9,death_plus_v7_gap_mid,0.8489767316084729,0.808066969118014
1473451,2025,7,2,1,-27.214285714285722,9.0,7.636363636363637,-16.67,1,9,death_plus_v7_gap_mid,0.8677058190637661,0.8273702310111686
1473451,2025,7,3,1,-27.214285714285722,9.120000000000001,7.466666666666667,-17.9375,1,9,death_plus_v7_gap_mid,0.8617923959924207,0.8212161568055701
1473451,2025,7,4,1,-27.214285714285722,9.243243243243244,7.304347826086957,-19.205,1,9,death_plus_v7_gap_mid,0.8605986869898226,0.8199807451858819
1473451,2025,7,5,1,-27.214285714285722,9.287671232876711,7.276595744680852,-19.472499999999997,1,9,death_plus_v7_gap_mid,0.8620914533553357,0.8215260175293774
1473451,2025,7,6,1,-27.214285714285722,9.416666666666666,7.125,-20.739999999999995,1,9,death_plus_v7_gap_mid,0.8542392164824937,0.8134364963784855
1473451,2025,8,1,1,-27.214285714285722,9.464788732394366,7.1020408163265305,-21.007500000000007,1,9,death_plus_v7_gap_mid,0.8536942188569348,0.8182970902206705
1473451,2025,8,2,1,-27.214285714285722,9.257142857142858,7.4399999999999995,-18.27499999999999,1,9,death_plus_v7_gap_mid,0.8629883023158711,0.8278781865093378
1473451,2025,8,3,1,-27.214285714285722,8.869565217391305,8.0,-13.542500000000004,1,9,death_plus_v7_gap_mid,0.8956847629979026,0.8626344826806805
1473451,2025,8,4,1,-27.214285714285722,9.0,7.846153846153847,-14.810000000000002,1,9,death_plus_v7_gap_mid,0.8928061460900336,0.8595001919538632
1473451,2025,8,5,1,-27.214285714285722,8.597014925373134,8.377358490566037,-10.077499999999986,1,9,death_plus_v7_gap_mid,0.9218973803588488,0.8919928200609176
1473451,2025,8,6,1,-27.214285714285722,8.636363636363637,8.333333333333332,-10.344999999999985,1,9,death_plus_v7_gap_mid,0.9207155609858998,0.8906336334098847
1473451,2025,9,1,1,-27.214285714285722,8.676923076923076,8.290909090909091,-10.612499999999997,1,9,death_plus_v7_gap_mid,0.9184899461905804,0.8830387290284628
1473451,2025,9,2,1,-27.214285714285722,8.8125,8.142857142857142,-11.88000000000001,1,9,death_plus_v7_gap_mid,0.9133144790189767,0.8771433825495771
1473451,2025,9,3,1,-27.214285714285722,8.571428571428571,8.421052631578947,-9.147499999999994,1,9,death_plus_v7_gap_mid,0.9272985998930792,0.8932650617977909
1473451,2025,9,4,1,-27.214285714285722,8.612903225806452,8.379310344827587,-9.414999999999992,1,9,death_plus_v7_gap_mid,0.9232931786688621,0.888583458274061
1473451,2025,9,5,1,-27.214285714285722,8.655737704918034,8.338983050847459,-9.68249999999999,1,9,death_plus_v7_gap_mid,0.9211655806911241,0.8861183641502061
1473451,2025,9,6,1,-27.214285714285722,8.799999999999999,8.2,-10.950000000000003,1,9,death_plus_v7_gap_mid,0.9181396764575627,0.8826372141782045
1473451,2025,10,1,1,-27.214285714285722,8.949152542372882,8.065573770491802,-12.217500000000001,1,9,death_plus_v7_gap_mid,0.9096614444235307,0.8857915253760142
1473451,2025,10,2,1,-27.214285714285722,9.103448275862068,7.935483870967742,-13.484999999999985,1,9,death_plus_v7_gap_mid,0.9043938745675941,0.8801539737600614
1473451,2025,10,3,1,-27.214285714285722,8.842105263157894,8.19047619047619,-10.752499999999998,1,9,death_plus_v7_gap_mid,0.9217508002985736,0.8989359353137698
1473451,2025,10,4,1,-27.214285714285722,8.892857142857142,8.15625,-11.019999999999996,1,9,death_plus_v7_gap_mid,0.9188458528740988,0.8957495952826872
1473451,2025,10,5,1,-27.214285714285722,8.945454545454545,8.123076923076923,-11.287500000000009,1,9,death_plus_v7_gap_mid,0.9179194864000073,0.8947373416707219
1473451,2025,10,6,1,-27.214285714285722,9.11111111111111,8.0,-12.554999999999993,1,9,death_plus_v7_gap_mid,0.9092316018008803,0.8853295588657849
1473451,2025,11,1,1,-27.214285714285722,9.169811320754718,7.970149253731344,-12.822500000000005,1,9,death_plus_v7_gap_mid,0.9100507441908289,0.8926216404607176
1473451,2025,11,2,1,-27.214285714285722,8.653846153846153,8.382352941176471,-8.090000000000003,1,9,death_plus_v7_gap_mid,0.9326200448038446,0.9164850170878204
1473451,2025,11,3,1,-27.214285714285722,8.705882352941176,8.347826086956522,-8.357499999999987,1,9,death_plus_v7_gap_mid,0.9281742503104049,0.9117075221797089
1473451,2025,11,4,1,-27.214285714285722,8.399999999999999,8.571428571428571,-5.625,1,9,death_plus_v7_gap_mid,0.9414117941204808,0.9260631129351621
1473451,2025,11,5,1,-27.214285714285722,8.081632653061224,8.788732394366198,-2.8925000000000125,1,9,death_plus_v7_gap_mid,0.9486127234591331,0.9340538241371819
1473451,2025,11,6,1,-27.214285714285722,8.125,8.75,-3.1599999999999824,1,9,death_plus_v7_gap_mid,0.9470963565646497,0.9323592035475278
1473451,2025,12,1,1,-27.214285714285722,8.170212765957446,8.712328767123289,-3.427499999999995,1,9,death_plus_v7_gap_mid,0.9491515542799276,0.9351047744432855
1473451,2025,12,2,1,-27.214285714285722,8.217391304347826,8.675675675675677,-3.6950000000000074,1,9,death_plus_v7_gap_mid,0.9458456821614539,0.931383028305796
1473451,2025,12,3,1,-27.214285714285722,8.399999999999999,8.56,-11.299999999999997,2,8,death_plus_v7_gap_mid,0.9205532788181323,0.9037218001290047
1473451,2025,12,4,1,-27.214285714285722,8.590909090909092,8.447368421052632,-12.426666666666662,2,8,death_plus_v7_gap_mid,0.918738774378197,0.9017841644660218
1473451,2025,12,5,1,-27.214285714285722,8.790697674418604,8.337662337662337,-13.553333333333342,2,8,death_plus_v7_gap_mid,0.9168372788377366,0.8997594450956375
1473451,2025,12,6,1,-27.214285714285722,8.428571428571427,8.538461538461538,-10.679999999999993,2,8,death_plus_v7_gap_mid,0.932840459243488,0.9169964916140197
1473451,2025,13,1,1,-27.214285714285722,8.487804878048781,8.50632911392405,-10.806666666666644,2,8,death_plus_v7_gap_mid,0.9368408793573354,0.925081363897187
1473451,2025,13,2,1,-27.214285714285722,8.55,8.475000000000001,-10.933333333333337,2,8,death_plus_v7_gap_mid,0.9326153146106293,0.9205055511918309
1473451,2025,13,3,1,-27.214285714285722,8.615384615384615,8.444444444444445,-11.060000000000002,2,8,death_plus_v7_gap_mid,0.937422372822808,0.9257132042354691
1473451,2025,13,4,1,-27.214285714285722,8.68421052631579,8.414634146341463,-11.186666666666653,2,8,death_plus_v7_gap_mid,0.9342264814560114,0.9222470809153922
1473451,2025,13,5,1,-27.214285714285722,8.756756756756756,8.3855421686747,-11.313333333333333,2,8,death_plus_v7_gap_mid,0.9370482615887294,0.9253066406729886
1473451,2025,13,6,1,-27.214285714285722,8.0,8.714285714285714,-6.439999999999998,2,8,death_plus_v7_gap_mid,0.9551811700392385,0.9452949731946197
1473451,2025,14,1,1,-27.214285714285722,8.057142857142857,8.68235294117647,-6.566666666666663,2,8,death_plus_v7_gap_mid,0.9569524891760004,0.9487869720758295
1473451,2025,14,2,1,-27.214285714285722,8.294117647058822,8.58139534883721,-7.693333333333328,2,8,death_plus_v7_gap_mid,0.9507533707730971,0.9419522859670157
1473451,2025,14,3,1,-27.214285714285722,8.545454545454547,8.482758620689655,-8.819999999999993,2,8,death_plus_v7_gap_mid,0.9515350170523835,0.9428103694949611
1473451,2025,14,4,1,-27.214285714285722,8.625,8.454545454545455,-8.946666666666658,2,8,death_plus_v7_gap_mid,0.9489988607655253,0.9400298851062628
1473451,2025,14,5,1,-27.214285714285722,8.129032258064516,8.629213483146067,-6.0733333333333235,2,8,death_plus_v7_gap_mid,0.9589163512569863,0.9509669607936625
1473451,2025,14,6,1,-27.214285714285722,7.199999999999999,8.933333333333334,-1.200000000000017,2,8,death_plus_v7_gap_mid,0.977966404923826,0.9725833602799862
1473451,2025,15,1,1,-27.214285714285722,7.241379310344827,8.901098901098901,-1.3266666666666538,2,8,death_plus_v7_gap_mid,0.9763691893016222,0.9721325609710895
1473451,2025,15,2,1,-27.214285714285722,7.5,8.804347826086957,-2.4533333333333474,2,8,death_plus_v7_gap_mid,0.9744303500518297,0.9699703007519911
1473451,2025,15,3,1,-27.214285714285722,7.555555555555555,8.774193548387096,-2.579999999999984,2,8,death_plus_v7_gap_mid,0.9743690932312028,0.9699021367906997
1473451,2025,15,4,1,-27.214285714285722,7.846153846153847,8.680851063829788,-3.7066666666666777,2,8,death_plus_v7_gap_mid,0.9696431084610091,0.9646690680224939
1473451,2025,15,5,1,-27.214285714285722,7.92,8.652631578947368,-3.8333333333333144,2,8,death_plus_v7_gap_mid,0.9686428726490266,0.9635676228134766
1473451,2025,15,6,1,-27.214285714285722,7.25,8.8125,-0.960000000000008,2,8,death_plus_v7_gap_mid,0.9797547805248756,0.9759323475307263
1473452,2025,7,1,0,5.64705882352942,11.61038961038961,7.255813953488372,-71.0,4,6,death_plus_v7_gap_mid,0.07041574331631256,0.10139461329911686
1473452,2025,7,2,0,5.64705882352942,11.68421052631579,7.2272727272727275,-71.00000000000003,4,6,death_plus_v7_gap_mid,0.06980734806209078,0.10068232660268715
1473452,2025,7,3,0,5.64705882352942,11.84,7.066666666666666,-72.0,4,6,death_plus_v7_gap_mid,0.06379932065598756,0.09357838066880556
1473452,2025,7,4,0,5.64705882352942,11.91891891891892,7.043478260869566,-72.0,4,6,death_plus_v7_gap_mid,0.059587055358793786,0.08851709170400288
1473452,2025,7,5,0,5.64705882352942,12.0,7.0212765957446805,-72.0,4,6,death_plus_v7_gap_mid,0.05773847931310481,0.08627335112234007
1473452,2025,7,6,0,5.64705882352942,12.083333333333332,7.0,-72.0,4,6,death_plus_v7_gap_mid,0.05639337534118044,0.08463164265023908
1473452,2025,8,1,0,5.64705882352942,12.169014084507042,6.979591836734693,-72.0,4,6,death_plus_v7_gap_mid,0.05398648605669765,0.07741217703974847
1473452,2025,8,2,0,5.64705882352942,12.257142857142856,6.959999999999999,-71.99999999999997,4,6,death_plus_v7_gap_mid,0.05358043547297031,0.07692311814107114
1473452,2025,8,3,0,5.64705882352942,12.08695652173913,7.2941176470588225,-69.0,4,6,death_plus_v7_gap_mid,0.06513907295593765,0.09061111479646448
1473452,2025,8,4,0,5.64705882352942,12.176470588235293,7.269230769230768,-69.0,4,6,death_plus_v7_gap_mid,0.06648286682708904,0.09217336819158581
1473452,2025,8,5,0,5.64705882352942,12.358208955223882,7.132075471698113,-70.0,4,6,death_plus_v7_gap_mid,0.06651373776730662,0.09220919185589405
1473452,2025,8,6,0,5.64705882352942,12.545454545454545,7.0,-71.0,4,6,death_plus_v7_gap_mid,0.06069547898180298,0.08540381535507255
1473452,2025,9,1,0,5.64705882352942,12.646153846153847,6.9818181818181815,-71.0,4,6,death_plus_v7_gap_mid,0.05746195443372196,0.08968484598596517
1473452,2025,9,2,0,5.64705882352942,12.65625,7.071428571428571,-70.0,4,6,death_plus_v7_gap_mid,0.060952097212830285,0.09403050628280181
1473452,2025,9,3,0,5.64705882352942,12.857142857142858,6.947368421052632,-81.5,5,5,death_plus_v7_gap_mid,0.02518674393312635,0.04603818996059089
1473452,2025,9,4,0,5.64705882352942,13.064516129032256,6.827586206896552,-82.33333333333334,5,5,death_plus_v7_gap_mid,0.022212053065686403,0.04156005949111582
1473452,2025,9,5,0,5.64705882352942,12.885245901639344,7.11864406779661,-79.16666666666666,5,5,death_plus_v7_gap_mid,0.031243010730783102,0.05484481639401712
1473452,2025,9,6,0,5.64705882352942,13.0,7.1,-79.0,5,5,death_plus_v7_gap_mid,0.029825438479064305,0.05281704366832467
1473452,2025,9,7,0,5.64705882352942,13.118644067796609,7.081967213114754,-78.83333333333334,5,5,death_plus_v7_gap_mid,0.026067891000149106,0.04734396449271671
1473452,2025,10,1,0,5.64705882352942,13.118644067796609,7.081967213114754,-78.83333333333334,5,5,death_plus_v7_gap_mid,0.02665064496008903,0.04266341444616494
1473452,2025,10,2,0,5.64705882352942,13.241379310344827,7.064516129032258,-78.66666666666666,5,5,death_plus_v7_gap_mid,0.024744897917943973,0.040028225527687006
1473452,2025,10,3,0,5.64705882352942,13.368421052631579,7.0476190476190474,-78.5,5,5,death_plus_v7_gap_mid,0.024450001201666186,0.03961776479168831
1473452,2025,10,4,0,5.64705882352942,13.5,7.03125,-78.33333333333331,5,5,death_plus_v7_gap_mid,0.022485704405222753,0.036864178726267564
1473452,2025,10,5,0,5.64705882352942,13.745454545454546,6.9230769230769225,-88.33333333333334,6,4,death_plus_v7_gap_mid,0.009478339276644307,0.01748174953772427
1473452,2025,10,6,0,5.64705882352942,13.555555555555554,7.181818181818182,-85.0,6,4,death_plus_v7_gap_mid,0.01288584173440193,0.02280451620543295
1473452,2025,10,7,0,5.64705882352942,13.69811320754717,7.164179104477611,-84.66666666666669,6,4,death_plus_v7_gap_mid,0.012317270486611506,0.021931782772926033
1473452,2025,11,1,0,5.64705882352942,13.69811320754717,7.164179104477611,-84.66666666666669,6,4,death_plus_v7_gap_mid,0.01313163651423862,0.02273819387124451
1473452,2025,11,2,0,5.64705882352942,13.73076923076923,7.235294117647058,-83.33333333333334,6,4,death_plus_v7_gap_mid,0.013282357695847423,0.02296704261425163
1473452,2025,11,3,0,5.64705882352942,14.0,7.130434782608695,-84.0,6,4,death_plus_v7_gap_mid,0.012031298531132429,0.02105689365817177
1473452,2025,11,4,0,5.64705882352942,14.28,7.0285714285714285,-84.66666666666666,6,4,death_plus_v7_gap_mid,0.009881232558919067,0.017712176940832058
1473452,2025,11,5,0,5.64705882352942,14.448979591836736,7.014084507042254,-84.33333333333334,6,4,death_plus_v7_gap_mid,0.009390588725381477,0.01693651124944467
1473452,2025,11,6,0,5.64705882352942,14.625,7.0,-84.0,6,4,death_plus_v7_gap_mid,0.009043103737945991,0.016384077227377104
1473452,2025,12,1,0,5.64705882352942,14.808510638297872,6.986301369863014,-83.66666666666666,6,4,death_plus_v7_gap_mid,0.008883694304398638,0.014765038476036189
1473452,2025,12,2,0,5.64705882352942,15.130434782608695,6.891891891891892,-84.33333333333334,6,4,death_plus_v7_gap_mid,0.007474035357316763,0.012652051947409685
1473452,2025,12,3,0,5.64705882352942,15.466666666666669,6.8,-85.0,6,4,death_plus_v7_gap_mid,0.006985194274300345,0.011909395911795408
1473452,2025,12,4,0,5.64705882352942,15.272727272727273,7.026315789473684,-81.66666666666666,6,4,death_plus_v7_gap_mid,0.008882297603324825,0.014762964248745531
1473452,2025,12,5,0,5.64705882352942,15.488372093023257,7.012987012987013,-81.33333333333334,6,4,death_plus_v7_gap_mid,0.008626149440039168,0.01438194325803111
1473452,2025,12,6,0,5.64705882352942,15.714285714285715,7.0,-81.0,6,4,death_plus_v7_gap_mid,0.008489355691997168,0.014177950805742473
1473452,2025,13,1,0,5.64705882352942,15.21951219512195,7.367088607594937,-75.66666666666666,6,4,death_plus_v7_gap_mid,0.012896454658627488,0.017816483987822925
1473452,2025,13,2,0,5.64705882352942,14.700000000000001,7.7250000000000005,-70.33333333333334,6,4,death_plus_v7_gap_mid,0.020730514246878388,0.02759529229140613
1473452,2025,13,3,0,5.64705882352942,15.076923076923077,7.62962962962963,-71.0,6,4,death_plus_v7_gap_mid,0.01682740890042956,0.022770751228473843
1473452,2025,13,4,0,5.64705882352942,15.315789473684212,7.609756097560975,-70.66666666666666,6,4,death_plus_v7_gap_mid,0.015625411079687283,0.021267073694778586
1473452,2025,13,5,0,5.64705882352942,15.567567567567568,7.590361445783133,-70.33333333333334,6,4,death_plus_v7_gap_mid,0.014845492527452724,0.020286350434171558
1473452,2025,13,6,0,5.64705882352942,15.833333333333332,7.571428571428571,-70.0,6,4,death_plus_v7_gap_mid,0.014029028016184775,0.0192551372231367
1473452,2025,14,1,0,5.64705882352942,15.600000000000001,7.764705882352942,-66.66666666666666,6,4,death_plus_v7_gap_mid,0.01718077602342978,0.0219597487622311
1473452,2025,14,2,0,5.64705882352942,15.882352941176471,7.744186046511628,-66.33333333333334,6,4,death_plus_v7_gap_mid,0.015481718060070286,0.019922296677237866
1473452,2025,14,3,0,5.64705882352942,16.18181818181818,7.724137931034482,-66.0,6,4,death_plus_v7_gap_mid,0.013680422587801808,0.017745498324963877
1473452,2025,14,4,0,5.64705882352942,16.6875,7.636363636363637,-72.0,7,3,death_plus_v7_gap_mid,0.004725819044741533,0.006555893249489873
1473452,2025,14,5,0,5.64705882352942,17.032258064516128,7.617977528089888,-71.5,7,3,death_plus_v7_gap_mid,0.0048119923450453995,0.0066679319919693706
1473452,2025,14,6,0,5.64705882352942,17.4,7.6,-71.0,7,3,death_plus_v7_gap_mid,0.004706280083921726,0.006530471532706245
1473452,2025,15,1,0,5.64705882352942,18.0,7.516483516483516,-76.33333333333334,8,2,death_plus_v7_gap_mid,0.003968671838422957,0.005220526325471094
1473452,2025,15,2,0,5.64705882352942,18.642857142857142,7.434782608695652,-81.33333333333334,9,1,death_plus_v7_gap_mid,0.0029842937397136092,0.003981043599232828
1473452,2025,15,3,0,5.64705882352942,19.333333333333336,7.35483870967742,-81.5,9,1,death_plus_v7_gap_mid,0.003061281015216549,0.0040786455295817705
1473452,2025,15,4,0,5.64705882352942,20.076923076923077,7.276595744680852,-81.66666666666666,9,1,death_plus_v7_gap_mid,0.0030296509841513117,0.004038561010376213
1473452,2025,15,5,0,5.64705882352942,20.64,7.2631578947368425,-80.83333333333331,9,1,death_plus_v7_gap_mid,0.0030287443099144833,0.004037411681672429
1473452,2025,15,6,0,5.64705882352942,21.25,7.25,-80.0,9,1,death_plus_v7_gap_mid,0.002997408474472505,0.003997678813011389
1473452,2025,15,7,0,5.64705882352942,21.913043478260867,7.237113402061855,-79.16666666666666,9,1,death_plus_v7_gap_mid,0.003054545043202825,0.00407011081739316
1473453,2025,7,1,0,34.28571428571428,10.051948051948052,10.465116279069768,-23.793333333333322,2,8,death_plus_v7_gap_mid,0.3657519990671692,0.3831853782947525
1473453,2025,7,2,0,34.28571428571428,10.105263157894736,10.363636363636363,-24.14666666666666,2,8,death_plus_v7_gap_mid,0.36807439481559967,0.3851731149180746
1473453,2025,7,3,0,34.28571428571428,9.92,10.666666666666666,-21.5,2,8,death_plus_v7_gap_mid,0.4382101714461003,0.44467319459599997
1473453,2025,7,4,0,34.28571428571428,9.972972972972972,10.565217391304348,-21.853333333333325,2,8,death_plus_v7_gap_mid,0.4384288307298142,0.4448575075754645
1473453,2025,7,5,0,34.28571428571428,9.78082191780822,10.851063829787234,-19.206666666666678,2,8,death_plus_v7_gap_mid,0.4716775143624718,0.4728380612444025
1473453,2025,7,6,0,34.28571428571428,9.833333333333332,10.75,-19.560000000000002,2,8,death_plus_v7_gap_mid,0.4702382243398621,0.47162820075842943
1473453,2025,8,1,0,34.28571428571428,9.971830985915492,10.53061224489796,-32.92416666666668,3,7,death_plus_v7_gap_mid,0.15502906120876236,0.18650807002930497
1473453,2025,8,2,0,34.28571428571428,10.114285714285714,10.32,-34.108333333333334,3,7,death_plus_v7_gap_mid,0.14498838247717483,0.17643907258526345
1473453,2025,8,3,0,34.28571428571428,10.173913043478262,10.235294117647058,-34.292500000000004,3,7,death_plus_v7_gap_mid,0.1436376730554167,0.17507520510580962
1473453,2025,8,4,0,34.28571428571428,10.323529411764707,10.038461538461538,-35.476666666666674,3,7,death_plus_v7_gap_mid,0.1462408814432527,0.17770174186725274
1473453,2025,8,5,0,34.28571428571428,10.388059701492537,9.962264150943398,-35.66083333333333,3,7,death_plus_v7_gap_mid,0.1487571541855121,0.18023262599116055
1473453,2025,8,6,0,34.28571428571428,10.454545454545455,9.88888888888889,-35.845,3,7,death_plus_v7_gap_mid,0.1446397447858322,0.1760872572387031
1473453,2025,9,1,0,34.28571428571428,10.523076923076923,9.818181818181818,-36.02916666666667,3,7,death_plus_v7_gap_mid,0.14477160891735713,0.18716844916540554
1473453,2025,9,2,0,34.28571428571428,10.3125,10.071428571428571,-33.21333333333334,3,7,death_plus_v7_gap_mid,0.18484877977635594,0.22697727215904534
1473453,2025,9,3,0,34.28571428571428,10.380952380952381,10.0,-33.39750000000001,3,7,death_plus_v7_gap_mid,0.18343427187040315,0.22560685848099235
1473453,2025,9,4,0,34.28571428571428,10.451612903225806,9.931034482758621,-33.58166666666665,3,7,death_plus_v7_gap_mid,0.17994310426115964,0.22221466105423593
1473453,2025,9,5,0,34.28571428571428,10.524590163934427,9.864406779661017,-33.76583333333335,3,7,death_plus_v7_gap_mid,0.17044491424133854,0.2129120212555223
1473453,2025,9,6,0,34.28571428571428,10.299999999999999,10.1,-30.950000000000017,3,7,death_plus_v7_gap_mid,0.22847607516608912,0.2682379331568983
1473453,2025,10,1,0,34.28571428571428,10.474576271186441,9.934426229508198,-32.13416666666669,3,7,death_plus_v7_gap_mid,0.22412869117176396,0.2586389785623877
1473453,2025,10,2,0,34.28571428571428,10.241379310344827,10.161290322580646,-29.318333333333328,3,7,death_plus_v7_gap_mid,0.2976628672041711,0.3277704259803502
1473453,2025,10,3,0,34.28571428571428,10.0,10.380952380952381,-26.502499999999998,3,7,death_plus_v7_gap_mid,0.3629920794698532,0.3870498873080056
1473453,2025,10,4,0,34.28571428571428,10.071428571428571,10.3125,-26.686666666666667,3,7,death_plus_v7_gap_mid,0.35391449648594553,0.3789032711781836
1473453,2025,10,5,0,34.28571428571428,10.145454545454545,10.246153846153845,-26.870833333333337,3,7,death_plus_v7_gap_mid,0.34541165685470127,0.37124878638709286
1473453,2025,10,6,0,34.28571428571428,10.333333333333334,10.090909090909092,-28.055000000000007,3,7,death_plus_v7_gap_mid,0.3221344821482803,0.35016545551394385
1473453,2025,11,1,0,34.28571428571428,10.528301886792454,9.940298507462686,-29.239166666666677,3,7,death_plus_v7_gap_mid,0.3021523515622706,0.3374358990028615
1473453,2025,11,2,0,34.28571428571428,10.730769230769232,9.794117647058822,-30.423333333333318,3,7,death_plus_v7_gap_mid,0.2685847926017574,0.3056085757451319
1473453,2025,11,3,0,34.28571428571428,10.941176470588236,9.652173913043478,-31.607500000000016,3,7,death_plus_v7_gap_mid,0.2591817926599338,0.29658148811659163
1473453,2025,11,4,0,34.28571428571428,11.040000000000001,9.600000000000001,-31.791666666666657,3,7,death_plus_v7_gap_mid,0.25853913363335834,0.29596259211566256
1473453,2025,11,5,0,34.28571428571428,11.26530612244898,9.464788732394366,-32.97583333333333,3,7,death_plus_v7_gap_mid,0.24073006712113332,0.2787086011658227
1473453,2025,11,6,0,34.28571428571428,11.375,9.416666666666666,-33.16,3,7,death_plus_v7_gap_mid,0.23412773625943156,0.272258871253899
1473453,2025,12,1,0,34.28571428571428,11.48936170212766,9.36986301369863,-33.344166666666666,3,7,death_plus_v7_gap_mid,0.22478443361188452,0.25433549452722093
1473453,2025,12,2,0,34.28571428571428,11.608695652173912,9.324324324324323,-33.528333333333336,3,7,death_plus_v7_gap_mid,0.21376961198065003,0.24352224157556218
1473453,2025,12,3,0,34.28571428571428,11.733333333333333,9.28,-33.712500000000006,3,7,death_plus_v7_gap_mid,0.2086944475767601,0.23851360626556123
1473453,2025,12,4,0,34.28571428571428,11.863636363636363,9.236842105263158,-33.896666666666675,3,7,death_plus_v7_gap_mid,0.1914044617073214,0.22131660147437054
1473453,2025,12,5,0,34.28571428571428,12.0,9.194805194805195,-34.080833333333345,3,7,death_plus_v7_gap_mid,0.18369140797274827,0.2135739870331287
1473453,2025,12,6,0,34.28571428571428,12.142857142857142,9.153846153846153,-34.265000000000015,3,7,death_plus_v7_gap_mid,0.17442519237354828,0.20420984882210208
1473453,2025,12,7,0,34.28571428571428,11.853658536585366,9.341772151898734,-31.449166666666684,3,7,death_plus_v7_gap_mid,0.24365683026399035,0.27269281908961807
1473453,2025,12,8,0,34.28571428571428,11.850000000000001,9.375,-30.633333333333354,3,7,death_plus_v7_gap_mid,0.25319172864395095,0.28189210171929846
1473453,2025,13,1,0,34.28571428571428,11.560975609756097,9.49367088607595,-29.449166666666684,3,7,death_plus_v7_gap_mid,0.29551365725652745,0.31155744966315524
1473453,2025,13,2,0,34.28571428571428,11.7,9.45,-29.633333333333354,3,7,death_plus_v7_gap_mid,0.29824258504273193,0.31416355092445947
1473453,2025,13,3,0,34.28571428571428,12.0,9.333333333333334,-30.817499999999995,3,7,death_plus_v7_gap_mid,0.2519253960169717,0.26963130297090204
1473453,2025,13,4,0,34.28571428571428,11.68421052631579,9.512195121951219,-28.001666666666665,3,7,death_plus_v7_gap_mid,0.33223731098104464,0.3464708733219811
1473453,2025,13,5,0,34.28571428571428,11.675675675675677,9.542168674698795,-27.185833333333335,3,7,death_plus_v7_gap_mid,0.3595690082224081,0.37226128093658717
1473453,2025,13,6,0,34.28571428571428,11.833333333333334,9.5,-27.370000000000005,3,7,death_plus_v7_gap_mid,0.3569697567491845,0.3698148053928567
1473453,2025,14,1,0,34.28571428571428,12.0,9.458823529411765,-27.554166666666674,3,7,death_plus_v7_gap_mid,0.3542117043951741,0.36382181277784525
1473453,2025,14,2,0,34.28571428571428,12.176470588235293,9.41860465116279,-27.738333333333344,3,7,death_plus_v7_gap_mid,0.33539320675747425,0.34590513601224665
1473453,2025,14,3,0,34.28571428571428,12.363636363636363,9.379310344827587,-27.922499999999985,3,7,death_plus_v7_gap_mid,0.318871778832568,0.3301261301614569
1473453,2025,14,4,0,34.28571428571428,12.0,9.545454545454545,-25.106666666666683,3,7,death_plus_v7_gap_mid,0.42401869055855756,0.42987946094442253
1473453,2025,14,5,0,34.28571428571428,12.0,9.573033707865168,-24.290833333333325,3,7,death_plus_v7_gap_mid,0.4358476085941568,0.44102633604674063
1473453,2025,14,6,0,34.28571428571428,12.400000000000002,9.466666666666667,-25.474999999999994,3,7,death_plus_v7_gap_mid,0.408433321284787,0.41517580667557336
1473453,2025,14,7,0,34.28571428571428,12.620689655172413,9.428571428571429,-25.659166666666664,3,7,death_plus_v7_gap_mid,0.39302647027232185,0.4006184190792847
1473453,2025,15,1,0,34.28571428571428,12.413793103448278,9.494505494505495,-24.659166666666664,3,7,death_plus_v7_gap_mid,0.41501126238353814,0.4213891665682123
1473453,2025,15,2,0,34.28571428571428,12.42857142857143,9.521739130434781,-23.843333333333334,3,7,death_plus_v7_gap_mid,0.4066774446339597,0.4134191829297671
1473453,2025,15,3,0,34.28571428571428,12.666666666666668,9.483870967741936,-24.027500000000003,3,7,death_plus_v7_gap_mid,0.39431644669946786,0.4015866386494829
1473453,2025,15,4,0,34.28571428571428,13.153846153846155,9.382978723404255,-25.211666666666673,3,7,death_plus_v7_gap_mid,0.3811963905129852,0.3890113562858955
1473453,2025,15,5,0,34.28571428571428,12.72,9.536842105263158,-22.395833333333314,3,7,death_plus_v7_gap_mid,0.44141334394562604,0.44660401687450324
1473453,2025,15,6,0,34.28571428571428,13.0,9.5,-22.579999999999984,3,7,death_plus_v7_gap_mid,0.4322655405596083,0.43787300542284247
1473454,2025,7,1,0,17.51724137931035,10.51948051948052,6.837209302325581,-51.802499999999995,3,7,death_plus_v7_gap_mid,0.07899246861035028,0.11130812248911308
1473454,2025,7,2,0,17.51724137931035,10.578947368421051,6.818181818181818,-51.86999999999999,3,7,death_plus_v7_gap_mid,0.07783250578957829,0.10998075686152957
1473454,2025,7,3,0,17.51724137931035,10.719999999999999,6.666666666666667,-52.9375,3,7,death_plus_v7_gap_mid,0.08067986259346664,0.11323193366099239
1473454,2025,7,4,0,17.51724137931035,10.783783783783784,6.6521739130434785,-53.00500000000001,3,7,death_plus_v7_gap_mid,0.07743702471796166,0.1095272770850802
1473454,2025,7,5,0,17.51724137931035,10.84931506849315,6.638297872340425,-53.072500000000005,3,7,death_plus_v7_gap_mid,0.07556289658430428,0.10737180340334634
1473454,2025,7,6,0,17.51724137931035,11.0,6.5,-54.140000000000015,3,7,death_plus_v7_gap_mid,0.07290478954874596,0.1042957910211426
1473454,2025,8,1,0,17.51724137931035,11.070422535211268,6.4897959183673475,-54.20750000000001,3,7,death_plus_v7_gap_mid,0.06907993465449802,0.09517695885897957
1473454,2025,8,2,0,17.51724137931035,11.057142857142857,6.6000000000000005,-53.275000000000006,3,7,death_plus_v7_gap_mid,0.07203661767622058,0.09857221933748563
1473454,2025,8,3,0,17.51724137931035,11.130434782608695,6.588235294117648,-53.3425,3,7,death_plus_v7_gap_mid,0.07082226995415436,0.09718079347573948
1473454,2025,8,4,0,17.51724137931035,11.205882352941178,6.5769230769230775,-53.41000000000001,3,7,death_plus_v7_gap_mid,0.0674839057983336,0.09333351754227827
1473454,2025,8,5,0,17.51724137931035,11.28358208955224,6.566037735849056,-53.47749999999999,3,7,death_plus_v7_gap_mid,0.06803008609698269,0.09396522526045487
1473454,2025,8,6,0,17.51724137931035,11.363636363636363,6.555555555555555,-53.545,3,7,death_plus_v7_gap_mid,0.06813212931899057,0.09408314792097444
1473454,2025,9,1,0,17.51724137931035,10.984615384615385,7.090909090909092,-48.6125,3,7,death_plus_v7_gap_mid,0.10370922755858367,0.14371152996304562
1473454,2025,9,2,0,17.51724137931035,11.15625,6.964285714285715,-59.43999999999998,4,6,death_plus_v7_gap_mid,0.04886664253420994,0.07872976359427222
1473454,2025,9,3,0,17.51724137931035,11.238095238095237,6.947368421052632,-59.355000000000004,4,6,death_plus_v7_gap_mid,0.054514362540743634,0.08597032330002563
1473454,2025,9,4,0,17.51724137931035,11.322580645161292,6.931034482758621,-59.269999999999996,4,6,death_plus_v7_gap_mid,0.056758771454437126,0.08880249793545439
1473454,2025,9,5,0,17.51724137931035,11.40983606557377,6.915254237288136,-59.18500000000002,4,6,death_plus_v7_gap_mid,0.061259813919878184,0.09441103380310979
1473454,2025,9,6,0,17.51724137931035,11.5,6.8999999999999995,-59.099999999999994,4,6,death_plus_v7_gap_mid,0.06162113808830023,0.09485732566412777
1473454,2025,10,1,0,17.51724137931035,11.491525423728813,6.983606557377049,-58.015000000000015,4,6,death_plus_v7_gap_mid,0.06564385218521541,0.09213504492593011
1473454,2025,10,2,0,17.51724137931035,11.482758620689655,7.064516129032258,-56.93000000000001,4,6,death_plus_v7_gap_mid,0.06735511845887043,0.09416883887018326
1473454,2025,10,3,0,17.51724137931035,11.578947368421053,7.0476190476190474,-56.84500000000003,4,6,death_plus_v7_gap_mid,0.0694324268979443,0.09662606450619333
1473454,2025,10,4,0,17.51724137931035,11.785714285714285,6.9375,-66.29999999999998,5,5,death_plus_v7_gap_mid,0.023041841281392854,0.03764731412267204
1473454,2025,10,5,0,17.51724137931035,11.89090909090909,6.9230769230769225,-66.0625,5,5,death_plus_v7_gap_mid,0.023906459897764173,0.03885925787935652
1473454,2025,10,6,0,17.51724137931035,12.0,6.90909090909091,-65.82500000000002,5,5,death_plus_v7_gap_mid,0.02545646059487948,0.0410156179490896
1473454,2025,11,1,0,17.51724137931035,12.113207547169813,6.895522388059701,-65.5875,5,5,death_plus_v7_gap_mid,0.022327037612148784,0.03619153138314389
1473454,2025,11,2,0,17.51724137931035,12.115384615384615,6.970588235294118,-64.35,5,5,death_plus_v7_gap_mid,0.026100614851417892,0.041476825451291895
1473454,2025,11,3,0,17.51724137931035,12.352941176470587,6.869565217391305,-65.11249999999998,5,5,death_plus_v7_gap_mid,0.02543086867334712,0.04054691691301534
1473454,2025,11,4,0,17.51724137931035,12.600000000000001,6.771428571428571,-65.875,5,5,death_plus_v7_gap_mid,0.02247088355303702,0.03639513590539333
1473454,2025,11,5,0,17.51724137931035,12.73469387755102,6.76056338028169,-65.63750000000002,5,5,death_plus_v7_gap_mid,0.02261600267070988,0.036600362358276246
1473454,2025,11,6,0,17.51724137931035,13.0,6.666666666666667,-66.4,5,5,death_plus_v7_gap_mid,0.021646998078945226,0.03522653646114483
1473454,2025,12,1,0,17.51724137931035,13.148936170212766,6.657534246575342,-66.1625,5,5,death_plus_v7_gap_mid,0.018123180241134088,0.027886390343145127
1473454,2025,12,2,0,17.51724137931035,13.304347826086957,6.648648648648649,-65.92500000000001,5,5,death_plus_v7_gap_mid,0.019094858361594302,0.029212842686033226
1473454,2025,12,3,0,17.51724137931035,13.466666666666667,6.640000000000001,-65.6875,5,5,death_plus_v7_gap_mid,0.017556476748986576,0.027108944657102813
1473454,2025,12,4,0,17.51724137931035,13.636363636363637,6.631578947368421,-65.44999999999999,5,5,death_plus_v7_gap_mid,0.019037830219301548,0.02913521566049027
1473454,2025,12,5,0,17.51724137931035,13.813953488372093,6.623376623376624,-65.2125,5,5,death_plus_v7_gap_mid,0.01735382545456913,0.02683022473458024
1473454,2025,12,6,0,17.51724137931035,14.0,6.615384615384616,-64.975,5,5,death_plus_v7_gap_mid,0.01756931762613529,0.027126592877751418
1473454,2025,13,1,0,17.51724137931035,14.195121951219512,6.607594936708861,-64.73749999999998,5,5,death_plus_v7_gap_mid,0.01913766448881097,0.025636466177394908
1473454,2025,13,2,0,17.51724137931035,14.399999999999999,6.6000000000000005,-64.5,5,5,death_plus_v7_gap_mid,0.016952480894140455,0.02292669416614594
1473454,2025,13,3,0,17.51724137931035,14.46153846153846,6.666666666666667,-63.26250000000002,5,5,death_plus_v7_gap_mid,0.018216882332716983,0.02449795381325854
1473454,2025,13,4,0,17.51724137931035,14.842105263157896,6.585365853658537,-64.025,5,5,death_plus_v7_gap_mid,0.014870553076293409,0.020317927857011624
1473454,2025,13,5,0,17.51724137931035,15.08108108108108,6.578313253012048,-63.787499999999994,5,5,death_plus_v7_gap_mid,0.013955975877768804,0.01916263585050515
1473454,2025,13,6,0,17.51724137931035,14.833333333333334,6.785714285714286,-60.54999999999998,5,5,death_plus_v7_gap_mid,0.017756420675754343,0.023926824666051595
1473454,2025,13,7,0,17.51724137931035,15.085714285714285,6.776470588235294,-60.3125,5,5,death_plus_v7_gap_mid,0.016600726211149705,0.022487872670478953
1473454,2025,14,1,0,17.51724137931035,15.085714285714285,6.776470588235294,-60.3125,5,5,death_plus_v7_gap_mid,0.016807796000055858,0.02151371319360494
1473454,2025,14,2,0,17.51724137931035,15.176470588235293,6.837209302325581,-59.07500000000002,5,5,death_plus_v7_gap_mid,0.01799902403738044,0.02293596103143287
1473454,2025,14,3,0,17.51724137931035,14.90909090909091,7.034482758620689,-55.837500000000006,5,5,death_plus_v7_gap_mid,0.024354143522139073,0.03042302299291111
1473454,2025,14,4,0,17.51724137931035,15.375,6.954545454545455,-56.599999999999994,5,5,death_plus_v7_gap_mid,0.021171532117263997,0.02669321584018062
1473454,2025,14,5,0,17.51724137931035,15.870967741935484,6.876404494382022,-57.36250000000001,5,5,death_plus_v7_gap_mid,0.0191966748316856,0.02435935509449265
1473454,2025,14,6,0,17.51724137931035,15.600000000000001,7.066666666666666,-54.125,5,5,death_plus_v7_gap_mid,0.02450922792073199,0.03060385730009052
1473454,2025,15,1,0,17.51724137931035,15.931034482758623,7.054945054945055,-53.88749999999999,5,5,death_plus_v7_gap_mid,0.02082867173696971,0.025197185577031163
1473454,2025,15,2,0,17.51724137931035,16.285714285714285,7.043478260869566,-53.650000000000006,5,5,death_plus_v7_gap_mid,0.02182228854691896,0.02633480127656411
1473454,2025,15,3,0,17.51724137931035,16.666666666666664,7.03225806451613,-53.412499999999994,5,5,death_plus_v7_gap_mid,0.019547435034841753,0.023725788223109334
1473454,2025,15,4,0,17.51724137931035,17.307692307692307,6.957446808510638,-54.17499999999998,5,5,death_plus_v7_gap_mid,0.015859101091526356,0.01945890317165706
1473454,2025,15,5,0,17.51724137931035,18.0,6.88421052631579,-54.9375,5,5,death_plus_v7_gap_mid,0.012893029718769579,0.015988567361413297
1473454,2025,15,6,0,17.51724137931035,18.5,6.875,-54.70000000000002,5,5,death_plus_v7_gap_mid,0.012006413768043026,0.01494327645234379
1473454,2025,15,7,0,17.51724137931035,19.043478260869563,6.865979381443299,-54.462500000000006,5,5,death_plus_v7_gap_mid,0.011014631932113907,0.01376910715583809
1473454,2025,15,8,0,17.51724137931035,19.636363636363637,6.857142857142857,-54.224999999999994,5,5,death_plus_v7_gap_mid,0.011246378839248127,0.014043956037106127
1473455,2025,7,1,0,37.599999999999994,12.545454545454545,6.279069767441861,-81.075,4,6,death_plus_v7_gap_mid,0.033886464149488954,0.05578504396937299
1473455,2025,7,2,0,37.599999999999994,12.394736842105264,6.681818181818182,-78.10000000000002,4,6,death_plus_v7_gap_mid,0.05180210746245863,0.07896738007766341
1473455,2025,7,3,0,37.599999999999994,12.559999999999999,6.533333333333333,-79.125,4,6,death_plus_v7_gap_mid,0.0479443626929109,0.07413044475339853
1473455,2025,7,4,0,37.599999999999994,12.72972972972973,6.391304347826088,-80.15,4,6,death_plus_v7_gap_mid,0.0373150871452615,0.060377273400705145
1473455,2025,7,5,0,37.599999999999994,12.82191780821918,6.382978723404255,-80.17500000000001,4,6,death_plus_v7_gap_mid,0.03502325094551571,0.05731715063865267
1473455,2025,7,6,0,37.599999999999994,13.0,6.25,-81.19999999999999,4,6,death_plus_v7_gap_mid,0.03006329815182477,0.050557396235083554
1473455,2025,8,1,0,37.599999999999994,13.098591549295776,6.244897959183674,-81.225,4,6,death_plus_v7_gap_mid,0.027656535176183387,0.04405009284839679
1473455,2025,8,2,0,37.599999999999994,13.200000000000001,6.24,-81.24999999999997,4,6,death_plus_v7_gap_mid,0.027895289097591057,0.04437165831239739
1473455,2025,8,3,0,37.599999999999994,13.043478260869565,6.588235294117648,-78.275,4,6,death_plus_v7_gap_mid,0.035526382685996234,0.05443128387510134
1473455,2025,8,4,0,37.599999999999994,13.147058823529413,6.5769230769230775,-78.30000000000001,4,6,death_plus_v7_gap_mid,0.034244734571850746,0.052769167666664174
1473455,2025,8,5,0,37.599999999999994,13.253731343283583,6.566037735849056,-78.32500000000002,4,6,death_plus_v7_gap_mid,0.03362283476415469,0.05195891388508605
1473455,2025,8,6,0,37.599999999999994,13.363636363636363,6.555555555555555,-78.35,4,6,death_plus_v7_gap_mid,0.03357922921936708,0.051902008069214745
1473455,2025,9,1,0,37.599999999999994,13.476923076923077,6.545454545454545,-78.375,4,6,death_plus_v7_gap_mid,0.03522177594287133,0.06043938662641887
1473455,2025,9,2,0,37.599999999999994,13.125,7.071428571428571,-73.39999999999998,4,6,death_plus_v7_gap_mid,0.058490141964338535,0.09097083762736813
1473455,2025,9,3,0,37.599999999999994,12.952380952380953,7.368421052631579,-70.42500000000001,4,6,death_plus_v7_gap_mid,0.08170720614132237,0.11886881034040535
1473455,2025,9,4,0,37.599999999999994,13.064516129032256,7.344827586206896,-70.44999999999999,4,6,death_plus_v7_gap_mid,0.0760997981019482,0.11231090350379896
1473455,2025,9,5,0,37.599999999999994,12.688524590163933,7.830508474576272,-65.47500000000002,4,6,death_plus_v7_gap_mid,0.12667951404610486,0.16841592003158154
1473455,2025,9,6,0,37.599999999999994,12.8,7.800000000000001,-65.5,4,6,death_plus_v7_gap_mid,0.12347976692315922,0.16503893801838082
1473455,2025,10,1,0,37.599999999999994,12.915254237288135,7.77049180327869,-65.525,4,6,death_plus_v7_gap_mid,0.12206535318848008,0.15555343264901522
1473455,2025,10,2,0,37.599999999999994,13.03448275862069,7.741935483870968,-65.54999999999998,4,6,death_plus_v7_gap_mid,0.11876466308050937,0.15201156829889464
1473455,2025,10,3,0,37.599999999999994,13.157894736842106,7.714285714285715,-65.57500000000002,4,6,death_plus_v7_gap_mid,0.11986842734945544,0.15319788257827777
1473455,2025,10,4,0,37.599999999999994,13.392857142857142,7.59375,-66.6,4,6,death_plus_v7_gap_mid,0.0976735203683185,0.12894507046898487
1473455,2025,10,5,0,37.599999999999994,13.527272727272727,7.569230769230769,-66.62500000000003,4,6,death_plus_v7_gap_mid,0.09130865059733514,0.12181988138888046
1473455,2025,10,6,0,37.599999999999994,13.666666666666666,7.545454545454545,-66.65,4,6,death_plus_v7_gap_mid,0.08774893650451446,0.11779774173967027
1473455,2025,11,1,0,37.599999999999994,13.245283018867926,7.970149253731344,-61.67500000000001,4,6,death_plus_v7_gap_mid,0.14813920731737185,0.1849613135325483
1473455,2025,11,2,0,37.599999999999994,13.5,7.852941176470589,-62.69999999999999,4,6,death_plus_v7_gap_mid,0.1314197426317907,0.16708419423051826
1473455,2025,11,3,0,37.599999999999994,13.647058823529411,7.826086956521739,-62.724999999999994,4,6,death_plus_v7_gap_mid,0.1403008751563161,0.1766255103372526
1473455,2025,11,4,0,37.599999999999994,13.799999999999999,7.800000000000001,-62.75,4,6,death_plus_v7_gap_mid,0.13253362960626663,0.16828674480708783
1473455,2025,11,5,0,37.599999999999994,13.714285714285714,7.943661971830986,-60.775000000000006,4,6,death_plus_v7_gap_mid,0.14709822583832405,0.1838586786109125
1473455,2025,11,6,0,37.599999999999994,13.875,7.916666666666666,-60.80000000000001,4,6,death_plus_v7_gap_mid,0.1351868182097098,0.1711442566875308
1473455,2025,12,1,0,37.599999999999994,14.170212765957448,7.808219178082192,-61.82499999999999,4,6,death_plus_v7_gap_mid,0.12103694120095587,0.1486843984529926
1473455,2025,12,2,0,37.599999999999994,14.217391304347824,7.864864864864865,-60.849999999999994,4,6,death_plus_v7_gap_mid,0.11805717893794135,0.1454920030476708
1473455,2025,12,3,0,37.599999999999994,14.0,8.08,-57.875,4,6,death_plus_v7_gap_mid,0.14064831752385884,0.16942676510455146
1473455,2025,12,4,0,37.599999999999994,14.181818181818183,8.052631578947368,-57.900000000000006,4,6,death_plus_v7_gap_mid,0.13194847474255586,0.1602804729849318
1473455,2025,12,5,0,37.599999999999994,14.372093023255813,8.025974025974026,-57.92500000000001,4,6,death_plus_v7_gap_mid,0.12247476289229464,0.15022076900037726
1473455,2025,12,6,0,37.599999999999994,14.57142857142857,8.0,-57.95000000000002,4,6,death_plus_v7_gap_mid,0.09323316291209822,0.11841293593030554
1473455,2025,12,7,0,37.599999999999994,14.78048780487805,7.974683544303797,-57.974999999999994,4,6,death_plus_v7_gap_mid,0.07601563439561976,0.099037164577625
1473455,2025,12,8,0,37.599999999999994,15.0,7.949999999999999,-58.0,4,6,death_plus_v7_gap_mid,0.06985896642903457,0.09196652160984296
1473455,2025,12,9,0,37.599999999999994,14.76923076923077,8.148148148148149,-55.02499999999998,4,6,death_plus_v7_gap_mid,0.11200982003437553,0.13897715158652907
1473455,2025,13,1,0,37.599999999999994,13.756097560975608,8.50632911392405,-50.974999999999994,4,6,death_plus_v7_gap_mid,0.2201302481343333,0.23863196947775211
1473455,2025,13,2,0,37.599999999999994,14.100000000000001,8.399999999999999,-52.0,4,6,death_plus_v7_gap_mid,0.18560254438274576,0.2044726344690398
1473455,2025,13,3,0,37.599999999999994,13.538461538461538,8.74074074074074,-47.02499999999998,4,6,death_plus_v7_gap_mid,0.32136657329429985,0.3361697350428657
1473455,2025,13,4,0,37.599999999999994,13.736842105263158,8.707317073170731,-47.05000000000001,4,6,death_plus_v7_gap_mid,0.29315513157460804,0.3093034423049046
1473455,2025,13,5,0,37.599999999999994,13.945945945945944,8.674698795180722,-47.07499999999999,4,6,death_plus_v7_gap_mid,0.2830753693143933,0.29965272926298003
1473455,2025,13,6,0,37.599999999999994,14.166666666666668,8.642857142857142,-47.10000000000002,4,6,death_plus_v7_gap_mid,0.2713850741254001,0.2884224513245844
1473455,2025,14,1,0,37.599999999999994,13.885714285714286,8.823529411764707,-44.125,4,6,death_plus_v7_gap_mid,0.29908276560075475,0.3111576878061418
1473455,2025,14,2,0,37.599999999999994,13.588235294117647,9.0,-41.150000000000006,4,6,death_plus_v7_gap_mid,0.348017763340456,0.3579308635929216
1473455,2025,14,3,0,37.599999999999994,14.0,8.896551724137932,-42.17499999999998,4,6,death_plus_v7_gap_mid,0.30671343023623576,0.3184813697786194
1473455,2025,14,4,0,37.599999999999994,14.4375,8.795454545454545,-43.19999999999999,4,6,death_plus_v7_gap_mid,0.2556794823272943,0.2692430840054752
1473455,2025,14,5,0,37.599999999999994,14.70967741935484,8.764044943820224,-43.224999999999994,4,6,death_plus_v7_gap_mid,0.25277633077501,0.26642206888475584
1473455,2025,14,6,0,37.599999999999994,15.0,8.733333333333333,-43.25,4,6,death_plus_v7_gap_mid,0.23848798704569274,0.25250202955271933
1473455,2025,14,7,0,37.599999999999994,15.517241379310345,8.637362637362637,-49.22916666666666,5,5,death_plus_v7_gap_mid,0.1279136586676958,0.14210003885627542
1473455,2025,15,1,0,37.599999999999994,15.517241379310345,8.637362637362637,-54.18333333333334,6,4,death_plus_v7_gap_mid,0.07497517256522851,0.08454615701040669
1473455,2025,15,2,0,37.599999999999994,15.857142857142858,8.608695652173912,-53.866666666666646,6,4,death_plus_v7_gap_mid,0.06793864265966522,0.077048007041562
1473455,2025,15,3,0,37.599999999999994,16.22222222222222,8.580645161290324,-53.55000000000001,6,4,death_plus_v7_gap_mid,0.04960953743309632,0.057270849781345314
1473455,2025,15,4,0,37.599999999999994,16.615384615384613,8.553191489361701,-53.23333333333332,6,4,death_plus_v7_gap_mid,0.045733095080485904,0.053034995570221406
1473455,2025,15,5,0,37.599999999999994,17.04,8.526315789473685,-52.91666666666666,6,4,death_plus_v7_gap_mid,0.03827244714433453,0.04481976760664464
1473455,2025,15,6,0,37.599999999999994,17.5,8.5,-52.599999999999994,6,4,death_plus_v7_gap_mid,0.029161138197286357,0.03465497548959233
1473456,2025,7,1,0,43.33333333333334,11.142857142857142,13.395348837209301,-19.82666666666664,2,8,death_plus_v7_gap_mid,0.20917628959786058,0.24397104687221977
1473456,2025,7,2,0,43.33333333333334,10.973684210526315,13.636363636363637,-17.413333333333327,2,8,death_plus_v7_gap_mid,0.236282380499225,0.26907429436874414
1473456,2025,7,3,0,43.33333333333334,11.040000000000001,13.466666666666667,-18.0,2,8,death_plus_v7_gap_mid,0.23552820765641838,0.2683833557685817
1473456,2025,7,4,0,43.33333333333334,11.108108108108109,13.304347826086957,-18.586666666666645,2,8,death_plus_v7_gap_mid,0.23566779867125656,0.26851127308837763
1473456,2025,7,5,0,43.33333333333334,11.26027397260274,13.02127659574468,-20.17333333333336,2,8,death_plus_v7_gap_mid,0.2331169136015434,0.2661715151746296
1473456,2025,7,6,0,43.33333333333334,11.333333333333332,12.875,-20.760000000000005,2,8,death_plus_v7_gap_mid,0.23937174857264365,0.27190045643376315
1473456,2025,7,7,0,43.33333333333334,11.154929577464788,13.10204081632653,-18.34666666666665,2,8,death_plus_v7_gap_mid,0.25851001564765763,0.2892663135338689
1473456,2025,8,1,0,43.33333333333334,10.985915492957746,13.346938775510203,-16.34666666666665,2,8,death_plus_v7_gap_mid,0.3055163697019629,0.32736186493075325
1473456,2025,8,2,0,43.33333333333334,11.057142857142857,13.200000000000001,-16.93333333333331,2,8,death_plus_v7_gap_mid,0.2997466594466934,0.32220152894911797
1473456,2025,8,3,0,43.33333333333334,11.130434782608695,13.058823529411764,-17.52000000000001,2,8,death_plus_v7_gap_mid,0.3053646116116494,0.32722630204377395
1473456,2025,8,4,0,43.33333333333334,11.294117647058822,12.807692307692307,-19.106666666666655,2,8,death_plus_v7_gap_mid,0.30852771552655867,0.3300500207788949
1473456,2025,8,5,0,43.33333333333334,11.373134328358208,12.679245283018869,-19.6933333333333,2,8,death_plus_v7_gap_mid,0.3086502543164681,0.3301593351148818
1473456,2025,8,6,0,43.33333333333334,11.181818181818182,12.88888888888889,-17.279999999999973,2,8,death_plus_v7_gap_mid,0.31332909930247516,0.33432904208299596
1473456,2025,9,1,0,43.33333333333334,10.984615384615385,13.09090909090909,-14.866666666666674,2,8,death_plus_v7_gap_mid,0.3527246377330213,0.37833962528335147
1473456,2025,9,2,0,43.33333333333334,11.0625,12.964285714285714,-15.453333333333319,2,8,death_plus_v7_gap_mid,0.34919188673520984,0.3753120022842711
1473456,2025,9,3,0,43.33333333333334,11.238095238095237,12.736842105263158,-17.039999999999992,2,8,death_plus_v7_gap_mid,0.33476690895736144,0.36290214248510005
1473456,2025,9,4,0,43.33333333333334,11.322580645161292,12.620689655172413,-17.626666666666665,2,8,death_plus_v7_gap_mid,0.32486078357859344,0.35433250051153625
1473456,2025,9,5,0,43.33333333333334,10.918032786885245,13.016949152542374,-13.21333333333331,2,8,death_plus_v7_gap_mid,0.3733336938946931,0.3959196165259585
1473456,2025,9,6,0,43.33333333333334,11.100000000000001,12.8,-14.799999999999983,2,8,death_plus_v7_gap_mid,0.3733298237782339,0.3959163275679508
1473456,2025,9,7,0,43.33333333333334,11.1864406779661,12.688524590163933,-15.386666666666684,2,8,death_plus_v7_gap_mid,0.3785605443175062,0.40035764742535856
1473456,2025,10,1,0,43.33333333333334,10.983050847457626,12.885245901639344,-13.386666666666684,2,8,death_plus_v7_gap_mid,0.39514898437284657,0.4157223388276262
1473456,2025,10,2,0,43.33333333333334,11.172413793103448,12.677419354838708,-14.97333333333333,2,8,death_plus_v7_gap_mid,0.39396958996982184,0.41467538230909784
1473456,2025,10,3,0,43.33333333333334,11.263157894736842,12.571428571428573,-15.560000000000002,2,8,death_plus_v7_gap_mid,0.38488952041430446,0.4066037864290555
1473456,2025,10,4,0,43.33333333333334,11.035714285714285,12.75,-13.146666666666675,2,8,death_plus_v7_gap_mid,0.3999086684212909,0.4199442954023612
1473456,2025,10,5,0,43.33333333333334,11.236363636363636,12.553846153846155,-14.73333333333332,2,8,death_plus_v7_gap_mid,0.40393338000390644,0.423510364168505
1473456,2025,10,6,0,43.33333333333334,11.444444444444445,12.363636363636363,-16.319999999999965,2,8,death_plus_v7_gap_mid,0.39303898890803757,0.4138490514153459
1473456,2025,11,1,0,43.33333333333334,11.547169811320755,12.26865671641791,-16.906666666666666,2,8,death_plus_v7_gap_mid,0.3760296051949193,0.405704870308375
1473456,2025,11,2,0,43.33333333333334,11.769230769230768,12.088235294117647,-18.49333333333334,2,8,death_plus_v7_gap_mid,0.3576612708371399,0.38892348665977566
1473456,2025,11,3,0,43.33333333333334,11.529411764705882,12.260869565217392,-16.079999999999984,2,8,death_plus_v7_gap_mid,0.39303178170762804,0.42114349417677677
1473456,2025,11,4,0,43.33333333333334,11.64,12.17142857142857,-16.666666666666657,2,8,death_plus_v7_gap_mid,0.3733321852383701,0.4032474184511068
1473456,2025,11,5,0,43.33333333333334,11.63265306122449,12.169014084507042,-16.25333333333333,2,8,death_plus_v7_gap_mid,0.39206833201642327,0.4202709069259482
1473456,2025,11,6,0,43.33333333333334,11.75,12.083333333333332,-16.839999999999975,2,8,death_plus_v7_gap_mid,0.38737869184118984,0.4160197577872054
1473456,2025,11,7,0,43.33333333333334,11.48936170212766,12.246575342465754,-14.426666666666648,2,8,death_plus_v7_gap_mid,0.4132744979774734,0.4394191957354874
1473456,2025,12,1,0,43.33333333333334,11.361702127659575,12.328767123287673,-13.426666666666648,2,8,death_plus_v7_gap_mid,0.4314731973623277,0.4475002007667488
1473456,2025,12,2,0,43.33333333333334,11.478260869565219,12.243243243243242,-14.01333333333335,2,8,death_plus_v7_gap_mid,0.4305099345795798,0.4466274408560495
1473456,2025,12,3,0,43.33333333333334,11.6,12.16,-14.599999999999994,2,8,death_plus_v7_gap_mid,0.4264448449247449,0.4429426434756969
1473456,2025,12,4,0,43.33333333333334,11.727272727272727,12.078947368421051,-15.186666666666667,2,8,death_plus_v7_gap_mid,0.4165769375958599,0.433986334991171
1473456,2025,12,5,0,43.33333333333334,11.86046511627907,12.0,-15.77333333333334,2,8,death_plus_v7_gap_mid,0.40659407029939043,0.4249078365219241
1473456,2025,12,6,0,43.33333333333334,12.0,11.923076923076923,-16.359999999999985,2,8,death_plus_v7_gap_mid,0.4010358322408838,0.41984478535034503
1473456,2025,12,7,0,43.33333333333334,12.146341463414634,11.848101265822786,-16.94666666666666,2,8,death_plus_v7_gap_mid,0.3740663089263558,0.3951833414219276
1473456,2025,12,8,0,43.33333333333334,12.450000000000001,11.7,-18.53333333333336,2,8,death_plus_v7_gap_mid,0.3600075442489331,0.3822580980695012
1473456,2025,12,9,0,43.33333333333334,12.153846153846153,11.851851851851851,-16.120000000000005,2,8,death_plus_v7_gap_mid,0.40596555035164283,0.4243356197105966
1473456,2025,12,10,0,43.33333333333334,12.157894736842104,11.853658536585366,-15.70666666666665,2,8,death_plus_v7_gap_mid,0.4137620443586421,0.43142833166057026
1473456,2025,12,11,0,43.33333333333334,12.486486486486488,11.710843373493976,-24.63166666666666,3,7,death_plus_v7_gap_mid,0.2944807201751114,0.32121683820445457
1473456,2025,13,1,0,43.33333333333334,11.121951219512196,12.379746835443036,-18.078333333333347,3,7,death_plus_v7_gap_mid,0.3836155910531491,0.39483984077208023
1473456,2025,13,2,0,43.33333333333334,11.399999999999999,12.225000000000001,-19.46666666666667,3,7,death_plus_v7_gap_mid,0.37861356970544835,0.39015087997423237
1473456,2025,13,3,0,43.33333333333334,11.692307692307692,12.074074074074074,-20.85499999999999,3,7,death_plus_v7_gap_mid,0.366240894745722,0.3785355127226382
1473456,2025,13,4,0,43.33333333333334,11.842105263157894,12.0,-21.24333333333334,3,7,death_plus_v7_gap_mid,0.36413185690530053,0.37655301798289187
1473456,2025,13,5,0,43.33333333333334,12.0,11.927710843373495,-21.63166666666666,3,7,death_plus_v7_gap_mid,0.34934269959064135,0.3626288194753951
1473456,2025,13,6,0,43.33333333333334,12.166666666666666,11.857142857142858,-22.02000000000001,3,7,death_plus_v7_gap_mid,0.36635872914862616,0.37864625445705224
1473456,2025,13,7,0,43.33333333333334,12.514285714285716,11.717647058823529,-30.349999999999994,4,6,death_plus_v7_gap_mid,0.2657611607155631,0.2830046548635701
1473456,2025,14,1,0,43.33333333333334,12.342857142857142,11.788235294117646,-29.349999999999994,4,6,death_plus_v7_gap_mid,0.29671289885988156,0.30888063670026705
1473456,2025,14,2,0,43.33333333333334,12.529411764705884,11.720930232558139,-29.54000000000002,4,6,death_plus_v7_gap_mid,0.2703853558420023,0.2834973592926749
1473456,2025,14,3,0,43.33333333333334,12.727272727272727,11.655172413793103,-29.72999999999999,4,6,death_plus_v7_gap_mid,0.27275029385396043,0.2857843515911962
1473456,2025,14,4,0,43.33333333333334,13.125,11.522727272727273,-30.919999999999987,4,6,death_plus_v7_gap_mid,0.24569213812637195,0.2595281010900834
1473456,2025,14,5,0,43.33333333333334,12.774193548387096,11.662921348314608,-28.109999999999985,4,6,death_plus_v7_gap_mid,0.29869166923207235,0.31078199252066374
1473456,2025,14,6,0,43.33333333333334,13.200000000000001,11.533333333333333,-35.25,5,5,death_plus_v7_gap_mid,0.1671960764851378,0.18197114853720428
1473456,2025,15,1,0,43.33333333333334,12.827586206896552,11.67032967032967,-32.241666666666674,5,5,death_plus_v7_gap_mid,0.20405927509720564,0.216538731232563
1473456,2025,15,2,0,43.33333333333334,13.285714285714286,11.543478260869566,-38.78666666666666,6,4,death_plus_v7_gap_mid,0.08244265094205055,0.09245452323156121
1473456,2025,15,3,0,43.33333333333334,13.555555555555554,11.483870967741936,-38.58000000000001,6,4,death_plus_v7_gap_mid,0.07609683023598064,0.08573714826340596
1473456,2025,15,4,0,43.33333333333334,14.076923076923077,11.361702127659575,-39.373333333333335,6,4,death_plus_v7_gap_mid,0.0692998387640514,0.07850219976933323
1473456,2025,15,5,0,43.33333333333334,13.200000000000001,11.621052631578948,-34.16666666666666,6,4,death_plus_v7_gap_mid,0.10851274646577704,0.11972488362597791
1473456,2025,15,6,0,43.33333333333334,13.5,11.5625,-33.95999999999998,6,4,death_plus_v7_gap_mid,0.11064409079821944,0.12193378048274177
1473457,2025,7,1,1,-43.0,7.48051948051948,7.953488372093023,-16.973333333333315,2,8,death_plus_v7_gap_mid,0.818454814617462,0.7776538734569929
1473457,2025,7,2,1,-43.0,7.2631578947368425,8.318181818181818,-13.986666666666665,2,8,death_plus_v7_gap_mid,0.8513344188450529,0.8104676141401966
1473457,2025,7,3,1,-43.0,7.28,8.266666666666666,-14.0,2,8,death_plus_v7_gap_mid,0.8488234685667932,0.8079111901795492
1473457,2025,7,4,1,-43.0,7.378378378378379,8.08695652173913,-15.013333333333321,2,8,death_plus_v7_gap_mid,0.844046299913954,0.8030721878519226
1473457,2025,7,5,1,-43.0,7.397260273972603,8.042553191489361,-15.026666666666685,2,8,death_plus_v7_gap_mid,0.8394269008740483,0.7984227663585298
1473457,2025,7,6,1,-43.0,7.416666666666667,8.0,-15.040000000000006,2,8,death_plus_v7_gap_mid,0.8335386470351165,0.7925369430336432
1473457,2025,8,1,1,-43.0,7.521126760563381,7.836734693877551,-16.053333333333327,2,8,death_plus_v7_gap_mid,0.8223185163661928,0.7867407524354487
1473457,2025,8,2,1,-43.0,7.285714285714285,8.16,-13.066666666666649,2,8,death_plus_v7_gap_mid,0.84783093739037,0.8123114688595411
1473457,2025,8,3,1,-43.0,7.217391304347826,8.235294117647058,-12.080000000000013,2,8,death_plus_v7_gap_mid,0.8534477497413634,0.818044588173367
1473457,2025,8,4,1,-43.0,7.235294117647058,8.192307692307693,-12.093333333333334,2,8,death_plus_v7_gap_mid,0.8508181084387305,0.8153554839026974
1473457,2025,8,5,1,-43.0,6.985074626865671,8.49056603773585,-9.106666666666655,2,8,death_plus_v7_gap_mid,0.8962201021188654,0.8632191387861905
1473457,2025,8,6,1,-43.0,7.0,8.444444444444445,-9.11999999999999,2,8,death_plus_v7_gap_mid,0.8936663074794036,0.8604350863417831
1473457,2025,9,1,1,-43.0,7.015384615384615,8.399999999999999,-9.133333333333326,2,8,death_plus_v7_gap_mid,0.8942818153385217,0.8560838833091627
1473457,2025,9,2,1,-43.0,7.125,8.25,-10.146666666666647,2,8,death_plus_v7_gap_mid,0.8761881961849212,0.8368274448558602
1473457,2025,9,3,1,-43.0,7.142857142857142,8.210526315789474,-10.159999999999997,2,8,death_plus_v7_gap_mid,0.8661840786497972,0.8264491904930924
1473457,2025,9,4,1,-43.0,7.064516129032258,8.275862068965518,-9.173333333333332,2,8,death_plus_v7_gap_mid,0.8897643178811084,0.851212459559146
1473457,2025,9,5,1,-43.0,7.081967213114754,8.23728813559322,-9.186666666666653,2,8,death_plus_v7_gap_mid,0.8890354124570014,0.8504305987877185
1473457,2025,9,6,1,-43.0,7.1,8.2,-9.200000000000003,2,8,death_plus_v7_gap_mid,0.8844793518061931,0.8455687521839057
1473457,2025,10,1,1,-43.0,7.016949152542373,8.262295081967213,-8.213333333333338,2,8,death_plus_v7_gap_mid,0.9096567328624237,0.8857864597982876
1473457,2025,10,2,1,-43.0,7.137931034482759,8.129032258064516,-9.22666666666666,2,8,death_plus_v7_gap_mid,0.8790036902232379,0.8536256197477734
1473457,2025,10,3,1,-43.0,7.157894736842104,8.095238095238095,-9.239999999999995,2,8,death_plus_v7_gap_mid,0.8799861063254726,0.8546342604762969
1473457,2025,10,4,1,-43.0,7.285714285714285,7.96875,-10.253333333333345,2,8,death_plus_v7_gap_mid,0.8671891757125556,0.8415945639617729
1473457,2025,10,5,1,-43.0,7.3090909090909095,7.938461538461539,-10.266666666666666,2,8,death_plus_v7_gap_mid,0.8645907836510606,0.8389718580752179
1473457,2025,10,6,1,-43.0,7.0,8.181818181818182,-7.279999999999987,2,8,death_plus_v7_gap_mid,0.9191757735619548,0.8961105481239401
1473457,2025,11,1,1,-43.0,7.018867924528301,8.149253731343283,-7.2933333333333366,2,8,death_plus_v7_gap_mid,0.9134463090414409,0.8961540789036637
1473457,2025,11,2,1,-43.0,7.038461538461538,8.117647058823529,-7.306666666666672,2,8,death_plus_v7_gap_mid,0.9110335129393723,0.8936421210838342
1473457,2025,11,3,1,-43.0,7.0588235294117645,8.08695652173913,-7.319999999999993,2,8,death_plus_v7_gap_mid,0.9054253485093744,0.8878388722329199
1473457,2025,11,4,1,-43.0,7.08,8.057142857142857,-7.333333333333329,2,8,death_plus_v7_gap_mid,0.9047440650179388,0.8871371399781457
1473457,2025,11,5,1,-43.0,7.224489795918368,7.943661971830986,-8.346666666666664,2,8,death_plus_v7_gap_mid,0.8969318866307765,0.8791380021585057
1473457,2025,11,6,1,-43.0,6.875,8.166666666666668,-5.359999999999985,2,8,death_plus_v7_gap_mid,0.9448394239938319,0.9298490283818953
1473457,2025,12,1,1,-43.0,6.893617021276596,8.136986301369863,-5.373333333333335,2,8,death_plus_v7_gap_mid,0.9522028186402173,0.9385662248068778
1473457,2025,12,2,1,-43.0,6.913043478260869,8.108108108108109,-5.38666666666667,2,8,death_plus_v7_gap_mid,0.9504921313568172,0.936622351624445
1473457,2025,12,3,1,-43.0,6.533333333333333,8.32,-2.3999999999999915,2,8,death_plus_v7_gap_mid,0.9707861227994388,0.9603153454890282
1473457,2025,12,4,1,-43.0,6.681818181818182,8.210526315789474,-3.413333333333327,2,8,death_plus_v7_gap_mid,0.9661797779457455,0.9548004404113059
1473457,2025,12,5,1,-43.0,6.697674418604651,8.181818181818182,-3.4266666666666765,2,8,death_plus_v7_gap_mid,0.9661661399966472,0.9547842505174332
1473457,2025,12,6,1,-43.0,6.714285714285714,8.153846153846153,-3.4399999999999977,2,8,death_plus_v7_gap_mid,0.9637948970465933,0.9519808058750165
1473457,2025,13,1,1,-43.0,6.878048780487804,8.050632911392405,-9.646666666666675,3,7,death_plus_v7_gap_mid,0.9178092970023237,0.9046691191542405
1473457,2025,13,2,1,-43.0,7.050000000000001,7.949999999999999,-10.533333333333346,3,7,death_plus_v7_gap_mid,0.9115681243005245,0.8980753604327979
1473457,2025,13,3,1,-43.0,7.076923076923077,7.9259259259259265,-10.419999999999987,3,7,death_plus_v7_gap_mid,0.911793258361397,0.8983124424950563
1473457,2025,13,4,1,-43.0,6.631578947368421,8.121951219512196,-7.306666666666672,3,7,death_plus_v7_gap_mid,0.9364251649245539,0.9246299810676042
1473457,2025,13,5,1,-43.0,6.8108108108108105,8.024096385542169,-8.193333333333328,3,7,death_plus_v7_gap_mid,0.9310298786383001,0.9187955520886371
1473457,2025,13,6,1,-43.0,7.0,7.928571428571429,-9.080000000000013,3,7,death_plus_v7_gap_mid,0.9178844559855224,0.9047488010244578
1473457,2025,13,7,1,-43.0,7.0285714285714285,7.905882352941177,-8.966666666666669,3,7,death_plus_v7_gap_mid,0.9238555433903062,0.9111013872024311
1473457,2025,14,1,1,-43.0,6.342857142857143,8.188235294117646,-4.966666666666669,3,7,death_plus_v7_gap_mid,0.9621483676498032,0.9545715510574377
1473457,2025,14,2,1,-43.0,5.823529411764706,8.372093023255815,-1.853333333333353,3,7,death_plus_v7_gap_mid,0.9783509557924888,0.9730307036931627
1473457,2025,14,3,1,-43.0,5.2727272727272725,8.551724137931036,1.2600000000000051,3,7,death_plus_v7_gap_mid,0.9875708482657728,0.9839499905510569
1473457,2025,14,4,1,-43.0,5.25,8.522727272727273,1.3733333333333348,3,7,death_plus_v7_gap_mid,0.9880646793734682,0.9845476998941167
1473457,2025,14,5,1,-43.0,4.64516129032258,8.696629213483146,4.486666666666679,3,7,death_plus_v7_gap_mid,0.9909862590740726,0.9881201553103197
1473457,2025,14,6,1,-43.0,4.800000000000001,8.6,3.6000000000000085,3,7,death_plus_v7_gap_mid,0.9912070897536798,0.9883930207828148
1473457,2025,14,7,1,-43.0,4.758620689655173,8.571428571428571,3.7133333333333383,3,7,death_plus_v7_gap_mid,0.9916284274703568,0.9889148917617524
1473457,2025,15,1,1,-43.0,4.551724137931034,8.637362637362637,4.713333333333338,3,7,death_plus_v7_gap_mid,0.9928452749573935,0.9910337652772875
1473457,2025,15,2,1,-43.0,4.714285714285714,8.543478260869566,3.826666666666668,3,7,death_plus_v7_gap_mid,0.9927652882236412,0.9909385484926493
1473457,2025,15,3,1,-43.0,4.0,8.70967741935484,6.939999999999998,3,7,death_plus_v7_gap_mid,0.9954848854047927,0.9942111402521556
1473457,2025,15,4,1,-43.0,3.230769230769231,8.872340425531915,10.053333333333313,3,7,death_plus_v7_gap_mid,0.9956984694777788,0.9944717900682082
1473457,2025,15,5,1,-43.0,3.12,8.842105263157894,10.166666666666686,3,7,death_plus_v7_gap_mid,0.9957794595656767,0.9945707957364133
1473457,2025,15,6,1,-43.0,3.0,8.8125,10.280000000000001,3,7,death_plus_v7_gap_mid,0.9954963571660997,0.9942251239326804
1473458,2025,7,1,0,45.217391304347814,12.623376623376624,8.372093023255815,-47.55333333333331,2,8,death_plus_v7_gap_mid,0.06883787482913714,0.09954468580450224
1473458,2025,7,2,0,45.217391304347814,12.473684210526315,8.727272727272727,-45.02666666666666,2,8,death_plus_v7_gap_mid,0.0836278482592925,0.11657330546246748
1473458,2025,7,3,0,45.217391304347814,12.32,9.066666666666666,-42.5,2,8,death_plus_v7_gap_mid,0.1191107012013627,0.15513390354372503
1473458,2025,7,4,0,45.217391304347814,12.405405405405405,9.0,-42.973333333333315,2,8,death_plus_v7_gap_mid,0.10872876837750375,0.14413366032722677
1473458,2025,7,5,0,45.217391304347814,12.246575342465754,9.319148936170212,-40.44666666666669,2,8,death_plus_v7_gap_mid,0.15465687445534526,0.19141938042928675
1473458,2025,7,6,0,45.217391304347814,12.416666666666668,9.125,-41.92,2,8,death_plus_v7_gap_mid,0.12410309043782773,0.160352299717275
1473458,2025,8,1,0,45.217391304347814,12.591549295774648,8.938775510204081,-43.39333333333332,2,8,death_plus_v7_gap_mid,0.1027498366359534,0.1325543939915984
1473458,2025,8,2,0,45.217391304347814,12.42857142857143,9.24,-40.866666666666646,2,8,death_plus_v7_gap_mid,0.1454996744628262,0.17695475106886926
1473458,2025,8,3,0,45.217391304347814,12.608695652173914,9.058823529411764,-42.34,2,8,death_plus_v7_gap_mid,0.11759316304243746,0.14829184947803534
1473458,2025,8,4,0,45.217391304347814,12.705882352941178,9.0,-42.81333333333333,2,8,death_plus_v7_gap_mid,0.10764489272945292,0.13778706434273383
1473458,2025,8,5,0,45.217391304347814,12.895522388059701,8.830188679245282,-44.28666666666665,2,8,death_plus_v7_gap_mid,0.10652846252461735,0.1365974853219616
1473458,2025,8,6,0,45.217391304347814,13.09090909090909,8.666666666666666,-45.75999999999999,2,8,death_plus_v7_gap_mid,0.10102460855380467,0.1306995311419184
1473458,2025,9,1,0,45.217391304347814,13.200000000000001,8.618181818181817,-46.233333333333334,2,8,death_plus_v7_gap_mid,0.09738869676666492,0.13670691254393474
1473458,2025,9,2,0,45.217391304347814,13.40625,8.464285714285715,-47.70666666666665,2,8,death_plus_v7_gap_mid,0.0890125734391598,0.12726547554948245
1473458,2025,9,3,0,45.217391304347814,13.619047619047619,8.31578947368421,-49.17999999999998,2,8,death_plus_v7_gap_mid,0.08000080014064717,0.11688397645527596
1473458,2025,9,4,0,45.217391304347814,13.838709677419356,8.172413793103448,-62.07166666666666,3,7,death_plus_v7_gap_mid,0.038241734032512714,0.06459886262954717
1473458,2025,9,5,0,45.217391304347814,13.672131147540984,8.440677966101696,-59.360833333333346,3,7,death_plus_v7_gap_mid,0.05428630902556204,0.08568116181317591
1473458,2025,9,6,0,45.217391304347814,13.799999999999999,8.399999999999999,-59.650000000000006,3,7,death_plus_v7_gap_mid,0.05070856977621487,0.08110985683360515
1473458,2025,10,1,0,45.217391304347814,14.033898305084746,8.262295081967213,-60.939166666666665,3,7,death_plus_v7_gap_mid,0.04635357042845252,0.06852528263521679
1473458,2025,10,2,0,45.217391304347814,14.172413793103448,8.225806451612902,-61.228333333333325,3,7,death_plus_v7_gap_mid,0.04378597253076186,0.06527261735639153
1473458,2025,10,3,0,45.217391304347814,14.421052631578947,8.095238095238095,-62.517499999999984,3,7,death_plus_v7_gap_mid,0.039334409460757426,0.05955941929418644
1473458,2025,10,4,0,45.217391304347814,14.57142857142857,8.0625,-62.80666666666667,3,7,death_plus_v7_gap_mid,0.04151850745310065,0.06237470317387711
1473458,2025,10,5,0,45.217391304347814,14.836363636363636,7.938461538461539,-64.09583333333333,3,7,death_plus_v7_gap_mid,0.03365895493564632,0.05212368598244774
1473458,2025,10,6,0,45.217391304347814,14.666666666666668,8.181818181818182,-61.38500000000002,3,7,death_plus_v7_gap_mid,0.04448670154687316,0.06616327624631695
1473458,2025,10,7,0,45.217391304347814,14.943396226415093,8.059701492537314,-62.67416666666668,3,7,death_plus_v7_gap_mid,0.03791895281999957,0.05772172573165261
1473458,2025,11,1,0,45.217391304347814,14.830188679245284,8.149253731343283,-61.67416666666668,3,7,death_plus_v7_gap_mid,0.04073290051227675,0.06108613970379282
1473458,2025,11,2,0,45.217391304347814,15.0,8.117647058823529,-61.96333333333334,3,7,death_plus_v7_gap_mid,0.03937040419721412,0.05930948910673174
1473458,2025,11,3,0,45.217391304347814,15.294117647058822,8.0,-63.2525,3,7,death_plus_v7_gap_mid,0.03379851070065147,0.05194661211249783
1473458,2025,11,4,0,45.217391304347814,14.879999999999999,8.399999999999999,-58.54166666666666,3,7,death_plus_v7_gap_mid,0.049345260284275216,0.0721261989704594
1473458,2025,11,5,0,45.217391304347814,15.061224489795919,8.366197183098592,-58.83083333333332,3,7,death_plus_v7_gap_mid,0.047501001903616696,0.06978802193991472
1473458,2025,11,6,0,45.217391304347814,15.375,8.25,-68.96000000000001,4,6,death_plus_v7_gap_mid,0.0177051677287595,0.029546963573579593
1473458,2025,12,1,0,45.217391304347814,15.702127659574469,8.136986301369863,-70.065,4,6,death_plus_v7_gap_mid,0.017348889744828108,0.026823431599214038
1473458,2025,12,2,0,45.217391304347814,15.260869565217392,8.513513513513512,-65.17000000000002,4,6,death_plus_v7_gap_mid,0.0284859532444591,0.04167385479949335
1473458,2025,12,3,0,45.217391304347814,15.066666666666666,8.72,-62.275000000000006,4,6,death_plus_v7_gap_mid,0.036691447160456234,0.052145708709195535
1473458,2025,12,4,0,45.217391304347814,15.136363636363637,8.763157894736842,-61.379999999999995,4,6,death_plus_v7_gap_mid,0.036345840497372855,0.05171103472865054
1473458,2025,12,5,0,45.217391304347814,14.930232558139535,8.96103896103896,-58.485000000000014,4,6,death_plus_v7_gap_mid,0.04329199376516789,0.060353466202387275
1473458,2025,12,6,0,45.217391304347814,15.142857142857142,8.923076923076923,-58.59,4,6,death_plus_v7_gap_mid,0.039170653334462874,0.05524899467569853
1473458,2025,13,1,0,45.217391304347814,15.365853658536587,8.886075949367088,-58.69500000000002,4,6,death_plus_v7_gap_mid,0.03715293282414073,0.047180960313298846
1473458,2025,13,2,0,45.217391304347814,14.850000000000001,9.225000000000001,-53.80000000000001,4,6,death_plus_v7_gap_mid,0.05873865660381809,0.07177999380261102
1473458,2025,13,3,0,45.217391304347814,14.615384615384613,9.407407407407408,-50.90499999999997,4,6,death_plus_v7_gap_mid,0.0690980083537833,0.08326543673302639
1473458,2025,13,4,0,45.217391304347814,14.052631578947368,9.731707317073171,-46.01000000000002,4,6,death_plus_v7_gap_mid,0.11659819854293055,0.1341146323348307
1473458,2025,13,5,0,45.217391304347814,14.27027027027027,9.686746987951807,-46.11499999999998,4,6,death_plus_v7_gap_mid,0.1081505353217239,0.12525032519613621
1473458,2025,13,6,0,45.217391304347814,14.0,9.857142857142858,-43.22000000000003,4,6,death_plus_v7_gap_mid,0.13989485189975548,0.1582423601240549
1473458,2025,13,7,0,45.217391304347814,14.399999999999999,9.741176470588236,-44.32499999999999,4,6,death_plus_v7_gap_mid,0.12091641342617068,0.13862081532810017
1473458,2025,14,1,0,45.217391304347814,14.228571428571428,9.811764705882354,-43.32499999999999,4,6,death_plus_v7_gap_mid,0.13070103958028517,0.14495930949656818
1473458,2025,14,2,0,45.217391304347814,13.588235294117647,10.116279069767442,-38.43000000000001,4,6,death_plus_v7_gap_mid,0.2356330646750712,0.24971324072195406
1473458,2025,14,3,0,45.217391304347814,12.909090909090908,10.413793103448276,-33.535,4,6,death_plus_v7_gap_mid,0.31696896600981955,0.32830560370301376
1473458,2025,14,4,0,45.217391304347814,13.125,10.363636363636363,-33.639999999999986,4,6,death_plus_v7_gap_mid,0.3036358796591171,0.31552910035133275
1473458,2025,14,5,0,45.217391304347814,13.354838709677418,10.314606741573034,-33.745000000000005,4,6,death_plus_v7_gap_mid,0.28888715336531445,0.3013525640490878
1473458,2025,14,6,0,45.217391304347814,13.6,10.266666666666666,-33.849999999999994,4,6,death_plus_v7_gap_mid,0.27324318407184706,0.2862608175470096
1473458,2025,14,7,0,45.217391304347814,13.655172413793103,10.285714285714285,-32.954999999999984,4,6,death_plus_v7_gap_mid,0.2833345883192129,0.29600271917497983
1473458,2025,14,8,0,45.217391304347814,13.92857142857143,10.23913043478261,-33.06,4,6,death_plus_v7_gap_mid,0.2660339144200743,0.27928556467513216
1473458,2025,15,1,0,45.217391304347814,13.448275862068964,10.351648351648352,-31.954999999999984,4,6,death_plus_v7_gap_mid,0.31279213415390505,0.3231045225214904
1473458,2025,15,2,0,45.217391304347814,13.714285714285714,10.304347826086957,-32.06,4,6,death_plus_v7_gap_mid,0.29232349603339086,0.30324286560308794
1473458,2025,15,3,0,45.217391304347814,14.222222222222221,10.193548387096774,-33.16499999999999,4,6,death_plus_v7_gap_mid,0.24619466070219911,0.2581717659870326
1473458,2025,15,4,0,45.217391304347814,14.538461538461537,10.148936170212766,-33.27000000000001,4,6,death_plus_v7_gap_mid,0.20259665454731007,0.21508412468034532
1473458,2025,15,5,0,45.217391304347814,13.68,10.421052631578949,-28.375,4,6,death_plus_v7_gap_mid,0.3812867081769673,0.38909798457090167
1473458,2025,15,6,0,45.217391304347814,14.0,10.375,-28.47999999999999,4,6,death_plus_v7_gap_mid,0.3531271016226703,0.3620432923193972
1473458,2025,15,7,0,45.217391304347814,13.565217391304348,10.515463917525773,-25.585000000000008,4,6,death_plus_v7_gap_mid,0.46126996534548415,0.46553939712314746
1473459,2025,7,1,0,45.33333333333334,12.311688311688311,8.651162790697674,-30.527500000000003,1,9,death_plus_v7_gap_mid,0.15645661255056192,0.1932077814653574
1473459,2025,7,2,0,45.33333333333334,12.473684210526315,8.454545454545455,-46.03999999999999,2,8,death_plus_v7_gap_mid,0.0735584836169585,0.1050543513807815
1473459,2025,7,3,0,45.33333333333334,12.48,8.533333333333333,-45.5,2,8,death_plus_v7_gap_mid,0.07873204876874368,0.11101046914589212
1473459,2025,7,4,0,45.33333333333334,12.567567567567568,8.478260869565219,-45.95999999999998,2,8,death_plus_v7_gap_mid,0.07997363448733742,0.11242777126143774
1473459,2025,7,5,0,45.33333333333334,12.73972602739726,8.297872340425533,-47.420000000000016,2,8,death_plus_v7_gap_mid,0.07647005214303053,0.10841649103149513
1473459,2025,7,6,0,45.33333333333334,12.583333333333334,8.625,-44.88000000000001,2,8,death_plus_v7_gap_mid,0.09343720733968866,0.12752316637179636
1473459,2025,7,7,0,45.33333333333334,12.760563380281688,8.448979591836736,-46.33999999999999,2,8,death_plus_v7_gap_mid,0.08869790255244989,0.12226403633793596
1473459,2025,8,1,0,45.33333333333334,12.676056338028168,8.571428571428571,-45.33999999999999,2,8,death_plus_v7_gap_mid,0.1015311014522271,0.13124467086176808
1473459,2025,8,2,0,45.33333333333334,12.685714285714287,8.64,-44.79999999999997,2,8,death_plus_v7_gap_mid,0.1108743569818841,0.14121568354009403
1473459,2025,8,3,0,45.33333333333334,12.521739130434781,8.941176470588236,-42.260000000000005,2,8,death_plus_v7_gap_mid,0.11751923272775822,0.14821439153002525
1473459,2025,8,4,0,45.33333333333334,12.705882352941178,8.769230769230768,-43.72,2,8,death_plus_v7_gap_mid,0.1087489410377334,0.1389612605547746
1473459,2025,8,5,0,45.33333333333334,12.805970149253731,8.716981132075471,-44.17999999999998,2,8,death_plus_v7_gap_mid,0.11556664724599032,0.14616543087050438
1473459,2025,8,6,0,45.33333333333334,12.818181818181817,8.777777777777779,-43.639999999999986,2,8,death_plus_v7_gap_mid,0.10695338302391845,0.1370505108948032
1473459,2025,9,1,0,45.33333333333334,12.830769230769231,8.836363636363636,-43.099999999999994,2,8,death_plus_v7_gap_mid,0.11792398897284329,0.15912839490494937
1473459,2025,9,2,0,45.33333333333334,12.9375,8.785714285714285,-43.55999999999999,2,8,death_plus_v7_gap_mid,0.11673509873119613,0.15785557065281375
1473459,2025,9,3,0,45.33333333333334,13.142857142857144,8.631578947368421,-45.019999999999996,2,8,death_plus_v7_gap_mid,0.12838507363604706,0.17020813935757537
1473459,2025,9,4,0,45.33333333333334,13.258064516129032,8.586206896551724,-45.47999999999999,2,8,death_plus_v7_gap_mid,0.12165304292494031,0.1631022654154533
1473459,2025,9,5,0,45.33333333333334,13.377049180327868,8.542372881355933,-45.94,2,8,death_plus_v7_gap_mid,0.11626404931054295,0.15735046445409118
1473459,2025,9,6,0,45.33333333333334,13.0,9.0,-41.400000000000006,2,8,death_plus_v7_gap_mid,0.1471444379606057,0.18958787675505676
1473459,2025,9,7,0,45.33333333333334,13.118644067796609,8.950819672131148,-41.860000000000014,2,8,death_plus_v7_gap_mid,0.14662503504484842,0.1890590201147627
1473459,2025,9,8,0,45.33333333333334,13.344827586206897,8.806451612903226,-43.31999999999999,2,8,death_plus_v7_gap_mid,0.1376525759280373,0.17985578921065654
1473459,2025,10,1,0,45.33333333333334,13.016949152542374,9.049180327868852,-40.860000000000014,2,8,death_plus_v7_gap_mid,0.15594432680405623,0.1910191300073612
1473459,2025,10,2,0,45.33333333333334,13.137931034482758,9.0,-41.31999999999999,2,8,death_plus_v7_gap_mid,0.14501500919882673,0.17974190818417113
1473459,2025,10,3,0,45.33333333333334,12.947368421052632,9.238095238095239,-38.78,2,8,death_plus_v7_gap_mid,0.17234822515857742,0.20768927826692696
1473459,2025,10,4,0,45.33333333333334,13.07142857142857,9.1875,-39.24000000000001,2,8,death_plus_v7_gap_mid,0.17080695778861157,0.2061352358354621
1473459,2025,10,5,0,45.33333333333334,13.200000000000001,9.138461538461538,-39.69999999999999,2,8,death_plus_v7_gap_mid,0.1693383306351685,0.2046521513208487
1473459,2025,10,6,0,45.33333333333334,13.333333333333334,9.09090909090909,-40.15999999999997,2,8,death_plus_v7_gap_mid,0.16708656253805948,0.20237383111623236
1473459,2025,10,7,0,45.33333333333334,13.471698113207548,9.044776119402984,-40.620000000000005,2,8,death_plus_v7_gap_mid,0.15690924337427503,0.19200795064476245
1473459,2025,11,1,0,45.33333333333334,13.245283018867926,9.223880597014926,-38.620000000000005,2,8,death_plus_v7_gap_mid,0.17580970575503546,0.21381621601498035
1473459,2025,11,2,0,45.33333333333334,13.384615384615385,9.176470588235293,-39.079999999999984,2,8,death_plus_v7_gap_mid,0.1708431168141217,0.20869797026791959
1473459,2025,11,3,0,45.33333333333334,13.529411764705882,9.130434782608695,-39.53999999999999,2,8,death_plus_v7_gap_mid,0.15534225069971147,0.19255530837188545
1473459,2025,11,4,0,45.33333333333334,13.68,9.085714285714285,-40.0,2,8,death_plus_v7_gap_mid,0.15759058131273868,0.19491323626821708
1473459,2025,11,5,0,45.33333333333334,13.959183673469386,8.95774647887324,-41.46000000000001,2,8,death_plus_v7_gap_mid,0.13838894288169393,0.17458033997777703
1473459,2025,11,6,0,45.33333333333334,13.75,9.166666666666666,-38.91999999999999,2,8,death_plus_v7_gap_mid,0.16454681957741987,0.20217256484743124
1473459,2025,12,1,0,45.33333333333334,13.27659574468085,9.534246575342465,-34.379999999999995,2,8,death_plus_v7_gap_mid,0.21498631116728348,0.24472047228487215
1473459,2025,12,2,0,45.33333333333334,13.565217391304348,9.405405405405405,-35.84,2,8,death_plus_v7_gap_mid,0.20387480164868094,0.23374108383100492
1473459,2025,12,3,0,45.33333333333334,13.733333333333333,9.36,-36.29999999999998,2,8,death_plus_v7_gap_mid,0.18982705820532594,0.21973686301497428
1473459,2025,12,4,0,45.33333333333334,13.90909090909091,9.31578947368421,-36.75999999999999,2,8,death_plus_v7_gap_mid,0.1761599139193456,0.20596826257385661
1473459,2025,12,5,0,45.33333333333334,14.093023255813954,9.272727272727273,-37.22,2,8,death_plus_v7_gap_mid,0.17881662420364192,0.2086564184038651
1473459,2025,12,6,0,45.33333333333334,14.428571428571427,9.153846153846153,-38.68000000000001,2,8,death_plus_v7_gap_mid,0.17051943952641224,0.20024144142099665
1473459,2025,12,7,0,45.33333333333334,14.634146341463413,9.113924050632912,-39.139999999999986,2,8,death_plus_v7_gap_mid,0.16128801445619625,0.19080887353244128
1473459,2025,13,1,0,45.33333333333334,14.048780487804876,9.417721518987342,-35.139999999999986,2,8,death_plus_v7_gap_mid,0.19419967351604217,0.2130322782705964
1473459,2025,13,2,0,45.33333333333334,13.5,9.75,-30.600000000000023,2,8,death_plus_v7_gap_mid,0.2785426582555561,0.29530331406162474
1473459,2025,13,3,0,45.33333333333334,13.692307692307692,9.703703703703704,-31.060000000000002,2,8,death_plus_v7_gap_mid,0.2701319996292071,0.2872161783699717
1473459,2025,13,4,0,45.33333333333334,13.105263157894736,10.024390243902438,-26.519999999999982,2,8,death_plus_v7_gap_mid,0.32327365221026444,0.3379788213599947
1473459,2025,13,5,0,45.33333333333334,13.297297297297298,9.975903614457831,-26.97999999999999,2,8,death_plus_v7_gap_mid,0.31380523424200835,0.3289885022710846
1473459,2025,13,6,0,45.33333333333334,13.5,9.928571428571427,-27.439999999999998,2,8,death_plus_v7_gap_mid,0.3082652268052094,0.3237181759862253
1473459,2025,14,1,0,45.33333333333334,13.714285714285714,9.882352941176471,-27.899999999999977,2,8,death_plus_v7_gap_mid,0.28853580031250814,0.3010142509466016
1473459,2025,14,2,0,45.33333333333334,13.941176470588236,9.837209302325581,-28.359999999999985,2,8,death_plus_v7_gap_mid,0.2710062446140712,0.284097922613152
1473459,2025,14,3,0,45.33333333333334,14.181818181818183,9.793103448275861,-28.819999999999993,2,8,death_plus_v7_gap_mid,0.2572832231138428,0.27080043334036963
1473459,2025,14,4,0,45.33333333333334,14.4375,9.75,-29.28,2,8,death_plus_v7_gap_mid,0.24094593708873813,0.2549010047675524
1473459,2025,14,5,0,45.33333333333334,14.70967741935484,9.707865168539325,-29.74000000000001,2,8,death_plus_v7_gap_mid,0.22309652062506363,0.23743589118156766
1473459,2025,14,6,0,45.33333333333334,15.0,9.666666666666668,-30.200000000000017,2,8,death_plus_v7_gap_mid,0.20834935594143522,0.22292439904834535
1473459,2025,15,1,0,45.33333333333334,15.310344827586208,9.626373626373628,-30.659999999999997,2,8,death_plus_v7_gap_mid,0.1944036919256006,0.20692312023384787
1473459,2025,15,2,0,45.33333333333334,15.42857142857143,9.652173913043478,-30.120000000000005,2,8,death_plus_v7_gap_mid,0.19650406573664364,0.2090174253692755
1473459,2025,15,3,0,45.33333333333334,16.0,9.548387096774192,-31.579999999999984,2,8,death_plus_v7_gap_mid,0.17257222942657496,0.18506242009319415
1473459,2025,15,4,0,45.33333333333334,16.384615384615387,9.51063829787234,-32.03999999999999,2,8,death_plus_v7_gap_mid,0.15320847927407122,0.16551799927085084
1473459,2025,15,5,0,45.33333333333334,16.799999999999997,9.473684210526315,-32.49999999999997,2,8,death_plus_v7_gap_mid,0.13171623854177067,0.14362893019519013
1473459,2025,15,6,0,45.33333333333334,17.25,9.4375,-32.95999999999998,2,8,death_plus_v7_gap_mid,0.1205987883995483,0.13221421444146772
1473459,2025,15,7,0,45.33333333333334,18.0,9.34020618556701,-38.61750000000001,3,7,death_plus_v7_gap_mid,0.05111880524158282,0.05891452551095387
1473459,2025,15,8,0,45.33333333333334,18.545454545454547,9.306122448979592,-38.89500000000001,3,7,death_plus_v7_gap_mid,0.0566173618912578,0.06487826560016001
1473460,2025,7,1,0,37.88461538461539,11.844155844155845,9.209302325581396,-53.53083333333332,3,7,death_plus_v7_gap_mid,0.10450450173987975,0.13959634524074802
1473460,2025,7,2,0,37.88461538461539,11.921052631578949,9.136363636363637,-53.79666666666667,3,7,death_plus_v7_gap_mid,0.0972375192372292,0.13170057614947997
1473460,2025,7,3,0,37.88461538461539,12.0,9.066666666666666,-54.0625,3,7,death_plus_v7_gap_mid,0.09934270435757966,0.13400009262515705
1473460,2025,7,4,0,37.88461538461539,12.162162162162163,8.869565217391305,-68.71000000000001,4,6,death_plus_v7_gap_mid,0.0530759225205175,0.0805485868865543
1473460,2025,7,5,0,37.88461538461539,12.328767123287673,8.680851063829788,-69.79500000000002,4,6,death_plus_v7_gap_mid,0.053895801384642714,0.0815623081953717
1473460,2025,7,6,0,37.88461538461539,12.416666666666668,8.625,-69.88,4,6,death_plus_v7_gap_mid,0.05193426908312504,0.07913179154755311
1473460,2025,8,1,0,37.88461538461539,12.507042253521126,8.571428571428571,-69.965,4,6,death_plus_v7_gap_mid,0.051306231722711565,0.07417192900238985
1473460,2025,8,2,0,37.88461538461539,12.600000000000001,8.52,-70.04999999999998,4,6,death_plus_v7_gap_mid,0.051582919557032834,0.07450776165340892
1473460,2025,8,3,0,37.88461538461539,12.695652173913043,8.470588235294118,-70.13500000000002,4,6,death_plus_v7_gap_mid,0.050552796282408906,0.0732558425412393
1473460,2025,8,4,0,37.88461538461539,12.794117647058822,8.423076923076923,-70.22,4,6,death_plus_v7_gap_mid,0.05236907021789016,0.0754602630507655
1473460,2025,8,5,0,37.88461538461539,12.985074626865671,8.264150943396226,-71.305,4,6,death_plus_v7_gap_mid,0.05447836325335066,0.0780037519432682
1473460,2025,8,6,0,37.88461538461539,13.09090909090909,8.222222222222223,-71.38999999999999,4,6,death_plus_v7_gap_mid,0.053480685155986044,0.07680287756799477
1473460,2025,9,1,0,37.88461538461539,12.73846153846154,8.727272727272727,-66.47500000000002,4,6,death_plus_v7_gap_mid,0.06732439242240609,0.10182908466474953
1473460,2025,9,2,0,37.88461538461539,12.84375,8.678571428571429,-66.55999999999997,4,6,death_plus_v7_gap_mid,0.06819910288864564,0.1028867429434982
1473460,2025,9,3,0,37.88461538461539,13.047619047619047,8.526315789473685,-67.64500000000001,4,6,death_plus_v7_gap_mid,0.070206533582611,0.10530292460930174
1473460,2025,9,4,0,37.88461538461539,13.161290322580644,8.482758620689655,-67.72999999999999,4,6,death_plus_v7_gap_mid,0.07319952019448711,0.10887751286742874
1473460,2025,9,5,0,37.88461538461539,13.278688524590164,8.440677966101696,-67.81500000000003,4,6,death_plus_v7_gap_mid,0.06954799476237736,0.10451197932714577
1473460,2025,9,6,0,37.88461538461539,13.4,8.399999999999999,-67.89999999999998,4,6,death_plus_v7_gap_mid,0.06830380911508022,0.10301314975635441
1473460,2025,9,7,0,37.88461538461539,13.52542372881356,8.360655737704917,-67.98500000000001,4,6,death_plus_v7_gap_mid,0.06781211213421369,0.10241917935383003
1473460,2025,10,1,0,37.88461538461539,13.423728813559322,8.459016393442623,-66.98500000000001,4,6,death_plus_v7_gap_mid,0.07437499730263455,0.1024236743581199
1473460,2025,10,2,0,37.88461538461539,13.655172413793103,8.322580645161292,-68.07,4,6,death_plus_v7_gap_mid,0.06345812473539983,0.08952440555258523
1473460,2025,10,3,0,37.88461538461539,13.473684210526315,8.571428571428571,-65.15500000000003,4,6,death_plus_v7_gap_mid,0.07602659580950363,0.10434628797671865
1473460,2025,10,4,0,37.88461538461539,13.607142857142858,8.53125,-65.23999999999998,4,6,death_plus_v7_gap_mid,0.07755856830356099,0.10612331479764399
1473460,2025,10,5,0,37.88461538461539,13.200000000000001,8.953846153846154,-60.32500000000002,4,6,death_plus_v7_gap_mid,0.09724977189870856,0.12847325672696255
1473460,2025,10,6,0,37.88461538461539,13.0,9.181818181818182,-57.41,4,6,death_plus_v7_gap_mid,0.10966792275330668,0.1421587988814164
1473460,2025,11,1,0,37.88461538461539,13.132075471698112,9.134328358208954,-57.49500000000003,4,6,death_plus_v7_gap_mid,0.13367729387293847,0.16951966184684888
1473460,2025,11,2,0,37.88461538461539,13.26923076923077,9.088235294117647,-57.579999999999984,4,6,death_plus_v7_gap_mid,0.13645940717649946,0.1725114631738325
1473460,2025,11,3,0,37.88461538461539,12.823529411764707,9.478260869565217,-52.66499999999999,4,6,death_plus_v7_gap_mid,0.16469920427222162,0.2023309935058642
1473460,2025,11,4,0,37.88461538461539,12.600000000000001,9.685714285714287,-49.75,4,6,death_plus_v7_gap_mid,0.21139553754259438,0.2498112538461841
1473460,2025,11,5,0,37.88461538461539,12.857142857142858,9.549295774647888,-50.83500000000001,4,6,death_plus_v7_gap_mid,0.18361336094355468,0.2218085550788835
1473460,2025,11,6,0,37.88461538461539,13.0,9.5,-50.920000000000016,4,6,death_plus_v7_gap_mid,0.1811131483100942,0.2192543407674101
1473460,2025,11,7,0,37.88461538461539,13.148936170212766,9.45205479452055,-51.004999999999995,4,6,death_plus_v7_gap_mid,0.18601589862945536,0.22425738124482122
1473460,2025,12,1,0,37.88461538461539,13.02127659574468,9.534246575342465,-50.004999999999995,4,6,death_plus_v7_gap_mid,0.20999843456262066,0.2398021343868891
1473460,2025,12,2,0,37.88461538461539,13.304347826086957,9.405405405405405,-59.40833333333333,5,5,death_plus_v7_gap_mid,0.06374875339932404,0.08486469114931582
1473460,2025,12,3,0,37.88461538461539,13.466666666666667,9.36,-59.3125,5,5,death_plus_v7_gap_mid,0.06449347068671502,0.08573503699979758
1473460,2025,12,4,0,37.88461538461539,13.772727272727273,9.236842105263158,-60.21666666666667,5,5,death_plus_v7_gap_mid,0.06136632895417531,0.08207107398641217
1473460,2025,12,5,0,37.88461538461539,13.813953488372093,9.272727272727273,-59.12083333333334,5,5,death_plus_v7_gap_mid,0.0642941104760189,0.08550217965509968
1473460,2025,12,6,0,37.88461538461539,14.142857142857142,9.153846153846153,-60.02499999999998,5,5,death_plus_v7_gap_mid,0.05974739642470171,0.08016443049583685
1473460,2025,13,1,0,37.88461538461539,14.487804878048781,9.037974683544304,-60.929166666666646,5,5,death_plus_v7_gap_mid,0.05319329453307497,0.065554921580842
1473460,2025,13,2,0,37.88461538461539,14.850000000000001,8.925,-69.06666666666666,6,4,death_plus_v7_gap_mid,0.0266265169288161,0.03474262487969826
1473460,2025,13,3,0,37.88461538461539,15.076923076923077,8.88888888888889,-68.78999999999999,6,4,death_plus_v7_gap_mid,0.02646875569316856,0.03455328798238288
1473460,2025,13,4,0,37.88461538461539,14.842105263157896,9.073170731707318,-65.51333333333332,6,4,death_plus_v7_gap_mid,0.03160764789502611,0.04067372392487061
1473460,2025,13,5,0,37.88461538461539,15.08108108108108,9.036144578313253,-65.23666666666668,6,4,death_plus_v7_gap_mid,0.03116372633160755,0.04014864618665517
1473460,2025,13,6,0,37.88461538461539,15.166666666666666,9.071428571428571,-63.96000000000001,6,4,death_plus_v7_gap_mid,0.03286642879217939,0.042159144542776535
1473460,2025,14,1,0,37.88461538461539,15.42857142857143,9.035294117647059,-63.68333333333334,6,4,death_plus_v7_gap_mid,0.0324137458799505,0.0397232050867048
1473460,2025,14,2,0,37.88461538461539,15.529411764705884,9.069767441860465,-62.406666666666666,6,4,death_plus_v7_gap_mid,0.03291357874614823,0.04029401967097583
1473460,2025,14,3,0,37.88461538461539,16.0,8.96551724137931,-63.129999999999995,6,4,death_plus_v7_gap_mid,0.031124243243884662,0.03824759924196434
1473460,2025,14,4,0,37.88461538461539,15.375,9.272727272727273,-57.853333333333325,6,4,death_plus_v7_gap_mid,0.04364310352103002,0.05240839788244395
1473460,2025,14,5,0,37.88461538461539,15.677419354838708,9.235955056179776,-57.576666666666654,6,4,death_plus_v7_gap_mid,0.0423552250994291,0.05096715623873094
1473460,2025,14,6,0,37.88461538461539,16.0,9.200000000000001,-57.30000000000001,6,4,death_plus_v7_gap_mid,0.039067400345619716,0.04727270295417864
1473460,2025,14,7,0,37.88461538461539,16.344827586206897,9.164835164835164,-57.02333333333334,6,4,death_plus_v7_gap_mid,0.04005447472434864,0.04838420104468627
1473460,2025,15,1,0,37.88461538461539,15.517241379310345,9.428571428571429,-53.02333333333334,6,4,death_plus_v7_gap_mid,0.06940137144804501,0.07861059626675886
1473460,2025,15,2,0,37.88461538461539,15.857142857142858,9.391304347826088,-52.74666666666667,6,4,death_plus_v7_gap_mid,0.06581741797442903,0.07477817483085711
1473460,2025,15,3,0,37.88461538461539,16.444444444444446,9.29032258064516,-58.35249999999999,7,3,death_plus_v7_gap_mid,0.030866913994471168,0.03657054152854054
1473460,2025,15,4,0,37.88461538461539,16.846153846153847,9.25531914893617,-57.89500000000001,7,3,death_plus_v7_gap_mid,0.02345946653437396,0.028203004325488525
1473460,2025,15,5,0,37.88461538461539,17.52,9.157894736842106,-58.4375,7,3,death_plus_v7_gap_mid,0.013038602215692191,0.016159818980905287
1473460,2025,15,6,0,37.88461538461539,18.25,9.0625,-63.31999999999999,8,2,death_plus_v7_gap_mid,0.006544355755916674,0.0083978988539794
1473461,2025,7,1,1,-31.400000000000006,9.428571428571429,6.0,-46.78583333333333,3,7,death_plus_v7_gap_mid,0.394883496314022,0.4080248352527182
1473461,2025,7,2,1,-31.400000000000006,9.473684210526315,6.0,-46.736666666666665,3,7,death_plus_v7_gap_mid,0.39323291938281535,0.4066224656392639
1473461,2025,7,3,1,-31.400000000000006,9.52,6.0,-46.6875,3,7,death_plus_v7_gap_mid,0.3919038475240114,0.40549285578497785
1473461,2025,7,4,1,-31.400000000000006,9.567567567567567,6.0,-46.638333333333335,3,7,death_plus_v7_gap_mid,0.38677437086131883,0.4011297546792825
1473461,2025,7,5,1,-31.400000000000006,9.205479452054794,6.638297872340425,-41.58916666666667,3,7,death_plus_v7_gap_mid,0.4734097854645327,0.47429409892590857
1473461,2025,7,6,1,-31.400000000000006,9.333333333333334,6.5,-42.540000000000006,3,7,death_plus_v7_gap_mid,0.45976939663480487,0.4628252882090402
1473461,2025,8,1,1,-31.400000000000006,9.464788732394366,6.36734693877551,-43.49083333333334,3,7,death_plus_v7_gap_mid,0.44483076927555465,0.44915984516528973
1473461,2025,8,2,1,-31.400000000000006,9.257142857142858,6.720000000000001,-40.44166666666666,3,7,death_plus_v7_gap_mid,0.48114593787165283,0.4804371300206322
1473461,2025,8,3,1,-31.400000000000006,9.217391304347826,6.823529411764706,-39.3925,3,7,death_plus_v7_gap_mid,0.5021734592398277,0.49853364939647793
1473461,2025,8,4,1,-31.400000000000006,9.352941176470589,6.6923076923076925,-49.58,4,6,death_plus_v7_gap_mid,0.3130230289355975,0.33405652452010326
1473461,2025,8,5,1,-31.400000000000006,9.402985074626866,6.679245283018868,-49.39500000000001,4,6,death_plus_v7_gap_mid,0.33715043476293305,0.35544010595463194
1473461,2025,8,6,1,-31.400000000000006,9.454545454545453,6.666666666666667,-49.209999999999994,4,6,death_plus_v7_gap_mid,0.34827644970482424,0.36523918587649273
1473461,2025,9,1,1,-31.400000000000006,9.507692307692308,6.654545454545454,-49.025000000000006,4,6,death_plus_v7_gap_mid,0.3763379265402171,0.3984714104392166
1473461,2025,9,2,1,-31.400000000000006,9.5625,6.642857142857143,-48.83999999999999,4,6,death_plus_v7_gap_mid,0.3724929535114725,0.3952050235989245
1473461,2025,9,3,1,-31.400000000000006,9.61904761904762,6.631578947368421,-48.655000000000015,4,6,death_plus_v7_gap_mid,0.3894001503398743,0.40953753306116325
1473461,2025,9,4,1,-31.400000000000006,9.677419354838708,6.620689655172414,-48.469999999999985,4,6,death_plus_v7_gap_mid,0.3909196424327861,0.41082193115899385
1473461,2025,9,5,1,-31.400000000000006,9.737704918032787,6.610169491525424,-48.28500000000001,4,6,death_plus_v7_gap_mid,0.4010965783123637,0.4194099509999968
1473461,2025,9,6,1,-31.400000000000006,9.8,6.6000000000000005,-48.099999999999994,4,6,death_plus_v7_gap_mid,0.3863397371546142,0.4069488503796569
1473461,2025,10,1,1,-31.400000000000006,9.966101694915254,6.491803278688526,-48.915000000000006,4,6,death_plus_v7_gap_mid,0.3703090776466429,0.39359856692124723
1473461,2025,10,2,1,-31.400000000000006,10.034482758620689,6.483870967741935,-48.72999999999999,4,6,death_plus_v7_gap_mid,0.36807327709676363,0.39159917491077645
1473461,2025,10,3,1,-31.400000000000006,10.210526315789473,6.380952380952381,-49.545000000000016,4,6,death_plus_v7_gap_mid,0.36719011595551154,0.39080900386569645
1473461,2025,10,4,1,-31.400000000000006,10.392857142857142,6.28125,-50.36,4,6,death_plus_v7_gap_mid,0.37317292706773864,0.3961575440066894
1473461,2025,10,5,1,-31.400000000000006,10.581818181818182,6.184615384615384,-51.17500000000001,4,6,death_plus_v7_gap_mid,0.35185417165654553,0.37705066751962646
1473461,2025,10,6,1,-31.400000000000006,10.777777777777779,6.090909090909091,-51.989999999999995,4,6,death_plus_v7_gap_mid,0.34832232272673025,0.37387171149281573
1473461,2025,11,1,1,-31.400000000000006,10.528301886792454,6.35820895522388,-48.80500000000002,4,6,death_plus_v7_gap_mid,0.3924949973262922,0.42065736600210074
1473461,2025,11,2,1,-31.400000000000006,10.615384615384615,6.352941176470589,-48.620000000000005,4,6,death_plus_v7_gap_mid,0.38635977526748444,0.4150952692383552
1473461,2025,11,3,1,-31.400000000000006,10.117647058823529,6.782608695652174,-43.435,4,6,death_plus_v7_gap_mid,0.4843969126382661,0.50292563588632
1473461,2025,11,4,1,-31.400000000000006,10.2,6.771428571428571,-43.25,4,6,death_plus_v7_gap_mid,0.4884346101168689,0.5065059701922406
1473461,2025,11,5,1,-31.400000000000006,10.408163265306122,6.67605633802817,-44.065,4,6,death_plus_v7_gap_mid,0.474418156656152,0.49406795205068693
1473461,2025,11,6,1,-31.400000000000006,10.5,6.666666666666667,-43.879999999999995,4,6,death_plus_v7_gap_mid,0.48129887129346166,0.5001770966256918
1473461,2025,12,1,1,-31.400000000000006,10.595744680851064,6.657534246575342,-43.69500000000001,4,6,death_plus_v7_gap_mid,0.4740154829381774,0.48591835112776455
1473461,2025,12,2,1,-31.400000000000006,10.304347826086957,6.891891891891892,-40.510000000000005,4,6,death_plus_v7_gap_mid,0.5249643625397005,0.531707755409671
1473461,2025,12,3,1,-31.400000000000006,9.733333333333334,7.28,-35.325,4,6,death_plus_v7_gap_mid,0.5608872512565268,0.5639423183929232
1473461,2025,12,4,1,-31.400000000000006,9.818181818181818,7.2631578947368425,-35.14,4,6,death_plus_v7_gap_mid,0.5528089280201993,0.5566929524869906
1473461,2025,12,5,1,-31.400000000000006,9.906976744186046,7.246753246753247,-34.955,4,6,death_plus_v7_gap_mid,0.5412951489302954,0.5463619938050192
1473461,2025,12,6,1,-31.400000000000006,10.0,7.23076923076923,-34.77000000000001,4,6,death_plus_v7_gap_mid,0.5615114321071701,0.5645025068715624
1473461,2025,13,1,1,-31.400000000000006,10.097560975609756,7.215189873417721,-34.58500000000001,4,6,death_plus_v7_gap_mid,0.5721017847487821,0.5700472782678204
1473461,2025,13,2,1,-31.400000000000006,10.2,7.199999999999999,-34.400000000000006,4,6,death_plus_v7_gap_mid,0.5666563855101862,0.5649926065178191
1473461,2025,13,3,1,-31.400000000000006,10.307692307692307,7.185185185185185,-34.215,4,6,death_plus_v7_gap_mid,0.5833095944790425,0.5804561426632132
1473461,2025,13,4,1,-31.400000000000006,10.421052631578949,7.170731707317072,-34.03,4,6,death_plus_v7_gap_mid,0.5777800141478703,0.5753197888180697
1473461,2025,13,5,1,-31.400000000000006,10.702702702702702,7.0843373493975905,-34.845,4,6,death_plus_v7_gap_mid,0.575044523316787,0.5727795224520841
1473461,2025,13,6,1,-31.400000000000006,10.833333333333334,7.071428571428571,-34.66,4,6,death_plus_v7_gap_mid,0.5775395314284006,0.5750964508859399
1473461,2025,14,1,1,-31.400000000000006,10.457142857142857,7.270588235294117,-31.474999999999994,4,6,death_plus_v7_gap_mid,0.660228495832124,0.6523834739911022
1473461,2025,14,2,1,-31.400000000000006,10.058823529411764,7.465116279069767,-28.29000000000002,4,6,death_plus_v7_gap_mid,0.7451776715838065,0.7337126958902506
1473461,2025,14,3,1,-31.400000000000006,10.0,7.517241379310344,-27.10499999999999,4,6,death_plus_v7_gap_mid,0.7706416420590743,0.7584168081025
1473461,2025,14,4,1,-31.400000000000006,9.9375,7.568181818181818,-25.919999999999987,4,6,death_plus_v7_gap_mid,0.7836910730940139,0.7711520688419282
1473461,2025,14,5,1,-31.400000000000006,9.483870967741936,7.752808988764045,-22.734999999999985,4,6,death_plus_v7_gap_mid,0.8273977049148622,0.8142510933000043
1473461,2025,14,6,1,-31.400000000000006,8.6,8.066666666666666,-17.549999999999983,4,6,death_plus_v7_gap_mid,0.8925167672344725,0.8801700167742188
1473461,2025,15,1,1,-31.400000000000006,8.689655172413794,8.043956043956044,-17.36500000000001,4,6,death_plus_v7_gap_mid,0.886170690458174,0.8768811375500186
1473461,2025,15,2,1,-31.400000000000006,9.0,7.956521739130434,-18.180000000000007,4,6,death_plus_v7_gap_mid,0.880735173015559,0.8713514738921436
1473461,2025,15,3,1,-31.400000000000006,9.11111111111111,7.935483870967742,-17.995000000000005,4,6,death_plus_v7_gap_mid,0.8749523187239006,0.8654855377727372
1473461,2025,15,4,1,-31.400000000000006,8.538461538461538,8.106382978723403,-14.810000000000002,4,6,death_plus_v7_gap_mid,0.8984359798925047,0.8894203438595764
1473461,2025,15,5,1,-31.400000000000006,7.4399999999999995,8.399999999999999,-9.625,4,6,death_plus_v7_gap_mid,0.9440349321294392,0.9369830743483267
1473461,2025,15,6,1,-31.400000000000006,7.5,8.375,-9.439999999999998,4,6,death_plus_v7_gap_mid,0.942543186547291,0.9353973318371455
1473462,2025,7,1,1,-63.06666666666666,1.4805194805194806,11.86046511627907,34.87333333333334,2,8,death_plus_v7_gap_mid,0.9932429090565706,0.984935315956298
1473462,2025,7,2,1,-63.06666666666666,1.5,11.590909090909092,34.186666666666675,2,8,death_plus_v7_gap_mid,0.9913101630258123,0.9814249424447086
1473462,2025,7,3,1,-63.06666666666666,1.52,11.333333333333332,33.5,2,8,death_plus_v7_gap_mid,0.9926272660320603,0.983800239210724
1473462,2025,7,4,1,-63.06666666666666,1.4594594594594597,11.217391304347826,33.81333333333334,2,8,death_plus_v7_gap_mid,0.9920556200813492,0.9827609396087282
1473462,2025,7,5,1,-63.06666666666666,1.3972602739726026,11.106382978723403,34.12666666666666,2,8,death_plus_v7_gap_mid,0.9928237109546986,0.9841605808583164
1473462,2025,7,6,1,-63.06666666666666,1.4166666666666665,10.875,33.44,2,8,death_plus_v7_gap_mid,0.9937566041411725,0.9858961376064567
1473462,2025,8,1,1,-63.06666666666666,1.436619718309859,10.653061224489797,32.75333333333334,2,8,death_plus_v7_gap_mid,0.9953993849426183,0.9901920008067077
1473462,2025,8,2,1,-63.06666666666666,1.2857142857142856,10.68,34.06666666666668,2,8,death_plus_v7_gap_mid,0.9954193891500621,0.9902285273981546
1473462,2025,8,3,1,-63.06666666666666,1.3043478260869565,10.470588235294118,33.379999999999995,2,8,death_plus_v7_gap_mid,0.995849805364847,0.9910203484458449
1473462,2025,8,4,1,-63.06666666666666,1.2352941176470589,10.384615384615385,33.693333333333335,2,8,death_plus_v7_gap_mid,0.9959881881256593,0.991277447270459
1473462,2025,8,5,1,-63.06666666666666,1.164179104477612,10.30188679245283,34.006666666666675,2,8,death_plus_v7_gap_mid,0.9961072190381073,0.9914996355585797
1473462,2025,8,6,1,-63.06666666666666,1.0909090909090908,10.222222222222221,34.32000000000001,2,8,death_plus_v7_gap_mid,0.9959355730001155,0.9911795433947721
1473462,2025,9,1,1,-63.06666666666666,1.0153846153846153,10.145454545454545,34.63333333333333,2,8,death_plus_v7_gap_mid,0.9960696827931528,0.9901412447658625
1473462,2025,9,2,1,-63.06666666666666,1.03125,9.964285714285715,33.94666666666667,2,8,death_plus_v7_gap_mid,0.9960960755918598,0.9901959858207555
1473462,2025,9,3,1,-63.06666666666666,1.0476190476190474,9.789473684210526,33.260000000000005,2,8,death_plus_v7_gap_mid,0.9960610423320642,0.9901233378931988
1473462,2025,9,4,1,-63.06666666666666,0.6774193548387096,10.034482758620689,36.57333333333333,2,8,death_plus_v7_gap_mid,0.9966379130173195,0.9913351539965414
1473462,2025,9,5,1,-63.06666666666666,0.6885245901639344,9.864406779661017,35.88666666666667,2,8,death_plus_v7_gap_mid,0.9969830512215403,0.9920776307219119
1473462,2025,9,6,1,-63.06666666666666,0.6000000000000001,9.8,36.2,2,8,death_plus_v7_gap_mid,0.996837887843083,0.9917636127493683
1473462,2025,10,1,1,-63.06666666666666,0.3050847457627119,9.934426229508198,38.51333333333333,2,8,death_plus_v7_gap_mid,0.9969552658925906,0.9938752719950671
1473462,2025,10,2,1,-63.06666666666666,-0.3103448275862069,10.35483870967742,43.82666666666667,2,8,death_plus_v7_gap_mid,0.9964703840956222,0.9930344761869255
1473463,2025,7,1,1,9.0,8.805194805194805,9.488372093023255,-8.049999999999997,1,9,death_plus_v7_gap_mid,0.7294372708625736,0.6942330982975282
1473463,2025,7,2,1,9.0,8.921052631578949,9.272727272727273,-9.400000000000006,1,9,death_plus_v7_gap_mid,0.7298848817594172,0.6946377360732798
1473463,2025,7,3,1,9.0,8.56,9.866666666666667,-4.75,1,9,death_plus_v7_gap_mid,0.7385411200090729,0.702487336426808
1473463,2025,7,4,1,9.0,8.675675675675677,9.652173913043478,-6.099999999999994,1,9,death_plus_v7_gap_mid,0.7390197637801522,0.7029227606672391
1473463,2025,7,5,1,9.0,8.63013698630137,9.702127659574467,-5.450000000000003,1,9,death_plus_v7_gap_mid,0.7508435109631887,0.7137270755766665
1473463,2025,7,6,1,9.0,8.583333333333334,9.75,-4.799999999999997,1,9,death_plus_v7_gap_mid,0.7586316604721559,0.720896665074614
1473463,2025,8,1,1,9.0,8.366197183098592,10.040816326530614,-2.1500000000000057,1,9,death_plus_v7_gap_mid,0.7758689967746539,0.7418205585921059
1473463,2025,8,2,1,9.0,8.399999999999999,9.959999999999999,-2.5,1,9,death_plus_v7_gap_mid,0.7848196502784572,0.7503356340260942
1473463,2025,8,3,1,9.0,8.521739130434783,9.764705882352942,-3.8500000000000085,1,9,death_plus_v7_gap_mid,0.7734277147889735,0.7395084999136857
1473463,2025,8,4,1,9.0,8.117647058823529,10.269230769230768,0.7999999999999972,1,9,death_plus_v7_gap_mid,0.8176194737535787,0.7821075166590082
1473463,2025,8,5,1,9.0,8.238805970149254,10.075471698113208,-0.549999999999983,1,9,death_plus_v7_gap_mid,0.8127517319069777,0.7773309169533793
1473463,2025,8,6,1,9.0,8.272727272727273,10.0,-0.8999999999999773,1,9,death_plus_v7_gap_mid,0.8081480150307905,0.7728341835538632
1473463,2025,9,1,1,9.0,7.846153846153847,10.472727272727273,3.750000000000014,1,9,death_plus_v7_gap_mid,0.878029734054794,0.8387575586157584
1473463,2025,9,2,1,9.0,7.875,10.392857142857142,3.3999999999999915,1,9,death_plus_v7_gap_mid,0.8708686811704613,0.8312870044812053
1473463,2025,9,3,1,9.0,7.619047619047619,10.631578947368421,6.050000000000011,1,9,death_plus_v7_gap_mid,0.931208602229957,0.8978893164612434
1473463,2025,9,4,1,9.0,7.64516129032258,10.551724137931034,5.700000000000017,1,9,death_plus_v7_gap_mid,0.9308743561376939,0.897491834187303
1473463,2025,9,5,1,9.0,7.1803278688524586,10.983050847457626,10.350000000000009,1,9,death_plus_v7_gap_mid,0.9678203929719735,0.9446760385878038
1473463,2025,9,6,1,9.0,6.7,11.399999999999999,14.999999999999986,1,9,death_plus_v7_gap_mid,0.9803783930026104,0.9630167723731093
1473463,2025,10,1,1,9.0,6.711864406779661,11.311475409836067,14.650000000000006,1,9,death_plus_v7_gap_mid,0.9817045883489115,0.9709621790119827
1473463,2025,10,2,1,9.0,6.724137931034482,11.225806451612902,14.300000000000011,1,9,death_plus_v7_gap_mid,0.9822266670867559,0.9716794202609226
1473463,2025,10,3,1,9.0,6.421052631578947,11.428571428571427,16.950000000000003,1,9,death_plus_v7_gap_mid,0.98573986699347,0.9765897992253595
1473463,2025,10,4,1,9.0,6.321428571428571,11.4375,17.60000000000001,1,9,death_plus_v7_gap_mid,0.9870456409417114,0.9784569522708281
1473463,2025,10,5,1,9.0,6.327272727272726,11.353846153846153,17.25,1,9,death_plus_v7_gap_mid,0.986089383591585,0.977087129513096
1473463,2025,10,6,1,9.0,6.444444444444445,11.181818181818182,15.900000000000006,1,9,death_plus_v7_gap_mid,0.9854779894820479,0.976218298561949
1473463,2025,11,1,1,9.0,6.566037735849056,11.014925373134329,6.599999999999994,2,8,death_plus_v7_gap_mid,0.976981156800304,0.9673417458336974
1473463,2025,11,2,1,9.0,6.5769230769230775,10.941176470588236,6.400000000000006,2,8,death_plus_v7_gap_mid,0.9721054400073026,0.9613493723772738
1473463,2025,11,3,1,9.0,6.705882352941177,10.782608695652174,5.200000000000017,2,8,death_plus_v7_gap_mid,0.9735464299180014,0.9631051058301234
1473463,2025,11,4,1,9.0,6.720000000000001,10.714285714285715,5.0,2,8,death_plus_v7_gap_mid,0.951389749886864,0.9371749834813977
1473463,2025,11,5,1,9.0,6.857142857142857,10.563380281690142,3.799999999999997,2,8,death_plus_v7_gap_mid,0.9481389099108855,0.9335235964001645
1473463,2025,11,6,1,9.0,7.0,10.416666666666668,2.6000000000000085,2,8,death_plus_v7_gap_mid,0.9457296980925486,0.9308375066418609
1473463,2025,12,1,1,9.0,6.382978723404255,10.767123287671232,7.400000000000006,2,8,death_plus_v7_gap_mid,0.9848699794185409,0.9779179694927755
1473463,2025,12,2,1,9.0,6.391304347826088,10.702702702702702,7.199999999999989,2,8,death_plus_v7_gap_mid,0.9850848494793427,0.9781980866239252
1473463,2025,12,3,1,9.0,6.4,10.64,7.000000000000014,2,8,death_plus_v7_gap_mid,0.9845553995580516,0.9775086680239852
1473463,2025,12,4,1,9.0,6.0,10.81578947368421,9.799999999999997,2,8,death_plus_v7_gap_mid,0.9882153004885661,0.9823344630025244
1473463,2025,12,5,1,9.0,6.0,10.753246753246753,9.599999999999994,2,8,death_plus_v7_gap_mid,0.9882096264930051,0.9823268634768927
1473463,2025,12,6,1,9.0,5.857142857142857,10.76923076923077,10.400000000000006,2,8,death_plus_v7_gap_mid,0.9883992452992714,0.9825810518775057
1473463,2025,13,1,1,9.0,5.853658536585366,10.708860759493671,10.200000000000017,2,8,death_plus_v7_gap_mid,0.9898993923515008,0.986133673215633
1473463,2025,13,2,1,9.0,6.0,10.575,9.0,2,8,death_plus_v7_gap_mid,0.9893223720115074,0.985403545428054
1473463,2025,13,3,1,9.0,6.0,10.518518518518519,8.800000000000011,2,8,death_plus_v7_gap_mid,0.9893892411209424,0.9854879944116138
1473463,2025,13,4,1,9.0,6.0,10.463414634146341,8.600000000000023,2,8,death_plus_v7_gap_mid,0.9898998266211498,0.9861342239356355
1473463,2025,13,5,1,9.0,5.837837837837839,10.481927710843372,9.400000000000006,2,8,death_plus_v7_gap_mid,0.9902143767091454,0.9865336181875363
1473463,2025,13,6,1,9.0,6.0,10.357142857142858,8.199999999999989,2,8,death_plus_v7_gap_mid,0.9899771308354324,0.9862322873371352
1473463,2025,13,7,1,9.0,6.0,10.305882352941175,8.0,2,8,death_plus_v7_gap_mid,0.9896568092266934,0.9858263310078857
1473463,2025,14,1,1,9.0,5.828571428571428,10.376470588235295,9.0,2,8,death_plus_v7_gap_mid,0.9906121647307309,0.9876589036351697
1473463,2025,14,2,1,9.0,5.823529411764706,10.325581395348838,8.800000000000011,2,8,death_plus_v7_gap_mid,0.9904570771252386,0.9874680389860251
1473463,2025,14,3,1,9.0,6.0,10.206896551724137,7.599999999999994,2,8,death_plus_v7_gap_mid,0.9902951928598993,0.9872690266578302
1473463,2025,14,4,1,9.0,6.1875,10.090909090909092,6.400000000000006,2,8,death_plus_v7_gap_mid,0.989980244222433,0.9868824657237377
1473463,2025,14,5,1,9.0,5.225806451612903,10.382022471910112,11.199999999999989,2,8,death_plus_v7_gap_mid,0.9938373557388042,0.9916812897523923
1473463,2025,14,6,1,9.0,5.4,10.266666666666666,10.0,2,8,death_plus_v7_gap_mid,0.9935807438014506,0.991356994720817
1473463,2025,15,1,1,9.0,5.379310344827586,10.219780219780219,9.800000000000011,2,8,death_plus_v7_gap_mid,0.9932401075822416,0.9915045880641288
1473463,2025,15,2,1,9.0,5.571428571428571,10.108695652173912,4.400000000000006,3,7,death_plus_v7_gap_mid,0.9835199622353836,0.9801995001733899
1473463,2025,15,3,1,9.0,5.555555555555555,10.064516129032258,4.349999999999994,3,7,death_plus_v7_gap_mid,0.9794725294555471,0.9756143086518245
1473463,2025,15,4,1,9.0,5.538461538461538,10.02127659574468,4.299999999999983,3,7,death_plus_v7_gap_mid,0.980121582505336,0.9763460197768629
1473463,2025,15,5,1,9.0,5.76,9.91578947368421,3.25,3,7,death_plus_v7_gap_mid,0.9769674650956188,0.9728017249061585
1473463,2025,15,6,1,9.0,6.0,9.8125,2.1999999999999886,3,7,death_plus_v7_gap_mid,0.9755200063210198,0.9711843594789306
1473464,2025,7,1,1,52.6875,11.844155844155845,13.11627906976744,6.208333333333343,0,10,death_plus_v7_gap_mid,0.6159056953408633,0.5946854042113361
1473464,2025,7,2,1,52.6875,11.921052631578949,12.954545454545455,5.166666666666657,0,10,death_plus_v7_gap_mid,0.6072512465236616,0.5872848423489584
1473464,2025,7,3,1,52.6875,11.6,13.466666666666667,9.125,0,10,death_plus_v7_gap_mid,0.6454238062078739,0.6200845509779204
1473464,2025,7,4,1,52.6875,11.513513513513512,13.565217391304348,10.083333333333343,0,10,death_plus_v7_gap_mid,0.6547356584180525,0.6281547645460833
1473464,2025,7,5,1,52.6875,11.342465753424658,13.787234042553193,12.041666666666657,0,10,death_plus_v7_gap_mid,0.6666825777053724,0.6385548945413928
1473464,2025,7,6,1,52.6875,11.416666666666666,13.625,11.0,0,10,death_plus_v7_gap_mid,0.651465224001937,0.625316950132382
1473464,2025,8,1,1,52.6875,11.492957746478872,13.46938775510204,9.958333333333329,0,10,death_plus_v7_gap_mid,0.6517694205041606,0.6285900648542788
1473464,2025,8,2,1,52.6875,11.571428571428571,13.32,8.916666666666671,0,10,death_plus_v7_gap_mid,0.6515066769002085,0.6283574522338662
1473464,2025,8,3,1,52.6875,11.217391304347826,13.76470588235294,12.874999999999986,0,10,death_plus_v7_gap_mid,0.683063585267286,0.656466419959857
1473464,2025,8,4,1,52.6875,10.852941176470589,14.192307692307693,16.83333333333333,0,10,death_plus_v7_gap_mid,0.7279199533973326,0.6971327168994854
1473464,2025,8,5,1,52.6875,11.014925373134329,13.924528301886793,14.791666666666671,0,10,death_plus_v7_gap_mid,0.7275175982589253,0.6967635631048067
1473464,2025,8,6,1,52.6875,11.181818181818182,13.666666666666666,12.750000000000014,0,10,death_plus_v7_gap_mid,0.7194144499362971,0.6893473104483
1473464,2025,9,1,1,52.6875,11.353846153846153,13.418181818181818,10.708333333333329,0,10,death_plus_v7_gap_mid,0.7075656525453842,0.6775682441550527
1473464,2025,9,2,1,52.6875,10.96875,13.82142857142857,14.666666666666671,0,10,death_plus_v7_gap_mid,0.7665936334893833,0.730400754253052
1473464,2025,9,3,1,52.6875,10.571428571428571,14.210526315789473,18.625,0,10,death_plus_v7_gap_mid,0.8049912404884214,0.7661511778520156
1473464,2025,9,4,1,52.6875,10.741935483870968,13.96551724137931,16.583333333333343,0,10,death_plus_v7_gap_mid,0.8020832059353191,0.7633963124053551
1473464,2025,9,5,1,52.6875,10.524590163934427,14.135593220338983,18.541666666666657,0,10,death_plus_v7_gap_mid,0.8142135187204023,0.7749452410752002
1473464,2025,9,6,1,52.6875,10.299999999999999,14.3,20.5,0,10,death_plus_v7_gap_mid,0.8131157230961927,0.7738937034674779
1473464,2025,10,1,1,52.6875,10.474576271186441,14.065573770491804,18.458333333333343,0,10,death_plus_v7_gap_mid,0.8158706673964865,0.7910936074861373
1473464,2025,10,2,1,52.6875,10.241379310344827,14.225806451612904,20.416666666666686,0,10,death_plus_v7_gap_mid,0.8135214911661379,0.7888387266554029
1473464,2025,10,3,1,52.6875,10.31578947368421,14.095238095238095,19.375,0,10,death_plus_v7_gap_mid,0.8204249480479145,0.795477546407083
1473464,2025,10,4,1,52.6875,10.392857142857142,13.96875,18.333333333333343,0,10,death_plus_v7_gap_mid,0.8154452581614429,0.7906849536988645
1473464,2025,10,5,1,52.6875,10.145454545454545,14.123076923076923,20.291666666666657,0,10,death_plus_v7_gap_mid,0.8229003840448836,0.7978674622096227
1473464,2025,10,6,1,52.6875,10.222222222222221,14.0,19.25,0,10,death_plus_v7_gap_mid,0.8135484714186492,0.7888645995169279
1473464,2025,11,1,1,52.6875,10.30188679245283,13.880597014925371,18.208333333333343,0,10,death_plus_v7_gap_mid,0.8049449272944582,0.7897032828475091
1473464,2025,11,2,1,52.6875,10.269230769230768,13.852941176470587,18.166666666666657,0,10,death_plus_v7_gap_mid,0.8067247096922172,0.791372395481874
1473464,2025,11,3,1,52.6875,10.470588235294118,13.652173913043477,16.125,0,10,death_plus_v7_gap_mid,0.7986219567392381,0.7837880582550218
1473464,2025,11,4,1,52.6875,10.2,13.799999999999999,18.083333333333343,0,10,death_plus_v7_gap_mid,0.8104892878861703,0.7949090141027786
1473464,2025,11,5,1,52.6875,9.918367346938776,13.943661971830986,20.041666666666657,0,10,death_plus_v7_gap_mid,0.8205703833533582,0.8044224113606336
1473464,2025,11,6,1,52.6875,10.125,13.75,18.0,0,10,death_plus_v7_gap_mid,0.8167860337168891,0.800843671736993
1473464,2025,12,1,1,52.6875,9.574468085106382,14.054794520547945,21.958333333333314,0,10,death_plus_v7_gap_mid,0.8340727423212648,0.8158717700971878
1473464,2025,12,2,1,52.6875,9.782608695652174,13.864864864864867,10.525000000000006,1,9,death_plus_v7_gap_mid,0.8562338435741152,0.8376788003671024
1473464,2025,12,3,1,52.6875,9.866666666666667,13.760000000000002,9.6875,1,9,death_plus_v7_gap_mid,0.8520935847973874,0.8335752226530162
1473464,2025,12,4,1,52.6875,9.954545454545455,13.657894736842104,8.849999999999994,1,9,death_plus_v7_gap_mid,0.8563464849598627,0.8377906451094571
1473464,2025,12,5,1,52.6875,10.046511627906977,13.558441558441558,8.012499999999989,1,9,death_plus_v7_gap_mid,0.8509420072419164,0.8324363691840287
1473464,2025,12,6,1,52.6875,10.142857142857142,13.461538461538462,7.174999999999983,1,9,death_plus_v7_gap_mid,0.8572673265760926,0.8387053801068398
1473464,2025,13,1,1,52.6875,10.24390243902439,13.367088607594937,6.337500000000006,1,9,death_plus_v7_gap_mid,0.8484766860952235,0.8334341695670032
1473464,2025,13,2,1,52.6875,10.350000000000001,13.274999999999999,5.5,1,9,death_plus_v7_gap_mid,0.8531798746114229,0.8381501690275908
1473464,2025,13,3,1,52.6875,9.692307692307693,13.555555555555554,9.662499999999994,1,9,death_plus_v7_gap_mid,0.9003537416369264,0.8863340337174885
1473464,2025,13,4,1,52.6875,9.947368421052632,13.390243902439025,7.824999999999989,1,9,death_plus_v7_gap_mid,0.8960006140406235,0.8818103497669204
1473464,2025,13,5,1,52.6875,10.054054054054054,13.301204819277109,6.987500000000011,1,9,death_plus_v7_gap_mid,0.8958726567013477,0.8816776507448618
1473464,2025,13,6,1,52.6875,10.166666666666666,13.214285714285715,6.150000000000006,1,9,death_plus_v7_gap_mid,0.9056068672006673,0.8918177316787839
1473464,2025,13,7,1,52.6875,10.285714285714285,13.129411764705884,5.3125,1,9,death_plus_v7_gap_mid,0.8944232098605202,0.8801755535171922
1473464,2025,14,1,1,52.6875,10.285714285714285,13.129411764705884,5.3125,1,9,death_plus_v7_gap_mid,0.8984223499739261,0.8862835338065996
1473464,2025,14,2,1,52.6875,10.411764705882353,13.046511627906977,4.474999999999994,1,9,death_plus_v7_gap_mid,0.8497356841150161,0.8365949906140179
1473464,2025,14,3,1,52.6875,9.636363636363637,13.310344827586206,8.637500000000017,1,9,death_plus_v7_gap_mid,0.9209156950575644,0.9098432594320753
1473464,2025,14,4,1,52.6875,9.75,13.227272727272727,7.800000000000011,1,9,death_plus_v7_gap_mid,0.9217393703415886,0.9107151823671051
1473464,2025,14,5,1,52.6875,9.29032258064516,13.348314606741575,9.962500000000006,1,9,death_plus_v7_gap_mid,0.9288906164780653,0.9183162100457822
1473464,2025,14,6,1,52.6875,8.399999999999999,13.6,14.125,1,9,death_plus_v7_gap_mid,0.9339095627048293,0.923685924491256
1473464,2025,14,7,1,52.6875,8.482758620689655,13.516483516483516,13.287499999999994,1,9,death_plus_v7_gap_mid,0.9338486058511091,0.9236205236446529
1473464,2025,15,1,1,52.6875,8.482758620689655,13.516483516483516,13.287499999999994,1,9,death_plus_v7_gap_mid,0.9378598765992888,0.930434574804112
1473464,2025,15,2,1,52.6875,7.5,13.760869565217392,17.44999999999999,1,9,death_plus_v7_gap_mid,0.9473982439818827,0.9405676459052973
1473464,2025,15,3,1,52.6875,6.888888888888889,13.870967741935484,19.61250000000001,1,9,death_plus_v7_gap_mid,0.9493383002871285,0.9426414565312177
1473464,2025,15,4,1,52.6875,6.9230769230769225,13.787234042553193,18.775000000000006,1,9,death_plus_v7_gap_mid,0.948807330589079,0.9420734212695858
1473464,2025,15,5,1,52.6875,6.959999999999999,13.705263157894738,17.9375,1,9,death_plus_v7_gap_mid,0.9481511663726605,0.9413719317576336
1473464,2025,15,6,1,52.6875,7.0,13.625,17.100000000000023,1,9,death_plus_v7_gap_mid,0.9469133687352528,0.9400500539514208
1473465,2025,7,1,1,-6.5,8.103896103896105,9.767441860465116,8.00833333333334,0,10,death_plus_v7_gap_mid,0.9108323707160639,0.8742853353786598
1473465,2025,7,2,1,-6.5,7.894736842105264,10.090909090909092,10.566666666666663,0,10,death_plus_v7_gap_mid,0.9305725166612445,0.8973108155276774
1473465,2025,7,3,1,-6.5,7.92,10.0,10.125,0,10,death_plus_v7_gap_mid,0.9286836002589219,0.8950532400814156
1473465,2025,7,4,1,-6.5,7.945945945945946,9.91304347826087,9.683333333333337,0,10,death_plus_v7_gap_mid,0.925392506125163,0.8911492799961074
1473465,2025,7,5,1,-6.5,7.561643835616438,10.46808510638298,14.24166666666666,0,10,death_plus_v7_gap_mid,0.9658375784797154,0.9423992382594477
1473465,2025,7,6,1,-6.5,7.666666666666666,10.25,12.799999999999997,0,10,death_plus_v7_gap_mid,0.9603768304340463,0.934960816587814
1473465,2025,8,1,1,-6.5,7.690140845070423,10.16326530612245,12.358333333333334,0,10,death_plus_v7_gap_mid,0.9576469944095608,0.9352786537716091
1473465,2025,8,2,1,-6.5,7.628571428571428,10.2,12.916666666666671,0,10,death_plus_v7_gap_mid,0.961888236845565,0.9407759339744329
1473465,2025,8,3,1,-6.5,7.652173913043478,10.117647058823529,12.474999999999994,0,10,death_plus_v7_gap_mid,0.9581565322899432,0.935933880367513
1473465,2025,8,4,1,-6.5,7.235294117647058,10.615384615384615,17.03333333333333,0,10,death_plus_v7_gap_mid,0.9765925413509629,0.9607592694045707
1473465,2025,8,5,1,-6.5,7.343283582089552,10.415094339622641,5.9325000000000045,1,9,death_plus_v7_gap_mid,0.9706962400480159,0.9525481875513583
1473465,2025,8,6,1,-6.5,7.363636363636363,10.333333333333334,5.635000000000019,1,9,death_plus_v7_gap_mid,0.9631819086871003,0.9424732578038115
1473465,2025,8,7,1,-6.5,7.384615384615385,10.254545454545454,5.337500000000006,1,9,death_plus_v7_gap_mid,0.9631639190566843,0.9424495858036025
1473465,2025,9,1,1,-6.5,7.292307692307691,10.363636363636363,6.337500000000006,1,9,death_plus_v7_gap_mid,0.9662037880328167,0.9424320919032082
1473465,2025,9,2,1,-6.5,7.03125,10.607142857142858,9.039999999999992,1,9,death_plus_v7_gap_mid,0.9739232528850963,0.9533663995148903
1473465,2025,9,3,1,-6.5,7.0476190476190474,10.526315789473683,8.742500000000007,1,9,death_plus_v7_gap_mid,0.974350201563936,0.9539887489542735
1473465,2025,9,4,1,-6.5,7.161290322580646,10.344827586206897,7.445000000000007,1,9,death_plus_v7_gap_mid,0.9742500633690785,0.9538425967666329
1473465,2025,9,5,1,-6.5,7.278688524590164,10.169491525423728,6.147500000000008,1,9,death_plus_v7_gap_mid,0.9724284386742263,0.9512031937681866
1473465,2025,9,6,1,-6.5,7.299999999999999,10.1,5.849999999999994,1,9,death_plus_v7_gap_mid,0.9732058989395634,0.9523252813666979
1473465,2025,10,1,1,-6.5,7.322033898305085,10.032786885245901,5.552499999999995,1,9,death_plus_v7_gap_mid,0.9712562091245555,0.9571308684527928
1473465,2025,10,2,1,-6.5,7.344827586206896,9.967741935483872,5.25500000000001,1,9,death_plus_v7_gap_mid,0.9711282493589668,0.9569666743793311
1473465,2025,10,3,1,-6.5,7.473684210526317,9.80952380952381,3.957499999999996,1,9,death_plus_v7_gap_mid,0.9367576743337152,0.9157164250189693
1473465,2025,10,4,1,-6.5,7.5,9.75,3.660000000000011,1,9,death_plus_v7_gap_mid,0.9368078459797727,0.9157735128266309
1473465,2025,10,5,1,-6.5,7.636363636363637,9.600000000000001,2.362499999999997,1,9,death_plus_v7_gap_mid,0.9285043800362638,0.9064180918177984
1473465,2025,10,6,1,-6.5,7.666666666666666,9.545454545454545,2.0649999999999977,1,9,death_plus_v7_gap_mid,0.9264104805685999,0.9040867612064439
1473465,2025,10,7,1,-6.5,7.811320754716981,9.402985074626866,0.7674999999999983,1,9,death_plus_v7_gap_mid,0.9239185259614341,0.9013259008378283
1473465,2025,10,8,1,-6.5,7.846153846153847,9.352941176470589,0.46999999999999886,1,9,death_plus_v7_gap_mid,0.9216665152647912,0.8988432236493554
1473465,2025,11,1,1,-6.5,7.584905660377358,9.582089552238806,2.7674999999999983,1,9,death_plus_v7_gap_mid,0.9322294817560197,0.9160636297429116
1473465,2025,11,2,1,-6.5,7.730769230769232,9.441176470588236,1.4699999999999989,1,9,death_plus_v7_gap_mid,0.9209713672096502,0.9040514253582025
1473465,2025,11,3,1,-6.5,7.764705882352942,9.391304347826088,1.1725000000000136,1,9,death_plus_v7_gap_mid,0.9209233682786027,0.9040007354088947
1473465,2025,11,4,1,-6.5,7.800000000000001,9.342857142857143,0.875,1,9,death_plus_v7_gap_mid,0.9252646750944955,0.9086028053786636
1473465,2025,11,5,1,-6.5,7.714285714285715,9.380281690140844,1.5774999999999864,1,9,death_plus_v7_gap_mid,0.928359608891879,0.9119058876375353
1473465,2025,11,6,1,-6.5,7.75,9.333333333333334,1.2800000000000153,1,9,death_plus_v7_gap_mid,0.9326044688391462,0.9164682054641754
1473465,2025,11,7,1,-6.5,7.404255319148936,9.534246575342465,3.9825000000000017,1,9,death_plus_v7_gap_mid,0.9553025183342843,0.9416138701227731
1473465,2025,12,1,1,-6.5,7.404255319148936,9.534246575342465,3.9825000000000017,1,9,death_plus_v7_gap_mid,0.9631874660059137,0.9512662339489375
1473465,2025,12,2,1,-6.5,7.434782608695652,9.486486486486488,3.6850000000000023,1,9,death_plus_v7_gap_mid,0.9592222348922299,0.9466351521248128
1473465,2025,12,3,1,-6.5,7.6,9.36,2.387500000000003,1,9,death_plus_v7_gap_mid,0.9524021473053504,0.9387932706248245
1473465,2025,12,4,1,-6.5,7.7727272727272725,9.236842105263158,1.0899999999999892,1,9,death_plus_v7_gap_mid,0.9434954140622942,0.9287541223782138
1473465,2025,12,5,1,-6.5,7.813953488372094,9.194805194805195,0.792500000000004,1,9,death_plus_v7_gap_mid,0.9425273726158611,0.9276752547123508
1473465,2025,12,6,1,-6.5,7.142857142857142,9.538461538461538,5.49499999999999,1,9,death_plus_v7_gap_mid,0.9851219178121091,0.978246456691884
1473465,2025,13,1,1,-6.5,7.170731707317072,9.49367088607595,5.197500000000005,1,9,death_plus_v7_gap_mid,0.9837602303562734,0.9785053781717084
1473465,2025,13,2,1,-6.5,6.75,9.675,7.900000000000006,1,9,death_plus_v7_gap_mid,0.9901113490585468,0.9864026906184541
1473465,2025,13,3,1,-6.5,6.769230769230769,9.62962962962963,7.602499999999992,1,9,death_plus_v7_gap_mid,0.990036175604442,0.9863072281560973
1473465,2025,13,4,1,-6.5,6.789473684210526,9.585365853658537,7.304999999999993,1,9,death_plus_v7_gap_mid,0.989433059917511,0.9855433560237186
1473465,2025,13,5,1,-6.5,6.972972972972972,9.46987951807229,6.007500000000007,1,9,death_plus_v7_gap_mid,0.9884510288834636,0.9843068637889866
1473465,2025,13,6,1,-6.5,7.0,9.428571428571429,5.710000000000008,1,9,death_plus_v7_gap_mid,0.9877743951177236,0.9834598067396315
1473465,2025,14,1,1,-6.5,7.0285714285714285,9.388235294117647,5.412499999999994,1,9,death_plus_v7_gap_mid,0.986774732841837,0.9829897132396301
1473465,2025,14,2,1,-6.5,7.0588235294117645,9.348837209302326,5.115000000000009,1,9,death_plus_v7_gap_mid,0.9860459066367433,0.9821139923271429
1473465,2025,14,3,1,-6.5,6.181818181818182,9.655172413793103,9.817499999999995,1,9,death_plus_v7_gap_mid,0.9934033592512999,0.991133312811016
1473465,2025,14,4,1,-6.5,6.0,9.681818181818182,10.52000000000001,1,9,death_plus_v7_gap_mid,0.9937046894653236,0.9915135257391902
1473465,2025,14,5,1,-6.5,6.193548387096774,9.573033707865168,9.222499999999997,1,9,death_plus_v7_gap_mid,0.9934530736022433,0.9911959631048864
1473465,2025,14,6,1,-6.5,5.6,9.733333333333334,11.924999999999983,1,9,death_plus_v7_gap_mid,0.9950200564561871,0.993187800355231
1473465,2025,15,1,1,-6.5,4.9655172413793105,9.89010989010989,14.627499999999998,1,9,death_plus_v7_gap_mid,0.9960738698103173,0.9949315133300812
1473465,2025,15,2,1,-6.5,5.142857142857142,9.782608695652174,13.329999999999984,1,9,death_plus_v7_gap_mid,0.9959110910887863,0.9947319120268138
1473465,2025,15,3,1,-6.5,4.0,10.064516129032258,18.0325,1,9,death_plus_v7_gap_mid,0.9968172220515341,0.9958485904916201
1473465,2025,15,4,1,-6.5,3.6923076923076925,10.085106382978724,18.735000000000014,1,9,death_plus_v7_gap_mid,0.996999533984595,0.996075059512009
1473465,2025,15,5,1,-6.5,3.84,9.978947368421053,17.4375,1,9,death_plus_v7_gap_mid,0.9969541335236534,0.9960186003257745
1473465,2025,15,6,1,-6.5,3.75,9.9375,17.140000000000015,1,9,death_plus_v7_gap_mid,0.9969616048582643,0.9960278886483719
1473466,2025,7,1,0,5.9375,9.662337662337663,11.44186046511628,-4.612499999999997,1,9,death_plus_v7_gap_mid,0.6557596153980833,0.6290440603921122
1473466,2025,7,2,0,5.9375,9.710526315789474,11.318181818181818,-5.150000000000006,1,9,death_plus_v7_gap_mid,0.64676947042279,0.6212489308579188
1473466,2025,7,3,0,5.9375,9.84,11.066666666666666,-6.6875,1,9,death_plus_v7_gap_mid,0.6442012328854689,0.6190272079602481
1473466,2025,7,4,0,5.9375,9.486486486486488,11.608695652173912,-2.2249999999999943,1,9,death_plus_v7_gap_mid,0.6742209426521901,0.6451459429741567
1473466,2025,7,5,0,5.9375,9.616438356164384,11.361702127659575,-3.762500000000003,1,9,death_plus_v7_gap_mid,0.6852382461712002,0.6548217009035008
1473466,2025,7,6,0,5.9375,9.75,11.125,-5.299999999999997,1,9,death_plus_v7_gap_mid,0.6775896951425787,0.6480989381478411
1473466,2025,8,1,0,5.9375,9.802816901408452,11.020408163265307,-5.837500000000006,1,9,death_plus_v7_gap_mid,0.6757332116204782,0.6499044259198204
1473466,2025,8,2,0,5.9375,9.428571428571429,11.52,-1.375,1,9,death_plus_v7_gap_mid,0.7215828643417106,0.6913285506239846
1473466,2025,8,3,0,5.9375,9.565217391304348,11.294117647058822,-2.9125000000000085,1,9,death_plus_v7_gap_mid,0.7171143747174624,0.6872483975607365
1473466,2025,8,4,0,5.9375,9.529411764705882,11.307692307692307,-2.450000000000003,1,9,death_plus_v7_gap_mid,0.7255062064068128,0.6949194484474792
1473466,2025,8,5,0,5.9375,9.582089552238806,11.20754716981132,-2.987499999999983,1,9,death_plus_v7_gap_mid,0.729818124717408,0.6988754380533495
1473466,2025,8,6,0,5.9375,9.636363636363637,11.11111111111111,-3.5249999999999773,1,9,death_plus_v7_gap_mid,0.7156323055395879,0.6858973610185146
1473466,2025,9,1,0,5.9375,9.784615384615385,10.909090909090908,-5.062499999999986,1,9,death_plus_v7_gap_mid,0.7076392279412502,0.6776328249490902
1473466,2025,9,2,0,5.9375,9.84375,10.821428571428571,-5.6000000000000085,1,9,death_plus_v7_gap_mid,0.7116101106754018,0.6811223909468253
1473466,2025,9,3,0,5.9375,9.904761904761905,10.736842105263158,-6.137499999999989,1,9,death_plus_v7_gap_mid,0.7048611877122788,0.6751962993006119
1473466,2025,9,4,0,5.9375,9.967741935483872,10.655172413793103,-6.674999999999983,1,9,death_plus_v7_gap_mid,0.689513856057242,0.6618030398376804
1473466,2025,9,5,0,5.9375,9.540983606557377,11.084745762711865,-2.2124999999999915,1,9,death_plus_v7_gap_mid,0.7292916383075632,0.6967642250707312
1473466,2025,9,6,0,5.9375,9.3,11.3,0.2499999999999858,1,9,death_plus_v7_gap_mid,0.7663036847410769,0.730135515967154
1473466,2025,10,1,0,5.9375,8.847457627118644,11.704918032786885,4.712500000000006,1,9,death_plus_v7_gap_mid,0.8386335917852943,0.8131806395920291
1473466,2025,10,2,0,5.9375,9.0,11.516129032258064,-6.73333333333332,2,8,death_plus_v7_gap_mid,0.7137697362913906,0.6962451321266371
1473466,2025,10,3,0,5.9375,9.157894736842106,11.333333333333332,-8.099999999999994,2,8,death_plus_v7_gap_mid,0.7062883245583318,0.6894917348845894
1473466,2025,10,4,0,5.9375,9.214285714285715,11.25,-8.466666666666669,2,8,death_plus_v7_gap_mid,0.7019433700915925,0.6855787688091919
1473466,2025,10,5,0,5.9375,8.945454545454545,11.446153846153846,-5.833333333333314,2,8,death_plus_v7_gap_mid,0.739747917707076,0.7198662135437203
1473466,2025,10,6,0,5.9375,8.666666666666666,11.636363636363637,-3.1999999999999886,2,8,death_plus_v7_gap_mid,0.8053642542869924,0.7810416314609646
1473466,2025,11,1,0,5.9375,8.60377358490566,11.64179104477612,-2.5666666666666913,2,8,death_plus_v7_gap_mid,0.7946670155060473,0.7800993551830434
1473466,2025,11,2,0,5.9375,8.653846153846153,11.558823529411764,-2.933333333333337,2,8,death_plus_v7_gap_mid,0.8061886060658602,0.7908694341461048
1473466,2025,11,3,0,5.9375,8.352941176470587,11.73913043478261,-0.29999999999998295,2,8,death_plus_v7_gap_mid,0.8548589267839547,0.8373137499381335
1473466,2025,11,4,0,5.9375,8.52,11.571428571428571,-10.208333333333314,3,7,death_plus_v7_gap_mid,0.7463784048683251,0.735659282652104
1473466,2025,11,5,0,5.9375,8.204081632653061,11.746478873239436,-7.404166666666669,3,7,death_plus_v7_gap_mid,0.7772717044660824,0.7639701999999153
1473466,2025,11,6,0,5.9375,8.25,11.666666666666666,-7.599999999999994,3,7,death_plus_v7_gap_mid,0.7757303230977579,0.7625480501533273
1473466,2025,12,1,0,5.9375,8.425531914893618,11.506849315068493,-8.79583333333332,3,7,death_plus_v7_gap_mid,0.7695458410113909,0.754168600126891
1473466,2025,12,2,0,5.9375,8.08695652173913,11.675675675675677,-5.991666666666674,3,7,death_plus_v7_gap_mid,0.8274491713791414,0.8094244343815937
1473466,2025,12,3,0,5.9375,8.266666666666666,11.52,-7.1875,3,7,death_plus_v7_gap_mid,0.8178731687356744,0.8001548848637151
1473466,2025,12,4,0,5.9375,8.454545454545455,11.368421052631579,-15.900000000000006,4,6,death_plus_v7_gap_mid,0.6620768382826407,0.6551398979401388
1473466,2025,12,5,0,5.9375,8.511627906976745,11.2987012987013,-15.925000000000011,4,6,death_plus_v7_gap_mid,0.6664393547022913,0.6591015374208605
1473466,2025,12,6,0,5.9375,8.714285714285714,11.153846153846153,-16.950000000000017,4,6,death_plus_v7_gap_mid,0.6432330673562574,0.638065985140612
1473466,2025,13,1,0,5.9375,8.926829268292682,11.012658227848101,-17.974999999999994,4,6,death_plus_v7_gap_mid,0.6330688452424764,0.6267914149062863
1473466,2025,13,2,0,5.9375,9.149999999999999,10.875,-19.0,4,6,death_plus_v7_gap_mid,0.5982558975947254,0.5943502842693578
1473466,2025,13,3,0,5.9375,9.384615384615385,10.74074074074074,-26.6875,5,5,death_plus_v7_gap_mid,0.4756905992230398,0.48063322843623085
1473466,2025,13,4,0,5.9375,9.473684210526315,10.682926829268293,-26.541666666666657,5,5,death_plus_v7_gap_mid,0.49213561802587485,0.4958899870746109
1473466,2025,13,5,0,5.9375,9.08108108108108,10.843373493975903,-23.395833333333343,5,5,death_plus_v7_gap_mid,0.5307070649765951,0.5316506190725486
1473466,2025,13,6,0,5.9375,9.166666666666666,10.785714285714286,-23.25,5,5,death_plus_v7_gap_mid,0.5333686088974944,0.5341180777201474
1473466,2025,14,1,0,5.9375,9.257142857142858,10.729411764705883,-23.104166666666657,5,5,death_plus_v7_gap_mid,0.5224001787720026,0.5223986812389296
1473466,2025,14,2,0,5.9375,9.352941176470589,10.674418604651162,-22.958333333333343,5,5,death_plus_v7_gap_mid,0.5160265331909217,0.5164108931445079
1473466,2025,14,3,0,5.9375,9.272727272727273,10.689655172413794,-21.8125,5,5,death_plus_v7_gap_mid,0.5428216132549168,0.541587745659789
1473466,2025,14,4,0,5.9375,9.375,10.636363636363637,-21.666666666666686,5,5,death_plus_v7_gap_mid,0.5565326497923595,0.5544775461253155
1473466,2025,14,5,0,5.9375,9.483870967741936,10.584269662921349,-21.520833333333343,5,5,death_plus_v7_gap_mid,0.5570696434430338,0.5549825168128548
1473466,2025,14,6,0,5.9375,9.600000000000001,10.533333333333333,-21.375,5,5,death_plus_v7_gap_mid,0.5508454007456166,0.5491301434990978
1473466,2025,15,1,0,5.9375,9.724137931034482,10.483516483516484,-21.229166666666657,5,5,death_plus_v7_gap_mid,0.545132110352374,0.5453798351670363
1473466,2025,15,2,0,5.9375,9.857142857142858,10.434782608695652,-21.083333333333314,5,5,death_plus_v7_gap_mid,0.5377390794117484,0.538343336270928
1473466,2025,15,3,0,5.9375,10.222222222222221,10.32258064516129,-26.55000000000001,6,4,death_plus_v7_gap_mid,0.3944174916884522,0.4016834213747668
1473466,2025,15,4,0,5.9375,10.384615384615385,10.27659574468085,-26.23333333333332,6,4,death_plus_v7_gap_mid,0.4033307147200565,0.4102168980875889
1473466,2025,15,5,0,5.9375,10.56,10.23157894736842,-25.916666666666657,6,4,death_plus_v7_gap_mid,0.3925452642378547,0.39989000755707155
1473466,2025,15,6,0,5.9375,10.75,10.1875,-25.599999999999994,6,4,death_plus_v7_gap_mid,0.38184247131572385,0.38963102621923995
1473466,2025,15,7,0,5.9375,10.956521739130434,10.144329896907216,-25.28333333333333,6,4,death_plus_v7_gap_mid,0.383845124928723,0.3915515329018661
1473467,2025,7,1,1,-5.5625,7.714285714285715,9.488372093023255,-2.134999999999991,1,9,death_plus_v7_gap_mid,0.797553689737448,0.7574471287591261
1473467,2025,7,2,1,-5.5625,7.657894736842106,9.545454545454545,-1.3800000000000097,1,9,death_plus_v7_gap_mid,0.8144476221322681,0.7737441230181004
1473467,2025,7,3,1,-5.5625,7.68,9.466666666666667,-1.625,1,9,death_plus_v7_gap_mid,0.8098000226465636,0.7692313767433571
1473467,2025,7,4,1,-5.5625,7.702702702702703,9.391304347826088,-1.8699999999999903,1,9,death_plus_v7_gap_mid,0.8028361833373185,0.7625118491324566
1473467,2025,7,5,1,-5.5625,7.643835616438356,9.446808510638299,-1.115000000000009,1,9,death_plus_v7_gap_mid,0.8153412939392916,0.774614532143636
1473467,2025,7,6,1,-5.5625,7.75,9.25,-12.320000000000007,2,8,death_plus_v7_gap_mid,0.7215600157030593,0.6871316666281717
1473467,2025,8,1,1,-5.5625,7.859154929577465,9.061224489795919,-13.426666666666662,2,8,death_plus_v7_gap_mid,0.7127668051389173,0.6832882988216479
1473467,2025,8,2,1,-5.5625,7.885714285714286,9.0,-13.533333333333317,2,8,death_plus_v7_gap_mid,0.7140441180503363,0.6844508025628168
1473467,2025,8,3,1,-5.5625,8.0,8.823529411764707,-14.64,2,8,death_plus_v7_gap_mid,0.708828357269382,0.6797088442480882
1473467,2025,8,4,1,-5.5625,8.029411764705882,8.769230769230768,-14.746666666666655,2,8,death_plus_v7_gap_mid,0.6999205900436386,0.6716399936941274
1473467,2025,8,5,1,-5.5625,8.149253731343283,8.60377358490566,-25.121666666666655,3,7,death_plus_v7_gap_mid,0.523352844950659,0.5167714834422664
1473467,2025,8,6,1,-5.5625,8.272727272727273,8.444444444444445,-26.090000000000003,3,7,death_plus_v7_gap_mid,0.5167134380029763,0.5110520371284689
1473467,2025,9,1,1,-5.5625,8.399999999999999,8.290909090909091,-27.058333333333337,3,7,death_plus_v7_gap_mid,0.5081133920309786,0.5087636502606008
1473467,2025,9,2,1,-5.5625,8.4375,8.25,-27.02666666666667,3,7,death_plus_v7_gap_mid,0.5061508275541426,0.5071322199968727
1473467,2025,9,3,1,-5.5625,8.476190476190476,8.210526315789474,-26.995000000000005,3,7,death_plus_v7_gap_mid,0.5064703444963177,0.507397825560619
1473467,2025,9,4,1,-5.5625,8.516129032258064,8.172413793103448,-26.963333333333324,3,7,death_plus_v7_gap_mid,0.5085423888509019,0.5091202667646221
1473467,2025,9,5,1,-5.5625,8.557377049180328,8.135593220338983,-26.931666666666686,3,7,death_plus_v7_gap_mid,0.5194335938804231,0.5181747444834602
1473467,2025,9,6,1,-5.5625,8.6,8.100000000000001,-26.900000000000006,3,7,death_plus_v7_gap_mid,0.5325111836652172,0.5290516409011813
1473467,2025,10,1,1,-5.5625,8.64406779661017,8.065573770491802,-26.86833333333334,3,7,death_plus_v7_gap_mid,0.5262383734390681,0.530758461460981
1473467,2025,10,2,1,-5.5625,8.689655172413794,8.032258064516128,-26.83666666666666,3,7,death_plus_v7_gap_mid,0.5141476495794175,0.5202091125558652
1473467,2025,10,3,1,-5.5625,8.736842105263158,8.0,-26.804999999999993,3,7,death_plus_v7_gap_mid,0.5098206606378982,0.5164330294908784
1473467,2025,10,4,1,-5.5625,8.892857142857142,7.875,-27.77333333333334,3,7,death_plus_v7_gap_mid,0.49237012248035295,0.5011968746574202
1473467,2025,10,5,1,-5.5625,8.836363636363636,7.938461538461539,-26.741666666666674,3,7,death_plus_v7_gap_mid,0.5301080327364907,0.534134525025363
1473467,2025,10,6,1,-5.5625,8.88888888888889,7.909090909090908,-26.710000000000008,3,7,death_plus_v7_gap_mid,0.5261724802632266,0.5307009730190944
1473467,2025,11,1,1,-5.5625,9.056603773584907,7.791044776119403,-27.67833333333334,3,7,death_plus_v7_gap_mid,0.5040627108523548,0.5203458457065276
1473467,2025,11,2,1,-5.5625,8.538461538461538,8.205882352941178,-22.64666666666666,3,7,death_plus_v7_gap_mid,0.613300433413017,0.6167380751322629
1473467,2025,11,3,1,-5.5625,8.705882352941176,8.08695652173913,-23.61500000000001,3,7,death_plus_v7_gap_mid,0.5865330657521106,0.5931182100600294
1473467,2025,11,4,1,-5.5625,8.76,8.057142857142857,-23.583333333333314,3,7,death_plus_v7_gap_mid,0.5802023451351559,0.5875361260292136
1473467,2025,11,5,1,-5.5625,8.816326530612246,8.028169014084508,-23.551666666666662,3,7,death_plus_v7_gap_mid,0.5800901834164733,0.5874372360290869
1473467,2025,11,6,1,-5.5625,9.0,7.916666666666666,-24.519999999999996,3,7,death_plus_v7_gap_mid,0.5777869238667981,0.5854065626978844
1473467,2025,12,1,1,-5.5625,9.191489361702128,7.808219178082192,-25.48833333333333,3,7,death_plus_v7_gap_mid,0.56703649776413,0.5694616078670548
1473467,2025,12,2,1,-5.5625,9.26086956521739,7.783783783783784,-25.456666666666663,3,7,death_plus_v7_gap_mid,0.5664689351348375,0.5689521407437048
1473467,2025,12,3,1,-5.5625,9.466666666666667,7.68,-32.650000000000006,4,6,death_plus_v7_gap_mid,0.4224320986126475,0.43930261700697604
1473467,2025,12,4,1,-5.5625,9.136363636363637,7.894736842105264,-29.480000000000018,4,6,death_plus_v7_gap_mid,0.4979023948086891,0.5074061669660511
1473467,2025,12,5,1,-5.5625,9.209302325581396,7.870129870129871,-29.310000000000002,4,6,death_plus_v7_gap_mid,0.49718616901980167,0.5067624926636097
1473467,2025,12,6,1,-5.5625,9.285714285714286,7.846153846153847,-29.140000000000015,4,6,death_plus_v7_gap_mid,0.5015198617524406,0.5106567126869964
1473467,2025,12,7,1,-5.5625,9.365853658536587,7.822784810126583,-28.97,4,6,death_plus_v7_gap_mid,0.49051459590333296,0.5007650859539314
1473467,2025,12,8,1,-5.5625,9.45,7.800000000000001,-28.80000000000001,4,6,death_plus_v7_gap_mid,0.48019254939447203,0.491479518912303
1473467,2025,13,1,1,-5.5625,9.073170731707318,7.974683544303797,-26.97,4,6,death_plus_v7_gap_mid,0.5168036299772527,0.5187617642172667
1473467,2025,13,2,1,-5.5625,9.149999999999999,7.949999999999999,-26.80000000000001,4,6,death_plus_v7_gap_mid,0.5223518913993523,0.5239050958934146
1473467,2025,13,3,1,-5.5625,9.230769230769232,7.9259259259259265,-26.629999999999995,4,6,death_plus_v7_gap_mid,0.5163381127376491,0.5183302182049173
1473467,2025,13,4,1,-5.5625,9.31578947368421,7.902439024390244,-26.460000000000008,4,6,death_plus_v7_gap_mid,0.5184599213390733,0.5202971803168771
1473467,2025,13,5,1,-5.5625,9.405405405405405,7.879518072289156,-26.289999999999992,4,6,death_plus_v7_gap_mid,0.509385125758903,0.5118844427601896
1473467,2025,13,6,1,-5.5625,9.666666666666668,7.7857142857142865,-27.120000000000005,4,6,death_plus_v7_gap_mid,0.4964112577304284,0.4998551638817912
1473467,2025,14,1,1,-5.5625,9.771428571428572,7.764705882352942,-26.94999999999999,4,6,death_plus_v7_gap_mid,0.5055538500848856,0.5065725188879093
1473467,2025,14,2,1,-5.5625,10.058823529411764,7.674418604651163,-27.78,4,6,death_plus_v7_gap_mid,0.4841637828135792,0.48647531926652765
1473467,2025,14,3,1,-5.5625,10.363636363636363,7.586206896551724,-28.609999999999985,4,6,death_plus_v7_gap_mid,0.4685552620166153,0.4718039041781585
1473467,2025,14,4,1,-5.5625,10.6875,7.5,-29.439999999999998,4,6,death_plus_v7_gap_mid,0.4593908598185298,0.46318568428671575
1473467,2025,14,5,1,-5.5625,10.838709677419354,7.4831460674157295,-29.269999999999982,4,6,death_plus_v7_gap_mid,0.460438922689648,0.4641714654968437
1473467,2025,14,6,1,-5.5625,11.2,7.4,-34.25,5,5,death_plus_v7_gap_mid,0.3125204961710592,0.3240467777543736
1473467,2025,15,1,1,-5.5625,11.379310344827587,7.384615384615385,-33.94166666666666,5,5,death_plus_v7_gap_mid,0.3263861900638431,0.33625562001117404
1473467,2025,15,2,1,-5.5625,11.571428571428571,7.369565217391304,-33.633333333333326,5,5,death_plus_v7_gap_mid,0.32738360189475835,0.3372193662262341
1473467,2025,15,3,1,-5.5625,11.777777777777779,7.35483870967742,-33.32499999999999,5,5,death_plus_v7_gap_mid,0.31598330853126105,0.32619443424847444
1473467,2025,15,4,1,-5.5625,12.0,7.340425531914893,-33.01666666666665,5,5,death_plus_v7_gap_mid,0.3169765871090139,0.32715584679712956
1473467,2025,15,5,1,-5.5625,12.48,7.2631578947368425,-33.70833333333334,5,5,death_plus_v7_gap_mid,0.24828444817155873,0.2602241413333869
1473467,2025,15,6,1,-5.5625,12.0,7.4375,-30.400000000000006,5,5,death_plus_v7_gap_mid,0.34666516543202985,0.35582095425578975
1473467,2025,15,7,1,-5.5625,11.478260869565219,7.608247422680412,-27.09166666666667,5,5,death_plus_v7_gap_mid,0.4312617471386243,0.43691461642348056
1473468,2025,7,1,0,-69.14285714285714,3.974025974025974,8.511627906976745,6.980000000000011,2,8,death_plus_v7_gap_mid,0.9969138400517703,0.9921695678429251
1473468,2025,7,2,0,-69.14285714285714,3.947368421052632,8.454545454545455,7.240000000000002,2,8,death_plus_v7_gap_mid,0.9968871100387215,0.9921128862675552
1473468,2025,7,3,0,-69.14285714285714,4.0,8.266666666666666,6.5,2,8,death_plus_v7_gap_mid,0.996981946733086,0.9923143626403023
1473468,2025,7,4,0,-69.14285714285714,4.054054054054054,8.08695652173913,-1.0850000000000009,3,7,death_plus_v7_gap_mid,0.9910546008109944,0.9809716104792725
1473468,2025,7,5,0,-69.14285714285714,3.6986301369863015,8.553191489361701,3.2674999999999983,3,7,death_plus_v7_gap_mid,0.9889307979541169,0.9772858477175175
1473468,2025,7,6,0,-69.14285714285714,3.666666666666667,8.5,3.6199999999999903,3,7,death_plus_v7_gap_mid,0.990037373292233,0.9791889698926699
1473468,2025,8,1,0,-69.14285714285714,3.633802816901408,8.448979591836736,3.9724999999999966,3,7,death_plus_v7_gap_mid,0.989563041309975,0.9802483575019786
1473468,2025,8,2,0,-69.14285714285714,3.5999999999999996,8.399999999999999,4.325000000000003,3,7,death_plus_v7_gap_mid,0.9896707958729898,0.980422364074307
1473468,2025,8,3,0,-69.14285714285714,3.6521739130434785,8.235294117647058,3.677499999999995,3,7,death_plus_v7_gap_mid,0.991208562398679,0.9829377491148676
1473468,2025,8,4,0,-69.14285714285714,3.7058823529411766,8.076923076923077,3.029999999999987,3,7,death_plus_v7_gap_mid,0.9921577103111558,0.9845235161555216
1473468,2025,8,5,0,-69.14285714285714,3.7611940298507465,7.924528301886792,2.3825000000000074,3,7,death_plus_v7_gap_mid,0.9926589921306397,0.9853726295539531
1473468,2025,8,6,0,-69.14285714285714,3.7272727272727275,7.888888888888889,2.7349999999999994,3,7,death_plus_v7_gap_mid,0.9930156650463906,0.9859821112785814
1473468,2025,9,1,0,-69.14285714285714,3.6923076923076925,7.8545454545454545,3.0874999999999915,3,7,death_plus_v7_gap_mid,0.9934943712018924,0.9850561112887509
1473468,2025,9,2,0,-69.14285714285714,3.75,7.714285714285715,-3.4799999999999898,4,6,death_plus_v7_gap_mid,0.9866308219304558,0.9729816737267909
1473468,2025,9,3,0,-69.14285714285714,3.8095238095238093,7.578947368421052,-4.035000000000011,4,6,death_plus_v7_gap_mid,0.9848219004321177,0.9700212449780544
1473468,2025,9,4,0,-69.14285714285714,3.870967741935484,7.448275862068966,-4.589999999999989,4,6,death_plus_v7_gap_mid,0.9866180780926589,0.9729605616700492
1473468,2025,9,5,0,-69.14285714285714,3.9344262295081966,7.322033898305085,-5.14500000000001,4,6,death_plus_v7_gap_mid,0.9864780962006527,0.9727289106565841
1473468,2025,9,6,0,-69.14285714285714,4.0,7.199999999999999,-5.699999999999989,4,6,death_plus_v7_gap_mid,0.9860939349712262,0.9720954937026606
1473468,2025,9,7,0,-69.14285714285714,4.067796610169491,7.081967213114754,-6.25500000000001,4,6,death_plus_v7_gap_mid,0.9848512264580613,0.9700686821685407
1473468,2025,10,1,0,-69.14285714285714,3.9661016949152543,7.1803278688524586,-5.25500000000001,4,6,death_plus_v7_gap_mid,0.9873056025141156,0.9788317602193849
1473468,2025,10,2,0,-69.14285714285714,4.0344827586206895,7.064516129032258,-5.810000000000002,4,6,death_plus_v7_gap_mid,0.9866433177720751,0.9778789576811212
1473468,2025,10,3,0,-69.14285714285714,4.0,7.0476190476190474,-5.365000000000009,4,6,death_plus_v7_gap_mid,0.9876101295669133,0.9792721924821813
1473468,2025,10,4,0,-69.14285714285714,4.071428571428571,6.9375,-11.099999999999994,5,5,death_plus_v7_gap_mid,0.9725061312732941,0.9587405147095879
1473468,2025,10,5,0,-69.14285714285714,4.1454545454545455,6.8307692307692305,-11.5625,5,5,death_plus_v7_gap_mid,0.9707167479679406,0.9564393773820392
1473468,2025,10,6,0,-69.14285714285714,4.222222222222222,6.727272727272727,-12.025000000000006,5,5,death_plus_v7_gap_mid,0.9706147801615437,0.9563088866568765
1473468,2025,11,1,0,-69.14285714285714,4.188679245283018,6.716417910447761,-11.487499999999997,5,5,death_plus_v7_gap_mid,0.974069189677734,0.9637450893907612
1473468,2025,11,2,0,-69.14285714285714,4.153846153846153,6.705882352941177,-10.950000000000003,5,5,death_plus_v7_gap_mid,0.9758806041365152,0.9659758871082726
1473468,2025,11,3,0,-69.14285714285714,4.235294117647059,6.608695652173913,-16.129999999999995,6,4,death_plus_v7_gap_mid,0.9573280120549259,0.9439319821318579
1473468,2025,11,4,0,-69.14285714285714,4.32,6.514285714285714,-21.125,7,3,death_plus_v7_gap_mid,0.7718113947981559,0.7589371213558759
1473468,2025,11,5,0,-69.14285714285714,4.285714285714286,6.507042253521128,-20.40249999999999,7,3,death_plus_v7_gap_mid,0.7760352501932744,0.7628293035020135
1473468,2025,11,6,0,-69.14285714285714,4.375,6.416666666666666,-20.680000000000007,7,3,death_plus_v7_gap_mid,0.7711562473804471,0.7583341329545815
1473468,2025,12,1,0,-69.14285714285714,4.212765957446809,6.493150684931507,-18.95750000000001,7,3,death_plus_v7_gap_mid,0.8436045564023724,0.8252048624972688
1473468,2025,12,2,0,-69.14285714285714,4.304347826086956,6.405405405405405,-19.235,7,3,death_plus_v7_gap_mid,0.8355843613693991,0.8173474585292468
1473468,2025,12,3,0,-69.14285714285714,4.3999999999999995,6.319999999999999,-19.51249999999999,7,3,death_plus_v7_gap_mid,0.8345427787863866,0.8163304599646058
1473468,2025,12,4,0,-69.14285714285714,4.5,6.2368421052631575,-19.790000000000006,7,3,death_plus_v7_gap_mid,0.8552565547885214,0.8367088750502406
1473468,2025,12,5,0,-69.14285714285714,4.604651162790698,6.1558441558441555,-24.045,8,2,death_plus_v7_gap_mid,0.6457600873496065,0.6403522996817425
1473468,2025,12,6,0,-69.14285714285714,4.714285714285714,6.076923076923077,-24.230000000000004,8,2,death_plus_v7_gap_mid,0.6394488598932523,0.6346440261955417
1473468,2025,13,1,0,-69.14285714285714,4.829268292682928,6.0,-24.414999999999992,8,2,death_plus_v7_gap_mid,0.6201590301819988,0.6147462490634595
1473468,2025,13,2,0,-69.14285714285714,4.050000000000001,6.375,-18.60000000000001,8,2,death_plus_v7_gap_mid,0.8400010949255771,0.8249693464339837
1473468,2025,13,3,0,-69.14285714285714,4.153846153846153,6.296296296296296,-18.78500000000001,8,2,death_plus_v7_gap_mid,0.8488211443670111,0.8337791005379669
1473468,2025,13,4,0,-69.14285714285714,3.3157894736842106,6.658536585365854,-12.969999999999999,8,2,death_plus_v7_gap_mid,0.9331788751648797,0.921114272804826
1473468,2025,13,5,0,-69.14285714285714,2.756756756756757,6.867469879518072,-9.155000000000001,8,2,death_plus_v7_gap_mid,0.9498100278770636,0.9393094082177289
1473468,2025,13,6,0,-69.14285714285714,2.833333333333333,6.785714285714286,-9.33999999999999,8,2,death_plus_v7_gap_mid,0.950899458918746,0.9405186474299214
1473468,2025,14,1,0,-69.14285714285714,2.914285714285714,6.705882352941177,-9.524999999999991,8,2,death_plus_v7_gap_mid,0.9547072782319082,0.9463036356257304
1473468,2025,14,2,0,-69.14285714285714,3.0,6.627906976744185,-9.710000000000008,8,2,death_plus_v7_gap_mid,0.9555521839011054,0.9472370572825606
1473468,2025,14,3,0,-69.14285714285714,3.090909090909091,6.551724137931036,-9.894999999999996,8,2,death_plus_v7_gap_mid,0.9562272755640868,0.9479838183186216
1473468,2025,14,4,0,-69.14285714285714,3.1875,6.4772727272727275,-10.079999999999998,8,2,death_plus_v7_gap_mid,0.9563759610119335,0.9481484026275414
1473468,2025,14,5,0,-69.14285714285714,3.290322580645161,6.404494382022472,-10.265,8,2,death_plus_v7_gap_mid,0.9598713301677297,0.9520297879300615
1473468,2025,14,6,0,-69.14285714285714,3.4,6.333333333333334,-13.224999999999994,9,1,death_plus_v7_gap_mid,0.8329819823344901,0.8198144195335332
1473468,2025,15,1,0,-69.14285714285714,3.5172413793103443,6.263736263736265,-16.0,10,0,death_plus_v7_gap_mid,0.6966279910863686,0.6901923314947916
1473470,2025,7,1,1,-14.744680851063833,8.025974025974026,8.372093023255815,-8.444999999999993,1,9,death_plus_v7_gap_mid,0.7542395888620798,0.7168480815751774
1473470,2025,7,2,1,-14.744680851063833,8.052631578947368,8.318181818181818,-8.66000000000001,1,9,death_plus_v7_gap_mid,0.7462485846538026,0.7095171237250941
1473470,2025,7,3,1,-14.744680851063833,7.84,8.666666666666666,-5.875,1,9,death_plus_v7_gap_mid,0.795609084511872,0.7555895039218915
1473470,2025,7,4,1,-14.744680851063833,7.621621621621621,9.0,-3.089999999999989,1,9,death_plus_v7_gap_mid,0.8214678714678418,0.7806054848041334
1473470,2025,7,5,1,-14.744680851063833,7.726027397260275,8.808510638297872,-14.16000000000001,2,8,death_plus_v7_gap_mid,0.72910550719323,0.6939332642038314
1473470,2025,7,6,1,-14.744680851063833,7.75,8.75,-14.240000000000009,2,8,death_plus_v7_gap_mid,0.7201531699997621,0.6858671934508552
1473470,2025,8,1,1,-14.744680851063833,7.774647887323944,8.693877551020408,-14.319999999999993,2,8,death_plus_v7_gap_mid,0.7151596155557269,0.6854666931361921
1473470,2025,8,2,1,-14.744680851063833,7.542857142857143,9.0,-11.399999999999977,2,8,death_plus_v7_gap_mid,0.7582191220147281,0.7251997711908424
1473470,2025,8,3,1,-14.744680851063833,7.652173913043478,8.823529411764707,-12.480000000000004,2,8,death_plus_v7_gap_mid,0.7488797141710357,0.7164893175066223
1473470,2025,8,4,1,-14.744680851063833,7.6764705882352935,8.769230769230768,-12.559999999999988,2,8,death_plus_v7_gap_mid,0.7502684947055365,0.7177810770341352
1473470,2025,8,5,1,-14.744680851063833,7.791044776119403,8.60377358490566,-13.639999999999986,2,8,death_plus_v7_gap_mid,0.7424578337460236,0.7105314149830878
1473470,2025,8,6,1,-14.744680851063833,7.363636363636363,9.11111111111111,-8.719999999999985,2,8,death_plus_v7_gap_mid,0.8006413408425948,0.7655435707581844
1473470,2025,9,1,1,-14.744680851063833,7.476923076923077,8.945454545454545,-9.799999999999997,2,8,death_plus_v7_gap_mid,0.8046124523610182,0.7657918599514127
1473470,2025,9,2,1,-14.744680851063833,7.03125,9.428571428571429,-4.879999999999981,2,8,death_plus_v7_gap_mid,0.8972119650434203,0.8592680281979643
1473470,2025,9,3,1,-14.744680851063833,7.142857142857142,9.263157894736842,-5.959999999999994,2,8,death_plus_v7_gap_mid,0.8908351980349685,0.8523632051332187
1473470,2025,9,4,1,-14.744680851063833,7.161290322580646,9.206896551724139,-6.040000000000006,2,8,death_plus_v7_gap_mid,0.8814527822422887,0.8423623776210486
1473470,2025,9,5,1,-14.744680851063833,7.1803278688524586,9.152542372881356,-6.11999999999999,2,8,death_plus_v7_gap_mid,0.8803674966427713,0.841217015420513
1473470,2025,9,6,1,-14.744680851063833,7.199999999999999,9.1,-6.200000000000003,2,8,death_plus_v7_gap_mid,0.8779352589995784,0.8386583844333267
1473470,2025,10,1,1,-14.744680851063833,6.711864406779661,9.540983606557377,-1.2800000000000011,2,8,death_plus_v7_gap_mid,0.9440898714707728,0.9241383550997102
1473470,2025,10,2,1,-14.744680851063833,6.827586206896552,9.387096774193548,-2.359999999999985,2,8,death_plus_v7_gap_mid,0.935005030824583,0.9137266080582496
1473470,2025,10,3,1,-14.744680851063833,6.842105263157895,9.333333333333334,-2.4399999999999977,2,8,death_plus_v7_gap_mid,0.9329106432306206,0.9113598479990909
1473470,2025,10,4,1,-14.744680851063833,6.75,9.375,-1.5200000000000102,2,8,death_plus_v7_gap_mid,0.9407989124067264,0.920338131673992
1473470,2025,10,5,1,-14.744680851063833,6.872727272727273,9.230769230769232,-2.5999999999999943,2,8,death_plus_v7_gap_mid,0.92951952368257,0.9075522259772295
1473470,2025,10,6,1,-14.744680851063833,6.333333333333334,9.636363636363637,2.3200000000000216,2,8,death_plus_v7_gap_mid,0.9673427354231876,0.952155973283348
1473470,2025,11,1,1,-14.744680851063833,6.339622641509434,9.582089552238806,2.239999999999995,2,8,death_plus_v7_gap_mid,0.966765405117632,0.954940959221947
1473470,2025,11,2,1,-14.744680851063833,6.461538461538462,9.441176470588236,1.1599999999999966,2,8,death_plus_v7_gap_mid,0.9634941746161745,0.9510831756369807
1473470,2025,11,3,1,-14.744680851063833,6.117647058823529,9.652173913043478,4.0800000000000125,2,8,death_plus_v7_gap_mid,0.9740305147028459,0.9636976850129454
1473470,2025,11,4,1,-14.744680851063833,6.12,9.600000000000001,4.0,2,8,death_plus_v7_gap_mid,0.9746960725878444,0.9645147558223519
1473470,2025,11,5,1,-14.744680851063833,6.244897959183674,9.464788732394366,2.9200000000000017,2,8,death_plus_v7_gap_mid,0.9749881782217336,0.9648742338145918
1473470,2025,11,6,1,-14.744680851063833,6.25,9.416666666666666,2.8400000000000034,2,8,death_plus_v7_gap_mid,0.9743722830871868,0.9641169130840653
1473470,2025,11,7,1,-14.744680851063833,5.872340425531915,9.616438356164384,5.760000000000005,2,8,death_plus_v7_gap_mid,0.9889539414894244,0.9828741856423595
1473470,2025,12,1,1,-14.744680851063833,5.361702127659575,9.945205479452055,9.760000000000005,2,8,death_plus_v7_gap_mid,0.9916825637770745,0.9870633643189174
1473470,2025,12,2,1,-14.744680851063833,5.478260869565217,9.81081081081081,8.679999999999993,2,8,death_plus_v7_gap_mid,0.9915436462475553,0.9868702287657577
1473470,2025,12,3,1,-14.744680851063833,5.6,9.68,7.6000000000000085,2,8,death_plus_v7_gap_mid,0.9913258580171123,0.9865681317559425
1473470,2025,12,4,1,-14.744680851063833,5.7272727272727275,9.552631578947368,0.5799999999999841,3,7,death_plus_v7_gap_mid,0.9750729832364188,0.9655403721462634
1473470,2025,12,5,1,-14.744680851063833,5.8604651162790695,9.428571428571429,-0.3650000000000091,3,7,death_plus_v7_gap_mid,0.9681133185702484,0.9571037947387367
1473470,2025,12,6,1,-14.744680851063833,5.857142857142857,9.384615384615385,-0.3100000000000023,3,7,death_plus_v7_gap_mid,0.967901905686855,0.9568511577856237
1473470,2025,13,1,1,-14.744680851063833,5.853658536585366,9.341772151898734,-0.25500000000000966,3,7,death_plus_v7_gap_mid,0.9675701295859093,0.959359935356775
1473470,2025,13,2,1,-14.744680851063833,5.85,9.3,-0.20000000000000284,3,7,death_plus_v7_gap_mid,0.9689854596570631,0.9609937565137533
1473470,2025,13,3,1,-14.744680851063833,6.0,9.185185185185185,-1.144999999999996,3,7,death_plus_v7_gap_mid,0.9651513007075303,0.9565817353683326
1473470,2025,13,4,1,-14.744680851063833,6.0,9.146341463414634,-1.0900000000000034,3,7,death_plus_v7_gap_mid,0.9680048926649554,0.9598611507402767
1473470,2025,13,5,1,-14.744680851063833,6.0,9.108433734939759,-1.0349999999999966,3,7,death_plus_v7_gap_mid,0.969360952509857,0.9614282786008859
1473470,2025,13,6,1,-14.744680851063833,6.0,9.071428571428571,-0.980000000000004,3,7,death_plus_v7_gap_mid,0.9673535846847204,0.9591105081774418
1473470,2025,14,1,1,-14.744680851063833,6.171428571428571,8.964705882352941,-1.9250000000000114,3,7,death_plus_v7_gap_mid,0.962018326750731,0.9544260969368417
1473470,2025,14,2,1,-14.744680851063833,6.1764705882352935,8.930232558139535,-1.8700000000000045,3,7,death_plus_v7_gap_mid,0.9605227728492322,0.9527558622758988
1473470,2025,14,3,1,-14.744680851063833,6.363636363636363,8.827586206896552,-7.269999999999982,4,6,death_plus_v7_gap_mid,0.9138188067506207,0.9023592145441784
1473470,2025,14,4,1,-14.744680851063833,6.5625,8.727272727272727,-8.079999999999984,4,6,death_plus_v7_gap_mid,0.9078255134673654,0.8960766598338333
1473470,2025,14,5,1,-14.744680851063833,6.0,8.898876404494382,-4.889999999999986,4,6,death_plus_v7_gap_mid,0.9465920225645261,0.9374007632246013
1473470,2025,14,6,1,-14.744680851063833,6.0,8.866666666666667,-4.699999999999989,4,6,death_plus_v7_gap_mid,0.9479578948605747,0.9388916611143729
1473470,2025,14,7,1,-14.744680851063833,5.379310344827586,9.032967032967033,-1.509999999999991,4,6,death_plus_v7_gap_mid,0.9688017322177294,0.9620651513370584
1473470,2025,15,1,1,-14.744680851063833,5.172413793103448,9.098901098901099,-0.5099999999999909,4,6,death_plus_v7_gap_mid,0.9734892489771654,0.9689240721606026
1473470,2025,15,2,1,-14.744680851063833,5.142857142857142,9.065217391304348,-0.3199999999999932,4,6,death_plus_v7_gap_mid,0.9742787384589491,0.9698016103901725
1473470,2025,15,3,1,-14.744680851063833,5.111111111111111,9.032258064516128,-0.12999999999999545,4,6,death_plus_v7_gap_mid,0.9747151009412821,0.9702872787464439
1473470,2025,15,4,1,-14.744680851063833,5.076923076923077,9.0,0.060000000000002274,4,6,death_plus_v7_gap_mid,0.9748591301996956,0.9704476840562417
1473470,2025,15,5,1,-14.744680851063833,4.32,9.157894736842106,3.25,4,6,death_plus_v7_gap_mid,0.9810426174674078,0.9773865955322055
1473470,2025,15,6,1,-14.744680851063833,4.25,9.125,3.4399999999999977,4,6,death_plus_v7_gap_mid,0.9814578378693073,0.9778565978665913
1473471,2025,7,1,1,-97.4375,3.5064935064935066,7.116279069767442,4.766666666666673,2,8,death_plus_v7_gap_mid,0.995167383990307,0.9886097150081848
1473471,2025,7,2,1,-97.4375,3.473684210526316,7.090909090909092,5.13333333333334,2,8,death_plus_v7_gap_mid,0.9962327186090879,0.9907488585853795
1473471,2025,7,3,1,-97.4375,3.52,6.933333333333333,4.5,2,8,death_plus_v7_gap_mid,0.9952148136456471,0.9887031167604892
1473471,2025,7,4,1,-97.4375,3.5675675675675675,6.782608695652174,-1.9916666666666671,3,7,death_plus_v7_gap_mid,0.9909914734370664,0.9808599829031809
1473471,2025,7,5,1,-97.4375,3.5342465753424657,6.76595744680851,-1.5458333333333343,3,7,death_plus_v7_gap_mid,0.9892348422537709,0.9778052485777713
1473471,2025,7,6,1,-97.4375,3.583333333333333,6.625,-7.800000000000004,4,6,death_plus_v7_gap_mid,0.9762711791759201,0.9573105705682393
1473471,2025,8,1,1,-97.4375,3.633802816901408,6.4897959183673475,-8.274999999999999,4,6,death_plus_v7_gap_mid,0.9761496631515806,0.9601315569524838
1473471,2025,8,2,1,-97.4375,3.685714285714286,6.36,-8.749999999999993,4,6,death_plus_v7_gap_mid,0.9733122617846344,0.9561537595569181
1473471,2025,8,3,1,-97.4375,3.7391304347826084,6.23529411764706,-9.225000000000001,4,6,death_plus_v7_gap_mid,0.9722662985881141,0.9547053873001573
1473471,2025,8,4,1,-97.4375,3.7941176470588234,6.115384615384615,-9.700000000000003,4,6,death_plus_v7_gap_mid,0.9726198450138634,0.9551939197562905
1473471,2025,8,5,1,-97.4375,3.4925373134328357,6.452830188679245,-6.175000000000004,4,6,death_plus_v7_gap_mid,0.9816882691836114,0.9681332239002925
1473471,2025,8,6,1,-97.4375,3.0,7.0,-0.6499999999999915,4,6,death_plus_v7_gap_mid,0.986583948298797,0.9755375341959575
1473471,2025,9,1,1,-97.4375,3.046153846153846,6.872727272727273,-1.125,4,6,death_plus_v7_gap_mid,0.9880215702104652,0.9753094971463534
1473471,2025,9,2,1,-97.4375,3.09375,6.75,-1.5999999999999943,4,6,death_plus_v7_gap_mid,0.9883492989730602,0.9758652909297875
1473471,2025,9,3,1,-97.4375,3.0476190476190474,6.7368421052631575,-1.0750000000000028,4,6,death_plus_v7_gap_mid,0.9890705816790453,0.9770990117514564
1473471,2025,9,4,1,-97.4375,3.096774193548387,6.620689655172414,-1.5499999999999972,4,6,death_plus_v7_gap_mid,0.9905209197883249,0.9796273926560107
1473471,2025,9,5,1,-97.4375,3.0491803278688527,6.610169491525424,-1.0250000000000057,4,6,death_plus_v7_gap_mid,0.9909754126165837,0.9804341289596815
1473471,2025,9,6,1,-97.4375,3.1000000000000005,6.5,-1.5,4,6,death_plus_v7_gap_mid,0.9914921792154127,0.9813605973709627
1473471,2025,10,1,1,-97.4375,2.542372881355932,6.983606557377049,4.0249999999999915,4,6,death_plus_v7_gap_mid,0.9925709949159162,0.9866975797611215
1473471,2025,10,2,1,-97.4375,2.1724137931034484,7.258064516129032,7.549999999999997,4,6,death_plus_v7_gap_mid,0.9928359004218819,0.9871104071036423
1473471,2025,10,3,1,-97.4375,1.789473684210526,7.523809523809524,11.074999999999989,4,6,death_plus_v7_gap_mid,0.9937120601702155,0.9884911088940161
1473471,2025,10,4,1,-97.4375,1.8214285714285712,7.40625,10.600000000000009,4,6,death_plus_v7_gap_mid,0.9946749396846748,0.9900389803651816
1473471,2025,10,5,1,-97.4375,1.8545454545454545,7.292307692307691,10.124999999999986,4,6,death_plus_v7_gap_mid,0.9953674672056585,0.9911754004902085
1473471,2025,10,6,1,-97.4375,1.7777777777777777,7.272727272727273,10.650000000000006,4,6,death_plus_v7_gap_mid,0.9960445885897904,0.9923087307027807
1473471,2025,11,1,1,-97.4375,1.8113207547169812,7.164179104477611,10.174999999999997,4,6,death_plus_v7_gap_mid,0.99632951767719,0.993521680995486
1473471,2025,11,2,1,-97.4375,1.7307692307692306,7.147058823529411,10.700000000000003,4,6,death_plus_v7_gap_mid,0.996239744234498,0.9933818688878502
1473471,2025,11,3,1,-97.4375,1.7647058823529411,7.043478260869566,6.1875,5,5,death_plus_v7_gap_mid,0.9916048481656625,0.986552761018108
1473471,2025,11,4,1,-97.4375,1.6800000000000002,7.0285714285714285,6.791666666666671,5,5,death_plus_v7_gap_mid,0.9886758265314026,0.9824950210525031
1473471,2025,11,5,1,-97.4375,0.9795918367346939,7.436619718309858,12.395833333333329,5,5,death_plus_v7_gap_mid,0.989293863026848,0.9833392201822696
1473471,2025,11,6,1,-97.4375,0.5,7.666666666666666,16.0,5,5,death_plus_v7_gap_mid,0.9900736193428141,0.9844129742711032
1473471,2025,12,1,1,-97.4375,-0.2553191489361702,8.054794520547945,21.604166666666657,5,5,death_plus_v7_gap_mid,0.9910920691776202,0.9862447574366006
1473472,2025,7,1,1,22.481481481481495,10.207792207792208,10.186046511627907,-12.767499999999998,1,9,death_plus_v7_gap_mid,0.4882755995015862,0.4867862856418725
1473472,2025,7,2,1,22.481481481481495,10.263157894736842,10.090909090909092,-13.290000000000006,1,9,death_plus_v7_gap_mid,0.47892009328565976,0.47892509440128017
1473472,2025,7,3,1,22.481481481481495,10.4,9.866666666666667,-27.5,2,8,death_plus_v7_gap_mid,0.25950393409866446,0.2901618613226379
1473472,2025,7,4,1,22.481481481481495,10.54054054054054,9.652173913043478,-28.853333333333325,2,8,death_plus_v7_gap_mid,0.23786587452688251,0.27052371281621934
1473472,2025,7,5,1,22.481481481481495,10.684931506849315,9.446808510638299,-30.206666666666678,2,8,death_plus_v7_gap_mid,0.2046832902708236,0.23975230464580716
1473472,2025,7,6,1,22.481481481481495,10.75,9.375,-30.560000000000002,2,8,death_plus_v7_gap_mid,0.20840394304849055,0.24324709263513544
1473472,2025,8,1,1,22.481481481481495,10.816901408450704,9.306122448979592,-30.913333333333327,2,8,death_plus_v7_gap_mid,0.20401387063236615,0.2341316834217535
1473472,2025,8,2,1,22.481481481481495,10.885714285714286,9.24,-31.266666666666637,2,8,death_plus_v7_gap_mid,0.21035849299637788,0.24014608956515346
1473472,2025,8,3,1,22.481481481481495,10.956521739130434,9.176470588235293,-31.620000000000005,2,8,death_plus_v7_gap_mid,0.20305116208703655,0.2332163511151738
1473472,2025,8,4,1,22.481481481481495,10.588235294117647,9.692307692307693,-26.97333333333333,2,8,death_plus_v7_gap_mid,0.34684462963481427,0.36398012045746897
1473472,2025,8,5,1,22.481481481481495,10.656716417910449,9.622641509433963,-27.32666666666664,2,8,death_plus_v7_gap_mid,0.3403119645781446,0.3582282536558874
1473472,2025,8,6,1,22.481481481481495,10.818181818181818,9.444444444444445,-28.679999999999993,2,8,death_plus_v7_gap_mid,0.29903283161119465,0.32156217169544715
1473472,2025,9,1,1,22.481481481481495,10.8,9.49090909090909,-28.03333333333333,2,8,death_plus_v7_gap_mid,0.30993856189895075,0.3413433433635283
1473472,2025,9,2,1,22.481481481481495,10.875,9.428571428571429,-28.386666666666656,2,8,death_plus_v7_gap_mid,0.309079832820986,0.3405927396208188
1473472,2025,9,3,1,22.481481481481495,10.666666666666666,9.68421052631579,-25.739999999999995,2,8,death_plus_v7_gap_mid,0.3909037385952377,0.4108084909248302
1473472,2025,9,4,1,22.481481481481495,10.741935483870968,9.620689655172413,-26.093333333333334,2,8,death_plus_v7_gap_mid,0.38211596167550954,0.4033721236534798
1473472,2025,9,5,1,22.481481481481495,10.918032786885245,9.457627118644067,-27.44666666666666,2,8,death_plus_v7_gap_mid,0.36539878306417284,0.38916686635249487
1473472,2025,9,6,1,22.481481481481495,11.0,9.4,-27.799999999999997,2,8,death_plus_v7_gap_mid,0.34529514969700503,0.3719672806802579
1473472,2025,10,1,1,22.481481481481495,10.983050847457626,9.442622950819672,-27.153333333333336,2,8,death_plus_v7_gap_mid,0.3752757378045881,0.39803505533507866
1473472,2025,10,2,1,22.481481481481495,11.068965517241379,9.387096774193548,-27.50666666666666,2,8,death_plus_v7_gap_mid,0.37262228349017623,0.39566569667891477
1473472,2025,10,3,1,22.481481481481495,11.263157894736842,9.238095238095239,-28.86,2,8,death_plus_v7_gap_mid,0.3285071791032997,0.35595733521712597
1473472,2025,10,4,1,22.481481481481495,11.464285714285715,9.09375,-30.21333333333334,2,8,death_plus_v7_gap_mid,0.2779453216748785,0.3095285629020945
1473472,2025,10,5,1,22.481481481481495,11.563636363636363,9.046153846153846,-30.566666666666663,2,8,death_plus_v7_gap_mid,0.2767153092805874,0.3083841990003559
1473472,2025,10,6,1,22.481481481481495,11.777777777777779,8.90909090909091,-31.919999999999987,2,8,death_plus_v7_gap_mid,0.25632078975077766,0.28929044023156353
1473472,2025,11,1,1,22.481481481481495,11.88679245283019,8.865671641791046,-32.27333333333334,2,8,death_plus_v7_gap_mid,0.2436798211926251,0.2815806188750819
1473472,2025,11,2,1,22.481481481481495,12.0,8.823529411764707,-32.626666666666665,2,8,death_plus_v7_gap_mid,0.2461255284041713,0.28395749758745764
1473472,2025,11,3,1,22.481481481481495,12.117647058823529,8.782608695652174,-32.97999999999999,2,8,death_plus_v7_gap_mid,0.23009655668986984,0.2683059424322609
1473472,2025,11,4,1,22.481481481481495,12.24,8.742857142857142,-33.333333333333314,2,8,death_plus_v7_gap_mid,0.2270994049198561,0.26535944220457486
1473472,2025,11,5,1,22.481481481481495,12.367346938775508,8.704225352112676,-33.68666666666667,2,8,death_plus_v7_gap_mid,0.20971232270140747,0.24813334431117373
1473472,2025,11,6,1,22.481481481481495,11.875,9.083333333333332,-29.039999999999992,2,8,death_plus_v7_gap_mid,0.31911963194575044,0.3533113332326114
1473472,2025,11,7,1,22.481481481481495,12.0,9.04109589041096,-29.393333333333317,2,8,death_plus_v7_gap_mid,0.3193946281051185,0.35356756583985327
1473472,2025,12,1,1,22.481481481481495,11.23404255319149,9.534246575342465,-23.393333333333317,2,8,death_plus_v7_gap_mid,0.4533628366748449,0.46729636040456873
1473472,2025,12,2,1,22.481481481481495,10.695652173913043,9.891891891891891,-18.74666666666667,2,8,death_plus_v7_gap_mid,0.5484692421739078,0.5527989929429212
1473472,2025,12,3,1,22.481481481481495,10.933333333333334,9.76,-20.099999999999994,2,8,death_plus_v7_gap_mid,0.5156666986541292,0.5233619619902526
1473472,2025,12,4,1,22.481481481481495,11.045454545454545,9.710526315789474,-20.45333333333332,2,8,death_plus_v7_gap_mid,0.5143621558920737,0.5221907352966318
1473472,2025,12,5,1,22.481481481481495,10.74418604651163,9.896103896103895,-17.806666666666672,2,8,death_plus_v7_gap_mid,0.557222077455952,0.560653090287469
1473472,2025,12,6,1,22.481481481481495,10.857142857142858,9.846153846153847,-18.159999999999997,2,8,death_plus_v7_gap_mid,0.5509199469407151,0.554997963108731
1473472,2025,13,1,1,22.481481481481495,10.975609756097562,9.79746835443038,-18.51333333333332,2,8,death_plus_v7_gap_mid,0.5451232657469932,0.5450169236670143
1473472,2025,13,2,1,22.481481481481495,10.649999999999999,9.975000000000001,-15.866666666666674,2,8,death_plus_v7_gap_mid,0.5828927504405066,0.580068873195048
1473472,2025,13,3,1,22.481481481481495,10.923076923076923,9.851851851851851,-17.22,2,8,death_plus_v7_gap_mid,0.5679881989605755,0.5662287184149128
1473472,2025,13,4,1,22.481481481481495,11.052631578947368,9.804878048780488,-17.573333333333323,2,8,death_plus_v7_gap_mid,0.5677407663111997,0.5659990592027974
1473472,2025,13,5,1,22.481481481481495,11.35135135135135,9.686746987951807,-18.926666666666648,2,8,death_plus_v7_gap_mid,0.5500834708839606,0.5496169444731959
1473472,2025,13,6,1,22.481481481481495,11.0,9.857142857142858,-16.28,2,8,death_plus_v7_gap_mid,0.6050450691308911,0.6006674470730079
1473472,2025,13,7,1,22.481481481481495,11.314285714285713,9.741176470588236,-17.633333333333326,2,8,death_plus_v7_gap_mid,0.57867423893521,0.5761502922237013
1473472,2025,14,1,1,22.481481481481495,10.628571428571428,10.023529411764706,-13.633333333333326,2,8,death_plus_v7_gap_mid,0.6343389626417305,0.6278398902610558
1473472,2025,14,2,1,22.481481481481495,10.235294117647058,10.186046511627907,-10.98666666666665,2,8,death_plus_v7_gap_mid,0.7067383274106391,0.6967328010527934
1473472,2025,14,3,1,22.481481481481495,9.818181818181818,10.344827586206897,-8.340000000000003,2,8,death_plus_v7_gap_mid,0.7570382628817158,0.7451965657988452
1473472,2025,14,4,1,22.481481481481495,9.375,10.5,-5.693333333333328,2,8,death_plus_v7_gap_mid,0.7905689138378109,0.7778869186847641
1473472,2025,14,5,1,22.481481481481495,8.903225806451612,10.651685393258425,-3.046666666666681,2,8,death_plus_v7_gap_mid,0.8145072940981474,0.8014615294869617
1473472,2025,14,6,1,22.481481481481495,9.200000000000001,10.533333333333333,-4.400000000000006,2,8,death_plus_v7_gap_mid,0.8076290620148922,0.7946653703856507
1473472,2025,15,1,1,22.481481481481495,9.310344827586206,10.483516483516484,-4.75333333333333,2,8,death_plus_v7_gap_mid,0.7998689148305681,0.7906008343270184
1473472,2025,15,2,1,22.481481481481495,9.642857142857142,10.369565217391305,-6.106666666666683,2,8,death_plus_v7_gap_mid,0.7796284519678173,0.7707310830741186
1473472,2025,15,3,1,22.481481481481495,9.11111111111111,10.516129032258064,-3.4599999999999795,2,8,death_plus_v7_gap_mid,0.8121630757443019,0.8027260551376467
1473472,2025,15,4,1,22.481481481481495,9.461538461538462,10.404255319148936,-4.813333333333333,2,8,death_plus_v7_gap_mid,0.8021787251493901,0.7928754967882882
1473472,2025,15,5,1,22.481481481481495,9.600000000000001,10.357894736842105,-5.166666666666657,2,8,death_plus_v7_gap_mid,0.7981866790374365,0.7889451580424107
1473472,2025,15,6,1,22.481481481481495,9.75,10.3125,-5.519999999999982,2,8,death_plus_v7_gap_mid,0.7839847126594122,0.7749984278487276
1473473,2025,7,1,0,1.0909090909090935,8.493506493506493,10.046511627906977,7.500000000000014,0,10,death_plus_v7_gap_mid,0.9160332604568482,0.8802373410333911
1473473,2025,7,2,0,1.0909090909090935,8.526315789473685,9.954545454545455,7.0,0,10,death_plus_v7_gap_mid,0.9092944686614337,0.8725395320889641
1473473,2025,7,3,0,1.0909090909090935,8.64,9.733333333333334,5.5,0,10,death_plus_v7_gap_mid,0.9068708852852315,0.8698009635091777
1473473,2025,7,4,0,1.0909090909090935,8.594594594594595,9.782608695652174,6.0,0,10,death_plus_v7_gap_mid,0.9079832427503564,0.8710559922460059
1473473,2025,7,5,0,1.0909090909090935,8.63013698630137,9.702127659574467,5.499999999999986,0,10,death_plus_v7_gap_mid,0.9039829720459529,0.8665573521764889
1473473,2025,7,6,0,1.0909090909090935,8.25,10.25,10.0,0,10,death_plus_v7_gap_mid,0.927675135271781,0.8938530621890245
1473473,2025,8,1,0,1.0909090909090935,8.28169014084507,10.16326530612245,9.5,0,10,death_plus_v7_gap_mid,0.9259732437778916,0.8967097603579351
1473473,2025,8,2,0,1.0909090909090935,8.314285714285713,10.08,9.0,0,10,death_plus_v7_gap_mid,0.9226849212061141,0.8929006473335004
1473473,2025,8,3,0,1.0909090909090935,8.347826086956522,10.0,8.499999999999986,0,10,death_plus_v7_gap_mid,0.9235979139769477,0.8939552110622971
1473473,2025,8,4,0,1.0909090909090935,8.470588235294118,9.807692307692307,-3.200000000000003,1,9,death_plus_v7_gap_mid,0.8254623482942449,0.7898531053384591
1473473,2025,8,5,0,1.0909090909090935,8.597014925373134,9.622641509433963,-4.549999999999983,1,9,death_plus_v7_gap_mid,0.8332942352641939,0.7976520664771499
1473473,2025,8,6,0,1.0909090909090935,8.636363636363637,9.555555555555555,-4.899999999999977,1,9,death_plus_v7_gap_mid,0.8219555076237783,0.7863820332787341
1473473,2025,9,1,0,1.0909090909090935,8.769230769230768,9.381818181818183,-6.249999999999986,1,9,death_plus_v7_gap_mid,0.8212731558085873,0.7817391413366827
1473473,2025,9,2,0,1.0909090909090935,8.8125,9.321428571428571,-6.6000000000000085,1,9,death_plus_v7_gap_mid,0.8220664140205463,0.782506053050062
1473473,2025,9,3,0,1.0909090909090935,8.857142857142858,9.263157894736842,-6.949999999999989,1,9,death_plus_v7_gap_mid,0.8250958099147006,0.7854415515175263
1473473,2025,9,4,0,1.0909090909090935,9.0,9.103448275862068,-8.299999999999983,1,9,death_plus_v7_gap_mid,0.8205688693423295,0.7810588509854974
1473473,2025,9,5,0,1.0909090909090935,8.557377049180328,9.559322033898304,-3.6499999999999915,1,9,death_plus_v7_gap_mid,0.8593293151038309,0.8194363642408635
1473473,2025,9,6,0,1.0909090909090935,8.7,9.4,-14.0,2,8,death_plus_v7_gap_mid,0.7797649430898891,0.7425197072561428
1473473,2025,10,1,0,1.0909090909090935,8.745762711864407,9.344262295081966,-14.200000000000003,2,8,death_plus_v7_gap_mid,0.7917882373118519,0.7681710896350182
1473473,2025,10,2,0,1.0909090909090935,8.793103448275861,9.29032258064516,-14.399999999999991,2,8,death_plus_v7_gap_mid,0.7802288036172433,0.7573086297564864
1473473,2025,10,3,0,1.0909090909090935,8.842105263157894,9.238095238095239,-14.599999999999994,2,8,death_plus_v7_gap_mid,0.79342953966179,0.7697204012262329
1473473,2025,10,4,0,1.0909090909090935,8.892857142857142,9.1875,-14.800000000000011,2,8,death_plus_v7_gap_mid,0.7938393177423877,0.770107491750749
1473473,2025,10,5,0,1.0909090909090935,9.054545454545455,9.046153846153846,-16.0,2,8,death_plus_v7_gap_mid,0.7795754283660095,0.756697132531666
1473473,2025,10,6,0,1.0909090909090935,9.222222222222221,8.90909090909091,-17.19999999999999,2,8,death_plus_v7_gap_mid,0.7751868221782986,0.7525964281267786
1473473,2025,10,7,0,1.0909090909090935,9.283018867924529,8.865671641791046,-17.400000000000006,2,8,death_plus_v7_gap_mid,0.7675686649877038,0.745504568337267
1473473,2025,11,1,0,1.0909090909090935,8.60377358490566,9.402985074626866,-11.400000000000006,2,8,death_plus_v7_gap_mid,0.8314921367981867,0.8148043088035742
1473473,2025,11,2,0,1.0909090909090935,8.653846153846153,9.352941176470589,-11.599999999999994,2,8,death_plus_v7_gap_mid,0.8310333521066469,0.8143665373587041
1473473,2025,11,3,0,1.0909090909090935,8.705882352941176,9.304347826086957,-11.799999999999983,2,8,death_plus_v7_gap_mid,0.8340543646367713,0.8172519674870726
1473473,2025,11,4,0,1.0909090909090935,8.879999999999999,9.17142857142857,-13.0,2,8,death_plus_v7_gap_mid,0.8165058940495422,0.8005791166891459
1473473,2025,11,5,0,1.0909090909090935,8.816326530612246,9.211267605633802,-12.200000000000003,2,8,death_plus_v7_gap_mid,0.8348397741769458,0.8180032142250018
1473473,2025,11,6,0,1.0909090909090935,8.5,9.416666666666666,-9.399999999999991,2,8,death_plus_v7_gap_mid,0.857264042136162,0.8396562070341356
1473473,2025,12,1,0,1.0909090909090935,8.425531914893618,9.45205479452055,-8.599999999999994,2,8,death_plus_v7_gap_mid,0.8833895498621505,0.8649817619048892
1473473,2025,12,2,0,1.0909090909090935,8.08695652173913,9.64864864864865,-5.800000000000011,2,8,death_plus_v7_gap_mid,0.9002451464476122,0.882323658706908
1473473,2025,12,3,0,1.0909090909090935,8.133333333333333,9.600000000000001,-5.999999999999986,2,8,death_plus_v7_gap_mid,0.8999231361770392,0.8819890810956407
1473473,2025,12,4,0,1.0909090909090935,8.181818181818182,9.552631578947368,-6.200000000000003,2,8,death_plus_v7_gap_mid,0.8895846836570285,0.8713164670032016
1473473,2025,12,5,0,1.0909090909090935,8.232558139534884,9.506493506493507,-6.400000000000006,2,8,death_plus_v7_gap_mid,0.8953618981164657,0.8772641340852732
1473473,2025,12,6,0,1.0909090909090935,8.428571428571427,9.384615384615385,-7.599999999999994,2,8,death_plus_v7_gap_mid,0.8878161503337523,0.8695036482067708
1473473,2025,13,1,0,1.0909090909090935,8.634146341463413,9.265822784810126,-8.799999999999983,2,8,death_plus_v7_gap_mid,0.8819287688350042,0.8673044624008684
1473473,2025,13,2,0,1.0909090909090935,8.850000000000001,9.149999999999999,-10.0,2,8,death_plus_v7_gap_mid,0.8784081248255238,0.8637013019532606
1473473,2025,13,3,0,1.0909090909090935,8.923076923076923,9.11111111111111,-10.199999999999989,2,8,death_plus_v7_gap_mid,0.8754225605618468,0.8606534253469991
1473473,2025,13,4,0,1.0909090909090935,8.842105263157894,9.146341463414634,-9.399999999999977,2,8,death_plus_v7_gap_mid,0.8758812837045311,0.8611212736661946
1473473,2025,13,5,0,1.0909090909090935,8.91891891891892,9.108433734939759,-9.599999999999994,2,8,death_plus_v7_gap_mid,0.8755271635623331,0.8607600949460616
1473473,2025,13,6,0,1.0909090909090935,9.166666666666666,9.0,-10.800000000000011,2,8,death_plus_v7_gap_mid,0.8744476306242656,0.8596596364980792
1473473,2025,14,1,0,1.0909090909090935,9.257142857142858,8.964705882352941,-11.0,2,8,death_plus_v7_gap_mid,0.8681001630476405,0.8551602675461656
1473473,2025,14,2,0,1.0909090909090935,9.176470588235293,9.0,-10.199999999999989,2,8,death_plus_v7_gap_mid,0.8809558813627503,0.8682776272903759
1473473,2025,14,3,0,1.0909090909090935,9.454545454545453,8.896551724137932,-11.400000000000006,2,8,death_plus_v7_gap_mid,0.8737172992810953,0.860878626228441
1473473,2025,14,4,0,1.0909090909090935,9.5625,8.863636363636363,-11.599999999999994,2,8,death_plus_v7_gap_mid,0.8728826392262595,0.8600276692016835
1473473,2025,14,5,0,1.0909090909090935,9.096774193548388,9.03370786516854,-8.800000000000011,2,8,death_plus_v7_gap_mid,0.8898873178132733,0.8774566219433253
1473473,2025,14,6,0,1.0909090909090935,9.200000000000001,9.0,-9.0,2,8,death_plus_v7_gap_mid,0.8834117662873229,0.8707959584175138
1473473,2025,15,1,0,1.0909090909090935,9.517241379310345,8.901098901098901,-10.199999999999989,2,8,death_plus_v7_gap_mid,0.8687631631986196,0.859225999097233
1473473,2025,15,2,0,1.0909090909090935,8.571428571428571,9.195652173913043,-5.400000000000006,2,8,death_plus_v7_gap_mid,0.9102540736919671,0.9015912184100116
1473473,2025,15,3,0,1.0909090909090935,8.666666666666666,9.161290322580644,-5.599999999999994,2,8,death_plus_v7_gap_mid,0.9087321741448013,0.9000186033580697
1473473,2025,15,4,0,1.0909090909090935,8.076923076923077,9.319148936170212,-2.8000000000000114,2,8,death_plus_v7_gap_mid,0.9339702989717972,0.9263300083604664
1473473,2025,15,5,0,1.0909090909090935,8.16,9.284210526315789,-3.0,2,8,death_plus_v7_gap_mid,0.9307773013936547,0.9229714377021009
1473473,2025,15,6,0,1.0909090909090935,8.25,9.25,-3.1999999999999886,2,8,death_plus_v7_gap_mid,0.9241267468038215,0.9160055952740035
1473474,2025,7,1,1,-14.5,7.246753246753247,9.069767441860465,-1.332499999999996,1,9,death_plus_v7_gap_mid,0.8753127819410762,0.8353740196360729
1473474,2025,7,2,1,-14.5,7.342105263157894,8.863636363636363,-2.510000000000005,1,9,death_plus_v7_gap_mid,0.8326535265459388,0.7916560124886087
1473474,2025,7,3,1,-14.5,7.359999999999999,8.799999999999999,-2.6875,1,9,death_plus_v7_gap_mid,0.8282545919065405,0.7872922976564853
1473474,2025,7,4,1,-14.5,7.378378378378379,8.73913043478261,-2.864999999999995,1,9,death_plus_v7_gap_mid,0.8285016350806222,0.7875367359514243
1473474,2025,7,5,1,-14.5,7.397260273972603,8.680851063829788,-3.042500000000004,1,9,death_plus_v7_gap_mid,0.8273300074241056,0.7863781152091456
1473474,2025,7,6,1,-14.5,7.5,8.5,-4.219999999999999,1,9,death_plus_v7_gap_mid,0.815775802569889,0.7750380458366395
1473474,2025,7,7,1,-14.5,7.521126760563381,8.448979591836736,-4.397500000000008,1,9,death_plus_v7_gap_mid,0.8140688827128086,0.7733755047173273
1473474,2025,8,1,1,-14.5,7.436619718309858,8.571428571428571,-3.397500000000008,1,9,death_plus_v7_gap_mid,0.8222022351342724,0.78662583063241
1473474,2025,8,2,1,-14.5,7.542857142857143,8.399999999999999,-4.575000000000003,1,9,death_plus_v7_gap_mid,0.8113103389871807,0.7759208799155028
1473474,2025,8,3,1,-14.5,7.652173913043478,8.235294117647058,-5.752500000000012,1,9,death_plus_v7_gap_mid,0.7990469302780655,0.7640014830878256
1473474,2025,8,4,1,-14.5,7.6764705882352935,8.192307692307693,-5.929999999999993,1,9,death_plus_v7_gap_mid,0.7978118863129274,0.7628084807100385
1473474,2025,8,5,1,-14.5,7.791044776119403,8.037735849056602,-7.1074999999999875,1,9,death_plus_v7_gap_mid,0.7919315677357202,0.7571460731056288
1473474,2025,8,6,1,-14.5,7.545454545454545,8.333333333333332,-4.284999999999982,1,9,death_plus_v7_gap_mid,0.8118834880201301,0.7764813250192996
1473474,2025,9,1,1,-14.5,7.569230769230769,8.290909090909091,-4.4624999999999915,1,9,death_plus_v7_gap_mid,0.8100393692625525,0.7709538542770763
1473474,2025,9,2,1,-14.5,7.125,8.785714285714285,0.35999999999999943,1,9,death_plus_v7_gap_mid,0.9367093375622255,0.904492412659466
1473474,2025,9,3,1,-14.5,7.142857142857142,8.736842105263158,0.18250000000000455,1,9,death_plus_v7_gap_mid,0.9329997426883864,0.9000264837531606
1473474,2025,9,4,1,-14.5,7.161290322580646,8.689655172413794,0.005000000000009663,1,9,death_plus_v7_gap_mid,0.9331288712156229,0.9001810306959724
1473474,2025,9,5,1,-14.5,6.885245901639344,8.949152542372882,2.8275000000000006,1,9,death_plus_v7_gap_mid,0.959215209652526,0.9329685376023937
1473474,2025,9,6,1,-14.5,7.0,8.799999999999999,1.6499999999999915,1,9,death_plus_v7_gap_mid,0.949808914672053,0.9207437647756748
1473474,2025,10,1,1,-14.5,7.016949152542373,8.754098360655739,1.4724999999999966,1,9,death_plus_v7_gap_mid,0.9502213364232737,0.9313140581226802
1473474,2025,10,2,1,-14.5,7.034482758620689,8.70967741935484,1.2950000000000017,1,9,death_plus_v7_gap_mid,0.9485860230594714,0.9293874497328437
1473474,2025,10,3,1,-14.5,6.947368421052632,8.761904761904761,2.1174999999999926,1,9,death_plus_v7_gap_mid,0.9571202151550491,0.9395543837520991
1473474,2025,10,4,1,-14.5,6.964285714285715,8.71875,1.940000000000012,1,9,death_plus_v7_gap_mid,0.9556366499676288,0.9377661423687672
1473474,2025,10,5,1,-14.5,6.9818181818181815,8.676923076923076,1.7625000000000028,1,9,death_plus_v7_gap_mid,0.954612403548061,0.9365369098394215
1473474,2025,10,6,1,-14.5,7.0,8.636363636363637,1.585000000000008,1,9,death_plus_v7_gap_mid,0.9511011824249271,0.9323546708765831
1473474,2025,11,1,1,-14.5,7.132075471698113,8.507462686567164,0.40749999999999886,1,9,death_plus_v7_gap_mid,0.9458657443334664,0.930988752228524
1473474,2025,11,2,1,-14.5,7.038461538461538,8.558823529411764,1.230000000000004,1,9,death_plus_v7_gap_mid,0.9543728657904458,0.9405546512805864
1473474,2025,11,3,1,-14.5,7.0588235294117645,8.521739130434783,1.052500000000009,1,9,death_plus_v7_gap_mid,0.9551373582806855,0.9414254776731061
1473474,2025,11,4,1,-14.5,6.48,8.914285714285715,5.875,1,9,death_plus_v7_gap_mid,0.9861355196492678,0.9790815166162605
1473474,2025,11,5,1,-14.5,6.122448979591837,9.126760563380282,8.697499999999991,1,9,death_plus_v7_gap_mid,0.9919302865345092,0.9870134436583528
1473474,2025,11,6,1,-14.5,6.25,9.0,7.52000000000001,1,9,death_plus_v7_gap_mid,0.98866854189755,0.9824851052189694
1473474,2025,12,1,1,-14.5,6.382978723404255,8.876712328767123,6.342500000000001,1,9,death_plus_v7_gap_mid,0.9884762535537088,0.9826844140277526
1473474,2025,12,2,1,-14.5,6.391304347826088,8.837837837837839,6.164999999999992,1,9,death_plus_v7_gap_mid,0.9882197615346524,0.9823404382357571
1473474,2025,12,3,1,-14.5,6.533333333333333,8.72,-0.8999999999999915,2,8,death_plus_v7_gap_mid,0.9687326276861415,0.9578450104597539
1473474,2025,12,4,1,-14.5,6.545454545454545,8.68421052631579,-0.9466666666666725,2,8,death_plus_v7_gap_mid,0.9623268548884663,0.9502562299366951
1473474,2025,12,5,1,-14.5,6.55813953488372,8.649350649350648,-0.9933333333333394,2,8,death_plus_v7_gap_mid,0.9644551562641333,0.9527591498064225
1473474,2025,12,6,1,-14.5,6.571428571428572,8.615384615384615,-1.039999999999992,2,8,death_plus_v7_gap_mid,0.9626807527366548,0.9506712229101685
1473474,2025,13,1,1,-14.5,6.146341463414634,8.810126582278482,1.9133333333333553,2,8,death_plus_v7_gap_mid,0.9761425622941828,0.9693606615420219
1473474,2025,13,2,1,-14.5,6.300000000000001,8.7,0.86666666666666,2,8,death_plus_v7_gap_mid,0.9720083951507574,0.9645051895686593
1473474,2025,13,3,1,-14.5,6.307692307692308,8.666666666666666,0.8200000000000074,2,8,death_plus_v7_gap_mid,0.9732508815754619,0.9659576541559372
1473474,2025,13,4,1,-14.5,6.315789473684211,8.634146341463413,0.7733333333333405,2,8,death_plus_v7_gap_mid,0.9738508430248716,0.966661040043336
1473474,2025,13,5,1,-14.5,6.486486486486487,8.53012048192771,-0.2733333333333263,2,8,death_plus_v7_gap_mid,0.9685907398264071,0.960537470522062
1473474,2025,13,6,1,-14.5,6.666666666666667,8.428571428571427,-1.3200000000000074,2,8,death_plus_v7_gap_mid,0.9602431888083371,0.9509944553315389
1473474,2025,14,1,1,-14.5,6.685714285714286,8.399999999999999,-1.36666666666666,2,8,death_plus_v7_gap_mid,0.9614800308278202,0.9538243840403892
1473474,2025,14,2,1,-14.5,6.705882352941177,8.372093023255815,-1.413333333333327,2,8,death_plus_v7_gap_mid,0.9577799160135702,0.9497045458634078
1473474,2025,14,3,1,-14.5,6.90909090909091,8.275862068965518,-2.460000000000008,2,8,death_plus_v7_gap_mid,0.9532468101403578,0.9446931933919115
1473474,2025,14,4,1,-14.5,7.125,8.181818181818182,-3.5066666666666606,2,8,death_plus_v7_gap_mid,0.9447718857142502,0.9354184681937268
1473474,2025,14,5,1,-14.5,7.161290322580646,8.157303370786517,-3.5533333333333275,2,8,death_plus_v7_gap_mid,0.9447048694370607,0.935345576477346
1473474,2025,14,6,1,-14.5,7.199999999999999,8.133333333333333,-3.6000000000000085,2,8,death_plus_v7_gap_mid,0.936050679239022,0.9259861071336292
1473474,2025,15,1,1,-14.5,7.448275862068966,8.043956043956044,-4.646666666666661,2,8,death_plus_v7_gap_mid,0.9193010444748912,0.9109745309148873
1473474,2025,15,2,1,-14.5,7.285714285714285,8.08695652173913,-3.6933333333333422,2,8,death_plus_v7_gap_mid,0.9332424852403179,0.9255636077205032
1473474,2025,15,3,1,-14.5,7.333333333333334,8.064516129032258,-3.7399999999999807,2,8,death_plus_v7_gap_mid,0.9278582913591343,0.919909261924227
1473474,2025,15,4,1,-14.5,7.153846153846153,8.106382978723403,-2.7866666666666617,2,8,death_plus_v7_gap_mid,0.9461323405925681,0.939216913548442
1473474,2025,15,5,1,-14.5,6.48,8.273684210526316,0.16666666666668561,2,8,death_plus_v7_gap_mid,0.972025082041289,0.9673004323387506
1473474,2025,15,6,1,-14.5,6.5,8.25,0.12000000000000455,2,8,death_plus_v7_gap_mid,0.9704303334497787,0.9655373852413021
1473475,2025,7,1,1,-0.4375,8.649350649350648,9.209302325581396,-8.36,1,9,death_plus_v7_gap_mid,0.6589917163854546,0.6318536246748109
1473475,2025,7,2,1,-0.4375,8.68421052631579,9.136363636363637,-8.680000000000007,1,9,death_plus_v7_gap_mid,0.6441170737658223,0.618954441294185
1473475,2025,7,3,1,-0.4375,8.32,9.733333333333334,-4.0,1,9,death_plus_v7_gap_mid,0.7057785704621553,0.6730101613740357
1473475,2025,7,4,1,-0.4375,8.35135135135135,9.652173913043478,-4.319999999999993,1,9,death_plus_v7_gap_mid,0.7085800879658986,0.6755071869754946
1473475,2025,7,5,1,-0.4375,8.383561643835616,9.574468085106382,-4.640000000000001,1,9,death_plus_v7_gap_mid,0.6854927224105094,0.655045820137408
1473475,2025,7,6,1,-0.4375,8.416666666666666,9.5,-4.959999999999994,1,9,death_plus_v7_gap_mid,0.6887508053568592,0.6579178383040958
1473475,2025,8,1,1,-0.4375,8.450704225352112,9.428571428571429,-5.280000000000001,1,9,death_plus_v7_gap_mid,0.6853671119050716,0.6585328848663152
1473475,2025,8,2,1,-0.4375,8.571428571428571,9.24,-6.599999999999994,1,9,death_plus_v7_gap_mid,0.671841846405175,0.6464293455914003
1473475,2025,8,3,1,-0.4375,8.347826086956522,9.529411764705882,-3.9200000000000017,1,9,death_plus_v7_gap_mid,0.7027468411916791,0.6741961123029003
1473475,2025,8,4,1,-0.4375,7.9411764705882355,10.038461538461538,0.7600000000000051,1,9,death_plus_v7_gap_mid,0.7976445630201774,0.7626469540085024
1473475,2025,8,5,1,-0.4375,8.059701492537314,9.849056603773585,-0.5599999999999881,1,9,death_plus_v7_gap_mid,0.7611473642060506,0.7279424563760484
1473475,2025,8,6,1,-0.4375,8.09090909090909,9.777777777777777,-0.8799999999999812,1,9,death_plus_v7_gap_mid,0.7611149132394845,0.7279120304881266
1473475,2025,9,1,1,-0.4375,8.123076923076923,9.709090909090909,-1.1999999999999886,1,9,death_plus_v7_gap_mid,0.7636593368596253,0.7277194843990872
1473475,2025,9,2,1,-0.4375,8.15625,9.642857142857142,-1.5200000000000102,1,9,death_plus_v7_gap_mid,0.7726909662220454,0.7359936025299597
1473475,2025,9,3,1,-0.4375,8.19047619047619,9.578947368421053,-1.8399999999999892,1,9,death_plus_v7_gap_mid,0.7574594955072844,0.7220753930351441
1473475,2025,9,4,1,-0.4375,8.225806451612902,9.517241379310345,-2.1599999999999824,1,9,death_plus_v7_gap_mid,0.7661509037131556,0.7299957813962238
1473475,2025,9,5,1,-0.4375,8.360655737704917,9.35593220338983,-3.4799999999999898,1,9,death_plus_v7_gap_mid,0.7577483860573226,0.7223377633845935
1473475,2025,9,6,1,-0.4375,8.399999999999999,9.3,-3.8000000000000114,1,9,death_plus_v7_gap_mid,0.7579630652433218,0.7225327739829055
1473475,2025,10,1,1,-0.4375,7.932203389830509,9.737704918032787,0.8799999999999955,1,9,death_plus_v7_gap_mid,0.8421692583872873,0.8166530359388893
1473475,2025,10,2,1,-0.4375,7.965517241379311,9.677419354838708,0.5600000000000023,1,9,death_plus_v7_gap_mid,0.8362988624126992,0.8108941773681889
1473475,2025,10,3,1,-0.4375,8.0,9.61904761904762,0.23999999999999488,1,9,death_plus_v7_gap_mid,0.833596287277636,0.8082537695814851
1473475,2025,10,4,1,-0.4375,8.142857142857142,9.46875,-1.0799999999999983,1,9,death_plus_v7_gap_mid,0.8085684868643552,0.7840984503241504
1473475,2025,10,5,1,-0.4375,7.8545454545454545,9.692307692307693,1.5999999999999943,1,9,death_plus_v7_gap_mid,0.8438930046992112,0.8183503175287942
1473475,2025,10,6,1,-0.4375,7.888888888888889,9.636363636363637,1.2800000000000011,1,9,death_plus_v7_gap_mid,0.8419044385693837,0.8163925387090026
1473475,2025,11,1,1,-0.4375,7.924528301886792,9.582089552238806,0.9599999999999937,1,9,death_plus_v7_gap_mid,0.8395927627003199,0.8225592622052778
1473475,2025,11,2,1,-0.4375,7.961538461538462,9.529411764705882,0.6400000000000006,1,9,death_plus_v7_gap_mid,0.8432049649841633,0.8260333394638273
1473475,2025,11,3,1,-0.4375,8.0,9.478260869565217,0.3200000000000074,1,9,death_plus_v7_gap_mid,0.836579815335522,0.8196691909738582
1473475,2025,11,4,1,-0.4375,8.040000000000001,9.428571428571429,0.0,1,9,death_plus_v7_gap_mid,0.8378369883326903,0.8208742583857142
1473475,2025,11,5,1,-0.4375,8.081632653061224,9.380281690140844,-0.3200000000000074,1,9,death_plus_v7_gap_mid,0.8317087471427334,0.8150110502740168
1473475,2025,11,6,1,-0.4375,8.125,9.333333333333334,-0.6399999999999864,1,9,death_plus_v7_gap_mid,0.8353396503183987,0.8184815836377974
1473475,2025,12,1,1,-0.4375,8.042553191489361,9.36986301369863,0.04000000000000625,1,9,death_plus_v7_gap_mid,0.8598134359054337,0.8412384094327879
1473475,2025,12,2,1,-0.4375,8.217391304347826,9.243243243243244,-1.2800000000000011,1,9,death_plus_v7_gap_mid,0.8473217305148382,0.828863063382304
1473475,2025,12,3,1,-0.4375,8.266666666666666,9.200000000000001,-1.5999999999999943,1,9,death_plus_v7_gap_mid,0.8483996334041124,0.829925887003095
1473475,2025,12,4,1,-0.4375,7.909090909090908,9.394736842105264,1.0799999999999983,1,9,death_plus_v7_gap_mid,0.8839603118641451,0.8655635850374384
1473475,2025,12,5,1,-0.4375,7.534883720930233,9.584415584415584,3.760000000000005,1,9,death_plus_v7_gap_mid,0.9203829049537263,0.9035396307368738
1473475,2025,12,6,1,-0.4375,7.142857142857142,9.76923076923077,6.439999999999998,1,9,death_plus_v7_gap_mid,0.97383862845947,0.9640258450236293
1473475,2025,13,1,1,-0.4375,7.317073170731707,9.645569620253164,5.1200000000000045,1,9,death_plus_v7_gap_mid,0.9687907328942678,0.9607685955446258
1473475,2025,13,2,1,-0.4375,7.3500000000000005,9.600000000000001,4.800000000000011,1,9,death_plus_v7_gap_mid,0.9457095895559751,0.934778639684406
1473475,2025,13,3,1,-0.4375,6.9230769230769225,9.777777777777777,7.47999999999999,1,9,death_plus_v7_gap_mid,0.9809317571980661,0.975075608435625
1473475,2025,13,4,1,-0.4375,6.947368421052632,9.731707317073171,7.159999999999982,1,9,death_plus_v7_gap_mid,0.9799027430346332,0.9738385295150264
1473475,2025,13,5,1,-0.4375,6.972972972972972,9.686746987951807,6.840000000000018,1,9,death_plus_v7_gap_mid,0.9789026730343873,0.9726412605524399
1473475,2025,13,6,1,-0.4375,7.166666666666666,9.571428571428573,5.52000000000001,1,9,death_plus_v7_gap_mid,0.9775525344670538,0.9710323160971088
1473475,2025,13,7,1,-0.4375,7.199999999999999,9.529411764705882,5.199999999999989,1,9,death_plus_v7_gap_mid,0.9762719206829784,0.969513676245068
1473475,2025,13,8,1,-0.4375,6.352941176470589,9.837209302325581,9.879999999999995,1,9,death_plus_v7_gap_mid,0.9885394588517017,0.9844178543371623
1473475,2025,14,1,1,-0.4375,5.485714285714286,10.235294117647058,15.199999999999989,1,9,death_plus_v7_gap_mid,0.9922608288683336,0.9897014338011982
1473475,2025,14,2,1,-0.4375,5.470588235294118,10.186046511627907,14.879999999999995,1,9,death_plus_v7_gap_mid,0.9922996184089254,0.989749810554504
1473475,2025,14,3,1,-0.4375,4.909090909090909,10.344827586206897,17.560000000000002,1,9,death_plus_v7_gap_mid,0.993911584986146,0.9917752577675012
1473475,2025,14,4,1,-0.4375,4.875,10.295454545454545,17.24000000000001,1,9,death_plus_v7_gap_mid,0.9939868342379403,0.991870592109931
1473475,2025,14,5,1,-0.4375,3.870967741935484,10.584269662921349,21.920000000000016,1,9,death_plus_v7_gap_mid,0.9944043016040105,0.9924009059810232
1473475,2025,14,6,1,-0.4375,4.0,10.466666666666667,20.599999999999994,1,9,death_plus_v7_gap_mid,0.9946201305462468,0.9926760591847873
1473475,2025,15,1,1,-0.4375,3.9310344827586206,10.417582417582418,20.28,1,9,death_plus_v7_gap_mid,0.994846004647268,0.9934350641115706
1473475,2025,15,2,1,-0.4375,2.7857142857142856,10.695652173913043,24.95999999999998,1,9,death_plus_v7_gap_mid,0.9949645482349273,0.9935786784845198
1473475,2025,15,3,1,-0.4375,2.6666666666666665,10.64516129032258,24.640000000000015,1,9,death_plus_v7_gap_mid,0.9949763915348664,0.9935930358441366
1473475,2025,15,4,1,-0.4375,1.3846153846153846,10.914893617021276,29.32000000000002,1,9,death_plus_v7_gap_mid,0.9950092829340613,0.9936329183074127
1473475,2025,15,5,1,-0.4375,0.0,11.178947368421053,34.0,1,9,death_plus_v7_gap_mid,0.9918212585318429,0.9898186899530915
1473476,2025,7,1,0,1.05263157894737,11.61038961038961,6.976744186046512,-46.359999999999985,2,8,death_plus_v7_gap_mid,0.24920078078578306,0.28084882338435596
1473476,2025,7,2,0,1.05263157894737,11.68421052631579,6.954545454545455,-46.67999999999999,2,8,death_plus_v7_gap_mid,0.25744140668968407,0.28830280000546976
1473476,2025,7,3,0,1.05263157894737,11.84,6.8,-48.0,2,8,death_plus_v7_gap_mid,0.2583396216857666,0.2891127239376694
1473476,2025,7,4,0,1.05263157894737,11.91891891891892,6.782608695652174,-48.31999999999999,2,8,death_plus_v7_gap_mid,0.2506992312224591,0.2822074232765353
1473476,2025,7,5,0,1.05263157894737,12.082191780821919,6.638297872340425,-49.640000000000015,2,8,death_plus_v7_gap_mid,0.23186762096863633,0.26502391081016224
1473476,2025,7,6,0,1.05263157894737,12.166666666666666,6.625,-49.96000000000001,2,8,death_plus_v7_gap_mid,0.21967355475637312,0.25376104975089264
1473476,2025,8,1,0,1.05263157894737,12.253521126760564,6.612244897959183,-50.27999999999999,2,8,death_plus_v7_gap_mid,0.1732449159474952,0.204487014607756
1473476,2025,8,2,0,1.05263157894737,12.342857142857142,6.6000000000000005,-50.59999999999998,2,8,death_plus_v7_gap_mid,0.16273104072065656,0.19415306317602912
1473476,2025,8,3,0,1.05263157894737,12.434782608695652,6.588235294117648,-50.92,2,8,death_plus_v7_gap_mid,0.15786766988662504,0.18933334624061385
1473476,2025,8,4,0,1.05263157894737,12.441176470588236,6.6923076923076925,-50.239999999999995,2,8,death_plus_v7_gap_mid,0.1657893254812755,0.19717082296372634
1473476,2025,8,5,0,1.05263157894737,12.53731343283582,6.679245283018868,-50.559999999999974,2,8,death_plus_v7_gap_mid,0.16409202508801835,0.19549723910356145
1473476,2025,8,6,0,1.05263157894737,12.545454545454545,6.777777777777777,-49.879999999999995,2,8,death_plus_v7_gap_mid,0.18940464057451098,0.2201600236640866
1473476,2025,9,1,0,1.05263157894737,12.646153846153847,6.763636363636364,-50.2,2,8,death_plus_v7_gap_mid,0.163342561193756,0.20588164676246443
1473476,2025,9,2,0,1.05263157894737,12.75,6.75,-50.51999999999998,2,8,death_plus_v7_gap_mid,0.158746371875005,0.20129621290014907
1473476,2025,9,3,0,1.05263157894737,12.761904761904763,6.842105263157895,-49.83999999999999,2,8,death_plus_v7_gap_mid,0.16350825047666684,0.2060464127363228
1473476,2025,9,4,0,1.05263157894737,12.870967741935484,6.827586206896552,-50.16,2,8,death_plus_v7_gap_mid,0.1567931640125786,0.19933873003771857
1473476,2025,9,5,0,1.05263157894737,13.081967213114755,6.711864406779661,-51.47999999999999,2,8,death_plus_v7_gap_mid,0.12365371703469406,0.16522302241612913
1473476,2025,9,6,0,1.05263157894737,13.099999999999998,6.8,-50.8,2,8,death_plus_v7_gap_mid,0.1380820137333031,0.18029925804959657
1473476,2025,10,1,0,1.05263157894737,12.915254237288135,7.081967213114754,-48.120000000000005,2,8,death_plus_v7_gap_mid,0.2196804470541261,0.254348127120061
1473476,2025,10,2,0,1.05263157894737,13.03448275862069,7.064516129032258,-48.44,2,8,death_plus_v7_gap_mid,0.20351833180535717,0.2386311591161948
1473476,2025,10,3,0,1.05263157894737,13.263157894736842,6.9523809523809526,-49.760000000000005,2,8,death_plus_v7_gap_mid,0.16117278817979996,0.19636443450499327
1473476,2025,10,4,0,1.05263157894737,13.392857142857142,6.9375,-50.08000000000001,2,8,death_plus_v7_gap_mid,0.15060663516583292,0.18552953637324118
1473476,2025,10,5,0,1.05263157894737,12.98181818181818,7.384615384615385,-45.39999999999999,2,8,death_plus_v7_gap_mid,0.26310559774908604,0.2956682704971387
1473476,2025,10,6,0,1.05263157894737,13.11111111111111,7.363636363636363,-45.719999999999985,2,8,death_plus_v7_gap_mid,0.25781308788501844,0.2906955140893231
1473476,2025,11,1,0,1.05263157894737,13.245283018867926,7.343283582089552,-46.04000000000002,2,8,death_plus_v7_gap_mid,0.2544861732225802,0.2920536574146619
1473476,2025,11,2,0,1.05263157894737,13.26923076923077,7.411764705882353,-45.359999999999985,2,8,death_plus_v7_gap_mid,0.255329863525356,0.29286820280734854
1473476,2025,11,3,0,1.05263157894737,13.529411764705882,7.304347826086957,-55.095,3,7,death_plus_v7_gap_mid,0.12623697865500338,0.161465906296739
1473476,2025,11,4,0,1.05263157894737,13.68,7.285714285714285,-55.24999999999997,3,7,death_plus_v7_gap_mid,0.14575826988641477,0.18243739975917156
1473476,2025,11,5,0,1.05263157894737,13.836734693877553,7.267605633802816,-55.405,3,7,death_plus_v7_gap_mid,0.1461868406766948,0.18289222226265447
1473476,2025,11,6,0,1.05263157894737,14.125,7.166666666666666,-56.56,3,7,death_plus_v7_gap_mid,0.11721898517015952,0.15159584791869593
1473476,2025,12,1,0,1.05263157894737,14.170212765957448,7.232876712328767,-55.715,3,7,death_plus_v7_gap_mid,0.13533121962204087,0.16384687085000843
1473476,2025,12,2,0,1.05263157894737,14.347826086956522,7.216216216216216,-55.870000000000005,3,7,death_plus_v7_gap_mid,0.12361384784681625,0.15143608505224115
1473476,2025,12,3,0,1.05263157894737,14.533333333333331,7.199999999999999,-56.025000000000006,3,7,death_plus_v7_gap_mid,0.10479463698593158,0.13113786698475677
1473476,2025,12,4,0,1.05263157894737,14.727272727272727,7.184210526315789,-63.44,4,6,death_plus_v7_gap_mid,0.055957984397402995,0.07567416717871578
1473476,2025,12,5,0,1.05263157894737,15.069767441860465,7.090909090909092,-64.43,4,6,death_plus_v7_gap_mid,0.04864796462695381,0.06689497787955001
1473476,2025,12,6,0,1.05263157894737,14.857142857142858,7.307692307692307,-61.420000000000016,4,6,death_plus_v7_gap_mid,0.05850269163772392,0.07869382366032802
1473476,2025,12,7,0,1.05263157894737,14.341463414634145,7.670886075949367,-56.41,4,6,death_plus_v7_gap_mid,0.10032169975664769,0.12623963764143203
1473476,2025,13,1,0,1.05263157894737,14.195121951219512,7.746835443037975,-55.41,4,6,death_plus_v7_gap_mid,0.12115912713521428,0.13887361126378012
1473476,2025,13,2,0,1.05263157894737,14.399999999999999,7.7250000000000005,-55.400000000000006,4,6,death_plus_v7_gap_mid,0.11299255481479856,0.13033926827184156
1473476,2025,13,3,0,1.05263157894737,14.615384615384613,7.703703703703703,-55.389999999999986,4,6,death_plus_v7_gap_mid,0.09478371737651903,0.11108052559488316
1473476,2025,13,4,0,1.05263157894737,14.842105263157896,7.682926829268293,-55.380000000000024,4,6,death_plus_v7_gap_mid,0.08485979586496395,0.10043355103343955
1473476,2025,13,5,0,1.05263157894737,15.243243243243242,7.590361445783133,-56.369999999999976,4,6,death_plus_v7_gap_mid,0.06800704547287298,0.08206403018307137
1473476,2025,13,6,0,1.05263157894737,15.5,7.571428571428571,-56.360000000000014,4,6,death_plus_v7_gap_mid,0.06323529601342162,0.07678719114139809
1473476,2025,13,7,0,1.05263157894737,15.771428571428572,7.552941176470588,-56.349999999999994,4,6,death_plus_v7_gap_mid,0.058507543017174986,0.07152168579924563
1473476,2025,13,8,0,1.05263157894737,16.058823529411764,7.534883720930233,-56.34,4,6,death_plus_v7_gap_mid,0.056124443247516774,0.06885252074090825
1473476,2025,14,1,0,1.05263157894737,15.600000000000001,7.623529411764705,-55.349999999999994,4,6,death_plus_v7_gap_mid,0.07407250769412191,0.08568553796624198
1473476,2025,14,2,0,1.05263157894737,15.882352941176471,7.604651162790698,-55.34,4,6,death_plus_v7_gap_mid,0.06605286793383877,0.07704097655356627
1473476,2025,14,3,0,1.05263157894737,16.363636363636363,7.517241379310344,-56.329999999999984,4,6,death_plus_v7_gap_mid,0.055280022825984106,0.06529643660986281
1473476,2025,14,4,0,1.05263157894737,16.875,7.431818181818182,-57.31999999999999,4,6,death_plus_v7_gap_mid,0.04400226223364442,0.05280975402008985
1473476,2025,14,5,0,1.05263157894737,16.645161290322584,7.617977528089888,-54.31,4,6,death_plus_v7_gap_mid,0.05650341719005242,0.06663852820619162
1473476,2025,14,6,0,1.05263157894737,17.0,7.6,-54.29999999999998,4,6,death_plus_v7_gap_mid,0.049961119684812476,0.05943423520896834
1473476,2025,15,1,0,1.05263157894737,17.586206896551722,7.516483516483516,-55.28999999999999,4,6,death_plus_v7_gap_mid,0.04215732225911515,0.04910844668667844
1473476,2025,15,2,0,1.05263157894737,18.214285714285715,7.434782608695652,-56.28,4,6,death_plus_v7_gap_mid,0.03520377440980267,0.04141397568988879
1473476,2025,15,3,0,1.05263157894737,18.0,7.612903225806452,-53.27000000000001,4,6,death_plus_v7_gap_mid,0.041954098443326225,0.048884702029850916
1473476,2025,15,4,0,1.05263157894737,18.692307692307693,7.531914893617021,-54.25999999999999,4,6,death_plus_v7_gap_mid,0.03349094547415581,0.03950548116530883
1473476,2025,15,5,0,1.05263157894737,19.44,7.4526315789473685,-59.375,5,5,death_plus_v7_gap_mid,0.016432319040226878,0.020125314206890035
1473476,2025,15,6,0,1.05263157894737,20.0,7.4375,-59.20000000000002,5,5,death_plus_v7_gap_mid,0.01680038313262234,0.020552548408726973
1473477,2025,7,1,1,-12.235294117647072,7.792207792207792,8.372093023255815,-7.177499999999995,1,9,death_plus_v7_gap_mid,0.7963545802232754,0.7563012275731477
1473477,2025,7,2,1,-12.235294117647072,7.815789473684211,8.318181818181818,-7.3700000000000045,1,9,death_plus_v7_gap_mid,0.7912148117725815,0.7514049200805604
1473477,2025,7,3,1,-12.235294117647072,7.76,8.399999999999999,-6.5625,1,9,death_plus_v7_gap_mid,0.7852390346571003,0.7457426960496428
1473477,2025,7,4,1,-12.235294117647072,7.783783783783784,8.347826086956522,-6.7549999999999955,1,9,death_plus_v7_gap_mid,0.7785665977863143,0.7394575410067276
1473477,2025,7,5,1,-12.235294117647072,7.808219178082192,8.297872340425533,-6.947500000000005,1,9,death_plus_v7_gap_mid,0.7772447521843806,0.7382169249937681
1473477,2025,7,6,1,-12.235294117647072,7.833333333333334,8.25,-7.140000000000001,1,9,death_plus_v7_gap_mid,0.7952495905472021,0.7552464841620176
1473477,2025,8,1,1,-12.235294117647072,7.943661971830986,8.081632653061224,-8.33250000000001,1,9,death_plus_v7_gap_mid,0.78957431415024,0.7548842305325076
1473477,2025,8,2,1,-12.235294117647072,7.9714285714285715,8.040000000000001,-8.524999999999991,1,9,death_plus_v7_gap_mid,0.7871877792568149,0.7525988762463801
1473477,2025,8,3,1,-12.235294117647072,8.0,8.0,-8.717500000000001,1,9,death_plus_v7_gap_mid,0.7849359334014153,0.7504466636090494
1473477,2025,8,4,1,-12.235294117647072,8.029411764705882,7.961538461538462,-8.909999999999997,1,9,death_plus_v7_gap_mid,0.7810461668000863,0.7467383402071066
1473477,2025,8,5,1,-12.235294117647072,8.149253731343283,7.811320754716981,-10.102499999999992,1,9,death_plus_v7_gap_mid,0.7634867758523372,0.7301377469086512
1473477,2025,8,6,1,-12.235294117647072,8.272727272727273,7.666666666666666,-11.294999999999987,1,9,death_plus_v7_gap_mid,0.7449589514217863,0.7128488630962797
1473477,2025,9,1,1,-12.235294117647072,8.215384615384615,7.745454545454546,-10.487499999999997,1,9,death_plus_v7_gap_mid,0.764755245927803,0.7287201276889694
1473477,2025,9,2,1,-12.235294117647072,7.96875,8.035714285714285,-7.680000000000007,1,9,death_plus_v7_gap_mid,0.8087701259176456,0.7697438429364344
1473477,2025,9,3,1,-12.235294117647072,8.0,8.0,-7.872499999999988,1,9,death_plus_v7_gap_mid,0.8053123303920833,0.7664558770125507
1473477,2025,9,4,1,-12.235294117647072,7.935483870967742,8.068965517241379,-7.0649999999999835,1,9,death_plus_v7_gap_mid,0.8158530168527356,0.776518094152794
1473477,2025,9,5,1,-12.235294117647072,7.967213114754098,8.033898305084746,-7.257499999999993,1,9,death_plus_v7_gap_mid,0.8139832941537708,0.7747246094996026
1473477,2025,9,6,1,-12.235294117647072,8.0,8.0,-7.450000000000003,1,9,death_plus_v7_gap_mid,0.8113722319330018,0.7722263395424759
1473477,2025,10,1,1,-12.235294117647072,7.525423728813559,8.459016393442623,-2.6424999999999983,1,9,death_plus_v7_gap_mid,0.8625257707795078,0.8368932145637371
1473477,2025,10,2,1,-12.235294117647072,7.551724137931034,8.419354838709678,-2.8349999999999937,1,9,death_plus_v7_gap_mid,0.8567785639138381,0.8311337909945274
1473477,2025,10,3,1,-12.235294117647072,7.052631578947369,8.857142857142858,1.9724999999999966,1,9,death_plus_v7_gap_mid,0.9470321899607286,0.9275656280774858
1473477,2025,10,4,1,-12.235294117647072,6.964285714285715,8.90625,2.780000000000001,1,9,death_plus_v7_gap_mid,0.9571601186691616,0.9396026116982591
1473477,2025,10,5,1,-12.235294117647072,6.9818181818181815,8.861538461538462,2.5874999999999915,1,9,death_plus_v7_gap_mid,0.95340572503209,0.9350941879509507
1473477,2025,10,6,1,-12.235294117647072,7.111111111111111,8.727272727272727,1.3950000000000102,1,9,death_plus_v7_gap_mid,0.9474374615426875,0.928039986622132
1473477,2025,11,1,1,-12.235294117647072,6.566037735849056,9.134328358208954,6.202500000000001,1,9,death_plus_v7_gap_mid,0.9852377222548456,0.9778944538663337
1473477,2025,11,2,1,-12.235294117647072,6.5769230769230775,9.088235294117647,6.010000000000005,1,9,death_plus_v7_gap_mid,0.9843279843481647,0.9767008024169808
1473477,2025,11,3,1,-12.235294117647072,6.588235294117648,9.043478260869566,5.81750000000001,1,9,death_plus_v7_gap_mid,0.9845040506522551,0.9769311211472229
1473477,2025,11,4,1,-12.235294117647072,6.6000000000000005,9.0,5.625,1,9,death_plus_v7_gap_mid,0.9841994548575803,0.9765328738958321
1473477,2025,11,5,1,-12.235294117647072,6.73469387755102,8.873239436619718,-2.0600000000000023,2,8,death_plus_v7_gap_mid,0.9542708209639402,0.9404385615478341
1473477,2025,11,6,1,-12.235294117647072,6.875,8.75,-3.1199999999999903,2,8,death_plus_v7_gap_mid,0.9403523101745648,0.9248990298093995
1473477,2025,12,1,1,-12.235294117647072,6.893617021276596,8.712328767123289,-3.1799999999999926,2,8,death_plus_v7_gap_mid,0.9475753988880438,0.933326755284614
1473477,2025,12,2,1,-12.235294117647072,7.043478260869566,8.594594594594595,-4.240000000000009,2,8,death_plus_v7_gap_mid,0.9366516090790549,0.9211734487500415
1473477,2025,12,3,1,-12.235294117647072,7.199999999999999,8.48,-5.299999999999997,2,8,death_plus_v7_gap_mid,0.9281705968310436,0.9119182990495405
1473477,2025,12,4,1,-12.235294117647072,7.363636363636363,8.368421052631579,-6.359999999999999,2,8,death_plus_v7_gap_mid,0.9206283224414986,0.9038020547840276
1473477,2025,12,5,1,-12.235294117647072,7.395348837209302,8.337662337662337,-6.420000000000002,2,8,death_plus_v7_gap_mid,0.9235388997258438,0.9069221742468299
1473477,2025,12,6,1,-12.235294117647072,7.428571428571429,8.307692307692307,-6.47999999999999,2,8,death_plus_v7_gap_mid,0.9242302659041752,0.9076654807836554
1473477,2025,13,1,1,-12.235294117647072,7.609756097560975,8.20253164556962,-7.539999999999992,2,8,death_plus_v7_gap_mid,0.9032909434487176,0.889396731657788
1473477,2025,13,2,1,-12.235294117647072,7.800000000000001,8.100000000000001,-8.600000000000009,2,8,death_plus_v7_gap_mid,0.881693322513804,0.8670631866807691
1473477,2025,13,3,1,-12.235294117647072,7.846153846153847,8.074074074074074,-8.659999999999997,2,8,death_plus_v7_gap_mid,0.8733435316952911,0.8585350519483839
1473477,2025,13,4,1,-12.235294117647072,7.105263157894736,8.414634146341463,-3.7199999999999847,2,8,death_plus_v7_gap_mid,0.9350227037638886,0.9231091621425752
1473477,2025,13,5,1,-12.235294117647072,7.297297297297297,8.313253012048193,-4.780000000000001,2,8,death_plus_v7_gap_mid,0.9378540221851999,0.9261825721521932
1473477,2025,13,6,1,-12.235294117647072,6.5,8.642857142857142,0.1599999999999966,2,8,death_plus_v7_gap_mid,0.9718163458586391,0.9642811782180433
1473477,2025,14,1,1,-12.235294117647072,6.685714285714286,8.541176470588235,-0.8999999999999915,2,8,death_plus_v7_gap_mid,0.9675308118034465,0.9606254889079984
1473477,2025,14,2,1,-12.235294117647072,6.88235294117647,8.44186046511628,-1.9599999999999937,2,8,death_plus_v7_gap_mid,0.9593221594367893,0.9514183738450022
1473477,2025,14,3,1,-12.235294117647072,6.90909090909091,8.413793103448276,-2.0200000000000102,2,8,death_plus_v7_gap_mid,0.9583421403420465,0.9503287788347831
1473477,2025,14,4,1,-12.235294117647072,7.125,8.318181818181818,-3.0799999999999983,2,8,death_plus_v7_gap_mid,0.9423596797640779,0.9327989294140229
1473477,2025,14,5,1,-12.235294117647072,6.580645161290322,8.49438202247191,-0.14000000000000057,2,8,death_plus_v7_gap_mid,0.9715628900143554,0.9652076515907236
1473477,2025,14,6,1,-12.235294117647072,6.6000000000000005,8.466666666666667,-0.20000000000000284,2,8,death_plus_v7_gap_mid,0.9693953716802971,0.9627390407218329
1473477,2025,14,7,1,-12.235294117647072,6.827586206896552,8.373626373626372,-1.259999999999991,2,8,death_plus_v7_gap_mid,0.9605596950919142,0.9527970406198149
1473477,2025,15,1,1,-12.235294117647072,6.0,8.637362637362637,2.740000000000009,2,8,death_plus_v7_gap_mid,0.9827113585821802,0.979279015213193
1473477,2025,15,2,1,-12.235294117647072,6.0,8.608695652173912,2.680000000000007,2,8,death_plus_v7_gap_mid,0.9837107691016559,0.9804170577389796
1473477,2025,15,3,1,-12.235294117647072,4.888888888888888,8.903225806451612,7.6200000000000045,2,8,death_plus_v7_gap_mid,0.994637830937825,0.9931832652286435
1473477,2025,15,4,1,-12.235294117647072,5.076923076923077,8.808510638297872,6.560000000000002,2,8,death_plus_v7_gap_mid,0.9943092347780953,0.9927868067748079
1473477,2025,15,5,1,-12.235294117647072,5.04,8.778947368421054,6.5,2,8,death_plus_v7_gap_mid,0.9943081087992226,0.9927854502901355
1473477,2025,15,6,1,-12.235294117647072,4.75,8.8125,7.439999999999998,2,8,death_plus_v7_gap_mid,0.9948378344404964,0.993425172178775
1473478,2025,7,1,1,-52.41176470588235,6.545454545454545,8.372093023255815,-0.4174999999999969,1,9,death_plus_v7_gap_mid,0.9679890772097095,0.945392406402948
1473478,2025,7,2,1,-52.41176470588235,6.157894736842106,9.0,4.509999999999991,1,9,death_plus_v7_gap_mid,0.9813228803824838,0.9649630385238163
1473478,2025,7,3,1,-52.41176470588235,6.16,8.933333333333334,4.4375,1,9,death_plus_v7_gap_mid,0.9803399893210728,0.9634466648659774
1473478,2025,7,4,1,-52.41176470588235,6.243243243243244,8.73913043478261,3.365000000000009,1,9,death_plus_v7_gap_mid,0.9799229623588541,0.962807562067015
1473478,2025,7,5,1,-52.41176470588235,6.2465753424657535,8.680851063829788,3.292500000000004,1,9,death_plus_v7_gap_mid,0.9802912257380924,0.9633718047194195
1473478,2025,7,6,1,-52.41176470588235,6.25,8.625,3.219999999999999,1,9,death_plus_v7_gap_mid,0.9809843655806356,0.9644391593556866
1473478,2025,8,1,1,-52.41176470588235,6.253521126760563,8.571428571428571,3.1474999999999937,1,9,death_plus_v7_gap_mid,0.9811746001915285,0.9673761356470452
1473478,2025,8,2,1,-52.41176470588235,6.257142857142858,8.52,3.075000000000003,1,9,death_plus_v7_gap_mid,0.9810780440087581,0.9672341961837273
1473478,2025,8,3,1,-52.41176470588235,6.3478260869565215,8.352941176470587,2.0024999999999977,1,9,death_plus_v7_gap_mid,0.9810531608113089,0.967197636303025
1473478,2025,8,4,1,-52.41176470588235,6.088235294117647,8.653846153846153,4.930000000000007,1,9,death_plus_v7_gap_mid,0.9853672159825461,0.9736623532770743
1473478,2025,8,5,1,-52.41176470588235,6.08955223880597,8.60377358490566,4.857500000000002,1,9,death_plus_v7_gap_mid,0.9848753331729398,0.9729113446219366
1473478,2025,8,6,1,-52.41176470588235,6.181818181818182,8.444444444444445,3.785000000000011,1,9,death_plus_v7_gap_mid,0.9839473776198228,0.9715049183085697
1473478,2025,9,1,1,-52.41176470588235,6.184615384615384,8.399999999999999,3.7125000000000057,1,9,death_plus_v7_gap_mid,0.9838024242042002,0.9683827891638471
1473478,2025,9,2,1,-52.41176470588235,6.28125,8.25,-4.98666666666665,2,8,death_plus_v7_gap_mid,0.970123489766942,0.9479129161905061
1473478,2025,9,3,1,-52.41176470588235,6.2857142857142865,8.210526315789474,-4.939999999999998,2,8,death_plus_v7_gap_mid,0.9679758523433273,0.9448930169718399
1473478,2025,9,4,1,-52.41176470588235,6.387096774193548,8.068965517241379,-5.893333333333331,2,8,death_plus_v7_gap_mid,0.9674861445307046,0.9442102381801626
1473478,2025,9,5,1,-52.41176470588235,6.491803278688526,7.932203389830509,-6.846666666666664,2,8,death_plus_v7_gap_mid,0.9646915707929977,0.9403527664407272
1473478,2025,9,6,1,-52.41176470588235,6.5,7.9,-6.799999999999997,2,8,death_plus_v7_gap_mid,0.9656349273213618,0.9416477146701443
1473478,2025,10,1,1,-52.41176470588235,6.610169491525424,7.77049180327869,-7.75333333333333,2,8,death_plus_v7_gap_mid,0.9648861010992206,0.9490790616150825
1473478,2025,10,2,1,-52.41176470588235,6.310344827586206,8.032258064516128,-4.7066666666666634,2,8,death_plus_v7_gap_mid,0.9761021157243641,0.9634339313666869
1473478,2025,10,3,1,-52.41176470588235,6.315789473684211,8.0,-4.659999999999997,2,8,death_plus_v7_gap_mid,0.9755261171224852,0.9626755344771392
1473478,2025,10,4,1,-52.41176470588235,6.321428571428571,7.96875,-4.613333333333344,2,8,death_plus_v7_gap_mid,0.9735117996909023,0.9600434667003693
1473478,2025,10,5,1,-52.41176470588235,6.4363636363636365,7.846153846153847,-5.566666666666663,2,8,death_plus_v7_gap_mid,0.9738150223502655,0.9604377454737262
1473478,2025,10,6,1,-52.41176470588235,6.555555555555555,7.727272727272727,-6.519999999999982,2,8,death_plus_v7_gap_mid,0.9695275580494007,0.954921673860437
1473478,2025,11,1,1,-52.41176470588235,6.566037735849056,7.701492537313433,-6.473333333333343,2,8,death_plus_v7_gap_mid,0.9673153675506585,0.9555943345410544
1473478,2025,11,2,1,-52.41176470588235,6.230769230769232,7.9411764705882355,-3.4266666666666623,2,8,death_plus_v7_gap_mid,0.9822369698730091,0.9739893222256973
1473478,2025,11,3,1,-52.41176470588235,6.23529411764706,7.91304347826087,-3.3799999999999955,2,8,death_plus_v7_gap_mid,0.9824127001872406,0.974215577893261
1473478,2025,11,4,1,-52.41176470588235,5.88,8.142857142857142,-0.3333333333333286,2,8,death_plus_v7_gap_mid,0.9855945148720568,0.9783650897755245
1473478,2025,11,5,1,-52.41176470588235,5.510204081632653,8.366197183098592,2.7133333333333383,2,8,death_plus_v7_gap_mid,0.9895327710561705,0.9836671496006046
1473478,2025,11,6,1,-52.41176470588235,5.5,8.333333333333332,2.760000000000005,2,8,death_plus_v7_gap_mid,0.9898772870111239,0.9841416697521193
1473478,2025,12,1,1,-52.41176470588235,5.1063829787234045,8.54794520547945,5.806666666666672,2,8,death_plus_v7_gap_mid,0.9961563518277716,0.9935202799733692
1473478,2025,12,2,1,-52.41176470588235,5.217391304347826,8.432432432432433,4.853333333333325,2,8,death_plus_v7_gap_mid,0.9930510189647723,0.9889857388283585
1473478,2025,12,3,1,-52.41176470588235,5.066666666666666,8.48,5.900000000000006,2,8,death_plus_v7_gap_mid,0.9965921942051159,0.9941830852787691
1473478,2025,12,4,1,-52.41176470588235,5.181818181818182,8.368421052631579,4.9466666666666725,2,8,death_plus_v7_gap_mid,0.9940365300809035,0.9903953304245109
1473478,2025,12,5,1,-52.41176470588235,5.302325581395349,8.25974025974026,3.993333333333325,2,8,death_plus_v7_gap_mid,0.9935766265071619,0.9897346379610212
1473478,2025,12,6,1,-52.41176470588235,5.428571428571429,8.153846153846153,3.0400000000000063,2,8,death_plus_v7_gap_mid,0.9928243985295884,0.9886647503762919
1473478,2025,13,1,1,-52.41176470588235,4.975609756097561,8.354430379746836,6.086666666666673,2,8,death_plus_v7_gap_mid,0.9972430452856855,0.9958282097475485
1473478,2025,13,2,1,-52.41176470588235,4.949999999999999,8.325,6.133333333333326,2,8,death_plus_v7_gap_mid,0.9972434892337396,0.9958288317942626
1473478,2025,13,3,1,-52.41176470588235,4.923076923076923,8.296296296296296,6.180000000000007,2,8,death_plus_v7_gap_mid,0.9971650689443082,0.9957190672720462
1473478,2025,13,4,1,-52.41176470588235,4.421052631578947,8.487804878048781,9.226666666666674,2,8,death_plus_v7_gap_mid,0.9979068305258236,0.9967675071074807
1473478,2025,13,5,1,-52.41176470588235,3.891891891891892,8.674698795180722,12.27333333333334,2,8,death_plus_v7_gap_mid,0.9981193917098821,0.9970727450733171
1473478,2025,13,6,1,-52.41176470588235,3.833333333333333,8.642857142857142,12.319999999999993,2,8,death_plus_v7_gap_mid,0.99816891084225,0.997144214691778
1473478,2025,14,1,1,-52.41176470588235,3.7714285714285714,8.611764705882353,12.366666666666674,2,8,death_plus_v7_gap_mid,0.9981916825388975,0.9973667903082192
1473478,2025,14,2,1,-52.41176470588235,3.7058823529411766,8.58139534883721,12.413333333333341,2,8,death_plus_v7_gap_mid,0.9980814198661456,0.9972163491357019
1473478,2025,14,3,1,-52.41176470588235,2.727272727272727,8.896551724137932,17.459999999999994,2,8,death_plus_v7_gap_mid,0.9982377345471043,0.9974297897261619
1473478,2025,14,4,1,-52.41176470588235,2.625,8.863636363636363,17.506666666666675,2,8,death_plus_v7_gap_mid,0.998159169280894,0.9973223719570756
1473478,2025,14,5,1,-52.41176470588235,2.7096774193548385,8.764044943820224,12.859166666666681,3,7,death_plus_v7_gap_mid,0.9978554088960943,0.99690962325128
1473478,2025,14,6,1,-52.41176470588235,2.6,8.733333333333333,13.025000000000006,3,7,death_plus_v7_gap_mid,0.9957122894820679,0.9940799160144618
1473478,2025,14,7,1,-52.41176470588235,1.4482758620689655,9.032967032967033,18.19083333333333,3,7,death_plus_v7_gap_mid,0.9954108859679272,0.9936904374255867
1473478,2025,15,1,1,-52.41176470588235,1.2413793103448276,9.098901098901099,19.19083333333333,3,7,death_plus_v7_gap_mid,0.9956863124524385,0.9944569369349163
1473478,2025,15,2,1,-52.41176470588235,0.42857142857142855,9.26086956521739,22.35666666666667,3,7,death_plus_v7_gap_mid,0.9963402522105542,0.9952590584006155
1473478,2025,15,3,1,-52.41176470588235,0.4444444444444444,9.161290322580644,21.522499999999994,3,7,death_plus_v7_gap_mid,0.9967049375017087,0.9957094333934533
1473478,2025,15,4,1,-52.41176470588235,-0.46153846153846156,9.319148936170212,24.688333333333333,3,7,death_plus_v7_gap_mid,0.997141220988675,0.9962515351496025
1473479,2025,7,1,0,18.294117647058812,9.194805194805195,12.279069767441861,-11.766666666666652,2,8,death_plus_v7_gap_mid,0.5961695122484185,0.5778350213799976
1473479,2025,7,2,0,18.294117647058812,8.842105263157894,12.818181818181817,-7.133333333333326,2,8,death_plus_v7_gap_mid,0.6409644994930379,0.6162303105691591
1473479,2025,7,3,0,18.294117647058812,8.96,12.533333333333335,-8.5,2,8,death_plus_v7_gap_mid,0.6436035734943121,0.6185105035924189
1473479,2025,7,4,0,18.294117647058812,8.756756756756756,12.782608695652176,-5.866666666666646,2,8,death_plus_v7_gap_mid,0.6667155817835564,0.6385837013364419
1473479,2025,7,5,0,18.294117647058812,8.876712328767123,12.51063829787234,-7.2333333333333485,2,8,death_plus_v7_gap_mid,0.6774879906913202,0.6480097153106568
1473479,2025,7,6,0,18.294117647058812,8.916666666666668,12.375,-7.6000000000000085,2,8,death_plus_v7_gap_mid,0.6727469341270224,0.6438553443436552
1473479,2025,8,1,0,18.294117647058812,8.95774647887324,12.244897959183675,-7.966666666666654,2,8,death_plus_v7_gap_mid,0.6677860934387064,0.642813436584248
1473479,2025,8,2,0,18.294117647058812,9.085714285714285,12.0,-9.333333333333314,2,8,death_plus_v7_gap_mid,0.6706682212378638,0.6453823799243027
1473479,2025,8,3,0,18.294117647058812,9.043478260869566,12.0,-8.700000000000003,2,8,death_plus_v7_gap_mid,0.6789674625635969,0.6527970718681415
1473479,2025,8,4,0,18.294117647058812,8.823529411764707,12.23076923076923,-6.066666666666663,2,8,death_plus_v7_gap_mid,0.7079376377620856,0.6789003461761218
1473479,2025,8,5,0,18.294117647058812,8.597014925373134,12.452830188679245,-3.4333333333333087,2,8,death_plus_v7_gap_mid,0.7335145298395429,0.702274799053283
1473479,2025,8,6,0,18.294117647058812,8.727272727272727,12.222222222222223,-4.799999999999983,2,8,death_plus_v7_gap_mid,0.7304851633708838,0.6994883160020868
1473479,2025,9,1,0,18.294117647058812,8.861538461538462,12.0,-17.270833333333343,3,7,death_plus_v7_gap_mid,0.5988911347558833,0.5845079485710714
1473479,2025,9,2,0,18.294117647058812,8.90625,11.892857142857142,-17.46666666666667,3,7,death_plus_v7_gap_mid,0.5961207317052757,0.582180340748296
1473479,2025,9,3,0,18.294117647058812,8.952380952380953,11.789473684210526,-17.662500000000023,3,7,death_plus_v7_gap_mid,0.5907702095492469,0.5776891673687079
1473479,2025,9,4,0,18.294117647058812,9.096774193548388,11.586206896551724,-18.85833333333332,3,7,death_plus_v7_gap_mid,0.5337968562697717,0.5301214015534832
1473479,2025,9,5,0,18.294117647058812,9.245901639344261,11.389830508474576,-20.054166666666703,3,7,death_plus_v7_gap_mid,0.5249803911588466,0.5227872585006434
1473479,2025,9,6,0,18.294117647058812,9.3,11.3,-20.25,3,7,death_plus_v7_gap_mid,0.5259345185592978,0.5235807910646408
1473479,2025,10,1,0,18.294117647058812,9.457627118644067,11.114754098360656,-21.445833333333354,3,7,death_plus_v7_gap_mid,0.533949311675086,0.5374858588485321
1473479,2025,10,2,0,18.294117647058812,9.413793103448276,11.129032258064516,-20.64166666666665,3,7,death_plus_v7_gap_mid,0.5389076169111818,0.5418119440363225
1473479,2025,10,3,0,18.294117647058812,9.368421052631579,11.142857142857142,-19.837500000000006,3,7,death_plus_v7_gap_mid,0.5513920201247132,0.5527067825963573
1473479,2025,10,4,0,18.294117647058812,9.428571428571429,11.0625,-20.03333333333333,3,7,death_plus_v7_gap_mid,0.5499972878718342,0.5514894011722611
1473479,2025,10,5,0,18.294117647058812,9.49090909090909,10.984615384615385,-20.229166666666686,3,7,death_plus_v7_gap_mid,0.549769923163801,0.5512909542807402
1473479,2025,10,6,0,18.294117647058812,9.555555555555555,10.909090909090908,-20.42500000000001,3,7,death_plus_v7_gap_mid,0.5377783701327893,0.5408266554967763
1473479,2025,11,1,0,18.294117647058812,9.622641509433963,10.835820895522389,-20.620833333333337,3,7,death_plus_v7_gap_mid,0.5473348183363748,0.5585586104120578
1473479,2025,11,2,0,18.294117647058812,9.692307692307693,10.764705882352942,-20.816666666666663,3,7,death_plus_v7_gap_mid,0.5513196573065344,0.5620725948706635
1473479,2025,11,3,0,18.294117647058812,9.882352941176471,10.608695652173914,-22.01249999999999,3,7,death_plus_v7_gap_mid,0.5399712914634529,0.5520637408780195
1473479,2025,11,4,0,18.294117647058812,9.600000000000001,10.8,-19.208333333333314,3,7,death_plus_v7_gap_mid,0.5677138482022467,0.5765263075901175
1473479,2025,11,5,0,18.294117647058812,9.673469387755102,10.732394366197184,-19.40416666666667,3,7,death_plus_v7_gap_mid,0.5641994898472024,0.573428173186973
1473479,2025,11,6,0,18.294117647058812,9.75,10.666666666666666,-19.599999999999994,3,7,death_plus_v7_gap_mid,0.5663867038040442,0.575356348605416
1473479,2025,12,1,0,18.294117647058812,9.829787234042554,10.602739726027398,-19.79583333333332,3,7,death_plus_v7_gap_mid,0.5767221701920159,0.5781577454848154
1473479,2025,12,2,0,18.294117647058812,10.043478260869566,10.45945945945946,-20.991666666666674,3,7,death_plus_v7_gap_mid,0.5502641528407926,0.5544095262196526
1473479,2025,12,3,0,18.294117647058812,10.133333333333333,10.4,-21.1875,3,7,death_plus_v7_gap_mid,0.5462941428120031,0.5508473556762151
1473479,2025,12,4,0,18.294117647058812,10.363636363636363,10.263157894736842,-22.383333333333354,3,7,death_plus_v7_gap_mid,0.5410308252395111,0.5461248282367294
1473479,2025,12,5,0,18.294117647058812,10.465116279069768,10.207792207792208,-22.57916666666668,3,7,death_plus_v7_gap_mid,0.5371573578061473,0.5426493046150901
1473479,2025,12,6,0,18.294117647058812,10.571428571428571,10.153846153846153,-22.775000000000006,3,7,death_plus_v7_gap_mid,0.5283990546590841,0.5347901969249824
1473479,2025,13,1,0,18.294117647058812,10.829268292682928,10.025316455696203,-23.97083333333333,3,7,death_plus_v7_gap_mid,0.5041665410582141,0.5070461809921724
1473479,2025,13,2,0,18.294117647058812,11.100000000000001,9.899999999999999,-25.166666666666686,3,7,death_plus_v7_gap_mid,0.49597089314484444,0.49944679808895903
1473479,2025,13,3,0,18.294117647058812,11.076923076923077,9.925925925925926,-24.362499999999983,3,7,death_plus_v7_gap_mid,0.497853640064201,0.501192702158499
1473479,2025,13,4,0,18.294117647058812,11.368421052631579,9.804878048780488,-32.05000000000001,4,6,death_plus_v7_gap_mid,0.3623176025769319,0.37484700161726714
1473479,2025,13,5,0,18.294117647058812,11.513513513513512,9.759036144578314,-32.07499999999999,4,6,death_plus_v7_gap_mid,0.37095398622992304,0.38296308392906714
1473479,2025,13,6,0,18.294117647058812,11.666666666666666,9.714285714285715,-32.10000000000002,4,6,death_plus_v7_gap_mid,0.37441592799250706,0.3862129559293869
1473479,2025,13,7,0,18.294117647058812,11.314285714285713,9.882352941176471,-29.125,4,6,death_plus_v7_gap_mid,0.42193346142287735,0.4306462828260002
1473479,2025,14,1,0,18.294117647058812,11.314285714285713,9.882352941176471,-29.125,4,6,death_plus_v7_gap_mid,0.42600750141542176,0.43175432033327615
1473479,2025,14,2,0,18.294117647058812,11.470588235294118,9.837209302325581,-29.150000000000006,4,6,death_plus_v7_gap_mid,0.42586356222931954,0.43161863852606147
1473479,2025,14,3,0,18.294117647058812,11.636363636363637,9.793103448275861,-29.174999999999983,4,6,death_plus_v7_gap_mid,0.4206083507665531,0.4266637986649967
1473479,2025,14,4,0,18.294117647058812,12.0,9.681818181818182,-30.19999999999999,4,6,death_plus_v7_gap_mid,0.3988389477020119,0.40611323663607607
1473479,2025,14,5,0,18.294117647058812,12.387096774193548,9.573033707865168,-31.224999999999994,4,6,death_plus_v7_gap_mid,0.38758552801990076,0.3954715330086591
1473479,2025,14,6,0,18.294117647058812,11.6,9.866666666666667,-26.25,4,6,death_plus_v7_gap_mid,0.48536806302509766,0.48760701525405814
1473479,2025,15,1,0,18.294117647058812,12.0,9.758241758241759,-27.275000000000006,4,6,death_plus_v7_gap_mid,0.45429555878115463,0.4588909018544207
1473479,2025,15,2,0,18.294117647058812,12.214285714285714,9.717391304347826,-27.30000000000001,4,6,death_plus_v7_gap_mid,0.44757296735269814,0.4524801297622034
1473479,2025,15,3,0,18.294117647058812,11.333333333333332,10.0,-22.32499999999999,4,6,death_plus_v7_gap_mid,0.5545993942460221,0.5543917810798262
1473479,2025,15,4,0,18.294117647058812,11.538461538461538,9.957446808510639,-22.349999999999994,4,6,death_plus_v7_gap_mid,0.5505271604570043,0.5505152024227173
1473479,2025,15,5,0,18.294117647058812,11.52,9.978947368421053,-21.375,4,6,death_plus_v7_gap_mid,0.5513484634410735,0.5512970182982279
1473479,2025,15,6,0,18.294117647058812,11.5,10.0,-20.400000000000006,4,6,death_plus_v7_gap_mid,0.5617239467107945,0.5611749241178174
1473480,2025,7,1,1,-10.032258064516128,8.727272727272727,6.0,-31.94666666666666,2,8,death_plus_v7_gap_mid,0.6388170854535447,0.6143765898754062
1473480,2025,7,2,1,-10.032258064516128,8.526315789473685,6.409090909090908,-28.97333333333333,2,8,death_plus_v7_gap_mid,0.6858745037708107,0.6553821127917807
1473480,2025,7,3,1,-10.032258064516128,8.56,6.4,-29.0,2,8,death_plus_v7_gap_mid,0.7006950842855664,0.6684895190345225
1473480,2025,7,4,1,-10.032258064516128,8.35135135135135,6.782608695652174,-26.026666666666657,2,8,death_plus_v7_gap_mid,0.7376144520897565,0.7016447617796426
1473480,2025,7,5,1,-10.032258064516128,8.465753424657535,6.638297872340425,-27.05333333333334,2,8,death_plus_v7_gap_mid,0.7288902874869938,0.693738793286332
1473480,2025,7,6,1,-10.032258064516128,8.416666666666666,6.75,-26.08,2,8,death_plus_v7_gap_mid,0.7332887992874666,0.6977188722883464
1473480,2025,8,1,1,-10.032258064516128,8.535211267605634,6.612244897959183,-36.21833333333335,3,7,death_plus_v7_gap_mid,0.5910260719684541,0.5753164643597992
1473480,2025,8,2,1,-10.032258064516128,8.657142857142857,6.48,-37.116666666666674,3,7,death_plus_v7_gap_mid,0.601326354252256,0.5842883344784764
1473480,2025,8,3,1,-10.032258064516128,8.782608695652174,6.352941176470589,-38.015,3,7,death_plus_v7_gap_mid,0.5966232932644232,0.5801891979868056
1473480,2025,8,4,1,-10.032258064516128,8.911764705882353,6.230769230769232,-38.91333333333334,3,7,death_plus_v7_gap_mid,0.5953592475416408,0.5790882319234055
1473480,2025,8,5,1,-10.032258064516128,9.044776119402984,6.113207547169811,-39.81166666666667,3,7,death_plus_v7_gap_mid,0.587704996563018,0.5724280746804491
1473480,2025,8,6,1,-10.032258064516128,9.09090909090909,6.111111111111112,-39.709999999999994,3,7,death_plus_v7_gap_mid,0.5883427854534128,0.5729826113705608
1473480,2025,9,1,1,-10.032258064516128,9.138461538461538,6.1090909090909085,-39.608333333333334,3,7,death_plus_v7_gap_mid,0.6015145076852381,0.5867134431592363
1473480,2025,9,2,1,-10.032258064516128,8.90625,6.428571428571429,-36.506666666666675,3,7,death_plus_v7_gap_mid,0.6483282648207361,0.6263503789089354
1473480,2025,9,3,1,-10.032258064516128,8.952380952380953,6.421052631578947,-36.405000000000015,3,7,death_plus_v7_gap_mid,0.6495748218614332,0.627414351773045
1473480,2025,9,4,1,-10.032258064516128,8.516129032258064,6.931034482758621,-31.303333333333327,3,7,death_plus_v7_gap_mid,0.7287514964842514,0.6962837631519756
1473480,2025,9,5,1,-10.032258064516128,8.557377049180328,6.915254237288136,-31.201666666666682,3,7,death_plus_v7_gap_mid,0.721811879594084,0.690125989828144
1473480,2025,9,6,1,-10.032258064516128,8.6,6.8999999999999995,-31.10000000000001,3,7,death_plus_v7_gap_mid,0.7286178245240587,0.6961648871156698
1473480,2025,10,1,1,-10.032258064516128,8.64406779661017,6.885245901639344,-30.998333333333335,3,7,death_plus_v7_gap_mid,0.7408783659250255,0.7209006434291598
1473480,2025,10,2,1,-10.032258064516128,8.689655172413794,6.870967741935484,-30.89666666666666,3,7,death_plus_v7_gap_mid,0.7172729139501073,0.6994145622663275
1473480,2025,10,3,1,-10.032258064516128,8.631578947368421,6.9523809523809526,-29.795,3,7,death_plus_v7_gap_mid,0.7396453049607352,0.7197723453138195
1473480,2025,10,4,1,-10.032258064516128,8.785714285714285,6.84375,-30.693333333333328,3,7,death_plus_v7_gap_mid,0.7192907330931042,0.701242280488954
1473480,2025,10,5,1,-10.032258064516128,8.836363636363636,6.8307692307692305,-30.59166666666667,3,7,death_plus_v7_gap_mid,0.7151849590487898,0.6975249657315145
1473480,2025,10,6,1,-10.032258064516128,8.333333333333332,7.272727272727273,-25.49000000000001,3,7,death_plus_v7_gap_mid,0.7754449266174186,0.7528372853184248
1473480,2025,11,1,1,-10.032258064516128,8.377358490566037,7.253731343283581,-25.38833333333335,3,7,death_plus_v7_gap_mid,0.7840428713950298,0.7702307843130827
1473480,2025,11,2,1,-10.032258064516128,8.423076923076923,7.235294117647058,-25.28666666666666,3,7,death_plus_v7_gap_mid,0.7738757466533495,0.7608383690040954
1473480,2025,11,3,1,-10.032258064516128,8.470588235294118,7.217391304347826,-25.185000000000002,3,7,death_plus_v7_gap_mid,0.7833227905232997,0.7695639595933988
1473480,2025,11,4,1,-10.032258064516128,8.52,7.199999999999999,-25.08333333333333,3,7,death_plus_v7_gap_mid,0.7721361318545945,0.7592360751233637
1473480,2025,11,5,1,-10.032258064516128,7.959183673469387,7.605633802816902,-19.981666666666655,3,7,death_plus_v7_gap_mid,0.8492732503393619,0.8318929885904996
1473480,2025,11,6,1,-10.032258064516128,8.125,7.5,-27.040000000000006,4,6,death_plus_v7_gap_mid,0.7641928631773094,0.7519366240652067
1473480,2025,12,1,1,-10.032258064516128,8.170212765957446,7.479452054794521,-26.810000000000002,4,6,death_plus_v7_gap_mid,0.7728675620124652,0.7572923740824191
1473480,2025,12,2,1,-10.032258064516128,8.347826086956522,7.378378378378379,-27.58,4,6,death_plus_v7_gap_mid,0.7628779272466546,0.747912423004748
1473480,2025,12,3,1,-10.032258064516128,8.533333333333333,7.28,-28.35000000000001,4,6,death_plus_v7_gap_mid,0.7549321474319588,0.740481295430101
1473480,2025,12,4,1,-10.032258064516128,8.454545454545455,7.342105263157894,-27.120000000000005,4,6,death_plus_v7_gap_mid,0.7545692352436013,0.7401424903106342
1473480,2025,12,5,1,-10.032258064516128,8.511627906976745,7.324675324675324,-26.89,4,6,death_plus_v7_gap_mid,0.7541161533472979,0.7397195772937164
1473480,2025,12,6,1,-10.032258064516128,8.714285714285714,7.23076923076923,-27.66000000000001,4,6,death_plus_v7_gap_mid,0.7472166201736492,0.7332891692412025
1473480,2025,12,7,1,-10.032258064516128,8.926829268292682,7.139240506329113,-28.430000000000007,4,6,death_plus_v7_gap_mid,0.7412883313298131,0.727778062844156
1473480,2025,12,8,1,-10.032258064516128,9.149999999999999,7.050000000000001,-29.200000000000003,4,6,death_plus_v7_gap_mid,0.7339889161463024,0.7210093490970239
1473480,2025,13,1,1,-10.032258064516128,8.195121951219512,7.518987341772152,-23.430000000000007,4,6,death_plus_v7_gap_mid,0.8056545573857905,0.7910628600863702
1473480,2025,13,2,1,-10.032258064516128,8.399999999999999,7.425000000000001,-24.200000000000003,4,6,death_plus_v7_gap_mid,0.7998237153165024,0.7853628490933318
1473480,2025,13,3,1,-10.032258064516128,8.307692307692307,7.481481481481481,-22.969999999999985,4,6,death_plus_v7_gap_mid,0.8088669976317003,0.794209675876873
1473480,2025,13,4,1,-10.032258064516128,7.894736842105264,7.682926829268293,-19.74000000000001,4,6,death_plus_v7_gap_mid,0.8653898702040601,0.8504603924134658
1473480,2025,13,5,1,-10.032258064516128,7.945945945945946,7.662650602409638,-19.50999999999999,4,6,death_plus_v7_gap_mid,0.8647904888098771,0.8498537317367061
1473480,2025,13,6,1,-10.032258064516128,8.166666666666668,7.571428571428571,-24.900000000000006,5,5,death_plus_v7_gap_mid,0.7594140240603551,0.7462317612586602
1473480,2025,13,7,1,-10.032258064516128,8.399999999999999,7.482352941176471,-25.541666666666657,5,5,death_plus_v7_gap_mid,0.7462958228895583,0.7336510368994418
1473480,2025,14,1,1,-10.032258064516128,8.399999999999999,7.482352941176471,-25.541666666666657,5,5,death_plus_v7_gap_mid,0.750350504329099,0.7387165488492654
1473480,2025,14,2,1,-10.032258064516128,7.9411764705882355,7.674418604651163,-22.183333333333337,5,5,death_plus_v7_gap_mid,0.7922513370143485,0.7795368515875932
1473480,2025,14,3,1,-10.032258064516128,8.181818181818182,7.586206896551724,-22.825000000000017,5,5,death_plus_v7_gap_mid,0.7771582676535342,0.7647697263360689
1473480,2025,14,4,1,-10.032258064516128,8.0625,7.636363636363637,-21.46666666666667,5,5,death_plus_v7_gap_mid,0.7882525886802378,0.7756169410826479
1473480,2025,14,5,1,-10.032258064516128,8.129032258064516,7.617977528089888,-21.10833333333335,5,5,death_plus_v7_gap_mid,0.7893122098288629,0.776655129389241
1473480,2025,14,6,1,-10.032258064516128,8.2,7.6,-20.75,5,5,death_plus_v7_gap_mid,0.7849530714075248,0.7723866253302965
1473480,2025,14,7,1,-10.032258064516128,8.482758620689655,7.516483516483516,-21.39166666666665,5,5,death_plus_v7_gap_mid,0.7599166833424227,0.7479894165473158
1473480,2025,15,1,1,-10.032258064516128,8.275862068965518,7.582417582417582,-20.39166666666665,5,5,death_plus_v7_gap_mid,0.7764030103782089,0.7675745381722106
1473480,2025,15,2,1,-10.032258064516128,8.142857142857142,7.630434782608696,-19.03333333333333,5,5,death_plus_v7_gap_mid,0.8044388575777516,0.7951027367800184
1473480,2025,15,3,1,-10.032258064516128,8.444444444444445,7.548387096774194,-19.674999999999983,5,5,death_plus_v7_gap_mid,0.797418800005017,0.7881896689011153
1473480,2025,15,4,1,-10.032258064516128,7.846153846153847,7.723404255319148,-16.316666666666663,5,5,death_plus_v7_gap_mid,0.8700686746630634,0.8605448102552475
1473480,2025,15,5,1,-10.032258064516128,7.68,7.768421052631579,-14.958333333333343,5,5,death_plus_v7_gap_mid,0.8799921578182416,0.8705968161113822
1473480,2025,15,6,1,-10.032258064516128,7.75,7.75,-14.599999999999994,5,5,death_plus_v7_gap_mid,0.872214954873989,0.8627147385297129
1473480,2025,15,7,1,-10.032258064516128,7.826086956521739,7.731958762886599,-14.241666666666674,5,5,death_plus_v7_gap_mid,0.8705883843159423,0.8610700416383835
1473480,2025,15,8,1,-10.032258064516128,7.636363636363637,7.775510204081632,-12.883333333333326,5,5,death_plus_v7_gap_mid,0.8775173036367865,0.8680852561250142
1473482,2025,7,1,0,38.571428571428584,11.532467532467532,9.488372093023255,-50.42916666666666,3,7,death_plus_v7_gap_mid,0.14426678964342807,0.18100974214769439
1473482,2025,7,2,0,38.571428571428584,11.605263157894736,9.409090909090908,-50.68333333333332,3,7,death_plus_v7_gap_mid,0.14506442630386826,0.18181418681903327
1473482,2025,7,3,0,38.571428571428584,11.6,9.466666666666667,-49.9375,3,7,death_plus_v7_gap_mid,0.1479250197460893,0.1846917950494348
1473482,2025,7,4,0,38.571428571428584,11.675675675675677,9.391304347826088,-50.19166666666668,3,7,death_plus_v7_gap_mid,0.14757159891644958,0.18433689267440734
1473482,2025,7,5,0,38.571428571428584,11.753424657534246,9.319148936170212,-50.44583333333334,3,7,death_plus_v7_gap_mid,0.14992546035818421,0.18669737019303673
1473482,2025,7,6,0,38.571428571428584,11.916666666666668,9.125,-51.70000000000002,3,7,death_plus_v7_gap_mid,0.14802925758779883,0.18479643673545923
1473482,2025,8,1,0,38.571428571428584,11.746478873239436,9.428571428571429,-48.95416666666668,3,7,death_plus_v7_gap_mid,0.1681415274471466,0.19948517500340154
1473482,2025,8,2,0,38.571428571428584,11.571428571428571,9.72,-46.20833333333333,3,7,death_plus_v7_gap_mid,0.1577135145619527,0.18918014803355654
1473482,2025,8,3,0,38.571428571428584,11.73913043478261,9.529411764705882,-47.462500000000006,3,7,death_plus_v7_gap_mid,0.158469017799653,0.18993070703312723
1473482,2025,8,4,0,38.571428571428584,11.823529411764707,9.461538461538462,-47.71666666666667,3,7,death_plus_v7_gap_mid,0.1559972625516989,0.18747274867969918
1473482,2025,8,5,0,38.571428571428584,11.91044776119403,9.39622641509434,-47.97083333333333,3,7,death_plus_v7_gap_mid,0.15267364189372157,0.1841567264989702
1473482,2025,8,6,0,38.571428571428584,12.09090909090909,9.222222222222221,-49.224999999999994,3,7,death_plus_v7_gap_mid,0.15909361069122602,0.190550733074334
1473482,2025,9,1,0,38.571428571428584,11.723076923076922,9.709090909090909,-44.47916666666666,3,7,death_plus_v7_gap_mid,0.18017677067027532,0.22244214674057008
1473482,2025,9,2,0,38.571428571428584,11.34375,10.178571428571429,-39.73333333333335,3,7,death_plus_v7_gap_mid,0.21991963535722414,0.2602863941353997
1473482,2025,9,3,0,38.571428571428584,11.428571428571427,10.105263157894736,-39.98750000000001,3,7,death_plus_v7_gap_mid,0.22682971332619192,0.2667127851556681
1473482,2025,9,4,0,38.571428571428584,11.516129032258064,10.034482758620689,-40.241666666666674,3,7,death_plus_v7_gap_mid,0.2350757618705683,0.27432943280550826
1473482,2025,9,5,0,38.571428571428584,11.311475409836067,10.271186440677967,-37.495833333333366,3,7,death_plus_v7_gap_mid,0.27355121842301056,0.3092022211314187
1473482,2025,9,6,0,38.571428571428584,11.3,10.299999999999999,-36.75,3,7,death_plus_v7_gap_mid,0.2834586498222331,0.31802565879989475
1473482,2025,10,1,0,38.571428571428584,11.491525423728813,10.131147540983607,-38.00416666666666,3,7,death_plus_v7_gap_mid,0.2806274112077957,0.3120211918776048
1473482,2025,10,2,0,38.571428571428584,11.586206896551724,10.064516129032258,-38.258333333333326,3,7,death_plus_v7_gap_mid,0.2787128608149939,0.31024226041030484
1473482,2025,10,3,0,38.571428571428584,11.789473684210526,9.904761904761905,-39.51249999999999,3,7,death_plus_v7_gap_mid,0.26189756558603977,0.2945346369889206
1473482,2025,10,4,0,38.571428571428584,12.0,9.75,-40.76666666666668,3,7,death_plus_v7_gap_mid,0.25565728243192637,0.2886652937051773
1473482,2025,10,5,0,38.571428571428584,11.781818181818181,9.96923076923077,-38.02083333333334,3,7,death_plus_v7_gap_mid,0.27957458436872407,0.3110431747776708
1473482,2025,10,6,0,38.571428571428584,11.88888888888889,9.90909090909091,-38.275000000000006,3,7,death_plus_v7_gap_mid,0.2773455204190669,0.3089706250876839
1473482,2025,11,1,0,38.571428571428584,12.0,9.850746268656717,-38.5291666666667,3,7,death_plus_v7_gap_mid,0.29106994666769437,0.32699290107873163
1473482,2025,11,2,0,38.571428571428584,12.23076923076923,9.705882352941178,-49.099999999999994,4,6,death_plus_v7_gap_mid,0.15537510177520353,0.19258980263715283
1473482,2025,11,3,0,38.571428571428584,12.47058823529412,9.565217391304348,-50.17500000000001,4,6,death_plus_v7_gap_mid,0.16460907073144973,0.20223728807434496
1473482,2025,11,4,0,38.571428571428584,12.72,9.428571428571429,-51.25,4,6,death_plus_v7_gap_mid,0.16491853420696168,0.20255897856689223
1473482,2025,11,5,0,38.571428571428584,12.857142857142858,9.380281690140844,-51.32499999999999,4,6,death_plus_v7_gap_mid,0.16045939011248903,0.19791355413163506
1473482,2025,11,6,0,38.571428571428584,13.0,9.333333333333334,-51.400000000000006,4,6,death_plus_v7_gap_mid,0.16147470451837548,0.19897320547494968
1473482,2025,12,1,0,38.571428571428584,13.148936170212766,9.287671232876711,-51.474999999999994,4,6,death_plus_v7_gap_mid,0.15278573086645494,0.18205190102160929
1473482,2025,12,2,0,38.571428571428584,12.913043478260867,9.486486486486488,-48.55000000000001,4,6,death_plus_v7_gap_mid,0.1885105887827419,0.21841699961407487
1473482,2025,12,3,0,38.571428571428584,13.200000000000001,9.36,-49.625,4,6,death_plus_v7_gap_mid,0.17340950609814867,0.20317911775664968
1473482,2025,12,4,0,38.571428571428584,13.227272727272727,9.394736842105264,-48.70000000000002,4,6,death_plus_v7_gap_mid,0.18126749364280814,0.21113118439382125
1473482,2025,12,5,0,38.571428571428584,13.534883720930232,9.272727272727273,-49.775000000000006,4,6,death_plus_v7_gap_mid,0.15572496217887305,0.18508697894614484
1473482,2025,12,6,0,38.571428571428584,13.285714285714286,9.461538461538462,-46.849999999999994,4,6,death_plus_v7_gap_mid,0.18986506818091842,0.21977495138747905
1473482,2025,13,1,0,38.571428571428584,13.463414634146343,9.417721518987342,-46.92500000000001,4,6,death_plus_v7_gap_mid,0.19347787809031625,0.21231509171495846
1473482,2025,13,2,0,38.571428571428584,13.5,9.45,-46.0,4,6,death_plus_v7_gap_mid,0.21514392906944393,0.23373315250788382
1473482,2025,13,3,0,38.571428571428584,13.538461538461538,9.481481481481481,-45.07499999999999,4,6,death_plus_v7_gap_mid,0.21632767425344904,0.23489710740968198
1473482,2025,13,4,0,38.571428571428584,13.263157894736842,9.658536585365855,-42.150000000000006,4,6,death_plus_v7_gap_mid,0.24313596199755055,0.26110073074916584
1473482,2025,13,5,0,38.571428571428584,13.45945945945946,9.6144578313253,-42.224999999999994,4,6,death_plus_v7_gap_mid,0.2367279376426743,0.2548633345577035
1473482,2025,13,6,0,38.571428571428584,13.666666666666666,9.571428571428573,-42.30000000000001,4,6,death_plus_v7_gap_mid,0.22006469811865703,0.2385676396396511
1473482,2025,13,7,0,38.571428571428584,14.057142857142857,9.458823529411765,-43.375,4,6,death_plus_v7_gap_mid,0.20455272028258614,0.22329090095872692
1473482,2025,14,1,0,38.571428571428584,13.885714285714286,9.529411764705882,-42.375,4,6,death_plus_v7_gap_mid,0.21294023850791194,0.2274503159489317
1473482,2025,14,2,0,38.571428571428584,14.294117647058822,9.41860465116279,-49.541666666666686,5,5,death_plus_v7_gap_mid,0.08934187677347148,0.10194624837816929
1473482,2025,14,3,0,38.571428571428584,14.545454545454547,9.379310344827587,-49.4375,5,5,death_plus_v7_gap_mid,0.0936497744694567,0.1064918138175494
1473482,2025,14,4,0,38.571428571428584,14.8125,9.340909090909092,-49.33333333333334,5,5,death_plus_v7_gap_mid,0.08850506756901992,0.10106124556857142
1473482,2025,14,5,0,38.571428571428584,15.096774193548388,9.303370786516854,-49.22916666666666,5,5,death_plus_v7_gap_mid,0.08100427654411894,0.09309758375077617
1473482,2025,14,6,0,38.571428571428584,15.2,9.333333333333334,-48.125,5,5,death_plus_v7_gap_mid,0.10119043664305874,0.11440830038188389
1473482,2025,15,1,0,38.571428571428584,15.517241379310345,9.296703296703297,-48.02083333333334,5,5,death_plus_v7_gap_mid,0.09394214146842625,0.10454402556851546
1473482,2025,15,2,0,38.571428571428584,16.07142857142857,9.195652173913043,-53.93333333333334,6,4,death_plus_v7_gap_mid,0.032343588910468235,0.03822388623644279
1473482,2025,15,3,0,38.571428571428584,16.666666666666664,9.096774193548388,-54.650000000000006,6,4,death_plus_v7_gap_mid,0.023872105385099363,0.028672697873268066
1473482,2025,15,4,0,38.571428571428584,17.076923076923077,9.063829787234043,-54.366666666666674,6,4,death_plus_v7_gap_mid,0.017011195442598027,0.020797020500175584
1473482,2025,15,5,0,38.571428571428584,17.759999999999998,8.968421052631578,-59.5625,7,3,death_plus_v7_gap_mid,0.00770884252052197,0.009811555129654743
1473482,2025,15,6,0,38.571428571428584,18.5,8.875,-64.4,8,2,death_plus_v7_gap_mid,0.0043122789199954185,0.005649331975845017
1473483,2025,7,1,1,-37.41176470588235,8.96103896103896,6.697674418604651,-41.234999999999985,3,7,death_plus_v7_gap_mid,0.35367917684040906,0.3728284115948918
1473483,2025,7,2,1,-37.41176470588235,9.078947368421051,6.545454545454545,-42.17999999999999,3,7,death_plus_v7_gap_mid,0.33543012623344015,0.35708939975521053
1473483,2025,7,3,1,-37.41176470588235,9.200000000000001,6.4,-43.125,3,7,death_plus_v7_gap_mid,0.3235918168977194,0.34681887945226775
1473483,2025,7,4,1,-37.41176470588235,9.324324324324323,6.260869565217391,-44.07000000000001,3,7,death_plus_v7_gap_mid,0.3151074143520253,0.33942569686567897
1473483,2025,7,5,1,-37.41176470588235,9.45205479452055,6.127659574468085,-45.015000000000015,3,7,death_plus_v7_gap_mid,0.30675754594316407,0.33212134291487166
1473483,2025,7,6,1,-37.41176470588235,9.416666666666666,6.25,-43.96000000000001,3,7,death_plus_v7_gap_mid,0.31279614580241727,0.3374067263859712
1473483,2025,8,1,1,-37.41176470588235,9.464788732394366,6.244897959183674,-43.905000000000015,3,7,death_plus_v7_gap_mid,0.3146254931526974,0.3354829414766918
1473483,2025,8,2,1,-37.41176470588235,9.514285714285714,6.24,-43.849999999999994,3,7,death_plus_v7_gap_mid,0.3146050236886887,0.3354647266678194
1473483,2025,8,3,1,-37.41176470588235,9.565217391304348,6.23529411764706,-43.795,3,7,death_plus_v7_gap_mid,0.30600404053700114,0.3277974326883366
1473483,2025,8,4,1,-37.41176470588235,9.617647058823529,6.230769230769232,-43.74000000000001,3,7,death_plus_v7_gap_mid,0.30721334781033127,0.3288771423949914
1473483,2025,8,5,1,-37.41176470588235,9.671641791044776,6.226415094339623,-43.68499999999999,3,7,death_plus_v7_gap_mid,0.3113206348227841,0.33254012727476134
1473483,2025,8,6,1,-37.41176470588235,9.727272727272727,6.222222222222221,-43.629999999999995,3,7,death_plus_v7_gap_mid,0.3120220556635884,0.33316504284745574
1473483,2025,9,1,1,-37.41176470588235,9.692307692307693,6.327272727272726,-42.575,3,7,death_plus_v7_gap_mid,0.3270786913456174,0.35625471753494653
1473483,2025,9,2,1,-37.41176470588235,9.75,6.321428571428571,-42.52000000000001,3,7,death_plus_v7_gap_mid,0.32159724157013597,0.35150022073241055
1473483,2025,9,3,1,-37.41176470588235,9.904761904761905,6.210526315789474,-43.465,3,7,death_plus_v7_gap_mid,0.3051621149194932,0.33716380766830406
1473483,2025,9,4,1,-37.41176470588235,10.064516129032258,6.1034482758620685,-44.41,3,7,death_plus_v7_gap_mid,0.29606264679615213,0.3291701517818007
1473483,2025,9,5,1,-37.41176470588235,9.836065573770492,6.40677966101695,-41.35500000000002,3,7,death_plus_v7_gap_mid,0.3295086422115308,0.3583583347230201
1473483,2025,9,6,1,-37.41176470588235,9.899999999999999,6.4,-41.3,3,7,death_plus_v7_gap_mid,0.3297279886827864,0.3585481030726244
1473483,2025,10,1,1,-37.41176470588235,9.966101694915254,6.39344262295082,-41.245000000000005,3,7,death_plus_v7_gap_mid,0.32917645205687934,0.3565647124955589
1473483,2025,10,2,1,-37.41176470588235,9.517241379310345,6.870967741935484,-36.19,3,7,death_plus_v7_gap_mid,0.39332467454980613,0.41410274879466197
1473483,2025,10,3,1,-37.41176470588235,9.68421052631579,6.761904761904762,-37.13499999999999,3,7,death_plus_v7_gap_mid,0.3857339860137279,0.4073553161065746
1473483,2025,10,4,1,-37.41176470588235,9.75,6.75,-37.08,3,7,death_plus_v7_gap_mid,0.3870376003034424,0.4085151134646619
1473483,2025,10,5,1,-37.41176470588235,9.927272727272728,6.6461538461538465,-38.025000000000006,3,7,death_plus_v7_gap_mid,0.38590360242668836,0.40750624415024367
1473483,2025,10,6,1,-37.41176470588235,10.0,6.636363636363636,-37.97000000000001,3,7,death_plus_v7_gap_mid,0.3831367969663761,0.4050433799344129
1473483,2025,11,1,1,-37.41176470588235,9.962264150943398,6.716417910447761,-36.915000000000006,3,7,death_plus_v7_gap_mid,0.3927619198536194,0.4208991092771075
1473483,2025,11,2,1,-37.41176470588235,10.038461538461538,6.705882352941177,-36.86,3,7,death_plus_v7_gap_mid,0.3926571833016422,0.4208042550985069
1473483,2025,11,3,1,-37.41176470588235,10.117647058823529,6.695652173913044,-36.80500000000001,3,7,death_plus_v7_gap_mid,0.38204897019349243,0.4111805668969525
1473483,2025,11,4,1,-37.41176470588235,10.2,6.685714285714286,-36.749999999999986,3,7,death_plus_v7_gap_mid,0.37658977126911136,0.40621491538692467
1473483,2025,11,5,1,-37.41176470588235,10.408163265306122,6.591549295774648,-37.69499999999999,3,7,death_plus_v7_gap_mid,0.36236737525636464,0.39323376527475545
1473483,2025,11,6,1,-37.41176470588235,10.625,6.5,-38.64,3,7,death_plus_v7_gap_mid,0.35438690893877156,0.38591996263382633
1473483,2025,12,1,1,-37.41176470588235,10.72340425531915,6.493150684931507,-38.584999999999994,3,7,death_plus_v7_gap_mid,0.35268565425833537,0.37550548026471914
1473483,2025,12,2,1,-37.41176470588235,10.956521739130434,6.405405405405405,-39.53,3,7,death_plus_v7_gap_mid,0.33242322581281614,0.3567361378511443
1473483,2025,12,3,1,-37.41176470588235,10.4,6.8,-34.47500000000001,3,7,death_plus_v7_gap_mid,0.3953136787035315,0.4146258264451884
1473483,2025,12,4,1,-37.41176470588235,9.818181818181818,7.184210526315789,-29.420000000000016,3,7,death_plus_v7_gap_mid,0.5020856087443977,0.5111650055046558
1473483,2025,12,5,1,-37.41176470588235,10.046511627906977,7.090909090909092,-30.36500000000001,3,7,death_plus_v7_gap_mid,0.44922527767453,0.4635595842781749
1473483,2025,12,6,1,-37.41176470588235,10.0,7.153846153846153,-29.310000000000002,3,7,death_plus_v7_gap_mid,0.49726676663127356,0.506834927611325
1473483,2025,13,1,1,-37.41176470588235,9.951219512195122,7.215189873417721,-28.25500000000001,3,7,death_plus_v7_gap_mid,0.5104959005132983,0.5129142181992611
1473483,2025,13,2,1,-37.41176470588235,10.05,7.199999999999999,-28.200000000000003,3,7,death_plus_v7_gap_mid,0.5022646009226763,0.5052827403946913
1473483,2025,13,3,1,-37.41176470588235,9.384615384615385,7.555555555555555,-23.144999999999996,3,7,death_plus_v7_gap_mid,0.6109740271658068,0.6061876252189707
1473483,2025,13,4,1,-37.41176470588235,9.473684210526315,7.536585365853659,-23.090000000000003,3,7,death_plus_v7_gap_mid,0.609754231187942,0.6050516561476369
1473483,2025,13,5,1,-37.41176470588235,9.567567567567567,7.518072289156627,-23.034999999999997,3,7,death_plus_v7_gap_mid,0.5999780151232399,0.5959522959525178
1473483,2025,13,6,1,-37.41176470588235,9.666666666666668,7.5,-22.980000000000004,3,7,death_plus_v7_gap_mid,0.5916095217166408,0.588169713144898
1473483,2025,14,1,1,-37.41176470588235,9.771428571428572,7.482352941176471,-22.92500000000001,3,7,death_plus_v7_gap_mid,0.6111867869650041,0.6059579298450504
1473483,2025,14,2,1,-37.41176470588235,9.882352941176471,7.465116279069767,-22.870000000000005,3,7,death_plus_v7_gap_mid,0.6031592999003343,0.5983830722770688
1473483,2025,14,3,1,-37.41176470588235,10.0,7.448275862068966,-22.814999999999998,3,7,death_plus_v7_gap_mid,0.5957042549642622,0.5913532715761902
1473483,2025,14,4,1,-37.41176470588235,10.125,7.431818181818182,-22.75999999999999,3,7,death_plus_v7_gap_mid,0.5893951323479405,0.585407402625639
1473483,2025,14,5,1,-37.41176470588235,10.451612903225806,7.348314606741574,-23.704999999999984,3,7,death_plus_v7_gap_mid,0.5511089446170616,0.5493779123351119
1473483,2025,14,6,1,-37.41176470588235,10.6,7.333333333333334,-23.650000000000006,3,7,death_plus_v7_gap_mid,0.5498450503111931,0.5481896937655675
1473483,2025,14,7,1,-37.41176470588235,10.137931034482758,7.516483516483516,-20.595,3,7,death_plus_v7_gap_mid,0.6311909577571746,0.6248612255914108
1473483,2025,15,1,1,-37.41176470588235,9.931034482758621,7.582417582417582,-19.595,3,7,death_plus_v7_gap_mid,0.6638287801711267,0.6586731464334308
1473483,2025,15,2,1,-37.41176470588235,10.071428571428571,7.565217391304348,-19.539999999999992,3,7,death_plus_v7_gap_mid,0.6594187395934711,0.6544449671083281
1473483,2025,15,3,1,-37.41176470588235,9.555555555555555,7.741935483870968,-16.485000000000014,3,7,death_plus_v7_gap_mid,0.6917035961746727,0.685451240124478
1473483,2025,15,4,1,-37.41176470588235,9.461538461538462,7.787234042553191,-15.430000000000007,3,7,death_plus_v7_gap_mid,0.7090357728889096,0.702153807485145
1473483,2025,15,5,1,-37.41176470588235,9.600000000000001,7.768421052631579,-15.375,3,7,death_plus_v7_gap_mid,0.7039358655263578,0.6972345664540178
1473483,2025,15,6,1,-37.41176470588235,9.5,7.8125,-14.319999999999993,3,7,death_plus_v7_gap_mid,0.709623192601692,0.7027206743175226
1473484,2025,7,1,1,30.0,9.272727272727273,12.697674418604652,16.10833333333335,0,10,death_plus_v7_gap_mid,0.8609204009993139,0.8203134756464888
1473484,2025,7,2,1,30.0,9.078947368421051,12.954545454545455,18.36666666666666,0,10,death_plus_v7_gap_mid,0.8657265768822198,0.8253040318121294
1473484,2025,7,3,1,30.0,8.879999999999999,13.200000000000001,20.625,0,10,death_plus_v7_gap_mid,0.8757316870179812,0.8358177574049265
1473484,2025,7,4,1,30.0,8.837837837837839,13.173913043478262,20.88333333333334,0,10,death_plus_v7_gap_mid,0.8797476131975368,0.8400881607638107
1473484,2025,7,5,1,30.0,8.876712328767123,13.02127659574468,20.14166666666665,0,10,death_plus_v7_gap_mid,0.880860088201791,0.8412764852476552
1473484,2025,7,6,1,30.0,8.5,13.5,24.39999999999999,0,10,death_plus_v7_gap_mid,0.8946866410910265,0.8562527468075629
1473484,2025,8,1,1,30.0,8.535211267605634,13.346938775510203,23.65833333333333,0,10,death_plus_v7_gap_mid,0.891758909134442,0.8583638571730746
1473484,2025,8,2,1,30.0,8.657142857142857,13.080000000000002,21.91666666666667,0,10,death_plus_v7_gap_mid,0.8909463247209362,0.8574835541445119
1473484,2025,8,3,1,30.0,8.434782608695652,13.294117647058824,24.174999999999997,0,10,death_plus_v7_gap_mid,0.8974733260480547,0.8645900202824897
1473484,2025,8,4,1,30.0,8.470588235294118,13.153846153846155,23.433333333333337,0,10,death_plus_v7_gap_mid,0.896932324092856,0.8639978458173672
1473484,2025,8,5,1,30.0,8.597014925373134,12.90566037735849,21.691666666666663,0,10,death_plus_v7_gap_mid,0.8971939420109618,0.8642841371972757
1473484,2025,8,6,1,30.0,8.727272727272727,12.666666666666668,19.950000000000003,0,10,death_plus_v7_gap_mid,0.8948625339296222,0.861737596055911
1473484,2025,9,1,1,30.0,8.307692307692307,13.09090909090909,24.20833333333333,0,10,death_plus_v7_gap_mid,0.9115369843390109,0.8751365552547163
1473484,2025,9,2,1,30.0,8.0625,13.285714285714286,26.46666666666667,0,10,death_plus_v7_gap_mid,0.9256935513144765,0.8913825044253916
1473484,2025,9,3,1,30.0,7.619047619047619,13.68421052631579,30.72500000000001,0,10,death_plus_v7_gap_mid,0.9637199099909901,0.9390263387399247
1473484,2025,9,4,1,30.0,7.35483870967742,13.862068965517242,32.98333333333335,0,10,death_plus_v7_gap_mid,0.9721826528145416,0.950849781232152
1473484,2025,9,5,1,30.0,7.081967213114754,14.033898305084746,35.24166666666666,0,10,death_plus_v7_gap_mid,0.9779412752544487,0.9593091217101885
1473484,2025,9,6,1,30.0,6.6000000000000005,14.399999999999999,39.5,0,10,death_plus_v7_gap_mid,0.9826917564681854,0.9666201399768031
1473484,2025,10,1,1,30.0,6.610169491525424,14.262295081967213,38.75833333333334,0,10,death_plus_v7_gap_mid,0.9828849254952148,0.9725880667785667
1473484,2025,10,2,1,30.0,6.1034482758620685,14.612903225806452,43.01666666666668,0,10,death_plus_v7_gap_mid,0.9838016334373751,0.9738618538548388
1473484,2025,10,3,1,30.0,6.105263157894737,14.476190476190474,42.27499999999999,0,10,death_plus_v7_gap_mid,0.9844237793317216,0.9747321673610213
1473484,2025,10,4,1,30.0,6.214285714285715,14.25,40.53333333333333,0,10,death_plus_v7_gap_mid,0.9845935722699073,0.9749705390690344
1473484,2025,10,5,1,30.0,6.1090909090909085,14.215384615384615,40.79166666666666,0,10,death_plus_v7_gap_mid,0.9845815451146237,0.974953641976474
1473484,2025,10,6,1,30.0,6.111111111111112,14.090909090909092,40.05,0,10,death_plus_v7_gap_mid,0.984491463396343,0.9748271443955852
1473484,2025,11,1,1,30.0,5.773584905660377,14.238805970149254,42.30833333333334,0,10,death_plus_v7_gap_mid,0.9847999385514776,0.9773189263286918
1473484,2025,11,2,1,30.0,5.1923076923076925,14.558823529411764,46.56666666666666,0,10,death_plus_v7_gap_mid,0.9853683827603867,0.9780666375630497
1473484,2025,11,3,1,30.0,5.176470588235294,14.434782608695652,45.825,0,10,death_plus_v7_gap_mid,0.985774049258916,0.9786024592877677
1473484,2025,11,4,1,30.0,5.28,14.228571428571428,44.08333333333334,0,10,death_plus_v7_gap_mid,0.9861475990791724,0.9790975522515523
1473484,2025,11,5,1,30.0,5.387755102040816,14.028169014084508,33.807499999999976,1,9,death_plus_v7_gap_mid,0.9873660373997516,0.9807243161263682
1473484,2025,11,6,1,30.0,5.0,14.166666666666668,36.24000000000001,1,9,death_plus_v7_gap_mid,0.9831150799545898,0.9751227944956758
1473484,2025,12,1,1,30.0,5.1063829787234045,13.972602739726028,34.672500000000014,1,9,death_plus_v7_gap_mid,0.9846842734910286,0.9776762322111052
1473484,2025,12,2,1,30.0,5.086956521739131,13.864864864864867,34.10499999999999,1,9,death_plus_v7_gap_mid,0.9851417667357993,0.9782723628935968
1473484,2025,12,3,1,30.0,5.2,13.68,24.700000000000017,2,8,death_plus_v7_gap_mid,0.9833002644300315,0.9758847339791802
1473484,2025,12,4,1,30.0,5.045454545454546,13.657894736842104,25.306666666666672,2,8,death_plus_v7_gap_mid,0.9831547225748879,0.975697337061239
1473484,2025,12,5,1,30.0,5.023255813953488,13.558441558441558,24.913333333333327,2,8,death_plus_v7_gap_mid,0.9842660676925428,0.9771330438235355
1473484,2025,12,6,1,30.0,5.142857142857142,13.384615384615385,23.52000000000001,2,8,death_plus_v7_gap_mid,0.9854651887173574,0.9786950341169622
1473484,2025,13,1,1,30.0,4.975609756097561,13.367088607594937,24.126666666666694,2,8,death_plus_v7_gap_mid,0.9853730956769446,0.9804825669477122
1473484,2025,13,2,1,30.0,4.800000000000001,13.350000000000001,24.73333333333332,2,8,death_plus_v7_gap_mid,0.9857426889119264,0.9809380713973759
1473484,2025,13,3,1,30.0,4.923076923076923,13.185185185185185,23.340000000000003,2,8,death_plus_v7_gap_mid,0.9865995854328307,0.981997865851428
1473484,2025,13,4,1,30.0,4.894736842105263,13.097560975609756,22.946666666666687,2,8,death_plus_v7_gap_mid,0.9867365262672014,0.9821677290395243
1473484,2025,13,5,1,30.0,4.54054054054054,13.156626506024097,24.55333333333334,2,8,death_plus_v7_gap_mid,0.9870866335869772,0.9826026510101472
1473484,2025,13,6,1,30.0,4.5,13.07142857142857,24.159999999999997,2,8,death_plus_v7_gap_mid,0.9869197884081577,0.9823952705498803
1473484,2025,14,1,1,30.0,3.942857142857143,13.200000000000001,26.76666666666668,2,8,death_plus_v7_gap_mid,0.9868936397030027,0.9831328880881643
1473484,2025,14,2,1,30.0,4.0588235294117645,13.046511627906977,25.373333333333335,2,8,death_plus_v7_gap_mid,0.9873325872852831,0.9836621801768476
1473484,2025,14,3,1,30.0,3.090909090909091,13.310344827586206,29.97999999999999,2,8,death_plus_v7_gap_mid,0.9871430446558445,0.9834334778961638
1473484,2025,14,4,1,30.0,2.8125,13.295454545454545,30.586666666666673,2,8,death_plus_v7_gap_mid,0.9872296560518781,0.9835379551456893
1473484,2025,14,5,1,30.0,2.903225806451613,13.146067415730336,29.193333333333328,2,8,death_plus_v7_gap_mid,0.9876199183938975,0.9840093108922647
1473484,2025,14,6,1,30.0,2.1999999999999997,13.266666666666667,31.799999999999983,2,8,death_plus_v7_gap_mid,0.9877968405727602,0.9842233207078019
1473484,2025,15,1,1,30.0,2.0689655172413794,13.186813186813188,31.406666666666666,2,8,death_plus_v7_gap_mid,0.9880146614590407,0.985364183850245
1473484,2025,15,2,1,30.0,1.9285714285714288,13.108695652173914,31.01333333333332,2,8,death_plus_v7_gap_mid,0.9880443854708361,0.9853986451149738
1473484,2025,15,3,1,30.0,1.1111111111111112,13.225806451612902,33.620000000000005,2,8,death_plus_v7_gap_mid,0.9883618529675625,0.985766992308124
1473484,2025,15,4,1,30.0,0.9230769230769231,13.148936170212766,33.22666666666666,2,8,death_plus_v7_gap_mid,0.9884152166716907,0.985828959938391
1473484,2025,15,5,1,30.0,-0.48,13.389473684210525,37.83333333333334,2,8,death_plus_v7_gap_mid,0.9837251430730506,0.9804334524311571
1473485,2025,7,1,0,6.666666666666657,11.064935064935064,8.790697674418604,-49.36999999999999,3,7,death_plus_v7_gap_mid,0.09391851597938544,0.1280541474988162
1473485,2025,7,2,0,6.666666666666657,11.210526315789474,8.590909090909092,-50.56,3,7,death_plus_v7_gap_mid,0.09114595406972471,0.1249876452079782
1473485,2025,7,3,0,6.666666666666657,10.879999999999999,9.200000000000001,-45.75,3,7,death_plus_v7_gap_mid,0.09978382710919255,0.13448065356272873
1473485,2025,7,4,0,6.666666666666657,10.945945945945946,9.130434782608695,-45.94,3,7,death_plus_v7_gap_mid,0.09639916343637471,0.13078197542201014
1473485,2025,7,5,0,6.666666666666657,11.095890410958905,8.936170212765957,-47.13000000000001,3,7,death_plus_v7_gap_mid,0.09980026140175151,0.1344985486521244
1473485,2025,7,6,0,6.666666666666657,11.166666666666668,8.875,-47.32000000000002,3,7,death_plus_v7_gap_mid,0.09811235621832472,0.13265740698679976
1473485,2025,8,1,0,6.666666666666657,11.23943661971831,8.816326530612246,-47.51000000000002,3,7,death_plus_v7_gap_mid,0.09953227843643836,0.12909045252031004
1473485,2025,8,2,0,6.666666666666657,11.314285714285713,8.76,-47.7,3,7,death_plus_v7_gap_mid,0.09545435361581349,0.12467104916860274
1473485,2025,8,3,0,6.666666666666657,11.130434782608695,9.058823529411764,-44.89,3,7,death_plus_v7_gap_mid,0.12398663426818439,0.15495781469953898
1473485,2025,8,4,0,6.666666666666657,10.941176470588236,9.346153846153847,-42.08000000000001,3,7,death_plus_v7_gap_mid,0.1301423263155204,0.1613174660464763
1473485,2025,8,5,0,6.666666666666657,11.104477611940299,9.169811320754718,-43.269999999999996,3,7,death_plus_v7_gap_mid,0.13015956516165578,0.16133519882787928
1473485,2025,8,6,0,6.666666666666657,10.727272727272727,9.666666666666668,-38.459999999999994,3,7,death_plus_v7_gap_mid,0.1684494202155133,0.19978768989338158
1473485,2025,9,1,0,6.666666666666657,10.8,9.600000000000001,-38.650000000000006,3,7,death_plus_v7_gap_mid,0.16184767387493573,0.2043934189626069
1473485,2025,9,2,0,6.666666666666657,10.875,9.535714285714285,-38.84,3,7,death_plus_v7_gap_mid,0.16580063021150618,0.20832226599439385
1473485,2025,9,3,0,6.666666666666657,10.952380952380953,9.473684210526315,-39.03,3,7,death_plus_v7_gap_mid,0.15694098109405882,0.19948705846947942
1473485,2025,9,4,0,6.666666666666657,11.032258064516128,9.413793103448276,-39.22,3,7,death_plus_v7_gap_mid,0.1674773668126694,0.20998253210405604
1473485,2025,9,5,0,6.666666666666657,11.213114754098362,9.254237288135593,-40.410000000000025,3,7,death_plus_v7_gap_mid,0.1522635515952125,0.19477826296921244
1473485,2025,9,6,0,6.666666666666657,10.8,9.7,-35.599999999999994,3,7,death_plus_v7_gap_mid,0.19338998542014463,0.2352048970768023
1473485,2025,10,1,0,6.666666666666657,10.881355932203391,9.639344262295083,-35.79000000000002,3,7,death_plus_v7_gap_mid,0.2018890904672113,0.23703522069151678
1473485,2025,10,2,0,6.666666666666657,10.655172413793103,9.870967741935484,-32.97999999999999,3,7,death_plus_v7_gap_mid,0.23457110096934797,0.2686565582253153
1473485,2025,10,3,0,6.666666666666657,10.842105263157896,9.714285714285715,-34.16999999999999,3,7,death_plus_v7_gap_mid,0.2141026884458759,0.24894693960366865
1473485,2025,10,4,0,6.666666666666657,10.928571428571429,9.65625,-34.360000000000014,3,7,death_plus_v7_gap_mid,0.21045168697662459,0.24539861744954258
1473485,2025,10,5,0,6.666666666666657,10.690909090909091,9.876923076923077,-31.55000000000001,3,7,death_plus_v7_gap_mid,0.2600487075716099,0.2927980318328868
1473485,2025,10,6,0,6.666666666666657,10.777777777777779,9.818181818181818,-31.74000000000001,3,7,death_plus_v7_gap_mid,0.25634256821071855,0.2893109551604669
1473485,2025,11,1,0,6.666666666666657,10.754716981132075,9.850746268656717,-30.930000000000007,3,7,death_plus_v7_gap_mid,0.2630330370291065,0.30028510379337175
1473485,2025,11,2,0,6.666666666666657,10.5,10.058823529411764,-28.120000000000005,3,7,death_plus_v7_gap_mid,0.3033115928484946,0.3385247927116835
1473485,2025,11,3,0,6.666666666666657,10.588235294117647,10.0,-28.310000000000002,3,7,death_plus_v7_gap_mid,0.30309200423489446,0.3383185789164024
1473485,2025,11,4,0,6.666666666666657,10.8,9.857142857142858,-29.49999999999997,3,7,death_plus_v7_gap_mid,0.30878737293503233,0.3436596943178971
1473485,2025,11,5,0,6.666666666666657,10.89795918367347,9.802816901408452,-29.689999999999998,3,7,death_plus_v7_gap_mid,0.30111708840758966,0.3364629154694786
1473485,2025,11,6,0,6.666666666666657,11.0,9.75,-29.879999999999995,3,7,death_plus_v7_gap_mid,0.26879542854953864,0.30581019716933716
1473485,2025,11,7,0,6.666666666666657,11.23404255319149,9.616438356164384,-31.069999999999993,3,7,death_plus_v7_gap_mid,0.25569378303408274,0.2932194144014156
1473485,2025,11,8,0,6.666666666666657,10.956521739130434,9.81081081081081,-28.25999999999999,3,7,death_plus_v7_gap_mid,0.30318264175358234,0.338403698623151
1473485,2025,12,1,0,6.666666666666657,10.595744680851064,10.027397260273972,-26.069999999999993,3,7,death_plus_v7_gap_mid,0.3385278855810857,0.36240427013941184
1473485,2025,12,2,0,6.666666666666657,10.695652173913043,9.972972972972972,-26.25999999999999,3,7,death_plus_v7_gap_mid,0.3407224792797813,0.36443906018425787
1473485,2025,12,3,0,6.666666666666657,10.8,9.92,-26.450000000000017,3,7,death_plus_v7_gap_mid,0.34582264153830244,0.36916213308880086
1473485,2025,12,4,0,6.666666666666657,11.045454545454545,9.789473684210526,-27.640000000000015,3,7,death_plus_v7_gap_mid,0.32088623088388657,0.3459906717705179
1473485,2025,12,5,0,6.666666666666657,11.162790697674419,9.74025974025974,-27.830000000000013,3,7,death_plus_v7_gap_mid,0.31368591710797644,0.3392610470204454
1473485,2025,12,6,0,6.666666666666657,10.857142857142858,9.923076923076923,-25.02000000000001,3,7,death_plus_v7_gap_mid,0.36496345768977606,0.386820338351691
1473485,2025,12,7,0,6.666666666666657,10.975609756097562,9.873417721518988,-25.210000000000008,3,7,death_plus_v7_gap_mid,0.36524671807519116,0.3870808997268614
1473485,2025,13,1,0,6.666666666666657,10.097560975609756,10.329113924050633,-19.210000000000008,3,7,death_plus_v7_gap_mid,0.47059553548895755,0.4759039399993968
1473485,2025,13,2,0,6.666666666666657,10.350000000000001,10.2,-27.200000000000017,4,6,death_plus_v7_gap_mid,0.3238009867830375,0.3384789117359134
1473485,2025,13,3,0,6.666666666666657,10.615384615384615,10.074074074074073,-28.22,4,6,death_plus_v7_gap_mid,0.3145934813174128,0.329737764090211
1473485,2025,13,4,0,6.666666666666657,10.736842105263158,10.024390243902438,-28.24000000000001,4,6,death_plus_v7_gap_mid,0.3030933974465765,0.31879111755703016
1473485,2025,13,5,0,6.666666666666657,10.864864864864865,9.975903614457831,-28.25999999999999,4,6,death_plus_v7_gap_mid,0.31963740010308195,0.33452868243371214
1473485,2025,13,6,0,6.666666666666657,11.166666666666668,9.857142857142858,-35.400000000000006,5,5,death_plus_v7_gap_mid,0.16524403834769627,0.18404153035235962
1473485,2025,14,1,0,6.666666666666657,11.314285714285713,9.811764705882354,-35.25,5,5,death_plus_v7_gap_mid,0.18039374505985056,0.19518498628761574
1473485,2025,14,2,0,6.666666666666657,11.470588235294118,9.767441860465116,-35.10000000000002,5,5,death_plus_v7_gap_mid,0.1633320686438785,0.17808656474626608
1473485,2025,14,3,0,6.666666666666657,11.818181818181818,9.655172413793103,-35.95000000000002,5,5,death_plus_v7_gap_mid,0.16355766797537158,0.1783135703642276
1473485,2025,14,4,0,6.666666666666657,12.0,9.613636363636363,-35.80000000000001,5,5,death_plus_v7_gap_mid,0.16235382496723622,0.17710192572736705
1473485,2025,14,5,0,6.666666666666657,12.387096774193548,9.50561797752809,-36.650000000000006,5,5,death_plus_v7_gap_mid,0.14532392681650436,0.15987976787000968
1473485,2025,14,6,0,6.666666666666657,12.600000000000001,9.466666666666667,-36.5,5,5,death_plus_v7_gap_mid,0.14943291139162704,0.16404962828199465
1473485,2025,14,7,0,6.666666666666657,12.206896551724137,9.626373626373628,-33.349999999999994,5,5,death_plus_v7_gap_mid,0.16311278018308936,0.17786588474454343
1473485,2025,15,1,0,6.666666666666657,12.206896551724137,9.626373626373628,-33.349999999999994,5,5,death_plus_v7_gap_mid,0.19191459451299203,0.2044392766970519
1473485,2025,15,2,0,6.666666666666657,12.642857142857142,9.521739130434781,-38.95999999999998,6,4,death_plus_v7_gap_mid,0.08032924443278934,0.09022119806666674
1473485,2025,15,3,0,6.666666666666657,13.11111111111111,9.419354838709676,-39.640000000000015,6,4,death_plus_v7_gap_mid,0.071081739342721,0.0804031120222135
1473485,2025,15,4,0,6.666666666666657,13.615384615384615,9.319148936170212,-40.31999999999999,6,4,death_plus_v7_gap_mid,0.06268098491129068,0.07141351902867112
1473485,2025,15,5,0,6.666666666666657,13.919999999999998,9.284210526315789,-40.0,6,4,death_plus_v7_gap_mid,0.06739627872256838,0.07646807757827023
1473485,2025,15,6,0,6.666666666666657,14.25,9.25,-39.67999999999998,6,4,death_plus_v7_gap_mid,0.06344898169311149,0.07223835650099773
1473486,2025,7,1,1,26.28125,10.441558441558442,7.953488372093023,-23.27499999999999,1,9,death_plus_v7_gap_mid,0.5290126951266261,0.5210334643845534
1473486,2025,7,2,1,26.28125,10.263157894736842,8.318181818181818,-20.700000000000003,1,9,death_plus_v7_gap_mid,0.5706674119567776,0.556184977455914
1473486,2025,7,3,1,26.28125,10.32,8.266666666666666,-21.125,1,9,death_plus_v7_gap_mid,0.5632563008878514,0.5499146532233541
1473486,2025,7,4,1,26.28125,10.378378378378379,8.217391304347826,-21.549999999999997,1,9,death_plus_v7_gap_mid,0.5607578474652384,0.5478026408703446
1473486,2025,7,5,1,26.28125,10.438356164383562,8.170212765957446,-21.97500000000001,1,9,death_plus_v7_gap_mid,0.5553384658344362,0.5432244741885351
1473486,2025,7,6,1,26.28125,10.25,8.5,-19.39999999999999,1,9,death_plus_v7_gap_mid,0.5789761850567722,0.5632254152552824
1473486,2025,8,1,1,26.28125,10.394366197183098,8.326530612244898,-20.825000000000003,1,9,death_plus_v7_gap_mid,0.57365309478139,0.5602282843013136
1473486,2025,8,2,1,26.28125,10.457142857142857,8.28,-21.25,1,9,death_plus_v7_gap_mid,0.5672522289573363,0.5546815321344649
1473486,2025,8,3,1,26.28125,10.26086956521739,8.588235294117647,-18.67500000000001,1,9,death_plus_v7_gap_mid,0.5959700787164146,0.5796202176856005
1473486,2025,8,4,1,26.28125,9.882352941176471,9.115384615384615,-14.099999999999994,1,9,death_plus_v7_gap_mid,0.6403405259237648,0.6184916805100199
1473486,2025,8,5,1,26.28125,9.940298507462686,9.056603773584907,-14.524999999999991,1,9,death_plus_v7_gap_mid,0.638385839194689,0.6167684891900554
1473486,2025,8,6,1,26.28125,10.0,9.0,-14.949999999999974,1,9,death_plus_v7_gap_mid,0.6269870830107045,0.6067411685527935
1473486,2025,9,1,1,26.28125,10.153846153846153,8.836363636363636,-16.374999999999986,1,9,death_plus_v7_gap_mid,0.6202487012650186,0.602507313739214
1473486,2025,9,2,1,26.28125,10.21875,8.785714285714285,-16.799999999999997,1,9,death_plus_v7_gap_mid,0.6204769365437035,0.6027002392449428
1473486,2025,9,3,1,26.28125,10.380952380952381,8.631578947368421,-18.224999999999994,1,9,death_plus_v7_gap_mid,0.6215191403475084,0.6035813732890647
1473486,2025,9,4,1,26.28125,10.451612903225806,8.586206896551724,-18.64999999999999,1,9,death_plus_v7_gap_mid,0.6204835740351526,0.6027058500611234
1473486,2025,9,5,1,26.28125,10.22950819672131,8.847457627118644,-16.075000000000003,1,9,death_plus_v7_gap_mid,0.6381937761700613,0.6177185246705137
1473486,2025,9,6,1,26.28125,10.299999999999999,8.799999999999999,-16.500000000000014,1,9,death_plus_v7_gap_mid,0.6437544491533123,0.6224507669376904
1473486,2025,10,1,1,26.28125,10.372881355932204,8.754098360655739,-16.924999999999997,1,9,death_plus_v7_gap_mid,0.6351450136983677,0.6261157845490566
1473486,2025,10,2,1,26.28125,10.448275862068966,8.70967741935484,-17.349999999999994,1,9,death_plus_v7_gap_mid,0.6314715238415199,0.6228761460039426
1473486,2025,10,3,1,26.28125,10.0,9.142857142857142,-12.775000000000006,1,9,death_plus_v7_gap_mid,0.6765423530966366,0.6628259863445214
1473486,2025,10,4,1,26.28125,10.178571428571429,9.0,-14.199999999999989,1,9,death_plus_v7_gap_mid,0.6720205724467434,0.6587957050497866
1473486,2025,10,5,1,26.28125,10.254545454545454,8.953846153846154,-14.625,1,9,death_plus_v7_gap_mid,0.6680827499073545,0.6552904032874648
1473486,2025,10,6,1,26.28125,10.333333333333334,8.90909090909091,-15.049999999999997,1,9,death_plus_v7_gap_mid,0.6598410701794887,0.6479668806907998
1473486,2025,10,7,1,26.28125,10.075471698113208,9.134328358208954,-12.475000000000009,1,9,death_plus_v7_gap_mid,0.6777800338071578,0.6639301247199692
1473486,2025,11,1,1,26.28125,9.962264150943398,9.223880597014926,-11.475000000000009,1,9,death_plus_v7_gap_mid,0.681501364131755,0.6772372194621039
1473486,2025,11,2,1,26.28125,10.153846153846153,9.088235294117647,-12.899999999999991,1,9,death_plus_v7_gap_mid,0.672339825952956,0.6690696749937355
1473486,2025,11,3,1,26.28125,10.235294117647058,9.043478260869566,-13.324999999999989,1,9,death_plus_v7_gap_mid,0.6656573555872984,0.6631219585384109
1473486,2025,11,4,1,26.28125,10.32,9.0,-13.75,1,9,death_plus_v7_gap_mid,0.6557603331083977,0.6543268094455986
1473486,2025,11,5,1,26.28125,10.408163265306122,8.95774647887324,-14.175000000000011,1,9,death_plus_v7_gap_mid,0.6596660076104137,0.6577957974507018
1473486,2025,11,6,1,26.28125,10.5,8.916666666666668,-14.59999999999998,1,9,death_plus_v7_gap_mid,0.6529944221749105,0.6518715361305449
1473486,2025,12,1,1,26.28125,10.72340425531915,8.794520547945206,-16.02499999999999,1,9,death_plus_v7_gap_mid,0.6612465453113137,0.6543863019906337
1473486,2025,12,2,1,26.28125,10.826086956521738,8.756756756756756,-16.450000000000003,1,9,death_plus_v7_gap_mid,0.6532104856601745,0.6470988965337593
1473486,2025,12,3,1,26.28125,10.933333333333334,8.72,-16.875,1,9,death_plus_v7_gap_mid,0.6457528289980894,0.6403457313025475
1473486,2025,12,4,1,26.28125,10.363636363636363,9.078947368421051,-12.300000000000011,1,9,death_plus_v7_gap_mid,0.6936350200599604,0.6838864692253207
1473486,2025,12,5,1,26.28125,10.465116279069768,9.03896103896104,-12.724999999999994,1,9,death_plus_v7_gap_mid,0.6929634884069146,0.6832724562604297
1473486,2025,12,6,1,26.28125,10.714285714285715,8.923076923076923,-20.799999999999983,2,8,death_plus_v7_gap_mid,0.5848744183906064,0.5854805287562823
1473486,2025,13,1,1,26.28125,10.829268292682928,8.886075949367088,-21.066666666666663,2,8,death_plus_v7_gap_mid,0.6213536074321082,0.6158600165329633
1473486,2025,13,2,1,26.28125,10.95,8.850000000000001,-21.333333333333343,2,8,death_plus_v7_gap_mid,0.5933630965226306,0.5898000515877114
1473486,2025,13,3,1,26.28125,10.307692307692307,9.185185185185185,-16.599999999999994,2,8,death_plus_v7_gap_mid,0.6841367754375198,0.6746693797970214
1473486,2025,13,4,1,26.28125,10.263157894736842,9.21951219512195,-15.866666666666646,2,8,death_plus_v7_gap_mid,0.6976076677012206,0.6873752041458933
1473486,2025,13,5,1,26.28125,9.891891891891891,9.397590361445783,-13.133333333333326,2,8,death_plus_v7_gap_mid,0.7243532289671673,0.7127205709284198
1473486,2025,13,6,1,26.28125,10.0,9.357142857142858,-13.400000000000006,2,8,death_plus_v7_gap_mid,0.722586915053768,0.7110413932010954
1473486,2025,14,1,1,26.28125,10.114285714285714,9.31764705882353,-13.666666666666657,2,8,death_plus_v7_gap_mid,0.7241962153839687,0.7134858217961146
1473486,2025,14,2,1,26.28125,9.705882352941178,9.488372093023255,-10.933333333333337,2,8,death_plus_v7_gap_mid,0.777021094439256,0.7646358610012787
1473486,2025,14,3,1,26.28125,10.0,9.379310344827587,-17.42500000000001,3,7,death_plus_v7_gap_mid,0.6395659571598719,0.6327882683679029
1473486,2025,14,4,1,26.28125,10.3125,9.272727272727273,-18.53333333333333,3,7,death_plus_v7_gap_mid,0.6309483077944023,0.6246316753099586
1473486,2025,14,5,1,26.28125,10.451612903225806,9.235955056179776,-18.64166666666665,3,7,death_plus_v7_gap_mid,0.6291142999317765,0.6228968914281167
1473486,2025,14,6,1,26.28125,10.4,9.266666666666667,-17.75,3,7,death_plus_v7_gap_mid,0.6643521479790025,0.656301186450532
1473486,2025,15,1,1,26.28125,9.517241379310345,9.56043956043956,-12.85833333333332,3,7,death_plus_v7_gap_mid,0.7611952708902605,0.7527250346351926
1473486,2025,15,2,1,26.28125,9.857142857142858,9.456521739130434,-13.966666666666669,3,7,death_plus_v7_gap_mid,0.7515748526016914,0.743357992680985
1473486,2025,15,3,1,26.28125,10.0,9.419354838709676,-14.075000000000017,3,7,death_plus_v7_gap_mid,0.749892630469345,0.7417220840338465
1473486,2025,15,4,1,26.28125,10.153846153846153,9.382978723404255,-14.183333333333337,3,7,death_plus_v7_gap_mid,0.7495884553689018,0.7414263454132372
1473486,2025,15,5,1,26.28125,10.08,9.410526315789474,-13.291666666666657,3,7,death_plus_v7_gap_mid,0.7470213413139031,0.7389311829290711
1473486,2025,15,6,1,26.28125,10.25,9.375,-13.400000000000006,3,7,death_plus_v7_gap_mid,0.7457396183264378,0.7376858824188766
1473487,2025,7,1,0,35.69230769230768,12.0,8.930232558139535,-97.30333333333331,6,4,death_plus_v7_gap_mid,0.009484056638820957,0.019456688152124774
1473487,2025,7,2,0,35.69230769230768,12.157894736842104,8.727272727272727,-98.02666666666664,6,4,death_plus_v7_gap_mid,0.009763739808154866,0.019932786699471395
1473487,2025,7,3,0,35.69230769230768,12.32,8.533333333333333,-98.75,6,4,death_plus_v7_gap_mid,0.009346898192212134,0.019222310817837825
1473487,2025,7,4,0,35.69230769230768,12.486486486486488,8.347826086956522,-99.47333333333333,6,4,death_plus_v7_gap_mid,0.008737858200510495,0.018174161740999912
1473487,2025,7,5,0,35.69230769230768,12.575342465753424,8.297872340425533,-99.19666666666669,6,4,death_plus_v7_gap_mid,0.008406557170966875,0.017598679924469306
1473487,2025,7,6,0,35.69230769230768,12.666666666666668,8.25,-98.92000000000002,6,4,death_plus_v7_gap_mid,0.008214204057076704,0.017262750857288546
1473487,2025,8,1,0,35.69230769230768,12.760563380281688,8.204081632653061,-98.64333333333332,6,4,death_plus_v7_gap_mid,0.008140730363502298,0.015563715187709916
1473487,2025,8,2,0,35.69230769230768,12.857142857142858,8.16,-98.36666666666665,6,4,death_plus_v7_gap_mid,0.008184845962690144,0.01563573697060652
1473487,2025,8,3,0,35.69230769230768,12.521739130434781,8.705882352941176,-93.09,6,4,death_plus_v7_gap_mid,0.009875382497325537,0.018354430912055776
1473487,2025,8,4,0,35.69230769230768,12.617647058823529,8.653846153846153,-92.81333333333333,6,4,death_plus_v7_gap_mid,0.009895603291441306,0.018386496843502704
1473487,2025,8,5,0,35.69230769230768,12.71641791044776,8.60377358490566,-92.53666666666666,6,4,death_plus_v7_gap_mid,0.009916034971725763,0.018418887038449305
1473487,2025,8,6,0,35.69230769230768,12.909090909090908,8.444444444444445,-105.195,7,3,death_plus_v7_gap_mid,0.006556754778994899,0.012935672635233826
1473487,2025,9,1,0,35.69230769230768,13.107692307692307,8.290909090909091,-105.73750000000001,7,3,death_plus_v7_gap_mid,0.006095128306976892,0.014389397843701492
1473487,2025,9,2,0,35.69230769230768,13.3125,8.142857142857142,-106.28,7,3,death_plus_v7_gap_mid,0.005789720008543579,0.013792258320343111
1473487,2025,9,3,0,35.69230769230768,13.142857142857144,8.421052631578947,-102.82250000000002,7,3,death_plus_v7_gap_mid,0.006172123134147581,0.014539073715068936
1473487,2025,9,4,0,35.69230769230768,13.258064516129032,8.379310344827587,-102.36499999999998,7,3,death_plus_v7_gap_mid,0.00604615572785917,0.014294017993489677
1473487,2025,9,5,0,35.69230769230768,13.475409836065573,8.23728813559322,-102.9075,7,3,death_plus_v7_gap_mid,0.00570215404103684,0.013620005295999667
1473487,2025,9,6,0,35.69230769230768,13.6,8.2,-102.44999999999999,7,3,death_plus_v7_gap_mid,0.005682620882347182,0.013581516075897849
1473487,2025,10,1,0,35.69230769230768,13.830508474576272,8.065573770491802,-102.9925,7,3,death_plus_v7_gap_mid,0.005665839827802469,0.011187551421632252
1473487,2025,10,2,0,35.69230769230768,14.068965517241377,7.935483870967742,-103.535,7,3,death_plus_v7_gap_mid,0.00560654440330747,0.011085792656743155
1473487,2025,10,3,0,35.69230769230768,14.315789473684209,7.80952380952381,-104.07750000000001,7,3,death_plus_v7_gap_mid,0.005414618431800833,0.010755412571062167
1473487,2025,10,4,0,35.69230769230768,14.142857142857142,8.0625,-100.62,7,3,death_plus_v7_gap_mid,0.005709934556747226,0.011263130121930533
1473487,2025,10,5,0,35.69230769230768,14.399999999999999,7.938461538461539,-101.16250000000002,7,3,death_plus_v7_gap_mid,0.005407605948546262,0.010743311612133386
1473487,2025,10,6,0,35.69230769230768,14.555555555555557,7.909090909090908,-100.70499999999998,7,3,death_plus_v7_gap_mid,0.005348466487536852,0.010641173941300557
1473487,2025,11,1,0,35.69230769230768,14.830188679245284,7.791044776119403,-110.83166666666665,8,2,death_plus_v7_gap_mid,0.0027217399372274926,0.005682935414766617
1473487,2025,11,2,0,35.69230769230768,15.115384615384615,7.6764705882352935,-111.19333333333333,8,2,death_plus_v7_gap_mid,0.0022741392337043936,0.004848622553211742
1473487,2025,11,3,0,35.69230769230768,15.176470588235293,7.739130434782608,-109.555,8,2,death_plus_v7_gap_mid,0.0024705528994862567,0.005216923876351902
1473487,2025,11,4,0,35.69230769230768,15.24,7.800000000000001,-107.91666666666666,8,2,death_plus_v7_gap_mid,0.002504332453014675,0.0052799084321966715
1473487,2025,11,5,0,35.69230769230768,15.551020408163264,7.690140845070423,-117.13916666666668,9,1,death_plus_v7_gap_mid,0.0021283779052078755,0.004572876180583889
1473487,2025,11,6,0,35.69230769230768,15.875,7.583333333333333,-117.32,9,1,death_plus_v7_gap_mid,0.001794787875294033,0.003933083734641019
1473487,2025,12,1,0,35.69230769230768,16.212765957446805,7.479452054794521,-117.50083333333333,9,1,death_plus_v7_gap_mid,0.0016910823236382534,0.003340817462286408
1473487,2025,12,2,0,35.69230769230768,15.782608695652176,7.864864864864865,-111.68166666666667,9,1,death_plus_v7_gap_mid,0.0018238842863394816,0.0035753156823912866
1473487,2025,12,3,0,35.69230769230768,15.333333333333332,8.24,-105.86250000000001,9,1,death_plus_v7_gap_mid,0.0025817870459780585,0.004883144265128834
1473487,2025,12,4,0,35.69230769230768,15.681818181818183,8.131578947368421,-106.04333333333335,9,1,death_plus_v7_gap_mid,0.0024702877647445752,0.00469358706304295
1473487,2025,12,5,0,35.69230769230768,15.906976744186046,8.103896103896105,-105.22416666666666,9,1,death_plus_v7_gap_mid,0.002060488809514047,0.003988798230547021
1473487,2025,12,6,0,35.69230769230768,16.285714285714285,8.0,-105.405,9,1,death_plus_v7_gap_mid,0.0018259345295615853,0.0035789216956387112
1473487,2025,13,1,0,35.69230769230768,16.68292682926829,7.898734177215189,-105.58583333333334,9,1,death_plus_v7_gap_mid,0.0016643825942789612,0.002681337152693387
1473487,2025,13,2,0,35.69230769230768,16.950000000000003,7.875,-104.76666666666668,9,1,death_plus_v7_gap_mid,0.0016300025166859995,0.0026299906468133932
1473487,2025,13,3,0,35.69230769230768,17.23076923076923,7.851851851851852,-103.94750000000002,9,1,death_plus_v7_gap_mid,0.0015717930988123241,0.002542870153759652
1473487,2025,13,4,0,35.69230769230768,17.05263157894737,8.048780487804878,-100.12833333333333,9,1,death_plus_v7_gap_mid,0.0016644103898838208,0.002681378633144843
1473487,2025,13,5,0,35.69230769230768,17.351351351351354,8.024096385542169,-99.30916666666667,9,1,death_plus_v7_gap_mid,0.0015831769439753026,0.002559926673442279
1473487,2025,13,6,0,35.69230769230768,17.833333333333336,7.928571428571429,-99.48999999999998,9,1,death_plus_v7_gap_mid,0.001571617304083968,0.00254260668699819
1473487,2025,14,1,0,35.69230769230768,18.17142857142857,7.905882352941177,-98.67083333333332,9,1,death_plus_v7_gap_mid,0.0015697001703865567,0.002330709381004492
1473487,2025,14,2,0,35.69230769230768,18.529411764705884,7.883720930232558,-97.85166666666666,9,1,death_plus_v7_gap_mid,0.0015688392841374332,0.0023295093731513423
1473487,2025,14,3,0,35.69230769230768,19.09090909090909,7.793103448275863,-98.0325,9,1,death_plus_v7_gap_mid,0.0016448541700432018,0.0024353137973823053
1473487,2025,14,4,0,35.69230769230768,19.6875,7.704545454545455,-98.21333333333334,9,1,death_plus_v7_gap_mid,0.001644129961709209,0.002434307228149239
1473487,2025,14,5,0,35.69230769230768,20.322580645161292,7.617977528089888,-98.39416666666665,9,1,death_plus_v7_gap_mid,0.0016437465717559839,0.002433774347541682
1473487,2025,14,6,0,35.69230769230768,21.0,7.533333333333333,-98.57499999999999,9,1,death_plus_v7_gap_mid,0.0016985812447438764,0.0025099128041655423
1473487,2025,15,1,0,35.69230769230768,21.724137931034484,7.450549450549451,-98.75583333333333,9,1,death_plus_v7_gap_mid,0.002035712161302936,0.00276692129837828
1473487,2025,15,2,0,35.69230769230768,22.5,7.369565217391304,-98.93666666666667,9,1,death_plus_v7_gap_mid,0.0021804544033628367,0.0029537345099953814
1473487,2025,15,3,0,35.69230769230768,23.11111111111111,7.35483870967742,-98.1175,9,1,death_plus_v7_gap_mid,0.0022452638999489695,0.003037180535584823
1473487,2025,15,4,0,35.69230769230768,23.76923076923077,7.340425531914893,-97.29833333333332,9,1,death_plus_v7_gap_mid,0.0023118398552542346,0.003122776952035165
1473487,2025,15,5,0,35.69230769230768,24.48,7.326315789473684,-96.47916666666666,9,1,death_plus_v7_gap_mid,0.0023117916881312374,0.0031227150683152765
1473487,2025,15,6,0,35.69230769230768,25.25,7.3125,-95.66,9,1,death_plus_v7_gap_mid,0.002311760357701817,0.0031226748158557395
1473488,2025,7,1,0,42.678571428571416,12.545454545454545,8.930232558139535,-30.64,1,9,death_plus_v7_gap_mid,0.15389334516179687,0.19065938334762325
1473488,2025,7,2,0,42.678571428571416,12.394736842105264,9.272727272727273,-28.320000000000007,1,9,death_plus_v7_gap_mid,0.18180702192958414,0.21798200778709023
1473488,2025,7,3,0,42.678571428571416,12.400000000000002,9.333333333333334,-28.0,1,9,death_plus_v7_gap_mid,0.1928650027556565,0.22856847234908212
1473488,2025,7,4,0,42.678571428571416,12.567567567567568,9.130434782608695,-29.679999999999993,1,9,death_plus_v7_gap_mid,0.18417354037522976,0.22025806687138708
1473488,2025,7,5,0,42.678571428571416,12.493150684931507,9.319148936170212,-28.36,1,9,death_plus_v7_gap_mid,0.2044583159322496,0.23954059773913527
1473488,2025,7,6,0,42.678571428571416,12.583333333333334,9.25,-29.039999999999992,1,9,death_plus_v7_gap_mid,0.19798547925839566,0.23342995622364782
1473488,2025,8,1,0,42.678571428571416,12.676056338028168,9.183673469387754,-29.72,1,9,death_plus_v7_gap_mid,0.194067255292252,0.22463849914051742
1473488,2025,8,2,0,42.678571428571416,12.771428571428572,9.120000000000001,-30.39999999999999,1,9,death_plus_v7_gap_mid,0.18690500491978151,0.21775131985050872
1473488,2025,8,3,0,42.678571428571416,12.956521739130434,8.941176470588236,-32.08000000000001,1,9,death_plus_v7_gap_mid,0.16082397150746047,0.19226619514422577
1473488,2025,8,4,0,42.678571428571416,13.058823529411764,8.884615384615385,-32.75999999999999,1,9,death_plus_v7_gap_mid,0.1596982391795173,0.19115052963572035
1473488,2025,8,5,0,42.678571428571416,13.164179104477611,8.830188679245282,-33.43999999999998,1,9,death_plus_v7_gap_mid,0.15569518794994233,0.18717188769321633
1473488,2025,8,6,0,42.678571428571416,13.272727272727272,8.777777777777779,-34.119999999999976,1,9,death_plus_v7_gap_mid,0.1413996817721966,0.1728103383641329
1473488,2025,8,7,0,42.678571428571416,13.384615384615385,8.727272727272727,-34.79999999999998,1,9,death_plus_v7_gap_mid,0.13775204725542328,0.1691050457545623
1473488,2025,9,1,0,42.678571428571416,13.384615384615385,8.727272727272727,-34.79999999999998,1,9,death_plus_v7_gap_mid,0.1371130585564822,0.17929820633907523
1473488,2025,9,2,0,42.678571428571416,13.40625,8.785714285714285,-34.480000000000004,1,9,death_plus_v7_gap_mid,0.1414571648509403,0.18377407204496013
1473488,2025,9,3,0,42.678571428571416,13.619047619047619,8.631578947368421,-47.91999999999999,2,8,death_plus_v7_gap_mid,0.06946151006347043,0.10440798458871996
1473488,2025,9,4,0,42.678571428571416,13.741935483870968,8.586206896551724,-48.41333333333333,2,8,death_plus_v7_gap_mid,0.07787403977832869,0.11439706383315391
1473488,2025,9,5,0,42.678571428571416,13.868852459016395,8.542372881355933,-48.90666666666664,2,8,death_plus_v7_gap_mid,0.08005643327022534,0.11694883346540817
1473488,2025,9,6,0,42.678571428571416,14.0,8.5,-49.400000000000006,2,8,death_plus_v7_gap_mid,0.0739456425355029,0.10976359303125512
1473488,2025,10,1,0,42.678571428571416,14.23728813559322,8.360655737704917,-50.893333333333345,2,8,death_plus_v7_gap_mid,0.0676018628888452,0.09446136905997377
1473488,2025,10,2,0,42.678571428571416,14.379310344827587,8.322580645161292,-51.386666666666656,2,8,death_plus_v7_gap_mid,0.062189915566499776,0.08800279623969721
1473488,2025,10,3,0,42.678571428571416,14.0,8.761904761904761,-46.879999999999995,2,8,death_plus_v7_gap_mid,0.1013125198200519,0.13298239773718729
1473488,2025,10,4,0,42.678571428571416,14.142857142857142,8.71875,-47.373333333333335,2,8,death_plus_v7_gap_mid,0.0961413541679739,0.1272374215398729
1473488,2025,10,5,0,42.678571428571416,13.745454545454546,9.138461538461538,-42.866666666666674,2,8,death_plus_v7_gap_mid,0.1260369665573805,0.159793037894075
1473488,2025,10,6,0,42.678571428571416,13.88888888888889,9.09090909090909,-43.359999999999985,2,8,death_plus_v7_gap_mid,0.12229483981053274,0.1557990572837827
1473488,2025,11,1,0,42.678571428571416,14.150943396226417,8.955223880597016,-44.85333333333335,2,8,death_plus_v7_gap_mid,0.11087737259839288,0.1445788508893388
1473488,2025,11,2,0,42.678571428571416,14.307692307692307,8.911764705882353,-45.346666666666664,2,8,death_plus_v7_gap_mid,0.10704953407054005,0.14031103759836955
1473488,2025,11,3,0,42.678571428571416,13.882352941176471,9.304347826086957,-40.839999999999975,2,8,death_plus_v7_gap_mid,0.164948901323559,0.20259053992717854
1473488,2025,11,4,0,42.678571428571416,14.16,9.17142857142857,-42.333333333333314,2,8,death_plus_v7_gap_mid,0.15374268983947684,0.19087422368146198
1473488,2025,11,5,0,42.678571428571416,14.326530612244898,9.126760563380282,-42.826666666666654,2,8,death_plus_v7_gap_mid,0.1482409141987763,0.18506897309775117
1473488,2025,11,6,0,42.678571428571416,14.5,9.083333333333332,-43.31999999999999,2,8,death_plus_v7_gap_mid,0.13631485659507597,0.17235627455211278
1473488,2025,12,1,0,42.678571428571416,14.680851063829786,9.04109589041096,-43.81333333333333,2,8,death_plus_v7_gap_mid,0.1265250480686792,0.1545348294332853
1473488,2025,12,2,0,42.678571428571416,14.478260869565219,9.243243243243244,-41.30666666666667,2,8,death_plus_v7_gap_mid,0.15410380129834672,0.18341399043826265
1473488,2025,12,3,0,42.678571428571416,14.0,9.600000000000001,-36.79999999999998,2,8,death_plus_v7_gap_mid,0.1976826356938872,0.22758572373466848
1473488,2025,12,4,0,42.678571428571416,14.181818181818183,9.552631578947368,-37.29333333333332,2,8,death_plus_v7_gap_mid,0.19138571331028556,0.22129783634214284
1473488,2025,12,5,0,42.678571428571416,14.372093023255813,9.506493506493507,-37.78666666666669,2,8,death_plus_v7_gap_mid,0.17290786706901667,0.20266972627705102
1473488,2025,12,6,0,42.678571428571416,14.57142857142857,9.461538461538462,-38.28,2,8,death_plus_v7_gap_mid,0.173342630628513,0.20311122110604357
1473488,2025,13,1,0,42.678571428571416,14.926829268292682,9.341772151898734,-39.77333333333331,2,8,death_plus_v7_gap_mid,0.15598988001275976,0.17467260629669065
1473488,2025,13,2,0,42.678571428571416,15.149999999999999,9.3,-40.26666666666668,2,8,death_plus_v7_gap_mid,0.14883229240261373,0.16738807247366183
1473488,2025,13,3,0,42.678571428571416,15.384615384615387,9.25925925925926,-40.75999999999999,2,8,death_plus_v7_gap_mid,0.1273350858671306,0.1452893543184595
1473488,2025,13,4,0,42.678571428571416,15.631578947368421,9.21951219512195,-41.25333333333333,2,8,death_plus_v7_gap_mid,0.120655129246404,0.13834862075040733
1473488,2025,13,5,0,42.678571428571416,15.891891891891891,9.180722891566266,-41.74666666666667,2,8,death_plus_v7_gap_mid,0.09590429739839675,0.11227566120194117
1473488,2025,13,6,0,42.678571428571416,16.333333333333336,9.071428571428571,-43.24000000000001,2,8,death_plus_v7_gap_mid,0.0908056385730027,0.10682640990675667
1473488,2025,14,1,0,42.678571428571416,16.628571428571426,9.035294117647059,-43.73333333333332,2,8,death_plus_v7_gap_mid,0.08142295089658404,0.09354360446591077
1473488,2025,14,2,0,42.678571428571416,16.941176470588236,9.0,-44.22666666666666,2,8,death_plus_v7_gap_mid,0.07148890505532962,0.08290907306921647
1473488,2025,14,3,0,42.678571428571416,16.727272727272727,9.172413793103448,-41.72,2,8,death_plus_v7_gap_mid,0.0881572922353478,0.1006932432121878
1473488,2025,14,4,0,42.678571428571416,17.0625,9.136363636363637,-42.21333333333331,2,8,death_plus_v7_gap_mid,0.07353453995656987,0.08510805225074189
1473488,2025,14,5,0,42.678571428571416,17.41935483870968,9.101123595505618,-42.70666666666668,2,8,death_plus_v7_gap_mid,0.07091739737710043,0.08229384112254017
1473488,2025,14,6,0,42.678571428571416,17.2,9.266666666666667,-40.20000000000002,2,8,death_plus_v7_gap_mid,0.09073088023602194,0.10341377644153178
1473488,2025,14,7,0,42.678571428571416,17.793103448275865,9.164835164835164,-47.106666666666655,3,7,death_plus_v7_gap_mid,0.03684832996782779,0.04476622698349175
1473488,2025,15,1,0,42.678571428571416,17.586206896551722,9.230769230769232,-46.106666666666655,3,7,death_plus_v7_gap_mid,0.04840688410942169,0.0559589149278239
1473488,2025,15,2,0,42.678571428571416,18.0,9.195652173913043,-46.41333333333333,3,7,death_plus_v7_gap_mid,0.039417167228552555,0.04608605026678362
1473488,2025,15,3,0,42.678571428571416,18.666666666666668,9.096774193548388,-52.75999999999999,4,6,death_plus_v7_gap_mid,0.02183385836604417,0.02634803058645016
1473488,2025,15,4,0,42.678571428571416,19.153846153846153,9.063829787234043,-52.879999999999995,4,6,death_plus_v7_gap_mid,0.019379119011473787,0.02353210119149265
1473488,2025,15,5,0,42.678571428571416,19.44,9.094736842105263,-52.0,4,6,death_plus_v7_gap_mid,0.01868372843511461,0.02273089792133907
1473488,2025,15,6,0,42.678571428571416,20.0,9.0625,-52.120000000000005,4,6,death_plus_v7_gap_mid,0.015960153113731335,0.019576477842224292
1473489,2025,7,1,0,25.27777777777777,11.064935064935064,10.046511627906977,-31.659999999999982,2,8,death_plus_v7_gap_mid,0.304345849526747,0.33000612271227137
1473489,2025,7,2,0,25.27777777777777,11.210526315789474,9.818181818181818,-33.079999999999984,2,8,death_plus_v7_gap_mid,0.27641558570367497,0.3053119277293199
1473489,2025,7,3,0,25.27777777777777,11.28,9.733333333333334,-33.5,2,8,death_plus_v7_gap_mid,0.26914303973052056,0.29881674517445195
1473489,2025,7,4,0,25.27777777777777,11.35135135135135,9.652173913043478,-33.91999999999999,2,8,death_plus_v7_gap_mid,0.2521757533891046,0.28354473693347226
1473489,2025,7,5,0,25.27777777777777,11.17808219178082,9.957446808510639,-31.340000000000018,2,8,death_plus_v7_gap_mid,0.3325173940872832,0.35456707918812175
1473489,2025,7,6,0,25.27777777777777,11.25,9.875,-31.760000000000005,2,8,death_plus_v7_gap_mid,0.32846508603674784,0.351052924046934
1473489,2025,8,1,0,25.27777777777777,11.32394366197183,9.795918367346939,-32.17999999999999,2,8,death_plus_v7_gap_mid,0.303432052575927,0.3254991978983365
1473489,2025,8,2,0,25.27777777777777,11.399999999999999,9.72,-32.59999999999998,2,8,death_plus_v7_gap_mid,0.32489937250676193,0.34460655969824927
1473489,2025,8,3,0,25.27777777777777,11.217391304347826,10.0,-30.02000000000001,2,8,death_plus_v7_gap_mid,0.3817788811397036,0.39455166065767006
1473489,2025,8,4,0,25.27777777777777,11.294117647058822,9.923076923076923,-30.439999999999998,2,8,death_plus_v7_gap_mid,0.3730734544315583,0.3869601216348346
1473489,2025,8,5,0,25.27777777777777,11.373134328358208,9.849056603773585,-30.859999999999985,2,8,death_plus_v7_gap_mid,0.3724930168738749,0.3864533724571449
1473489,2025,8,6,0,25.27777777777777,11.454545454545455,9.777777777777777,-31.279999999999987,2,8,death_plus_v7_gap_mid,0.3643238436197077,0.3793131556123721
1473489,2025,9,1,0,25.27777777777777,11.538461538461538,9.709090909090909,-31.700000000000003,2,8,death_plus_v7_gap_mid,0.36235371842764474,0.3865703149486062
1473489,2025,9,2,0,25.27777777777777,11.15625,10.178571428571429,-27.119999999999976,2,8,death_plus_v7_gap_mid,0.47204528944409846,0.47876850445676183
1473489,2025,9,3,0,25.27777777777777,11.333333333333332,10.0,-28.539999999999992,2,8,death_plus_v7_gap_mid,0.45345413339395907,0.4632787527642662
1473489,2025,9,4,0,25.27777777777777,10.935483870967742,10.448275862068966,-23.959999999999994,2,8,death_plus_v7_gap_mid,0.5379449404292073,0.5335735513978983
1473489,2025,9,5,0,25.27777777777777,10.721311475409836,10.677966101694915,-21.37999999999998,2,8,death_plus_v7_gap_mid,0.5734533455308239,0.5631874736731466
1473489,2025,9,6,0,25.27777777777777,10.8,10.6,-21.799999999999997,2,8,death_plus_v7_gap_mid,0.5689757361432223,0.5594452232082276
1473489,2025,10,1,0,25.27777777777777,10.881355932203391,10.524590163934427,-22.22,2,8,death_plus_v7_gap_mid,0.5675504873231654,0.5668171307979959
1473489,2025,10,2,0,25.27777777777777,10.448275862068966,10.935483870967742,-17.639999999999986,2,8,death_plus_v7_gap_mid,0.6178135948709333,0.6108521509843201
1473489,2025,10,3,0,25.27777777777777,10.421052631578949,10.952380952380953,-17.060000000000002,2,8,death_plus_v7_gap_mid,0.6262751349553506,0.6182976627280732
1473489,2025,10,4,0,25.27777777777777,10.178571428571429,11.15625,-14.480000000000018,2,8,death_plus_v7_gap_mid,0.6460882861276266,0.6357822390327926
1473489,2025,10,5,0,25.27777777777777,10.254545454545454,11.076923076923077,-14.900000000000006,2,8,death_plus_v7_gap_mid,0.6461485324098,0.6358355240549713
1473489,2025,10,6,0,25.27777777777777,10.333333333333334,11.0,-15.319999999999993,2,8,death_plus_v7_gap_mid,0.6574850704431918,0.6458764257942866
1473489,2025,11,1,0,25.27777777777777,10.30188679245283,11.014925373134329,-14.740000000000009,2,8,death_plus_v7_gap_mid,0.668157487665793,0.6653462811092578
1473489,2025,11,2,0,25.27777777777777,10.5,10.852941176470589,-16.159999999999997,2,8,death_plus_v7_gap_mid,0.6617768010590235,0.659671576438978
1473489,2025,11,3,0,25.27777777777777,10.588235294117647,10.782608695652174,-16.579999999999984,2,8,death_plus_v7_gap_mid,0.6451565788709501,0.6449198178349553
1473489,2025,11,4,0,25.27777777777777,10.68,10.714285714285715,-17.0,2,8,death_plus_v7_gap_mid,0.6318785920092737,0.6331607121705306
1473489,2025,11,5,0,25.27777777777777,10.775510204081632,10.647887323943662,-17.419999999999987,2,8,death_plus_v7_gap_mid,0.6347124509413596,0.6356686983921652
1473489,2025,11,6,0,25.27777777777777,10.875,10.583333333333332,-17.839999999999975,2,8,death_plus_v7_gap_mid,0.622172399886181,0.6245768401803482
1473489,2025,12,1,0,25.27777777777777,10.595744680851064,10.767123287671232,-15.259999999999991,2,8,death_plus_v7_gap_mid,0.6732367012627287,0.665281588132294
1473489,2025,12,2,0,25.27777777777777,10.695652173913043,10.702702702702702,-15.680000000000007,2,8,death_plus_v7_gap_mid,0.6654152794790811,0.658171243932855
1473489,2025,12,3,0,25.27777777777777,10.666666666666666,10.719999999999999,-15.099999999999994,2,8,death_plus_v7_gap_mid,0.6806631075608008,0.6720443720073201
1473489,2025,12,4,0,25.27777777777777,10.636363636363637,10.736842105263158,-14.52000000000001,2,8,death_plus_v7_gap_mid,0.6849478173645471,0.6759516254314166
1473489,2025,12,5,0,25.27777777777777,10.883720930232558,10.597402597402597,-15.939999999999998,2,8,death_plus_v7_gap_mid,0.6778379508815495,0.6694702951343424
1473489,2025,12,6,0,25.27777777777777,10.571428571428571,10.76923076923077,-13.359999999999985,2,8,death_plus_v7_gap_mid,0.7183317199894996,0.7065495173671986
1473489,2025,13,1,0,25.27777777777777,10.682926829268293,10.708860759493671,-13.779999999999973,2,8,death_plus_v7_gap_mid,0.7087432698562193,0.6979074877095732
1473489,2025,13,2,0,25.27777777777777,10.8,10.649999999999999,-14.200000000000017,2,8,death_plus_v7_gap_mid,0.6867049896946442,0.6770889171145944
1473489,2025,13,3,0,25.27777777777777,10.923076923076923,10.592592592592593,-14.620000000000005,2,8,death_plus_v7_gap_mid,0.6762292363686795,0.6672275140317689
1473489,2025,13,4,0,25.27777777777777,11.052631578947368,10.536585365853659,-15.039999999999992,2,8,death_plus_v7_gap_mid,0.6818074028003505,0.6724759602898792
1473489,2025,13,5,0,25.27777777777777,10.702702702702702,10.698795180722891,-12.45999999999998,2,8,death_plus_v7_gap_mid,0.7190731378459181,0.707703314605995
1473489,2025,13,6,0,25.27777777777777,10.666666666666666,10.714285714285715,-11.879999999999995,2,8,death_plus_v7_gap_mid,0.7271599166026075,0.7153904590000054
1473489,2025,14,1,0,25.27777777777777,10.8,10.658823529411764,-12.299999999999983,2,8,death_plus_v7_gap_mid,0.7230409187095983,0.7123751135788057
1473489,2025,14,2,0,25.27777777777777,11.117647058823529,10.534883720930232,-13.719999999999999,2,8,death_plus_v7_gap_mid,0.7087364441266011,0.6986469750820028
1473489,2025,14,3,0,25.27777777777777,11.272727272727273,10.482758620689655,-14.140000000000015,2,8,death_plus_v7_gap_mid,0.6852432314496444,0.6761896664311272
1473489,2025,14,4,0,25.27777777777777,11.4375,10.431818181818182,-14.560000000000002,2,8,death_plus_v7_gap_mid,0.6832963023733498,0.674333130860912
1473489,2025,14,5,0,25.27777777777777,11.612903225806452,10.382022471910112,-14.97999999999999,2,8,death_plus_v7_gap_mid,0.6637520687928833,0.6557309200069271
1473489,2025,14,6,0,25.27777777777777,10.8,10.666666666666666,-10.400000000000006,2,8,death_plus_v7_gap_mid,0.7829868730770015,0.7704634129952548
1473489,2025,15,1,0,25.27777777777777,10.758620689655173,10.68131868131868,-9.819999999999993,2,8,death_plus_v7_gap_mid,0.791154410494169,0.7820324753343021
1473489,2025,15,2,0,25.27777777777777,10.928571428571429,10.630434782608695,-10.240000000000009,2,8,death_plus_v7_gap_mid,0.7854834820354961,0.7764677267530401
1473489,2025,15,3,0,25.27777777777777,10.88888888888889,10.64516129032258,-9.659999999999997,2,8,death_plus_v7_gap_mid,0.7926803575542198,0.7835313184583603
1473489,2025,15,4,0,25.27777777777777,11.076923076923077,10.595744680851064,-10.080000000000013,2,8,death_plus_v7_gap_mid,0.7860132699507558,0.7769872366240886
1473489,2025,15,5,0,25.27777777777777,10.56,10.736842105263158,-7.499999999999972,2,8,death_plus_v7_gap_mid,0.8287333781565205,0.8191438094930764
1473489,2025,15,6,0,25.27777777777777,10.75,10.6875,-7.9199999999999875,2,8,death_plus_v7_gap_mid,0.8224925494779914,0.8129497672474303
1473490,2025,7,1,0,9.0,10.675324675324676,9.767441860465116,-43.471666666666664,3,7,death_plus_v7_gap_mid,0.0864732846930601,0.11977555389306627
1473490,2025,7,2,0,9.0,10.736842105263158,9.681818181818182,-43.67333333333333,3,7,death_plus_v7_gap_mid,0.09228943620063698,0.1262546560228037
1473490,2025,7,3,0,9.0,10.879999999999999,9.466666666666667,-57.75,4,6,death_plus_v7_gap_mid,0.044065625360903235,0.06918884554326594
1473490,2025,7,4,0,9.0,11.027027027027028,9.26086956521739,-58.78,4,6,death_plus_v7_gap_mid,0.043401918348656573,0.06833485636002086
1473490,2025,7,5,0,9.0,11.17808219178082,9.063829787234043,-72.34166666666667,5,5,death_plus_v7_gap_mid,0.0199618323801158,0.03606914221933284
1473490,2025,7,6,0,9.0,11.25,9.0,-72.19999999999999,5,5,death_plus_v7_gap_mid,0.021557017915989084,0.038434496224487934
1473490,2025,8,1,0,9.0,11.408450704225352,8.816326530612246,-73.05833333333331,5,5,death_plus_v7_gap_mid,0.021262383194370647,0.03525276313401652
1473490,2025,8,2,0,9.0,11.485714285714286,8.76,-72.91666666666666,5,5,death_plus_v7_gap_mid,0.021113903130291666,0.03504378409362246
1473490,2025,8,3,0,9.0,11.565217391304348,8.705882352941176,-72.775,5,5,death_plus_v7_gap_mid,0.021780313266510767,0.03597990127148514
1473490,2025,8,4,0,9.0,11.735294117647058,8.538461538461538,-73.63333333333333,5,5,death_plus_v7_gap_mid,0.020865683581907303,0.03469389733678625
1473490,2025,8,5,0,9.0,11.82089552238806,8.49056603773585,-73.49166666666667,5,5,death_plus_v7_gap_mid,0.020986850857870762,0.03486477608403454
1473490,2025,8,6,0,9.0,12.0,8.333333333333332,-74.35,5,5,death_plus_v7_gap_mid,0.021480423429275607,0.03555922025384807
1473490,2025,9,1,0,9.0,12.0,8.399999999999999,-73.20833333333334,5,5,death_plus_v7_gap_mid,0.02173644591095262,0.040833371947730096
1473490,2025,9,2,0,9.0,12.1875,8.25,-74.06666666666669,5,5,death_plus_v7_gap_mid,0.01795370896546547,0.03493468294068332
1473490,2025,9,3,0,9.0,12.19047619047619,8.31578947368421,-72.92500000000001,5,5,death_plus_v7_gap_mid,0.02068422580375231,0.03921437747924136
1473490,2025,9,4,0,9.0,12.29032258064516,8.275862068965518,-72.78333333333333,5,5,death_plus_v7_gap_mid,0.019435335094300045,0.037271572693090185
1473490,2025,9,5,0,9.0,12.295081967213115,8.338983050847459,-71.64166666666668,5,5,death_plus_v7_gap_mid,0.02326913192851714,0.043164293885278475
1473490,2025,9,6,0,9.0,12.5,8.2,-72.5,5,5,death_plus_v7_gap_mid,0.021879234080750036,0.041051867162094
1473490,2025,10,1,0,9.0,12.305084745762711,8.459016393442623,-69.35833333333332,5,5,death_plus_v7_gap_mid,0.026135083251401747,0.04195341900986764
1473490,2025,10,2,0,9.0,12.413793103448278,8.419354838709678,-69.21666666666667,5,5,death_plus_v7_gap_mid,0.02559419279016748,0.04120625559538804
1473490,2025,10,3,0,9.0,12.526315789473683,8.38095238095238,-69.07499999999999,5,5,death_plus_v7_gap_mid,0.025433127607583473,0.04098330690265207
1473490,2025,10,4,0,9.0,12.642857142857142,8.34375,-68.93333333333331,5,5,death_plus_v7_gap_mid,0.02332619389677988,0.038046634593500564
1473490,2025,10,5,0,9.0,12.763636363636365,8.307692307692307,-68.79166666666669,5,5,death_plus_v7_gap_mid,0.02359504741838105,0.03842351856964502
1473490,2025,10,6,0,9.0,13.0,8.181818181818182,-69.65,5,5,death_plus_v7_gap_mid,0.020179727220814247,0.03358513420264076
1473490,2025,11,1,0,9.0,13.245283018867926,8.059701492537314,-70.50833333333333,5,5,death_plus_v7_gap_mid,0.01946799986575598,0.03210596064716034
1473490,2025,11,2,0,9.0,13.038461538461537,8.294117647058822,-67.36666666666667,5,5,death_plus_v7_gap_mid,0.024247983820903058,0.03889618920449022
1473490,2025,11,3,0,9.0,12.823529411764707,8.521739130434783,-64.225,5,5,death_plus_v7_gap_mid,0.033059726453977215,0.050957754689869246
1473490,2025,11,4,0,9.0,12.96,8.485714285714286,-64.08333333333331,5,5,death_plus_v7_gap_mid,0.0322221517533038,0.04983284089089602
1473490,2025,11,5,0,9.0,12.979591836734695,8.535211267605634,-62.94166666666669,5,5,death_plus_v7_gap_mid,0.03293666813407229,0.05079273693575048
1473490,2025,11,6,0,9.0,13.125,8.5,-62.80000000000001,5,5,death_plus_v7_gap_mid,0.031039002290877627,0.048236668154206346
1473490,2025,12,1,0,9.0,13.27659574468085,8.465753424657535,-62.65833333333333,5,5,death_plus_v7_gap_mid,0.028794696813422626,0.042074076357005705
1473490,2025,12,2,0,9.0,12.782608695652176,8.837837837837839,-57.51666666666668,5,5,death_plus_v7_gap_mid,0.050953418961342624,0.06968138167900928
1473490,2025,12,3,0,9.0,12.266666666666666,9.200000000000001,-52.375,5,5,death_plus_v7_gap_mid,0.07624143120439994,0.09929495072053558
1473490,2025,12,4,0,9.0,11.727272727272727,9.552631578947368,-47.23333333333332,5,5,death_plus_v7_gap_mid,0.12649865076514977,0.15450677805865087
1473490,2025,12,5,0,9.0,11.162790697674419,9.896103896103895,-42.09166666666667,5,5,death_plus_v7_gap_mid,0.16566306026637165,0.1952887330322203
1473490,2025,12,6,0,9.0,11.285714285714285,9.846153846153847,-41.94999999999999,5,5,death_plus_v7_gap_mid,0.1598689401009603,0.18935203766745926
1473490,2025,12,7,0,9.0,10.682926829268293,10.177215189873417,-36.80833333333331,5,5,death_plus_v7_gap_mid,0.19056434704881403,0.22047547717213656
1473490,2025,13,1,0,9.0,10.536585365853659,10.253164556962025,-35.80833333333331,5,5,death_plus_v7_gap_mid,0.18975946909746993,0.20861621836097136
1473490,2025,13,2,0,9.0,9.899999999999999,10.575,-30.666666666666686,5,5,death_plus_v7_gap_mid,0.2725506941563174,0.2895440911819603
1473490,2025,13,3,0,9.0,10.153846153846153,10.444444444444445,-31.525000000000006,5,5,death_plus_v7_gap_mid,0.26887293542833585,0.2860036365181633
1473490,2025,13,4,0,9.0,10.421052631578949,10.317073170731707,-32.383333333333326,5,5,death_plus_v7_gap_mid,0.25241940789531103,0.2701099394284137
1473490,2025,13,5,0,9.0,10.54054054054054,10.265060240963855,-32.241666666666674,5,5,death_plus_v7_gap_mid,0.2528987934775391,0.2705743223815075
1473490,2025,13,6,0,9.0,10.5,10.285714285714285,-31.099999999999994,5,5,death_plus_v7_gap_mid,0.27322239781594615,0.29019025708965496
1473490,2025,14,1,0,9.0,10.457142857142857,10.305882352941175,-29.958333333333314,5,5,death_plus_v7_gap_mid,0.31553749624575445,0.32693557938101503
1473490,2025,14,2,0,9.0,10.588235294117647,10.25581395348837,-29.81666666666669,5,5,death_plus_v7_gap_mid,0.31146788295791605,0.32303847054900714
1473490,2025,14,3,0,9.0,9.818181818181818,10.551724137931034,-24.67500000000001,5,5,death_plus_v7_gap_mid,0.47063269445461203,0.4737570637105319
1473490,2025,14,4,0,9.0,9.9375,10.5,-24.53333333333333,5,5,death_plus_v7_gap_mid,0.46566835937418094,0.4690894274473886
1473490,2025,14,5,0,9.0,10.064516129032258,10.44943820224719,-24.39166666666668,5,5,death_plus_v7_gap_mid,0.47372148232512856,0.47666079758528335
1473490,2025,14,6,0,9.0,10.4,10.333333333333334,-25.25,5,5,death_plus_v7_gap_mid,0.45179203131452783,0.4560368566816024
1473490,2025,15,1,0,9.0,9.931034482758621,10.483516483516484,-22.10833333333332,5,5,death_plus_v7_gap_mid,0.5312121847003611,0.5321316446314469
1473490,2025,15,2,0,9.0,10.071428571428571,10.434782608695652,-21.96666666666667,5,5,death_plus_v7_gap_mid,0.522557715600408,0.5238954062474651
1473490,2025,15,3,0,9.0,10.222222222222221,10.387096774193548,-21.82499999999999,5,5,death_plus_v7_gap_mid,0.49522470990696904,0.49788037872551116
1473490,2025,15,4,0,9.0,10.384615384615385,10.340425531914892,-21.68333333333331,5,5,death_plus_v7_gap_mid,0.47325227433747763,0.4769567515393522
1473490,2025,15,5,0,9.0,10.56,10.294736842105262,-21.541666666666686,5,5,death_plus_v7_gap_mid,0.4791220728589779,0.4825477901849448
1473490,2025,15,6,0,9.0,11.0,10.1875,-26.519999999999982,6,4,death_plus_v7_gap_mid,0.26810432445311677,0.27963734308995175
1473490,2025,15,7,0,9.0,11.217391304347826,10.144329896907216,-26.206666666666678,6,4,death_plus_v7_gap_mid,0.2977564266737367,0.3085221250934517
1473491,2025,7,1,0,34.0,14.415584415584416,7.255813953488372,-77.99666666666667,3,7,death_plus_v7_gap_mid,0.01940073248836342,0.03522896157556677
1473491,2025,7,2,0,34.0,14.526315789473685,7.2272727272727275,-78.37333333333333,3,7,death_plus_v7_gap_mid,0.018660219326128748,0.0341132578732979
1473491,2025,7,3,0,34.0,14.56,7.333333333333334,-77.75,3,7,death_plus_v7_gap_mid,0.021060472565557292,0.03770179264160493
1473491,2025,7,4,0,34.0,14.675675675675677,7.304347826086957,-78.12666666666667,3,7,death_plus_v7_gap_mid,0.019758634816107814,0.03576538575173321
1473491,2025,7,5,0,34.0,14.712328767123289,7.404255319148936,-77.50333333333333,3,7,death_plus_v7_gap_mid,0.020095073445333046,0.03626801295474763
1473491,2025,7,6,0,34.0,14.916666666666668,7.25,-93.03999999999999,4,6,death_plus_v7_gap_mid,0.007237445191020093,0.01553498940161438
1473491,2025,7,7,0,34.0,15.126760563380284,7.1020408163265305,-94.22,4,6,death_plus_v7_gap_mid,0.008038962796339106,0.01695551544177807
1473491,2025,8,1,0,34.0,15.042253521126762,7.224489795918368,-93.22,4,6,death_plus_v7_gap_mid,0.008581566253893886,0.016280817182053157
1473491,2025,8,2,0,34.0,15.085714285714285,7.32,-92.39999999999998,4,6,death_plus_v7_gap_mid,0.008862313096571494,0.016734587199456516
1473491,2025,8,3,0,34.0,14.782608695652172,7.882352941176471,-87.58000000000001,4,6,death_plus_v7_gap_mid,0.011964646318070806,0.021618303308048977
1473491,2025,8,4,0,34.0,14.911764705882353,7.846153846153847,-87.76000000000002,4,6,death_plus_v7_gap_mid,0.01122276900118843,0.02047021930863917
1473491,2025,8,5,0,34.0,15.044776119402986,7.811320754716981,-87.94,4,6,death_plus_v7_gap_mid,0.01101272756596008,0.020143076668766535
1473491,2025,8,6,0,34.0,15.181818181818182,7.777777777777778,-88.11999999999998,4,6,death_plus_v7_gap_mid,0.010025378064649086,0.018592055272177593
1473491,2025,8,7,0,34.0,15.323076923076922,7.745454545454546,-88.30000000000001,4,6,death_plus_v7_gap_mid,0.009446883454872958,0.0176725283544442
1473491,2025,9,1,0,34.0,15.323076923076922,7.745454545454546,-88.30000000000001,4,6,death_plus_v7_gap_mid,0.009664104146861027,0.021028947089553076
1473491,2025,9,2,0,34.0,15.46875,7.714285714285715,-88.47999999999999,4,6,death_plus_v7_gap_mid,0.009523066174366147,0.020776402676179324
1473491,2025,9,3,0,34.0,15.714285714285715,7.578947368421052,-89.66000000000003,4,6,death_plus_v7_gap_mid,0.00897184342288996,0.019782584166303505
1473491,2025,9,4,0,34.0,15.870967741935484,7.551724137931034,-89.83999999999997,4,6,death_plus_v7_gap_mid,0.008948023106576834,0.01973938672852691
1473491,2025,9,5,0,34.0,16.131147540983605,7.423728813559322,-103.01666666666668,5,5,death_plus_v7_gap_mid,0.0037233231949347486,0.009579690012986492
1473491,2025,9,6,0,34.0,16.3,7.4,-103.0,5,5,death_plus_v7_gap_mid,0.003907486760584136,0.009969587820246968
1473491,2025,10,1,0,34.0,16.576271186440678,7.278688524590164,-103.98333333333332,5,5,death_plus_v7_gap_mid,0.0036677880664533575,0.007666132622745633
1473491,2025,10,2,0,34.0,16.862068965517242,7.161290322580646,-104.96666666666667,5,5,death_plus_v7_gap_mid,0.0032898731025001854,0.0069741475520238285
1473491,2025,10,3,0,34.0,16.736842105263158,7.428571428571429,-101.94999999999999,5,5,death_plus_v7_gap_mid,0.003760754350940772,0.007834870767210069
1473491,2025,10,4,0,34.0,17.035714285714285,7.3125,-102.93333333333331,5,5,death_plus_v7_gap_mid,0.0035342543018663476,0.007422759935629765
1473491,2025,10,5,0,34.0,17.345454545454547,7.199999999999999,-103.91666666666669,5,5,death_plus_v7_gap_mid,0.0033892050390900014,0.007157008213787459
1473491,2025,10,6,0,34.0,17.555555555555557,7.181818181818182,-103.9,5,5,death_plus_v7_gap_mid,0.003279040663876033,0.0069541621023163115
1473491,2025,11,1,0,34.0,17.20754716981132,7.611940298507463,-98.88333333333333,5,5,death_plus_v7_gap_mid,0.004048957654008438,0.008070473774411432
1473491,2025,11,2,0,34.0,17.423076923076923,7.588235294117647,-98.86666666666667,5,5,death_plus_v7_gap_mid,0.003859769644862157,0.007736707980911688
1473491,2025,11,3,0,34.0,17.058823529411764,8.0,-93.85,5,5,death_plus_v7_gap_mid,0.00545086185546031,0.010490631432289116
1473491,2025,11,4,0,34.0,16.919999999999998,8.228571428571428,-90.83333333333331,5,5,death_plus_v7_gap_mid,0.006647257528189015,0.012495398815219813
1473491,2025,11,5,0,34.0,17.26530612244898,8.112676056338028,-91.81666666666669,5,5,death_plus_v7_gap_mid,0.006392001184539408,0.012071687443546036
1473491,2025,11,6,0,34.0,17.125,8.333333333333332,-88.80000000000001,5,5,death_plus_v7_gap_mid,0.007946996576421759,0.01462336738945765
1473491,2025,12,1,0,34.0,17.361702127659576,8.301369863013699,-88.78333333333333,5,5,death_plus_v7_gap_mid,0.006929171879299356,0.011823929041290548
1473491,2025,12,2,0,34.0,16.956521739130437,8.675675675675677,-83.76666666666668,5,5,death_plus_v7_gap_mid,0.010379902449914491,0.01696739631894461
1473491,2025,12,3,0,34.0,17.333333333333332,8.56,-84.75,5,5,death_plus_v7_gap_mid,0.009238068560684917,0.015290163497242602
1473491,2025,12,4,0,34.0,16.90909090909091,8.921052631578949,-79.73333333333332,5,5,death_plus_v7_gap_mid,0.012567051811582365,0.020124427098081623
1473491,2025,12,5,0,34.0,17.16279069767442,8.883116883116884,-79.71666666666667,5,5,death_plus_v7_gap_mid,0.011272444761130837,0.018263996666685003
1473491,2025,12,6,0,34.0,17.285714285714285,8.923076923076923,-78.69999999999999,5,5,death_plus_v7_gap_mid,0.0117419732145147,0.018941395665284768
1473491,2025,12,7,0,34.0,17.70731707317073,8.810126582278482,-79.68333333333331,5,5,death_plus_v7_gap_mid,0.010277828984148026,0.016818334251542208
1473491,2025,13,1,0,34.0,17.414634146341463,8.962025316455696,-77.68333333333331,5,5,death_plus_v7_gap_mid,0.012231691219140235,0.016967337459782048
1473491,2025,13,2,0,34.0,17.700000000000003,8.925,-77.66666666666669,5,5,death_plus_v7_gap_mid,0.010769695285390096,0.015086386833296639
1473491,2025,13,3,0,34.0,17.538461538461537,9.11111111111111,-74.65,5,5,death_plus_v7_gap_mid,0.01357057470992476,0.018673968121957592
1473491,2025,13,4,0,34.0,17.842105263157897,9.073170731707318,-74.63333333333333,5,5,death_plus_v7_gap_mid,0.011702305727322495,0.0162884571757661
1473491,2025,13,5,0,34.0,18.16216216216216,9.036144578313253,-74.61666666666667,5,5,death_plus_v7_gap_mid,0.010274111473669686,0.01444425647319344
1473491,2025,13,6,0,34.0,18.5,9.0,-74.6,5,5,death_plus_v7_gap_mid,0.00926513194095814,0.013129126012116075
1473491,2025,14,1,0,34.0,18.857142857142858,8.964705882352941,-74.58333333333331,5,5,death_plus_v7_gap_mid,0.00821292374891325,0.01100552173015915
1473491,2025,14,2,0,34.0,19.235294117647058,8.930232558139535,-74.56666666666669,5,5,death_plus_v7_gap_mid,0.00672012529714896,0.009119601417238013
1473491,2025,14,3,0,34.0,19.636363636363637,8.896551724137932,-74.55000000000001,5,5,death_plus_v7_gap_mid,0.0059326892376407574,0.008114140842850054
1473491,2025,14,4,0,34.0,20.0625,8.863636363636363,-74.53333333333333,5,5,death_plus_v7_gap_mid,0.005589637712823779,0.007673474864354407
1473491,2025,14,5,0,34.0,20.516129032258064,8.831460674157304,-74.51666666666668,5,5,death_plus_v7_gap_mid,0.005092746324500372,0.007032081490684103
1473491,2025,14,6,0,34.0,20.4,9.0,-71.5,5,5,death_plus_v7_gap_mid,0.005710895778338342,0.00782942967977705
1473491,2025,14,7,0,34.0,19.862068965517242,9.296703296703297,-66.48333333333332,5,5,death_plus_v7_gap_mid,0.008475357771325551,0.011334638900661975
1473491,2025,14,8,0,34.0,20.142857142857142,9.326086956521738,-65.46666666666667,5,5,death_plus_v7_gap_mid,0.008199228159728329,0.010988327476643044
1473491,2025,15,1,0,34.0,19.03448275862069,9.56043956043956,-62.48333333333332,5,5,death_plus_v7_gap_mid,0.011748905855832482,0.014638925320224696
1473491,2025,15,2,0,34.0,19.5,9.521739130434781,-62.46666666666667,5,5,death_plus_v7_gap_mid,0.010488532482526068,0.013144014375137193
1473491,2025,15,3,0,34.0,20.0,9.483870967741936,-62.44999999999999,5,5,death_plus_v7_gap_mid,0.00895873947791317,0.011316645149375854
1473491,2025,15,4,0,34.0,20.538461538461537,9.446808510638299,-62.43333333333331,5,5,death_plus_v7_gap_mid,0.008134154683057358,0.010325032442375459
1473491,2025,15,5,0,34.0,21.12,9.410526315789474,-62.416666666666686,5,5,death_plus_v7_gap_mid,0.007045501662331342,0.00900774328831489
1473491,2025,15,6,0,34.0,22.0,9.3125,-63.400000000000006,5,5,death_plus_v7_gap_mid,0.0063359728035696835,0.0081436208045576
1473493,2025,7,1,1,-22.19999999999999,8.96103896103896,5.72093023255814,-24.487499999999997,1,9,death_plus_v7_gap_mid,0.6939749132082157,0.6625331857056549
1473493,2025,7,2,1,-22.19999999999999,8.763157894736842,6.136363636363637,-21.650000000000006,1,9,death_plus_v7_gap_mid,0.7464130880167579,0.709667594902666
1473493,2025,7,3,1,-22.19999999999999,8.799999999999999,6.133333333333333,-21.8125,1,9,death_plus_v7_gap_mid,0.7390996908030478,0.7029954850270728
1473493,2025,7,4,1,-22.19999999999999,8.837837837837839,6.130434782608696,-21.974999999999994,1,9,death_plus_v7_gap_mid,0.7440062852489069,0.7074679141555485
1473493,2025,7,5,1,-22.19999999999999,8.876712328767123,6.127659574468085,-22.137500000000003,1,9,death_plus_v7_gap_mid,0.7460287367747731,0.7093160575751369
1473493,2025,7,6,1,-22.19999999999999,8.916666666666668,6.125,-22.299999999999997,1,9,death_plus_v7_gap_mid,0.7423111045906792,0.7059209415472247
1473493,2025,7,7,1,-22.19999999999999,8.95774647887324,6.122448979591837,-22.462500000000006,1,9,death_plus_v7_gap_mid,0.7322980442160565,0.6968213304008668
1473493,2025,7,8,1,-22.19999999999999,8.571428571428571,6.720000000000001,-17.625,1,9,death_plus_v7_gap_mid,0.7803619764845082,0.7411449510326178
1473493,2025,7,9,1,-22.19999999999999,8.608695652173912,6.705882352941177,-17.78750000000001,1,9,death_plus_v7_gap_mid,0.776765236365601,0.7377672375198869
1473493,2025,7,10,1,-22.19999999999999,8.647058823529411,6.6923076923076925,-17.950000000000003,1,9,death_plus_v7_gap_mid,0.7723199997623679,0.7336075453649247
1473493,2025,7,11,1,-22.19999999999999,8.776119402985074,6.566037735849056,-19.112499999999997,1,9,death_plus_v7_gap_mid,0.7706799390113832,0.7320768905539836
1473493,2025,8,1,1,-22.19999999999999,8.197183098591548,7.224489795918368,-13.462500000000006,1,9,death_plus_v7_gap_mid,0.8001194759249773,0.7650385881408343
1473493,2025,8,2,1,-22.19999999999999,8.314285714285713,7.08,-14.625,1,9,death_plus_v7_gap_mid,0.7914509704460528,0.7566845594523363
1473493,2025,8,3,1,-22.19999999999999,8.347826086956522,7.0588235294117645,-14.787500000000009,1,9,death_plus_v7_gap_mid,0.7867060523098431,0.7521381257174331
1473493,2025,8,4,1,-22.19999999999999,8.382352941176471,7.038461538461538,-14.950000000000003,1,9,death_plus_v7_gap_mid,0.7937396457506467,0.7588840638330084
1473493,2025,8,5,1,-22.19999999999999,8.417910447761194,7.018867924528301,-15.112499999999997,1,9,death_plus_v7_gap_mid,0.7892058802277836,0.7545311176772538
1473493,2025,8,6,1,-22.19999999999999,8.454545454545455,7.0,-15.274999999999977,1,9,death_plus_v7_gap_mid,0.7924172897210437,0.7576127011249892
1473493,2025,9,1,1,-22.19999999999999,8.492307692307692,6.9818181818181815,-15.4375,1,9,death_plus_v7_gap_mid,0.7884311599715232,0.7505724234065869
1473493,2025,9,2,1,-22.19999999999999,8.53125,6.964285714285715,-15.600000000000009,1,9,death_plus_v7_gap_mid,0.7844116157009364,0.7468293107758266
1473493,2025,9,3,1,-22.19999999999999,8.571428571428571,6.947368421052632,-15.762499999999989,1,9,death_plus_v7_gap_mid,0.7758159874628971,0.7388715300258013
1473493,2025,9,4,1,-22.19999999999999,8.70967741935484,6.827586206896552,-16.924999999999983,1,9,death_plus_v7_gap_mid,0.7695110623003047,0.7330731627693584
1473493,2025,9,5,1,-22.19999999999999,8.754098360655739,6.813559322033899,-17.08749999999999,1,9,death_plus_v7_gap_mid,0.7692098078890992,0.732796902797494
1473493,2025,9,6,1,-22.19999999999999,8.799999999999999,6.8,-17.25,1,9,death_plus_v7_gap_mid,0.767482327786009,0.7312141134235992
1473493,2025,10,1,1,-22.19999999999999,8.542372881355933,7.081967213114754,-14.412499999999994,1,9,death_plus_v7_gap_mid,0.7983790646992364,0.7744034856032801
1473493,2025,10,2,1,-22.19999999999999,8.689655172413794,6.967741935483872,-15.574999999999989,1,9,death_plus_v7_gap_mid,0.787604394717015,0.7642297220483399
1473493,2025,10,3,1,-22.19999999999999,8.736842105263158,6.9523809523809526,-15.737499999999997,1,9,death_plus_v7_gap_mid,0.7794757398774659,0.7566038562399542
1473493,2025,10,4,1,-22.19999999999999,8.892857142857142,6.84375,-16.89999999999999,1,9,death_plus_v7_gap_mid,0.7715823261977484,0.749236830960151
1473493,2025,10,5,1,-22.19999999999999,8.945454545454545,6.8307692307692305,-17.0625,1,9,death_plus_v7_gap_mid,0.770732706345071,0.7484460213586199
1473493,2025,10,6,1,-22.19999999999999,8.88888888888889,6.90909090909091,-16.224999999999994,1,9,death_plus_v7_gap_mid,0.7828122036788538,0.7597289927421921
1473493,2025,11,1,1,-22.19999999999999,8.943396226415093,6.895522388059701,-16.387500000000003,1,9,death_plus_v7_gap_mid,0.7758312862527236,0.7626411700841047
1473493,2025,11,2,1,-22.19999999999999,9.0,6.88235294117647,-16.549999999999997,1,9,death_plus_v7_gap_mid,0.7822546197720516,0.7685752519527111
1473493,2025,11,3,1,-22.19999999999999,9.176470588235293,6.782608695652174,-24.299999999999983,2,8,death_plus_v7_gap_mid,0.6874304136642337,0.6825318806355436
1473493,2025,11,4,1,-22.19999999999999,9.36,6.685714285714286,-25.33333333333333,2,8,death_plus_v7_gap_mid,0.7335571965628789,0.7240163180421548
1473493,2025,11,5,1,-22.19999999999999,9.428571428571429,6.67605633802817,-25.366666666666674,2,8,death_plus_v7_gap_mid,0.7328903802713445,0.7234122923730913
1473493,2025,11,6,1,-22.19999999999999,9.625,6.583333333333334,-26.39999999999999,2,8,death_plus_v7_gap_mid,0.7409399390319489,0.7307137024636668
1473493,2025,12,1,1,-22.19999999999999,9.829787234042554,6.493150684931507,-27.433333333333337,2,8,death_plus_v7_gap_mid,0.7089358872963731,0.6979078204003418
1473493,2025,12,2,1,-22.19999999999999,10.043478260869566,6.405405405405405,-28.46666666666667,2,8,death_plus_v7_gap_mid,0.6610201011306425,0.6541807970714606
1473493,2025,12,3,1,-22.19999999999999,10.266666666666666,6.319999999999999,-29.5,2,8,death_plus_v7_gap_mid,0.6578027422497428,0.6512619437198321
1473493,2025,12,4,1,-22.19999999999999,10.363636363636363,6.315789473684211,-29.53333333333333,2,8,death_plus_v7_gap_mid,0.6507550512449575,0.6448744198948697
1473493,2025,12,5,1,-22.19999999999999,10.046511627906977,6.545454545454545,-26.566666666666677,2,8,death_plus_v7_gap_mid,0.7252104902139167,0.712892725245328
1473493,2025,12,6,1,-22.19999999999999,9.714285714285715,6.769230769230769,-23.599999999999994,2,8,death_plus_v7_gap_mid,0.7630018944426805,0.7480285643298676
1473493,2025,12,7,1,-22.19999999999999,9.073170731707318,7.139240506329113,-18.633333333333326,2,8,death_plus_v7_gap_mid,0.837225758529309,0.8189516930134678
1473493,2025,13,1,1,-22.19999999999999,8.926829268292682,7.215189873417721,-17.633333333333326,2,8,death_plus_v7_gap_mid,0.8478564587266071,0.8328132740094685
1473493,2025,13,2,1,-22.19999999999999,9.0,7.199999999999999,-17.66666666666667,2,8,death_plus_v7_gap_mid,0.8469733923081986,0.8319296601908881
1473493,2025,13,3,1,-22.19999999999999,9.076923076923077,7.185185185185185,-17.700000000000003,2,8,death_plus_v7_gap_mid,0.8546773720654246,0.839654669873292
1473493,2025,13,4,1,-22.19999999999999,8.368421052631579,7.536585365853659,-12.73333333333332,2,8,death_plus_v7_gap_mid,0.8884152920556336,0.8739696767720949
1473493,2025,13,5,1,-22.19999999999999,8.27027027027027,7.590361445783133,-11.766666666666666,2,8,death_plus_v7_gap_mid,0.8900591787736548,0.8756645450667565
1473493,2025,13,6,1,-22.19999999999999,8.166666666666668,7.642857142857142,-10.799999999999997,2,8,death_plus_v7_gap_mid,0.893000053175738,0.8787025799915805
1473493,2025,14,1,1,-22.19999999999999,8.399999999999999,7.552941176470588,-11.833333333333329,2,8,death_plus_v7_gap_mid,0.8909420037566951,0.8785443551463938
1473493,2025,14,2,1,-22.19999999999999,7.9411764705882355,7.744186046511628,-8.86666666666666,2,8,death_plus_v7_gap_mid,0.9038870310061158,0.8919656880581295
1473493,2025,14,3,1,-22.19999999999999,8.0,7.724137931034482,-8.900000000000006,2,8,death_plus_v7_gap_mid,0.9030609860116672,0.8911051673508852
1473493,2025,14,4,1,-22.19999999999999,8.0625,7.704545454545455,-8.933333333333323,2,8,death_plus_v7_gap_mid,0.8980337367732989,0.8858803900311507
1473493,2025,14,5,1,-22.19999999999999,8.322580645161292,7.617977528089888,-13.970833333333317,3,7,death_plus_v7_gap_mid,0.8749248095924567,0.862110504716964
1473493,2025,14,6,1,-22.19999999999999,8.6,7.533333333333333,-14.875,3,7,death_plus_v7_gap_mid,0.8685871085727416,0.8556552113195155
1473493,2025,15,1,1,-22.19999999999999,8.689655172413794,7.516483516483516,-14.779166666666669,3,7,death_plus_v7_gap_mid,0.8696516070837998,0.8601234053216716
1473493,2025,15,2,1,-22.19999999999999,8.785714285714285,7.5,-14.683333333333337,3,7,death_plus_v7_gap_mid,0.8667530184496581,0.8571969561265675
1473493,2025,15,3,1,-22.19999999999999,9.11111111111111,7.419354838709678,-19.07499999999999,4,6,death_plus_v7_gap_mid,0.8171831811163828,0.8076904681180745
1473493,2025,15,4,1,-22.19999999999999,9.230769230769232,7.404255319148936,-18.849999999999994,4,6,death_plus_v7_gap_mid,0.8098613568346538,0.8004525070811334
1473493,2025,15,5,1,-22.19999999999999,9.36,7.389473684210527,-18.625,4,6,death_plus_v7_gap_mid,0.8006061213238692,0.791326656058715
1473493,2025,15,6,1,-22.19999999999999,9.5,7.375,-18.400000000000006,4,6,death_plus_v7_gap_mid,0.7878126442035288,0.7787522500766021
1473494,2025,7,1,1,-18.428571428571416,8.25974025974026,10.325581395348838,-47.57083333333334,5,5,death_plus_v7_gap_mid,0.11141824962921645,0.14700341080316717
1473494,2025,7,2,1,-18.428571428571416,8.289473684210526,10.227272727272727,-47.31666666666666,5,5,death_plus_v7_gap_mid,0.1165349169148891,0.15242389136911544
1473494,2025,7,3,1,-18.428571428571416,8.399999999999999,10.0,-48.0625,5,5,death_plus_v7_gap_mid,0.11562945210137993,0.15146830820460128
1473494,2025,7,4,1,-18.428571428571416,8.35135135135135,10.043478260869566,-46.80833333333334,5,5,death_plus_v7_gap_mid,0.12657014573518197,0.16291495852375842
1473494,2025,7,5,1,-18.428571428571416,8.383561643835616,9.957446808510639,-46.55416666666666,5,5,death_plus_v7_gap_mid,0.12171441025383042,0.15786100663870004
1473494,2025,7,6,1,-18.428571428571416,8.416666666666666,9.875,-46.3,5,5,death_plus_v7_gap_mid,0.1182311197404404,0.1542098616518251
1473494,2025,8,1,1,-18.428571428571416,8.535211267605634,9.673469387755102,-47.04583333333332,5,5,death_plus_v7_gap_mid,0.11986424533312297,0.15066704475498965
1473494,2025,8,2,1,-18.428571428571416,8.571428571428571,9.600000000000001,-46.79166666666666,5,5,death_plus_v7_gap_mid,0.12231549564361892,0.15322156971919548
1473494,2025,8,3,1,-18.428571428571416,8.173913043478262,10.117647058823529,-41.53750000000001,5,5,death_plus_v7_gap_mid,0.16707468049795626,0.19843620660018402
1473494,2025,8,4,1,-18.428571428571416,8.294117647058822,9.923076923076923,-42.28333333333333,5,5,death_plus_v7_gap_mid,0.16641225872280246,0.19778429241532963
1473494,2025,8,5,1,-18.428571428571416,8.417910447761194,9.735849056603774,-43.02916666666667,5,5,death_plus_v7_gap_mid,0.15997435569801155,0.19142430560223073
1473494,2025,8,6,1,-18.428571428571416,8.363636363636363,9.777777777777777,-41.775000000000006,5,5,death_plus_v7_gap_mid,0.1708229217536428,0.2021164866554144
1473494,2025,9,1,1,-18.428571428571416,8.399999999999999,9.709090909090909,-41.52083333333334,5,5,death_plus_v7_gap_mid,0.16467086634943065,0.2072015184274634
1473494,2025,9,2,1,-18.428571428571416,8.53125,9.535714285714285,-42.26666666666668,5,5,death_plus_v7_gap_mid,0.16287727322760132,0.20541875458163966
1473494,2025,9,3,1,-18.428571428571416,8.666666666666666,9.368421052631579,-43.01250000000002,5,5,death_plus_v7_gap_mid,0.15659643554816094,0.19914127303018372
1473494,2025,9,4,1,-18.428571428571416,8.806451612903226,9.206896551724139,-43.758333333333326,5,5,death_plus_v7_gap_mid,0.15396516983205566,0.1964949501951206
1473494,2025,9,5,1,-18.428571428571416,8.852459016393443,9.152542372881356,-43.50416666666666,5,5,death_plus_v7_gap_mid,0.15701104196983087,0.19955735091465093
1473494,2025,9,6,1,-18.428571428571416,8.9,9.1,-43.25,5,5,death_plus_v7_gap_mid,0.1580287087011711,0.20057760114939976
1473494,2025,9,7,1,-18.428571428571416,8.847457627118644,9.147540983606557,-41.99583333333334,5,5,death_plus_v7_gap_mid,0.16595532200879143,0.20847559228218768
1473494,2025,10,1,1,-18.428571428571416,8.23728813559322,9.737704918032787,-35.99583333333334,5,5,death_plus_v7_gap_mid,0.25502738643190953,0.2880715741097222
1473494,2025,10,2,1,-18.428571428571416,7.965517241379311,9.967741935483872,-32.741666666666674,5,5,death_plus_v7_gap_mid,0.3051205324690433,0.3346224082150041
1473494,2025,10,3,1,-18.428571428571416,7.684210526315789,10.19047619047619,-29.487499999999983,5,5,death_plus_v7_gap_mid,0.4143775415630474,0.43274838088857187
1473494,2025,10,4,1,-18.428571428571416,7.178571428571429,10.59375,-24.23333333333332,5,5,death_plus_v7_gap_mid,0.5530518926698798,0.5541556859936234
1473494,2025,10,5,1,-18.428571428571416,6.654545454545454,10.984615384615385,-18.979166666666686,5,5,death_plus_v7_gap_mid,0.6835746470242193,0.6691053508317447
1473494,2025,10,6,1,-18.428571428571416,6.333333333333334,11.181818181818182,-15.724999999999994,5,5,death_plus_v7_gap_mid,0.7296254677970032,0.7106288312423602
1473494,2025,11,1,1,-18.428571428571416,6.339622641509434,11.104477611940299,-15.470833333333331,5,5,death_plus_v7_gap_mid,0.7248400578569609,0.7161311313624915
1473494,2025,11,2,1,-18.428571428571416,6.346153846153847,11.029411764705882,-15.216666666666669,5,5,death_plus_v7_gap_mid,0.7423490959905141,0.7319941489612032
1473494,2025,11,3,1,-18.428571428571416,6.470588235294118,10.869565217391305,-15.962500000000006,5,5,death_plus_v7_gap_mid,0.7281964991917824,0.7191644287957587
1473494,2025,11,4,1,-18.428571428571416,6.6000000000000005,10.714285714285715,-16.708333333333314,5,5,death_plus_v7_gap_mid,0.7181679324539858,0.7101113705315671
1473494,2025,11,5,1,-18.428571428571416,6.612244897959183,10.647887323943662,-16.45416666666668,5,5,death_plus_v7_gap_mid,0.7189933563377683,0.7108553865314259
1473494,2025,11,6,1,-18.428571428571416,6.625,10.583333333333332,-16.200000000000017,5,5,death_plus_v7_gap_mid,0.7317770370152767,0.7224041066114192
1473494,2025,12,1,1,-18.428571428571416,6.76595744680851,10.438356164383562,-23.95666666666665,6,4,death_plus_v7_gap_mid,0.5067921455243676,0.5153928868719149
1473494,2025,12,2,1,-18.428571428571416,6.782608695652174,10.378378378378379,-23.55333333333334,6,4,death_plus_v7_gap_mid,0.4798572787472444,0.49117776597354623
1473494,2025,12,3,1,-18.428571428571416,6.933333333333333,10.24,-24.150000000000006,6,4,death_plus_v7_gap_mid,0.4893611795753018,0.49972790420787433
1473494,2025,12,4,1,-18.428571428571416,7.090909090909092,10.105263157894736,-24.74666666666667,6,4,death_plus_v7_gap_mid,0.49380152901977875,0.5037202540788617
1473494,2025,12,5,1,-18.428571428571416,7.116279069767442,10.051948051948052,-24.343333333333334,6,4,death_plus_v7_gap_mid,0.4901528205299248,0.5004397787799296
1473494,2025,12,6,1,-18.428571428571416,7.285714285714285,9.923076923076923,-24.939999999999998,6,4,death_plus_v7_gap_mid,0.45909208727113593,0.47246712029870225
1473494,2025,13,1,1,-18.428571428571416,7.317073170731707,9.873417721518988,-24.53666666666666,6,4,death_plus_v7_gap_mid,0.4797706140707053,0.484419447137617
1473494,2025,13,2,1,-18.428571428571416,7.3500000000000005,9.825,-24.133333333333326,6,4,death_plus_v7_gap_mid,0.4749734306665,0.47996762289752565
1473494,2025,13,3,1,-18.428571428571416,7.538461538461538,9.703703703703704,-24.72999999999999,6,4,death_plus_v7_gap_mid,0.4500281995383286,0.4567978106140138
1473494,2025,13,4,1,-18.428571428571416,7.7368421052631575,9.585365853658537,-25.326666666666654,6,4,death_plus_v7_gap_mid,0.415146797730117,0.42431750911560695
1473494,2025,13,5,1,-18.428571428571416,7.783783783783784,9.542168674698795,-24.923333333333346,6,4,death_plus_v7_gap_mid,0.4133273635386484,0.42261996222659276
1473494,2025,13,6,1,-18.428571428571416,8.0,9.428571428571429,-25.52000000000001,6,4,death_plus_v7_gap_mid,0.37484231100464327,0.38661308543192063
1473494,2025,14,1,1,-18.428571428571416,8.228571428571428,9.31764705882353,-26.116666666666674,6,4,death_plus_v7_gap_mid,0.385884520972238,0.3938617763559925
1473494,2025,14,2,1,-18.428571428571416,8.294117647058822,9.279069767441861,-25.71333333333334,6,4,death_plus_v7_gap_mid,0.38957020882530335,0.39734933168639575
1473494,2025,14,3,1,-18.428571428571416,8.545454545454547,9.172413793103448,-26.310000000000002,6,4,death_plus_v7_gap_mid,0.36776371562506305,0.3766913989010799
1473494,2025,14,4,1,-18.428571428571416,8.625,9.136363636363637,-25.906666666666666,6,4,death_plus_v7_gap_mid,0.3674954672510208,0.376436905501289
1473494,2025,14,5,1,-18.428571428571416,7.741935483870968,9.438202247191011,-20.50333333333333,6,4,death_plus_v7_gap_mid,0.5296225407066574,0.5291843188994485
1473494,2025,14,6,1,-18.428571428571416,8.0,9.333333333333334,-21.099999999999994,6,4,death_plus_v7_gap_mid,0.4934193061513994,0.49517223213883776
1473494,2025,15,1,1,-18.428571428571416,8.275862068965518,9.230769230769232,-21.69666666666666,6,4,death_plus_v7_gap_mid,0.46442193357591754,0.46854333474187587
1473494,2025,15,2,1,-18.428571428571416,8.357142857142858,9.195652173913043,-21.293333333333322,6,4,death_plus_v7_gap_mid,0.4672833004413185,0.47126994691759383
1473494,2025,15,3,1,-18.428571428571416,8.666666666666666,9.096774193548388,-21.890000000000015,6,4,death_plus_v7_gap_mid,0.4542696436116081,0.4588661932586765
1473494,2025,15,4,1,-18.428571428571416,8.076923076923077,9.25531914893617,-18.48666666666668,6,4,death_plus_v7_gap_mid,0.588921831027909,0.5870844138066867
1473494,2025,15,5,1,-18.428571428571416,8.16,9.221052631578946,-18.083333333333314,6,4,death_plus_v7_gap_mid,0.5841820091495793,0.582567027219013
1473494,2025,15,6,1,-18.428571428571416,8.25,9.1875,-17.67999999999998,6,4,death_plus_v7_gap_mid,0.6051835067350794,0.602591553623317
1473497,2025,7,1,0,35.14285714285714,9.74025974025974,13.25581395348837,2.4724999999999966,1,9,death_plus_v7_gap_mid,0.6784486184895648,0.6488526270465232
1473497,2025,7,2,0,35.14285714285714,9.868421052631579,12.954545454545455,0.8299999999999841,1,9,death_plus_v7_gap_mid,0.6623690503889262,0.6347936008817637
1473497,2025,7,3,0,35.14285714285714,9.52,13.466666666666667,5.1875,1,9,death_plus_v7_gap_mid,0.7549301015845173,0.7174836676381874
1473497,2025,7,4,0,35.14285714285714,9.486486486486488,13.434782608695652,5.545000000000016,1,9,death_plus_v7_gap_mid,0.7585561816830699,0.7208269704533983
1473497,2025,7,5,0,35.14285714285714,9.534246575342465,13.27659574468085,4.902500000000003,1,9,death_plus_v7_gap_mid,0.7149949303060523,0.6812405424606647
1473497,2025,7,6,0,35.14285714285714,9.583333333333334,13.125,4.260000000000005,1,9,death_plus_v7_gap_mid,0.71339766874117,0.6798108850176977
1473497,2025,8,1,0,35.14285714285714,9.633802816901408,12.979591836734695,3.6174999999999926,1,9,death_plus_v7_gap_mid,0.7183101575842827,0.6883392637768728
1473497,2025,8,2,0,35.14285714285714,9.600000000000001,12.96,3.9750000000000085,1,9,death_plus_v7_gap_mid,0.7264220526415953,0.6957588601905796
1473497,2025,8,3,0,35.14285714285714,9.652173913043478,12.823529411764707,3.332499999999996,1,9,death_plus_v7_gap_mid,0.7249982375233701,0.694454065818545
1473497,2025,8,4,0,35.14285714285714,9.794117647058822,12.576923076923077,-10.719999999999999,2,8,death_plus_v7_gap_mid,0.49706118656936943,0.4941336409060273
1473497,2025,8,5,0,35.14285714285714,9.940298507462686,12.339622641509436,-12.179999999999978,2,8,death_plus_v7_gap_mid,0.46027241168726685,0.462467091972014
1473497,2025,8,6,0,35.14285714285714,10.0,12.222222222222223,-12.639999999999986,2,8,death_plus_v7_gap_mid,0.46138877104341514,0.4634285883950954
1473497,2025,9,1,0,35.14285714285714,10.153846153846153,12.0,-14.099999999999994,2,8,death_plus_v7_gap_mid,0.4607064943182221,0.46932495137987823
1473497,2025,9,2,0,35.14285714285714,10.21875,11.892857142857142,-14.559999999999988,2,8,death_plus_v7_gap_mid,0.45452597966966396,0.4641726747162781
1473497,2025,9,3,0,35.14285714285714,10.285714285714285,11.789473684210526,-15.019999999999996,2,8,death_plus_v7_gap_mid,0.44796541438403353,0.4586991525464877
1473497,2025,9,4,0,35.14285714285714,10.451612903225806,11.586206896551724,-16.47999999999999,2,8,death_plus_v7_gap_mid,0.4453703163923231,0.45653265935391035
1473497,2025,9,5,0,35.14285714285714,10.524590163934427,11.491525423728813,-16.939999999999998,2,8,death_plus_v7_gap_mid,0.4469058636811889,0.45781469591105145
1473497,2025,9,6,0,35.14285714285714,10.6,11.399999999999999,-17.400000000000006,2,8,death_plus_v7_gap_mid,0.4487405014692553,0.45934606896585317
1473497,2025,10,1,0,35.14285714285714,10.779661016949152,11.213114754098362,-18.860000000000014,2,8,death_plus_v7_gap_mid,0.4376925454511565,0.45329686417838544
1473497,2025,10,2,0,35.14285714285714,10.965517241379311,11.032258064516128,-30.905,3,7,death_plus_v7_gap_mid,0.3046605907312443,0.33420053523127197
1473497,2025,10,3,0,35.14285714285714,11.157894736842106,10.857142857142858,-32.182500000000005,3,7,death_plus_v7_gap_mid,0.3018824659604441,0.3316503738697571
1473497,2025,10,4,0,35.14285714285714,11.142857142857142,10.875,-31.460000000000008,3,7,death_plus_v7_gap_mid,0.3264694211100756,0.3541069928845454
1473497,2025,10,5,0,35.14285714285714,11.236363636363636,10.8,-31.73750000000001,3,7,death_plus_v7_gap_mid,0.3164352451228166,0.3449721946628933
1473497,2025,10,6,0,35.14285714285714,11.222222222222223,10.818181818181818,-31.015000000000015,3,7,death_plus_v7_gap_mid,0.32967092241816975,0.35701334551043834
1473497,2025,11,1,0,35.14285714285714,11.433962264150944,10.656716417910449,-32.29250000000002,3,7,death_plus_v7_gap_mid,0.31721954378062933,0.35153998724705493
1473497,2025,11,2,0,35.14285714285714,11.192307692307693,10.852941176470589,-29.569999999999993,3,7,death_plus_v7_gap_mid,0.34859022423948655,0.38059331088484427
1473497,2025,11,3,0,35.14285714285714,11.294117647058822,10.782608695652174,-29.847499999999997,3,7,death_plus_v7_gap_mid,0.3481166447062817,0.3801575893042533
1473497,2025,11,4,0,35.14285714285714,11.399999999999999,10.714285714285715,-30.12499999999997,3,7,death_plus_v7_gap_mid,0.335769912543103,0.3687678541220293
1473497,2025,11,5,0,35.14285714285714,11.63265306122449,10.563380281690142,-31.402499999999975,3,7,death_plus_v7_gap_mid,0.33352732856860423,0.3666927113561636
1473497,2025,11,6,0,35.14285714285714,11.75,10.5,-31.680000000000007,3,7,death_plus_v7_gap_mid,0.33054570866210087,0.363930571777382
1473497,2025,12,1,0,35.14285714285714,11.23404255319149,10.84931506849315,-26.95750000000001,3,7,death_plus_v7_gap_mid,0.3786974960156466,0.39943013381945597
1473497,2025,12,2,0,35.14285714285714,11.347826086956522,10.783783783783784,-27.235000000000014,3,7,death_plus_v7_gap_mid,0.38442243131548604,0.4046727731577153
1473497,2025,12,3,0,35.14285714285714,11.466666666666667,10.719999999999999,-27.512500000000017,3,7,death_plus_v7_gap_mid,0.37130173566987384,0.39264570078788275
1473497,2025,12,4,0,35.14285714285714,11.454545454545455,10.736842105263158,-26.79000000000002,3,7,death_plus_v7_gap_mid,0.38160641681300267,0.40209495946976465
1473497,2025,12,5,0,35.14285714285714,11.58139534883721,10.675324675324676,-27.067500000000024,3,7,death_plus_v7_gap_mid,0.3786734654904758,0.3994081113316224
1473497,2025,12,6,0,35.14285714285714,11.0,11.0,-22.345,3,7,death_plus_v7_gap_mid,0.4422184621381506,0.4572262889604254
1473497,2025,13,1,0,35.14285714285714,11.121951219512196,10.936708860759493,-22.622500000000002,3,7,death_plus_v7_gap_mid,0.43553956891075896,0.4433201603013228
1473497,2025,13,2,0,35.14285714285714,11.399999999999999,10.8,-31.200000000000017,4,6,death_plus_v7_gap_mid,0.32371725036074855,0.33839950572591737
1473497,2025,13,3,0,35.14285714285714,11.692307692307692,10.666666666666666,-32.29499999999999,4,6,death_plus_v7_gap_mid,0.3318233710306142,0.34607910344291615
1473497,2025,13,4,0,35.14285714285714,11.842105263157894,10.609756097560975,-32.390000000000015,4,6,death_plus_v7_gap_mid,0.3271376774249718,0.3416417490798765
1473497,2025,13,5,0,35.14285714285714,12.162162162162163,10.481927710843372,-33.484999999999985,4,6,death_plus_v7_gap_mid,0.3183265024302775,0.33328412162180276
1473497,2025,13,6,0,35.14285714285714,12.333333333333332,10.428571428571429,-33.58000000000001,4,6,death_plus_v7_gap_mid,0.3115958983887221,0.32688762620824435
1473497,2025,14,1,0,35.14285714285714,12.514285714285716,10.376470588235295,-33.67499999999998,4,6,death_plus_v7_gap_mid,0.30305102881723556,0.31496783470514145
1473497,2025,14,2,0,35.14285714285714,12.705882352941178,10.325581395348838,-33.77000000000001,4,6,death_plus_v7_gap_mid,0.32766973911223696,0.3385348310274738
1473497,2025,14,3,0,35.14285714285714,12.0,10.620689655172415,-28.86499999999998,4,6,death_plus_v7_gap_mid,0.357975606511675,0.36739879707128564
1473497,2025,14,4,0,35.14285714285714,12.375,10.5,-29.95999999999998,4,6,death_plus_v7_gap_mid,0.34986433317200977,0.35968771506433017
1473497,2025,14,5,0,35.14285714285714,12.774193548387096,10.382022471910112,-31.055000000000007,4,6,death_plus_v7_gap_mid,0.34501401742394305,0.3550719250569841
1473497,2025,14,6,0,35.14285714285714,13.200000000000001,10.266666666666666,-32.150000000000006,4,6,death_plus_v7_gap_mid,0.34728059994132865,0.3572293689267365
1473497,2025,15,1,0,35.14285714285714,13.655172413793103,10.153846153846153,-33.245000000000005,4,6,death_plus_v7_gap_mid,0.3151395476140014,0.3253776137142927
1473497,2025,15,2,0,35.14285714285714,13.285714285714286,10.304347826086957,-30.340000000000003,4,6,death_plus_v7_gap_mid,0.3580694474065429,0.3667986778135758
1473497,2025,15,3,0,35.14285714285714,13.555555555555554,10.258064516129032,-30.435000000000002,4,6,death_plus_v7_gap_mid,0.3388302706714244,0.34826887485111574
1473497,2025,15,4,0,35.14285714285714,13.153846153846155,10.404255319148936,-27.53,4,6,death_plus_v7_gap_mid,0.3811298743524941,0.3889475566808076
1473497,2025,15,5,0,35.14285714285714,13.440000000000001,10.357894736842105,-27.625,4,6,death_plus_v7_gap_mid,0.36173436299060985,0.37032295221647743
1473497,2025,15,6,0,35.14285714285714,13.75,10.3125,-27.72,4,6,death_plus_v7_gap_mid,0.3371761663636076,0.346673362706798
1473498,2025,7,1,1,1.3157894736842195,10.597402597402597,8.930232558139535,-7.308333333333323,0,10,death_plus_v7_gap_mid,0.6043145140387802,0.5847778018457638
1473498,2025,7,2,1,1.3157894736842195,10.578947368421051,9.0,-6.966666666666669,0,10,death_plus_v7_gap_mid,0.6008543014080142,0.5818264829048998
1473498,2025,7,3,1,1.3157894736842195,10.64,8.933333333333334,-7.625,0,10,death_plus_v7_gap_mid,0.5924187058579123,0.5746427708573036
1473498,2025,7,4,1,1.3157894736842195,10.702702702702702,8.869565217391305,-8.283333333333331,0,10,death_plus_v7_gap_mid,0.5841249783971085,0.5675943969845707
1473498,2025,7,5,1,1.3157894736842195,10.767123287671232,8.808510638297872,-8.941666666666677,0,10,death_plus_v7_gap_mid,0.5790396868883707,0.5632792697612214
1473498,2025,7,6,1,1.3157894736842195,10.833333333333334,8.75,-9.600000000000009,0,10,death_plus_v7_gap_mid,0.5798220762502566,0.5639428566854727
1473498,2025,8,1,1,1.3157894736842195,10.647887323943662,9.061224489795919,-7.258333333333326,0,10,death_plus_v7_gap_mid,0.603493185961682,0.5861784668144412
1473498,2025,8,2,1,1.3157894736842195,10.714285714285715,9.0,-7.916666666666657,0,10,death_plus_v7_gap_mid,0.5951790326434487,0.5789312930473404
1473498,2025,8,3,1,1.3157894736842195,10.347826086956523,9.529411764705882,-3.575000000000003,0,10,death_plus_v7_gap_mid,0.6271206281983207,0.6068584415592453
1473498,2025,8,4,1,1.3157894736842195,10.5,9.346153846153847,-5.233333333333334,0,10,death_plus_v7_gap_mid,0.6127216555736474,0.5942399801191642
1473498,2025,8,5,1,1.3157894736842195,10.567164179104477,9.283018867924529,-5.891666666666666,0,10,death_plus_v7_gap_mid,0.6215631960362182,0.6019820858477635
1473498,2025,8,6,1,1.3157894736842195,10.727272727272727,9.11111111111111,-7.549999999999997,0,10,death_plus_v7_gap_mid,0.620312190377411,0.6008854797332519
1473498,2025,9,1,1,1.3157894736842195,10.8,9.054545454545455,-8.208333333333343,0,10,death_plus_v7_gap_mid,0.6190565639359745,0.6014998215358976
1473498,2025,9,2,1,1.3157894736842195,10.875,9.0,-8.866666666666674,0,10,death_plus_v7_gap_mid,0.6198712996488666,0.6021883278101675
1473498,2025,9,3,1,1.3157894736842195,10.476190476190476,9.473684210526315,-4.5249999999999915,0,10,death_plus_v7_gap_mid,0.6461805640048064,0.6245184316711425
1473498,2025,9,4,1,1.3157894736842195,10.548387096774194,9.413793103448276,-5.183333333333323,0,10,death_plus_v7_gap_mid,0.6432732909239189,0.622040917420443
1473498,2025,9,5,1,1.3157894736842195,10.62295081967213,9.35593220338983,-5.841666666666669,0,10,death_plus_v7_gap_mid,0.6436927692515703,0.622398224107242
1473498,2025,9,6,1,1.3157894736842195,10.700000000000001,9.3,-6.5,0,10,death_plus_v7_gap_mid,0.6471605314212815,0.6253541412184253
1473498,2025,9,7,1,1.3157894736842195,10.881355932203391,9.147540983606557,-8.158333333333331,0,10,death_plus_v7_gap_mid,0.6405003388905464,0.6196803144287719
1473498,2025,10,1,1,1.3157894736842195,10.779661016949152,9.245901639344261,-7.158333333333331,0,10,death_plus_v7_gap_mid,0.6484335664734086,0.6378571045194618
1473498,2025,10,2,1,1.3157894736842195,10.862068965517242,9.193548387096774,-7.816666666666649,0,10,death_plus_v7_gap_mid,0.6336530755308962,0.6247997450352052
1473498,2025,10,3,1,1.3157894736842195,10.94736842105263,9.142857142857142,-8.475000000000009,0,10,death_plus_v7_gap_mid,0.6219526565497575,0.6144927390502659
1473498,2025,10,4,1,1.3157894736842195,10.5,9.5625,-4.133333333333326,0,10,death_plus_v7_gap_mid,0.6494289744229642,0.6387381005601322
1473498,2025,10,5,1,1.3157894736842195,10.581818181818182,9.507692307692308,-4.791666666666686,0,10,death_plus_v7_gap_mid,0.6340025827592757,0.6251080079082044
1473498,2025,10,6,1,1.3157894736842195,10.666666666666666,9.454545454545453,-5.450000000000003,0,10,death_plus_v7_gap_mid,0.6320625190492135,0.6233971734294939
1473498,2025,11,1,1,1.3157894736842195,10.18867924528302,9.850746268656717,-1.1083333333333343,0,10,death_plus_v7_gap_mid,0.6781633189281688,0.6742594708509637
1473498,2025,11,2,1,1.3157894736842195,10.269230769230768,9.794117647058822,-1.7666666666666657,0,10,death_plus_v7_gap_mid,0.6621745506098848,0.6600251206106978
1473498,2025,11,3,1,1.3157894736842195,10.352941176470589,9.73913043478261,-2.424999999999997,0,10,death_plus_v7_gap_mid,0.6600375486783991,0.6581259201175867
1473498,2025,11,4,1,1.3157894736842195,10.44,9.685714285714287,-3.0833333333333144,0,10,death_plus_v7_gap_mid,0.6579832984933436,0.6563009421180658
1473498,2025,11,5,1,1.3157894736842195,10.53061224489796,9.633802816901408,-3.7416666666666742,0,10,death_plus_v7_gap_mid,0.6555805204860707,0.6541671571358704
1473498,2025,11,6,1,1.3157894736842195,10.625,9.583333333333334,-4.3999999999999915,0,10,death_plus_v7_gap_mid,0.6414391259305654,0.6416254884109713
1473498,2025,12,1,1,1.3157894736842195,10.72340425531915,9.534246575342465,-5.058333333333351,0,10,death_plus_v7_gap_mid,0.6534118776006503,0.6472813901538618
1473498,2025,12,2,1,1.3157894736842195,10.695652173913043,9.567567567567567,-4.716666666666669,0,10,death_plus_v7_gap_mid,0.6538982302441798,0.6477221323577912
1473498,2025,12,3,1,1.3157894736842195,10.8,9.52,-5.375,0,10,death_plus_v7_gap_mid,0.646319970824776,0.640858985814533
1473498,2025,12,4,1,1.3157894736842195,10.5,9.710526315789474,-3.0333333333333314,0,10,death_plus_v7_gap_mid,0.6649279283181986,0.6577285928926898
1473498,2025,12,5,1,1.3157894736842195,9.906976744186046,10.051948051948052,1.3083333333333513,0,10,death_plus_v7_gap_mid,0.7595473412103928,0.7447944593979814
1473498,2025,12,6,1,1.3157894736842195,10.0,10.0,0.6500000000000057,0,10,death_plus_v7_gap_mid,0.7565061362202691,0.7419513275790451
1473498,2025,12,7,1,1.3157894736842195,9.658536585365855,10.177215189873417,2.9916666666666742,0,10,death_plus_v7_gap_mid,0.8051185139718806,0.7878964607778741
1473498,2025,13,1,1,1.3157894736842195,9.073170731707318,10.481012658227847,6.991666666666674,0,10,death_plus_v7_gap_mid,0.9072801210483838,0.8935703503123483
1473498,2025,13,2,1,1.3157894736842195,9.149999999999999,10.425,6.333333333333314,0,10,death_plus_v7_gap_mid,0.9021284721751398,0.8881835665550406
1473498,2025,13,3,1,1.3157894736842195,9.076923076923077,10.444444444444445,6.674999999999983,0,10,death_plus_v7_gap_mid,0.9077374674711816,0.8940499009778676
1473498,2025,13,4,1,1.3157894736842195,9.31578947368421,10.317073170731707,5.0166666666666515,0,10,death_plus_v7_gap_mid,0.8905171464730486,0.8761371373411805
1473498,2025,13,5,1,1.3157894736842195,9.405405405405405,10.265060240963855,4.3583333333333485,0,10,death_plus_v7_gap_mid,0.8258899266787565,0.8109662392351797
1473498,2025,13,6,1,1.3157894736842195,9.5,10.214285714285714,3.700000000000017,0,10,death_plus_v7_gap_mid,0.8162357196586154,0.8014458680081844
1473498,2025,14,1,1,1.3157894736842195,8.742857142857142,10.51764705882353,8.041666666666686,0,10,death_plus_v7_gap_mid,0.9229673246273983,0.9120163946630603
1473498,2025,14,2,1,1.3157894736842195,8.823529411764707,10.465116279069768,7.383333333333326,0,10,death_plus_v7_gap_mid,0.9207833460072924,0.9097032240376107
1473498,2025,14,3,1,1.3157894736842195,8.90909090909091,10.413793103448276,6.724999999999994,0,10,death_plus_v7_gap_mid,0.9181681083072495,0.9069398031978505
1473498,2025,14,4,1,1.3157894736842195,9.0,10.363636363636363,6.066666666666663,0,10,death_plus_v7_gap_mid,0.9128704853517442,0.9013628970622655
1473498,2025,14,5,1,1.3157894736842195,9.096774193548388,10.314606741573034,5.408333333333331,0,10,death_plus_v7_gap_mid,0.9108389244307858,0.8992313648217392
1473498,2025,14,6,1,1.3157894736842195,9.200000000000001,10.266666666666666,4.75,0,10,death_plus_v7_gap_mid,0.8429366520137616,0.8297682050725836
1473498,2025,14,7,1,1.3157894736842195,9.517241379310345,10.153846153846153,3.0916666666666686,0,10,death_plus_v7_gap_mid,0.8169936798707633,0.8039229712463594
1473498,2025,15,1,1,1.3157894736842195,8.689655172413794,10.417582417582418,7.091666666666669,0,10,death_plus_v7_gap_mid,0.929600616604316,0.9217361184036733
1473498,2025,15,2,1,1.3157894736842195,8.142857142857142,10.565217391304348,9.433333333333337,0,10,death_plus_v7_gap_mid,0.954892290981793,0.9486049143050566
1473498,2025,15,3,1,1.3157894736842195,8.222222222222223,10.516129032258064,8.775000000000006,0,10,death_plus_v7_gap_mid,0.9456757846851539,0.9387302271154799
1473498,2025,15,4,1,1.3157894736842195,8.307692307692307,10.46808510638298,8.116666666666674,0,10,death_plus_v7_gap_mid,0.9411085085230818,0.9338745664541098
1473498,2025,15,5,1,1.3157894736842195,8.399999999999999,10.421052631578949,7.458333333333343,0,10,death_plus_v7_gap_mid,0.9396480378241069,0.932326698330609
1473498,2025,15,6,1,1.3157894736842195,8.75,10.3125,5.799999999999983,0,10,death_plus_v7_gap_mid,0.9255361953872688,0.9174786534112008
1473499,2025,7,1,1,34.44444444444446,8.415584415584416,13.674418604651162,11.387500000000003,1,9,death_plus_v7_gap_mid,0.8461318299182585,0.8051807904912873
1473499,2025,7,2,1,34.44444444444446,8.447368421052632,13.5,10.849999999999994,1,9,death_plus_v7_gap_mid,0.8472714760890347,0.8063356013998904
1473499,2025,7,3,1,34.44444444444446,8.56,13.200000000000001,-3.5,2,8,death_plus_v7_gap_mid,0.7340569878050868,0.6984152074716353
1473499,2025,7,4,1,34.44444444444446,8.594594594594595,13.043478260869565,-3.866666666666646,2,8,death_plus_v7_gap_mid,0.723024419300922,0.6884490831170863
1473499,2025,7,5,1,34.44444444444446,8.63013698630137,12.893617021276597,-4.2333333333333485,2,8,death_plus_v7_gap_mid,0.7348946436104047,0.6991749328935827
1473499,2025,7,6,1,34.44444444444446,8.583333333333334,12.875,-3.6000000000000085,2,8,death_plus_v7_gap_mid,0.7463018805632677,0.7095658714676742
1473499,2025,8,1,1,34.44444444444446,8.704225352112676,12.612244897959183,-4.966666666666654,2,8,death_plus_v7_gap_mid,0.7503790832901661,0.7178839914275941
1473499,2025,8,2,1,34.44444444444446,8.485714285714286,12.84,-2.3333333333333144,2,8,death_plus_v7_gap_mid,0.7562567888103977,0.7233649476635595
1473499,2025,8,3,1,34.44444444444446,8.521739130434783,12.705882352941178,-2.700000000000003,2,8,death_plus_v7_gap_mid,0.769543753605224,0.7358390229024245
1473499,2025,8,4,1,34.44444444444446,8.470588235294118,12.692307692307693,-2.066666666666663,2,8,death_plus_v7_gap_mid,0.7615320273969052,0.7283031687326659
1473499,2025,8,5,1,34.44444444444446,8.507462686567164,12.566037735849058,-2.4333333333333087,2,8,death_plus_v7_gap_mid,0.7690040825358695,0.7353300055616397
1473499,2025,8,6,1,34.44444444444446,8.09090909090909,13.0,2.200000000000017,2,8,death_plus_v7_gap_mid,0.8331473670291785,0.7975052017908049
1473499,2025,9,1,1,34.44444444444446,8.123076923076923,12.872727272727273,1.8333333333333428,2,8,death_plus_v7_gap_mid,0.8260074609323049,0.7863270558889336
1473499,2025,9,2,1,34.44444444444446,8.25,12.642857142857142,0.4666666666666828,2,8,death_plus_v7_gap_mid,0.8272813741953766,0.7875660906655089
1473499,2025,9,3,1,34.44444444444446,8.38095238095238,12.421052631578949,-0.8999999999999915,2,8,death_plus_v7_gap_mid,0.8317281812038636,0.7919065681783909
1473499,2025,9,4,1,34.44444444444446,8.516129032258064,12.206896551724137,-2.2666666666666657,2,8,death_plus_v7_gap_mid,0.8274769262006821,0.7877564608583423
1473499,2025,9,5,1,34.44444444444446,8.557377049180328,12.101694915254237,-2.6333333333333258,2,8,death_plus_v7_gap_mid,0.8369358076003375,0.7970210594012415
1473499,2025,9,6,1,34.44444444444446,8.6,12.0,-3.0,2,8,death_plus_v7_gap_mid,0.8343556015673205,0.7944826850661082
1473499,2025,10,1,1,34.44444444444446,8.338983050847459,12.196721311475411,-0.36666666666667425,2,8,death_plus_v7_gap_mid,0.8466486408049972,0.8210697455633091
1473499,2025,10,2,1,34.44444444444446,8.379310344827587,12.096774193548388,-0.7333333333333201,2,8,death_plus_v7_gap_mid,0.8397108776395696,0.8142373822891426
1473499,2025,10,3,1,34.44444444444446,8.421052631578947,12.0,-1.0999999999999943,2,8,death_plus_v7_gap_mid,0.8426498057234753,0.8171259134886079
1473499,2025,10,4,1,34.44444444444446,8.142857142857142,12.1875,1.5333333333333314,2,8,death_plus_v7_gap_mid,0.8567170354309255,0.8310723316939062
1473499,2025,10,5,1,34.44444444444446,8.181818181818182,12.092307692307692,1.1666666666666856,2,8,death_plus_v7_gap_mid,0.8548538711479319,0.8292132237731402
1473499,2025,10,6,1,34.44444444444446,8.11111111111111,12.09090909090909,1.8000000000000114,2,8,death_plus_v7_gap_mid,0.8634718686429079,0.8378449387192058
1473499,2025,11,1,1,34.44444444444446,7.584905660377358,12.447761194029852,6.433333333333309,2,8,death_plus_v7_gap_mid,0.9229216902840321,0.9061146826369533
1473499,2025,11,2,1,34.44444444444446,7.615384615384615,12.352941176470587,6.066666666666663,2,8,death_plus_v7_gap_mid,0.9211560629942338,0.9042465152157224
1473499,2025,11,3,1,34.44444444444446,7.764705882352942,12.173913043478262,-4.012499999999989,3,7,death_plus_v7_gap_mid,0.8383032941129258,0.8213215401411563
1473499,2025,11,4,1,34.44444444444446,7.92,12.0,-5.208333333333314,3,7,death_plus_v7_gap_mid,0.8080958445530166,0.7926595312407279
1473499,2025,11,5,1,34.44444444444446,8.081632653061224,11.830985915492958,-6.404166666666669,3,7,death_plus_v7_gap_mid,0.8110656639659402,0.7954512351479684
1473499,2025,11,6,1,34.44444444444446,8.0,11.833333333333334,-5.599999999999994,3,7,death_plus_v7_gap_mid,0.8190073412782362,0.8029431739313806
1473499,2025,12,1,1,34.44444444444446,8.042553191489361,11.753424657534246,-5.79583333333332,3,7,death_plus_v7_gap_mid,0.8305578314497961,0.8124466207050204
1473499,2025,12,2,1,34.44444444444446,8.08695652173913,11.675675675675677,-5.991666666666674,3,7,death_plus_v7_gap_mid,0.8334340972615859,0.8152487920328411
1473499,2025,12,3,1,34.44444444444446,8.133333333333333,11.6,-6.1875,3,7,death_plus_v7_gap_mid,0.8439766710121204,0.8255705925417609
1473499,2025,12,4,1,34.44444444444446,8.045454545454545,11.605263157894736,-5.383333333333354,3,7,death_plus_v7_gap_mid,0.849115997687877,0.8306327402890855
1473499,2025,12,5,1,34.44444444444446,8.232558139534884,11.454545454545455,-6.57916666666668,3,7,death_plus_v7_gap_mid,0.8477671458487788,0.8293021361230924
1473499,2025,12,6,1,34.44444444444446,8.285714285714285,11.384615384615383,-6.775000000000006,3,7,death_plus_v7_gap_mid,0.8529125559217964,0.834385806184617
1473499,2025,13,1,1,34.44444444444446,7.902439024390244,11.544303797468356,-3.9708333333333314,3,7,death_plus_v7_gap_mid,0.870966896294814,0.8561174212682608
1473499,2025,13,2,1,34.44444444444446,7.5,11.7,-1.1666666666666856,3,7,death_plus_v7_gap_mid,0.8930259893869955,0.8787294075939135
1473499,2025,13,3,1,34.44444444444446,7.076923076923077,11.851851851851851,1.637500000000017,3,7,death_plus_v7_gap_mid,0.9217254451264492,0.9088300843638895
1473499,2025,13,4,1,34.44444444444446,6.947368421052632,11.853658536585366,2.441666666666663,3,7,death_plus_v7_gap_mid,0.9234590550040376,0.9106781756096711
1473499,2025,13,5,1,34.44444444444446,6.972972972972972,11.783132530120483,2.245833333333337,3,7,death_plus_v7_gap_mid,0.9216180302133539,0.9087157014721379
1473499,2025,13,6,1,34.44444444444446,7.0,11.714285714285714,2.049999999999983,3,7,death_plus_v7_gap_mid,0.9214334973621376,0.9085192318569129
1473499,2025,13,7,1,34.44444444444446,7.0285714285714285,11.647058823529411,1.8541666666666572,3,7,death_plus_v7_gap_mid,0.9228484657718607,0.91002682835802
1473499,2025,14,1,1,34.44444444444446,7.0285714285714285,11.647058823529411,1.8541666666666572,3,7,death_plus_v7_gap_mid,0.9262844837500472,0.9155395939961636
1473499,2025,14,2,1,34.44444444444446,7.0588235294117645,11.58139534883721,1.658333333333303,3,7,death_plus_v7_gap_mid,0.9269203012232008,0.916216293205656
1473499,2025,14,3,1,34.44444444444446,6.90909090909091,11.586206896551724,2.4625000000000057,3,7,death_plus_v7_gap_mid,0.9312669613117072,0.9208548637542441
1473499,2025,14,4,1,34.44444444444446,6.9375,11.522727272727273,2.2666666666666515,3,7,death_plus_v7_gap_mid,0.9300895352709154,0.9195961850577519
1473499,2025,14,5,1,34.44444444444446,6.967741935483872,11.460674157303371,2.070833333333354,3,7,death_plus_v7_gap_mid,0.9302257780980066,0.9197417456684941
1473499,2025,14,6,1,34.44444444444446,7.0,11.399999999999999,1.875,3,7,death_plus_v7_gap_mid,0.929388090489876,0.9188471132678886
1473499,2025,15,1,1,34.44444444444446,7.034482758620689,11.34065934065934,1.6791666666666742,3,7,death_plus_v7_gap_mid,0.9282482209690208,0.9203178748988649
1473499,2025,15,2,1,34.44444444444446,7.071428571428571,11.282608695652174,1.48333333333332,3,7,death_plus_v7_gap_mid,0.9276313036352006,0.9196714598809257
1473499,2025,15,3,1,34.44444444444446,6.888888888888889,11.290322580645162,2.2874999999999943,3,7,death_plus_v7_gap_mid,0.9310365202051041,0.9232437435096713
1473499,2025,15,4,1,34.44444444444446,6.9230769230769225,11.23404255319149,2.0916666666666686,3,7,death_plus_v7_gap_mid,0.9321472589601929,0.9244112630300039
1473499,2025,15,5,1,34.44444444444446,6.720000000000001,11.242105263157896,2.895833333333343,3,7,death_plus_v7_gap_mid,0.9404314613902494,0.9331567216011035
1473499,2025,15,6,1,34.44444444444446,6.75,11.1875,2.6999999999999886,3,7,death_plus_v7_gap_mid,0.9409221634545544,0.9336769436088025
1473500,2025,7,1,1,-10.75,9.506493506493507,9.209302325581396,-13.007499999999993,1,9,death_plus_v7_gap_mid,0.5278414761100096,0.5200477040750183
1473500,2025,7,2,1,-10.75,9.552631578947368,9.136363636363637,-13.41000000000001,1,9,death_plus_v7_gap_mid,0.5269360151631697,0.5192856898912022
1473500,2025,7,3,1,-10.75,9.600000000000001,9.066666666666666,-13.8125,1,9,death_plus_v7_gap_mid,0.5220925057544578,0.5152104808154537
1473500,2025,7,4,1,-10.75,9.243243243243244,9.652173913043478,-9.21499999999999,1,9,death_plus_v7_gap_mid,0.5654322356633881,0.5517547754231724
1473500,2025,7,5,1,-10.75,9.04109589041096,9.957446808510639,-6.617500000000007,1,9,death_plus_v7_gap_mid,0.5980005918144906,0.5793945281879851
1473500,2025,7,6,1,-10.75,8.833333333333334,10.25,-4.019999999999996,1,9,death_plus_v7_gap_mid,0.648085898167431,0.6223886087075625
1473500,2025,8,1,1,-10.75,8.873239436619718,10.16326530612245,-4.422499999999999,1,9,death_plus_v7_gap_mid,0.6442173213320828,0.6219126801120807
1473500,2025,8,2,1,-10.75,9.0,9.959999999999999,-5.825000000000003,1,9,death_plus_v7_gap_mid,0.6360533887360189,0.6147137177012901
1473500,2025,8,3,1,-10.75,9.043478260869566,9.882352941176471,-6.227500000000006,1,9,death_plus_v7_gap_mid,0.6289742844267375,0.6084867224494188
1473500,2025,8,4,1,-10.75,9.176470588235293,9.692307692307693,-7.6299999999999955,1,9,death_plus_v7_gap_mid,0.6102743606125385,0.5921002841695773
1473500,2025,8,5,1,-10.75,9.313432835820896,9.50943396226415,-9.032499999999985,1,9,death_plus_v7_gap_mid,0.5959047492960503,0.579563317385535
1473500,2025,8,6,1,-10.75,9.363636363636363,9.444444444444445,-9.434999999999974,1,9,death_plus_v7_gap_mid,0.5886778821461056,0.5732739968858438
1473500,2025,9,1,1,-10.75,8.953846153846154,9.927272727272728,-4.8374999999999915,1,9,death_plus_v7_gap_mid,0.6682591219009129,0.6434259332397824
1473500,2025,9,2,1,-10.75,9.0,9.857142857142858,-5.240000000000009,1,9,death_plus_v7_gap_mid,0.6698602673947852,0.6448039528754195
1473500,2025,9,3,1,-10.75,9.047619047619047,9.789473684210526,-5.642499999999998,1,9,death_plus_v7_gap_mid,0.6667188118767436,0.642101192227944
1473500,2025,9,4,1,-10.75,9.193548387096774,9.620689655172413,-7.0449999999999875,1,9,death_plus_v7_gap_mid,0.647086597292541,0.6252910799807322
1473500,2025,9,5,1,-10.75,9.245901639344261,9.559322033898304,-7.447499999999991,1,9,death_plus_v7_gap_mid,0.6432789622761736,0.6220457478466194
1473500,2025,9,6,1,-10.75,9.3,9.5,-7.8500000000000085,1,9,death_plus_v7_gap_mid,0.6313451398428153,0.611902774661849
1473500,2025,10,1,1,-10.75,9.35593220338983,9.442622950819672,-8.252499999999998,1,9,death_plus_v7_gap_mid,0.6263285707289616,0.618344720209956
1473500,2025,10,2,1,-10.75,9.413793103448276,9.387096774193548,-8.654999999999987,1,9,death_plus_v7_gap_mid,0.6256467547668676,0.617744325255651
1473500,2025,10,3,1,-10.75,8.947368421052632,9.80952380952381,-4.0575000000000045,1,9,death_plus_v7_gap_mid,0.6963804586035087,0.6805783606066559
1473500,2025,10,4,1,-10.75,9.107142857142858,9.65625,-5.459999999999994,1,9,death_plus_v7_gap_mid,0.6696115697643062,0.6566508140829634
1473500,2025,10,5,1,-10.75,8.618181818181817,10.061538461538461,-0.8624999999999972,1,9,death_plus_v7_gap_mid,0.7503853744326991,0.7296237370253373
1473500,2025,10,6,1,-10.75,8.666666666666666,10.0,-1.2650000000000006,1,9,death_plus_v7_gap_mid,0.7475448570770438,0.7270129380299802
1473500,2025,11,1,1,-10.75,8.60377358490566,10.029850746268657,-0.667500000000004,1,9,death_plus_v7_gap_mid,0.7534372059127744,0.7420943502185421
1473500,2025,11,2,1,-10.75,8.653846153846153,9.970588235294118,-1.0699999999999932,1,9,death_plus_v7_gap_mid,0.7519503624092703,0.7407373398601668
1473500,2025,11,3,1,-10.75,8.823529411764707,9.826086956521738,-2.4724999999999824,1,9,death_plus_v7_gap_mid,0.7371670341150404,0.7272887644241148
1473500,2025,11,4,1,-10.75,8.879999999999999,9.771428571428572,-2.875,1,9,death_plus_v7_gap_mid,0.7306822862541054,0.721413144110498
1473500,2025,11,5,1,-10.75,8.938775510204081,9.71830985915493,-3.2775000000000176,1,9,death_plus_v7_gap_mid,0.7275814765947853,0.7186083591192582
1473500,2025,11,6,1,-10.75,8.375,10.083333333333334,1.3200000000000216,1,9,death_plus_v7_gap_mid,0.8256514879261468,0.8092422241513272
1473500,2025,11,7,1,-10.75,8.553191489361701,9.945205479452055,-0.08249999999999602,1,9,death_plus_v7_gap_mid,0.8001749096893283,0.7852387961993142
1473500,2025,12,1,1,-10.75,8.042553191489361,10.273972602739725,3.917500000000004,1,9,death_plus_v7_gap_mid,0.8822407293228349,0.863811756762618
1473500,2025,12,2,1,-10.75,8.08695652173913,10.216216216216216,3.5150000000000006,1,9,death_plus_v7_gap_mid,0.8808304890190451,0.8623774620431617
1473500,2025,12,3,1,-10.75,8.133333333333333,10.16,3.112499999999997,1,9,death_plus_v7_gap_mid,0.8917307549744689,0.8735211833031481
1473500,2025,12,4,1,-10.75,8.181818181818182,10.105263157894736,2.7099999999999937,1,9,death_plus_v7_gap_mid,0.8852752070863497,0.8669053305645923
1473500,2025,12,5,1,-10.75,8.232558139534884,10.051948051948052,2.3075000000000045,1,9,death_plus_v7_gap_mid,0.8819465304223075,0.8635123630831095
1473500,2025,12,6,1,-10.75,8.285714285714285,10.0,1.9050000000000011,1,9,death_plus_v7_gap_mid,0.877394270458643,0.8588914586052927
1473500,2025,12,7,1,-10.75,7.902439024390244,10.177215189873417,4.502499999999998,1,9,death_plus_v7_gap_mid,0.9208600684787527,0.9040499533244121
1473500,2025,13,1,1,-10.75,7.7560975609756095,10.253164556962025,5.502499999999998,1,9,death_plus_v7_gap_mid,0.9517833060731482,0.9415014520425524
1473500,2025,13,2,1,-10.75,7.949999999999999,10.125,-2.133333333333354,2,8,death_plus_v7_gap_mid,0.8694148213124708,0.8545408265247137
1473500,2025,13,3,1,-10.75,8.0,10.074074074074073,-2.3799999999999955,2,8,death_plus_v7_gap_mid,0.8561584172370301,0.8411440595252344
1473500,2025,13,4,1,-10.75,8.052631578947368,10.024390243902438,-2.626666666666665,2,8,death_plus_v7_gap_mid,0.8568573967531905,0.8418474719172687
1473500,2025,13,5,1,-10.75,8.108108108108109,9.975903614457831,-2.873333333333335,2,8,death_plus_v7_gap_mid,0.8419880005173646,0.8269499323548852
1473500,2025,13,6,1,-10.75,8.333333333333332,9.857142857142858,-9.730000000000018,3,7,death_plus_v7_gap_mid,0.7055288858459966,0.6948644082597067
1473500,2025,14,1,1,-10.75,8.399999999999999,9.811764705882354,-9.820833333333354,3,7,death_plus_v7_gap_mid,0.7037863876471958,0.6939063513103374
1473500,2025,14,2,1,-10.75,8.647058823529411,9.69767441860465,-10.91166666666669,3,7,death_plus_v7_gap_mid,0.6979983591076304,0.6883693660940736
1473500,2025,14,3,1,-10.75,8.90909090909091,9.586206896551724,-12.002499999999998,3,7,death_plus_v7_gap_mid,0.6886217363790614,0.6794128854996306
1473500,2025,14,4,1,-10.75,8.0625,9.886363636363637,-7.093333333333334,3,7,death_plus_v7_gap_mid,0.7863388365213806,0.7737428753519533
1473500,2025,14,5,1,-10.75,7.548387096774194,10.04494382022472,-4.184166666666641,3,7,death_plus_v7_gap_mid,0.8813318289561455,0.8686628647699226
1473500,2025,14,6,1,-10.75,7.6,10.0,-4.275000000000006,3,7,death_plus_v7_gap_mid,0.8904105963561342,0.877996193047259
1473500,2025,15,1,1,-10.75,7.448275862068966,10.021978021978022,-3.3658333333333417,3,7,death_plus_v7_gap_mid,0.9130683970056834,0.9045036679448268
1473500,2025,15,2,1,-10.75,6.857142857142857,10.173913043478262,-0.45666666666667766,3,7,death_plus_v7_gap_mid,0.9564277928231231,0.9502610027003829
1473500,2025,15,3,1,-10.75,6.888888888888889,10.129032258064516,-0.5475000000000136,3,7,death_plus_v7_gap_mid,0.9562095904523596,0.95002545986841
1473500,2025,15,4,1,-10.75,6.9230769230769225,10.085106382978724,-0.6383333333333496,3,7,death_plus_v7_gap_mid,0.953923421331949,0.9475616552121929
1473500,2025,15,5,1,-10.75,7.199999999999999,9.978947368421053,-5.625,4,6,death_plus_v7_gap_mid,0.8970896190475308,0.888039529962348
1473500,2025,15,6,1,-10.75,6.25,10.1875,-1.5600000000000023,4,6,death_plus_v7_gap_mid,0.9491400909470928,0.9424293698538044
1473500,2025,15,7,1,-10.75,6.521739130434782,10.082474226804123,-2.4950000000000045,4,6,death_plus_v7_gap_mid,0.9434114063206467,0.9363199570790034
1473500,2025,15,8,1,-10.75,6.545454545454545,10.040816326530614,-2.430000000000007,4,6,death_plus_v7_gap_mid,0.9410833575781801,0.9338478911731245
1473501,2025,7,1,0,3.235294117647072,9.896103896103895,7.534883720930233,-45.14999999999999,3,7,death_plus_v7_gap_mid,0.28899555177602415,0.3164812817582316
1473501,2025,7,2,0,3.235294117647072,10.026315789473685,7.363636363636363,-46.19999999999999,3,7,death_plus_v7_gap_mid,0.28731891169130186,0.31499726972267955
1473501,2025,7,3,0,3.235294117647072,10.08,7.333333333333334,-46.25,3,7,death_plus_v7_gap_mid,0.27213493209794715,0.30149235007787833
1473501,2025,7,4,0,3.235294117647072,10.216216216216216,7.173913043478261,-47.30000000000001,3,7,death_plus_v7_gap_mid,0.2579794905920017,0.2887880512610869
1473501,2025,7,5,0,3.235294117647072,10.356164383561644,7.0212765957446805,-48.35000000000001,3,7,death_plus_v7_gap_mid,0.23507648687038007,0.26796931640984845
1473501,2025,7,6,0,3.235294117647072,10.5,6.875,-60.2,4,6,death_plus_v7_gap_mid,0.11071750551125445,0.14625709211271118
1473501,2025,8,1,0,3.235294117647072,10.647887323943662,6.73469387755102,-61.10000000000001,4,6,death_plus_v7_gap_mid,0.1289942428109287,0.16013553128252608
1473501,2025,8,2,0,3.235294117647072,10.714285714285715,6.720000000000001,-60.999999999999986,4,6,death_plus_v7_gap_mid,0.125178457307721,0.15619348993288215
1473501,2025,8,3,0,3.235294117647072,10.782608695652174,6.705882352941177,-60.900000000000006,4,6,death_plus_v7_gap_mid,0.12106397458748848,0.15191848681626316
1473501,2025,8,4,0,3.235294117647072,10.852941176470589,6.6923076923076925,-60.80000000000001,4,6,death_plus_v7_gap_mid,0.12751114937885177,0.15860589751047685
1473501,2025,8,5,0,3.235294117647072,10.925373134328357,6.679245283018868,-60.7,4,6,death_plus_v7_gap_mid,0.1239407281816704,0.15491017679264885
1473501,2025,8,6,0,3.235294117647072,10.545454545454545,7.222222222222222,-55.599999999999994,4,6,death_plus_v7_gap_mid,0.18847044651470835,0.21926045853691437
1473501,2025,9,1,0,3.235294117647072,10.707692307692309,7.090909090909092,-56.500000000000014,4,6,death_plus_v7_gap_mid,0.18004654377096452,0.22231537239542207
1473501,2025,9,2,0,3.235294117647072,10.875,6.964285714285715,-67.0,5,5,death_plus_v7_gap_mid,0.085673862262614,0.12344774663671607
1473501,2025,9,3,0,3.235294117647072,11.047619047619047,6.842105263157895,-67.75,5,5,death_plus_v7_gap_mid,0.08705011952503638,0.1250253874510572
1473501,2025,9,4,0,3.235294117647072,11.225806451612902,6.724137931034482,-68.5,5,5,death_plus_v7_gap_mid,0.08275620664904823,0.12008442251752972
1473501,2025,9,5,0,3.235294117647072,11.40983606557377,6.610169491525424,-69.25,5,5,death_plus_v7_gap_mid,0.07330762071982369,0.10900601324013935
1473501,2025,9,6,0,3.235294117647072,11.5,6.6000000000000005,-69.0,5,5,death_plus_v7_gap_mid,0.07873865350644015,0.115409877872085
1473501,2025,10,1,0,3.235294117647072,11.694915254237287,6.491803278688526,-69.75,5,5,death_plus_v7_gap_mid,0.068536621063616,0.09556796190182595
1473501,2025,10,2,0,3.235294117647072,11.482758620689655,6.774193548387098,-66.5,5,5,death_plus_v7_gap_mid,0.08955708883019894,0.11984422566684401
1473501,2025,10,3,0,3.235294117647072,11.578947368421053,6.761904761904762,-66.25,5,5,death_plus_v7_gap_mid,0.08830633570230084,0.11842937865097386
1473501,2025,10,4,0,3.235294117647072,11.357142857142858,7.03125,-63.0,5,5,death_plus_v7_gap_mid,0.10888950142793814,0.14130918262029665
1473501,2025,10,5,0,3.235294117647072,11.454545454545455,7.015384615384615,-62.75,5,5,death_plus_v7_gap_mid,0.11001279753007827,0.14253487889135488
1473501,2025,10,6,0,3.235294117647072,11.0,7.454545454545455,-57.5,5,5,death_plus_v7_gap_mid,0.15499661471822201,0.1900468923153146
1473501,2025,11,1,0,3.235294117647072,11.09433962264151,7.432835820895523,-57.25,5,5,death_plus_v7_gap_mid,0.1584604668878168,0.19582397802057286
1473501,2025,11,2,0,3.235294117647072,11.307692307692307,7.3235294117647065,-58.0,5,5,death_plus_v7_gap_mid,0.15857014386103024,0.19593874541558234
1473501,2025,11,3,0,3.235294117647072,11.529411764705882,7.217391304347826,-58.75,5,5,death_plus_v7_gap_mid,0.14235296684095802,0.17881533892729348
1473501,2025,11,4,0,3.235294117647072,11.64,7.199999999999999,-58.5,5,5,death_plus_v7_gap_mid,0.16299660867149057,0.20055943595800566
1473501,2025,11,5,0,3.235294117647072,11.877551020408163,7.098591549295774,-59.25,5,5,death_plus_v7_gap_mid,0.14293077078342126,0.17943095270019624
1473501,2025,11,6,0,3.235294117647072,12.125,7.0,-60.0,5,5,death_plus_v7_gap_mid,0.10818254619319083,0.14157688709976757
1473501,2025,12,1,0,3.235294117647072,12.127659574468087,7.068493150684931,-58.75,5,5,death_plus_v7_gap_mid,0.1100887004338332,0.13689708815129562
1473501,2025,12,2,0,3.235294117647072,12.260869565217392,7.054054054054054,-58.5,5,5,death_plus_v7_gap_mid,0.10581458228673364,0.13225059094986008
1473501,2025,12,3,0,3.235294117647072,12.533333333333335,6.959999999999999,-59.25,5,5,death_plus_v7_gap_mid,0.10235181680444408,0.12846654135041063
1473501,2025,12,4,0,3.235294117647072,12.272727272727273,7.184210526315789,-56.0,5,5,death_plus_v7_gap_mid,0.12917538298345915,0.15734697399636008
1473501,2025,12,5,0,3.235294117647072,12.558139534883722,7.090909090909092,-56.75,5,5,death_plus_v7_gap_mid,0.12347795758056276,0.15129118553309231
1473501,2025,12,6,0,3.235294117647072,12.285714285714285,7.307692307692307,-53.5,5,5,death_plus_v7_gap_mid,0.1488539474327304,0.17797861475271753
1473501,2025,13,1,0,3.235294117647072,12.439024390243903,7.291139240506329,-53.25,5,5,death_plus_v7_gap_mid,0.1454882968118578,0.16397279221470226
1473501,2025,13,2,0,3.235294117647072,12.149999999999999,7.5,-50.0,5,5,death_plus_v7_gap_mid,0.19732938447352938,0.21613898260510456
1473501,2025,13,3,0,3.235294117647072,12.461538461538463,7.4074074074074066,-50.75,5,5,death_plus_v7_gap_mid,0.16845228377453056,0.18727716211972723
1473501,2025,13,4,0,3.235294117647072,12.631578947368421,7.390243902439025,-50.5,5,5,death_plus_v7_gap_mid,0.16895260713957438,0.18778119812070573
1473501,2025,13,5,0,3.235294117647072,12.81081081081081,7.373493975903614,-50.25,5,5,death_plus_v7_gap_mid,0.15606472473990018,0.1747485986187157
1473501,2025,13,6,0,3.235294117647072,13.0,7.357142857142858,-50.0,5,5,death_plus_v7_gap_mid,0.15178506262217878,0.17039738105857674
1473501,2025,14,1,0,3.235294117647072,13.371428571428572,7.270588235294117,-50.75,5,5,death_plus_v7_gap_mid,0.13218180667898743,0.14647622218669373
1473501,2025,14,2,0,3.235294117647072,13.76470588235294,7.186046511627906,-56.60000000000002,6,4,death_plus_v7_gap_mid,0.03786195365217932,0.04591247563048485
1473501,2025,14,3,0,3.235294117647072,14.181818181818183,7.103448275862069,-57.19999999999999,6,4,death_plus_v7_gap_mid,0.03483106970693971,0.042478043961018445
1473501,2025,14,4,0,3.235294117647072,14.4375,7.090909090909092,-56.79999999999998,6,4,death_plus_v7_gap_mid,0.04093954765633031,0.04937910973402278
1473501,2025,14,5,0,3.235294117647072,14.903225806451612,7.011235955056179,-62.05000000000001,7,3,death_plus_v7_gap_mid,0.0074529381609200595,0.01004846570456545
1473501,2025,14,6,0,3.235294117647072,15.2,7.0,-61.5,7,3,death_plus_v7_gap_mid,0.006556872109449658,0.00891180208435837
1473501,2025,15,1,0,3.235294117647072,15.517241379310345,6.989010989010989,-60.94999999999999,7,3,death_plus_v7_gap_mid,0.006197802600809164,0.007974783789707512
1473501,2025,15,2,0,3.235294117647072,15.642857142857142,7.043478260869566,-59.400000000000006,7,3,death_plus_v7_gap_mid,0.006173840877752133,0.007945484275389672
1473501,2025,15,3,0,3.235294117647072,16.22222222222222,6.967741935483872,-63.900000000000006,8,2,death_plus_v7_gap_mid,0.0041162009708282776,0.005404855882911375
1473501,2025,15,4,0,3.235294117647072,16.615384615384613,6.957446808510638,-63.19999999999999,8,2,death_plus_v7_gap_mid,0.004066558554399214,0.005342868124635633
1473501,2025,15,5,0,3.235294117647072,17.04,6.947368421052632,-62.5,8,2,death_plus_v7_gap_mid,0.004009144300475938,0.005271128239839487
1473501,2025,15,6,0,3.235294117647072,17.75,6.875,-62.79999999999998,8,2,death_plus_v7_gap_mid,0.003944593131700607,0.005190408898079236
1473502,2025,7,1,0,52.20689655172413,12.38961038961039,10.74418604651163,-22.287499999999994,1,9,death_plus_v7_gap_mid,0.235912240360692,0.2687352393230043
1473502,2025,7,2,0,52.20689655172413,12.236842105263158,11.045454545454545,-20.05000000000001,1,9,death_plus_v7_gap_mid,0.25968354889667733,0.29032363567314795
1473502,2025,7,3,0,52.20689655172413,12.32,10.933333333333334,-20.8125,1,9,death_plus_v7_gap_mid,0.2601051651063514,0.29070329827089014
1473502,2025,7,4,0,52.20689655172413,12.324324324324323,10.956521739130434,-20.57499999999999,1,9,death_plus_v7_gap_mid,0.2649274136209697,0.2950382048011042
1473502,2025,7,5,0,52.20689655172413,12.410958904109588,10.851063829787234,-21.337500000000006,1,9,death_plus_v7_gap_mid,0.2644703661894165,0.29462793200619175
1473502,2025,7,6,0,52.20689655172413,12.583333333333334,10.625,-37.2,2,8,death_plus_v7_gap_mid,0.16566820931841705,0.20229727915513784
1473502,2025,8,1,0,52.20689655172413,12.676056338028168,10.53061224489796,-37.76666666666665,2,8,death_plus_v7_gap_mid,0.1787002292717701,0.20980533386853684
1473502,2025,8,2,0,52.20689655172413,12.771428571428572,10.44,-38.3333333333333,2,8,death_plus_v7_gap_mid,0.17236056266476782,0.20362213114462452
1473502,2025,8,3,0,52.20689655172413,12.869565217391305,10.352941176470589,-38.900000000000006,2,8,death_plus_v7_gap_mid,0.17111138992764896,0.20239913275357982
1473502,2025,8,4,0,52.20689655172413,12.970588235294116,10.269230769230768,-39.46666666666667,2,8,death_plus_v7_gap_mid,0.16238937236983755,0.1938153029804319
1473502,2025,8,5,0,52.20689655172413,12.805970149253731,10.528301886792454,-37.0333333333333,2,8,death_plus_v7_gap_mid,0.179721921952034,0.2107981983708763
1473502,2025,8,6,0,52.20689655172413,12.909090909090908,10.444444444444445,-37.599999999999994,2,8,death_plus_v7_gap_mid,0.17563206144383522,0.20681776090009352
1473502,2025,9,1,0,52.20689655172413,13.015384615384615,10.363636363636363,-38.16666666666666,2,8,death_plus_v7_gap_mid,0.17306536597452413,0.21548958235851906
1473502,2025,9,2,0,52.20689655172413,13.125,10.285714285714285,-38.73333333333332,2,8,death_plus_v7_gap_mid,0.1651636599566944,0.20769058653572234
1473502,2025,9,3,0,52.20689655172413,13.333333333333334,10.105263157894736,-52.63750000000002,3,7,death_plus_v7_gap_mid,0.07549722806005206,0.11159997366456759
1473502,2025,9,4,0,52.20689655172413,13.548387096774196,9.931034482758621,-54.008333333333326,3,7,death_plus_v7_gap_mid,0.0718052301737491,0.10721634670666104
1473502,2025,9,5,0,52.20689655172413,13.770491803278688,9.76271186440678,-55.37916666666669,3,7,death_plus_v7_gap_mid,0.06995406684755183,0.10499988921116801
1473502,2025,9,6,0,52.20689655172413,13.900000000000002,9.7,-55.75,3,7,death_plus_v7_gap_mid,0.07702557523000848,0.11340075603775418
1473502,2025,10,1,0,52.20689655172413,14.033898305084746,9.639344262295083,-56.12083333333334,3,7,death_plus_v7_gap_mid,0.07523863085753105,0.10342991687061447
1473502,2025,10,2,0,52.20689655172413,14.172413793103448,9.580645161290322,-56.491666666666646,3,7,death_plus_v7_gap_mid,0.07398302359670145,0.1019663231100029
1473502,2025,10,3,0,52.20689655172413,14.315789473684209,9.523809523809524,-56.86249999999998,3,7,death_plus_v7_gap_mid,0.07795521695253185,0.10658243486000318
1473502,2025,10,4,0,52.20689655172413,14.357142857142858,9.5625,-56.23333333333335,3,7,death_plus_v7_gap_mid,0.08157502388244771,0.11075426041046789
1473502,2025,10,5,0,52.20689655172413,14.509090909090908,9.507692307692308,-56.604166666666686,3,7,death_plus_v7_gap_mid,0.07563161295801904,0.10388714151943118
1473502,2025,10,6,0,52.20689655172413,14.333333333333332,9.727272727272727,-53.97500000000002,3,7,death_plus_v7_gap_mid,0.08932924196708342,0.11958674102376451
1473502,2025,11,1,0,52.20689655172413,13.924528301886793,10.119402985074627,-49.34583333333336,3,7,death_plus_v7_gap_mid,0.12454823014013668,0.15962688753624268
1473502,2025,11,2,0,52.20689655172413,14.192307692307693,9.970588235294118,-50.71666666666667,3,7,death_plus_v7_gap_mid,0.11609178096544853,0.15035333662938455
1473502,2025,11,3,0,52.20689655172413,14.352941176470587,9.91304347826087,-51.087500000000006,3,7,death_plus_v7_gap_mid,0.11866143586024419,0.15318293535773975
1473502,2025,11,4,0,52.20689655172413,13.919999999999998,10.285714285714285,-46.458333333333314,3,7,death_plus_v7_gap_mid,0.1678938659645614,0.20564662542003412
1473502,2025,11,5,0,52.20689655172413,14.081632653061225,10.225352112676056,-46.82916666666665,3,7,death_plus_v7_gap_mid,0.15711825504388283,0.19441836602270957
1473502,2025,11,6,0,52.20689655172413,14.25,10.166666666666666,-47.19999999999999,3,7,death_plus_v7_gap_mid,0.1518798766710457,0.1889126956616033
1473502,2025,12,1,0,52.20689655172413,14.297872340425531,10.191780821917808,-46.570833333333326,3,7,death_plus_v7_gap_mid,0.15943578923938606,0.1889069878541425
1473502,2025,12,2,0,52.20689655172413,14.478260869565219,10.135135135135135,-46.94166666666666,3,7,death_plus_v7_gap_mid,0.1547918149432177,0.18412430967890786
1473502,2025,12,3,0,52.20689655172413,14.666666666666668,10.08,-47.3125,3,7,death_plus_v7_gap_mid,0.15099168505355415,0.18019519743592033
1473502,2025,12,4,0,52.20689655172413,14.863636363636363,10.026315789473685,-47.68333333333334,3,7,death_plus_v7_gap_mid,0.14427163986656516,0.17321163834226758
1473502,2025,12,5,0,52.20689655172413,15.069767441860465,9.974025974025974,-48.054166666666674,3,7,death_plus_v7_gap_mid,0.13818342166134095,0.16684390883444508
1473502,2025,12,6,0,52.20689655172413,15.285714285714285,9.923076923076923,-48.42500000000001,3,7,death_plus_v7_gap_mid,0.12378495970895909,0.15161850868109236
1473502,2025,12,7,0,52.20689655172413,15.658536585365855,9.79746835443038,-49.79583333333335,3,7,death_plus_v7_gap_mid,0.10938613547552489,0.13613510564364642
1473502,2025,13,1,0,52.20689655172413,15.073170731707318,10.10126582278481,-45.79583333333335,3,7,death_plus_v7_gap_mid,0.14732043761320518,0.1658449542549525
1473502,2025,13,2,0,52.20689655172413,15.149999999999999,10.125,-45.166666666666686,3,7,death_plus_v7_gap_mid,0.1509332947081699,0.16952991215987623
1473502,2025,13,3,0,52.20689655172413,14.923076923076923,10.296296296296298,-42.537499999999994,3,7,death_plus_v7_gap_mid,0.17043783085925682,0.18927656623451444
1473502,2025,13,4,0,52.20689655172413,15.315789473684212,10.170731707317072,-43.90833333333333,3,7,death_plus_v7_gap_mid,0.15588583203647033,0.1745669568735543
1473502,2025,13,5,0,52.20689655172413,15.567567567567568,10.120481927710845,-44.27916666666667,3,7,death_plus_v7_gap_mid,0.14970817792529922,0.16828134929443547
1473502,2025,13,6,0,52.20689655172413,15.0,10.428571428571429,-39.650000000000006,3,7,death_plus_v7_gap_mid,0.19807669959873447,0.2168800847532594
1473502,2025,14,1,0,52.20689655172413,14.399999999999999,10.729411764705883,-35.02083333333334,3,7,death_plus_v7_gap_mid,0.2556245513416972,0.2691897292488335
1473502,2025,14,2,0,52.20689655172413,14.647058823529413,10.674418604651162,-35.39166666666668,3,7,death_plus_v7_gap_mid,0.24618133458872793,0.26000463581326866
1473502,2025,14,3,0,52.20689655172413,14.727272727272727,10.689655172413794,-34.76249999999999,3,7,death_plus_v7_gap_mid,0.25238836317634195,0.2660448960858853
1473502,2025,14,4,0,52.20689655172413,14.4375,10.840909090909092,-32.133333333333326,3,7,death_plus_v7_gap_mid,0.27934732235602655,0.29215652211264437
1473502,2025,14,5,0,52.20689655172413,13.741935483870968,11.123595505617978,-27.504166666666663,3,7,death_plus_v7_gap_mid,0.3325469743029908,0.34319025707343465
1473502,2025,14,6,0,52.20689655172413,14.2,11.0,-28.875,3,7,death_plus_v7_gap_mid,0.31617531659500864,0.32754607031686467
1473502,2025,15,1,0,52.20689655172413,13.862068965517242,11.142857142857142,-26.245833333333337,3,7,death_plus_v7_gap_mid,0.32645786198222393,0.33632487795214805
1473502,2025,15,2,0,52.20689655172413,13.07142857142857,11.41304347826087,-21.616666666666674,3,7,death_plus_v7_gap_mid,0.39647919348262073,0.4036579434970952
1473502,2025,15,3,0,52.20689655172413,12.666666666666668,11.548387096774194,-18.98750000000001,3,7,death_plus_v7_gap_mid,0.4361298250159312,0.4415618750385045
1473502,2025,15,4,0,52.20689655172413,12.923076923076923,11.48936170212766,-19.35833333333335,3,7,death_plus_v7_gap_mid,0.41985383599670134,0.4260177440352889
1473502,2025,15,5,0,52.20689655172413,13.440000000000001,11.368421052631579,-20.729166666666657,3,7,death_plus_v7_gap_mid,0.3829196944541909,0.3906641153243804
1473502,2025,15,6,0,52.20689655172413,13.75,11.3125,-21.099999999999994,3,7,death_plus_v7_gap_mid,0.36981514548446065,0.37808783574131405
1473502,2025,15,7,0,52.20689655172413,14.086956521739133,11.257731958762886,-21.47083333333333,3,7,death_plus_v7_gap_mid,0.35869993428756725,0.36740508972008845
1473503,2025,7,1,0,58.63157894736841,11.532467532467532,11.720930232558139,-13.597499999999997,1,9,death_plus_v7_gap_mid,0.2731929456305595,0.30243733059136196
1473503,2025,7,2,0,58.63157894736841,11.605263157894736,11.590909090909092,-14.330000000000013,1,9,death_plus_v7_gap_mid,0.2710587446297089,0.3005305047447116
1473503,2025,7,3,0,58.63157894736841,11.76,11.333333333333332,-16.0625,1,9,death_plus_v7_gap_mid,0.2630334890613142,0.29333731377065847
1473503,2025,7,4,0,58.63157894736841,11.594594594594595,11.608695652173912,-13.794999999999987,1,9,death_plus_v7_gap_mid,0.26962602550405224,0.29924901017174654
1473503,2025,7,5,0,58.63157894736841,11.67123287671233,11.48936170212766,-14.527500000000003,1,9,death_plus_v7_gap_mid,0.2652688744802941,0.29534464127600174
1473503,2025,7,6,0,58.63157894736841,11.333333333333332,12.0,-10.259999999999991,1,9,death_plus_v7_gap_mid,0.3107217723774435,0.3355928222641541
1473503,2025,8,1,0,58.63157894736841,11.408450704225352,11.877551020408163,-10.992500000000007,1,9,death_plus_v7_gap_mid,0.29211484723816106,0.31535505891851723
1473503,2025,8,2,0,58.63157894736841,11.057142857142857,12.36,-6.724999999999994,1,9,death_plus_v7_gap_mid,0.3574443639915789,0.37328779727270794
1473503,2025,8,3,0,58.63157894736841,11.130434782608695,12.235294117647058,-7.45750000000001,1,9,death_plus_v7_gap_mid,0.3522743033097533,0.3687517003186646
1473503,2025,8,4,0,58.63157894736841,11.117647058823529,12.23076923076923,-7.189999999999998,1,9,death_plus_v7_gap_mid,0.35095241455103393,0.3675907691614311
1473503,2025,8,5,0,58.63157894736841,11.194029850746269,12.113207547169813,-7.922499999999985,1,9,death_plus_v7_gap_mid,0.3511621351115031,0.3677749848600672
1473503,2025,8,6,0,58.63157894736841,11.272727272727273,12.0,-8.654999999999973,1,9,death_plus_v7_gap_mid,0.36811103972315173,0.3826252528059401
1473503,2025,9,1,0,58.63157894736841,11.26153846153846,12.0,-8.387499999999989,1,9,death_plus_v7_gap_mid,0.3845139365257051,0.40540332606953966
1473503,2025,9,2,0,58.63157894736841,11.34375,11.892857142857142,-9.120000000000005,1,9,death_plus_v7_gap_mid,0.3571272382408092,0.3821066904743056
1473503,2025,9,3,0,58.63157894736841,11.428571428571427,11.789473684210526,-9.852499999999992,1,9,death_plus_v7_gap_mid,0.3411683535045258,0.3684190130840706
1473503,2025,9,4,0,58.63157894736841,11.225806451612902,12.0,-7.5849999999999795,1,9,death_plus_v7_gap_mid,0.3913008147907752,0.41114403879677563
1473503,2025,9,5,0,58.63157894736841,11.40983606557377,11.796610169491526,-9.317499999999995,1,9,death_plus_v7_gap_mid,0.36661807351509934,0.39020574962301735
1473503,2025,9,6,0,58.63157894736841,11.399999999999999,11.799999999999999,-9.050000000000011,1,9,death_plus_v7_gap_mid,0.37596953258094373,0.39815863604319823
1473503,2025,10,1,0,58.63157894736841,11.491525423728813,11.704918032786885,-9.782499999999999,1,9,death_plus_v7_gap_mid,0.3690486006075842,0.39247154467139267
1473503,2025,10,2,0,58.63157894736841,11.586206896551724,11.612903225806452,-10.514999999999986,1,9,death_plus_v7_gap_mid,0.36944372432742156,0.3928248825540325
1473503,2025,10,3,0,58.63157894736841,11.789473684210526,11.428571428571427,-12.247500000000002,1,9,death_plus_v7_gap_mid,0.350594971795114,0.37591774881025053
1473503,2025,10,4,0,58.63157894736841,12.0,11.25,-24.76000000000002,2,8,death_plus_v7_gap_mid,0.2488032984591103,0.2821921262776729
1473503,2025,10,5,0,58.63157894736841,12.10909090909091,11.169230769230769,-25.299999999999983,2,8,death_plus_v7_gap_mid,0.2571264328355646,0.29004915609144905
1473503,2025,10,6,0,58.63157894736841,11.666666666666666,11.545454545454547,-20.839999999999975,2,8,death_plus_v7_gap_mid,0.3172632601466674,0.3457275070829517
1473503,2025,11,1,0,58.63157894736841,11.773584905660378,11.462686567164178,-21.380000000000024,2,8,death_plus_v7_gap_mid,0.3008265174754214,0.3361897320321621
1473503,2025,11,2,0,58.63157894736841,11.884615384615385,11.382352941176471,-21.919999999999987,2,8,death_plus_v7_gap_mid,0.30777223741757576,0.34270881208998405
1473503,2025,11,3,0,58.63157894736841,12.117647058823529,11.217391304347826,-33.2775,3,7,death_plus_v7_gap_mid,0.20263540659052728,0.24105342130327276
1473503,2025,11,4,0,58.63157894736841,11.64,11.571428571428571,-28.62499999999997,3,7,death_plus_v7_gap_mid,0.23910228964273053,0.27712121758582303
1473503,2025,11,5,0,58.63157894736841,11.755102040816325,11.492957746478872,-28.972499999999997,3,7,death_plus_v7_gap_mid,0.22878365525861333,0.2670160272221985
1473503,2025,11,6,0,58.63157894736841,11.875,11.416666666666666,-29.319999999999993,3,7,death_plus_v7_gap_mid,0.22558747517917171,0.2638705873242739
1473503,2025,11,7,0,58.63157894736841,12.0,11.342465753424658,-29.66749999999999,3,7,death_plus_v7_gap_mid,0.22008043599963514,0.258433277396403
1473503,2025,11,8,0,58.63157894736841,12.260869565217392,11.18918918918919,-31.015000000000015,3,7,death_plus_v7_gap_mid,0.20859651438348353,0.24701979305726174
1473503,2025,12,1,0,58.63157894736841,11.48936170212766,11.67123287671233,-25.66749999999999,3,7,death_plus_v7_gap_mid,0.25671225881895254,0.2852766999111179
1473503,2025,12,2,0,58.63157894736841,11.73913043478261,11.513513513513512,-27.015000000000015,3,7,death_plus_v7_gap_mid,0.2731203180017341,0.3009704675523961
1473503,2025,12,3,0,58.63157894736841,11.733333333333333,11.52,-26.36250000000001,3,7,death_plus_v7_gap_mid,0.2823224420415388,0.30971695814593736
1473503,2025,12,4,0,58.63157894736841,11.727272727272727,11.526315789473685,-25.710000000000008,3,7,death_plus_v7_gap_mid,0.28271860815277783,0.31009266410913994
1473503,2025,12,5,0,58.63157894736841,11.86046511627907,11.454545454545455,-26.057500000000033,3,7,death_plus_v7_gap_mid,0.28005998546437294,0.3075700290771112
1473503,2025,12,6,0,58.63157894736841,12.0,11.384615384615383,-26.405,3,7,death_plus_v7_gap_mid,0.2729956048753766,0.3008516662922537
1473503,2025,13,1,0,58.63157894736841,11.707317073170731,11.544303797468356,-23.752499999999998,3,7,death_plus_v7_gap_mid,0.3150416064742174,0.33016365852780244
1473503,2025,13,2,0,58.63157894736841,11.100000000000001,11.850000000000001,-19.100000000000023,3,7,death_plus_v7_gap_mid,0.38270906879191674,0.3939903369321546
1473503,2025,13,3,0,58.63157894736841,11.23076923076923,11.777777777777779,-19.44749999999999,3,7,death_plus_v7_gap_mid,0.3812410030915942,0.3926143465910096
1473503,2025,13,4,0,58.63157894736841,11.210526315789474,11.78048780487805,-18.794999999999987,3,7,death_plus_v7_gap_mid,0.39066138664401384,0.40143834893297686
1473503,2025,13,5,0,58.63157894736841,11.35135135135135,11.710843373493976,-19.142500000000013,3,7,death_plus_v7_gap_mid,0.387213771910966,0.39821049993872565
1473503,2025,13,6,0,58.63157894736841,11.5,11.642857142857142,-19.49000000000001,3,7,death_plus_v7_gap_mid,0.3753909297973312,0.38712788147934707
1473503,2025,14,1,0,58.63157894736841,11.657142857142857,11.576470588235294,-19.837500000000006,3,7,death_plus_v7_gap_mid,0.37490302456096414,0.38346115264928876
1473503,2025,14,2,0,58.63157894736841,11.823529411764707,11.511627906976745,-20.18500000000003,3,7,death_plus_v7_gap_mid,0.34589457241280314,0.3559101763585012
1473503,2025,14,3,0,58.63157894736841,12.181818181818182,11.379310344827587,-21.5325,3,7,death_plus_v7_gap_mid,0.3313190713405522,0.3420185904519487
1473503,2025,14,4,0,58.63157894736841,12.375,11.318181818181818,-21.879999999999995,3,7,death_plus_v7_gap_mid,0.32188853374720855,0.3330110226007986
1473503,2025,14,5,0,58.63157894736841,12.774193548387096,11.191011235955056,-23.227499999999992,3,7,death_plus_v7_gap_mid,0.30948282497308965,0.3211363651789267
1473503,2025,14,6,0,58.63157894736841,13.0,11.133333333333333,-23.57499999999999,3,7,death_plus_v7_gap_mid,0.30606187012067204,0.31785649690253026
1473503,2025,15,1,0,58.63157894736841,12.620689655172413,11.274725274725274,-20.922499999999985,3,7,death_plus_v7_gap_mid,0.34954123947067317,0.3585910793900169
1473503,2025,15,2,0,58.63157894736841,12.857142857142858,11.217391304347826,-21.27000000000001,3,7,death_plus_v7_gap_mid,0.33897396900447674,0.348407464386012
1473503,2025,15,3,0,58.63157894736841,13.11111111111111,11.161290322580644,-21.617500000000007,3,7,death_plus_v7_gap_mid,0.3263878814862489,0.3362572544741173
1473503,2025,15,4,0,58.63157894736841,13.615384615384615,11.042553191489361,-27.97,4,6,death_plus_v7_gap_mid,0.235869748383974,0.2480154199290873
1473503,2025,15,5,0,58.63157894736841,13.919999999999998,10.989473684210527,-28.125,4,6,death_plus_v7_gap_mid,0.2488726455202556,0.26080161351329373
1473503,2025,15,6,0,58.63157894736841,14.5,10.875,-33.900000000000006,5,5,death_plus_v7_gap_mid,0.1290519540171627,0.1408994823469947
1473504,2025,7,1,0,45.46666666666667,14.493506493506494,6.279069767441861,-81.69166666666666,3,7,death_plus_v7_gap_mid,0.013822281355049216,0.026604953283674782
1473504,2025,7,2,0,45.46666666666667,14.605263157894736,6.2727272727272725,-82.03333333333333,3,7,death_plus_v7_gap_mid,0.012421687336511578,0.02434775419972436
1473504,2025,7,3,0,45.46666666666667,14.8,6.133333333333333,-83.375,3,7,death_plus_v7_gap_mid,0.011670732743201706,0.02311901521212056
1473504,2025,7,4,0,45.46666666666667,14.594594594594595,6.6521739130434785,-79.71666666666667,3,7,death_plus_v7_gap_mid,0.01548733496817921,0.029235775959911513
1473504,2025,7,5,0,45.46666666666667,14.712328767123289,6.638297872340425,-80.05833333333334,3,7,death_plus_v7_gap_mid,0.01522078256528408,0.028818183721802823
1473504,2025,7,6,0,45.46666666666667,14.416666666666666,7.25,-75.4,3,7,death_plus_v7_gap_mid,0.021609452073192467,0.038511684809820035
1473504,2025,7,7,0,45.46666666666667,14.535211267605632,7.224489795918368,-75.74166666666667,3,7,death_plus_v7_gap_mid,0.021201758780934714,0.037910596978659575
1473504,2025,8,1,0,45.46666666666667,14.450704225352112,7.346938775510204,-74.74166666666667,3,7,death_plus_v7_gap_mid,0.022283432308106477,0.03668358158954494
1473504,2025,8,2,0,45.46666666666667,14.57142857142857,7.32,-75.08333333333334,3,7,death_plus_v7_gap_mid,0.021878457900557598,0.036117373902369077
1473504,2025,8,3,0,45.46666666666667,14.695652173913045,7.2941176470588225,-75.42500000000001,3,7,death_plus_v7_gap_mid,0.02071636305255156,0.03448309541088434
1473504,2025,8,4,0,45.46666666666667,14.558823529411764,7.615384615384615,-72.76666666666668,3,7,death_plus_v7_gap_mid,0.02702265575188531,0.04319412639453608
1473504,2025,8,5,0,45.46666666666667,14.686567164179104,7.584905660377358,-73.10833333333332,3,7,death_plus_v7_gap_mid,0.026576582806091653,0.042589793340102204
1473504,2025,8,6,0,45.46666666666667,14.90909090909091,7.444444444444445,-74.44999999999999,3,7,death_plus_v7_gap_mid,0.0237433642293279,0.03871121515539581
1473504,2025,9,1,0,45.46666666666667,14.76923076923077,7.745454545454546,-71.79166666666666,3,7,death_plus_v7_gap_mid,0.03352907755774436,0.05807599901295906
1473504,2025,9,2,0,45.46666666666667,14.625,8.035714285714285,-69.13333333333335,3,7,death_plus_v7_gap_mid,0.03852893814878376,0.06499081929289602
1473504,2025,9,3,0,45.46666666666667,14.761904761904763,8.0,-69.47500000000002,3,7,death_plus_v7_gap_mid,0.03639735940265695,0.06206698835737988
1473504,2025,9,4,0,45.46666666666667,14.419354838709678,8.482758620689655,-64.81666666666666,3,7,death_plus_v7_gap_mid,0.048539451488422924,0.0783049988254771
1473504,2025,9,5,0,45.46666666666667,14.557377049180328,8.440677966101696,-65.15833333333336,3,7,death_plus_v7_gap_mid,0.046843030166671566,0.07609282845894715
1473504,2025,9,6,0,45.46666666666667,14.599999999999998,8.5,-64.5,3,7,death_plus_v7_gap_mid,0.05110979010744514,0.0816258454565702
1473504,2025,10,1,0,45.46666666666667,14.847457627118644,8.360655737704917,-77.15,4,6,death_plus_v7_gap_mid,0.022633874794719396,0.03707310813533686
1473504,2025,10,2,0,45.46666666666667,15.0,8.322580645161292,-77.29999999999998,4,6,death_plus_v7_gap_mid,0.029141929878678502,0.0460656053852637
1473504,2025,10,3,0,45.46666666666667,15.263157894736842,8.19047619047619,-78.45000000000002,4,6,death_plus_v7_gap_mid,0.026421802130441048,0.042348527848387885
1473504,2025,10,4,0,45.46666666666667,15.535714285714286,8.0625,-90.33333333333331,5,5,death_plus_v7_gap_mid,0.010225128906673892,0.018668577142381466
1473504,2025,10,5,0,45.46666666666667,15.818181818181817,7.938461538461539,-91.29166666666669,5,5,death_plus_v7_gap_mid,0.008538694714136446,0.01596962474399763
1473504,2025,10,6,0,45.46666666666667,16.11111111111111,7.818181818181818,-92.25,5,5,death_plus_v7_gap_mid,0.0075215498589387385,0.01430643383374464
1473504,2025,11,1,0,45.46666666666667,16.41509433962264,7.701492537313433,-93.20833333333334,5,5,death_plus_v7_gap_mid,0.0060751571793235875,0.011542824955450112
1473504,2025,11,2,0,45.46666666666667,16.5,7.764705882352942,-92.16666666666666,5,5,death_plus_v7_gap_mid,0.00628010417546639,0.011885290662947592
1473504,2025,11,3,0,45.46666666666667,16.588235294117645,7.826086956521739,-91.125,5,5,death_plus_v7_gap_mid,0.006538601436001274,0.012315285690551157
1473504,2025,11,4,0,45.46666666666667,16.799999999999997,7.800000000000001,-91.08333333333331,5,5,death_plus_v7_gap_mid,0.0057223312301631895,0.01094989030504177
1473504,2025,11,5,0,45.46666666666667,17.020408163265305,7.774647887323944,-91.04166666666669,5,5,death_plus_v7_gap_mid,0.0053330976428496235,0.01029054017786985
1473504,2025,11,6,0,45.46666666666667,16.875,8.0,-88.0,5,5,death_plus_v7_gap_mid,0.006734794064040035,0.012640238685733367
1473504,2025,11,7,0,45.46666666666667,17.106382978723403,7.972602739726027,-87.95833333333334,5,5,death_plus_v7_gap_mid,0.006723039506778749,0.01262080292467365
1473504,2025,12,1,0,45.46666666666667,16.340425531914892,8.465753424657535,-81.95833333333334,5,5,death_plus_v7_gap_mid,0.012281881184941069,0.019716563414516292
1473504,2025,12,2,0,45.46666666666667,16.695652173913043,8.35135135135135,-82.91666666666666,5,5,death_plus_v7_gap_mid,0.010163296235054353,0.01665087984403145
1473504,2025,12,3,0,45.46666666666667,16.933333333333334,8.32,-82.875,5,5,death_plus_v7_gap_mid,0.009642121726582428,0.015886182285956407
1473504,2025,12,4,0,45.46666666666667,17.181818181818183,8.289473684210526,-82.83333333333334,5,5,death_plus_v7_gap_mid,0.008354249864368037,0.013976118339506781
1473504,2025,12,5,0,45.46666666666667,17.58139534883721,8.181818181818182,-92.03333333333333,6,4,death_plus_v7_gap_mid,0.00300182073180171,0.005589833163234269
1473504,2025,12,6,0,45.46666666666667,17.857142857142858,8.153846153846153,-91.79999999999998,6,4,death_plus_v7_gap_mid,0.0030013500173891334,0.005589047313895126
1473504,2025,13,1,0,45.46666666666667,18.29268292682927,8.050632911392405,-92.56666666666666,6,4,death_plus_v7_gap_mid,0.002698286680564368,0.004194550899475517
1473504,2025,13,2,0,45.46666666666667,18.15,8.25,-89.33333333333334,6,4,death_plus_v7_gap_mid,0.0030800743308169727,0.00474127294556597
1473504,2025,13,3,0,45.46666666666667,18.615384615384617,8.148148148148149,-90.1,6,4,death_plus_v7_gap_mid,0.002641007426855635,0.0041120413492071696
1473504,2025,13,4,0,45.46666666666667,19.105263157894736,8.048780487804878,-98.15,7,3,death_plus_v7_gap_mid,0.001324095478430016,0.0021693346303476146
1473504,2025,13,5,0,45.46666666666667,19.62162162162162,7.951807228915663,-98.725,7,3,death_plus_v7_gap_mid,0.001322450383247406,0.002166837377304345
1473504,2025,13,6,0,45.46666666666667,20.166666666666668,7.857142857142858,-99.30000000000001,7,3,death_plus_v7_gap_mid,0.0013574325572901025,0.0022198911063733466
1473504,2025,14,1,0,45.46666666666667,20.057142857142857,8.047058823529412,-95.875,7,3,death_plus_v7_gap_mid,0.0013776819272888334,0.0020619969684654497
1473504,2025,14,2,0,45.46666666666667,20.294117647058822,8.093023255813954,-94.45000000000002,7,3,death_plus_v7_gap_mid,0.0013674674323835415,0.002047640469608151
1473504,2025,14,3,0,45.46666666666667,20.727272727272727,8.068965517241379,-94.025,7,3,death_plus_v7_gap_mid,0.0013537790354665351,0.0020283910044708972
1473504,2025,14,4,0,45.46666666666667,21.375,7.9772727272727275,-94.60000000000002,7,3,death_plus_v7_gap_mid,0.0013362600103726853,0.002003737130928416
1473504,2025,14,5,0,45.46666666666667,21.870967741935484,7.95505617977528,-94.17499999999998,7,3,death_plus_v7_gap_mid,0.0013279709643679474,0.001992065329149826
1473504,2025,14,6,0,45.46666666666667,21.400000000000002,8.266666666666666,-88.75,7,3,death_plus_v7_gap_mid,0.0013781377652870887,0.0020626374964740823
1473504,2025,14,7,0,45.46666666666667,21.931034482758623,8.241758241758241,-88.32499999999999,7,3,death_plus_v7_gap_mid,0.0013712128041514673,0.002052905365101425
1473504,2025,15,1,0,45.46666666666667,21.931034482758623,8.241758241758241,-88.32499999999999,7,3,death_plus_v7_gap_mid,0.0013556770077006476,0.0018794567572679743
1473504,2025,15,2,0,45.46666666666667,22.5,8.217391304347826,-87.9,7,3,death_plus_v7_gap_mid,0.0013392494761642587,0.0018577824362671933
1473504,2025,15,3,0,45.46666666666667,23.333333333333332,8.129032258064516,-93.64999999999998,8,2,death_plus_v7_gap_mid,0.0012913208101361668,0.0017944707210770206
1473504,2025,15,4,0,45.46666666666667,24.23076923076923,8.042553191489361,-94.03333333333333,8,2,death_plus_v7_gap_mid,0.0013019234797125743,0.0018084861664532659
1473504,2025,15,5,0,45.46666666666667,25.200000000000003,7.957894736842105,-94.41666666666669,8,2,death_plus_v7_gap_mid,0.0012871074480285574,0.0017888996036497166
1473504,2025,15,6,0,45.46666666666667,26.0,7.9375,-93.79999999999998,8,2,death_plus_v7_gap_mid,0.0013003158793893194,0.001806361474242579
1473505,2025,7,1,0,80.76190476190476,16.90909090909091,8.651162790697674,-91.13166666666666,3,7,death_plus_v7_gap_mid,0.0030946681654483,0.007641772413666356
1473505,2025,7,2,0,80.76190476190476,16.973684210526315,8.727272727272727,-90.75333333333333,3,7,death_plus_v7_gap_mid,0.003124526441712139,0.007703399488693559
1473505,2025,7,3,0,80.76190476190476,17.2,8.533333333333333,-92.375,3,7,death_plus_v7_gap_mid,0.003101221030930891,0.0076553059034640365
1473505,2025,7,4,0,80.76190476190476,16.945945945945944,9.130434782608695,-87.99666666666667,3,7,death_plus_v7_gap_mid,0.004208812499192414,0.009882020327168867
1473505,2025,7,5,0,80.76190476190476,17.17808219178082,8.936170212765957,-106.53,4,6,death_plus_v7_gap_mid,0.002220966513199394,0.005789130343477223
1473505,2025,7,6,0,80.76190476190476,17.416666666666664,8.75,-124.6,5,5,death_plus_v7_gap_mid,0.0015132310149617303,0.004197742529603094
1473505,2025,8,1,0,80.76190476190476,17.661971830985916,8.571428571428571,-125.75833333333333,5,5,death_plus_v7_gap_mid,0.0014546077007844915,0.003557291784014268
1473505,2025,8,2,0,80.76190476190476,17.82857142857143,8.52,-125.91666666666666,5,5,death_plus_v7_gap_mid,0.0014634437199023743,0.003575843690690769
1473505,2025,8,3,0,80.76190476190476,18.0,8.470588235294118,-126.07500000000002,5,5,death_plus_v7_gap_mid,0.0014494967615103582,0.0035465536336751233
1473505,2025,8,4,0,80.76190476190476,18.176470588235293,8.423076923076923,-126.23333333333335,5,5,death_plus_v7_gap_mid,0.0013706654100324636,0.0033802299835708352
1473505,2025,8,5,0,80.76190476190476,18.35820895522388,8.377358490566037,-126.39166666666665,5,5,death_plus_v7_gap_mid,0.0014089567346589422,0.003461185286552319
1473505,2025,8,6,0,80.76190476190476,18.545454545454547,8.333333333333332,-126.54999999999998,5,5,death_plus_v7_gap_mid,0.001291207093786618,0.0032111968467750693
1473505,2025,8,7,0,80.76190476190476,18.73846153846154,8.290909090909091,-126.70833333333334,5,5,death_plus_v7_gap_mid,0.0012681735091049562,0.003161923339477777
1473505,2025,9,1,0,80.76190476190476,18.73846153846154,8.290909090909091,-126.70833333333334,5,5,death_plus_v7_gap_mid,0.001312932211474402,0.0040417902313448235
1473505,2025,9,2,0,80.76190476190476,19.03125,8.142857142857142,-127.86666666666667,5,5,death_plus_v7_gap_mid,0.0012955716494277112,0.003997432254382576
1473505,2025,9,3,0,80.76190476190476,19.23809523809524,8.105263157894736,-128.025,5,5,death_plus_v7_gap_mid,0.0012776080629107842,0.003951425113632388
1473505,2025,9,4,0,80.76190476190476,19.354838709677416,8.172413793103448,-127.18333333333334,5,5,death_plus_v7_gap_mid,0.0012773989269423427,0.003950888832513365
1473505,2025,9,5,0,80.76190476190476,19.573770491803277,8.135593220338983,-127.34166666666667,5,5,death_plus_v7_gap_mid,0.0012775124977492626,0.003951180060625868
1473505,2025,9,6,0,80.76190476190476,19.799999999999997,8.100000000000001,-127.5,5,5,death_plus_v7_gap_mid,0.0012597340945583908,0.0039055363388843098
1473505,2025,10,1,0,80.76190476190476,20.033898305084747,8.065573770491802,-127.65833333333333,5,5,death_plus_v7_gap_mid,0.0012446486143674216,0.0029907652554211806
1473505,2025,10,2,0,80.76190476190476,20.379310344827587,7.935483870967742,-128.81666666666666,5,5,death_plus_v7_gap_mid,0.001208066973102276,0.0029139826246208284
1473505,2025,10,3,0,80.76190476190476,20.63157894736842,7.904761904761905,-128.975,5,5,death_plus_v7_gap_mid,0.0012395479257802015,0.002980076948344047
1473505,2025,10,4,0,80.76190476190476,20.892857142857142,7.875,-129.13333333333333,5,5,death_plus_v7_gap_mid,0.0012325307491377372,0.0029653633922177526
1473505,2025,10,5,0,80.76190476190476,21.272727272727273,7.753846153846155,-130.29166666666669,5,5,death_plus_v7_gap_mid,0.0011255065818292637,0.0027395684066732623
1473505,2025,10,6,0,80.76190476190476,21.22222222222222,8.0,-127.45000000000002,5,5,death_plus_v7_gap_mid,0.0011602785824037936,0.002813221639911543
1473505,2025,11,1,0,80.76190476190476,21.50943396226415,7.970149253731344,-127.60833333333335,5,5,death_plus_v7_gap_mid,0.0012104170429743863,0.002775948035917182
1473505,2025,11,2,0,80.76190476190476,21.923076923076923,7.852941176470589,-128.76666666666665,5,5,death_plus_v7_gap_mid,0.0012223133779450909,0.0028000730556906406
1473505,2025,11,3,0,80.76190476190476,22.235294117647058,7.826086956521739,-128.92499999999998,5,5,death_plus_v7_gap_mid,0.0011799365647364804,0.0027140087026624998
1473505,2025,11,4,0,80.76190476190476,22.56,7.800000000000001,-129.08333333333331,5,5,death_plus_v7_gap_mid,0.0011610319743631452,0.002675499293739273
1473505,2025,11,5,0,80.76190476190476,22.53061224489796,8.028169014084508,-126.24166666666667,5,5,death_plus_v7_gap_mid,0.0011701864867609325,0.002694156445970879
1473505,2025,11,6,0,80.76190476190476,23.0,7.916666666666666,-127.4,5,5,death_plus_v7_gap_mid,0.001107946930912344,0.0025669679784821407
1473505,2025,12,1,0,80.76190476190476,23.48936170212766,7.808219178082192,-128.55833333333334,5,5,death_plus_v7_gap_mid,0.0011010660465794835,0.0022729142694227337
1473505,2025,12,2,0,80.76190476190476,24.0,7.702702702702703,-140.37333333333333,6,4,death_plus_v7_gap_mid,0.0010279897467373883,0.0021370046685107017
1473505,2025,12,3,0,80.76190476190476,24.4,7.68,-140.29999999999998,6,4,death_plus_v7_gap_mid,0.001040914601724977,0.0021611133122230062
1473505,2025,12,4,0,80.76190476190476,24.954545454545453,7.578947368421052,-141.22666666666666,6,4,death_plus_v7_gap_mid,0.001122234700874056,0.0023121081494804742
1473505,2025,12,5,0,80.76190476190476,25.395348837209305,7.558441558441559,-141.15333333333334,6,4,death_plus_v7_gap_mid,0.0010909097222541009,0.002254082262631897
1473505,2025,12,6,0,80.76190476190476,26.0,7.461538461538462,-142.07999999999998,6,4,death_plus_v7_gap_mid,0.0010688913939097362,0.002213193189195738
1473505,2025,13,1,0,80.76190476190476,26.634146341463417,7.367088607594937,-143.00666666666666,6,4,death_plus_v7_gap_mid,0.001088988556167219,0.0018099459225709865
1473505,2025,13,2,0,80.76190476190476,27.150000000000002,7.3500000000000005,-142.93333333333334,6,4,death_plus_v7_gap_mid,0.0010694262027118309,0.0017797983660919022
1473505,2025,13,3,0,80.76190476190476,26.923076923076923,7.703703703703703,-137.85999999999999,6,4,death_plus_v7_gap_mid,0.0010387347652707699,0.0017324172118817107
1473505,2025,13,4,0,80.76190476190476,26.68421052631579,8.048780487804878,-132.78666666666666,6,4,death_plus_v7_gap_mid,0.0010636609858976072,0.0017709058351281744
1473505,2025,13,5,0,80.76190476190476,27.405405405405403,7.951807228915663,-142.285,7,3,death_plus_v7_gap_mid,0.0010244634249493524,0.00171035015238831
1473505,2025,13,6,0,80.76190476190476,28.0,7.928571428571429,-141.98000000000002,7,3,death_plus_v7_gap_mid,0.0010321064860078111,0.001722171041473473
1473505,2025,14,1,0,80.76190476190476,28.114285714285714,8.117647058823529,-138.67499999999998,7,3,death_plus_v7_gap_mid,0.0010348958531389404,0.0015762529919194415
1473505,2025,14,2,0,80.76190476190476,28.941176470588232,8.023255813953488,-139.37,7,3,death_plus_v7_gap_mid,0.0010348317145514043,0.001576161263320635
1473505,2025,14,3,0,80.76190476190476,28.727272727272727,8.344827586206897,-134.065,7,3,death_plus_v7_gap_mid,0.0010544985521677664,0.0016042717685180573
1473505,2025,14,4,0,80.76190476190476,28.5,8.659090909090908,-128.76000000000002,7,3,death_plus_v7_gap_mid,0.0010840312052632624,0.0016464235131321144
1473505,2025,14,5,0,80.76190476190476,29.032258064516128,8.696629213483146,-127.45499999999998,7,3,death_plus_v7_gap_mid,0.0010838818344212373,0.0016462104964839997
1473505,2025,14,6,0,80.76190476190476,29.8,8.666666666666666,-127.15000000000003,7,3,death_plus_v7_gap_mid,0.0010837360753929073,0.0016460026288759675
1473505,2025,15,1,0,80.76190476190476,30.620689655172416,8.637362637362637,-126.84499999999997,7,3,death_plus_v7_gap_mid,0.0010836377255613986,0.0015187366270904001
1473505,2025,15,2,0,80.76190476190476,30.428571428571427,8.934782608695652,-121.54000000000002,7,3,death_plus_v7_gap_mid,0.0011460186968995155,0.0016018091112099632
1473505,2025,15,3,0,80.76190476190476,31.333333333333336,8.903225806451612,-121.23500000000001,7,3,death_plus_v7_gap_mid,0.0011552364423111912,0.001614065309119797
1473505,2025,15,4,0,80.76190476190476,32.30769230769231,8.872340425531915,-120.93,7,3,death_plus_v7_gap_mid,0.001155173639621744,0.0016139818209565645
1473505,2025,15,5,0,80.76190476190476,32.160000000000004,9.157894736842106,-115.625,7,3,death_plus_v7_gap_mid,0.0012505828021582407,0.0017405671252626223
1473505,2025,15,6,0,80.76190476190476,32.0,9.4375,-110.32,7,3,death_plus_v7_gap_mid,0.001298146039703973,0.001803493491729512
1473506,2025,7,1,1,-3.4375,9.350649350649352,9.069767441860465,-12.739999999999995,1,9,death_plus_v7_gap_mid,0.7451149838632529,0.7084807171728518
1473506,2025,7,2,1,-3.4375,9.473684210526315,8.863636363636363,-14.120000000000005,1,9,death_plus_v7_gap_mid,0.7370602047833813,0.7011410742858567
1473506,2025,7,3,1,-3.4375,9.52,8.799999999999999,-14.5,1,9,death_plus_v7_gap_mid,0.7390002756438356,0.7029050293400269
1473506,2025,7,4,1,-3.4375,9.162162162162161,9.391304347826088,-9.879999999999995,1,9,death_plus_v7_gap_mid,0.7768269430647812,0.7378250950043135
1473506,2025,7,5,1,-3.4375,9.123287671232877,9.446808510638299,-9.260000000000005,1,9,death_plus_v7_gap_mid,0.7843769404706296,0.7449284679508347
1473506,2025,7,6,1,-3.4375,9.166666666666666,9.375,-9.639999999999986,1,9,death_plus_v7_gap_mid,0.7852114988984555,0.7457166790440455
1473506,2025,8,1,1,-3.4375,9.211267605633802,9.306122448979592,-10.02000000000001,1,9,death_plus_v7_gap_mid,0.7812749986940438,0.7469561747483214
1473506,2025,8,2,1,-3.4375,9.257142857142858,9.24,-10.399999999999991,1,9,death_plus_v7_gap_mid,0.7773049184849166,0.7431825242844775
1473506,2025,8,3,1,-3.4375,9.043478260869566,9.529411764705882,-7.780000000000001,1,9,death_plus_v7_gap_mid,0.7766182384904345,0.742531020320144
1473506,2025,8,4,1,-3.4375,9.088235294117647,9.461538461538462,-8.159999999999997,1,9,death_plus_v7_gap_mid,0.7855842510989488,0.7510658857912774
1473506,2025,8,5,1,-3.4375,9.134328358208954,9.39622641509434,-8.539999999999992,1,9,death_plus_v7_gap_mid,0.785540063128497,0.7510236704052313
1473506,2025,8,6,1,-3.4375,9.181818181818182,9.333333333333334,-8.919999999999987,1,9,death_plus_v7_gap_mid,0.7838409325638807,0.7494015530526261
1473506,2025,8,7,1,-3.4375,9.323076923076924,9.163636363636364,-10.299999999999997,1,9,death_plus_v7_gap_mid,0.7799103271354211,0.7456576787502578
1473506,2025,9,1,1,-3.4375,9.323076923076924,9.163636363636364,-10.299999999999997,1,9,death_plus_v7_gap_mid,0.7794283774375552,0.7422082697401375
1473506,2025,9,2,1,-3.4375,9.375,9.107142857142858,-10.680000000000007,1,9,death_plus_v7_gap_mid,0.7815845734874467,0.7442051416127822
1473506,2025,9,3,1,-3.4375,9.142857142857142,9.368421052631579,-8.059999999999988,1,9,death_plus_v7_gap_mid,0.7937786927434989,0.7555747202886209
1473506,2025,9,4,1,-3.4375,9.29032258064516,9.206896551724139,-9.439999999999984,1,9,death_plus_v7_gap_mid,0.7913346089364444,0.7532851817139362
1473506,2025,9,5,1,-3.4375,9.442622950819672,9.050847457627118,-10.819999999999993,1,9,death_plus_v7_gap_mid,0.7861602452903506,0.7484559307623637
1473506,2025,9,6,1,-3.4375,9.600000000000001,8.9,-12.200000000000003,1,9,death_plus_v7_gap_mid,0.781466366730426,0.7440955670733084
1473506,2025,10,1,1,-3.4375,9.661016949152541,8.852459016393443,-12.579999999999998,1,9,death_plus_v7_gap_mid,0.7807435410783976,0.7577905573106218
1473506,2025,10,2,1,-3.4375,9.413793103448276,9.096774193548388,-9.959999999999994,1,9,death_plus_v7_gap_mid,0.7995934196049552,0.7755550349152031
1473506,2025,10,3,1,-3.4375,9.157894736842106,9.333333333333334,-7.340000000000003,1,9,death_plus_v7_gap_mid,0.8044785944790613,0.7801980441532348
1473506,2025,10,4,1,-3.4375,8.892857142857142,9.5625,-4.719999999999999,1,9,death_plus_v7_gap_mid,0.8221584582103274,0.7971506372358476
1473506,2025,10,5,1,-3.4375,8.945454545454545,9.507692307692308,-5.1000000000000085,1,9,death_plus_v7_gap_mid,0.8177056565875382,0.7928579637432335
1473506,2025,10,6,1,-3.4375,9.0,9.454545454545453,-5.47999999999999,1,9,death_plus_v7_gap_mid,0.8106985970479972,0.7861347903651849
1473506,2025,10,7,1,-3.4375,9.056603773584907,9.402985074626866,-5.860000000000014,1,9,death_plus_v7_gap_mid,0.8040572528049725,0.7797969174221995
1473506,2025,11,1,1,-3.4375,8.943396226415093,9.492537313432836,-4.860000000000014,1,9,death_plus_v7_gap_mid,0.8149580407021648,0.7991182641238065
1473506,2025,11,2,1,-3.4375,9.0,9.441176470588236,-5.239999999999995,1,9,death_plus_v7_gap_mid,0.8101847599082315,0.7946226127266109
1473506,2025,11,3,1,-3.4375,9.058823529411764,9.391304347826088,-5.61999999999999,1,9,death_plus_v7_gap_mid,0.8029950670242783,0.7878767607550368
1473506,2025,11,4,1,-3.4375,9.120000000000001,9.342857142857143,-6.0,1,9,death_plus_v7_gap_mid,0.7972345881977859,0.7824931230621918
1473506,2025,11,5,1,-3.4375,9.183673469387754,9.295774647887324,-6.38000000000001,1,9,death_plus_v7_gap_mid,0.7931678999816557,0.7787033398488884
1473506,2025,11,6,1,-3.4375,8.875,9.5,-3.7599999999999767,1,9,death_plus_v7_gap_mid,0.8169918723081742,0.8010380908793495
1473506,2025,11,7,1,-3.4375,8.297872340425533,9.863013698630137,0.8600000000000136,1,9,death_plus_v7_gap_mid,0.8777127792824724,0.8597942236921677
1473506,2025,12,1,1,-3.4375,7.787234042553191,10.191780821917808,4.860000000000014,1,9,death_plus_v7_gap_mid,0.9415103530658833,0.9265442120624936
1473506,2025,12,2,1,-3.4375,7.826086956521739,10.135135135135135,4.47999999999999,1,9,death_plus_v7_gap_mid,0.9390888047781596,0.9238608515941384
1473506,2025,12,3,1,-3.4375,8.0,10.0,3.1000000000000085,1,9,death_plus_v7_gap_mid,0.9298577123742093,0.9137480447874327
1473506,2025,12,4,1,-3.4375,8.181818181818182,9.868421052631579,1.7199999999999989,1,9,death_plus_v7_gap_mid,0.9211376461123333,0.90434699761669
1473506,2025,12,5,1,-3.4375,8.372093023255815,9.74025974025974,0.3400000000000034,1,9,death_plus_v7_gap_mid,0.9042795011315556,0.8865271393353106
1473506,2025,12,6,1,-3.4375,7.714285714285715,10.076923076923077,4.959999999999994,1,9,death_plus_v7_gap_mid,0.9561281181516919,0.9430592393628338
1473506,2025,13,1,1,-3.4375,7.317073170731707,10.253164556962025,7.579999999999998,1,9,death_plus_v7_gap_mid,0.9859830790905048,0.9812348502940766
1473506,2025,13,2,1,-3.4375,7.3500000000000005,10.2,7.200000000000017,1,9,death_plus_v7_gap_mid,0.9858728410087915,0.9810987029401105
1473506,2025,13,3,1,-3.4375,6.9230769230769225,10.37037037037037,9.819999999999993,1,9,death_plus_v7_gap_mid,0.9913163415350145,0.9879410524085096
1473506,2025,13,4,1,-3.4375,7.105263157894736,10.24390243902439,8.439999999999998,1,9,death_plus_v7_gap_mid,0.9898501869968311,0.986071285435873
1473506,2025,13,5,1,-3.4375,7.135135135135135,10.19277108433735,8.060000000000002,1,9,death_plus_v7_gap_mid,0.9892930427980635,0.9853665188113608
1473506,2025,13,6,1,-3.4375,7.0,10.214285714285714,8.680000000000007,1,9,death_plus_v7_gap_mid,0.9905901036939806,0.9870120229685273
1473506,2025,14,1,1,-3.4375,7.199999999999999,10.094117647058823,1.9333333333333371,2,8,death_plus_v7_gap_mid,0.9733522100954393,0.9672555900134384
1473506,2025,14,2,1,-3.4375,7.235294117647058,10.046511627906977,1.7066666666666777,2,8,death_plus_v7_gap_mid,0.9675075273256575,0.9605991511359833
1473506,2025,14,3,1,-3.4375,7.454545454545455,9.931034482758621,0.47999999999998977,2,8,death_plus_v7_gap_mid,0.9578394979399878,0.9497706700347978
1473506,2025,14,4,1,-3.4375,7.5,9.886363636363637,0.2533333333333303,2,8,death_plus_v7_gap_mid,0.9563211226413115,0.9480876955975931
1473506,2025,14,5,1,-3.4375,7.741935483870968,9.775280898876405,-0.9733333333333292,2,8,death_plus_v7_gap_mid,0.9339391442850555,0.9237176643536831
1473506,2025,14,6,1,-3.4375,7.800000000000001,9.733333333333334,-1.200000000000017,2,8,death_plus_v7_gap_mid,0.9307625173687998,0.9203154068608721
1473506,2025,15,1,1,-3.4375,7.655172413793104,9.758241758241759,-0.4266666666666765,2,8,death_plus_v7_gap_mid,0.9454084751986965,0.9384453891707377
1473506,2025,15,2,1,-3.4375,7.5,9.782608695652174,0.346666666666664,2,8,death_plus_v7_gap_mid,0.9615358116579658,0.9557953174102553
1473506,2025,15,3,1,-3.4375,7.555555555555555,9.741935483870968,0.12000000000000455,2,8,death_plus_v7_gap_mid,0.9601408330656624,0.9542799219557716
1473506,2025,15,4,1,-3.4375,7.846153846153847,9.638297872340425,-1.106666666666655,2,8,death_plus_v7_gap_mid,0.9347884899042893,0.9271921861200585
1473506,2025,15,5,1,-3.4375,7.199999999999999,9.789473684210526,1.6666666666666856,2,8,death_plus_v7_gap_mid,0.9695652664149228,0.9645832768644684
1473506,2025,15,6,1,-3.4375,7.0,9.8125,2.4399999999999977,2,8,death_plus_v7_gap_mid,0.9767961771139471,0.9726100446329244
1473506,2025,15,7,1,-3.4375,7.043478260869566,9.77319587628866,2.2133333333333383,2,8,death_plus_v7_gap_mid,0.9762221065261852,0.9719681947240342
1473507,2025,7,1,1,51.69999999999999,11.766233766233768,10.74418604651163,-18.9075,1,9,death_plus_v7_gap_mid,0.2764096976075975,0.30530668064352
1473507,2025,7,2,1,51.69999999999999,11.447368421052632,11.318181818181818,-14.610000000000014,1,9,death_plus_v7_gap_mid,0.4166277599505066,0.4264527508713866
1473507,2025,7,3,1,51.69999999999999,11.52,11.2,-15.3125,1,9,death_plus_v7_gap_mid,0.40620098183877423,0.41762645301896906
1473507,2025,7,4,1,51.69999999999999,11.35135135135135,11.478260869565219,-13.014999999999986,1,9,death_plus_v7_gap_mid,0.4429951820372821,0.4487054841105061
1473507,2025,7,5,1,51.69999999999999,11.342465753424658,11.48936170212766,-12.717500000000001,1,9,death_plus_v7_gap_mid,0.45793437906642565,0.4612816565380089
1473507,2025,7,6,1,51.69999999999999,11.5,11.25,-28.040000000000006,2,8,death_plus_v7_gap_mid,0.19496724917488878,0.23056739953969083
1473507,2025,7,7,1,51.69999999999999,11.661971830985916,11.020408163265307,-42.98416666666668,3,7,death_plus_v7_gap_mid,0.08733254155927944,0.12073827268759521
1473507,2025,8,1,1,51.69999999999999,11.577464788732396,11.142857142857142,-41.98416666666668,3,7,death_plus_v7_gap_mid,0.09561654144144235,0.12484745953815764
1473507,2025,8,2,1,51.69999999999999,11.657142857142857,11.040000000000001,-42.30833333333334,3,7,death_plus_v7_gap_mid,0.0952134644153606,0.12440893623238651
1473507,2025,8,3,1,51.69999999999999,11.82608695652174,10.823529411764707,-43.63249999999999,3,7,death_plus_v7_gap_mid,0.0991754062789225,0.1287050185489674
1473507,2025,8,4,1,51.69999999999999,12.0,10.615384615384615,-44.95666666666668,3,7,death_plus_v7_gap_mid,0.10616975605120942,0.13621479922854862
1473507,2025,8,5,1,51.69999999999999,11.82089552238806,10.867924528301888,-42.280833333333334,3,7,death_plus_v7_gap_mid,0.11018246620224947,0.14048266107202675
1473507,2025,8,6,1,51.69999999999999,11.90909090909091,10.777777777777779,-42.60499999999999,3,7,death_plus_v7_gap_mid,0.11754881497085701,0.14824538636510634
1473507,2025,9,1,1,51.69999999999999,11.723076923076922,11.01818181818182,-39.929166666666674,3,7,death_plus_v7_gap_mid,0.12806800534805218,0.16987536571380363
1473507,2025,9,2,1,51.69999999999999,11.8125,10.928571428571429,-40.25333333333333,3,7,death_plus_v7_gap_mid,0.1273386095443059,0.16910914016562892
1473507,2025,9,3,1,51.69999999999999,11.619047619047619,11.157894736842106,-37.577500000000015,3,7,death_plus_v7_gap_mid,0.13879028957747358,0.18103000397196709
1473507,2025,9,4,1,51.69999999999999,11.419354838709678,11.379310344827587,-34.90166666666667,3,7,death_plus_v7_gap_mid,0.1633492308860387,0.20588827999860618
1473507,2025,9,5,1,51.69999999999999,11.213114754098362,11.59322033898305,-32.225833333333355,3,7,death_plus_v7_gap_mid,0.21492190627447133,0.2556124521856295
1473507,2025,9,6,1,51.69999999999999,11.3,11.5,-32.55000000000001,3,7,death_plus_v7_gap_mid,0.22617616886377884,0.2661067299577596
1473507,2025,10,1,1,51.69999999999999,11.491525423728813,11.311475409836067,-33.87416666666667,3,7,death_plus_v7_gap_mid,0.2068643508678309,0.24190195111071475
1473507,2025,10,2,1,51.69999999999999,11.689655172413794,11.129032258064516,-35.19833333333332,3,7,death_plus_v7_gap_mid,0.20216001680570397,0.23730076169252304
1473507,2025,10,3,1,51.69999999999999,11.473684210526315,11.333333333333332,-32.52250000000001,3,7,death_plus_v7_gap_mid,0.2389554906257806,0.272840359461546
1473507,2025,10,4,1,51.69999999999999,11.571428571428571,11.25,-32.846666666666664,3,7,death_plus_v7_gap_mid,0.22617810997779794,0.26061105871668
1473507,2025,10,5,1,51.69999999999999,11.672727272727274,11.169230769230769,-33.17083333333335,3,7,death_plus_v7_gap_mid,0.23519609638965125,0.2692537442395177
1473507,2025,10,6,1,51.69999999999999,11.777777777777779,11.09090909090909,-33.495000000000005,3,7,death_plus_v7_gap_mid,0.23258135603447452,0.26675358737495675
1473507,2025,11,1,1,51.69999999999999,11.88679245283019,11.014925373134329,-33.81916666666669,3,7,death_plus_v7_gap_mid,0.20795897878500236,0.24638309302628422
1473507,2025,11,2,1,51.69999999999999,12.115384615384615,10.852941176470589,-44.97999999999999,4,6,death_plus_v7_gap_mid,0.11500534875318785,0.14915385322912347
1473507,2025,11,3,1,51.69999999999999,11.882352941176471,11.043478260869565,-42.11500000000001,4,6,death_plus_v7_gap_mid,0.1343493117960862,0.1702432898073082
1473507,2025,11,4,1,51.69999999999999,12.0,10.971428571428572,-42.25,4,6,death_plus_v7_gap_mid,0.13344567074191044,0.16927010751571153
1473507,2025,11,5,1,51.69999999999999,12.0,10.985915492957746,-41.38499999999999,4,6,death_plus_v7_gap_mid,0.1494342104988907,0.18633117148463962
1473507,2025,11,6,1,51.69999999999999,12.0,11.0,-40.52000000000001,4,6,death_plus_v7_gap_mid,0.16020869085819675,0.1976517308549885
1473507,2025,12,1,1,51.69999999999999,12.127659574468087,10.931506849315069,-40.655,4,6,death_plus_v7_gap_mid,0.15068457272647065,0.17987703936485996
1473507,2025,12,2,1,51.69999999999999,12.260869565217392,10.864864864864865,-40.78999999999999,4,6,death_plus_v7_gap_mid,0.15062138161165406,0.17981156383229163
1473507,2025,12,3,1,51.69999999999999,12.266666666666666,10.879999999999999,-39.92500000000001,4,6,death_plus_v7_gap_mid,0.15531926941355773,0.18466855432827248
1473507,2025,12,4,1,51.69999999999999,12.40909090909091,10.81578947368421,-40.06,4,6,death_plus_v7_gap_mid,0.1619186565778249,0.1914556998981739
1473507,2025,12,5,1,51.69999999999999,12.558139534883722,10.753246753246753,-40.19499999999999,4,6,death_plus_v7_gap_mid,0.1647378319034501,0.19434278333727947
1473507,2025,12,6,1,51.69999999999999,12.714285714285715,10.692307692307693,-40.33000000000001,4,6,death_plus_v7_gap_mid,0.15851654802149157,0.1879619128737729
1473507,2025,13,1,1,51.69999999999999,12.878048780487806,10.632911392405063,-40.465,4,6,death_plus_v7_gap_mid,0.15811872227724214,0.17683266987855079
1473507,2025,13,2,1,51.69999999999999,12.75,10.725000000000001,-38.60000000000002,4,6,death_plus_v7_gap_mid,0.18944634292784432,0.20830441228397573
1473507,2025,13,3,1,51.69999999999999,12.153846153846153,11.037037037037036,-33.734999999999985,4,6,death_plus_v7_gap_mid,0.2632365948819052,0.28056927806525167
1473507,2025,13,4,1,51.69999999999999,11.842105263157894,11.195121951219512,-30.870000000000005,4,6,death_plus_v7_gap_mid,0.2971296136541877,0.31310091670897516
1473507,2025,13,5,1,51.69999999999999,12.0,11.132530120481928,-31.004999999999995,4,6,death_plus_v7_gap_mid,0.2923246841061713,0.3085094306061751
1473507,2025,13,6,1,51.69999999999999,12.0,11.142857142857142,-30.140000000000015,4,6,death_plus_v7_gap_mid,0.30243372816323033,0.3181621722069202
1473507,2025,14,1,1,51.69999999999999,11.657142857142857,11.294117647058822,-27.274999999999977,4,6,death_plus_v7_gap_mid,0.3550309441912892,0.3646005455302315
1473507,2025,14,2,1,51.69999999999999,11.647058823529411,11.30232558139535,-26.410000000000025,4,6,death_plus_v7_gap_mid,0.3786767290478649,0.3870368931179391
1473507,2025,14,3,1,51.69999999999999,10.909090909090908,11.586206896551724,-21.544999999999987,4,6,death_plus_v7_gap_mid,0.4593144311761587,0.4631137955068441
1473507,2025,14,4,1,51.69999999999999,10.5,11.727272727272727,-18.680000000000007,4,6,death_plus_v7_gap_mid,0.502081188045178,0.5033101256899184
1473507,2025,14,5,1,51.69999999999999,10.64516129032258,11.662921348314608,-18.814999999999998,4,6,death_plus_v7_gap_mid,0.5027531250058104,0.5039413831587406
1473507,2025,14,6,1,51.69999999999999,10.2,11.799999999999999,-15.949999999999989,4,6,death_plus_v7_gap_mid,0.5701883302833887,0.5673229261357604
1473507,2025,15,1,1,51.69999999999999,10.344827586206897,11.736263736263735,-16.085000000000008,4,6,death_plus_v7_gap_mid,0.5614781628562125,0.5609408969590021
1473507,2025,15,2,1,51.69999999999999,10.5,11.673913043478262,-16.22,4,6,death_plus_v7_gap_mid,0.5628180971539478,0.5622167574915465
1473507,2025,15,3,1,51.69999999999999,10.666666666666666,11.612903225806452,-16.35499999999999,4,6,death_plus_v7_gap_mid,0.5532177124094594,0.5530764457520098
1473507,2025,15,4,1,51.69999999999999,10.153846153846153,11.74468085106383,-13.490000000000009,4,6,death_plus_v7_gap_mid,0.5919618672440436,0.5899823400107521
1473507,2025,15,5,1,51.69999999999999,9.600000000000001,11.873684210526315,-10.625,4,6,death_plus_v7_gap_mid,0.6846152979706553,0.6786325929454177
1473507,2025,15,6,1,51.69999999999999,10.0,11.75,-11.759999999999991,4,6,death_plus_v7_gap_mid,0.6566144364698451,0.6517573835943572
1473507,2025,15,7,1,51.69999999999999,10.173913043478262,11.690721649484535,-11.89500000000001,4,6,death_plus_v7_gap_mid,0.6607486307210394,0.6557197958012922
1473508,2025,7,1,1,-68.88888888888889,2.25974025974026,10.186046511627907,30.3275,1,9,death_plus_v7_gap_mid,0.9960366293776004,0.9903481630170455
1473508,2025,7,2,1,-68.88888888888889,2.2105263157894735,10.090909090909092,30.569999999999993,1,9,death_plus_v7_gap_mid,0.9962552269817226,0.9907950747125525
1473508,2025,7,3,1,-68.88888888888889,1.76,10.666666666666666,35.8125,1,9,death_plus_v7_gap_mid,0.996439402729506,0.991175026466678
1473508,2025,7,4,1,-68.88888888888889,1.4594594594594597,10.956521739130434,39.05500000000001,1,9,death_plus_v7_gap_mid,0.9966979334425963,0.991714013130404
1473508,2025,7,5,1,-68.88888888888889,1.4794520547945205,10.72340425531915,32.15333333333332,2,8,death_plus_v7_gap_mid,0.9962771327882368,0.9908400984997957
1473508,2025,7,6,1,-68.88888888888889,1.4166666666666665,10.625,32.48,2,8,death_plus_v7_gap_mid,0.9942907475781315,0.9869097592409403
1473508,2025,8,1,1,-68.88888888888889,1.352112676056338,10.53061224489796,32.80666666666667,2,8,death_plus_v7_gap_mid,0.9946928461208118,0.9889161683225851
1473508,2025,8,2,1,-68.88888888888889,1.2857142857142856,10.44,33.13333333333335,2,8,death_plus_v7_gap_mid,0.9950414191855224,0.9895422345569984
1473508,2025,8,3,1,-68.88888888888889,1.3043478260869565,10.235294117647058,32.459999999999994,2,8,death_plus_v7_gap_mid,0.9953764944678967,0.990150232801003
1473508,2025,8,4,1,-68.88888888888889,1.2352941176470589,10.153846153846153,32.78666666666667,2,8,death_plus_v7_gap_mid,0.9955775182158647,0.9905181008703446
1473508,2025,8,5,1,-68.88888888888889,0.8955223880597014,10.415094339622641,36.113333333333344,2,8,death_plus_v7_gap_mid,0.9965620470558982,0.9923581531412524
1473508,2025,8,6,1,-68.88888888888889,0.9090909090909092,10.222222222222221,35.440000000000005,2,8,death_plus_v7_gap_mid,0.996955612289782,0.9931144972765251
1473508,2025,9,1,1,-68.88888888888889,0.8307692307692308,10.145454545454545,35.766666666666666,2,8,death_plus_v7_gap_mid,0.9969816009272638,0.9920744804463857
1473508,2025,9,2,1,-68.88888888888889,0.75,10.071428571428571,36.09333333333334,2,8,death_plus_v7_gap_mid,0.9971502908189502,0.9924427322716676
1473508,2025,9,3,1,-68.88888888888889,0.38095238095238093,10.31578947368421,39.42,2,8,death_plus_v7_gap_mid,0.9972414388594979,0.9926432987890911
1473508,2025,9,4,1,-68.88888888888889,0.29032258064516125,10.241379310344827,39.74666666666667,2,8,death_plus_v7_gap_mid,0.997291943620171,0.9927549324391186
1473508,2025,9,5,1,-68.88888888888889,0.19672131147540983,10.169491525423728,40.07333333333334,2,8,death_plus_v7_gap_mid,0.997414888260227,0.9930282327642757
1473508,2025,9,6,1,-68.88888888888889,-0.4,10.6,45.400000000000006,2,8,death_plus_v7_gap_mid,0.9967349477207629,0.9915424771868759
1473509,2025,7,1,0,62.20896079904773,11.922077922077923,10.604651162790699,-34.95999999999998,2,8,death_plus_v7_gap_mid,0.08974280575236673,0.12342842687191936
1473509,2025,7,2,0,62.20896079904773,12.0,10.5,-35.47999999999999,2,8,death_plus_v7_gap_mid,0.08979853170952369,0.12349044650506041
1473509,2025,7,3,0,62.20896079904773,12.0,10.533333333333333,-35.0,2,8,death_plus_v7_gap_mid,0.09622013593082311,0.1305855984888867
1473509,2025,7,4,0,62.20896079904773,11.837837837837839,10.826086956521738,-32.51999999999998,2,8,death_plus_v7_gap_mid,0.11381486428802114,0.14954860239744833
1473509,2025,7,5,0,62.20896079904773,11.917808219178081,10.72340425531915,-33.04000000000002,2,8,death_plus_v7_gap_mid,0.11363444213275227,0.14935738378044647
1473509,2025,7,6,0,62.20896079904773,12.0,10.625,-33.56,2,8,death_plus_v7_gap_mid,0.10837821204161306,0.1437585314499568
1473509,2025,8,1,0,62.20896079904773,12.0,10.653061224489797,-33.079999999999984,2,8,death_plus_v7_gap_mid,0.11603322336294432,0.14665560091574192
1473509,2025,8,2,0,62.20896079904773,11.82857142857143,10.92,-30.599999999999966,2,8,death_plus_v7_gap_mid,0.14406017944188448,0.175502073211616
1473509,2025,8,3,0,62.20896079904773,11.91304347826087,10.823529411764707,-31.120000000000005,2,8,death_plus_v7_gap_mid,0.1386909619388657,0.17006046726923338
1473509,2025,8,4,0,62.20896079904773,12.0,10.730769230769232,-31.639999999999986,2,8,death_plus_v7_gap_mid,0.14835825329926194,0.17983192222302818
1473509,2025,8,5,0,62.20896079904773,12.089552238805968,10.641509433962264,-32.15999999999998,2,8,death_plus_v7_gap_mid,0.1297015392281238,0.1608639054057297
1473509,2025,8,6,0,62.20896079904773,12.181818181818182,10.555555555555555,-32.67999999999999,2,8,death_plus_v7_gap_mid,0.13303851905793646,0.16429075934753096
1473509,2025,9,1,0,62.20896079904773,12.0,10.8,-30.19999999999999,2,8,death_plus_v7_gap_mid,0.15376221722103314,0.1962904220137685
1473509,2025,9,2,0,62.20896079904773,12.09375,10.714285714285715,-30.71999999999997,2,8,death_plus_v7_gap_mid,0.15522334026131607,0.19776155924373548
1473509,2025,9,3,0,62.20896079904773,11.904761904761905,10.94736842105263,-28.23999999999998,2,8,death_plus_v7_gap_mid,0.17626106804529273,0.21862146362111587
1473509,2025,9,4,0,62.20896079904773,12.0,10.862068965517242,-28.75999999999999,2,8,death_plus_v7_gap_mid,0.17301249667230598,0.21543766321500704
1473509,2025,9,5,0,62.20896079904773,12.098360655737704,10.779661016949152,-29.279999999999973,2,8,death_plus_v7_gap_mid,0.18217792911741978,0.22438775877532285
1473509,2025,9,6,0,62.20896079904773,12.299999999999999,10.6,-30.799999999999983,2,8,death_plus_v7_gap_mid,0.16383422720486363,0.20637046565759426
1473509,2025,10,1,0,62.20896079904773,12.305084745762711,10.62295081967213,-30.319999999999993,2,8,death_plus_v7_gap_mid,0.18896318303827048,0.22429316095998944
1473509,2025,10,2,0,62.20896079904773,12.413793103448278,10.548387096774194,-30.839999999999975,2,8,death_plus_v7_gap_mid,0.1834511049478654,0.2188140484635312
1473509,2025,10,3,0,62.20896079904773,12.210526315789474,10.761904761904763,-28.359999999999985,2,8,death_plus_v7_gap_mid,0.20274304991522815,0.23787199875041856
1473509,2025,10,4,0,62.20896079904773,12.42857142857143,10.59375,-29.879999999999995,2,8,death_plus_v7_gap_mid,0.19292394864116796,0.22821312432874447
1473509,2025,10,5,0,62.20896079904773,12.654545454545453,10.430769230769231,-31.400000000000006,2,8,death_plus_v7_gap_mid,0.18356179219578503,0.21892435238728356
1473509,2025,10,6,0,62.20896079904773,12.222222222222223,10.818181818181818,-26.919999999999987,2,8,death_plus_v7_gap_mid,0.24685669277837852,0.2803484394277041
1473509,2025,11,1,0,62.20896079904773,12.226415094339622,10.835820895522389,-26.440000000000026,2,8,death_plus_v7_gap_mid,0.26484476015102576,0.3020243173317724
1473509,2025,11,2,0,62.20896079904773,12.23076923076923,10.852941176470589,-25.960000000000008,2,8,death_plus_v7_gap_mid,0.27607329812240466,0.3127611079904978
1473509,2025,11,3,0,62.20896079904773,12.352941176470587,10.782608695652174,-26.47999999999999,2,8,death_plus_v7_gap_mid,0.2690990529614782,0.30610078250926603
1473509,2025,11,4,0,62.20896079904773,12.48,10.714285714285715,-27.0,2,8,death_plus_v7_gap_mid,0.24853824407870956,0.28629848315680184
1473509,2025,11,5,0,62.20896079904773,12.612244897959183,10.647887323943662,-27.52000000000001,2,8,death_plus_v7_gap_mid,0.25505341225329903,0.2926013501784096
1473509,2025,11,6,0,62.20896079904773,12.375,10.833333333333334,-25.039999999999992,2,8,death_plus_v7_gap_mid,0.2641282283327703,0.3013366948813488
1473509,2025,12,1,0,62.20896079904773,12.638297872340424,10.684931506849315,-26.560000000000002,2,8,death_plus_v7_gap_mid,0.2617139224284716,0.2900744848685151
1473509,2025,12,2,0,62.20896079904773,12.782608695652176,10.621621621621621,-27.080000000000013,2,8,death_plus_v7_gap_mid,0.25830917273569143,0.2868098789015357
1473509,2025,12,3,0,62.20896079904773,13.066666666666666,10.48,-28.599999999999994,2,8,death_plus_v7_gap_mid,0.2354037004509499,0.26469018660981164
1473509,2025,12,4,0,62.20896079904773,12.545454545454545,10.81578947368421,-24.120000000000005,2,8,death_plus_v7_gap_mid,0.30029335405225566,0.32669318176681444
1473509,2025,12,5,0,62.20896079904773,12.0,11.142857142857142,-19.640000000000015,2,8,death_plus_v7_gap_mid,0.39383260341636983,0.4132738676651124
1473509,2025,12,6,0,62.20896079904773,12.142857142857142,11.076923076923077,-20.159999999999997,2,8,death_plus_v7_gap_mid,0.3647702556602251,0.38664260635958203
1473509,2025,12,7,0,62.20896079904773,11.853658536585366,11.240506329113924,-17.67999999999998,2,8,death_plus_v7_gap_mid,0.4275811544383415,0.44397292078710165
1473509,2025,13,1,0,62.20896079904773,11.707317073170731,11.316455696202532,-16.67999999999998,2,8,death_plus_v7_gap_mid,0.4584093858638087,0.4645868323546272
1473509,2025,13,2,0,62.20896079904773,11.850000000000001,11.25,-17.200000000000017,2,8,death_plus_v7_gap_mid,0.4392391565062935,0.44676326724290083
1473509,2025,13,3,0,62.20896079904773,12.0,11.185185185185185,-17.72,2,8,death_plus_v7_gap_mid,0.43891746528151143,0.446463925420747
1473509,2025,13,4,0,62.20896079904773,12.315789473684212,11.048780487804878,-26.460000000000008,3,7,death_plus_v7_gap_mid,0.274202966124957,0.29113329206055066
1473509,2025,13,5,0,62.20896079904773,12.648648648648647,10.91566265060241,-27.789999999999992,3,7,death_plus_v7_gap_mid,0.275143906719746,0.292037935550346
1473509,2025,13,6,0,62.20896079904773,12.833333333333332,10.857142857142858,-28.120000000000005,3,7,death_plus_v7_gap_mid,0.2602255082186711,0.2776618046140053
1473509,2025,14,1,0,62.20896079904773,13.028571428571428,10.8,-28.450000000000017,3,7,death_plus_v7_gap_mid,0.2539881163248829,0.2675998610335512
1473509,2025,14,2,0,62.20896079904773,13.23529411764706,10.74418604651163,-28.78000000000003,3,7,death_plus_v7_gap_mid,0.257088136924894,0.2706110287909453
1473509,2025,14,3,0,62.20896079904773,13.454545454545453,10.689655172413794,-29.109999999999985,3,7,death_plus_v7_gap_mid,0.2281727243187051,0.24241339827447456
1473509,2025,14,4,0,62.20896079904773,13.6875,10.636363636363637,-29.439999999999998,3,7,death_plus_v7_gap_mid,0.23295247818397116,0.24709239700870864
1473509,2025,14,5,0,62.20896079904773,13.354838709677418,10.786516853932584,-26.769999999999982,3,7,death_plus_v7_gap_mid,0.25634899077573114,0.26989331304133696
1473509,2025,14,6,0,62.20896079904773,13.6,10.733333333333334,-27.099999999999994,3,7,death_plus_v7_gap_mid,0.24631908697551672,0.26013880993395433
1473509,2025,15,1,0,62.20896079904773,13.241379310344827,10.87912087912088,-24.430000000000007,3,7,death_plus_v7_gap_mid,0.2832485402577293,0.294411893357659
1473509,2025,15,2,0,62.20896079904773,12.857142857142858,11.021739130434781,-21.75999999999999,3,7,death_plus_v7_gap_mid,0.33325308855232894,0.34288764812749567
1473509,2025,15,3,0,62.20896079904773,13.11111111111111,10.96774193548387,-22.090000000000003,3,7,death_plus_v7_gap_mid,0.32324947063756415,0.3332237583357107
1473509,2025,15,4,0,62.20896079904773,13.615384615384615,10.851063829787234,-28.359999999999985,4,6,death_plus_v7_gap_mid,0.21961593423434614,0.23196899103981336
1473509,2025,15,5,0,62.20896079904773,13.919999999999998,10.8,-28.5,4,6,death_plus_v7_gap_mid,0.19383206168013822,0.2063528835218479
1473509,2025,15,6,0,62.20896079904773,13.5,10.9375,-25.640000000000015,4,6,death_plus_v7_gap_mid,0.2512120643086302,0.2630975354412198
1473510,2025,7,1,1,17.0,10.441558441558442,9.767441860465116,-28.793333333333322,2,8,death_plus_v7_gap_mid,0.4157473599505572,0.4257081545446894
1473510,2025,7,2,1,17.0,10.578947368421051,9.545454545454545,-30.14666666666666,2,8,death_plus_v7_gap_mid,0.35837087973355,0.3768581959774913
1473510,2025,7,3,1,17.0,10.64,9.466666666666667,-30.5,2,8,death_plus_v7_gap_mid,0.35643722576374104,0.37519812157419336
1473510,2025,7,4,1,17.0,10.702702702702702,9.391304347826088,-30.853333333333325,2,8,death_plus_v7_gap_mid,0.3371387757755093,0.3585676605221135
1473510,2025,7,5,1,17.0,10.84931506849315,9.191489361702128,-44.55583333333334,3,7,death_plus_v7_gap_mid,0.18349900571066724,0.21960990980173462
1473510,2025,7,6,1,17.0,11.0,9.0,-45.74000000000001,3,7,death_plus_v7_gap_mid,0.1803923564307861,0.2166186123181502
1473510,2025,8,1,1,17.0,11.070422535211268,8.938775510204081,-45.92416666666668,3,7,death_plus_v7_gap_mid,0.18141506336973523,0.21244140856270655
1473510,2025,8,2,1,17.0,11.142857142857142,8.879999999999999,-46.108333333333334,3,7,death_plus_v7_gap_mid,0.1814050082656708,0.21243165787527776
1473510,2025,8,3,1,17.0,11.217391304347826,8.823529411764707,-46.292500000000004,3,7,death_plus_v7_gap_mid,0.18251417938956876,0.2135066847472818
1473510,2025,8,4,1,17.0,11.294117647058822,8.769230769230768,-46.476666666666674,3,7,death_plus_v7_gap_mid,0.18079086454252113,0.21183592904338433
1473510,2025,8,5,1,17.0,11.373134328358208,8.716981132075471,-46.66083333333333,3,7,death_plus_v7_gap_mid,0.1815505649541077,0.2125727987074359
1473510,2025,8,6,1,17.0,11.181818181818182,9.0,-43.845,3,7,death_plus_v7_gap_mid,0.1989714480337633,0.22932920349392794
1473510,2025,9,1,1,17.0,11.26153846153846,8.945454545454545,-44.02916666666667,3,7,death_plus_v7_gap_mid,0.19470690019364756,0.23646643744572665
1473510,2025,9,2,1,17.0,10.875,9.428571428571429,-39.21333333333334,3,7,death_plus_v7_gap_mid,0.23949576661591138,0.27838971499477555
1473510,2025,9,3,1,17.0,10.952380952380953,9.368421052631579,-39.39750000000001,3,7,death_plus_v7_gap_mid,0.23975024709222068,0.27862302341797746
1473510,2025,9,4,1,17.0,10.741935483870968,9.620689655172413,-36.58166666666665,3,7,death_plus_v7_gap_mid,0.2682149940001734,0.30442528201789726
1473510,2025,9,5,1,17.0,10.819672131147541,9.559322033898304,-36.76583333333335,3,7,death_plus_v7_gap_mid,0.2779474611336622,0.31312461775671085
1473510,2025,9,6,1,17.0,10.6,9.8,-33.95000000000002,3,7,death_plus_v7_gap_mid,0.313196122335165,0.3441875648105552
1473510,2025,10,1,1,17.0,10.677966101694915,9.737704918032787,-34.13416666666669,3,7,death_plus_v7_gap_mid,0.3164228012165381,0.34496084125359155
1473510,2025,10,2,1,17.0,10.862068965517242,9.580645161290322,-35.31833333333333,3,7,death_plus_v7_gap_mid,0.31566743227643707,0.34427154953000777
1473510,2025,10,3,1,17.0,10.842105263157896,9.61904761904762,-34.5025,3,7,death_plus_v7_gap_mid,0.32589411834024284,0.35358431607807994
1473510,2025,10,4,1,17.0,11.035714285714285,9.46875,-35.68666666666667,3,7,death_plus_v7_gap_mid,0.3224764601262884,0.35047666338406724
1473510,2025,10,5,1,17.0,11.236363636363636,9.323076923076924,-36.87083333333334,3,7,death_plus_v7_gap_mid,0.31586671610473566,0.34445342323864825
1473510,2025,10,6,1,17.0,11.333333333333332,9.272727272727273,-37.05500000000001,3,7,death_plus_v7_gap_mid,0.31322417583774886,0.3420404198261407
1473510,2025,11,1,1,17.0,11.320754716981131,9.313432835820896,-36.23916666666668,3,7,death_plus_v7_gap_mid,0.32287920695969685,0.35681154675974003
1473510,2025,11,2,1,17.0,11.538461538461538,9.176470588235293,-37.42333333333332,3,7,death_plus_v7_gap_mid,0.31377129222242717,0.3483212955117779
1473510,2025,11,3,1,17.0,11.529411764705882,9.217391304347826,-36.607500000000016,3,7,death_plus_v7_gap_mid,0.3346131336098255,0.3676976967119289
1473510,2025,11,4,1,17.0,11.64,9.17142857142857,-36.79166666666666,3,7,death_plus_v7_gap_mid,0.33003688774848644,0.3634588437745424
1473510,2025,11,5,1,17.0,11.755102040816325,9.126760563380282,-36.97583333333333,3,7,death_plus_v7_gap_mid,0.32632276845075453,0.36001224275936994
1473510,2025,11,6,1,17.0,11.875,9.083333333333332,-37.16,3,7,death_plus_v7_gap_mid,0.3177676357333799,0.35205110544497487
1473510,2025,12,1,1,17.0,12.0,9.04109589041096,-37.344166666666666,3,7,death_plus_v7_gap_mid,0.31322263510112747,0.3388274128885499
1473510,2025,12,2,1,17.0,11.478260869565219,9.405405405405405,-32.528333333333336,3,7,death_plus_v7_gap_mid,0.3885704775192719,0.40846661624099634
1473510,2025,12,3,1,17.0,10.933333333333334,9.76,-27.712500000000006,3,7,death_plus_v7_gap_mid,0.5487713129102101,0.5530700323999397
1473510,2025,12,4,1,17.0,10.363636363636363,10.105263157894736,-22.896666666666675,3,7,death_plus_v7_gap_mid,0.654960608499003,0.6486850195536467
1473510,2025,12,5,1,17.0,10.604651162790699,9.974025974025974,-24.080833333333345,3,7,death_plus_v7_gap_mid,0.6199843723660587,0.6170735480570334
1473510,2025,12,6,1,17.0,10.857142857142858,9.846153846153847,-25.265000000000015,3,7,death_plus_v7_gap_mid,0.6167560585330607,0.6141638207259248
1473510,2025,13,1,1,17.0,10.975609756097562,9.79746835443038,-25.449166666666684,3,7,death_plus_v7_gap_mid,0.610578358680735,0.6058191320128407
1473510,2025,13,2,1,17.0,10.95,9.825,-24.633333333333354,3,7,death_plus_v7_gap_mid,0.6172653698783888,0.6120489768087315
1473510,2025,13,3,1,17.0,11.076923076923077,9.777777777777777,-24.817499999999995,3,7,death_plus_v7_gap_mid,0.6113051525773433,0.6064960200871062
1473510,2025,13,4,1,17.0,10.736842105263158,9.951219512195122,-22.001666666666665,3,7,death_plus_v7_gap_mid,0.677104301521537,0.6680504744818103
1473510,2025,13,5,1,17.0,10.378378378378379,10.120481927710845,-19.185833333333335,3,7,death_plus_v7_gap_mid,0.7262558526753007,0.7145302352481644
1473510,2025,13,6,1,17.0,10.5,10.071428571428571,-19.370000000000005,3,7,death_plus_v7_gap_mid,0.7240801915187057,0.7124609506454033
1473510,2025,13,7,1,17.0,10.628571428571428,10.023529411764706,-19.554166666666674,3,7,death_plus_v7_gap_mid,0.7200604697663869,0.7086409635275931
1473510,2025,14,1,1,17.0,10.285714285714285,10.16470588235294,-17.554166666666674,3,7,death_plus_v7_gap_mid,0.7479770309188634,0.7364197280803089
1473510,2025,14,2,1,17.0,10.588235294117647,10.046511627906977,-18.738333333333344,3,7,death_plus_v7_gap_mid,0.727249281550549,0.7164225230796625
1473510,2025,14,3,1,17.0,10.727272727272727,10.0,-18.922499999999985,3,7,death_plus_v7_gap_mid,0.7205610147370912,0.7099919357870598
1473510,2025,14,4,1,17.0,11.0625,9.886363636363637,-20.106666666666683,3,7,death_plus_v7_gap_mid,0.6864721697284034,0.6773618863029398
1473510,2025,14,5,1,17.0,11.225806451612902,9.842696629213483,-20.290833333333325,3,7,death_plus_v7_gap_mid,0.6737388684183584,0.6652287175402586
1473510,2025,14,6,1,17.0,11.399999999999999,9.8,-20.474999999999994,3,7,death_plus_v7_gap_mid,0.6704733229044307,0.6621213673419867
1473510,2025,15,1,1,17.0,10.551724137931034,10.087912087912088,-15.659166666666664,3,7,death_plus_v7_gap_mid,0.7585065078286655,0.7501050803129955
1473510,2025,15,2,1,17.0,10.714285714285715,10.043478260869566,-15.843333333333334,3,7,death_plus_v7_gap_mid,0.7531351738176171,0.7448758813694343
1473510,2025,15,3,1,17.0,10.88888888888889,10.0,-16.027500000000003,3,7,death_plus_v7_gap_mid,0.7463719256628412,0.7383001804325593
1473510,2025,15,4,1,17.0,11.076923076923077,9.957446808510639,-16.211666666666673,3,7,death_plus_v7_gap_mid,0.7417971556886211,0.7338574959442719
1473510,2025,15,5,1,17.0,11.52,9.852631578947369,-21.625,4,6,death_plus_v7_gap_mid,0.6072189645491712,0.6045336168551297
1473510,2025,15,6,1,17.0,11.75,9.8125,-21.640000000000015,4,6,death_plus_v7_gap_mid,0.6326678644040127,0.6288386008182879
1473510,2025,15,7,1,17.0,10.695652173913043,10.082474226804123,-16.655,4,6,death_plus_v7_gap_mid,0.7451755998426158,0.7371379956281411
1473511,2025,7,1,0,3.46875,10.51948051948052,7.813953488372094,-24.27499999999999,1,9,death_plus_v7_gap_mid,0.5803769678551927,0.564413557739974
1473511,2025,7,2,0,3.46875,10.18421052631579,8.454545454545455,-19.700000000000003,1,9,death_plus_v7_gap_mid,0.6440584852359683,0.618903785170675
1473511,2025,7,3,0,3.46875,10.24,8.399999999999999,-20.125,1,9,death_plus_v7_gap_mid,0.6353141065065155,0.6113558490029766
1473511,2025,7,4,0,3.46875,10.378378378378379,8.217391304347826,-21.549999999999997,1,9,death_plus_v7_gap_mid,0.6295695421798799,0.606410308108527
1473511,2025,7,5,0,3.46875,10.027397260273972,8.808510638297872,-16.97500000000001,1,9,death_plus_v7_gap_mid,0.6621857120306809,0.6346338934480477
1473511,2025,7,6,0,3.46875,10.083333333333334,8.75,-17.39999999999999,1,9,death_plus_v7_gap_mid,0.6563244618653254,0.6295347868162994
1473511,2025,8,1,0,3.46875,10.140845070422536,8.693877551020408,-17.825000000000003,1,9,death_plus_v7_gap_mid,0.6482518839866438,0.625477731170953
1473511,2025,8,2,0,3.46875,10.2,8.64,-18.25,1,9,death_plus_v7_gap_mid,0.6445044146911896,0.6221661990932684
1473511,2025,8,3,0,3.46875,10.347826086956523,8.470588235294118,-30.60000000000001,2,8,death_plus_v7_gap_mid,0.41828317700377304,0.4262334726873428
1473511,2025,8,4,0,3.46875,10.411764705882353,8.423076923076923,-30.86666666666666,2,8,death_plus_v7_gap_mid,0.4180415253137486,0.42602441792345025
1473511,2025,8,5,0,3.46875,10.567164179104477,8.264150943396226,-32.13333333333331,2,8,death_plus_v7_gap_mid,0.3951773245568724,0.4062061896321643
1473511,2025,8,6,0,3.46875,10.636363636363637,8.222222222222223,-32.39999999999999,2,8,death_plus_v7_gap_mid,0.396538417034971,0.4073882838727105
1473511,2025,9,1,0,3.46875,10.430769230769231,8.50909090909091,-29.666666666666657,2,8,death_plus_v7_gap_mid,0.5104663146221864,0.510719604685153
1473511,2025,9,2,0,3.46875,10.59375,8.357142857142858,-30.933333333333323,2,8,death_plus_v7_gap_mid,0.43846839946567406,0.4507664597877636
1473511,2025,9,3,0,3.46875,10.666666666666666,8.31578947368421,-31.19999999999999,2,8,death_plus_v7_gap_mid,0.4459340083479698,0.4570033225895621
1473511,2025,9,4,0,3.46875,10.838709677419354,8.172413793103448,-42.28333333333333,3,7,death_plus_v7_gap_mid,0.2577791432663581,0.2950305458926178
1473511,2025,9,5,0,3.46875,10.918032786885245,8.135593220338983,-42.391666666666694,3,7,death_plus_v7_gap_mid,0.25867964309287594,0.29584404902142025
1473511,2025,9,6,0,3.46875,11.0,8.100000000000001,-42.5,3,7,death_plus_v7_gap_mid,0.2625705737680454,0.29935283492168907
1473511,2025,10,1,0,3.46875,10.576271186440678,8.557377049180328,-37.60833333333335,3,7,death_plus_v7_gap_mid,0.3228799148489353,0.350843757729592
1473511,2025,10,2,0,3.46875,10.758620689655173,8.419354838709678,-38.716666666666654,3,7,death_plus_v7_gap_mid,0.31560191732528153,0.3442117546488534
1473511,2025,10,3,0,3.46875,10.842105263157896,8.38095238095238,-38.825,3,7,death_plus_v7_gap_mid,0.3288449816855312,0.35626391815985103
1473511,2025,10,4,0,3.46875,11.035714285714285,8.25,-39.93333333333334,3,7,death_plus_v7_gap_mid,0.3260273629770655,0.3537053833749772
1473511,2025,10,5,0,3.46875,11.236363636363636,8.123076923076923,-41.041666666666686,3,7,death_plus_v7_gap_mid,0.3124129185233405,0.3412990513192305
1473511,2025,10,6,0,3.46875,11.444444444444445,8.0,-42.150000000000006,3,7,death_plus_v7_gap_mid,0.3016903855936622,0.3314739286014722
1473511,2025,11,1,0,3.46875,11.547169811320755,7.970149253731344,-42.258333333333354,3,7,death_plus_v7_gap_mid,0.2996118979054317,0.3350473519893481
1473511,2025,11,2,0,3.46875,11.769230769230768,7.852941176470589,-43.366666666666674,3,7,death_plus_v7_gap_mid,0.2842959022695354,0.32057911236064174
1473511,2025,11,3,0,3.46875,11.882352941176471,7.826086956521739,-43.474999999999994,3,7,death_plus_v7_gap_mid,0.28403564452123836,0.32033221727813027
1473511,2025,11,4,0,3.46875,12.120000000000001,7.714285714285715,-44.583333333333314,3,7,death_plus_v7_gap_mid,0.2876592671506779,0.32376658475016284
1473511,2025,11,5,0,3.46875,12.244897959183675,7.690140845070423,-44.69166666666666,3,7,death_plus_v7_gap_mid,0.2850415341596759,0.3212862624318511
1473511,2025,11,6,0,3.46875,11.75,8.083333333333334,-39.79999999999998,3,7,death_plus_v7_gap_mid,0.3564650223597208,0.38782662490311604
1473511,2025,11,7,0,3.46875,11.872340425531915,8.054794520547945,-39.90833333333333,3,7,death_plus_v7_gap_mid,0.34447314689463787,0.37680255698955156
1473511,2025,12,1,0,3.46875,11.872340425531915,8.054794520547945,-47.349999999999994,4,6,death_plus_v7_gap_mid,0.24505298332176914,0.27404286739490646
1473511,2025,12,2,0,3.46875,12.130434782608695,7.945945945945946,-48.30000000000001,4,6,death_plus_v7_gap_mid,0.24989818054060028,0.27871992644213617
1473511,2025,12,3,0,3.46875,12.400000000000002,7.84,-49.25,4,6,death_plus_v7_gap_mid,0.22754329052565012,0.25703206448708693
1473511,2025,12,4,0,3.46875,12.545454545454545,7.815789473684211,-49.20000000000002,4,6,death_plus_v7_gap_mid,0.22120515694087747,0.25083008799666956
1473511,2025,12,5,0,3.46875,12.697674418604652,7.792207792207792,-49.150000000000006,4,6,death_plus_v7_gap_mid,0.22251132589031086,0.2521102172579121
1473511,2025,12,6,0,3.46875,12.857142857142858,7.76923076923077,-49.099999999999994,4,6,death_plus_v7_gap_mid,0.2183619059189204,0.24803982703711216
1473511,2025,13,1,0,3.46875,13.02439024390244,7.746835443037975,-49.05000000000001,4,6,death_plus_v7_gap_mid,0.21880653517868792,0.23733253860661704
1473511,2025,13,2,0,3.46875,13.350000000000001,7.6499999999999995,-50.0,4,6,death_plus_v7_gap_mid,0.2061687453804809,0.22488753634007197
1473511,2025,13,3,0,3.46875,13.384615384615385,7.703703703703703,-48.94999999999999,4,6,death_plus_v7_gap_mid,0.21577314960328964,0.23435193034934057
1473511,2025,13,4,0,3.46875,13.736842105263158,7.609756097560975,-49.900000000000006,4,6,death_plus_v7_gap_mid,0.19037214388055784,0.20922616319421727
1473511,2025,13,5,0,3.46875,13.945945945945944,7.590361445783133,-49.849999999999994,4,6,death_plus_v7_gap_mid,0.17985030789099046,0.19872361615954212
1473511,2025,13,6,0,3.46875,14.166666666666668,7.571428571428571,-49.80000000000001,4,6,death_plus_v7_gap_mid,0.16883036957903177,0.18765806728952844
1473511,2025,14,1,0,3.46875,13.885714285714286,7.764705882352942,-46.75,4,6,death_plus_v7_gap_mid,0.2191307818412271,0.23354113421189812
1473511,2025,14,2,0,3.46875,14.117647058823529,7.744186046511628,-46.70000000000002,4,6,death_plus_v7_gap_mid,0.198665096186284,0.2133509791762148
1473511,2025,14,3,0,3.46875,13.454545454545453,8.068965517241379,-41.650000000000006,4,6,death_plus_v7_gap_mid,0.2727185259763937,0.28575364018427374
1473511,2025,14,4,0,3.46875,13.6875,8.045454545454545,-41.599999999999994,4,6,death_plus_v7_gap_mid,0.2551643487011638,0.2687426986468359
1473511,2025,14,5,0,3.46875,14.129032258064516,7.95505617977528,-42.54999999999998,4,6,death_plus_v7_gap_mid,0.2219215126053078,0.23628248154162057
1473511,2025,14,6,0,3.46875,14.399999999999999,7.933333333333334,-42.5,4,6,death_plus_v7_gap_mid,0.21089045756510352,0.22543050374086915
1473511,2025,15,1,0,3.46875,14.689655172413792,7.912087912087912,-42.44999999999999,4,6,death_plus_v7_gap_mid,0.17432048955691798,0.18681952068390045
1473511,2025,15,2,0,3.46875,15.0,7.891304347826088,-42.400000000000006,4,6,death_plus_v7_gap_mid,0.16681980814458336,0.1792724403204181
1473511,2025,15,3,0,3.46875,14.222222222222221,8.193548387096774,-37.349999999999994,4,6,death_plus_v7_gap_mid,0.26807950817577564,0.279613092259525
1473511,2025,15,4,0,3.46875,14.538461538461537,8.170212765957446,-37.30000000000001,4,6,death_plus_v7_gap_mid,0.22020184028006928,0.23254871653121723
1473511,2025,15,5,0,3.46875,14.879999999999999,8.147368421052631,-37.25,4,6,death_plus_v7_gap_mid,0.20800378320447582,0.22045823408659382
1473511,2025,15,6,0,3.46875,15.25,8.125,-37.19999999999999,4,6,death_plus_v7_gap_mid,0.20505647254964768,0.2175300723745244
1473511,2025,15,7,0,3.46875,14.347826086956522,8.412371134020617,-32.150000000000006,4,6,death_plus_v7_gap_mid,0.31220809020239104,0.3225388255224354
1485779,2025,7,1,1,19.80000000000001,10.987012987012987,9.209302325581396,-34.253333333333316,2,8,death_plus_v7_gap_mid,0.2900448417786694,0.3174093191808129
1485779,2025,7,2,1,19.80000000000001,11.052631578947368,9.136363636363637,-34.62666666666665,2,8,death_plus_v7_gap_mid,0.28744893725692694,0.31511240628312615
1485779,2025,7,3,1,19.80000000000001,11.12,9.066666666666666,-35.0,2,8,death_plus_v7_gap_mid,0.2965494859625263,0.323150537216914
1485779,2025,7,4,1,19.80000000000001,10.783783783783784,9.652173913043478,-30.37333333333332,2,8,death_plus_v7_gap_mid,0.40022575818183326,0.41256010494525885
1485779,2025,7,5,1,19.80000000000001,10.767123287671232,9.702127659574467,-29.746666666666684,2,8,death_plus_v7_gap_mid,0.40710574031861213,0.41839304205111655
1485779,2025,7,6,1,19.80000000000001,10.833333333333334,9.625,-30.120000000000005,2,8,death_plus_v7_gap_mid,0.3946871374307053,0.4078580324960585
1485779,2025,8,1,1,19.80000000000001,10.901408450704226,9.551020408163264,-30.493333333333325,2,8,death_plus_v7_gap_mid,0.39843990488451947,0.4090391721803197
1485779,2025,8,2,1,19.80000000000001,10.971428571428572,9.48,-30.866666666666646,2,8,death_plus_v7_gap_mid,0.3931083070992577,0.4044086470482274
1485779,2025,8,3,1,19.80000000000001,11.043478260869565,9.411764705882353,-31.24000000000001,2,8,death_plus_v7_gap_mid,0.3953817599320837,0.40638376014503613
1485779,2025,8,4,1,19.80000000000001,11.205882352941178,9.230769230769232,-32.61333333333333,2,8,death_plus_v7_gap_mid,0.38868834587938883,0.4005660326706825
1485779,2025,8,5,1,19.80000000000001,11.28358208955224,9.169811320754718,-32.98666666666665,2,8,death_plus_v7_gap_mid,0.3831234457018038,0.3957227792778872
1485779,2025,8,6,1,19.80000000000001,11.454545454545455,9.0,-34.359999999999985,2,8,death_plus_v7_gap_mid,0.3474325906181051,0.36449721077443614
1485779,2025,9,1,1,19.80000000000001,11.538461538461538,8.945454545454545,-34.733333333333334,2,8,death_plus_v7_gap_mid,0.33690592550046505,0.3647473554101795
1485779,2025,9,2,1,19.80000000000001,11.53125,9.0,-34.106666666666655,2,8,death_plus_v7_gap_mid,0.34747178616204116,0.37383624883624295
1485779,2025,9,3,1,19.80000000000001,11.523809523809524,9.052631578947368,-33.47999999999999,2,8,death_plus_v7_gap_mid,0.40802945531634804,0.4252469736207413
1485779,2025,9,4,1,19.80000000000001,11.129032258064516,9.517241379310345,-28.85333333333334,2,8,death_plus_v7_gap_mid,0.48525277500957387,0.4897574508209047
1485779,2025,9,5,1,19.80000000000001,11.311475409836067,9.35593220338983,-30.22666666666666,2,8,death_plus_v7_gap_mid,0.46019581919251007,0.4688993768415484
1485779,2025,9,6,1,19.80000000000001,11.399999999999999,9.3,-30.599999999999994,2,8,death_plus_v7_gap_mid,0.4589669066876989,0.4678751537862952
1485779,2025,10,1,1,19.80000000000001,11.59322033898305,9.147540983606557,-42.10166666666669,3,7,death_plus_v7_gap_mid,0.28633343068275313,0.3173120631492039
1485779,2025,10,2,1,19.80000000000001,11.689655172413794,9.096774193548388,-42.30333333333331,3,7,death_plus_v7_gap_mid,0.29835066806468585,0.3284034129404278
1485779,2025,10,3,1,19.80000000000001,11.473684210526315,9.333333333333334,-39.504999999999995,3,7,death_plus_v7_gap_mid,0.32756735368723544,0.35510414221069614
1485779,2025,10,4,1,19.80000000000001,11.25,9.5625,-36.70666666666668,3,7,death_plus_v7_gap_mid,0.3574671650447512,0.3820946108851791
1485779,2025,10,5,1,19.80000000000001,11.01818181818182,9.784615384615385,-33.90833333333333,3,7,death_plus_v7_gap_mid,0.3805743045787102,0.4027606393519071
1485779,2025,10,6,1,19.80000000000001,10.777777777777779,10.0,-31.110000000000014,3,7,death_plus_v7_gap_mid,0.4495852679475122,0.4637447935855595
1485779,2025,11,1,1,19.80000000000001,10.867924528301888,9.940298507462686,-31.311666666666696,3,7,death_plus_v7_gap_mid,0.4504094908704914,0.4726944509867429
1485779,2025,11,2,1,19.80000000000001,10.961538461538462,9.882352941176471,-31.51333333333332,3,7,death_plus_v7_gap_mid,0.4486621787280649,0.47113507060570636
1485779,2025,11,3,1,19.80000000000001,11.176470588235293,9.73913043478261,-32.715,3,7,death_plus_v7_gap_mid,0.43752876010931185,0.4611854083495929
1485779,2025,11,4,1,19.80000000000001,11.399999999999999,9.600000000000001,-33.91666666666666,3,7,death_plus_v7_gap_mid,0.39857757165445606,0.42616123170162745
1485779,2025,11,5,1,19.80000000000001,11.63265306122449,9.464788732394366,-35.11833333333331,3,7,death_plus_v7_gap_mid,0.38393968437671233,0.4128982331152672
1485779,2025,11,6,1,19.80000000000001,11.75,9.416666666666666,-35.31999999999999,3,7,death_plus_v7_gap_mid,0.3844373583482579,0.4133501794381728
1485779,2025,11,7,1,19.80000000000001,11.872340425531915,9.36986301369863,-35.521666666666675,3,7,death_plus_v7_gap_mid,0.38653687456240016,0.4152559777260429
1485779,2025,12,1,1,19.80000000000001,11.74468085106383,9.45205479452055,-34.521666666666675,3,7,death_plus_v7_gap_mid,0.3929333032446025,0.4124527356413105
1485779,2025,12,2,1,19.80000000000001,11.869565217391305,9.405405405405405,-34.72333333333333,3,7,death_plus_v7_gap_mid,0.3880121798672029,0.40795621921518044
1485779,2025,12,3,1,19.80000000000001,11.6,9.600000000000001,-31.92500000000001,3,7,death_plus_v7_gap_mid,0.44095677037356873,0.456085150576566
1485779,2025,12,4,1,19.80000000000001,11.045454545454545,9.947368421052632,-27.126666666666694,3,7,death_plus_v7_gap_mid,0.5378089228167113,0.5432339372871912
1485779,2025,12,5,1,19.80000000000001,11.162790697674419,9.896103896103895,-27.328333333333347,3,7,death_plus_v7_gap_mid,0.5341987277606179,0.539994550154709
1485779,2025,12,6,1,19.80000000000001,11.285714285714285,9.846153846153847,-27.53,3,7,death_plus_v7_gap_mid,0.5391591239625482,0.5444454285228332
1485779,2025,13,1,1,19.80000000000001,11.414634146341463,9.79746835443038,-27.731666666666683,3,7,death_plus_v7_gap_mid,0.5303602896733701,0.5313291370348511
1485779,2025,13,2,1,19.80000000000001,11.55,9.75,-27.933333333333337,3,7,death_plus_v7_gap_mid,0.5078700374116518,0.5104798124545554
1485779,2025,13,3,1,19.80000000000001,10.923076923076923,10.074074074074073,-23.13499999999999,3,7,death_plus_v7_gap_mid,0.5815091283303102,0.5787834992279417
1485779,2025,13,4,1,19.80000000000001,11.052631578947368,10.024390243902438,-23.336666666666673,3,7,death_plus_v7_gap_mid,0.5722106525607575,0.5701483502195062
1485779,2025,13,5,1,19.80000000000001,11.18918918918919,9.975903614457831,-23.538333333333327,3,7,death_plus_v7_gap_mid,0.567037711923406,0.5653465226827287
1485779,2025,13,6,1,19.80000000000001,11.166666666666668,10.0,-22.74000000000001,3,7,death_plus_v7_gap_mid,0.6006366743584497,0.5965650848044864
1485779,2025,13,7,1,19.80000000000001,10.457142857142857,10.305882352941175,-17.94166666666669,3,7,death_plus_v7_gap_mid,0.7013780683315827,0.690938251507143
1485779,2025,14,1,1,19.80000000000001,10.285714285714285,10.376470588235295,-16.94166666666669,3,7,death_plus_v7_gap_mid,0.7247531493481725,0.7140213693304244
1485779,2025,14,2,1,19.80000000000001,10.411764705882353,10.325581395348838,-17.143333333333345,3,7,death_plus_v7_gap_mid,0.7170147827028494,0.7065863888270615
1485779,2025,14,3,1,19.80000000000001,10.0,10.482758620689655,-14.344999999999999,3,7,death_plus_v7_gap_mid,0.7640008641624312,0.7519562684635308
1485779,2025,14,4,1,19.80000000000001,10.125,10.431818181818182,-14.546666666666681,3,7,death_plus_v7_gap_mid,0.761585068205669,0.749609287913131
1485779,2025,14,5,1,19.80000000000001,10.258064516129032,10.382022471910112,-14.748333333333306,3,7,death_plus_v7_gap_mid,0.7590875442474108,0.7471846845403771
1485779,2025,14,6,1,19.80000000000001,10.4,10.333333333333334,-14.949999999999989,3,7,death_plus_v7_gap_mid,0.7501876915058721,0.7385589459125189
1485779,2025,14,7,1,19.80000000000001,10.758620689655173,10.219780219780219,-21.129999999999995,4,6,death_plus_v7_gap_mid,0.6079348568760136,0.602888670470353
1485779,2025,15,1,1,19.80000000000001,10.551724137931034,10.285714285714285,-20.129999999999995,4,6,death_plus_v7_gap_mid,0.6318033983640152,0.6280121928566572
1485779,2025,15,2,1,19.80000000000001,10.928571428571429,10.173913043478262,-21.159999999999997,4,6,death_plus_v7_gap_mid,0.6144598165870102,0.6114443498438005
1485779,2025,15,3,1,19.80000000000001,11.11111111111111,10.129032258064516,-21.189999999999998,4,6,death_plus_v7_gap_mid,0.6108889663015069,0.6080358755206002
1485779,2025,15,4,1,19.80000000000001,11.307692307692307,10.085106382978724,-21.22,4,6,death_plus_v7_gap_mid,0.6106000173457318,0.6077601023649856
1485779,2025,15,5,1,19.80000000000001,11.76,9.978947368421053,-22.25,4,6,death_plus_v7_gap_mid,0.5879926968162388,0.5861988015354482
1485779,2025,15,6,1,19.80000000000001,12.0,9.9375,-22.28,4,6,death_plus_v7_gap_mid,0.5891456538781712,0.587297758581727
1527674,2026,7,1,1,11.94736842105263,8.727272727272727,12.558139534883722,5.077500000000001,1,9,death_plus_v7_gap_mid,0.897941567788426,0.8598377878069743
1527674,2026,7,2,1,11.94736842105263,8.842105263157894,12.272727272727273,3.569999999999993,1,9,death_plus_v7_gap_mid,0.8331029868063456,0.792103222287654
1527674,2026,7,3,1,11.94736842105263,8.879999999999999,12.133333333333333,3.0625,1,9,death_plus_v7_gap_mid,0.8376325807804543,0.7966244381925648
1527674,2026,7,4,1,11.94736842105263,8.675675675675677,12.391304347826086,5.555000000000007,1,9,death_plus_v7_gap_mid,0.9176245052936074,0.8820737644163994
1527674,2026,7,5,1,11.94736842105263,8.465753424657535,12.638297872340424,8.0475,1,9,death_plus_v7_gap_mid,0.9344358524435421,0.9019684633926248
1527674,2026,7,6,1,11.94736842105263,8.583333333333334,12.375,6.540000000000006,1,9,death_plus_v7_gap_mid,0.9333335259449168,0.9006338329458923
1527674,2026,8,1,1,11.94736842105263,8.619718309859156,12.244897959183675,6.032499999999999,1,9,death_plus_v7_gap_mid,0.9338735285723412,0.9059911289060097
1527674,2026,8,2,1,11.94736842105263,8.399999999999999,12.48,8.525000000000006,1,9,death_plus_v7_gap_mid,0.9446830483642525,0.919025196855927
1527674,2026,8,3,1,11.94736842105263,8.0,12.941176470588236,13.017499999999998,1,9,death_plus_v7_gap_mid,0.9567748903393,0.9341603526087309
1527674,2026,8,4,1,11.94736842105263,8.117647058823529,12.692307692307693,0.12000000000000455,2,8,death_plus_v7_gap_mid,0.8765575119050464,0.8420893909155096
1527674,2026,8,5,1,11.94736842105263,8.149253731343283,12.566037735849058,-0.21999999999998465,2,8,death_plus_v7_gap_mid,0.8486551074930293,0.8131502001393268
1527674,2026,8,6,1,11.94736842105263,8.272727272727273,12.333333333333332,-1.559999999999988,2,8,death_plus_v7_gap_mid,0.8419712536732826,0.8063723282561075
1527674,2026,9,1,1,11.94736842105263,8.307692307692307,12.218181818181817,-1.8999999999999915,2,8,death_plus_v7_gap_mid,0.8429806444876677,0.8030021145802061
1527674,2026,9,2,1,11.94736842105263,7.875,12.642857142857142,2.7600000000000193,2,8,death_plus_v7_gap_mid,0.889360120894408,0.8507787575705953
1527674,2026,9,3,1,11.94736842105263,7.904761904761905,12.526315789473683,2.4200000000000017,2,8,death_plus_v7_gap_mid,0.8909771549799296,0.8525159349502461
1527674,2026,9,4,1,11.94736842105263,7.64516129032258,12.724137931034482,5.079999999999998,2,8,death_plus_v7_gap_mid,0.9537186733207088,0.9257611999352492
1527674,2026,9,5,1,11.94736842105263,7.672131147540984,12.610169491525426,4.740000000000009,2,8,death_plus_v7_gap_mid,0.9163459253635893,0.8805868597424661
1527674,2026,9,6,1,11.94736842105263,7.700000000000001,12.5,4.400000000000006,2,8,death_plus_v7_gap_mid,0.9160720308087424,0.8802746316246514
1527674,2026,9,7,1,11.94736842105263,7.728813559322033,12.39344262295082,4.060000000000002,2,8,death_plus_v7_gap_mid,0.9163598187502457,0.8806027035494624
1527674,2026,10,1,1,11.94736842105263,7.627118644067796,12.491803278688524,5.060000000000002,2,8,death_plus_v7_gap_mid,0.9603330380103323,0.9434600522136837
1527674,2026,10,2,1,11.94736842105263,7.137931034482759,12.870967741935484,9.720000000000013,2,8,death_plus_v7_gap_mid,0.9691130197855415,0.9543947066524919
1527674,2026,10,3,1,11.94736842105263,7.157894736842104,12.761904761904763,9.379999999999995,2,8,death_plus_v7_gap_mid,0.9723181650334551,0.958497771744305
1527674,2026,10,4,1,11.94736842105263,7.285714285714285,12.5625,8.039999999999992,2,8,death_plus_v7_gap_mid,0.9726326544082416,0.9589040470213316
1527674,2026,10,5,1,11.94736842105263,6.763636363636364,12.923076923076923,12.700000000000003,2,8,death_plus_v7_gap_mid,0.9793508700351004,0.9677637500729367
1527674,2026,10,6,1,11.94736842105263,6.888888888888889,12.727272727272727,11.360000000000014,2,8,death_plus_v7_gap_mid,0.9797359869715856,0.9682833209433663
1527674,2026,11,1,1,11.94736842105263,6.566037735849056,12.895522388059701,14.019999999999982,2,8,death_plus_v7_gap_mid,0.9826531182438278,0.9745255846353045
1527674,2026,11,2,1,11.94736842105263,6.5769230769230775,12.794117647058822,13.680000000000007,2,8,death_plus_v7_gap_mid,0.9833281137187035,0.9753988908543455
1527674,2026,11,3,1,11.94736842105263,6.705882352941177,12.608695652173914,12.340000000000003,2,8,death_plus_v7_gap_mid,0.9835015178142854,0.9756239550262328
1527674,2026,11,4,1,11.94736842105263,6.720000000000001,12.514285714285716,12.0,2,8,death_plus_v7_gap_mid,0.9836322006359846,0.9757937676339814
1527674,2026,11,5,1,11.94736842105263,6.122448979591837,12.84507042253521,16.659999999999997,2,8,death_plus_v7_gap_mid,0.9884358733935583,0.9821688088006479
1527674,2026,11,6,1,11.94736842105263,6.125,12.75,16.32000000000002,2,8,death_plus_v7_gap_mid,0.9888456539446624,0.9827264145447475
1527674,2026,11,7,1,11.94736842105263,5.48936170212766,13.06849315068493,20.97999999999999,2,8,death_plus_v7_gap_mid,0.9907172278764413,0.9853070592081797
1527674,2026,11,8,1,11.94736842105263,5.478260869565217,12.972972972972974,20.639999999999986,2,8,death_plus_v7_gap_mid,0.9909300083540766,0.9856042984406135
1527674,2026,11,9,1,11.94736842105263,5.466666666666667,12.879999999999999,20.30000000000001,2,8,death_plus_v7_gap_mid,0.9919045073190664,0.9869768698313505
1527674,2026,11,10,1,11.94736842105263,5.454545454545454,12.789473684210527,19.960000000000008,2,8,death_plus_v7_gap_mid,0.9915761126637206,0.986512189453204
1527674,2026,12,1,1,11.94736842105263,4.9787234042553195,13.397260273972602,24.97999999999999,2,8,death_plus_v7_gap_mid,0.9916274527637859,0.9869867024273099
1527674,2026,12,2,1,11.94736842105263,5.086956521739131,13.216216216216216,15.935000000000002,3,7,death_plus_v7_gap_mid,0.9874498078226717,0.9813127676140304
1527674,2026,12,3,1,11.94736842105263,5.2,13.04,7.224999999999994,4,6,death_plus_v7_gap_mid,0.9686043610165429,0.9576913540764127
1527674,2026,12,4,1,11.94736842105263,5.318181818181818,12.868421052631579,6.219999999999999,4,6,death_plus_v7_gap_mid,0.9721935369611499,0.9620201984097128
1527674,2026,12,5,1,11.94736842105263,5.441860465116279,12.701298701298702,5.215000000000003,4,6,death_plus_v7_gap_mid,0.9729305075354557,0.9629169268011006
1527674,2026,12,6,1,11.94736842105263,5.428571428571429,12.615384615384617,5.2099999999999795,4,6,death_plus_v7_gap_mid,0.9747550083150828,0.9651494061305518
1527674,2026,13,1,1,11.94736842105263,5.414634146341464,12.531645569620252,5.204999999999984,4,6,death_plus_v7_gap_mid,0.9751211557083301,0.9681548781553908
1527674,2026,13,2,1,11.94736842105263,5.4,12.450000000000001,5.199999999999989,4,6,death_plus_v7_gap_mid,0.9791251905649451,0.9729072404339073
1527674,2026,13,3,1,11.94736842105263,5.384615384615385,12.37037037037037,5.195000000000022,4,6,death_plus_v7_gap_mid,0.981266789468731,0.975479558843929
1527674,2026,13,4,1,11.94736842105263,5.526315789473684,12.21951219512195,4.189999999999998,4,6,death_plus_v7_gap_mid,0.969744290908156,0.9618723500911283
1527674,2026,13,5,1,11.94736842105263,5.513513513513514,12.14457831325301,4.185000000000002,4,6,death_plus_v7_gap_mid,0.9717578269558118,0.9642129460501987
1527674,2026,13,6,1,11.94736842105263,5.5,12.071428571428571,4.179999999999978,4,6,death_plus_v7_gap_mid,0.97086760041231,0.9631764227336302
1527674,2026,13,7,1,11.94736842105263,5.485714285714286,12.0,4.175000000000011,4,6,death_plus_v7_gap_mid,0.9725043891213511,0.9650843363330821
1527674,2026,14,1,1,11.94736842105263,5.314285714285714,12.070588235294117,5.175000000000011,4,6,death_plus_v7_gap_mid,0.9865374399197961,0.9827042472472629
1527674,2026,14,2,1,11.94736842105263,5.294117647058823,12.0,5.1699999999999875,4,6,death_plus_v7_gap_mid,0.9883157317466738,0.9848521885393435
1527674,2026,14,3,1,11.94736842105263,4.727272727272727,12.13793103448276,8.16500000000002,4,6,death_plus_v7_gap_mid,0.9886538327490382,0.9852629426008842
1527674,2026,14,4,1,11.94736842105263,4.6875,12.068181818181817,8.159999999999997,4,6,death_plus_v7_gap_mid,0.9883265426380421,0.9848653102132784
1527674,2026,14,5,1,11.94736842105263,3.67741935483871,12.337078651685392,13.155000000000001,4,6,death_plus_v7_gap_mid,0.9893680781606251,0.9861333692376903
1527674,2026,14,6,1,11.94736842105263,3.5999999999999996,12.266666666666666,13.150000000000006,4,6,death_plus_v7_gap_mid,0.9897348435505925,0.9865818212184675
1527674,2026,14,7,1,11.94736842105263,3.5172413793103443,12.197802197802197,13.14500000000001,4,6,death_plus_v7_gap_mid,0.9905560953186994,0.9875898759275973
1527674,2026,15,1,1,11.94736842105263,2.275862068965517,12.593406593406595,19.14500000000001,4,6,death_plus_v7_gap_mid,0.9887352932143069,0.9862009600345369
1527674,2026,15,2,1,11.94736842105263,1.5,12.717391304347824,22.140000000000015,4,6,death_plus_v7_gap_mid,0.9901880932466527,0.987896656972776
1527674,2026,15,3,1,11.94736842105263,0.6666666666666666,12.838709677419354,25.13499999999999,4,6,death_plus_v7_gap_mid,0.9926255714824479,0.9907723576983207
1527674,2026,15,4,1,11.94736842105263,-0.23076923076923078,12.957446808510639,28.129999999999995,4,6,death_plus_v7_gap_mid,0.9930590693022046,0.9912885370133323
1527675,2026,7,1,1,43.173076923076934,10.285714285714285,12.418604651162791,10.166666666666671,0,10,death_plus_v7_gap_mid,0.671078614797251,0.6423956931929156
1527675,2026,7,2,1,43.173076923076934,10.342105263157894,12.272727272727273,9.333333333333329,0,10,death_plus_v7_gap_mid,0.6672176464263986,0.6390219691603499
1527675,2026,7,3,1,43.173076923076934,10.16,12.533333333333335,11.5,0,10,death_plus_v7_gap_mid,0.6745229932539237,0.6454105210800816
1527675,2026,7,4,1,43.173076923076934,10.216216216216216,12.391304347826086,10.666666666666671,0,10,death_plus_v7_gap_mid,0.6696613614359626,0.6411565968821448
1527675,2026,7,5,1,43.173076923076934,10.356164383561644,12.127659574468087,8.833333333333329,0,10,death_plus_v7_gap_mid,0.6583301138526263,0.631278200112675
1527675,2026,7,6,1,43.173076923076934,10.416666666666668,12.0,8.0,0,10,death_plus_v7_gap_mid,0.6555545881465871,0.6288659659063978
1527675,2026,8,1,1,43.173076923076934,10.056338028169014,12.489795918367347,12.166666666666671,0,10,death_plus_v7_gap_mid,0.6991550184264133,0.6709482156023994
1527675,2026,8,2,1,43.173076923076934,10.2,12.24,10.333333333333343,0,10,death_plus_v7_gap_mid,0.6760957523809992,0.6502284747316744
1527675,2026,8,3,1,43.173076923076934,9.826086956521738,12.705882352941178,14.499999999999986,0,10,death_plus_v7_gap_mid,0.7757987796690055,0.7417539971290051
1527675,2026,8,4,1,43.173076923076934,9.882352941176471,12.576923076923077,13.666666666666657,0,10,death_plus_v7_gap_mid,0.7457768590639056,0.7136075229607216
1527675,2026,8,5,1,43.173076923076934,9.940298507462686,12.452830188679245,12.833333333333343,0,10,death_plus_v7_gap_mid,0.739875928441575,0.7081430032647473
1527675,2026,8,6,1,43.173076923076934,10.090909090909092,12.222222222222223,11.000000000000014,0,10,death_plus_v7_gap_mid,0.7189035535979462,0.6888808646506845
1527675,2026,9,1,1,43.173076923076934,10.061538461538461,12.218181818181817,11.166666666666657,0,10,death_plus_v7_gap_mid,0.7261878258978244,0.6940056875223828
1527675,2026,9,2,1,43.173076923076934,10.21875,12.0,9.333333333333329,0,10,death_plus_v7_gap_mid,0.7092093689793586,0.6790116750437534
1527675,2026,9,3,1,43.173076923076934,10.19047619047619,12.0,9.5,0,10,death_plus_v7_gap_mid,0.7177313754278791,0.6865179376399244
1527675,2026,9,4,1,43.173076923076934,10.258064516129032,11.896551724137932,8.666666666666671,0,10,death_plus_v7_gap_mid,0.7125929789191308,0.6819873894739092
1527675,2026,9,5,1,43.173076923076934,10.032786885245901,12.101694915254237,10.833333333333329,0,10,death_plus_v7_gap_mid,0.7282893622206256,0.6958728264744364
1527675,2026,9,6,1,43.173076923076934,10.1,12.0,10.0,0,10,death_plus_v7_gap_mid,0.7220960196273388,0.6903775769159033
1527675,2026,9,7,1,43.173076923076934,10.067796610169491,12.0,10.166666666666671,0,10,death_plus_v7_gap_mid,0.7253142694411598,0.6932303196181175
1527675,2026,10,1,1,43.173076923076934,9.966101694915254,12.098360655737704,11.166666666666671,0,10,death_plus_v7_gap_mid,0.7248666356982637,0.7063012176169087
1527675,2026,10,2,1,43.173076923076934,9.517241379310345,12.483870967741936,15.333333333333343,0,10,death_plus_v7_gap_mid,0.8043213931442372,0.7800483699523675
1527675,2026,10,3,1,43.173076923076934,9.68421052631579,12.285714285714285,13.5,0,10,death_plus_v7_gap_mid,0.7647429848887926,0.7428823606897306
1527675,2026,10,4,1,43.173076923076934,9.75,12.1875,12.666666666666671,0,10,death_plus_v7_gap_mid,0.7628165627040917,0.7410971449942535
1527675,2026,10,5,1,43.173076923076934,9.818181818181818,12.092307692307692,11.833333333333314,0,10,death_plus_v7_gap_mid,0.7467916782279416,0.7263213227025753
1527675,2026,10,6,1,43.173076923076934,9.555555555555555,12.272727272727273,13.999999999999986,0,10,death_plus_v7_gap_mid,0.7775952458879334,0.7548454375440712
1527675,2026,11,1,1,43.173076923076934,9.283018867924529,12.447761194029852,16.166666666666657,0,10,death_plus_v7_gap_mid,0.8215225734709475,0.8053243297485105
1527675,2026,11,2,1,43.173076923076934,8.769230769230768,12.794117647058822,20.333333333333343,0,10,death_plus_v7_gap_mid,0.8574115512018861,0.8398000408775572
1527675,2026,11,3,1,43.173076923076934,8.823529411764707,12.695652173913043,19.500000000000014,0,10,death_plus_v7_gap_mid,0.856260109318195,0.8386778044595856
1527675,2026,11,4,1,43.173076923076934,8.879999999999999,12.600000000000001,18.666666666666686,0,10,death_plus_v7_gap_mid,0.8622853851032777,0.8445635932335566
1527675,2026,11,5,1,43.173076923076934,8.938775510204081,12.507042253521126,17.833333333333343,0,10,death_plus_v7_gap_mid,0.854509064559084,0.8369734278482882
1527675,2026,11,6,1,43.173076923076934,9.125,12.333333333333332,7.200000000000017,1,9,death_plus_v7_gap_mid,0.8466901751312963,0.8293950615019191
1527675,2026,11,7,1,43.173076923076934,8.808510638297872,12.493150684931507,9.550000000000011,1,9,death_plus_v7_gap_mid,0.8524941936068564,0.835015572101491
1527675,2026,12,1,1,43.173076923076934,8.808510638297872,12.493150684931507,9.550000000000011,1,9,death_plus_v7_gap_mid,0.8635220133068076,0.844938145945846
1527675,2026,12,2,1,43.173076923076934,8.869565217391305,12.405405405405405,8.900000000000006,1,9,death_plus_v7_gap_mid,0.8615566407637363,0.8429759313439636
1527675,2026,12,3,1,43.173076923076934,8.933333333333334,12.32,8.25,1,9,death_plus_v7_gap_mid,0.8598829668031707,0.8413076623344427
1527675,2026,12,4,1,43.173076923076934,9.0,12.236842105263158,7.599999999999994,1,9,death_plus_v7_gap_mid,0.8703463542774652,0.8517791235242886
1527675,2026,12,5,1,43.173076923076934,9.069767441860465,12.155844155844154,6.949999999999989,1,9,death_plus_v7_gap_mid,0.8738666315514281,0.855325381842678
1527675,2026,12,6,1,43.173076923076934,9.142857142857142,12.076923076923077,6.299999999999983,1,9,death_plus_v7_gap_mid,0.8719657803900458,0.8534089922148743
1527675,2026,12,7,1,43.173076923076934,8.487804878048781,12.379746835443036,10.650000000000006,1,9,death_plus_v7_gap_mid,0.9304364482216267,0.9143769659875477
1527675,2026,13,1,1,43.173076923076934,7.902439024390244,12.683544303797468,14.650000000000006,1,9,death_plus_v7_gap_mid,0.937828961012219,0.9261553129811445
1527675,2026,13,2,1,43.173076923076934,7.949999999999999,12.600000000000001,14.0,1,9,death_plus_v7_gap_mid,0.9350945482303435,0.9231869964540431
1527675,2026,13,3,1,43.173076923076934,8.0,12.518518518518519,13.349999999999994,1,9,death_plus_v7_gap_mid,0.9369529787573365,0.9252031277208359
1527675,2026,13,4,1,43.173076923076934,8.052631578947368,12.439024390243903,12.699999999999989,1,9,death_plus_v7_gap_mid,0.9368607284325172,0.925102922785122
1527675,2026,13,5,1,43.173076923076934,8.108108108108109,12.36144578313253,12.050000000000011,1,9,death_plus_v7_gap_mid,0.9361049522832215,0.924282477554329
1527675,2026,13,6,1,43.173076923076934,8.333333333333332,12.214285714285714,10.400000000000006,1,9,death_plus_v7_gap_mid,0.9342124431108221,0.9222318899840726
1527675,2026,13,7,1,43.173076923076934,7.885714285714286,12.352941176470587,12.75,1,9,death_plus_v7_gap_mid,0.9454513645398113,0.9344943669498956
1527675,2026,14,1,1,43.173076923076934,7.199999999999999,12.63529411764706,16.75,1,9,death_plus_v7_gap_mid,0.949625062485326,0.9407154312379913
1527675,2026,14,2,1,43.173076923076934,7.411764705882353,12.488372093023257,8.866666666666674,2,8,death_plus_v7_gap_mid,0.9448661149137378,0.9355209699490091
1527675,2026,14,3,1,43.173076923076934,6.90909090909091,12.620689655172413,11.400000000000006,2,8,death_plus_v7_gap_mid,0.9428129237421128,0.9332904862549307
1527675,2026,14,4,1,43.173076923076934,7.125,12.477272727272727,9.933333333333337,2,8,death_plus_v7_gap_mid,0.9433955686363663,0.9339228166999249
1527675,2026,14,5,1,43.173076923076934,7.35483870967742,12.337078651685392,8.466666666666669,2,8,death_plus_v7_gap_mid,0.9431910457154029,0.9337007969836866
1527675,2026,14,6,1,43.173076923076934,7.6,12.2,7.0,2,8,death_plus_v7_gap_mid,0.9443574401406523,0.934967794282081
1527675,2026,15,1,1,43.173076923076934,7.862068965517241,12.065934065934066,5.533333333333331,2,8,death_plus_v7_gap_mid,0.944400940363292,0.9373725270630625
1527675,2026,15,2,1,43.173076923076934,7.928571428571429,12.0,-0.06666666666666288,3,7,death_plus_v7_gap_mid,0.9058362143154628,0.8970305699678404
1527675,2026,15,3,1,43.173076923076934,8.0,11.935483870967742,-0.3499999999999943,3,7,death_plus_v7_gap_mid,0.8968391110694174,0.8877827350986149
1527675,2026,15,4,1,43.173076923076934,7.384615384615385,12.063829787234042,2.366666666666646,3,7,death_plus_v7_gap_mid,0.9162916616772699,0.9078464457139035
1527675,2026,15,5,1,43.173076923076934,6.720000000000001,12.189473684210526,5.083333333333343,3,7,death_plus_v7_gap_mid,0.9406542175530177,0.9333928465968719
1527675,2026,15,6,1,43.173076923076934,7.0,12.0625,3.8000000000000114,3,7,death_plus_v7_gap_mid,0.9260063129653295,0.9179703634286855
1527676,2026,7,1,1,-47.599999999999994,3.896103896103896,10.883720930232558,24.3425,1,9,death_plus_v7_gap_mid,0.9917330145012375,0.9821801983064743
1527676,2026,7,2,1,-47.599999999999994,3.947368421052632,10.636363636363637,23.389999999999993,1,9,death_plus_v7_gap_mid,0.9922656870319295,0.9831412974661984
1527676,2026,7,3,1,-47.599999999999994,3.6799999999999997,10.933333333333334,26.4375,1,9,death_plus_v7_gap_mid,0.9935730000008578,0.9855512131494124
1527676,2026,7,4,1,-47.599999999999994,3.4054054054054053,11.217391304347826,29.485000000000007,1,9,death_plus_v7_gap_mid,0.9935328338065,0.9854759832250208
1527676,2026,7,5,1,-47.599999999999994,3.3698630136986303,11.106382978723403,29.5325,1,9,death_plus_v7_gap_mid,0.9939404009821828,0.9862431755940766
1527676,2026,7,6,1,-47.599999999999994,3.083333333333333,11.375,32.580000000000005,1,9,death_plus_v7_gap_mid,0.9938750212402354,0.9861195236409305
1527676,2026,8,1,1,-47.599999999999994,2.788732394366197,11.63265306122449,35.6275,1,9,death_plus_v7_gap_mid,0.9932571640283101,0.9863974385485405
1527676,2026,8,2,1,-47.599999999999994,2.4857142857142858,11.879999999999999,38.675000000000004,1,9,death_plus_v7_gap_mid,0.9930431103643239,0.9860292013072794
1527676,2026,8,3,1,-47.599999999999994,2.5217391304347823,11.647058823529411,30.42,2,8,death_plus_v7_gap_mid,0.9917581876932184,0.9838526592318376
1527676,2026,8,4,1,-47.599999999999994,2.4705882352941178,11.538461538461538,30.573333333333338,2,8,death_plus_v7_gap_mid,0.9878222163250974,0.9774735087182963
1527676,2026,8,5,1,-47.599999999999994,2.5074626865671643,11.320754716981131,29.726666666666674,2,8,death_plus_v7_gap_mid,0.9904191341974482,0.9816387070444442
1527676,2026,8,6,1,-47.599999999999994,2.5454545454545454,11.11111111111111,28.88000000000001,2,8,death_plus_v7_gap_mid,0.9908153761463707,0.9822886091694721
1527676,2026,9,1,1,-47.599999999999994,2.4923076923076923,11.01818181818182,29.03333333333333,2,8,death_plus_v7_gap_mid,0.9907164352258588,0.979973539527784
1527676,2026,9,2,1,-47.599999999999994,2.4375,10.928571428571429,29.18666666666668,2,8,death_plus_v7_gap_mid,0.9907065106957791,0.9799559365077407
1527676,2026,9,3,1,-47.599999999999994,2.4761904761904763,10.736842105263158,28.340000000000003,2,8,death_plus_v7_gap_mid,0.9924157564445335,0.9830428831235394
1527676,2026,9,4,1,-47.599999999999994,2.5161290322580645,10.551724137931034,27.49333333333334,2,8,death_plus_v7_gap_mid,0.9936427527584499,0.9853376398351659
1527676,2026,9,5,1,-47.599999999999994,2.1639344262295084,10.779661016949152,30.646666666666675,2,8,death_plus_v7_gap_mid,0.9935744467476533,0.9852078943289231
1527676,2026,9,6,1,-47.599999999999994,2.1999999999999997,10.6,29.799999999999997,2,8,death_plus_v7_gap_mid,0.9943294842613453,0.9866566920135391
1527676,2026,10,1,1,-47.599999999999994,2.135593220338983,10.524590163934427,29.953333333333333,2,8,death_plus_v7_gap_mid,0.9945555566603191,0.9898451445994061
1527676,2026,10,2,1,-47.599999999999994,2.0689655172413794,10.451612903225806,30.10666666666667,2,8,death_plus_v7_gap_mid,0.9945360091109241,0.9898134609419856
1527676,2026,10,3,1,-47.599999999999994,2.1052631578947367,10.285714285714285,29.260000000000005,2,8,death_plus_v7_gap_mid,0.9951195316517103,0.9907660948238567
1527676,2026,10,4,1,-47.599999999999994,2.0357142857142856,10.21875,29.413333333333327,2,8,death_plus_v7_gap_mid,0.9952197982412081,0.9909312778870417
1527676,2026,10,5,1,-47.599999999999994,2.0727272727272728,10.061538461538461,28.566666666666677,2,8,death_plus_v7_gap_mid,0.995165061053786,0.9908410449570545
1527676,2026,10,6,1,-47.599999999999994,1.4444444444444444,10.454545454545455,33.72000000000001,2,8,death_plus_v7_gap_mid,0.9956244201071957,0.9916026913270266
1527676,2026,11,1,1,-47.599999999999994,0.7924528301886793,10.835820895522389,38.87333333333332,2,8,death_plus_v7_gap_mid,0.996066582126153,0.9931132953358585
1527676,2026,11,2,1,-47.599999999999994,0.576923076923077,10.852941176470589,40.02666666666667,2,8,death_plus_v7_gap_mid,0.9961999457092099,0.993320014121669
1527676,2026,11,3,1,-47.599999999999994,0.47058823529411764,10.782608695652174,40.18000000000001,2,8,death_plus_v7_gap_mid,0.9961459336566107,0.9932361913143769
1527676,2026,11,4,1,-47.599999999999994,0.36,10.714285714285715,40.33333333333334,2,8,death_plus_v7_gap_mid,0.996019926677862,0.993041175123666
1527676,2026,11,5,1,-47.599999999999994,0.24489795918367346,10.647887323943662,40.486666666666665,2,8,death_plus_v7_gap_mid,0.9961213410326059,0.9931980715817557
1527676,2026,11,6,1,-47.599999999999994,0.125,10.583333333333332,40.640000000000015,2,8,death_plus_v7_gap_mid,0.9960055206875,0.9930189265974529
1527676,2026,11,7,1,-47.599999999999994,0.1276595744680851,10.438356164383562,39.79333333333334,2,8,death_plus_v7_gap_mid,0.9961484666789604,0.9932401192547887
1527676,2026,12,1,1,-47.599999999999994,0.0,10.520547945205479,40.79333333333334,2,8,death_plus_v7_gap_mid,0.9933801924125081,0.9894540093740107
1527677,2026,7,1,1,-66.0,7.714285714285715,8.930232558139535,-4.444999999999993,1,9,death_plus_v7_gap_mid,0.9392751785912364,0.9078838618206732
1527677,2026,7,2,1,-66.0,7.342105263157894,9.545454545454545,0.3399999999999892,1,9,death_plus_v7_gap_mid,0.9628023188474197,0.9382381151136517
1527677,2026,7,3,1,-66.0,7.359999999999999,9.466666666666667,0.125,1,9,death_plus_v7_gap_mid,0.9619631365197855,0.9370995904134231
1527677,2026,7,4,1,-66.0,7.45945945945946,9.26086956521739,-1.0899999999999892,1,9,death_plus_v7_gap_mid,0.9524957631027813,0.9245715853662251
1527677,2026,7,5,1,-66.0,7.561643835616438,9.063829787234043,-2.305000000000007,1,9,death_plus_v7_gap_mid,0.9484503353561922,0.9193753851130471
1527677,2026,7,6,1,-66.0,7.583333333333333,9.0,-2.519999999999996,1,9,death_plus_v7_gap_mid,0.9473135555605856,0.9179302975523749
1527677,2026,8,1,1,-66.0,7.183098591549296,9.551020408163264,2.2650000000000006,1,9,death_plus_v7_gap_mid,0.9723417849936473,0.9548096074415247
1527677,2026,8,2,1,-66.0,7.199999999999999,9.48,2.049999999999997,1,9,death_plus_v7_gap_mid,0.9718380301789231,0.954114988798988
1527677,2026,8,3,1,-66.0,7.304347826086957,9.294117647058824,0.8349999999999937,1,9,death_plus_v7_gap_mid,0.9658324368819935,0.9459831906438713
1527677,2026,8,4,1,-66.0,7.3235294117647065,9.230769230769232,0.6200000000000045,1,9,death_plus_v7_gap_mid,0.9657110229501884,0.9458214214289964
1527677,2026,8,5,1,-66.0,7.343283582089552,9.169811320754718,0.40500000000001535,1,9,death_plus_v7_gap_mid,0.9644653725870007,0.9441672957906068
1527677,2026,8,6,1,-66.0,7.454545454545455,9.0,-0.8099999999999881,1,9,death_plus_v7_gap_mid,0.9583454823922182,0.9361772061952907
1527677,2026,9,1,1,-66.0,7.476923076923077,8.945454545454545,-1.0249999999999915,1,9,death_plus_v7_gap_mid,0.9569673457026764,0.9299980172190473
1527677,2026,9,2,1,-66.0,7.5,8.892857142857142,-1.240000000000009,1,9,death_plus_v7_gap_mid,0.9559866949626001,0.9287122697769673
1527677,2026,9,3,1,-66.0,7.619047619047619,8.736842105263158,-10.959999999999994,2,8,death_plus_v7_gap_mid,0.9308431931396401,0.8974547966066933
1527677,2026,9,4,1,-66.0,7.548387096774194,8.793103448275861,-10.040000000000006,2,8,death_plus_v7_gap_mid,0.9351534957607042,0.9026126899842658
1527677,2026,9,5,1,-66.0,7.573770491803279,8.745762711864407,-10.11999999999999,2,8,death_plus_v7_gap_mid,0.9326407787071653,0.8995971956582669
1527677,2026,9,6,1,-66.0,7.700000000000001,8.6,-11.200000000000003,2,8,death_plus_v7_gap_mid,0.9322277459729634,0.8991038554711033
1527677,2026,10,1,1,-66.0,7.830508474576272,8.459016393442623,-12.280000000000001,2,8,death_plus_v7_gap_mid,0.921605820377732,0.8987764704544255
1527677,2026,10,2,1,-66.0,7.344827586206896,8.903225806451612,-7.359999999999985,2,8,death_plus_v7_gap_mid,0.9542123660479142,0.9360579729759325
1527677,2026,10,3,1,-66.0,6.842105263157895,9.333333333333334,-2.4399999999999977,2,8,death_plus_v7_gap_mid,0.9755603327863673,0.962720511453715
1527677,2026,10,4,1,-66.0,6.964285714285715,9.1875,-3.5200000000000102,2,8,death_plus_v7_gap_mid,0.9751699393259323,0.9622078780883409
1527677,2026,10,5,1,-66.0,7.090909090909092,9.046153846153846,-4.599999999999994,2,8,death_plus_v7_gap_mid,0.9742142113471767,0.9609578360598862
1527677,2026,10,6,1,-66.0,7.111111111111111,9.0,-4.679999999999978,2,8,death_plus_v7_gap_mid,0.9720427813965455,0.9581425757964334
1527677,2026,11,1,1,-66.0,7.132075471698113,8.955223880597016,-4.760000000000005,2,8,death_plus_v7_gap_mid,0.9711498740232101,0.960191622028793
1527677,2026,11,2,1,-66.0,6.5769230769230775,9.352941176470589,0.1599999999999966,2,8,death_plus_v7_gap_mid,0.9836667933900007,0.9758387469130779
1527677,2026,11,3,1,-66.0,6.588235294117648,9.304347826086957,0.0800000000000125,2,8,death_plus_v7_gap_mid,0.9850328112239372,0.9776248070675512
1527677,2026,11,4,1,-66.0,6.6000000000000005,9.257142857142858,0.0,2,8,death_plus_v7_gap_mid,0.984722182727617,0.9772169246089261
1527677,2026,11,5,1,-66.0,6.73469387755102,9.126760563380282,-1.0799999999999983,2,8,death_plus_v7_gap_mid,0.9842017000781746,0.9765358058807139
1527677,2026,11,6,1,-66.0,6.625,9.166666666666666,-0.1599999999999966,2,8,death_plus_v7_gap_mid,0.9861589814703111,0.9791126641553672
1527677,2026,12,1,1,-66.0,6.76595744680851,9.04109589041096,-7.584999999999994,3,7,death_plus_v7_gap_mid,0.971884232136897,0.9616446756467922
1527677,2026,12,2,1,-66.0,6.913043478260869,8.91891891891892,-8.530000000000001,3,7,death_plus_v7_gap_mid,0.9690872383695933,0.9582702028665957
1527677,2026,12,3,1,-66.0,7.066666666666666,8.799999999999999,-9.475000000000009,3,7,death_plus_v7_gap_mid,0.9636310344430374,0.9517879005270662
1527677,2026,12,4,1,-66.0,6.954545454545455,8.842105263157894,-8.420000000000016,3,7,death_plus_v7_gap_mid,0.9685795901707055,0.957661688521849
1527677,2026,12,5,1,-66.0,7.116279069767442,8.727272727272727,-9.365000000000009,3,7,death_plus_v7_gap_mid,0.9637132766314522,0.9518847061880699
1527677,2026,12,6,1,-66.0,7.142857142857142,8.692307692307692,-9.310000000000002,3,7,death_plus_v7_gap_mid,0.9645736318411505,0.9528989958911459
1527677,2026,13,1,1,-66.0,7.317073170731707,8.582278481012658,-15.79000000000002,4,6,death_plus_v7_gap_mid,0.9357275321392311,0.9238730946598206
1527677,2026,13,2,1,-66.0,7.199999999999999,8.625,-14.599999999999994,4,6,death_plus_v7_gap_mid,0.9372904300730248,0.9255697909006365
1527677,2026,13,3,1,-66.0,7.23076923076923,8.592592592592592,-14.409999999999997,4,6,death_plus_v7_gap_mid,0.9356893295804158,0.9238316690636064
1527677,2026,13,4,1,-66.0,7.421052631578948,8.487804878048781,-15.219999999999999,4,6,death_plus_v7_gap_mid,0.9346146284313817,0.9226672133780505
1527677,2026,13,5,1,-66.0,7.45945945945946,8.457831325301205,-15.030000000000001,4,6,death_plus_v7_gap_mid,0.9333848369429754,0.9213368564058962
1527677,2026,13,6,1,-66.0,7.5,8.428571428571427,-14.840000000000003,4,6,death_plus_v7_gap_mid,0.930715864192202,0.9184572963555685
1527677,2026,14,1,1,-66.0,7.714285714285715,8.329411764705881,-15.650000000000006,4,6,death_plus_v7_gap_mid,0.9339379093817748,0.9237163393296083
1527677,2026,14,2,1,-66.0,7.9411764705882355,8.232558139534884,-21.05000000000001,5,5,death_plus_v7_gap_mid,0.8233679984446057,0.8102452199442002
1527677,2026,14,3,1,-66.0,8.181818181818182,8.137931034482758,-21.724999999999994,5,5,death_plus_v7_gap_mid,0.8166317817980182,0.8035645446130262
1527677,2026,14,4,1,-66.0,8.4375,8.045454545454545,-26.72,6,4,death_plus_v7_gap_mid,0.6649526214522278,0.6568718813886277
1527677,2026,14,5,1,-66.0,8.516129032258064,8.022471910112358,-26.25999999999999,6,4,death_plus_v7_gap_mid,0.6767854947736912,0.6681292942802842
1527677,2026,14,6,1,-66.0,8.6,8.0,-25.80000000000001,6,4,death_plus_v7_gap_mid,0.6907417568420501,0.6814365016635442
1527677,2026,14,7,1,-66.0,8.689655172413794,7.978021978021978,-25.340000000000003,6,4,death_plus_v7_gap_mid,0.7097369349405858,0.6996057415841477
1527677,2026,15,1,1,-66.0,7.862068965517241,8.241758241758241,-21.340000000000003,6,4,death_plus_v7_gap_mid,0.7881753841073226,0.7791081661967268
1527677,2026,15,2,1,-66.0,7.928571428571429,8.217391304347826,-20.879999999999995,6,4,death_plus_v7_gap_mid,0.7894929741902617,0.7804012633259394
1527677,2026,15,3,1,-66.0,8.222222222222223,8.129032258064516,-21.420000000000016,6,4,death_plus_v7_gap_mid,0.7617985872534891,0.7533131300366569
1527677,2026,15,4,1,-66.0,8.307692307692307,8.106382978723403,-20.960000000000008,6,4,death_plus_v7_gap_mid,0.762309342443762,0.7538110626393965
1527677,2026,15,5,1,-66.0,8.64,8.021052631578947,-21.5,6,4,death_plus_v7_gap_mid,0.7661223555824667,0.7575301995922509
1527677,2026,15,6,1,-66.0,7.5,8.3125,-16.039999999999992,6,4,death_plus_v7_gap_mid,0.8802116567152863,0.8708197242580954
1527678,2026,7,1,1,-36.76190476190476,7.870129870129871,5.72093023255814,-45.715,4,6,death_plus_v7_gap_mid,0.4515657210234918,0.4559225228948108
1527678,2026,7,2,1,-36.76190476190476,7.973684210526316,5.590909090909091,-46.420000000000016,4,6,death_plus_v7_gap_mid,0.4274511587037728,0.43559755775783926
1527678,2026,7,3,1,-36.76190476190476,8.0,5.6,-46.125,4,6,death_plus_v7_gap_mid,0.4257402711448077,0.4341530700493616
1527678,2026,7,4,1,-36.76190476190476,8.027027027027028,5.608695652173913,-45.83,4,6,death_plus_v7_gap_mid,0.4427322899516428,0.4484840055567426
1527678,2026,7,5,1,-36.76190476190476,7.972602739726027,5.74468085106383,-44.535,4,6,death_plus_v7_gap_mid,0.47059639869603265,0.4719292879569449
1527678,2026,7,6,1,-36.76190476190476,8.0,5.75,-44.239999999999995,4,6,death_plus_v7_gap_mid,0.4736467511420607,0.47449326922874047
1527678,2026,7,7,1,-36.76190476190476,8.028169014084508,5.755102040816326,-43.94500000000001,4,6,death_plus_v7_gap_mid,0.478340238259064,0.47843780846267
1527678,2026,7,8,1,-36.76190476190476,7.628571428571428,6.36,-38.64999999999999,4,6,death_plus_v7_gap_mid,0.593312425674402,0.5754031297913622
1527678,2026,8,1,1,-36.76190476190476,7.436619718309858,6.612244897959183,-36.94500000000001,4,6,death_plus_v7_gap_mid,0.5967634811433686,0.5803113192535609
1527678,2026,8,2,1,-36.76190476190476,7.457142857142857,6.6000000000000005,-36.64999999999999,4,6,death_plus_v7_gap_mid,0.6040296162193748,0.5866465503878713
1527678,2026,8,3,1,-36.76190476190476,7.478260869565217,6.588235294117648,-36.355000000000004,4,6,death_plus_v7_gap_mid,0.6012915851128477,0.5842580133463401
1527678,2026,8,4,1,-36.76190476190476,7.5,6.5769230769230775,-36.06,4,6,death_plus_v7_gap_mid,0.6108960161027739,0.5926436736452817
1527678,2026,8,5,1,-36.76190476190476,7.611940298507463,6.452830188679245,-36.765,4,6,death_plus_v7_gap_mid,0.6052347799590481,0.5876983899960552
1527678,2026,8,6,1,-36.76190476190476,7.363636363636363,6.777777777777777,-33.469999999999985,4,6,death_plus_v7_gap_mid,0.6593739954687214,0.6353323268092268
1527678,2026,9,1,1,-36.76190476190476,7.292307692307691,6.872727272727273,-32.17500000000001,4,6,death_plus_v7_gap_mid,0.6865862188329277,0.6592604763037387
1527678,2026,9,2,1,-36.76190476190476,7.03125,7.178571428571429,-28.879999999999995,4,6,death_plus_v7_gap_mid,0.7854510645195238,0.7477959095558527
1527678,2026,9,3,1,-36.76190476190476,7.0476190476190474,7.157894736842104,-28.585000000000008,4,6,death_plus_v7_gap_mid,0.7834043716923129,0.7458935573842495
1527678,2026,9,4,1,-36.76190476190476,7.064516129032258,7.137931034482759,-28.289999999999992,4,6,death_plus_v7_gap_mid,0.7815485777970835,0.7441717732970093
1527678,2026,9,5,1,-36.76190476190476,6.786885245901638,7.423728813559322,-24.995000000000005,4,6,death_plus_v7_gap_mid,0.8648931063359844,0.8251225581283644
1527678,2026,9,6,1,-36.76190476190476,6.5,7.700000000000001,-21.69999999999999,4,6,death_plus_v7_gap_mid,0.9048903030087457,0.8677086745793862
1527678,2026,10,1,1,-36.76190476190476,6.508474576271187,7.672131147540984,-21.405000000000015,4,6,death_plus_v7_gap_mid,0.9058318459840762,0.8816878975397037
1527678,2026,10,2,1,-36.76190476190476,6.413793103448276,7.741935483870968,-20.11,4,6,death_plus_v7_gap_mid,0.9180327261404113,0.8948609822233015
1527678,2026,10,3,1,-36.76190476190476,6.421052631578947,7.714285714285715,-19.815000000000012,4,6,death_plus_v7_gap_mid,0.9183261438888004,0.8951814765406789
1527678,2026,10,4,1,-36.76190476190476,6.428571428571429,7.6875,-19.519999999999996,4,6,death_plus_v7_gap_mid,0.917840207087758,0.8946507969200351
1527678,2026,10,5,1,-36.76190476190476,6.545454545454545,7.569230769230769,-20.22500000000001,4,6,death_plus_v7_gap_mid,0.9111722318345448,0.8874180226309287
1527678,2026,10,6,1,-36.76190476190476,6.555555555555555,7.545454545454545,-19.929999999999993,4,6,death_plus_v7_gap_mid,0.9068607857241177,0.8827877958624919
1527678,2026,11,1,1,-36.76190476190476,6.566037735849056,7.522388059701493,-19.63500000000002,4,6,death_plus_v7_gap_mid,0.9073575922157948,0.8898328841571538
1527678,2026,11,2,1,-36.76190476190476,6.6923076923076925,7.411764705882353,-20.340000000000003,4,6,death_plus_v7_gap_mid,0.9000167136302841,0.8822864332807517
1527678,2026,11,3,1,-36.76190476190476,6.823529411764706,7.304347826086957,-21.045,4,6,death_plus_v7_gap_mid,0.8957599652745006,0.8779452931352892
1527678,2026,11,4,1,-36.76190476190476,6.84,7.285714285714285,-20.75,4,6,death_plus_v7_gap_mid,0.8966778605622625,0.8788793143989269
1527678,2026,11,5,1,-36.76190476190476,6.857142857142857,7.267605633802816,-20.455,4,6,death_plus_v7_gap_mid,0.8973882376579951,0.8796029456844974
1527678,2026,11,6,1,-36.76190476190476,7.0,7.166666666666666,-21.159999999999997,4,6,death_plus_v7_gap_mid,0.885861520720198,0.8679415820477688
1527678,2026,11,7,1,-36.76190476190476,7.0212765957446805,7.15068493150685,-20.864999999999995,4,6,death_plus_v7_gap_mid,0.8847988031565717,0.8668747115704756
1527678,2026,12,1,1,-36.76190476190476,7.0212765957446805,7.15068493150685,-20.864999999999995,4,6,death_plus_v7_gap_mid,0.882227569428359,0.8637983625001011
1527678,2026,12,2,1,-36.76190476190476,7.043478260869566,7.135135135135135,-20.570000000000007,4,6,death_plus_v7_gap_mid,0.8830163172207978,0.864601489119373
1527678,2026,12,3,1,-36.76190476190476,7.066666666666666,7.120000000000001,-20.275000000000006,4,6,death_plus_v7_gap_mid,0.8805243950231879,0.8620664283227024
1527678,2026,12,4,1,-36.76190476190476,7.2272727272727275,7.026315789473684,-20.980000000000004,4,6,death_plus_v7_gap_mid,0.863162954099851,0.8445794039857664
1527678,2026,12,5,1,-36.76190476190476,7.116279069767442,7.090909090909092,-19.685000000000002,4,6,death_plus_v7_gap_mid,0.88980166430082,0.8715391308896512
1527678,2026,12,6,1,-36.76190476190476,7.0,7.153846153846153,-18.39,4,6,death_plus_v7_gap_mid,0.9061471118176112,0.8884805426994666
1527678,2026,13,1,1,-36.76190476190476,7.024390243902438,7.139240506329113,-18.095,4,6,death_plus_v7_gap_mid,0.9002340351765463,0.8862093933057973
1527678,2026,13,2,1,-36.76190476190476,6.8999999999999995,7.199999999999999,-16.80000000000001,4,6,death_plus_v7_gap_mid,0.9114956344379097,0.8979990354562316
1527678,2026,13,3,1,-36.76190476190476,7.076923076923077,7.111111111111111,-17.504999999999995,4,6,death_plus_v7_gap_mid,0.9053135830279141,0.891510836727065
1527678,2026,13,4,1,-36.76190476190476,6.315789473684211,7.463414634146341,-12.210000000000008,4,6,death_plus_v7_gap_mid,0.957252826266252,0.9476202751540314
1527678,2026,13,5,1,-36.76190476190476,5.837837837837839,7.662650602409638,-8.914999999999992,4,6,death_plus_v7_gap_mid,0.9726212719875574,0.9652209429843492
1527678,2026,13,6,1,-36.76190476190476,6.0,7.571428571428571,-9.620000000000005,4,6,death_plus_v7_gap_mid,0.9701389987156692,0.9623300953049702
1527678,2026,14,1,1,-36.76190476190476,6.0,7.552941176470588,-9.324999999999989,4,6,death_plus_v7_gap_mid,0.9683319392763537,0.9615325018924817
1527678,2026,14,2,1,-36.76190476190476,6.1764705882352935,7.465116279069767,-10.030000000000015,4,6,death_plus_v7_gap_mid,0.9671021195517039,0.9601407988895964
1527678,2026,14,3,1,-36.76190476190476,6.181818181818182,7.448275862068966,-9.735,4,6,death_plus_v7_gap_mid,0.9677278928620832,0.9608484676939012
1527678,2026,14,4,1,-36.76190476190476,5.625,7.636363636363637,-6.439999999999998,4,6,death_plus_v7_gap_mid,0.9795739894455695,0.9744571602153392
1527678,2026,14,5,1,-36.76190476190476,5.806451612903226,7.550561797752809,-7.144999999999996,4,6,death_plus_v7_gap_mid,0.976607282263583,0.9710065928393333
1527678,2026,14,6,1,-36.76190476190476,5.8,7.533333333333333,-6.849999999999994,4,6,death_plus_v7_gap_mid,0.9779310100093266,0.972542213194568
1527678,2026,15,1,1,-36.76190476190476,5.793103448275862,7.516483516483516,-6.554999999999993,4,6,death_plus_v7_gap_mid,0.9786121181005503,0.9746462611825215
1527678,2026,15,2,1,-36.76190476190476,5.785714285714286,7.5,-6.260000000000005,4,6,death_plus_v7_gap_mid,0.9795107929819158,0.9756574097207704
1527678,2026,15,3,1,-36.76190476190476,5.777777777777778,7.483870967741936,-5.965000000000003,4,6,death_plus_v7_gap_mid,0.9781920121200942,0.9741743798361365
1527678,2026,15,4,1,-36.76190476190476,5.076923076923077,7.659574468085107,-2.6700000000000017,4,6,death_plus_v7_gap_mid,0.9886144630713941,0.9860604642248849
1527678,2026,15,5,1,-36.76190476190476,3.84,7.957894736842105,2.625,4,6,death_plus_v7_gap_mid,0.9953175732747765,0.994007393342312
1527678,2026,15,6,1,-36.76190476190476,4.0,7.875,1.9200000000000017,4,6,death_plus_v7_gap_mid,0.9950845820644907,0.9937242723762972
1527679,2026,7,1,0,29.409090909090907,11.532467532467532,11.023255813953488,-45.488333333333316,3,7,death_plus_v7_gap_mid,0.11741940793742638,0.15335585791362727
1527679,2026,7,2,0,29.409090909090907,11.605263157894736,10.909090909090908,-45.80666666666666,3,7,death_plus_v7_gap_mid,0.11566060452724121,0.15150121059876034
1527679,2026,7,3,0,29.409090909090907,11.440000000000001,11.2,-43.125,3,7,death_plus_v7_gap_mid,0.1182066766587034,0.15418416277940197
1527679,2026,7,4,0,29.409090909090907,11.432432432432433,11.217391304347826,-42.44333333333333,3,7,death_plus_v7_gap_mid,0.12627704910482285,0.16261104740801924
1527679,2026,7,5,0,29.409090909090907,11.506849315068493,11.106382978723403,-42.761666666666684,3,7,death_plus_v7_gap_mid,0.12625430546118716,0.162587458499198
1527679,2026,7,6,0,29.409090909090907,11.583333333333334,11.0,-43.08000000000001,3,7,death_plus_v7_gap_mid,0.1274253650639656,0.1638009044070655
1527679,2026,8,1,0,29.409090909090907,11.661971830985916,10.89795918367347,-43.39833333333337,3,7,death_plus_v7_gap_mid,0.12200052936638671,0.15289385460023933
1527679,2026,8,2,0,29.409090909090907,11.485714285714286,11.16,-40.71666666666667,3,7,death_plus_v7_gap_mid,0.14022435258415572,0.1716183249261252
1527679,2026,8,3,0,29.409090909090907,11.652173913043478,10.941176470588236,-42.035,3,7,death_plus_v7_gap_mid,0.14014579693990895,0.17153859040197475
1527679,2026,8,4,0,29.409090909090907,11.558823529411764,11.076923076923077,-40.35333333333335,3,7,death_plus_v7_gap_mid,0.1511975072405944,0.1826798555548222
1527679,2026,8,5,0,29.409090909090907,11.373134328358208,11.320754716981131,-37.67166666666665,3,7,death_plus_v7_gap_mid,0.15409020056349088,0.18557160150873367
1527679,2026,8,6,0,29.409090909090907,11.545454545454547,11.11111111111111,-38.99000000000001,3,7,death_plus_v7_gap_mid,0.1521813808107865,0.18366450390068526
1527679,2026,9,1,0,29.409090909090907,11.63076923076923,11.01818181818182,-39.30833333333334,3,7,death_plus_v7_gap_mid,0.15250166409733984,0.1950187390510964
1527679,2026,9,2,0,29.409090909090907,11.625,11.035714285714285,-38.626666666666665,3,7,death_plus_v7_gap_mid,0.1566642113806969,0.1992093060493355
1527679,2026,9,3,0,29.409090909090907,11.714285714285714,10.94736842105263,-38.94500000000002,3,7,death_plus_v7_gap_mid,0.15356512329221272,0.19609174073435903
1527679,2026,9,4,0,29.409090909090907,11.806451612903226,10.862068965517242,-39.26333333333332,3,7,death_plus_v7_gap_mid,0.1597666658331221,0.2023166214385021
1527679,2026,9,5,0,29.409090909090907,11.60655737704918,11.084745762711865,-36.58166666666668,3,7,death_plus_v7_gap_mid,0.17786523403710328,0.220188914508146
1527679,2026,9,6,0,29.409090909090907,11.7,11.0,-36.900000000000006,3,7,death_plus_v7_gap_mid,0.18090187302634853,0.2231476617597101
1527679,2026,10,1,0,29.409090909090907,11.898305084745763,10.819672131147541,-38.218333333333334,3,7,death_plus_v7_gap_mid,0.17843444266515768,0.21380247291022134
1527679,2026,10,2,0,29.409090909090907,11.689655172413794,11.032258064516128,-35.53666666666666,3,7,death_plus_v7_gap_mid,0.20707312560723667,0.2421057309467509
1527679,2026,10,3,0,29.409090909090907,11.789473684210526,10.952380952380953,-35.85499999999999,3,7,death_plus_v7_gap_mid,0.20051466454276154,0.2356871709093143
1527679,2026,10,4,0,29.409090909090907,11.892857142857142,10.875,-36.173333333333346,3,7,death_plus_v7_gap_mid,0.19821698484000047,0.23343003206774546
1527679,2026,10,5,0,29.409090909090907,11.672727272727274,11.076923076923077,-33.491666666666674,3,7,death_plus_v7_gap_mid,0.22890435208214902,0.2632297960334711
1527679,2026,10,6,0,29.409090909090907,11.88888888888889,10.909090909090908,-44.97999999999999,4,6,death_plus_v7_gap_mid,0.119188895888267,0.1524677572562583
1527679,2026,11,1,0,29.409090909090907,12.113207547169813,10.746268656716419,-46.110000000000014,4,6,death_plus_v7_gap_mid,0.12723571196516026,0.16255155351002365
1527679,2026,11,2,0,29.409090909090907,12.346153846153845,10.588235294117647,-57.03333333333333,5,5,death_plus_v7_gap_mid,0.05959466008514557,0.08489414947958415
1527679,2026,11,3,0,29.409090909090907,12.47058823529412,10.521739130434783,-56.974999999999994,5,5,death_plus_v7_gap_mid,0.06122553777915708,0.08689330109627949
1527679,2026,11,4,0,29.409090909090907,12.600000000000001,10.457142857142857,-56.91666666666666,5,5,death_plus_v7_gap_mid,0.06347244507949865,0.08963415239705017
1527679,2026,11,5,0,29.409090909090907,12.857142857142858,10.309859154929576,-57.85833333333335,5,5,death_plus_v7_gap_mid,0.056851000444407704,0.0815117203565189
1527679,2026,11,6,0,29.409090909090907,13.0,10.25,-57.80000000000001,5,5,death_plus_v7_gap_mid,0.053521723731115606,0.07737346266723619
1527679,2026,12,1,0,29.409090909090907,12.76595744680851,10.438356164383562,-54.741666666666674,5,5,death_plus_v7_gap_mid,0.06277097702813514,0.08371988549100241
1527679,2026,12,2,0,29.409090909090907,12.913043478260867,10.378378378378379,-54.68333333333334,5,5,death_plus_v7_gap_mid,0.06370271359581436,0.08481083990197724
1527679,2026,12,3,0,29.409090909090907,13.066666666666666,10.32,-54.625,5,5,death_plus_v7_gap_mid,0.06416621886163265,0.08535274799737619
1527679,2026,12,4,0,29.409090909090907,13.227272727272727,10.263157894736842,-54.56666666666666,5,5,death_plus_v7_gap_mid,0.0598319007490676,0.08026412223566709
1527679,2026,12,5,0,29.409090909090907,12.697674418604652,10.597402597402597,-49.508333333333326,5,5,death_plus_v7_gap_mid,0.08936512455591464,0.11410701624036973
1527679,2026,12,6,0,29.409090909090907,12.857142857142858,10.538461538461538,-49.44999999999999,5,5,death_plus_v7_gap_mid,0.09236681608727038,0.1174507308010538
1527679,2026,13,1,0,29.409090909090907,13.170731707317074,10.40506329113924,-50.39166666666665,5,5,death_plus_v7_gap_mid,0.08375056543170271,0.09923616503495183
1527679,2026,13,2,0,29.409090909090907,13.350000000000001,10.350000000000001,-50.33333333333334,5,5,death_plus_v7_gap_mid,0.08605590135371533,0.10172300747851808
1527679,2026,13,3,0,29.409090909090907,13.538461538461538,10.296296296296298,-50.275000000000006,5,5,death_plus_v7_gap_mid,0.07932732592783333,0.09444580852393036
1527679,2026,13,4,0,29.409090909090907,13.894736842105264,10.170731707317072,-58.373333333333335,6,4,death_plus_v7_gap_mid,0.03117288292088871,0.040159483340442406
1527679,2026,13,5,0,29.409090909090907,13.297297297297298,10.481927710843372,-53.126666666666665,6,4,death_plus_v7_gap_mid,0.04667800383753867,0.058163060406798174
1527679,2026,13,6,0,29.409090909090907,12.666666666666668,10.785714285714286,-47.879999999999995,6,4,death_plus_v7_gap_mid,0.06932469663245555,0.08351484561936844
1527679,2026,14,1,0,29.409090909090907,12.857142857142858,10.729411764705883,-47.633333333333326,6,4,death_plus_v7_gap_mid,0.0686740849134703,0.079875087526788
1527679,2026,14,2,0,29.409090909090907,13.058823529411764,10.674418604651162,-47.386666666666684,6,4,death_plus_v7_gap_mid,0.06684300574900875,0.07789620276205234
1527679,2026,14,3,0,29.409090909090907,13.272727272727272,10.620689655172415,-47.140000000000015,6,4,death_plus_v7_gap_mid,0.06423164874836104,0.07506666280554912
1527679,2026,14,4,0,29.409090909090907,13.6875,10.5,-47.89333333333332,6,4,death_plus_v7_gap_mid,0.06074695280915993,0.07127672921052805
1527679,2026,14,5,0,29.409090909090907,14.129032258064516,10.382022471910112,-54.484999999999985,7,3,death_plus_v7_gap_mid,0.014989971854750605,0.019329831696752526
1527679,2026,14,6,0,29.409090909090907,13.799999999999999,10.533333333333333,-51.05000000000001,7,3,death_plus_v7_gap_mid,0.01696144368542455,0.02169753714258613
1527679,2026,14,7,0,29.409090909090907,14.068965517241377,10.483516483516484,-50.61500000000001,7,3,death_plus_v7_gap_mid,0.01598257293207428,0.020524421275997864
1527679,2026,14,8,0,29.409090909090907,14.57142857142857,10.369565217391305,-56.45333333333335,8,2,death_plus_v7_gap_mid,0.011290777751270825,0.014827192484824982
1527679,2026,15,1,0,29.409090909090907,14.068965517241377,10.483516483516484,-56.076666666666654,8,2,death_plus_v7_gap_mid,0.010149605000069424,0.012740441465629587
1527679,2026,15,2,0,29.409090909090907,14.357142857142858,10.434782608695652,-55.45333333333335,8,2,death_plus_v7_gap_mid,0.010291735833840425,0.012909766685181217
1527679,2026,15,3,0,29.409090909090907,14.88888888888889,10.32258064516129,-55.829999999999984,8,2,death_plus_v7_gap_mid,0.00852793032852719,0.010799193129825298
1527679,2026,15,4,0,29.409090909090907,15.23076923076923,10.27659574468085,-55.20666666666668,8,2,death_plus_v7_gap_mid,0.008502155776948257,0.010768192368949568
1527679,2026,15,5,0,29.409090909090907,15.84,10.16842105263158,-60.29166666666666,9,1,death_plus_v7_gap_mid,0.007185598298702302,0.009177820877188877
1527679,2026,15,6,0,29.409090909090907,16.5,10.0625,-65.0,10,0,death_plus_v7_gap_mid,0.006335369519666107,0.008142884035011061
1527680,2026,7,1,1,44.4848484848485,10.051948051948052,11.30232558139535,-7.302499999999995,1,9,death_plus_v7_gap_mid,0.6988895937277351,0.6668870684161672
1527680,2026,7,2,1,44.4848484848485,10.18421052631579,11.045454545454545,-8.870000000000005,1,9,death_plus_v7_gap_mid,0.705779118349058,0.6730106493121302
1527680,2026,7,3,1,44.4848484848485,10.24,10.933333333333334,-9.4375,1,9,death_plus_v7_gap_mid,0.6924311364236821,0.661167966269563
1527680,2026,7,4,1,44.4848484848485,10.297297297297298,10.826086956521738,-10.004999999999995,1,9,death_plus_v7_gap_mid,0.6786324903136376,0.6490140121710712
1527680,2026,7,5,1,44.4848484848485,10.356164383561644,10.72340425531915,-10.572500000000005,1,9,death_plus_v7_gap_mid,0.6907418908372376,0.6596753948730323
1527680,2026,7,6,1,44.4848484848485,10.166666666666666,11.0,-8.139999999999986,1,9,death_plus_v7_gap_mid,0.6942943468954434,0.6628158147335398
1527680,2026,8,1,1,44.4848484848485,10.056338028169014,11.142857142857142,-6.70750000000001,1,9,death_plus_v7_gap_mid,0.7237563281199832,0.6933168480426402
1527680,2026,8,2,1,44.4848484848485,10.114285714285714,11.040000000000001,-7.2749999999999915,1,9,death_plus_v7_gap_mid,0.7182065438616878,0.6882447124029577
1527680,2026,8,3,1,44.4848484848485,10.173913043478262,10.941176470588236,-7.842500000000015,1,9,death_plus_v7_gap_mid,0.7240745133669727,0.6936081331599476
1527680,2026,8,4,1,44.4848484848485,10.235294117647058,10.846153846153847,-8.409999999999997,1,9,death_plus_v7_gap_mid,0.7058899677206595,0.6770431157540556
1527680,2026,8,5,1,44.4848484848485,10.298507462686567,10.754716981132075,-20.646666666666647,2,8,death_plus_v7_gap_mid,0.5876412351424862,0.5723726402792244
1527680,2026,8,6,1,44.4848484848485,10.454545454545455,10.555555555555555,-22.039999999999992,2,8,death_plus_v7_gap_mid,0.5792857354059208,0.5651145463285114
1527680,2026,9,1,1,44.4848484848485,10.523076923076923,10.472727272727273,-22.433333333333337,2,8,death_plus_v7_gap_mid,0.57550519308381,0.5649032921459992
1527680,2026,9,2,1,44.4848484848485,10.6875,10.285714285714285,-23.826666666666654,2,8,death_plus_v7_gap_mid,0.5413438468972294,0.5364030702634244
1527680,2026,9,3,1,44.4848484848485,10.761904761904763,10.210526315789473,-24.219999999999985,2,8,death_plus_v7_gap_mid,0.545775782451501,0.5400938665652326
1527680,2026,9,4,1,44.4848484848485,10.838709677419354,10.137931034482758,-24.61333333333333,2,8,death_plus_v7_gap_mid,0.5431922743683274,0.5379422028241906
1527680,2026,9,5,1,44.4848484848485,10.62295081967213,10.372881355932204,-22.006666666666646,2,8,death_plus_v7_gap_mid,0.6107426354992748,0.5944831934888255
1527680,2026,9,6,1,44.4848484848485,10.700000000000001,10.299999999999999,-22.39999999999999,2,8,death_plus_v7_gap_mid,0.6071188257667263,0.5914298614509219
1527680,2026,10,1,1,44.4848484848485,10.474576271186441,10.524590163934427,-19.793333333333337,2,8,death_plus_v7_gap_mid,0.6278165427704491,0.6196552817283159
1527680,2026,10,2,1,44.4848484848485,10.551724137931034,10.451612903225806,-20.186666666666667,2,8,death_plus_v7_gap_mid,0.6281246035531789,0.6199266609225598
1527680,2026,10,3,1,44.4848484848485,10.631578947368421,10.380952380952381,-20.580000000000013,2,8,death_plus_v7_gap_mid,0.6211461299873773,0.6137831271212625
1527680,2026,10,4,1,44.4848484848485,10.285714285714285,10.6875,-16.97333333333333,2,8,death_plus_v7_gap_mid,0.6773913406043472,0.6635833239874814
1527680,2026,10,5,1,44.4848484848485,10.254545454545454,10.707692307692309,-16.366666666666674,2,8,death_plus_v7_gap_mid,0.7070250461685429,0.6901558669957383
1527680,2026,10,6,1,44.4848484848485,10.333333333333334,10.636363636363637,-16.75999999999999,2,8,death_plus_v7_gap_mid,0.6877171559204319,0.6728111447910825
1527680,2026,10,7,1,44.4848484848485,10.528301886792454,10.477611940298507,-18.153333333333336,2,8,death_plus_v7_gap_mid,0.6653088271355432,0.6528235941883425
1527680,2026,11,1,1,44.4848484848485,10.075471698113208,10.835820895522389,-14.153333333333336,2,8,death_plus_v7_gap_mid,0.715523635753274,0.7077291685530005
1527680,2026,11,2,1,44.4848484848485,10.153846153846153,10.764705882352942,-14.546666666666653,2,8,death_plus_v7_gap_mid,0.7150006261020438,0.7072582299328594
1527680,2026,11,3,1,44.4848484848485,10.235294117647058,10.695652173913043,-14.93999999999997,2,8,death_plus_v7_gap_mid,0.7074970799437951,0.7005099087627814
1527680,2026,11,4,1,44.4848484848485,9.959999999999999,10.885714285714286,-12.333333333333314,2,8,death_plus_v7_gap_mid,0.7372072608914721,0.7273252557688044
1527680,2026,11,5,1,44.4848484848485,10.16326530612245,10.732394366197184,-22.260833333333323,3,7,death_plus_v7_gap_mid,0.6197208506091716,0.6224101446602865
1527680,2026,11,6,1,44.4848484848485,10.375,10.583333333333332,-23.47999999999999,3,7,death_plus_v7_gap_mid,0.5869790586501095,0.5935115016386321
1527680,2026,12,1,1,44.4848484848485,10.595744680851064,10.438356164383562,-24.699166666666656,3,7,death_plus_v7_gap_mid,0.5870240313853292,0.5874120519379606
1527680,2026,12,2,1,44.4848484848485,10.565217391304348,10.45945945945946,-23.91833333333335,3,7,death_plus_v7_gap_mid,0.5963943006693216,0.5958352314623082
1527680,2026,12,3,1,44.4848484848485,10.0,10.8,-19.137500000000017,3,7,death_plus_v7_gap_mid,0.694054192569128,0.6842697940873843
1527680,2026,12,4,1,44.4848484848485,10.090909090909092,10.736842105263158,-19.356666666666683,3,7,death_plus_v7_gap_mid,0.697240310823296,0.6871848523392822
1527680,2026,12,5,1,44.4848484848485,10.186046511627907,10.675324675324676,-19.57583333333335,3,7,death_plus_v7_gap_mid,0.7015691493934729,0.6911495154652701
1527680,2026,12,6,1,44.4848484848485,9.571428571428573,11.0,-14.794999999999987,3,7,death_plus_v7_gap_mid,0.7505303811038548,0.7363753624264363
1527680,2026,13,1,1,44.4848484848485,9.658536585365855,10.936708860759493,-15.014166666666682,3,7,death_plus_v7_gap_mid,0.7400411417497867,0.7276710588264225
1527680,2026,13,2,1,44.4848484848485,9.899999999999999,10.8,-16.23333333333335,3,7,death_plus_v7_gap_mid,0.7403036256751723,0.7279217853338215
1527680,2026,13,3,1,44.4848484848485,10.0,10.74074074074074,-16.452499999999986,3,7,death_plus_v7_gap_mid,0.7348885321229817,0.722753212993084
1527680,2026,13,4,1,44.4848484848485,10.105263157894736,10.682926829268293,-16.671666666666653,3,7,death_plus_v7_gap_mid,0.7289158332160872,0.7170618428769666
1527680,2026,13,5,1,44.4848484848485,10.216216216216216,10.626506024096386,-16.890833333333347,3,7,death_plus_v7_gap_mid,0.7323211894328769,0.7203056090566301
1527680,2026,13,6,1,44.4848484848485,10.333333333333334,10.571428571428571,-17.110000000000014,3,7,death_plus_v7_gap_mid,0.7283427073814628,0.7165162184733828
1527680,2026,13,7,1,44.4848484848485,10.628571428571428,10.447058823529412,-18.32916666666668,3,7,death_plus_v7_gap_mid,0.708844750311155,0.6980035986150029
1527680,2026,14,1,1,44.4848484848485,10.285714285714285,10.588235294117647,-16.32916666666668,3,7,death_plus_v7_gap_mid,0.7445455656137382,0.7331017218175119
1527680,2026,14,2,1,44.4848484848485,10.235294117647058,10.604651162790699,-15.548333333333346,3,7,death_plus_v7_gap_mid,0.7509393627019061,0.7392866239090122
1527680,2026,14,3,1,44.4848484848485,10.545454545454545,10.482758620689655,-16.767500000000013,3,7,death_plus_v7_gap_mid,0.7377622233218715,0.7265515982904143
1527680,2026,14,4,1,44.4848484848485,10.125,10.636363636363637,-13.986666666666679,3,7,death_plus_v7_gap_mid,0.7732286717028984,0.7609372562279396
1527680,2026,14,5,1,44.4848484848485,9.29032258064516,10.921348314606742,-9.205833333333317,3,7,death_plus_v7_gap_mid,0.835626067388173,0.8224536225835591
1527680,2026,14,6,1,44.4848484848485,9.4,10.866666666666667,-9.424999999999983,3,7,death_plus_v7_gap_mid,0.8389785807934663,0.8258047324630848
1527680,2026,15,1,1,44.4848484848485,8.896551724137932,11.010989010989011,-6.644166666666649,3,7,death_plus_v7_gap_mid,0.878670345423471,0.8692550048309805
1527680,2026,15,2,1,44.4848484848485,9.0,10.956521739130434,-6.863333333333344,3,7,death_plus_v7_gap_mid,0.8709610555929233,0.8614467525876653
1527680,2026,15,3,1,44.4848484848485,8.0,11.225806451612902,-2.0825000000000102,3,7,death_plus_v7_gap_mid,0.9376628555178882,0.9302263003192086
1527680,2026,15,4,1,44.4848484848485,8.076923076923077,11.170212765957446,-2.3016666666666765,3,7,death_plus_v7_gap_mid,0.9367353300330373,0.9292463251667363
1527680,2026,15,5,1,44.4848484848485,8.16,11.11578947368421,-2.5208333333333144,3,7,death_plus_v7_gap_mid,0.9366926004379597,0.9292012001803956
1527680,2026,15,6,1,44.4848484848485,8.25,11.0625,-2.740000000000009,3,7,death_plus_v7_gap_mid,0.9306197301336772,0.9228059414035332
1527680,2026,15,7,1,44.4848484848485,8.608695652173912,10.948453608247423,-3.9591666666666754,3,7,death_plus_v7_gap_mid,0.9104710107845693,0.9018155175787845
1527681,2026,7,1,1,-38.90909090909091,8.883116883116884,6.837209302325581,-29.83999999999999,2,8,death_plus_v7_gap_mid,0.5157643987000416,0.5098883523377583
1527681,2026,7,2,1,-38.90909090909091,8.921052631578949,6.818181818181818,-29.919999999999987,2,8,death_plus_v7_gap_mid,0.433536471760759,0.4407323921519315
1527681,2026,7,3,1,-38.90909090909091,8.96,6.8,-30.0,2,8,death_plus_v7_gap_mid,0.4963862327979637,0.49360108840937034
1527681,2026,7,4,1,-38.90909090909091,9.08108108108108,6.6521739130434785,-31.079999999999984,2,8,death_plus_v7_gap_mid,0.47776159425361214,0.4779515322240172
1527681,2026,7,5,1,-38.90909090909091,9.123287671232877,6.638297872340425,-31.16000000000001,2,8,death_plus_v7_gap_mid,0.4747116289010875,0.4753882793019808
1527681,2026,7,6,1,-38.90909090909091,9.166666666666666,6.625,-31.24000000000001,2,8,death_plus_v7_gap_mid,0.39575327267703453,0.4087636005556042
1527681,2026,7,7,1,-38.90909090909091,9.211267605633802,6.612244897959183,-31.319999999999993,2,8,death_plus_v7_gap_mid,0.4717288952966603,0.47288125036282247
1527681,2026,8,1,1,-38.90909090909091,9.126760563380282,6.73469387755102,-30.319999999999993,2,8,death_plus_v7_gap_mid,0.4777366651344261,0.47750293010179007
1527681,2026,8,2,1,-38.90909090909091,9.17142857142857,6.720000000000001,-30.399999999999977,2,8,death_plus_v7_gap_mid,0.3988165184386335,0.4093660786094847
1527681,2026,8,3,1,-38.90909090909091,9.217391304347826,6.705882352941177,-30.480000000000004,2,8,death_plus_v7_gap_mid,0.4662639543541329,0.46762679042443295
1527681,2026,8,4,1,-38.90909090909091,8.823529411764707,7.269230769230768,-25.559999999999988,2,8,death_plus_v7_gap_mid,0.6042459654832952,0.5868353520320876
1527681,2026,8,5,1,-38.90909090909091,8.865671641791046,7.245283018867925,-25.639999999999986,2,8,death_plus_v7_gap_mid,0.6061892076698405,0.5885316167403316
1527681,2026,8,6,1,-38.90909090909091,8.90909090909091,7.222222222222222,-25.719999999999985,2,8,death_plus_v7_gap_mid,0.5331020455309938,0.5251748992974201
1527681,2026,8,7,1,-38.90909090909091,8.953846153846154,7.199999999999999,-25.799999999999997,2,8,death_plus_v7_gap_mid,0.608171291301225,0.5902626397767458
1527681,2026,9,1,1,-38.90909090909091,8.584615384615384,7.636363636363637,-21.799999999999997,2,8,death_plus_v7_gap_mid,0.6922756213283582,0.6642050560064294
1527681,2026,9,2,1,-38.90909090909091,8.625,7.607142857142857,-21.87999999999998,2,8,death_plus_v7_gap_mid,0.6812592087946043,0.6546436846897192
1527681,2026,9,3,1,-38.90909090909091,8.666666666666666,7.578947368421052,-21.959999999999994,2,8,death_plus_v7_gap_mid,0.6168480717322422,0.5996343234322289
1527681,2026,9,4,1,-38.90909090909091,8.70967741935484,7.551724137931034,-22.040000000000006,2,8,death_plus_v7_gap_mid,0.6828891129346131,0.6560549954872111
1527681,2026,9,5,1,-38.90909090909091,8.852459016393443,7.423728813559322,-31.355000000000018,3,7,death_plus_v7_gap_mid,0.40487332134283427,0.42259100274909
1527681,2026,9,6,1,-38.90909090909091,9.0,7.299999999999999,-32.3,3,7,death_plus_v7_gap_mid,0.48601483926761374,0.49039124012563146
1527681,2026,10,1,1,-38.90909090909091,9.152542372881356,7.1803278688524586,-33.245000000000005,3,7,death_plus_v7_gap_mid,0.4819900364315289,0.4921257743690667
1527681,2026,10,2,1,-38.90909090909091,8.896551724137932,7.451612903225806,-30.189999999999998,3,7,death_plus_v7_gap_mid,0.5336920119322822,0.5372613741543117
1527681,2026,10,3,1,-38.90909090909091,8.631578947368421,7.714285714285715,-27.13499999999999,3,7,death_plus_v7_gap_mid,0.6298716098127068,0.6214659650193337
1527681,2026,10,4,1,-38.90909090909091,8.785714285714285,7.59375,-28.08,3,7,death_plus_v7_gap_mid,0.5966642646435723,0.5922888319917794
1527681,2026,10,5,1,-38.90909090909091,8.290909090909091,8.03076923076923,-23.025000000000006,3,7,death_plus_v7_gap_mid,0.6963171351253447,0.6805214995466592
1527681,2026,10,6,1,-38.90909090909091,7.777777777777778,8.454545454545455,-17.970000000000013,3,7,death_plus_v7_gap_mid,0.7697882770429707,0.7475674444716452
1527681,2026,11,1,1,-38.90909090909091,7.811320754716981,8.417910447761194,-17.915000000000006,3,7,death_plus_v7_gap_mid,0.7661442003352548,0.7537273000490342
1527681,2026,11,2,1,-38.90909090909091,7.961538461538462,8.294117647058822,-18.86,3,7,death_plus_v7_gap_mid,0.7651648765648816,0.7528284079002198
1527681,2026,11,3,1,-38.90909090909091,7.411764705882353,8.695652173913043,-13.805000000000007,3,7,death_plus_v7_gap_mid,0.8396394101371996,0.8226040614819795
1527681,2026,11,4,1,-38.90909090909091,6.84,9.085714285714285,-8.749999999999986,3,7,death_plus_v7_gap_mid,0.917097946778251,0.8999741263010795
1527681,2026,11,5,1,-38.90909090909091,6.979591836734693,8.95774647887324,-9.694999999999993,3,7,death_plus_v7_gap_mid,0.8954585629402569,0.8776388397380037
1527681,2026,11,6,1,-38.90909090909091,7.0,8.916666666666668,-9.64,3,7,death_plus_v7_gap_mid,0.8940598846722161,0.876218285496786
1527681,2026,12,1,1,-38.90909090909091,7.148936170212766,8.794520547945206,-10.584999999999994,3,7,death_plus_v7_gap_mid,0.8791137806044838,0.860634332913006
1527681,2026,12,2,1,-38.90909090909091,7.304347826086957,8.675675675675677,-11.530000000000001,3,7,death_plus_v7_gap_mid,0.8719469829634825,0.8533900589116205
1527681,2026,12,3,1,-38.90909090909091,7.333333333333334,8.64,-11.475000000000009,3,7,death_plus_v7_gap_mid,0.8719898105352839,0.8534331965655568
1527681,2026,12,4,1,-38.90909090909091,7.5,8.526315789473685,-12.420000000000016,3,7,death_plus_v7_gap_mid,0.8586166965093356,0.8400471173456033
1527681,2026,12,5,1,-38.90909090909091,7.674418604651163,8.415584415584416,-13.365000000000009,3,7,death_plus_v7_gap_mid,0.8327264537023413,0.8145588431553922
1527681,2026,12,6,1,-38.90909090909091,7.857142857142858,8.307692307692307,-14.310000000000002,3,7,death_plus_v7_gap_mid,0.8108584776139215,0.7934011779261174
1527681,2026,13,1,1,-38.90909090909091,7.463414634146341,8.50632911392405,-11.25500000000001,3,7,death_plus_v7_gap_mid,0.8808300154600164,0.8661788893574219
1527681,2026,13,2,1,-38.90909090909091,7.6499999999999995,8.399999999999999,-12.200000000000003,3,7,death_plus_v7_gap_mid,0.8557683481290673,0.840751654946511
1527681,2026,13,3,1,-38.90909090909091,6.9230769230769225,8.74074074074074,-7.144999999999996,3,7,death_plus_v7_gap_mid,0.9197957369160987,0.90677738935585
1527681,2026,13,4,1,-38.90909090909091,6.789473684210526,8.78048780487805,-6.090000000000003,3,7,death_plus_v7_gap_mid,0.9383072355648073,0.926675707739103
1527681,2026,13,5,1,-38.90909090909091,6.972972972972972,8.674698795180722,-7.034999999999997,3,7,death_plus_v7_gap_mid,0.9176156951799852,0.9044638979505167
1527681,2026,13,6,1,-38.90909090909091,7.0,8.642857142857142,-6.980000000000004,3,7,death_plus_v7_gap_mid,0.9145488704020872,0.9012189082979093
1527681,2026,14,1,1,-38.90909090909091,6.514285714285714,8.823529411764707,-3.9250000000000114,3,7,death_plus_v7_gap_mid,0.9489008881636968,0.9399226850485074
1527681,2026,14,2,1,-38.90909090909091,6.529411764705882,8.790697674418604,-3.8700000000000045,3,7,death_plus_v7_gap_mid,0.9500346204030624,0.9411641475649648
1527681,2026,14,3,1,-38.90909090909091,6.545454545454545,8.758620689655173,-3.8149999999999977,3,7,death_plus_v7_gap_mid,0.9517406710229106,0.9430363055093173
1527681,2026,14,4,1,-38.90909090909091,6.0,8.931818181818182,-0.7599999999999909,3,7,death_plus_v7_gap_mid,0.9808705329710383,0.9759758196121721
1527681,2026,14,5,1,-38.90909090909091,6.0,8.898876404494382,-0.7049999999999841,3,7,death_plus_v7_gap_mid,0.9804288471021462,0.975457693795582
1527681,2026,14,6,1,-38.90909090909091,6.200000000000001,8.799999999999999,-1.6500000000000057,3,7,death_plus_v7_gap_mid,0.9689691742641271,0.9622551350069126
1527681,2026,14,7,1,-38.90909090909091,5.172413793103448,9.098901098901099,3.405000000000001,3,7,death_plus_v7_gap_mid,0.9872492649463797,0.9835616154418364
1527681,2026,15,1,1,-38.90909090909091,4.9655172413793105,9.164835164835164,4.405000000000001,3,7,death_plus_v7_gap_mid,0.9876658948469885,0.9849601656810385
1527681,2026,15,2,1,-38.90909090909091,4.928571428571429,9.130434782608695,4.460000000000008,3,7,death_plus_v7_gap_mid,0.9878239870470322,0.9851432272421767
1527681,2026,15,3,1,-38.90909090909091,4.222222222222222,9.29032258064516,7.514999999999986,3,7,death_plus_v7_gap_mid,0.990428633790088,0.9881786306466795
1527681,2026,15,4,1,-38.90909090909091,4.153846153846153,9.25531914893617,7.569999999999993,3,7,death_plus_v7_gap_mid,0.990402538599059,0.9881480229053736
1527681,2026,15,5,1,-38.90909090909091,3.3600000000000003,9.410526315789474,10.625,3,7,death_plus_v7_gap_mid,0.990908921776881,0.9887427599522469
1527681,2026,15,6,1,-38.90909090909091,3.5,9.3125,9.680000000000007,3,7,death_plus_v7_gap_mid,0.9909680875613738,0.9888123593559797
1527681,2026,15,7,1,-38.90909090909091,3.6521739130434785,9.216494845360826,8.734999999999985,3,7,death_plus_v7_gap_mid,0.9899337033426434,0.9875988392404895
1527682,2026,7,1,0,23.363636363636374,10.909090909090908,9.906976744186046,-4.249999999999986,0,10,death_plus_v7_gap_mid,0.5649013905670855,0.5513057906594749
1527682,2026,7,2,0,23.363636363636374,11.052631578947368,9.681818181818182,-6.0,0,10,death_plus_v7_gap_mid,0.5489197386871781,0.5378069987550288
1527682,2026,7,3,0,23.363636363636374,11.2,9.466666666666667,-7.75,0,10,death_plus_v7_gap_mid,0.5448520630499736,0.5343763629025513
1527682,2026,7,4,0,23.363636363636374,10.864864864864865,10.043478260869566,-3.5,0,10,death_plus_v7_gap_mid,0.604578023944528,0.5850026719449885
1527682,2026,7,5,0,23.363636363636374,10.931506849315069,9.957446808510639,-4.250000000000014,0,10,death_plus_v7_gap_mid,0.5861068657525632,0.569277450477772
1527682,2026,7,6,0,23.363636363636374,11.083333333333334,9.75,-18.599999999999994,1,9,death_plus_v7_gap_mid,0.3990775734926988,0.4115858220728921
1527682,2026,8,1,0,23.363636363636374,11.154929577464788,9.673469387755102,-19.17500000000001,1,9,death_plus_v7_gap_mid,0.49965878806821146,0.49636927076488147
1527682,2026,8,2,0,23.363636363636374,11.228571428571428,9.600000000000001,-19.75,1,9,death_plus_v7_gap_mid,0.48317642131137417,0.4821845898471181
1527682,2026,8,3,0,23.363636363636374,11.043478260869565,9.882352941176471,-17.325000000000003,1,9,death_plus_v7_gap_mid,0.5189044989425123,0.5129392353991667
1527682,2026,8,4,0,23.363636363636374,11.029411764705882,9.923076923076923,-16.89999999999999,1,9,death_plus_v7_gap_mid,0.5293209790470659,0.5219149714698523
1527682,2026,8,5,0,23.363636363636374,10.656716417910449,10.415094339622641,-12.474999999999994,1,9,death_plus_v7_gap_mid,0.5874227442052917,0.5721826891024655
1527682,2026,8,6,0,23.363636363636374,10.818181818181818,10.222222222222221,-14.049999999999983,1,9,death_plus_v7_gap_mid,0.5936344063267336,0.5775864271846177
1527682,2026,9,1,0,23.363636363636374,10.892307692307693,10.145454545454545,-14.624999999999986,1,9,death_plus_v7_gap_mid,0.5756182501342857,0.5649978518369868
1527682,2026,9,2,0,23.363636363636374,10.96875,10.071428571428571,-15.200000000000003,1,9,death_plus_v7_gap_mid,0.573512919100366,0.5632372823565425
1527682,2026,9,3,0,23.363636363636374,10.761904761904763,10.31578947368421,-12.774999999999991,1,9,death_plus_v7_gap_mid,0.5718189407882992,0.5618211656415106
1527682,2026,9,4,0,23.363636363636374,10.935483870967742,10.137931034482758,-14.34999999999998,1,9,death_plus_v7_gap_mid,0.5665631245632365,0.557429955522641
1527682,2026,9,5,0,23.363636363636374,11.01639344262295,10.067796610169491,-14.924999999999997,1,9,death_plus_v7_gap_mid,0.5591913938050174,0.5512767962173613
1527682,2026,9,6,0,23.363636363636374,10.8,10.299999999999999,-12.500000000000014,1,9,death_plus_v7_gap_mid,0.6081032850661179,0.5922590522275997
1527682,2026,10,1,0,23.363636363636374,10.881355932203391,10.22950819672131,-13.075000000000003,1,9,death_plus_v7_gap_mid,0.5922211706780334,0.5883962470033716
1527682,2026,10,2,0,23.363636363636374,10.862068965517242,10.258064516129032,-12.649999999999991,1,9,death_plus_v7_gap_mid,0.6334552658492654,0.6246252884608036
1527682,2026,10,3,0,23.363636363636374,10.94736842105263,10.19047619047619,-13.225000000000009,1,9,death_plus_v7_gap_mid,0.6189302376553629,0.611834045153919
1527682,2026,10,4,0,23.363636363636374,11.142857142857142,10.03125,-14.799999999999997,1,9,death_plus_v7_gap_mid,0.6220462191293041,0.6145750657731063
1527682,2026,10,5,0,23.363636363636374,11.345454545454546,9.876923076923077,-26.0,2,8,death_plus_v7_gap_mid,0.4418222386735249,0.4569271745157494
1527682,2026,10,6,0,23.363636363636374,11.444444444444445,9.818181818181818,-26.399999999999977,2,8,death_plus_v7_gap_mid,0.42938809971298525,0.44598856625585814
1527682,2026,10,7,0,23.363636363636374,11.20754716981132,10.029850746268657,-23.80000000000001,2,8,death_plus_v7_gap_mid,0.4592649710142613,0.472234529892293
1527682,2026,11,1,0,23.363636363636374,11.09433962264151,10.119402985074627,-22.80000000000001,2,8,death_plus_v7_gap_mid,0.48805458619402875,0.5061690798724264
1527682,2026,11,2,0,23.363636363636374,10.846153846153847,10.323529411764707,-20.19999999999999,2,8,death_plus_v7_gap_mid,0.536446494247771,0.5489539529389174
1527682,2026,11,3,0,23.363636363636374,10.941176470588236,10.26086956521739,-20.599999999999994,2,8,death_plus_v7_gap_mid,0.5232570801528513,0.5373114904022617
1527682,2026,11,4,0,23.363636363636374,11.040000000000001,10.2,-21.0,2,8,death_plus_v7_gap_mid,0.527799316246818,0.5413221653056621
1527682,2026,11,5,0,23.363636363636374,10.775510204081632,10.394366197183098,-18.400000000000006,2,8,death_plus_v7_gap_mid,0.563717300205669,0.5730030873246365
1527682,2026,11,6,0,23.363636363636374,10.5,10.583333333333332,-15.799999999999983,2,8,death_plus_v7_gap_mid,0.6027953133624677,0.60746372666898
1527682,2026,12,1,0,23.363636363636374,10.72340425531915,10.438356164383562,-25.42500000000001,3,7,death_plus_v7_gap_mid,0.4057003114255399,0.4240941177542976
1527682,2026,12,2,0,23.363636363636374,10.434782608695652,10.621621621621621,-22.650000000000006,3,7,death_plus_v7_gap_mid,0.4986029639949332,0.5080357393910099
1527682,2026,12,3,0,23.363636363636374,10.666666666666666,10.48,-31.75,4,6,death_plus_v7_gap_mid,0.25148851313409115,0.28025235911434454
1527682,2026,12,4,0,23.363636363636374,10.909090909090908,10.342105263157894,-32.80000000000001,4,6,death_plus_v7_gap_mid,0.23844549955485694,0.26764410640665803
1527682,2026,12,5,0,23.363636363636374,11.023255813953488,10.285714285714285,-32.849999999999994,4,6,death_plus_v7_gap_mid,0.24062670680011522,0.26975908401558923
1527682,2026,12,6,0,23.363636363636374,11.142857142857142,10.23076923076923,-32.900000000000006,4,6,death_plus_v7_gap_mid,0.2410969556114666,0.2702147065386328
1527682,2026,13,1,0,23.363636363636374,11.414634146341463,10.10126582278481,-41.125,5,5,death_plus_v7_gap_mid,0.13192358831937057,0.1500357606457418
1527682,2026,13,2,0,23.363636363636374,11.55,10.05,-41.0,5,5,death_plus_v7_gap_mid,0.12689032987328253,0.14482839009183326
1527682,2026,13,3,0,23.363636363636374,11.692307692307692,10.0,-40.875,5,5,death_plus_v7_gap_mid,0.13318260570771828,0.15133518620736114
1527682,2026,13,4,0,23.363636363636374,11.052631578947368,10.317073170731707,-35.75,5,5,death_plus_v7_gap_mid,0.18335911539773905,0.20223259516802272
1527682,2026,13,5,0,23.363636363636374,11.35135135135135,10.19277108433735,-36.625,5,5,death_plus_v7_gap_mid,0.17272922793307158,0.19158106650707765
1527682,2026,13,6,0,23.363636363636374,11.0,10.357142857142858,-33.5,5,5,death_plus_v7_gap_mid,0.2066741192223045,0.2253865953936691
1527682,2026,14,1,0,23.363636363636374,10.628571428571428,10.51764705882353,-30.375,5,5,death_plus_v7_gap_mid,0.28233309698870096,0.29503701924541614
1527682,2026,14,2,0,23.363636363636374,9.882352941176471,10.813953488372093,-25.25,5,5,death_plus_v7_gap_mid,0.4753736646873339,0.47821386498739504
1527682,2026,14,3,0,23.363636363636374,10.181818181818182,10.689655172413794,-31.900000000000006,6,4,death_plus_v7_gap_mid,0.1783173534887418,0.19311141353045622
1527682,2026,14,4,0,23.363636363636374,9.75,10.840909090909092,-28.599999999999994,6,4,death_plus_v7_gap_mid,0.2612630769728116,0.274662084537998
1527682,2026,14,5,0,23.363636363636374,9.677419354838708,10.853932584269662,-32.724999999999994,7,3,death_plus_v7_gap_mid,0.06685782111214211,0.07791223095702975
1527682,2026,14,6,0,23.363636363636374,10.0,10.733333333333334,-33.25,7,3,death_plus_v7_gap_mid,0.06796795896238991,0.0791124598168363
1527682,2026,15,1,0,23.363636363636374,10.137931034482758,10.68131868131868,-32.775000000000006,7,3,death_plus_v7_gap_mid,0.07257639631399374,0.08199526044832942
1527682,2026,15,2,0,23.363636363636374,10.285714285714285,10.630434782608695,-32.30000000000001,7,3,death_plus_v7_gap_mid,0.07645727872339009,0.08611963816152937
1527682,2026,15,3,0,23.363636363636374,10.444444444444445,10.580645161290322,-31.82499999999999,7,3,death_plus_v7_gap_mid,0.08800349487339479,0.0983134889527354
1527682,2026,15,4,0,23.363636363636374,9.461538461538462,10.851063829787234,-26.350000000000023,7,3,death_plus_v7_gap_mid,0.21861319912167565,0.23097660112847884
1527682,2026,15,5,0,23.363636363636374,9.600000000000001,10.8,-25.875,7,3,death_plus_v7_gap_mid,0.22095724911893633,0.23329600965768096
1527682,2026,15,6,0,23.363636363636374,10.0,10.6875,-26.399999999999977,7,3,death_plus_v7_gap_mid,0.21634165565984267,0.22872740000091474
1527683,2026,7,1,1,-36.5,7.714285714285715,8.093023255813954,-7.909999999999997,1,9,death_plus_v7_gap_mid,0.7505072392187448,0.7134184824530793
1527683,2026,7,2,1,-36.5,7.657894736842106,8.181818181818182,-7.0800000000000125,1,9,death_plus_v7_gap_mid,0.7596743260583685,0.7218598581594914
1527683,2026,7,3,1,-36.5,7.68,8.133333333333333,-7.25,1,9,death_plus_v7_gap_mid,0.7552828662536287,0.717808503807097
1527683,2026,7,4,1,-36.5,7.45945945945946,8.478260869565219,-4.4199999999999875,1,9,death_plus_v7_gap_mid,0.7847238039287212,0.7452559939143916
1527683,2026,7,5,1,-36.5,7.479452054794521,8.425531914893618,-4.590000000000003,1,9,death_plus_v7_gap_mid,0.7851505741907264,0.7456591170556887
1527683,2026,7,6,1,-36.5,7.5,8.375,-4.759999999999991,1,9,death_plus_v7_gap_mid,0.7791494963278034,0.740005086419776
1527683,2026,8,1,1,-36.5,7.436619718309858,8.448979591836736,-3.930000000000007,1,9,death_plus_v7_gap_mid,0.781196638438513,0.7468815758704007
1527683,2026,8,2,1,-36.5,7.199999999999999,8.76,-1.0999999999999943,1,9,death_plus_v7_gap_mid,0.8441804898277451,0.8086066248438482
1527683,2026,8,3,1,-36.5,7.304347826086957,8.588235294117647,-2.2700000000000102,1,9,death_plus_v7_gap_mid,0.8044269543601872,0.769213902083659
1527683,2026,8,4,1,-36.5,7.411764705882353,8.423076923076923,-3.4399999999999977,1,9,death_plus_v7_gap_mid,0.798163893256437,0.7631483714347921
1527683,2026,8,5,1,-36.5,7.343283582089552,8.49056603773585,-2.609999999999985,1,9,death_plus_v7_gap_mid,0.8059276455472109,0.7706724351578091
1527683,2026,8,6,1,-36.5,7.363636363636363,8.444444444444445,-2.779999999999987,1,9,death_plus_v7_gap_mid,0.8038961280390556,0.7686984731397853
1527683,2026,9,1,1,-36.5,7.384615384615385,8.399999999999999,-2.9499999999999886,1,9,death_plus_v7_gap_mid,0.8045539257614247,0.7657363546259998
1527683,2026,9,2,1,-36.5,7.5,8.25,-12.439999999999984,2,8,death_plus_v7_gap_mid,0.711775400350181,0.6812678229249921
1527683,2026,9,3,1,-36.5,7.523809523809524,8.210526315789474,-12.47999999999999,2,8,death_plus_v7_gap_mid,0.7122827535646168,0.681714312835786
1527683,2026,9,4,1,-36.5,7.548387096774194,8.172413793103448,-12.519999999999996,2,8,death_plus_v7_gap_mid,0.7140756803322423,0.6832932435162096
1527683,2026,9,5,1,-36.5,7.573770491803279,8.135593220338983,-12.559999999999988,2,8,death_plus_v7_gap_mid,0.7114688390334389,0.6809981028388143
1527683,2026,9,6,1,-36.5,7.6,8.100000000000001,-12.599999999999994,2,8,death_plus_v7_gap_mid,0.7172208148442337,0.6860671369283918
1527683,2026,10,1,1,-36.5,7.627118644067796,8.065573770491802,-12.64,2,8,death_plus_v7_gap_mid,0.7164748975703087,0.6986921617195582
1527683,2026,10,2,1,-36.5,7.344827586206896,8.322580645161292,-9.679999999999993,2,8,death_plus_v7_gap_mid,0.7501676694107726,0.7294234994991572
1527683,2026,10,3,1,-36.5,7.368421052631579,8.285714285714285,-9.719999999999999,2,8,death_plus_v7_gap_mid,0.7611168241762263,0.739523646684551
1527683,2026,10,4,1,-36.5,7.5,8.15625,-10.760000000000005,2,8,death_plus_v7_gap_mid,0.7476689336392139,0.7271268988578943
1527683,2026,10,5,1,-36.5,7.527272727272727,8.123076923076923,-10.799999999999997,2,8,death_plus_v7_gap_mid,0.7570671884018323,0.7357808976685613
1527683,2026,10,6,1,-36.5,7.555555555555555,8.09090909090909,-10.83999999999999,2,8,death_plus_v7_gap_mid,0.7522662343293558,0.7313546566695389
1527683,2026,11,1,1,-36.5,7.471698113207546,8.149253731343283,-9.88000000000001,2,8,death_plus_v7_gap_mid,0.768171508953555,0.7555893999673441
1527683,2026,11,2,1,-36.5,7.5,8.117647058823529,-9.920000000000002,2,8,death_plus_v7_gap_mid,0.7731591834256077,0.760178205621741
1527683,2026,11,3,1,-36.5,7.529411764705882,8.08695652173913,-9.959999999999994,2,8,death_plus_v7_gap_mid,0.7763917913545219,0.7631582177255789
1527683,2026,11,4,1,-36.5,7.5600000000000005,8.057142857142857,-10.0,2,8,death_plus_v7_gap_mid,0.7745417301508135,0.761452140890179
1527683,2026,11,5,1,-36.5,7.224489795918368,8.28169014084507,-7.040000000000006,2,8,death_plus_v7_gap_mid,0.8305721819803191,0.813926640945505
1527683,2026,11,6,1,-36.5,6.875,8.5,-4.079999999999984,2,8,death_plus_v7_gap_mid,0.9119661033204776,0.8946119221968866
1527683,2026,12,1,1,-36.5,7.0212765957446805,8.383561643835616,-11.230000000000004,3,7,death_plus_v7_gap_mid,0.7777918749061771,0.7619323305642152
1527683,2026,12,2,1,-36.5,7.173913043478261,8.27027027027027,-12.14,3,7,death_plus_v7_gap_mid,0.7642131398946348,0.7491636821457074
1527683,2026,12,3,1,-36.5,7.199999999999999,8.24,-12.050000000000011,3,7,death_plus_v7_gap_mid,0.7651254156805705,0.7500190260925051
1527683,2026,12,4,1,-36.5,7.2272727272727275,8.210526315789474,-11.960000000000008,3,7,death_plus_v7_gap_mid,0.7636180216375035,0.7486058910535403
1527683,2026,12,5,1,-36.5,7.255813953488372,8.181818181818182,-11.870000000000019,3,7,death_plus_v7_gap_mid,0.7619431979724237,0.7470369066439377
1527683,2026,12,6,1,-36.5,7.428571428571429,8.076923076923077,-12.780000000000001,3,7,death_plus_v7_gap_mid,0.7302750228864348,0.7175723898975879
1527683,2026,13,1,1,-36.5,7.609756097560975,7.974683544303797,-19.02000000000001,4,6,death_plus_v7_gap_mid,0.6520123531885249,0.6445045277245898
1527683,2026,13,2,1,-36.5,7.6499999999999995,7.949999999999999,-18.80000000000001,4,6,death_plus_v7_gap_mid,0.6523319729928323,0.6448038210853299
1527683,2026,13,3,1,-36.5,7.846153846153847,7.851851851851852,-19.579999999999984,4,6,death_plus_v7_gap_mid,0.6317905647342712,0.6255978655164367
1527683,2026,13,4,1,-36.5,8.052631578947368,7.7560975609756095,-20.360000000000014,4,6,death_plus_v7_gap_mid,0.6145541077709471,0.6095225254115314
1527683,2026,13,5,1,-36.5,8.108108108108109,7.734939759036145,-20.139999999999986,4,6,death_plus_v7_gap_mid,0.6070711834883987,0.6025534958269646
1527683,2026,13,6,1,-36.5,8.166666666666668,7.714285714285715,-19.920000000000016,4,6,death_plus_v7_gap_mid,0.6087430379400389,0.6041100632458519
1527683,2026,14,1,1,-36.5,8.057142857142857,7.764705882352942,-18.69999999999999,4,6,death_plus_v7_gap_mid,0.6354968012718458,0.6289357332492598
1527683,2026,14,2,1,-36.5,8.294117647058822,7.674418604651163,-19.480000000000018,4,6,death_plus_v7_gap_mid,0.6323310278038625,0.6259398371096099
1527683,2026,14,3,1,-36.5,8.363636363636363,7.655172413793104,-19.25999999999999,4,6,death_plus_v7_gap_mid,0.6321264865727623,0.6257463113540896
1527683,2026,14,4,1,-36.5,8.4375,7.636363636363637,-19.039999999999992,4,6,death_plus_v7_gap_mid,0.6380598034132441,0.6313620633498347
1527683,2026,14,5,1,-36.5,8.516129032258064,7.617977528089888,-18.819999999999993,4,6,death_plus_v7_gap_mid,0.6325548905760916,0.6261516493226659
1527683,2026,14,6,1,-36.5,8.6,7.6,-18.599999999999994,4,6,death_plus_v7_gap_mid,0.650695649025989,0.643335982073459
1527683,2026,15,1,1,-36.5,8.068965517241379,7.780219780219781,-15.379999999999995,4,6,death_plus_v7_gap_mid,0.7432130204933088,0.7352320403242063
1527683,2026,15,2,1,-36.5,7.928571428571429,7.826086956521739,-14.159999999999997,4,6,death_plus_v7_gap_mid,0.7471766425471011,0.7390820934098831
1527683,2026,15,3,1,-36.5,7.333333333333334,8.0,-10.939999999999998,4,6,death_plus_v7_gap_mid,0.8110548274780158,0.8016311668054406
1527683,2026,15,4,1,-36.5,7.153846153846153,8.042553191489361,-9.719999999999999,4,6,death_plus_v7_gap_mid,0.8452274659154926,0.8355813924023535
1527683,2026,15,5,1,-36.5,7.199999999999999,8.021052631578947,-9.5,4,6,death_plus_v7_gap_mid,0.8455574736775746,0.835911321078992
1527683,2026,15,6,1,-36.5,7.25,8.0,-9.280000000000001,4,6,death_plus_v7_gap_mid,0.8413927123948635,0.8317506773453514
1527684,2026,7,1,0,60.349999999999994,12.935064935064936,11.86046511627907,-84.79166666666669,5,5,death_plus_v7_gap_mid,0.009861903397815423,0.020099318964641212
1527684,2026,7,2,0,60.349999999999994,12.789473684210527,12.136363636363637,-81.83333333333334,5,5,death_plus_v7_gap_mid,0.012137118331418655,0.023883728622092232
1527684,2026,7,3,0,60.349999999999994,12.879999999999999,12.0,-81.875,5,5,death_plus_v7_gap_mid,0.010829391579223283,0.02172558138367599
1527684,2026,7,4,0,60.349999999999994,12.72972972972973,12.260869565217392,-78.91666666666666,5,5,death_plus_v7_gap_mid,0.01336015576876174,0.025864917468914138
1527684,2026,7,5,0,60.349999999999994,12.904109589041097,12.0,-79.95833333333331,5,5,death_plus_v7_gap_mid,0.011770273711053388,0.023282676648710258
1527684,2026,7,6,0,60.349999999999994,13.083333333333332,11.75,-81.0,5,5,death_plus_v7_gap_mid,0.011545344034607271,0.02291250325198689
1527684,2026,8,1,0,60.349999999999994,12.929577464788732,12.0,-78.04166666666666,5,5,death_plus_v7_gap_mid,0.013037400122612598,0.023259258645225912
1527684,2026,8,2,0,60.349999999999994,13.028571428571428,11.879999999999999,-78.08333333333331,5,5,death_plus_v7_gap_mid,0.012596246848793506,0.022587074552333154
1527684,2026,8,3,0,60.349999999999994,13.217391304347826,11.647058823529411,-79.125,5,5,death_plus_v7_gap_mid,0.012246894715286533,0.022052179368387666
1527684,2026,8,4,0,60.349999999999994,13.323529411764707,11.538461538461538,-79.16666666666666,5,5,death_plus_v7_gap_mid,0.012454945828553464,0.022371007870583003
1527684,2026,8,5,0,60.349999999999994,13.432835820895521,11.433962264150944,-79.20833333333334,5,5,death_plus_v7_gap_mid,0.012502705038823211,0.022444079850920527
1527684,2026,8,6,0,60.349999999999994,13.272727272727272,11.666666666666666,-76.25,5,5,death_plus_v7_gap_mid,0.01366946216271951,0.024216222012332173
1527684,2026,9,1,0,60.349999999999994,13.384615384615385,11.563636363636363,-76.29166666666669,5,5,death_plus_v7_gap_mid,0.013699467526599354,0.02800058292820374
1527684,2026,9,2,0,60.349999999999994,13.5,11.464285714285715,-76.33333333333334,5,5,death_plus_v7_gap_mid,0.013359607177028023,0.02743012875702427
1527684,2026,9,3,0,60.349999999999994,13.619047619047619,11.368421052631579,-76.375,5,5,death_plus_v7_gap_mid,0.0132865902693028,0.02730721193300746
1527684,2026,9,4,0,60.349999999999994,13.838709677419356,11.172413793103448,-77.41666666666669,5,5,death_plus_v7_gap_mid,0.012828099649426949,0.02653242010941209
1527684,2026,9,5,0,60.349999999999994,14.065573770491804,10.983050847457626,-91.16666666666666,6,4,death_plus_v7_gap_mid,0.007694464223063724,0.017434345804180604
1527684,2026,9,6,0,60.349999999999994,14.2,10.9,-91.0,6,4,death_plus_v7_gap_mid,0.00779656058335205,0.01762453791847221
1527684,2026,10,1,0,60.349999999999994,14.338983050847457,10.819672131147541,-90.83333333333334,6,4,death_plus_v7_gap_mid,0.008094354332581197,0.015246630680207011
1527684,2026,10,2,0,60.349999999999994,14.482758620689655,10.741935483870968,-90.66666666666666,6,4,death_plus_v7_gap_mid,0.00805192353220995,0.01517730779296943
1527684,2026,10,3,0,60.349999999999994,14.315789473684209,10.952380952380953,-87.5,6,4,death_plus_v7_gap_mid,0.007866101327175419,0.014873115277431825
1527684,2026,10,4,0,60.349999999999994,14.464285714285714,10.875,-87.33333333333334,6,4,death_plus_v7_gap_mid,0.007880460827291736,0.014896656986763075
1527684,2026,10,5,0,60.349999999999994,14.727272727272727,10.707692307692309,-88.16666666666666,6,4,death_plus_v7_gap_mid,0.007836257496537947,0.014824168768914143
1527684,2026,10,6,0,60.349999999999994,14.88888888888889,10.636363636363637,-88.0,6,4,death_plus_v7_gap_mid,0.007742064395308857,0.01466951458323653
1527684,2026,11,1,0,60.349999999999994,15.056603773584907,10.567164179104477,-87.83333333333334,6,4,death_plus_v7_gap_mid,0.006174251200343644,0.011708585272803189
1527684,2026,11,2,0,60.349999999999994,14.653846153846155,10.941176470588236,-82.66666666666666,6,4,death_plus_v7_gap_mid,0.008894224015264067,0.016146573360715403
1527684,2026,11,3,0,60.349999999999994,14.235294117647058,11.304347826086957,-77.5,6,4,death_plus_v7_gap_mid,0.010304587340164203,0.018377543186680473
1527684,2026,11,4,0,60.349999999999994,14.04,11.485714285714286,-74.33333333333331,6,4,death_plus_v7_gap_mid,0.010867375230899791,0.019256706869812824
1527684,2026,11,5,0,60.349999999999994,14.204081632653061,11.408450704225352,-74.16666666666666,6,4,death_plus_v7_gap_mid,0.011027594229086108,0.019505921041645353
1527684,2026,11,6,0,60.349999999999994,14.375,11.333333333333332,-74.0,6,4,death_plus_v7_gap_mid,0.011114898548764914,0.01964152437073278
1527684,2026,12,1,0,60.349999999999994,14.680851063829786,11.17808219178082,-74.83333333333331,6,4,death_plus_v7_gap_mid,0.010785269316625852,0.017557765919471037
1527684,2026,12,2,0,60.349999999999994,15.0,11.027027027027028,-75.66666666666666,6,4,death_plus_v7_gap_mid,0.010405040212492646,0.01700408076885998
1527684,2026,12,3,0,60.349999999999994,15.2,10.96,-75.5,6,4,death_plus_v7_gap_mid,0.010242513463056685,0.016766723018045635
1527684,2026,12,4,0,60.349999999999994,15.40909090909091,10.894736842105264,-75.33333333333331,6,4,death_plus_v7_gap_mid,0.008692401580596476,0.014480612197246197
1527684,2026,12,5,0,60.349999999999994,15.767441860465116,10.753246753246753,-76.16666666666669,6,4,death_plus_v7_gap_mid,0.008923159333901618,0.014823632684913369
1527684,2026,12,6,0,60.349999999999994,16.0,10.692307692307693,-76.0,6,4,death_plus_v7_gap_mid,0.008937251571932574,0.014844548631389246
1527684,2026,13,1,0,60.349999999999994,15.804878048780488,10.860759493670887,-72.83333333333331,6,4,death_plus_v7_gap_mid,0.009849676235595026,0.013892349523978378
1527684,2026,13,2,0,60.349999999999994,15.299999999999999,11.175,-67.66666666666669,6,4,death_plus_v7_gap_mid,0.014125026123229203,0.019376633993142697
1527684,2026,13,3,0,60.349999999999994,15.076923076923077,11.333333333333332,-64.5,6,4,death_plus_v7_gap_mid,0.01565020252533944,0.02129818123078397
1527684,2026,13,4,0,60.349999999999994,15.473684210526315,11.195121951219512,-65.33333333333331,6,4,death_plus_v7_gap_mid,0.014704678857657895,0.02010883748648724
1527684,2026,13,5,0,60.349999999999994,15.243243243243242,11.349397590361445,-62.166666666666686,6,4,death_plus_v7_gap_mid,0.0165748372504882,0.022455545467466174
1527684,2026,13,6,0,60.349999999999994,15.666666666666668,11.214285714285715,-63.0,6,4,death_plus_v7_gap_mid,0.013436823926483918,0.018504116949181734
1527684,2026,14,1,0,60.349999999999994,15.942857142857143,11.152941176470588,-62.833333333333314,6,4,death_plus_v7_gap_mid,0.012030175794949471,0.015734220411360512
1527684,2026,14,2,0,60.349999999999994,16.235294117647058,11.093023255813954,-62.666666666666686,6,4,death_plus_v7_gap_mid,0.01126267302028483,0.0147926395448572
1527684,2026,14,3,0,60.349999999999994,16.545454545454547,11.03448275862069,-62.5,6,4,death_plus_v7_gap_mid,0.01056173741775156,0.013928990730725179
1527684,2026,14,4,0,60.349999999999994,16.3125,11.181818181818182,-59.333333333333314,6,4,death_plus_v7_gap_mid,0.012265242735062389,0.016021789638811804
1527684,2026,14,5,0,60.349999999999994,16.838709677419356,11.0561797752809,-60.16666666666666,6,4,death_plus_v7_gap_mid,0.010692194920075865,0.014090013199047052
1527684,2026,14,6,0,60.349999999999994,17.2,11.0,-60.0,6,4,death_plus_v7_gap_mid,0.010188946554782976,0.013468126098349088
1527684,2026,15,1,0,60.349999999999994,17.793103448275865,10.87912087912088,-66.875,7,3,death_plus_v7_gap_mid,0.00596840303634396,0.007694041133880597
1527684,2026,15,2,0,60.349999999999994,18.214285714285715,10.826086956521738,-66.5,7,3,death_plus_v7_gap_mid,0.005801893559044962,0.0074899197170473
1527684,2026,15,3,0,60.349999999999994,18.0,10.96774193548387,-63.125,7,3,death_plus_v7_gap_mid,0.005952144320002394,0.0076741227686789
1527684,2026,15,4,0,60.349999999999994,17.538461538461537,11.170212765957446,-58.75,7,3,death_plus_v7_gap_mid,0.006954287354303974,0.008896915468928943
1527684,2026,15,5,0,60.349999999999994,18.0,11.11578947368421,-58.375,7,3,death_plus_v7_gap_mid,0.006658741454698914,0.008537299926260771
1527684,2026,15,6,0,60.349999999999994,18.5,11.0625,-58.0,7,3,death_plus_v7_gap_mid,0.006404141501504906,0.00822684978045935
1527684,2026,15,7,0,60.349999999999994,19.043478260869563,11.010309278350515,-57.625,7,3,death_plus_v7_gap_mid,0.005866275433602476,0.007568879486077608
1527686,2026,7,1,0,-16.666666666666657,5.6103896103896105,11.023255813953488,-22.875,5,5,death_plus_v7_gap_mid,0.4939698044189763,0.49157069732983666
1527686,2026,7,2,0,-16.666666666666657,5.605263157894737,10.909090909090908,-22.5,5,5,death_plus_v7_gap_mid,0.5011004691982437,0.49756242514021254
1527686,2026,7,3,0,-16.666666666666657,5.2,11.466666666666667,-17.125,5,5,death_plus_v7_gap_mid,0.5135869910310544,0.508057577234356
1527686,2026,7,4,0,-16.666666666666657,5.1891891891891895,11.347826086956522,-16.75,5,5,death_plus_v7_gap_mid,0.5264505727210059,0.5188771777436554
1527686,2026,7,5,0,-16.666666666666657,4.767123287671232,11.872340425531915,-11.375,5,5,death_plus_v7_gap_mid,0.5657418725135899,0.5520166835614932
1527686,2026,7,6,0,-16.666666666666657,4.833333333333334,11.625,-21.0,6,4,death_plus_v7_gap_mid,0.4050958985750729,0.4166899397122208
1527686,2026,7,7,0,-16.666666666666657,4.816901408450704,11.510204081632653,-20.5,6,4,death_plus_v7_gap_mid,0.36045700876278997,0.3786479793339019
1527686,2026,8,1,0,-16.666666666666657,4.47887323943662,12.0,-16.5,6,4,death_plus_v7_gap_mid,0.4054199042488322,0.41509414917743437
1527686,2026,8,2,0,-16.666666666666657,4.457142857142857,11.879999999999999,-15.999999999999986,6,4,death_plus_v7_gap_mid,0.4261024105057089,0.4329940211373634
1527686,2026,8,3,0,-16.666666666666657,4.521739130434783,11.647058823529411,-16.5,6,4,death_plus_v7_gap_mid,0.450760453956904,0.45427178768038884
1527686,2026,8,4,0,-16.666666666666657,4.235294117647059,11.884615384615385,-13.0,6,4,death_plus_v7_gap_mid,0.47114148343414186,0.4718260460554212
1527686,2026,8,5,0,-16.666666666666657,4.298507462686567,11.660377358490566,-21.875,7,3,death_plus_v7_gap_mid,0.19513334328319473,0.22565988180585375
1527686,2026,8,6,0,-16.666666666666657,4.0,11.88888888888889,-18.25,7,3,death_plus_v7_gap_mid,0.2311865755437682,0.25968451507071655
1527686,2026,9,1,0,-16.666666666666657,4.061538461538461,11.672727272727274,-18.625,7,3,death_plus_v7_gap_mid,0.2464741528291724,0.28476979417368736
1527686,2026,9,2,0,-16.666666666666657,4.03125,11.571428571428571,-18.0,7,3,death_plus_v7_gap_mid,0.2510114531222862,0.288898836765179
1527686,2026,9,3,0,-16.666666666666657,4.095238095238095,11.368421052631579,-18.375,7,3,death_plus_v7_gap_mid,0.26162689495326913,0.2985027623509346
1527686,2026,9,4,0,-16.666666666666657,3.967741935483871,11.379310344827587,-16.75,7,3,death_plus_v7_gap_mid,0.3033670270714034,0.3355901724778184
1527686,2026,9,5,0,-16.666666666666657,3.9344262295081966,11.288135593220339,-16.125,7,3,death_plus_v7_gap_mid,0.33536783717398155,0.3634207128618683
1527686,2026,9,6,0,-16.666666666666657,4.0,11.100000000000001,-24.0,8,2,death_plus_v7_gap_mid,0.12900404140740426,0.1708572375824609
1527686,2026,9,7,0,-16.666666666666657,3.9661016949152543,11.01639344262295,-23.25,8,2,death_plus_v7_gap_mid,0.12105760444618296,0.16246958521077615
1527686,2026,9,8,0,-16.666666666666657,3.6206896551724137,11.225806451612902,-19.5,8,2,death_plus_v7_gap_mid,0.20108261054956664,0.24254855846464976
1527686,2026,10,1,0,-16.666666666666657,3.559322033898305,11.40983606557377,-26.625,9,1,death_plus_v7_gap_mid,0.0590869712646269,0.08425782099505957
1527686,2026,10,2,0,-16.666666666666657,3.6206896551724137,11.225806451612902,-26.75,9,1,death_plus_v7_gap_mid,0.06067752036167568,0.08618144153348267
1527686,2026,10,3,0,-16.666666666666657,3.578947368421052,11.142857142857142,-25.875,9,1,death_plus_v7_gap_mid,0.06523303519120197,0.09164548618614655
1527686,2026,10,4,0,-16.666666666666657,3.2142857142857144,11.34375,-22.0,9,1,death_plus_v7_gap_mid,0.07632542498700934,0.10469339183862889
1527686,2026,10,5,0,-16.666666666666657,3.163636363636363,11.26153846153846,-21.125,9,1,death_plus_v7_gap_mid,0.07827169049213478,0.10694846727799019
1527686,2026,10,6,0,-16.666666666666657,3.1111111111111107,11.181818181818182,-20.25,9,1,death_plus_v7_gap_mid,0.0786309405114548,0.1073636696890819
1527687,2026,7,1,0,10.782608695652186,10.831168831168831,10.046511627906977,-3.249999999999986,0,10,death_plus_v7_gap_mid,0.41199123750122346,0.42253008113822105
1527687,2026,7,2,0,10.782608695652186,10.894736842105264,9.954545454545455,-4.0,0,10,death_plus_v7_gap_mid,0.4104536421170974,0.42122846929199365
1527687,2026,7,3,0,10.782608695652186,10.96,9.866666666666667,-4.75,0,10,death_plus_v7_gap_mid,0.39227131261445314,0.40580520904256684
1527687,2026,7,4,0,10.782608695652186,11.108108108108109,9.652173913043478,-6.5,0,10,death_plus_v7_gap_mid,0.3882332675103309,0.40237124883143105
1527687,2026,7,5,0,10.782608695652186,11.17808219178082,9.574468085106382,-7.250000000000014,0,10,death_plus_v7_gap_mid,0.3718492119744984,0.38840099169048853
1527687,2026,7,6,0,10.782608695652186,11.25,9.5,-8.0,0,10,death_plus_v7_gap_mid,0.36305291909256476,0.38087343081678576
1527687,2026,8,1,0,10.782608695652186,11.408450704225352,9.306122448979592,-22.17500000000001,1,9,death_plus_v7_gap_mid,0.2634379149321373,0.2893959944666812
1527687,2026,8,2,0,10.782608695652186,11.485714285714286,9.24,-22.75,1,9,death_plus_v7_gap_mid,0.27967696957377486,0.30414334702139567
1527687,2026,8,3,0,10.782608695652186,11.304347826086957,9.529411764705882,-20.325000000000003,1,9,death_plus_v7_gap_mid,0.3139996735136485,0.3349259856094067
1527687,2026,8,4,0,10.782608695652186,10.941176470588236,10.038461538461538,-15.899999999999991,1,9,death_plus_v7_gap_mid,0.3858566695347464,0.39810231455694844
1527687,2026,8,5,0,10.782608695652186,10.567164179104477,10.528301886792454,-11.474999999999994,1,9,death_plus_v7_gap_mid,0.441580907937156,0.44635699680451013
1527687,2026,8,6,0,10.782608695652186,10.363636363636363,10.777777777777779,-9.049999999999983,1,9,death_plus_v7_gap_mid,0.461963724174128,0.4639237590227833
1527687,2026,9,1,0,10.782608695652186,10.523076923076923,10.581818181818182,-10.624999999999986,1,9,death_plus_v7_gap_mid,0.4554177827179963,0.4649163477227013
1527687,2026,9,2,0,10.782608695652186,10.6875,10.392857142857142,-12.200000000000003,1,9,death_plus_v7_gap_mid,0.45131453310507796,0.4614939487944476
1527687,2026,9,3,0,10.782608695652186,10.857142857142858,10.210526315789473,-13.774999999999991,1,9,death_plus_v7_gap_mid,0.4445930866420427,0.4558836342282281
1527687,2026,9,4,0,10.782608695652186,10.64516129032258,10.448275862068966,-11.34999999999998,1,9,death_plus_v7_gap_mid,0.4692785989361619,0.476465189572193
1527687,2026,9,5,0,10.782608695652186,10.819672131147541,10.271186440677967,-23.59999999999998,2,8,death_plus_v7_gap_mid,0.28538228417213046,0.31973221335875823
1527687,2026,9,6,0,10.782608695652186,11.0,10.1,-35.5,3,7,death_plus_v7_gap_mid,0.14878579879782028,0.1912563940907887
1527687,2026,10,1,0,10.782608695652186,10.576271186440678,10.524590163934427,-30.725000000000023,3,7,death_plus_v7_gap_mid,0.22471276832969844,0.2592013212099745
1527687,2026,10,2,0,10.782608695652186,10.655172413793103,10.451612903225806,-30.94999999999999,3,7,death_plus_v7_gap_mid,0.22509116510062704,0.259565506365678
1527687,2026,10,3,0,10.782608695652186,10.736842105263158,10.380952380952381,-31.174999999999983,3,7,death_plus_v7_gap_mid,0.21159237255280924,0.2465083381975153
1527687,2026,10,4,0,10.782608695652186,10.821428571428571,10.3125,-31.400000000000006,3,7,death_plus_v7_gap_mid,0.21993673655989499,0.25459574268594726
1527687,2026,10,5,0,10.782608695652186,10.8,10.338461538461539,-30.625,3,7,death_plus_v7_gap_mid,0.21313879643441033,0.24801116120166092
1527687,2026,10,6,0,10.782608695652186,11.0,10.181818181818182,-31.850000000000023,3,7,death_plus_v7_gap_mid,0.2147270469177539,0.2495527061461387
1527687,2026,11,1,0,10.782608695652186,11.09433962264151,10.119402985074627,-32.07500000000002,3,7,death_plus_v7_gap_mid,0.21963905549576856,0.25799649874006697
1527687,2026,11,2,0,10.782608695652186,11.307692307692307,9.970588235294118,-33.30000000000001,3,7,death_plus_v7_gap_mid,0.19880489862633421,0.23720378324780853
1527687,2026,11,3,0,10.782608695652186,11.411764705882351,9.91304347826087,-33.525000000000006,3,7,death_plus_v7_gap_mid,0.1905067582966443,0.22882033283673678
1527687,2026,11,4,0,10.782608695652186,11.52,9.857142857142858,-33.74999999999997,3,7,death_plus_v7_gap_mid,0.1823443997581779,0.22051293503588806
1527687,2026,11,5,0,10.782608695652186,11.63265306122449,9.802816901408452,-33.974999999999994,3,7,death_plus_v7_gap_mid,0.17614680813351719,0.21416270718050345
1527687,2026,11,6,0,10.782608695652186,11.75,9.75,-34.19999999999999,3,7,death_plus_v7_gap_mid,0.1860179069232177,0.22425942595845347
1527687,2026,11,7,0,10.782608695652186,11.872340425531915,9.698630136986301,-34.42500000000001,3,7,death_plus_v7_gap_mid,0.18683081423460488,0.2250867654877857
1527687,2026,12,1,0,10.782608695652186,11.74468085106383,9.78082191780822,-33.42500000000001,3,7,death_plus_v7_gap_mid,0.2057415593398203,0.23559147634798575
1527687,2026,12,2,0,10.782608695652186,11.478260869565219,9.972972972972972,-30.650000000000006,3,7,death_plus_v7_gap_mid,0.22807660612394812,0.2575528096295062
1527687,2026,12,3,0,10.782608695652186,11.733333333333333,9.84,-31.875,3,7,death_plus_v7_gap_mid,0.2178328003224767,0.24752001865659679
1527687,2026,12,4,0,10.782608695652186,11.727272727272727,9.868421052631579,-31.100000000000023,3,7,death_plus_v7_gap_mid,0.23650504370684788,0.2657603191096575
1527687,2026,12,5,0,10.782608695652186,11.86046511627907,9.818181818181818,-31.325000000000017,3,7,death_plus_v7_gap_mid,0.22862789538347192,0.2580909257595498
1527687,2026,12,6,0,10.782608695652186,11.571428571428571,10.0,-28.55000000000001,3,7,death_plus_v7_gap_mid,0.2919850916120592,0.3188614019790523
1527687,2026,13,1,0,10.782608695652186,11.707317073170731,9.949367088607595,-28.775000000000006,3,7,death_plus_v7_gap_mid,0.26947041712120506,0.286579104385812
1527687,2026,13,2,0,10.782608695652186,11.850000000000001,9.899999999999999,-29.0,3,7,death_plus_v7_gap_mid,0.2810862458041977,0.29774479719723385
1527687,2026,13,3,0,10.782608695652186,12.0,9.851851851851851,-29.224999999999994,3,7,death_plus_v7_gap_mid,0.2681436005274108,0.28530101843060784
1527687,2026,13,4,0,10.782608695652186,12.315789473684212,9.731707317073171,-30.44999999999999,3,7,death_plus_v7_gap_mid,0.2516714433672707,0.26938522060206516
1527687,2026,13,5,0,10.782608695652186,12.486486486486488,9.686746987951807,-30.67500000000001,3,7,death_plus_v7_gap_mid,0.24807566152799912,0.26589840360173905
1527687,2026,13,6,0,10.782608695652186,12.833333333333332,9.571428571428573,-38.20000000000002,4,6,death_plus_v7_gap_mid,0.13689407287752942,0.155158647808287
1527687,2026,14,1,0,10.782608695652186,13.028571428571428,9.529411764705882,-38.25,4,6,death_plus_v7_gap_mid,0.16642173503912652,0.18119327714266442
1527687,2026,14,2,0,10.782608695652186,12.705882352941178,9.69767441860465,-35.30000000000001,4,6,death_plus_v7_gap_mid,0.18877387193926407,0.20353434322837904
1527687,2026,14,3,0,10.782608695652186,12.909090909090908,9.655172413793103,-35.349999999999994,4,6,death_plus_v7_gap_mid,0.17727587695375976,0.1920706137701239
1527687,2026,14,4,0,10.782608695652186,13.125,9.613636363636363,-35.400000000000006,4,6,death_plus_v7_gap_mid,0.16110205519422957,0.1758412633812203
1527687,2026,14,5,0,10.782608695652186,13.354838709677418,9.573033707865168,-35.44999999999999,4,6,death_plus_v7_gap_mid,0.17115814357496303,0.18594670582214426
1527687,2026,14,6,0,10.782608695652186,13.799999999999999,9.466666666666667,-36.5,4,6,death_plus_v7_gap_mid,0.14330281124894084,0.1578251662317376
1527687,2026,14,7,0,10.782608695652186,14.275862068965518,9.362637362637363,-37.54999999999998,4,6,death_plus_v7_gap_mid,0.13007790427380073,0.14432054171667383
1527687,2026,15,1,0,10.782608695652186,13.448275862068964,9.626373626373628,-33.54999999999998,4,6,death_plus_v7_gap_mid,0.20149009097771534,0.21398316606272372
1527687,2026,15,2,0,10.782608695652186,13.714285714285714,9.58695652173913,-33.599999999999994,4,6,death_plus_v7_gap_mid,0.1935292557203061,0.20605077073393693
1527687,2026,15,3,0,10.782608695652186,14.0,9.548387096774192,-33.650000000000006,4,6,death_plus_v7_gap_mid,0.17522110130434237,0.18772422677426406
1527687,2026,15,4,0,10.782608695652186,13.384615384615385,9.76595744680851,-29.69999999999999,4,6,death_plus_v7_gap_mid,0.24533542699781252,0.2573275986985699
1527687,2026,15,5,0,10.782608695652186,12.96,9.91578947368421,-26.75,4,6,death_plus_v7_gap_mid,0.31567847708272473,0.3258993494366111
1527687,2026,15,6,0,10.782608695652186,13.25,9.875,-26.80000000000001,4,6,death_plus_v7_gap_mid,0.31576725407211903,0.32598528948025707
1527687,2026,15,7,0,10.782608695652186,13.826086956521738,9.77319587628866,-27.849999999999994,4,6,death_plus_v7_gap_mid,0.26242025208379327,0.274079199871023
1527688,2026,7,1,1,-16.86956521739131,8.805194805194805,9.627906976744185,-19.086666666666645,2,8,death_plus_v7_gap_mid,0.687272584516885,0.6566141781739787
1527688,2026,7,2,1,-16.86956521739131,8.921052631578949,9.409090909090908,-20.293333333333322,2,8,death_plus_v7_gap_mid,0.6904504669357787,0.6594180360560719
1527688,2026,7,3,1,-16.86956521739131,8.96,9.333333333333334,-20.5,2,8,death_plus_v7_gap_mid,0.6942544794769747,0.6627805381095891
1527688,2026,7,4,1,-16.86956521739131,9.0,9.26086956521739,-20.70666666666665,2,8,death_plus_v7_gap_mid,0.6925723002701122,0.661292755708801
1527688,2026,7,5,1,-16.86956521739131,9.04109589041096,9.191489361702128,-20.913333333333355,2,8,death_plus_v7_gap_mid,0.6835884661412942,0.6533694315319011
1527688,2026,7,6,1,-16.86956521739131,9.166666666666666,9.0,-22.120000000000005,2,8,death_plus_v7_gap_mid,0.6791626465838239,0.6494794141422986
1527688,2026,8,1,1,-16.86956521739131,9.211267605633802,8.938775510204081,-22.326666666666654,2,8,death_plus_v7_gap_mid,0.6794008255687708,0.6531849703065669
1527688,2026,8,2,1,-16.86956521739131,9.342857142857143,8.76,-34.09166666666667,3,7,death_plus_v7_gap_mid,0.49582259000708157,0.49306767724945044
1527688,2026,8,3,1,-16.86956521739131,9.391304347826088,8.705882352941176,-34.14750000000001,3,7,death_plus_v7_gap_mid,0.5088618879319968,0.5042911876274947
1527688,2026,8,4,1,-16.86956521739131,9.441176470588236,8.653846153846153,-34.20333333333335,3,7,death_plus_v7_gap_mid,0.5075496682429154,0.5031614928968866
1527688,2026,8,5,1,-16.86956521739131,9.492537313432836,8.60377358490566,-34.25916666666666,3,7,death_plus_v7_gap_mid,0.5268580209640001,0.5197920417804568
1527688,2026,8,6,1,-16.86956521739131,9.09090909090909,9.11111111111111,-29.314999999999998,3,7,death_plus_v7_gap_mid,0.5984158291961885,0.5817510199937652
1527688,2026,8,7,1,-16.86956521739131,9.138461538461538,9.054545454545455,-29.370833333333337,3,7,death_plus_v7_gap_mid,0.5921417699006808,0.5762872669782096
1527688,2026,8,8,1,-16.86956521739131,9.1875,9.0,-29.426666666666677,3,7,death_plus_v7_gap_mid,0.5932680299392631,0.5772675009413045
1527688,2026,9,1,1,-16.86956521739131,9.046153846153846,9.163636363636364,-28.370833333333337,3,7,death_plus_v7_gap_mid,0.6107566999557726,0.5944950496181866
1527688,2026,9,2,1,-16.86956521739131,9.1875,9.0,-29.426666666666677,3,7,death_plus_v7_gap_mid,0.6040642969317744,0.5888584368084551
1527688,2026,9,3,1,-16.86956521739131,9.333333333333334,8.842105263157894,-30.482500000000016,3,7,death_plus_v7_gap_mid,0.590771335088347,0.5776901115753292
1527688,2026,9,4,1,-16.86956521739131,9.387096774193548,8.793103448275861,-30.538333333333327,3,7,death_plus_v7_gap_mid,0.5847182890118641,0.5726154997197738
1527688,2026,9,5,1,-16.86956521739131,9.540983606557377,8.64406779661017,-31.59416666666668,3,7,death_plus_v7_gap_mid,0.5826690095326766,0.5708988925947619
1527688,2026,9,6,1,-16.86956521739131,9.7,8.5,-32.650000000000006,3,7,death_plus_v7_gap_mid,0.5904885543645637,0.5774528960971855
1527688,2026,10,1,1,-16.86956521739131,9.864406779661017,8.360655737704917,-33.705833333333345,3,7,death_plus_v7_gap_mid,0.5838299578105373,0.5810504634474354
1527688,2026,10,2,1,-16.86956521739131,10.034482758620689,8.225806451612902,-34.761666666666656,3,7,death_plus_v7_gap_mid,0.5752692316527771,0.5735630969122618
1527688,2026,10,3,1,-16.86956521739131,10.105263157894736,8.19047619047619,-34.817499999999995,3,7,death_plus_v7_gap_mid,0.5747512501322578,0.5731102574012096
1527688,2026,10,4,1,-16.86956521739131,10.071428571428571,8.25,-33.873333333333335,3,7,death_plus_v7_gap_mid,0.575793491648582,0.5740214468613787
1527688,2026,10,5,1,-16.86956521739131,10.254545454545454,8.123076923076923,-34.929166666666674,3,7,death_plus_v7_gap_mid,0.5690661725973345,0.56814146438741
1527688,2026,10,6,1,-16.86956521739131,10.444444444444445,8.0,-35.985000000000014,3,7,death_plus_v7_gap_mid,0.5668002399174586,0.5661616563786926
1527688,2026,10,7,1,-16.86956521739131,10.415094339622641,8.059701492537314,-35.04083333333335,3,7,death_plus_v7_gap_mid,0.5727366398064505,0.5713492037167344
1527688,2026,11,1,1,-16.86956521739131,10.415094339622641,8.059701492537314,-35.04083333333335,3,7,death_plus_v7_gap_mid,0.5705811517166477,0.5790540116057135
1527688,2026,11,2,1,-16.86956521739131,10.153846153846153,8.294117647058822,-32.096666666666664,3,7,death_plus_v7_gap_mid,0.6034903221166213,0.6080770973821851
1527688,2026,11,3,1,-16.86956521739131,10.235294117647058,8.26086956521739,-32.1525,3,7,death_plus_v7_gap_mid,0.6000072887729573,0.6050034579350715
1527688,2026,11,4,1,-16.86956521739131,10.44,8.142857142857142,-40.75,4,6,death_plus_v7_gap_mid,0.4942766646056872,0.5116827541042723
1527688,2026,11,5,1,-16.86956521739131,10.653061224489797,8.028169014084508,-41.655,4,6,death_plus_v7_gap_mid,0.5016713422880688,0.5182298174328186
1527688,2026,11,6,1,-16.86956521739131,10.75,8.0,-41.56,4,6,death_plus_v7_gap_mid,0.49665941322101514,0.5137930306378576
1527688,2026,12,1,1,-16.86956521739131,10.851063829787234,7.972602739726027,-41.465,4,6,death_plus_v7_gap_mid,0.48476480733560234,0.4955937179072345
1527688,2026,12,2,1,-16.86956521739131,11.08695652173913,7.864864864864865,-42.370000000000005,4,6,death_plus_v7_gap_mid,0.48444429573901804,0.4953053727653871
1527688,2026,12,3,1,-16.86956521739131,10.8,8.08,-39.275000000000006,4,6,death_plus_v7_gap_mid,0.5171894331405889,0.5247290002789883
1527688,2026,12,4,1,-16.86956521739131,10.909090909090908,8.052631578947368,-39.18000000000001,4,6,death_plus_v7_gap_mid,0.5163380326879112,0.5239646642863754
1527688,2026,12,5,1,-16.86956521739131,11.023255813953488,8.025974025974026,-39.08500000000001,4,6,death_plus_v7_gap_mid,0.5101928847066182,0.518447064262916
1527688,2026,12,6,1,-16.86956521739131,11.142857142857142,8.0,-38.99000000000001,4,6,death_plus_v7_gap_mid,0.5006776224038696,0.5098999721440464
1527688,2026,12,7,1,-16.86956521739131,11.414634146341463,7.898734177215189,-46.07916666666665,5,5,death_plus_v7_gap_mid,0.3757556995668655,0.39673311922850873
1527688,2026,12,8,1,-16.86956521739131,11.7,7.800000000000001,-46.83333333333334,5,5,death_plus_v7_gap_mid,0.3666200150138301,0.38834384838516445
1527688,2026,13,1,1,-16.86956521739131,10.829268292682928,8.20253164556962,-42.07916666666665,5,5,death_plus_v7_gap_mid,0.4434357352238238,0.45066748690589875
1527688,2026,13,2,1,-16.86956521739131,10.5,8.399999999999999,-38.83333333333334,5,5,death_plus_v7_gap_mid,0.4933165679798317,0.496985237355952
1527688,2026,13,3,1,-16.86956521739131,10.76923076923077,8.296296296296296,-39.587500000000006,5,5,death_plus_v7_gap_mid,0.48529573842235463,0.4895455876555124
1527688,2026,13,4,1,-16.86956521739131,10.736842105263158,8.341463414634145,-38.34166666666667,5,5,death_plus_v7_gap_mid,0.4947066788219935,0.49827441862293803
1527688,2026,13,5,1,-16.86956521739131,10.378378378378379,8.53012048192771,-35.09583333333333,5,5,death_plus_v7_gap_mid,0.5333803450574668,0.5341289582429519
1527688,2026,13,6,1,-16.86956521739131,10.5,8.5,-34.849999999999994,5,5,death_plus_v7_gap_mid,0.5250368700412424,0.5263941204674999
1527688,2026,14,1,1,-16.86956521739131,10.8,8.399999999999999,-35.60416666666666,5,5,death_plus_v7_gap_mid,0.5179769903884792,0.5182432402473065
1527688,2026,14,2,1,-16.86956521739131,11.117647058823529,8.30232558139535,-36.35833333333335,5,5,death_plus_v7_gap_mid,0.5125247064847516,0.5131211591967197
1527688,2026,14,3,1,-16.86956521739131,10.363636363636363,8.620689655172413,-31.11250000000001,5,5,death_plus_v7_gap_mid,0.5823236288499238,0.578746409340079
1527688,2026,14,4,1,-16.86956521739131,10.6875,8.522727272727273,-36.69333333333333,6,4,death_plus_v7_gap_mid,0.3990066247728489,0.4062716977913974
1527688,2026,14,5,1,-16.86956521739131,10.838709677419354,8.49438202247191,-36.29666666666665,6,4,death_plus_v7_gap_mid,0.41021959406270614,0.41686209977427563
1527688,2026,14,6,1,-16.86956521739131,11.0,8.466666666666667,-35.900000000000006,6,4,death_plus_v7_gap_mid,0.4115473360944076,0.41811533798952943
1527688,2026,15,1,1,-16.86956521739131,11.379310344827587,8.373626373626372,-36.50333333333333,6,4,death_plus_v7_gap_mid,0.39037316488054963,0.397808915810121
1527688,2026,15,2,1,-16.86956521739131,11.785714285714285,8.282608695652174,-37.106666666666655,6,4,death_plus_v7_gap_mid,0.373133194564795,0.3812739445788778
1527688,2026,15,3,1,-16.86956521739131,12.222222222222223,8.193548387096774,-37.71000000000001,6,4,death_plus_v7_gap_mid,0.351199333872245,0.3601875867692605
1527688,2026,15,4,1,-16.86956521739131,12.461538461538463,8.170212765957446,-37.31333333333333,6,4,death_plus_v7_gap_mid,0.339267704338372,0.3486907475238137
1527688,2026,15,5,1,-16.86956521739131,12.96,8.08421052631579,-37.91666666666666,6,4,death_plus_v7_gap_mid,0.31618510947088985,0.3263897743294057
1527688,2026,15,6,1,-16.86956521739131,13.5,8.0,-42.139999999999986,7,3,death_plus_v7_gap_mid,0.14385612801947048,0.15602010892332244
1527689,2026,7,1,1,36.71428571428572,6.779220779220779,16.046511627906977,30.0775,1,9,death_plus_v7_gap_mid,0.9657821791298591,0.9423226597079596
1527689,2026,7,2,1,36.71428571428572,6.789473684210526,15.818181818181817,29.569999999999993,1,9,death_plus_v7_gap_mid,0.9677886950529241,0.9451120222073115
1527689,2026,7,3,1,36.71428571428572,6.880000000000001,15.466666666666669,28.0625,1,9,death_plus_v7_gap_mid,0.9701461255832062,0.9484326810304219
1527689,2026,7,4,1,36.71428571428572,6.486486486486487,15.913043478260867,32.55500000000001,1,9,death_plus_v7_gap_mid,0.9742752834979607,0.9543744588332174
1527689,2026,7,5,1,36.71428571428572,6.082191780821918,16.340425531914892,37.0475,1,9,death_plus_v7_gap_mid,0.9770794446147144,0.9585126973175696
1527689,2026,7,6,1,36.71428571428572,6.083333333333333,16.125,36.540000000000006,1,9,death_plus_v7_gap_mid,0.9797607580868526,0.9625596483893653
1527689,2026,8,1,1,36.71428571428572,6.169014084507042,15.795918367346939,23.140000000000015,2,8,death_plus_v7_gap_mid,0.9752646766880202,0.9588829084583024
1527689,2026,8,2,1,36.71428571428572,6.257142857142858,15.48,10.075000000000003,3,7,death_plus_v7_gap_mid,0.9306364779873357,0.9021651041972701
1527689,2026,8,3,1,36.71428571428572,6.260869565217391,15.294117647058822,9.90249999999999,3,7,death_plus_v7_gap_mid,0.939492659082964,0.9127145597984243
1527689,2026,8,4,1,36.71428571428572,6.264705882352942,15.115384615384615,9.72999999999999,3,7,death_plus_v7_gap_mid,0.9449401308609693,0.9193404408828749
1527689,2026,8,5,1,36.71428571428572,6.35820895522388,14.830188679245284,8.557500000000005,3,7,death_plus_v7_gap_mid,0.9499901282288676,0.9255877695743079
1527689,2026,8,6,1,36.71428571428572,6.363636363636363,14.666666666666668,8.385000000000005,3,7,death_plus_v7_gap_mid,0.9571083686999309,0.9345875061396371
1527689,2026,9,1,1,36.71428571428572,6.36923076923077,14.509090909090908,8.212499999999991,3,7,death_plus_v7_gap_mid,0.9606916493554016,0.9349380534532403
1527689,2026,9,2,1,36.71428571428572,6.46875,14.25,7.039999999999992,3,7,death_plus_v7_gap_mid,0.967260856380922,0.9438968307126806
1527689,2026,9,3,1,36.71428571428572,6.476190476190476,14.105263157894738,6.867499999999993,3,7,death_plus_v7_gap_mid,0.9683602266953244,0.9454304172058319
1527689,2026,9,4,1,36.71428571428572,6.580645161290322,13.862068965517242,-4.689999999999998,4,6,death_plus_v7_gap_mid,0.8825442692834072,0.843516610789021
1527689,2026,9,5,1,36.71428571428572,6.491803278688526,13.830508474576272,-3.6950000000000216,4,6,death_plus_v7_gap_mid,0.878824810270572,0.8395928514641207
1527689,2026,9,6,1,36.71428571428572,6.5,13.7,-3.6999999999999886,4,6,death_plus_v7_gap_mid,0.8846563564783382,0.8457568399185488
1527689,2026,10,1,1,36.71428571428572,6.40677966101695,13.672131147540984,-2.7050000000000125,4,6,death_plus_v7_gap_mid,0.9015220723785669,0.8771015207311086
1527689,2026,10,2,1,36.71428571428572,6.517241379310345,13.451612903225804,-3.7099999999999795,4,6,death_plus_v7_gap_mid,0.9092250702351636,0.8853225418718573
1527689,2026,10,3,1,36.71428571428572,6.631578947368421,13.238095238095239,-4.715000000000003,4,6,death_plus_v7_gap_mid,0.91647640295528,0.8931640813471474
1527689,2026,10,4,1,36.71428571428572,6.642857142857143,13.125,-4.719999999999999,4,6,death_plus_v7_gap_mid,0.9253360504771523,0.902894597826479
1527689,2026,10,5,1,36.71428571428572,6.763636363636364,12.923076923076923,-5.725000000000023,4,6,death_plus_v7_gap_mid,0.9127450072840115,0.8891159609476367
1527689,2026,10,6,1,36.71428571428572,6.777777777777777,12.818181818181817,-5.72999999999999,4,6,death_plus_v7_gap_mid,0.9140109237918954,0.8904861723852612
1527689,2026,11,1,1,36.71428571428572,6.7924528301886795,12.71641791044776,-5.735000000000014,4,6,death_plus_v7_gap_mid,0.9183250071329672,0.9012628980364521
1527689,2026,11,2,1,36.71428571428572,6.9230769230769225,12.529411764705884,-6.740000000000009,4,6,death_plus_v7_gap_mid,0.910728106880043,0.893324831570849
1527689,2026,11,3,1,36.71428571428572,7.0588235294117645,12.34782608695652,-7.7450000000000045,4,6,death_plus_v7_gap_mid,0.9089937748096126,0.8915258092401529
1527689,2026,11,4,1,36.71428571428572,6.959999999999999,12.342857142857142,-6.75,4,6,death_plus_v7_gap_mid,0.9231188960591504,0.9063237020626966
1527689,2026,11,5,1,36.71428571428572,7.1020408163265305,12.169014084507042,-7.7549999999999955,4,6,death_plus_v7_gap_mid,0.9215306066127362,0.9046423288403341
1527689,2026,11,6,1,36.71428571428572,7.125,12.083333333333332,-7.759999999999991,4,6,death_plus_v7_gap_mid,0.9237593998841374,0.9070030818557876
1527689,2026,12,1,1,36.71428571428572,6.76595744680851,12.246575342465754,-4.765000000000015,4,6,death_plus_v7_gap_mid,0.9565956763359047,0.9435975954258078
1527689,2026,12,2,1,36.71428571428572,6.782608695652174,12.162162162162163,-4.77000000000001,4,6,death_plus_v7_gap_mid,0.9563458787617228,0.9433098865460565
1527689,2026,12,3,1,36.71428571428572,6.666666666666667,12.16,-3.7750000000000057,4,6,death_plus_v7_gap_mid,0.9601796244749612,0.9477481529569401
1527689,2026,12,4,1,36.71428571428572,6.681818181818182,12.078947368421051,-3.780000000000001,4,6,death_plus_v7_gap_mid,0.9616830540074701,0.9495024795794145
1527689,2026,12,5,1,36.71428571428572,6.837209302325581,11.922077922077923,-4.784999999999997,4,6,death_plus_v7_gap_mid,0.9584865502066036,0.9457820308381806
1527689,2026,12,6,1,36.71428571428572,6.857142857142857,11.846153846153847,-4.7900000000000205,4,6,death_plus_v7_gap_mid,0.9596278867726837,0.9471063492514205
1527689,2026,13,1,1,36.71428571428572,6.878048780487804,11.772151898734178,-4.795000000000016,4,6,death_plus_v7_gap_mid,0.9600895327205615,0.9508205476489209
1527689,2026,13,2,1,36.71428571428572,6.449999999999999,11.925,-1.8000000000000114,4,6,death_plus_v7_gap_mid,0.9685664871215003,0.9605094511118889
1527689,2026,13,3,1,36.71428571428572,6.461538461538462,11.851851851851851,-1.8049999999999784,4,6,death_plus_v7_gap_mid,0.9685067564063556,0.960440451480844
1527689,2026,13,4,1,36.71428571428572,6.473684210526316,11.78048780487805,-1.8100000000000023,4,6,death_plus_v7_gap_mid,0.9681766516815051,0.960059323541853
1527689,2026,13,5,1,36.71428571428572,6.486486486486487,11.710843373493976,-1.8149999999999977,4,6,death_plus_v7_gap_mid,0.9708712299710748,0.9631806432313074
1527689,2026,13,6,1,36.71428571428572,6.5,11.642857142857142,-1.8200000000000216,4,6,death_plus_v7_gap_mid,0.9710073220382118,0.9633389252356847
1527689,2026,14,1,1,36.71428571428572,6.514285714285714,11.576470588235294,-1.8249999999999886,4,6,death_plus_v7_gap_mid,0.9706149568071403,0.9641264477226898
1527689,2026,14,2,1,36.71428571428572,6.0,11.720930232558139,1.1699999999999875,4,6,death_plus_v7_gap_mid,0.9789738758204334,0.9737565141935676
1527689,2026,14,3,1,36.71428571428572,6.0,11.655172413793103,1.1650000000000205,4,6,death_plus_v7_gap_mid,0.9795647086454187,0.9744463139451137
1527689,2026,14,4,1,36.71428571428572,5.4375,11.795454545454545,4.159999999999997,4,6,death_plus_v7_gap_mid,0.9803609298483461,0.97537809430265
1527689,2026,14,5,1,36.71428571428572,5.419354838709677,11.730337078651685,4.155000000000001,4,6,death_plus_v7_gap_mid,0.9798995444123231,0.9748378457482477
1527689,2026,14,6,1,36.71428571428572,5.4,11.666666666666666,4.150000000000006,4,6,death_plus_v7_gap_mid,0.9800347671408558,0.9749960922419507
1527689,2026,14,7,1,36.71428571428572,5.379310344827586,11.604395604395604,4.14500000000001,4,6,death_plus_v7_gap_mid,0.9806022731202096,0.9756610367206162
1527689,2026,14,8,1,36.71428571428572,5.357142857142858,11.543478260869566,4.140000000000015,4,6,death_plus_v7_gap_mid,0.9825408822456025,0.9779428501020982
1527689,2026,15,1,1,36.71428571428572,4.9655172413793105,11.736263736263735,6.14500000000001,4,6,death_plus_v7_gap_mid,0.9857153429713064,0.9827112596978795
1527689,2026,15,2,1,36.71428571428572,4.928571428571429,11.673913043478262,6.140000000000015,4,6,death_plus_v7_gap_mid,0.9857347608988566,0.9827335636560252
1527689,2026,15,3,1,36.71428571428572,4.888888888888888,11.612903225806452,6.134999999999991,4,6,death_plus_v7_gap_mid,0.9857661703648908,0.9827696448403008
1527689,2026,15,4,1,36.71428571428572,4.846153846153847,11.553191489361701,6.1299999999999955,4,6,death_plus_v7_gap_mid,0.9863070359014554,0.9833916288413286
1527689,2026,15,5,1,36.71428571428572,4.5600000000000005,11.557894736842105,7.125,4,6,death_plus_v7_gap_mid,0.9873236810171453,0.9845643233886392
1527689,2026,15,6,1,36.71428571428572,4.5,11.5,7.1200000000000045,4,6,death_plus_v7_gap_mid,0.9876580269496558,0.9849510583566249
1527690,2026,7,1,1,24.0,9.194805194805195,14.232558139534884,9.472499999999997,1,9,death_plus_v7_gap_mid,0.688413157451288,0.657619974237842
1527690,2026,7,2,1,24.0,9.236842105263158,14.045454545454545,8.829999999999984,1,9,death_plus_v7_gap_mid,0.6917408614319895,0.6605578958455236
1527690,2026,7,3,1,24.0,9.36,13.733333333333333,7.1875,1,9,death_plus_v7_gap_mid,0.6898443851989733,0.658882927197201
1527690,2026,7,4,1,24.0,9.405405405405405,13.565217391304348,6.545000000000016,1,9,death_plus_v7_gap_mid,0.694796836684691,0.6632605074172916
1527690,2026,7,5,1,24.0,9.45205479452055,13.404255319148934,5.902500000000003,1,9,death_plus_v7_gap_mid,0.6968507128026497,0.6650794105139061
1527690,2026,7,6,1,24.0,9.5,13.25,5.260000000000005,1,9,death_plus_v7_gap_mid,0.699626694419746,0.6675410812145198
1527690,2026,7,7,1,24.0,9.549295774647888,13.10204081632653,4.617499999999993,1,9,death_plus_v7_gap_mid,0.647251581422092,0.6216662426195405
1527690,2026,7,8,1,24.0,9.514285714285714,13.080000000000002,4.9750000000000085,1,9,death_plus_v7_gap_mid,0.6617441743020749,0.634249319246221
1527690,2026,8,1,1,24.0,9.295774647887324,13.46938775510204,7.617499999999993,1,9,death_plus_v7_gap_mid,0.7177467590009132,0.6878252071900365
1527690,2026,8,2,1,24.0,9.342857142857143,13.32,6.9750000000000085,1,9,death_plus_v7_gap_mid,0.7226080681940842,0.6922661061655855
1527690,2026,8,3,1,24.0,9.391304347826088,13.176470588235295,6.332499999999996,1,9,death_plus_v7_gap_mid,0.7222908848939137,0.6919759816181796
1527690,2026,8,4,1,24.0,9.441176470588236,13.038461538461537,5.689999999999998,1,9,death_plus_v7_gap_mid,0.7120447373328888,0.6826314862268646
1527690,2026,8,5,1,24.0,9.223880597014926,13.245283018867926,8.047500000000014,1,9,death_plus_v7_gap_mid,0.7776246059264429,0.7434859551733355
1527690,2026,8,6,1,24.0,9.363636363636363,13.0,-5.639999999999986,2,8,death_plus_v7_gap_mid,0.5924791063648185,0.5765808403116528
1527690,2026,8,7,1,24.0,9.415384615384616,12.872727272727273,-6.099999999999994,2,8,death_plus_v7_gap_mid,0.5533454175076542,0.5426498562081985
1527690,2026,9,1,1,24.0,9.415384615384616,12.872727272727273,-6.099999999999994,2,8,death_plus_v7_gap_mid,0.5599956255490317,0.5519477742219913
1527690,2026,9,2,1,24.0,9.46875,12.75,-6.559999999999988,2,8,death_plus_v7_gap_mid,0.5573598843222962,0.5497490197254528
1527690,2026,9,3,1,24.0,9.523809523809524,12.631578947368421,-7.019999999999996,2,8,death_plus_v7_gap_mid,0.5392288987500271,0.5346423242842289
1527690,2026,9,4,1,24.0,9.580645161290322,12.517241379310345,-7.47999999999999,2,8,death_plus_v7_gap_mid,0.5367049354272355,0.5325414706773236
1527690,2026,9,5,1,24.0,9.639344262295083,12.406779661016948,-7.939999999999998,2,8,death_plus_v7_gap_mid,0.5291925241215762,0.5262907231561119
1527690,2026,9,6,1,24.0,9.600000000000001,12.400000000000002,-7.400000000000006,2,8,death_plus_v7_gap_mid,0.5709347785222298,0.561082191268951
1527690,2026,10,1,1,24.0,9.35593220338983,12.59016393442623,-4.860000000000014,2,8,death_plus_v7_gap_mid,0.6763060281756508,0.6626152091200911
1527690,2026,10,2,1,24.0,9.517241379310345,12.387096774193548,-16.905,3,7,death_plus_v7_gap_mid,0.40441116621791573,0.42393346947722665
1527690,2026,10,3,1,24.0,9.578947368421053,12.285714285714285,-17.182500000000005,3,7,death_plus_v7_gap_mid,0.3848325038720354,0.40655303825669026
1527690,2026,10,4,1,24.0,9.642857142857142,12.1875,-17.460000000000008,3,7,death_plus_v7_gap_mid,0.37664380688690385,0.39925590062509986
1527690,2026,10,5,1,24.0,9.818181818181818,12.0,-18.73750000000001,3,7,death_plus_v7_gap_mid,0.3707801263116865,0.3940196274580819
1527690,2026,10,6,1,24.0,9.333333333333334,12.363636363636363,-14.015000000000015,3,7,death_plus_v7_gap_mid,0.46542847853926317,0.4776345513019423
1527690,2026,11,1,1,24.0,9.39622641509434,12.26865671641791,-14.292500000000018,3,7,death_plus_v7_gap_mid,0.4548864819310883,0.47668739007864747
1527690,2026,11,2,1,24.0,9.461538461538462,12.176470588235293,-14.569999999999993,3,7,death_plus_v7_gap_mid,0.4700032360564577,0.4901445201506199
1527690,2026,11,3,1,24.0,9.529411764705882,12.08695652173913,-14.847499999999997,3,7,death_plus_v7_gap_mid,0.4633205013578084,0.4842000650409261
1527690,2026,11,4,1,24.0,9.600000000000001,12.0,-15.124999999999972,3,7,death_plus_v7_gap_mid,0.4718116376044142,0.4917519523518033
1527690,2026,11,5,1,24.0,9.061224489795919,12.338028169014084,-10.402499999999975,3,7,death_plus_v7_gap_mid,0.6056421407001205,0.6099763330400604
1527690,2026,11,6,1,24.0,8.75,12.5,-7.680000000000007,3,7,death_plus_v7_gap_mid,0.6839643011367292,0.6794357473435897
1527690,2026,12,1,1,24.0,8.936170212765957,12.328767123287673,-8.95750000000001,3,7,death_plus_v7_gap_mid,0.6716333178761033,0.6638229867086283
1527690,2026,12,2,1,24.0,9.0,12.243243243243242,-9.235000000000014,3,7,death_plus_v7_gap_mid,0.6461037166358072,0.6406632732410203
1527690,2026,12,3,1,24.0,9.200000000000001,12.079999999999998,-10.512500000000017,3,7,death_plus_v7_gap_mid,0.6091275724105669,0.6072925221550731
1527690,2026,12,4,1,24.0,9.272727272727273,12.0,-10.79000000000002,3,7,death_plus_v7_gap_mid,0.5807699951442867,0.5817932727407427
1527690,2026,12,5,1,24.0,9.348837209302326,11.922077922077923,-11.067500000000024,3,7,death_plus_v7_gap_mid,0.563154818080287,0.5659774582431172
1527690,2026,12,6,1,24.0,9.428571428571429,11.846153846153847,-11.344999999999999,3,7,death_plus_v7_gap_mid,0.5432571912469335,0.5481224404745026
1527690,2026,13,1,1,24.0,9.658536585365855,11.69620253164557,-12.622500000000002,3,7,death_plus_v7_gap_mid,0.5301728360479818,0.5311553564838672
1527690,2026,13,2,1,24.0,9.3,11.850000000000001,-9.900000000000006,3,7,death_plus_v7_gap_mid,0.5825757809544585,0.5797743999921177
1527690,2026,13,3,1,24.0,9.384615384615385,11.777777777777779,-10.17749999999998,3,7,death_plus_v7_gap_mid,0.5682311443033197,0.5664542156130903
1527690,2026,13,4,1,24.0,9.631578947368421,11.634146341463413,-11.454999999999984,3,7,death_plus_v7_gap_mid,0.5440828806278429,0.5440521691395366
1527690,2026,13,5,1,24.0,9.72972972972973,11.566265060240964,-11.732500000000016,3,7,death_plus_v7_gap_mid,0.54204437729572,0.5421619291825956
1527690,2026,13,6,1,24.0,9.833333333333332,11.5,-12.01000000000002,3,7,death_plus_v7_gap_mid,0.5394705872350902,0.5397754643204361
1527690,2026,14,1,1,24.0,9.942857142857143,11.435294117647057,-12.287500000000023,3,7,death_plus_v7_gap_mid,0.5322683950180007,0.5316703821622982
1527690,2026,14,2,1,24.0,10.058823529411764,11.372093023255815,-12.565000000000026,3,7,death_plus_v7_gap_mid,0.5265971579605473,0.5263417897369347
1527690,2026,14,3,1,24.0,10.363636363636363,11.241379310344827,-13.842500000000001,3,7,death_plus_v7_gap_mid,0.5100212448232153,0.5107693363741522
1527690,2026,14,4,1,24.0,9.5625,11.522727272727273,-9.120000000000005,3,7,death_plus_v7_gap_mid,0.590357078022834,0.5863137740679454
1527690,2026,14,5,1,24.0,9.096774193548388,11.662921348314608,-6.3974999999999795,3,7,death_plus_v7_gap_mid,0.7616745565181551,0.7496961967819311
1527690,2026,14,6,1,24.0,8.2,11.933333333333334,-1.674999999999983,3,7,death_plus_v7_gap_mid,0.9046488194500386,0.8927597874176445
1527690,2026,15,1,1,24.0,8.482758620689655,11.802197802197801,-2.9524999999999864,3,7,death_plus_v7_gap_mid,0.883275036019701,0.8739333436937404
1527690,2026,15,2,1,24.0,8.571428571428571,11.73913043478261,-3.2299999999999898,3,7,death_plus_v7_gap_mid,0.8798498472768761,0.8704523086861043
1527690,2026,15,3,1,24.0,8.666666666666666,11.67741935483871,-3.507499999999993,3,7,death_plus_v7_gap_mid,0.8815039873387895,0.8721326413104925
1527690,2026,15,4,1,24.0,8.076923076923077,11.808510638297872,-0.785000000000025,3,7,death_plus_v7_gap_mid,0.9093417047476122,0.9006482507414485
1527690,2026,15,5,1,24.0,6.959999999999999,12.063157894736843,3.9375,3,7,death_plus_v7_gap_mid,0.9346193435179041,0.9270138930807978
1527690,2026,15,6,1,24.0,7.25,11.9375,2.6599999999999966,3,7,death_plus_v7_gap_mid,0.9314720474034444,0.9237013983348725
1527690,2026,15,7,1,24.0,6.0,12.185567010309278,7.382499999999993,3,7,death_plus_v7_gap_mid,0.9431685912901555,0.9360618421075111
1527691,2026,7,1,0,46.176470588235304,10.909090909090908,10.186046511627907,-43.77666666666666,3,7,death_plus_v7_gap_mid,0.19820943879708364,0.2336420243006917
1527691,2026,7,2,0,46.176470588235304,11.052631578947368,9.954545454545455,-45.01333333333332,3,7,death_plus_v7_gap_mid,0.19773754375836453,0.2331951307922175
1527691,2026,7,3,0,46.176470588235304,11.12,9.866666666666667,-45.25,3,7,death_plus_v7_gap_mid,0.19473130391773566,0.2303432610179587
1527691,2026,7,4,0,46.176470588235304,11.18918918918919,9.782608695652174,-45.48666666666668,3,7,death_plus_v7_gap_mid,0.18991443464219493,0.22575569520029
1527691,2026,7,5,0,46.176470588235304,11.26027397260274,9.702127659574467,-45.72333333333334,3,7,death_plus_v7_gap_mid,0.18877579123549262,0.2246679358536709
1527691,2026,7,6,0,46.176470588235304,11.416666666666666,9.5,-46.96000000000001,3,7,death_plus_v7_gap_mid,0.19388965372786682,0.22954329422525177
1527691,2026,7,7,0,46.176470588235304,11.577464788732396,9.306122448979592,-60.74000000000001,4,6,death_plus_v7_gap_mid,0.08837632625964417,0.12190511940770145
1527691,2026,8,1,0,46.176470588235304,11.492957746478872,9.428571428571429,-59.74000000000001,4,6,death_plus_v7_gap_mid,0.09622622330230003,0.1255101241248191
1527691,2026,8,2,0,46.176470588235304,11.571428571428571,9.36,-59.79999999999998,4,6,death_plus_v7_gap_mid,0.09527411746171097,0.124474944407224
1527691,2026,8,3,0,46.176470588235304,11.652173913043478,9.294117647058824,-59.860000000000014,4,6,death_plus_v7_gap_mid,0.0942513809877974,0.12336089242383198
1527691,2026,8,4,0,46.176470588235304,11.735294117647058,9.230769230769232,-59.920000000000016,4,6,death_plus_v7_gap_mid,0.09213176436614082,0.12104505436933831
1527691,2026,8,5,0,46.176470588235304,11.82089552238806,9.169811320754718,-59.98000000000002,4,6,death_plus_v7_gap_mid,0.09376044394990429,0.12282534930868348
1527691,2026,8,6,0,46.176470588235304,11.90909090909091,9.11111111111111,-60.03999999999999,4,6,death_plus_v7_gap_mid,0.08824280403415163,0.11677090124873864
1527691,2026,9,1,0,46.176470588235304,12.092307692307692,8.945454545454545,-61.10000000000002,4,6,death_plus_v7_gap_mid,0.090923324799828,0.12943603386824812
1527691,2026,9,2,0,46.176470588235304,12.1875,8.892857142857142,-61.16,4,6,death_plus_v7_gap_mid,0.09174529263359898,0.1303666395446257
1527691,2026,9,3,0,46.176470588235304,12.285714285714285,8.842105263157894,-61.22,4,6,death_plus_v7_gap_mid,0.09376183566662889,0.13264189957645287
1527691,2026,9,4,0,46.176470588235304,12.483870967741936,8.689655172413794,-62.28,4,6,death_plus_v7_gap_mid,0.09249102701669391,0.13120933332454485
1527691,2026,9,5,0,46.176470588235304,12.098360655737704,9.152542372881356,-57.34,4,6,death_plus_v7_gap_mid,0.12695727929348302,0.16870816466902303
1527691,2026,9,6,0,46.176470588235304,12.2,9.1,-57.39999999999998,4,6,death_plus_v7_gap_mid,0.1316797468997957,0.17365523768116337
1527691,2026,10,1,0,46.176470588235304,12.406779661016948,8.950819672131148,-58.46000000000001,4,6,death_plus_v7_gap_mid,0.12955995481529714,0.16353410915039704
1527691,2026,10,2,0,46.176470588235304,12.620689655172413,8.806451612903226,-59.51999999999998,4,6,death_plus_v7_gap_mid,0.1275826968551611,0.16143668853673707
1527691,2026,10,3,0,46.176470588235304,12.736842105263158,8.761904761904761,-59.58000000000001,4,6,death_plus_v7_gap_mid,0.12614555947086192,0.1599086253653673
1527691,2026,10,4,0,46.176470588235304,12.75,8.8125,-58.639999999999986,4,6,death_plus_v7_gap_mid,0.13212390773744614,0.16624551713906893
1527691,2026,10,5,0,46.176470588235304,12.872727272727273,8.769230769230768,-58.70000000000002,4,6,death_plus_v7_gap_mid,0.12983200168562042,0.16382224648463217
1527691,2026,10,6,0,46.176470588235304,12.444444444444443,9.181818181818182,-53.75999999999999,4,6,death_plus_v7_gap_mid,0.2047294541334313,0.2398161067961724
1527691,2026,10,7,0,46.176470588235304,12.566037735849058,9.134328358208954,-53.82000000000002,4,6,death_plus_v7_gap_mid,0.19764153966193337,0.23286403732136413
1527691,2026,10,8,0,46.176470588235304,12.346153846153845,9.352941176470589,-50.879999999999995,4,6,death_plus_v7_gap_mid,0.223800739264656,0.25832312257153595
1527691,2026,11,1,0,46.176470588235304,12.0,9.582089552238806,-48.82000000000002,4,6,death_plus_v7_gap_mid,0.2450780300209364,0.2829399601812517
1527691,2026,11,2,0,46.176470588235304,12.115384615384615,9.529411764705882,-48.879999999999995,4,6,death_plus_v7_gap_mid,0.2369299203828863,0.2749999467874617
1527691,2026,11,3,0,46.176470588235304,12.235294117647058,9.478260869565217,-48.94,4,6,death_plus_v7_gap_mid,0.2305623282060419,0.26876326213966095
1527691,2026,11,4,0,46.176470588235304,12.24,9.514285714285714,-48.0,4,6,death_plus_v7_gap_mid,0.2624260763871414,0.2997019997906473
1527691,2026,11,5,0,46.176470588235304,11.755102040816325,9.887323943661972,-43.06,4,6,death_plus_v7_gap_mid,0.32441001059686214,0.35823500683493253
1527691,2026,11,6,0,46.176470588235304,11.75,9.916666666666666,-42.120000000000005,4,6,death_plus_v7_gap_mid,0.32758933901011195,0.3611882294918774
1527691,2026,11,7,0,46.176470588235304,11.74468085106383,9.945205479452055,-41.18000000000001,4,6,death_plus_v7_gap_mid,0.3425183438186994,0.3750004573597093
1527691,2026,12,1,0,46.176470588235304,11.74468085106383,9.945205479452055,-41.18000000000001,4,6,death_plus_v7_gap_mid,0.3482601286702418,0.37141663666266195
1527691,2026,12,2,0,46.176470588235304,12.0,9.81081081081081,-50.366666666666674,5,5,death_plus_v7_gap_mid,0.18239877392948176,0.2122718627815754
1527691,2026,12,3,0,46.176470588235304,12.133333333333333,9.76,-50.25,5,5,death_plus_v7_gap_mid,0.15226644284514612,0.18151480334572384
1527691,2026,12,4,0,46.176470588235304,12.272727272727273,9.710526315789474,-50.133333333333326,5,5,death_plus_v7_gap_mid,0.15589430088923728,0.18526158523498526
1527691,2026,12,5,0,46.176470588235304,11.720930232558139,10.051948051948052,-45.01666666666665,5,5,death_plus_v7_gap_mid,0.26224607714783255,0.2905842174415695
1527691,2026,12,6,0,46.176470588235304,11.857142857142858,10.0,-44.89999999999998,5,5,death_plus_v7_gap_mid,0.2738125196664829,0.30162972624415085
1527691,2026,13,1,0,46.176470588235304,12.0,9.949367088607595,-44.78333333333333,5,5,death_plus_v7_gap_mid,0.2704409892199724,0.28751367363217667
1527691,2026,13,2,0,46.176470588235304,12.0,9.975000000000001,-43.666666666666686,5,5,death_plus_v7_gap_mid,0.2984515815670816,0.31436305784832924
1527691,2026,13,3,0,46.176470588235304,11.692307692307692,10.148148148148149,-40.55000000000001,5,5,death_plus_v7_gap_mid,0.3495684599219688,0.3628416825511829
1527691,2026,13,4,0,46.176470588235304,11.842105263157894,10.097560975609756,-40.43333333333334,5,5,death_plus_v7_gap_mid,0.33566089886895706,0.3497096843326386
1527691,2026,13,5,0,46.176470588235304,12.162162162162163,9.975903614457831,-41.31666666666666,5,5,death_plus_v7_gap_mid,0.28407917207164246,0.30061511610529634
1527691,2026,13,6,0,46.176470588235304,12.5,9.857142857142858,-42.19999999999999,5,5,death_plus_v7_gap_mid,0.2622816933666497,0.27964756307271044
1527691,2026,14,1,0,46.176470588235304,12.685714285714287,9.811764705882354,-42.083333333333314,5,5,death_plus_v7_gap_mid,0.25279736976110645,0.2664425212514339
1527691,2026,14,2,0,46.176470588235304,12.352941176470587,9.976744186046512,-38.96666666666667,5,5,death_plus_v7_gap_mid,0.30802365157601513,0.31973766241168267
1527691,2026,14,3,0,46.176470588235304,12.727272727272727,9.862068965517242,-39.85000000000002,5,5,death_plus_v7_gap_mid,0.2874657847380553,0.2999837722369106
1527691,2026,14,4,0,46.176470588235304,12.0,10.159090909090908,-34.73333333333335,5,5,death_plus_v7_gap_mid,0.39626996072615944,0.40368508528709907
1527691,2026,14,5,0,46.176470588235304,12.387096774193548,10.04494382022472,-41.093333333333334,6,4,death_plus_v7_gap_mid,0.19476616363621707,0.20948624325904847
1527691,2026,14,6,0,46.176470588235304,12.0,10.2,-37.80000000000001,6,4,death_plus_v7_gap_mid,0.23426066049268812,0.24837171064353408
1527691,2026,15,1,0,46.176470588235304,12.413793103448278,10.087912087912088,-38.50666666666666,6,4,death_plus_v7_gap_mid,0.23583445538759984,0.24798065558953056
1527691,2026,15,2,0,46.176470588235304,12.857142857142858,9.978260869565219,-39.21333333333331,6,4,death_plus_v7_gap_mid,0.22850443175745855,0.24075316672979283
1527691,2026,15,3,0,46.176470588235304,13.11111111111111,9.935483870967742,-38.920000000000016,6,4,death_plus_v7_gap_mid,0.22321386835018478,0.23552740494895238
1527691,2026,15,4,0,46.176470588235304,13.615384615384615,9.829787234042554,-44.22,7,3,death_plus_v7_gap_mid,0.05666114405205987,0.06492560383771712
1527691,2026,15,5,0,46.176470588235304,13.919999999999998,9.789473684210526,-43.75,7,3,death_plus_v7_gap_mid,0.0740823423109095,0.08359732445254099
1527691,2026,15,6,0,46.176470588235304,14.25,9.75,-43.28,7,3,death_plus_v7_gap_mid,0.07310522128003158,0.08255807714999923
1527692,2026,7,1,1,-12.090909090909093,7.870129870129871,8.930232558139535,-5.289999999999992,1,9,death_plus_v7_gap_mid,0.8221188340799257,0.7812445312750466
1527692,2026,7,2,1,-12.090909090909093,7.894736842105264,8.863636363636363,-5.52000000000001,1,9,death_plus_v7_gap_mid,0.8193884082175862,0.7785673296704236
1527692,2026,7,3,1,-12.090909090909093,7.92,8.799999999999999,-5.75,1,9,death_plus_v7_gap_mid,0.8142859426997304,0.7735867451170395
1527692,2026,7,4,1,-12.090909090909093,7.945945945945946,8.73913043478261,-5.97999999999999,1,9,death_plus_v7_gap_mid,0.8134680274580565,0.7727910251768522
1527692,2026,7,5,1,-12.090909090909093,7.972602739726027,8.680851063829788,-6.210000000000008,1,9,death_plus_v7_gap_mid,0.8065038448467285,0.7660446431885348
1527692,2026,7,6,1,-12.090909090909093,8.0,8.625,-6.439999999999998,1,9,death_plus_v7_gap_mid,0.8103819098363241,0.7697951210734935
1527692,2026,8,1,1,-12.090909090909093,7.774647887323944,8.938775510204081,-3.6700000000000017,1,9,death_plus_v7_gap_mid,0.8379622147697814,0.8023325551294991
1527692,2026,8,2,1,-12.090909090909093,7.800000000000001,8.879999999999999,-3.8999999999999915,1,9,death_plus_v7_gap_mid,0.8397515516088159,0.8041332881602234
1527692,2026,8,3,1,-12.090909090909093,7.565217391304348,9.176470588235293,-1.1300000000000097,1,9,death_plus_v7_gap_mid,0.8628237784665964,0.8277075462555891
1527692,2026,8,4,1,-12.090909090909093,7.6764705882352935,9.0,-2.3599999999999994,1,9,death_plus_v7_gap_mid,0.8519712364611169,0.8165335884587069
1527692,2026,8,5,1,-12.090909090909093,7.791044776119403,8.830188679245282,-3.589999999999989,1,9,death_plus_v7_gap_mid,0.8481820123596615,0.812668642704418
1527692,2026,8,6,1,-12.090909090909093,7.909090909090908,8.666666666666666,-4.819999999999979,1,9,death_plus_v7_gap_mid,0.8386606282346036,0.8030349753343075
1527692,2026,9,1,1,-12.090909090909093,8.03076923076923,8.50909090909091,-6.049999999999997,1,9,death_plus_v7_gap_mid,0.8296335326930808,0.7898589902421743
1527692,2026,9,2,1,-12.090909090909093,8.0625,8.464285714285715,-6.280000000000001,1,9,death_plus_v7_gap_mid,0.8263485065578706,0.7866585739305073
1527692,2026,9,3,1,-12.090909090909093,8.0,8.526315789473685,-5.509999999999991,1,9,death_plus_v7_gap_mid,0.8413270098083666,0.8013610691376459
1527692,2026,9,4,1,-12.090909090909093,8.129032258064516,8.379310344827587,-6.739999999999981,1,9,death_plus_v7_gap_mid,0.8286694529015264,0.7889183865826886
1527692,2026,9,5,1,-12.090909090909093,8.163934426229508,8.338983050847459,-6.969999999999999,1,9,death_plus_v7_gap_mid,0.8280809200132775,0.7883447408155465
1527692,2026,9,6,1,-12.090909090909093,7.9,8.6,-4.200000000000003,1,9,death_plus_v7_gap_mid,0.8596414992501176,0.8197540986065306
1527692,2026,9,7,1,-12.090909090909093,8.033898305084746,8.459016393442623,-5.429999999999993,1,9,death_plus_v7_gap_mid,0.8412815292203413,0.8013159871355964
1527692,2026,10,1,1,-12.090909090909093,8.033898305084746,8.459016393442623,-5.429999999999993,1,9,death_plus_v7_gap_mid,0.8464812498395826,0.8209043373889097
1527692,2026,10,2,1,-12.090909090909093,8.068965517241379,8.419354838709678,-5.659999999999997,1,9,death_plus_v7_gap_mid,0.8439703294974573,0.8184265234608086
1527692,2026,10,3,1,-12.090909090909093,8.210526315789474,8.285714285714285,-6.890000000000001,1,9,death_plus_v7_gap_mid,0.8343220517191285,0.8089621834841859
1527692,2026,10,4,1,-12.090909090909093,8.142857142857142,8.34375,-6.11999999999999,1,9,death_plus_v7_gap_mid,0.8417520330044823,0.816242651647587
1527692,2026,10,5,1,-12.090909090909093,7.8545454545454545,8.584615384615384,-3.3500000000000085,1,9,death_plus_v7_gap_mid,0.8688394729538582,0.8432645290156395
1527692,2026,10,6,1,-12.090909090909093,7.888888888888889,8.545454545454547,-3.5799999999999983,1,9,death_plus_v7_gap_mid,0.8646085181893263,0.8389897313358633
1527692,2026,11,1,1,-12.090909090909093,7.924528301886792,8.507462686567164,-3.8100000000000023,1,9,death_plus_v7_gap_mid,0.8656767976159654,0.847891378280644
1527692,2026,11,2,1,-12.090909090909093,7.961538461538462,8.470588235294118,-4.039999999999992,1,9,death_plus_v7_gap_mid,0.8662174118871646,0.8484228718964388
1527692,2026,11,3,1,-12.090909090909093,7.882352941176471,8.521739130434783,-3.269999999999996,1,9,death_plus_v7_gap_mid,0.8802514018920422,0.862324348545882
1527692,2026,11,4,1,-12.090909090909093,7.5600000000000005,8.742857142857142,-0.5,1,9,death_plus_v7_gap_mid,0.9245076023581298,0.9077976855971334
1527692,2026,11,5,1,-12.090909090909093,7.224489795918368,8.95774647887324,2.269999999999996,1,9,death_plus_v7_gap_mid,0.9564907682722457,0.9429720380466972
1527692,2026,11,6,1,-12.090909090909093,6.875,9.166666666666666,5.0400000000000205,1,9,death_plus_v7_gap_mid,0.981742966394632,0.9733547930234873
1527692,2026,12,1,1,-12.090909090909093,7.0212765957446805,9.04109589041096,3.8100000000000023,1,9,death_plus_v7_gap_mid,0.9692062609190137,0.9584130444008624
1527692,2026,12,2,1,-12.090909090909093,7.043478260869566,9.0,3.5799999999999983,1,9,death_plus_v7_gap_mid,0.9674379677467448,0.9562974429981916
1527692,2026,12,3,1,-12.090909090909093,7.066666666666666,8.96,3.3500000000000085,1,9,death_plus_v7_gap_mid,0.9647819125115744,0.9531449812995084
1527692,2026,12,4,1,-12.090909090909093,6.681818181818182,9.157894736842106,6.11999999999999,1,9,death_plus_v7_gap_mid,0.9857029084974088,0.9790063746409725
1527692,2026,12,5,1,-12.090909090909093,6.697674418604651,9.116883116883116,5.890000000000001,1,9,death_plus_v7_gap_mid,0.9855188703225919,0.9787652905156948
1527692,2026,12,6,1,-12.090909090909093,6.571428571428572,9.153846153846153,6.659999999999997,1,9,death_plus_v7_gap_mid,0.9875499661155724,0.9814460460127981
1527692,2026,12,7,1,-12.090909090909093,6.439024390243903,9.189873417721518,7.429999999999993,1,9,death_plus_v7_gap_mid,0.9887742961300237,0.9830851777201344
1527692,2026,13,1,1,-12.090909090909093,6.439024390243903,9.189873417721518,7.429999999999993,1,9,death_plus_v7_gap_mid,0.9889075275698518,0.9848805649574975
1527692,2026,13,2,1,-12.090909090909093,6.6000000000000005,9.075,6.200000000000003,1,9,death_plus_v7_gap_mid,0.9879952257343773,0.9837358363205825
1527692,2026,13,3,1,-12.090909090909093,6.615384615384616,9.037037037037038,5.969999999999999,1,9,death_plus_v7_gap_mid,0.9877262049742914,0.983399624139207
1527692,2026,13,4,1,-12.090909090909093,6.631578947368421,9.0,5.739999999999981,1,9,death_plus_v7_gap_mid,0.9871745719036289,0.9827120404062184
1527692,2026,13,5,1,-12.090909090909093,6.162162162162161,9.180722891566266,8.51000000000002,1,9,death_plus_v7_gap_mid,0.9917910564996572,0.9885515976507031
1527692,2026,13,6,1,-12.090909090909093,6.166666666666666,9.142857142857142,8.280000000000001,1,9,death_plus_v7_gap_mid,0.991472735903203,0.9881419001334818
1527692,2026,14,1,1,-12.090909090909093,6.342857142857143,9.035294117647059,7.049999999999997,1,9,death_plus_v7_gap_mid,0.9897079918408791,0.9865489536566683
1527692,2026,14,2,1,-12.090909090909093,6.529411764705882,8.930232558139535,5.820000000000007,1,9,death_plus_v7_gap_mid,0.9885066807776166,0.9850840714075705
1527692,2026,14,3,1,-12.090909090909093,6.727272727272727,8.827586206896552,4.590000000000003,1,9,death_plus_v7_gap_mid,0.9786693140219694,0.9734014630561753
1527692,2026,14,4,1,-12.090909090909093,6.75,8.795454545454545,4.359999999999999,1,9,death_plus_v7_gap_mid,0.9784434967502453,0.9731384374797286
1527692,2026,14,5,1,-12.090909090909093,6.967741935483872,8.696629213483146,-1.106666666666655,2,8,death_plus_v7_gap_mid,0.9629307010461892,0.9554473848595756
1527692,2026,14,6,1,-12.090909090909093,7.0,8.666666666666666,-1.200000000000017,2,8,death_plus_v7_gap_mid,0.9597283856438785,0.9518705832132286
1527692,2026,15,1,1,-12.090909090909093,7.241379310344827,8.571428571428571,-2.2933333333333223,2,8,death_plus_v7_gap_mid,0.9492506866140016,0.9425477026924302
1527692,2026,15,2,1,-12.090909090909093,7.285714285714285,8.543478260869566,-2.386666666666656,2,8,death_plus_v7_gap_mid,0.9469727236966149,0.9401133987807516
1527692,2026,15,3,1,-12.090909090909093,6.666666666666667,8.70967741935484,0.5200000000000102,2,8,death_plus_v7_gap_mid,0.9726490578187527,0.9679917747079049
1527692,2026,15,4,1,-12.090909090909093,6.9230769230769225,8.617021276595745,-4.126666666666665,3,7,death_plus_v7_gap_mid,0.9463057733758038,0.9394018560547589
1527692,2026,15,5,1,-12.090909090909093,6.959999999999999,8.589473684210526,-4.083333333333314,3,7,death_plus_v7_gap_mid,0.9394494900459134,0.9321164431925727
1527692,2026,15,6,1,-12.090909090909093,7.25,8.5,-5.039999999999992,3,7,death_plus_v7_gap_mid,0.9302961169098498,0.9224661233052924
1527693,2026,7,1,0,62.358490566037744,13.168831168831169,10.046511627906977,-44.79999999999998,2,8,death_plus_v7_gap_mid,0.04074264745249893,0.06488698885772297
1527693,2026,7,2,0,62.358490566037744,13.342105263157896,9.818181818181818,-46.39999999999999,2,8,death_plus_v7_gap_mid,0.04475839329828506,0.07007753645254726
1527693,2026,7,3,0,62.358490566037744,13.440000000000001,9.733333333333334,-47.0,2,8,death_plus_v7_gap_mid,0.041627454263036254,0.06603893558348599
1527693,2026,7,4,0,62.358490566037744,13.54054054054054,9.652173913043478,-47.59999999999998,2,8,death_plus_v7_gap_mid,0.039931165721311584,0.06382620651059165
1527693,2026,7,5,0,62.358490566037744,13.726027397260273,9.446808510638299,-63.80000000000001,3,7,death_plus_v7_gap_mid,0.016859861876258903,0.031366033028734655
1527693,2026,7,6,0,62.358490566037744,13.416666666666668,10.0,-59.20000000000002,3,7,death_plus_v7_gap_mid,0.02315842179203919,0.04077667531068303
1527693,2026,8,1,0,62.358490566037744,13.43661971830986,10.040816326530614,-58.60000000000002,3,7,death_plus_v7_gap_mid,0.024071646575688496,0.039164330197484595
1527693,2026,8,2,0,62.358490566037744,13.542857142857143,9.959999999999999,-59.0,3,7,death_plus_v7_gap_mid,0.023999607079676986,0.03906498335763041
1527693,2026,8,3,0,62.358490566037744,13.652173913043477,9.882352941176471,-59.400000000000006,3,7,death_plus_v7_gap_mid,0.02339716389298427,0.03823226559440548
1527693,2026,8,4,0,62.358490566037744,13.852941176470587,9.692307692307693,-60.80000000000001,3,7,death_plus_v7_gap_mid,0.023430270025616554,0.03827811559345497
1527693,2026,8,5,0,62.358490566037744,13.970149253731343,9.622641509433963,-61.19999999999999,3,7,death_plus_v7_gap_mid,0.024432704526603895,0.039661526598949275
1527693,2026,8,6,0,62.358490566037744,14.181818181818183,9.444444444444445,-62.599999999999994,3,7,death_plus_v7_gap_mid,0.021887453018760224,0.036129968517224956
1527693,2026,9,1,0,62.358490566037744,14.03076923076923,9.709090909090909,-60.0,3,7,death_plus_v7_gap_mid,0.028225353794126176,0.050504523869237324
1527693,2026,9,2,0,62.358490566037744,13.875,9.964285714285715,-57.400000000000006,3,7,death_plus_v7_gap_mid,0.032430083595346895,0.05652847164362046
1527693,2026,9,3,0,62.358490566037744,14.095238095238095,9.789473684210526,-58.80000000000001,3,7,death_plus_v7_gap_mid,0.030973998916326434,0.0544614711066571
1527693,2026,9,4,0,62.358490566037744,14.225806451612904,9.724137931034482,-59.19999999999999,3,7,death_plus_v7_gap_mid,0.03024047678651976,0.053412726131514314
1527693,2026,9,5,0,62.358490566037744,14.065573770491804,9.966101694915254,-56.60000000000002,3,7,death_plus_v7_gap_mid,0.037591725879328464,0.06370950983056747
1527693,2026,9,6,0,62.358490566037744,14.2,9.899999999999999,-57.0,3,7,death_plus_v7_gap_mid,0.035700004116001424,0.06110282770505929
1527693,2026,10,1,0,62.358490566037744,14.033898305084746,10.131147540983607,-54.400000000000006,3,7,death_plus_v7_gap_mid,0.04253778029985347,0.06368042211200597
1527693,2026,10,2,0,62.358490566037744,14.275862068965518,9.967741935483872,-55.79999999999998,3,7,death_plus_v7_gap_mid,0.040697241063489153,0.061318923338882156
1527693,2026,10,3,0,62.358490566037744,14.105263157894738,10.19047619047619,-53.19999999999999,3,7,death_plus_v7_gap_mid,0.04943816146558438,0.07239479795286465
1527693,2026,10,4,0,62.358490566037744,14.357142857142858,10.03125,-54.599999999999994,3,7,death_plus_v7_gap_mid,0.044257549189401384,0.06587226212889392
1527693,2026,10,5,0,62.358490566037744,14.509090909090908,9.96923076923077,-55.0,3,7,death_plus_v7_gap_mid,0.04328652421985366,0.06463640304252277
1527693,2026,10,6,0,62.358490566037744,14.777777777777777,9.818181818181818,-56.400000000000006,3,7,death_plus_v7_gap_mid,0.03855153554339011,0.05854432599446284
1527693,2026,11,1,0,62.358490566037744,14.60377358490566,10.029850746268657,-53.80000000000001,3,7,death_plus_v7_gap_mid,0.042658770895317485,0.06358265097369337
1527693,2026,11,2,0,62.358490566037744,14.884615384615385,9.882352941176471,-55.19999999999999,3,7,death_plus_v7_gap_mid,0.03914554307644423,0.05901542090037942
1527693,2026,11,3,0,62.358490566037744,15.058823529411764,9.826086956521738,-55.599999999999994,3,7,death_plus_v7_gap_mid,0.03505721873832443,0.05362430385717555
1527693,2026,11,4,0,62.358490566037744,15.120000000000001,9.857142857142858,-54.99999999999997,3,7,death_plus_v7_gap_mid,0.03743554632838621,0.05677095570467614
1527693,2026,11,5,0,62.358490566037744,15.42857142857143,9.71830985915493,-56.39999999999998,3,7,death_plus_v7_gap_mid,0.033762983003352495,0.05189912981262826
1527693,2026,11,6,0,62.358490566037744,15.25,9.916666666666666,-53.79999999999998,3,7,death_plus_v7_gap_mid,0.04074172862619907,0.06109762260999177
1527693,2026,12,1,0,62.358490566037744,15.446808510638297,9.863013698630137,-54.19999999999999,3,7,death_plus_v7_gap_mid,0.03706017070663778,0.0526088881753094
1527693,2026,12,2,0,62.358490566037744,15.652173913043478,9.81081081081081,-54.599999999999994,3,7,death_plus_v7_gap_mid,0.033502579233365054,0.04811477548521266
1527693,2026,12,3,0,62.358490566037744,16.0,9.68,-65.0,4,6,death_plus_v7_gap_mid,0.014708769149448388,0.023155621653111306
1527693,2026,12,4,0,62.358490566037744,16.227272727272727,9.631578947368421,-65.20000000000002,4,6,death_plus_v7_gap_mid,0.015344536457161644,0.024045368871128875
1527693,2026,12,5,0,62.358490566037744,16.46511627906977,9.584415584415584,-65.4,4,6,death_plus_v7_gap_mid,0.015018012806049408,0.023588945747659296
1527693,2026,12,6,0,62.358490566037744,16.857142857142854,9.461538461538462,-66.60000000000002,4,6,death_plus_v7_gap_mid,0.01249157781114794,0.020016584045729525
1527693,2026,12,7,0,62.358490566037744,17.121951219512194,9.417721518987342,-66.80000000000001,4,6,death_plus_v7_gap_mid,0.011610181610069634,0.018751571002983563
1527693,2026,13,1,0,62.358490566037744,16.975609756097562,9.49367088607595,-65.80000000000001,4,6,death_plus_v7_gap_mid,0.012760029165373561,0.017642513404541937
1527693,2026,13,2,0,62.358490566037744,16.799999999999997,9.675,-63.0,4,6,death_plus_v7_gap_mid,0.015553798895502955,0.021177194142739667
1527693,2026,13,3,0,62.358490566037744,17.076923076923077,9.62962962962963,-63.19999999999999,4,6,death_plus_v7_gap_mid,0.014376345162426852,0.019694389798055063
1527693,2026,13,4,0,62.358490566037744,16.57894736842105,9.951219512195122,-58.400000000000006,4,6,death_plus_v7_gap_mid,0.019046646432543744,0.025524132967161127
1527693,2026,13,5,0,62.358490566037744,16.864864864864867,9.903614457831326,-58.599999999999994,4,6,death_plus_v7_gap_mid,0.017560646704292762,0.02368362706991488
1527693,2026,13,6,0,62.358490566037744,17.166666666666668,9.857142857142858,-58.80000000000001,4,6,death_plus_v7_gap_mid,0.01708636347365313,0.023093516934055675
1527693,2026,14,1,0,62.358490566037744,17.485714285714284,9.811764705882354,-59.0,4,6,death_plus_v7_gap_mid,0.01593525402314676,0.02046759040171041
1527693,2026,14,2,0,62.358490566037744,17.647058823529413,9.837209302325581,-58.20000000000002,4,6,death_plus_v7_gap_mid,0.017096862944799486,0.021859458014572654
1527693,2026,14,3,0,62.358490566037744,17.454545454545453,10.0,-55.39999999999998,4,6,death_plus_v7_gap_mid,0.021003095854954433,0.026494771400727285
1527693,2026,14,4,0,62.358490566037744,18.0,9.886363636363637,-56.599999999999994,4,6,death_plus_v7_gap_mid,0.018653014135703312,0.023714004324945404
1527693,2026,14,5,0,62.358490566037744,18.58064516129032,9.775280898876405,-64.0,5,5,death_plus_v7_gap_mid,0.008165681478700343,0.010946203057528366
1527693,2026,14,6,0,62.358490566037744,19.0,9.733333333333334,-64.0,5,5,death_plus_v7_gap_mid,0.008024185631927732,0.010768402450252687
1527693,2026,14,7,0,62.358490566037744,19.448275862068964,9.692307692307693,-64.0,5,5,death_plus_v7_gap_mid,0.007326076495197427,0.009888105120514842
1527693,2026,15,1,0,62.358490566037744,18.206896551724135,10.087912087912088,-58.0,5,5,death_plus_v7_gap_mid,0.012124466298427306,0.015082687497301276
1527693,2026,15,2,0,62.358490566037744,18.642857142857142,10.043478260869566,-58.0,5,5,death_plus_v7_gap_mid,0.01034454133033617,0.012972644207371837
1527693,2026,15,3,0,62.358490566037744,19.333333333333336,9.935483870967742,-64.4,6,4,death_plus_v7_gap_mid,0.00412054959749309,0.005410284149874743
1527693,2026,15,4,0,62.358490566037744,19.846153846153847,9.893617021276597,-64.19999999999999,6,4,death_plus_v7_gap_mid,0.0037371678607565984,0.004930574188876694
1527693,2026,15,5,0,62.358490566037744,20.64,9.789473684210526,-65.0,6,4,death_plus_v7_gap_mid,0.003250633961471593,0.004318186586350362
1527693,2026,15,6,0,62.358490566037744,21.25,9.75,-64.79999999999998,6,4,death_plus_v7_gap_mid,0.0028698601012328274,0.0038357352750387854
1527693,2026,15,7,0,62.358490566037744,21.913043478260867,9.711340206185568,-64.6,6,4,death_plus_v7_gap_mid,0.002915003314062171,0.003893092174232092
1529264,2026,7,1,0,25.42105263157896,12.857142857142858,7.255813953488372,-94.70000000000002,5,5,death_plus_v7_gap_mid,0.01545671283833021,0.029187868405078653
1529264,2026,7,2,0,25.42105263157896,12.868421052631579,7.363636363636363,-93.6,5,5,death_plus_v7_gap_mid,0.016308302167910925,0.030513899262661768
1529264,2026,7,3,0,25.42105263157896,13.04,7.199999999999999,-94.5,5,5,death_plus_v7_gap_mid,0.014889689791829298,0.028297636920103345
1529264,2026,7,4,0,25.42105263157896,13.135135135135133,7.173913043478261,-94.4,5,5,death_plus_v7_gap_mid,0.014894930294402788,0.02830589221739809
1529264,2026,7,5,0,25.42105263157896,13.315068493150685,7.0212765957446805,-95.29999999999998,5,5,death_plus_v7_gap_mid,0.010015944621585567,0.02036006184538352
1529264,2026,7,6,0,25.42105263157896,13.333333333333334,7.125,-94.19999999999999,5,5,death_plus_v7_gap_mid,0.010511735717352104,0.021194563685846993
1529264,2026,7,7,0,25.42105263157896,13.43661971830986,7.1020408163265305,-94.1,5,5,death_plus_v7_gap_mid,0.010141009794555289,0.020571239665536478
1529264,2026,8,1,0,25.42105263157896,13.43661971830986,7.1020408163265305,-94.1,5,5,death_plus_v7_gap_mid,0.010338903746178506,0.019087003651700712
1529264,2026,8,2,0,25.42105263157896,13.542857142857143,7.08,-93.99999999999997,5,5,death_plus_v7_gap_mid,0.009616049674785864,0.017942286983493486
1529264,2026,8,3,0,25.42105263157896,13.73913043478261,6.9411764705882355,-94.9,5,5,death_plus_v7_gap_mid,0.010224486689122413,0.018906648413300677
1529264,2026,8,4,0,25.42105263157896,13.852941176470587,6.9230769230769225,-94.80000000000001,5,5,death_plus_v7_gap_mid,0.00964504754298338,0.01798845513802653
1529264,2026,8,5,0,25.42105263157896,13.970149253731343,6.90566037735849,-94.69999999999999,5,5,death_plus_v7_gap_mid,0.008073826057037402,0.015454376614901994
1529264,2026,8,6,0,25.42105263157896,14.090909090909092,6.888888888888889,-94.6,5,5,death_plus_v7_gap_mid,0.009098454405237467,0.01711457360116951
1529264,2026,9,1,0,25.42105263157896,14.215384615384615,6.872727272727273,-94.50000000000003,5,5,death_plus_v7_gap_mid,0.008929143966775754,0.019705134833354808
1529264,2026,9,2,0,25.42105263157896,14.34375,6.857142857142857,-94.4,5,5,death_plus_v7_gap_mid,0.008233441257144918,0.01843330515645582
1529264,2026,9,3,0,25.42105263157896,14.476190476190474,6.842105263157895,-94.30000000000001,5,5,death_plus_v7_gap_mid,0.006984500064891276,0.01609853759130354
1529264,2026,9,4,0,25.42105263157896,14.70967741935484,6.724137931034482,-95.20000000000002,5,5,death_plus_v7_gap_mid,0.007163791952999875,0.0164381338794729
1529264,2026,9,5,0,25.42105263157896,14.852459016393443,6.711864406779661,-95.1,5,5,death_plus_v7_gap_mid,0.007042710053846673,0.01620896583010006
1529264,2026,9,6,0,25.42105263157896,14.9,6.8,-94.0,5,5,death_plus_v7_gap_mid,0.007316026474913703,0.016725260849635378
1529264,2026,9,7,0,25.42105263157896,15.050847457627118,6.786885245901638,-93.9,5,5,death_plus_v7_gap_mid,0.006850824532000222,0.015844306426112526
1529264,2026,9,8,0,25.42105263157896,15.206896551724137,6.774193548387098,-93.79999999999998,5,5,death_plus_v7_gap_mid,0.006003853021522801,0.014211515621302472
1529264,2026,10,1,0,25.42105263157896,14.949152542372882,6.885245901639344,-92.9,5,5,death_plus_v7_gap_mid,0.006384559279354869,0.012409945683521073
1529264,2026,10,2,0,25.42105263157896,14.586206896551722,7.35483870967742,-87.79999999999998,5,5,death_plus_v7_gap_mid,0.00901564457641943,0.01673989953549365
1529264,2026,10,3,0,25.42105263157896,14.736842105263158,7.333333333333334,-87.69999999999999,5,5,death_plus_v7_gap_mid,0.008472112478551381,0.015861625990644185
1529264,2026,10,4,0,25.42105263157896,14.892857142857142,7.3125,-87.6,5,5,death_plus_v7_gap_mid,0.009442296896655065,0.01742414626344734
1529264,2026,10,5,0,25.42105263157896,14.727272727272727,7.569230769230769,-84.5,5,5,death_plus_v7_gap_mid,0.010062863210992536,0.01841176045967352
1529264,2026,10,6,0,25.42105263157896,14.88888888888889,7.545454545454545,-84.4,5,5,death_plus_v7_gap_mid,0.009682146493881525,0.017806904807471883
1529264,2026,11,1,0,25.42105263157896,15.169811320754716,7.432835820895523,-85.30000000000001,5,5,death_plus_v7_gap_mid,0.009215552401210372,0.016658565622122007
1529264,2026,11,2,0,25.42105263157896,15.0,7.6764705882352935,-82.19999999999999,5,5,death_plus_v7_gap_mid,0.011435827111169607,0.020138837610902034
1529264,2026,11,3,0,25.42105263157896,14.823529411764707,7.91304347826087,-79.1,5,5,death_plus_v7_gap_mid,0.013826443771668083,0.02379038772018943
1529264,2026,11,4,0,25.42105263157896,14.399999999999999,8.314285714285713,-74.0,5,5,death_plus_v7_gap_mid,0.022049243043525055,0.03579782370835172
1529264,2026,11,5,0,25.42105263157896,14.693877551020408,8.197183098591548,-74.9,5,5,death_plus_v7_gap_mid,0.019590233069900848,0.03228221663852759
1529264,2026,11,6,0,25.42105263157896,15.0,8.083333333333334,-75.80000000000001,5,5,death_plus_v7_gap_mid,0.016712230421134316,0.028090748911242473
1529264,2026,12,1,0,25.42105263157896,15.063829787234042,8.136986301369863,-74.70000000000002,5,5,death_plus_v7_gap_mid,0.020298960389682656,0.03084562954749647
1529264,2026,12,2,0,25.42105263157896,14.869565217391305,8.35135135135135,-71.6,5,5,death_plus_v7_gap_mid,0.03090422392830362,0.04479484190677015
1529264,2026,12,3,0,25.42105263157896,15.066666666666666,8.32,-71.5,5,5,death_plus_v7_gap_mid,0.030120612685063403,0.0437869358608959
1529264,2026,12,4,0,25.42105263157896,15.40909090909091,8.210526315789474,-72.4,5,5,death_plus_v7_gap_mid,0.017866137577740887,0.027534118084546685
1529264,2026,12,5,0,25.42105263157896,15.209302325581396,8.415584415584416,-69.29999999999998,5,5,death_plus_v7_gap_mid,0.02634359287950088,0.03888174498907129
1529264,2026,12,6,0,25.42105263157896,15.42857142857143,8.384615384615383,-69.19999999999999,5,5,death_plus_v7_gap_mid,0.025298652942691596,0.03750995979944166
1529264,2026,13,1,0,25.42105263157896,15.658536585365855,8.354430379746836,-69.1,5,5,death_plus_v7_gap_mid,0.02113585686347738,0.02809171167434017
1529264,2026,13,2,0,25.42105263157896,15.899999999999999,8.325,-69.0,5,5,death_plus_v7_gap_mid,0.022264482998225803,0.029469749920086104
1529264,2026,13,3,0,25.42105263157896,16.153846153846153,8.296296296296296,-68.9,5,5,death_plus_v7_gap_mid,0.01866305622663767,0.0250502158419023
1529264,2026,13,4,0,25.42105263157896,16.263157894736842,8.341463414634145,-67.80000000000001,5,5,death_plus_v7_gap_mid,0.020923844140963686,0.027832162674735064
1529264,2026,13,5,0,25.42105263157896,16.54054054054054,8.313253012048193,-67.69999999999999,5,5,death_plus_v7_gap_mid,0.018157173062501235,0.024423962383053853
1529264,2026,13,6,0,25.42105263157896,16.333333333333336,8.5,-64.6,5,5,death_plus_v7_gap_mid,0.029928209928241856,0.038683776831282664
1529264,2026,13,7,0,25.42105263157896,16.628571428571426,8.470588235294118,-64.5,5,5,death_plus_v7_gap_mid,0.02200365217850287,0.029151814635331758
1529264,2026,14,1,0,25.42105263157896,16.457142857142856,8.541176470588235,-63.5,5,5,death_plus_v7_gap_mid,0.02367207424064515,0.02962673084468814
1529264,2026,14,2,0,25.42105263157896,16.941176470588236,8.44186046511628,-64.4,5,5,death_plus_v7_gap_mid,0.016246119189955943,0.020840736153964756
1529264,2026,14,3,0,25.42105263157896,17.454545454545453,8.344827586206897,-65.30000000000001,5,5,death_plus_v7_gap_mid,0.0137755857366583,0.017860964008569156
1529264,2026,14,4,0,25.42105263157896,17.25,8.522727272727273,-62.20000000000002,5,5,death_plus_v7_gap_mid,0.01616470981193377,0.02074306420827533
1529264,2026,14,5,0,25.42105263157896,17.41935483870968,8.561797752808989,-61.099999999999994,5,5,death_plus_v7_gap_mid,0.01636465689232036,0.020982893573699885
1529264,2026,14,6,0,25.42105263157896,18.0,8.466666666666667,-67.4,6,4,death_plus_v7_gap_mid,0.006730464047186628,0.009132750189934825
1529264,2026,15,1,0,25.42105263157896,18.413793103448278,8.43956043956044,-67.12,6,4,death_plus_v7_gap_mid,0.008703840933450424,0.011010643035462984
1529264,2026,15,2,0,25.42105263157896,18.857142857142858,8.41304347826087,-66.84,6,4,death_plus_v7_gap_mid,0.007455362822506545,0.009504836987866836
1529264,2026,15,3,0,25.42105263157896,19.555555555555554,8.322580645161292,-72.41999999999999,7,3,death_plus_v7_gap_mid,0.0041076688382505585,0.005394204625077374
1529264,2026,15,4,0,25.42105263157896,20.307692307692307,8.23404255319149,-72.96000000000001,7,3,death_plus_v7_gap_mid,0.0038623051034761715,0.005087413641001564
1529264,2026,15,5,0,25.42105263157896,20.64,8.273684210526316,-71.5,7,3,death_plus_v7_gap_mid,0.0038088153706106647,0.005020404561551927
1529264,2026,15,6,0,25.42105263157896,20.0,8.5625,-66.03999999999999,7,3,death_plus_v7_gap_mid,0.004044191090582726,0.005314925777246308
1529265,2026,7,1,0,24.85714285714286,11.376623376623376,6.55813953488372,-46.43999999999998,2,8,death_plus_v7_gap_mid,0.14553519355794556,0.18228854689083632
1529265,2026,7,2,0,24.85714285714286,11.447368421052632,6.545454545454545,-46.72,2,8,death_plus_v7_gap_mid,0.14113031538403664,0.17783759279486022
1529265,2026,7,3,0,24.85714285714286,11.12,7.199999999999999,-42.0,2,8,death_plus_v7_gap_mid,0.1840559305367456,0.22014509003005855
1529265,2026,7,4,0,24.85714285714286,11.108108108108109,7.304347826086957,-41.27999999999999,2,8,death_plus_v7_gap_mid,0.19490230907578568,0.2305057143399667
1529265,2026,7,5,0,24.85714285714286,11.17808219178082,7.276595744680852,-41.56000000000002,2,8,death_plus_v7_gap_mid,0.18725998182680648,0.22321785808021383
1529265,2026,7,6,0,24.85714285714286,11.25,7.25,-41.84,2,8,death_plus_v7_gap_mid,0.17890552822366643,0.2151833762713091
1529265,2026,8,1,0,24.85714285714286,11.32394366197183,7.224489795918368,-42.11999999999999,2,8,death_plus_v7_gap_mid,0.1773398800877616,0.20848183173705034
1529265,2026,8,2,0,24.85714285714286,10.971428571428572,7.800000000000001,-37.39999999999998,2,8,death_plus_v7_gap_mid,0.23595693575634658,0.264118325224491
1529265,2026,8,3,0,24.85714285714286,11.130434782608695,7.647058823529411,-38.68000000000001,2,8,death_plus_v7_gap_mid,0.23518970195791306,0.2634061969284977
1529265,2026,8,4,0,24.85714285714286,10.764705882352942,8.192307692307693,-33.959999999999994,2,8,death_plus_v7_gap_mid,0.28731917339435825,0.3110402805649782
1529265,2026,8,5,0,24.85714285714286,10.835820895522389,8.150943396226415,-34.23999999999998,2,8,death_plus_v7_gap_mid,0.29594776614983964,0.3187965710161385
1529265,2026,8,6,0,24.85714285714286,10.636363636363637,8.444444444444445,-31.519999999999982,2,8,death_plus_v7_gap_mid,0.35592645300631065,0.37195673850951116
1529265,2026,8,7,0,24.85714285714286,10.707692307692309,8.399999999999999,-31.799999999999997,2,8,death_plus_v7_gap_mid,0.35302007665673807,0.3694064592154856
1529265,2026,9,1,0,24.85714285714286,10.615384615384615,8.50909090909091,-30.799999999999997,2,8,death_plus_v7_gap_mid,0.3624830656498731,0.3866806702221571
1529265,2026,9,2,0,24.85714285714286,10.6875,8.464285714285715,-31.079999999999984,2,8,death_plus_v7_gap_mid,0.35936446113942455,0.38401846382059723
1529265,2026,9,3,0,24.85714285714286,10.857142857142858,8.31578947368421,-42.44000000000001,3,7,death_plus_v7_gap_mid,0.19797005200387907,0.239584549094036
1529265,2026,9,4,0,24.85714285714286,11.032258064516128,8.172413793103448,-43.56,3,7,death_plus_v7_gap_mid,0.22014490868067182,0.26049654985455806
1529265,2026,9,5,0,24.85714285714286,11.114754098360656,8.135593220338983,-43.68000000000002,3,7,death_plus_v7_gap_mid,0.2182900218454128,0.2587648077753586
1529265,2026,9,6,0,24.85714285714286,11.2,8.100000000000001,-43.80000000000001,3,7,death_plus_v7_gap_mid,0.22618749310928593,0.26611723439160384
1529265,2026,10,1,0,24.85714285714286,11.288135593220339,8.065573770491802,-43.920000000000016,3,7,death_plus_v7_gap_mid,0.21911046396891357,0.25379725997609454
1529265,2026,10,2,0,24.85714285714286,11.379310344827587,8.032258064516128,-44.03999999999999,3,7,death_plus_v7_gap_mid,0.19437260953862354,0.22964337559711398
1529265,2026,10,3,0,24.85714285714286,11.473684210526315,8.0,-44.16,3,7,death_plus_v7_gap_mid,0.19537637708497888,0.23063330798881526
1529265,2026,10,4,0,24.85714285714286,11.571428571428571,7.96875,-44.28,3,7,death_plus_v7_gap_mid,0.1869303473851094,0.22227575370678054
1529265,2026,10,5,0,24.85714285714286,11.781818181818181,7.846153846153847,-54.20000000000002,4,6,death_plus_v7_gap_mid,0.10963674078803234,0.1421247853026276
1529265,2026,10,6,0,24.85714285714286,12.0,7.727272727272727,-63.80000000000001,5,5,death_plus_v7_gap_mid,0.04737643904475118,0.06981291978085334
1529265,2026,11,1,0,24.85714285714286,12.113207547169813,7.701492537313433,-63.599999999999994,5,5,death_plus_v7_gap_mid,0.04250874463136232,0.06338877665199079
1529265,2026,11,2,0,24.85714285714286,12.23076923076923,7.6764705882352935,-63.400000000000006,5,5,death_plus_v7_gap_mid,0.04252586378154738,0.06341090429644315
1529265,2026,11,3,0,24.85714285714286,12.352941176470587,7.652173913043478,-63.19999999999999,5,5,death_plus_v7_gap_mid,0.04580301738506976,0.06762325693967502
1529265,2026,11,4,0,24.85714285714286,12.600000000000001,7.542857142857143,-64.0,5,5,death_plus_v7_gap_mid,0.04102777712094104,0.06146949470142184
1529265,2026,11,5,0,24.85714285714286,12.73469387755102,7.521126760563381,-63.80000000000001,5,5,death_plus_v7_gap_mid,0.038887395573149054,0.05867751751271109
1529265,2026,11,6,0,24.85714285714286,12.875,7.5,-63.60000000000002,5,5,death_plus_v7_gap_mid,0.040587013683385104,0.06089632885762989
1529265,2026,12,1,0,24.85714285714286,13.148936170212766,7.397260273972603,-64.4,5,5,death_plus_v7_gap_mid,0.0371600860115764,0.05273429839749147
1529265,2026,12,2,0,24.85714285714286,13.434782608695652,7.297297297297297,-65.19999999999999,5,5,death_plus_v7_gap_mid,0.03372368176070175,0.048395766367872295
1529265,2026,12,3,0,24.85714285714286,13.733333333333333,7.199999999999999,-66.0,5,5,death_plus_v7_gap_mid,0.03077140861122719,0.04462423493215161
1529265,2026,12,4,0,24.85714285714286,14.045454545454545,7.105263157894736,-66.80000000000001,5,5,death_plus_v7_gap_mid,0.027517950129741387,0.04041556421460579
1529265,2026,12,5,0,24.85714285714286,14.372093023255813,7.012987012987013,-74.48000000000002,6,4,death_plus_v7_gap_mid,0.009371120133263917,0.015486742324578525
1529265,2026,12,6,0,24.85714285714286,14.57142857142857,7.0,-74.12,6,4,death_plus_v7_gap_mid,0.011007561330373498,0.017880445857412445
1529265,2026,13,1,0,24.85714285714286,14.926829268292682,6.911392405063291,-74.75999999999999,6,4,death_plus_v7_gap_mid,0.010077393786568937,0.014188688576969123
1529265,2026,13,2,0,24.85714285714286,15.149999999999999,6.8999999999999995,-74.4,6,4,death_plus_v7_gap_mid,0.009607983226266336,0.013577226359831331
1529265,2026,13,3,0,24.85714285714286,15.384615384615387,6.888888888888889,-74.03999999999999,6,4,death_plus_v7_gap_mid,0.009165418007087069,0.012998556790874303
1529265,2026,13,4,0,24.85714285714286,15.631578947368421,6.878048780487804,-73.68,6,4,death_plus_v7_gap_mid,0.008489920714328643,0.012111004445263158
1529265,2026,13,5,0,24.85714285714286,15.08108108108108,7.2289156626506035,-68.32,6,4,death_plus_v7_gap_mid,0.013431704429792036,0.01849761293793182
1529265,2026,13,6,0,24.85714285714286,15.5,7.142857142857142,-68.96000000000001,6,4,death_plus_v7_gap_mid,0.012095627538429327,0.016793080600819882
1529265,2026,14,1,0,24.85714285714286,15.771428571428572,7.129411764705882,-68.6,6,4,death_plus_v7_gap_mid,0.0108054028191393,0.01422963904645244
1529265,2026,14,2,0,24.85714285714286,16.058823529411764,7.116279069767442,-68.24000000000001,6,4,death_plus_v7_gap_mid,0.009716370441517554,0.01288229137013174
1529265,2026,14,3,0,24.85714285714286,16.363636363636363,7.103448275862069,-67.88,6,4,death_plus_v7_gap_mid,0.0086301488523987,0.011528447991959614
1529265,2026,14,4,0,24.85714285714286,16.6875,7.090909090909092,-67.51999999999998,6,4,death_plus_v7_gap_mid,0.007275314789699991,0.009823888999921603
1529265,2026,14,5,0,24.85714285714286,17.032258064516128,7.078651685393258,-67.16,6,4,death_plus_v7_gap_mid,0.007208294619337323,0.00973906052002808
1529265,2026,14,6,0,24.85714285714286,17.2,7.133333333333333,-65.80000000000001,6,4,death_plus_v7_gap_mid,0.007236120201087872,0.009774285980018524
1529265,2026,15,1,0,24.85714285714286,17.793103448275865,7.054945054945055,-66.44,6,4,death_plus_v7_gap_mid,0.006036346132809909,0.007777247516172652
1529265,2026,15,2,0,24.85714285714286,17.57142857142857,7.239130434782609,-63.079999999999984,6,4,death_plus_v7_gap_mid,0.008751841444473673,0.011068302276140508
1529265,2026,15,3,0,24.85714285714286,16.88888888888889,7.548387096774194,-57.72,6,4,death_plus_v7_gap_mid,0.014953195711873084,0.018403029022107036
1529265,2026,15,4,0,24.85714285714286,17.307692307692307,7.531914893617021,-57.360000000000014,6,4,death_plus_v7_gap_mid,0.013608266687720253,0.016829000356655733
1529265,2026,15,5,0,24.85714285714286,18.0,7.4526315789473685,-58.0,6,4,death_plus_v7_gap_mid,0.010888795930069336,0.013619739539535916
1529265,2026,15,6,0,24.85714285714286,18.5,7.4375,-57.639999999999986,6,4,death_plus_v7_gap_mid,0.00987940444040742,0.012418197098212826
1529265,2026,15,7,0,24.85714285714286,19.043478260869563,7.422680412371134,-57.28,6,4,death_plus_v7_gap_mid,0.008643445907076252,0.010938071687569509
1529266,2026,7,1,1,-46.52380952380952,6.311688311688312,9.209302325581396,4.315000000000005,1,9,death_plus_v7_gap_mid,0.9632804462897573,0.938889046549619
1529266,2026,7,2,1,-46.52380952380952,6.394736842105264,9.0,-6.026666666666657,2,8,death_plus_v7_gap_mid,0.9249941905563606,0.8906792566761786
1529266,2026,7,3,1,-46.52380952380952,6.48,8.799999999999999,-7.0,2,8,death_plus_v7_gap_mid,0.9127088596455681,0.8764241503968901
1529266,2026,7,4,1,-46.52380952380952,6.486486486486487,8.73913043478261,-6.973333333333329,2,8,death_plus_v7_gap_mid,0.9151829328832461,0.8792590055745025
1529266,2026,7,5,1,-46.52380952380952,6.575342465753424,8.553191489361701,-7.9466666666666725,2,8,death_plus_v7_gap_mid,0.9210484655736688,0.8860508731144575
1529266,2026,7,6,1,-46.52380952380952,6.583333333333334,8.5,-7.920000000000002,2,8,death_plus_v7_gap_mid,0.9210558971509671,0.886059544180982
1529266,2026,8,1,1,-46.52380952380952,6.67605633802817,8.326530612244898,-8.89333333333333,2,8,death_plus_v7_gap_mid,0.9191577194102963,0.8888476549590373
1529266,2026,8,2,1,-46.52380952380952,6.685714285714286,8.28,-8.866666666666646,2,8,death_plus_v7_gap_mid,0.9240361392522599,0.8944622068355237
1529266,2026,8,3,1,-46.52380952380952,6.782608695652174,8.117647058823529,-9.840000000000003,2,8,death_plus_v7_gap_mid,0.9139734652639271,0.8829489389390272
1529266,2026,8,4,1,-46.52380952380952,6.352941176470589,8.653846153846153,-4.813333333333333,2,8,death_plus_v7_gap_mid,0.943349858463385,0.9173945395837406
1529266,2026,8,5,1,-46.52380952380952,5.91044776119403,9.169811320754718,0.21333333333335247,2,8,death_plus_v7_gap_mid,0.9691282403629056,0.9504130334385349
1529266,2026,8,6,1,-46.52380952380952,6.0,9.0,-0.7599999999999909,2,8,death_plus_v7_gap_mid,0.9688776521276968,0.9500735144429037
1529266,2026,9,1,1,-46.52380952380952,6.0,8.945454545454545,-0.7333333333333343,2,8,death_plus_v7_gap_mid,0.971740447918644,0.950215509924616
1529266,2026,9,2,1,-46.52380952380952,6.0,8.892857142857142,-0.7066666666666492,2,8,death_plus_v7_gap_mid,0.9727450818092473,0.9516594225151043
1529266,2026,9,3,1,-46.52380952380952,6.0,8.842105263157894,-0.6799999999999926,2,8,death_plus_v7_gap_mid,0.9736565476496641,0.9529786628483888
1529266,2026,9,4,1,-46.52380952380952,6.0,8.793103448275861,-0.653333333333336,2,8,death_plus_v7_gap_mid,0.9699633658225008,0.9476862798788639
1529266,2026,9,5,1,-46.52380952380952,6.0983606557377055,8.64406779661017,-1.626666666666651,2,8,death_plus_v7_gap_mid,0.9685402928808529,0.9456826250628421
1529266,2026,9,6,1,-46.52380952380952,6.1,8.6,-1.5999999999999943,2,8,death_plus_v7_gap_mid,0.9691712164224671,0.946568641335134
1529266,2026,10,1,1,-46.52380952380952,6.203389830508474,8.459016393442623,-9.75166666666668,3,7,death_plus_v7_gap_mid,0.9408683944380777,0.9204180180842245
1529266,2026,10,2,1,-46.52380952380952,6.310344827586206,8.322580645161292,-10.603333333333325,3,7,death_plus_v7_gap_mid,0.9356756231113499,0.9144869366668366
1529266,2026,10,3,1,-46.52380952380952,6.421052631578947,8.19047619047619,-11.454999999999998,3,7,death_plus_v7_gap_mid,0.9312108068220721,0.9094475247484072
1529266,2026,10,4,1,-46.52380952380952,6.428571428571429,8.15625,-11.306666666666672,3,7,death_plus_v7_gap_mid,0.9291768758168607,0.9071691270472675
1529266,2026,10,5,1,-46.52380952380952,6.1090909090909085,8.399999999999999,-8.158333333333331,3,7,death_plus_v7_gap_mid,0.9442461206948518,0.9243196381195228
1529266,2026,10,6,1,-46.52380952380952,6.111111111111112,8.363636363636363,-8.010000000000005,3,7,death_plus_v7_gap_mid,0.9438706722579091,0.9238841696052755
1529266,2026,11,1,1,-46.52380952380952,6.113207547169811,8.328358208955224,-7.861666666666679,3,7,death_plus_v7_gap_mid,0.9483666943316276,0.9337784198279088
1529266,2026,11,2,1,-46.52380952380952,6.0,8.382352941176471,-6.713333333333338,3,7,death_plus_v7_gap_mid,0.9521110398484071,0.9379895370292325
1529266,2026,11,3,1,-46.52380952380952,5.411764705882353,8.782608695652174,-1.5649999999999977,3,7,death_plus_v7_gap_mid,0.9786187655688945,0.9693898666083295
1529266,2026,11,4,1,-46.52380952380952,5.04,9.0,1.5833333333333428,3,7,death_plus_v7_gap_mid,0.9833973817329726,0.9754887594079389
1529266,2026,11,5,1,-46.52380952380952,4.408163265306123,9.380281690140844,6.731666666666669,3,7,death_plus_v7_gap_mid,0.9928627866009395,0.988346386349243
1529266,2026,11,6,1,-46.52380952380952,4.0,9.583333333333334,9.88000000000001,3,7,death_plus_v7_gap_mid,0.9936807031576773,0.9895329817713157
1529266,2026,12,1,1,-46.52380952380952,3.3191489361702127,9.945205479452055,15.028333333333336,3,7,death_plus_v7_gap_mid,0.9946262511651842,0.9912506103172208
1529266,2026,12,2,1,-46.52380952380952,3.391304347826087,9.81081081081081,8.579999999999998,4,6,death_plus_v7_gap_mid,0.9914449509212575,0.9867332235277251
1529266,2026,12,3,1,-46.52380952380952,3.3333333333333335,9.76,8.849999999999994,4,6,death_plus_v7_gap_mid,0.9877412295397128,0.981700887538412
1529266,2026,12,4,1,-46.52380952380952,3.409090909090909,9.631578947368421,2.7666666666666657,5,5,death_plus_v7_gap_mid,0.9672311970197797,0.9560509615677886
1529266,2026,12,5,1,-46.52380952380952,3.3488372093023253,9.584415584415584,3.1583333333333314,5,5,death_plus_v7_gap_mid,0.9672144518158763,0.9560310084961879
1529266,2026,12,6,1,-46.52380952380952,3.4285714285714284,9.461538461538462,2.5500000000000114,5,5,death_plus_v7_gap_mid,0.9719466773042507,0.9617204503249945
1529266,2026,13,1,1,-46.52380952380952,3.3658536585365857,9.417721518987342,2.941666666666677,5,5,death_plus_v7_gap_mid,0.9737261663710566,0.9665147597148925
1529266,2026,13,2,1,-46.52380952380952,3.4499999999999997,9.3,2.3333333333333286,5,5,death_plus_v7_gap_mid,0.977281815050272,0.9707106881469834
1529266,2026,13,3,1,-46.52380952380952,3.5384615384615383,9.185185185185185,1.7249999999999943,5,5,death_plus_v7_gap_mid,0.9798303875761945,0.9737517438419159
1529266,2026,13,4,1,-46.52380952380952,2.6842105263157894,9.512195121951219,7.11666666666666,5,5,death_plus_v7_gap_mid,0.9894649759913715,0.9855836909260718
1529266,2026,13,5,1,-46.52380952380952,2.4324324324324325,9.542168674698795,8.50833333333334,5,5,death_plus_v7_gap_mid,0.9897507521026796,0.9859452841470367
1529266,2026,13,6,1,-46.52380952380952,1.8333333333333335,9.714285714285715,11.900000000000006,5,5,death_plus_v7_gap_mid,0.9896412782559811,0.985806673505711
1529266,2026,14,1,1,-46.52380952380952,1.8857142857142857,9.600000000000001,11.291666666666671,5,5,death_plus_v7_gap_mid,0.9911477077760098,0.988319602942749
1529266,2026,14,2,1,-46.52380952380952,1.9411764705882355,9.488372093023255,10.683333333333323,5,5,death_plus_v7_gap_mid,0.9920711051300437,0.9894650431489604
1529266,2026,14,3,1,-46.52380952380952,1.8181818181818183,9.448275862068964,11.074999999999989,5,5,death_plus_v7_gap_mid,0.9921426569697434,0.9895541511942602
1529266,2026,14,4,1,-46.52380952380952,1.6875,9.409090909090908,11.466666666666669,5,5,death_plus_v7_gap_mid,0.9923986675345279,0.9898734125623501
1529266,2026,14,5,1,-46.52380952380952,0.5806451612903225,9.707865168539325,16.858333333333334,5,5,death_plus_v7_gap_mid,0.9944557793017411,0.9924664706121294
1529266,2026,14,6,1,-46.52380952380952,0.4,9.666666666666668,17.25,5,5,death_plus_v7_gap_mid,0.9938936666166689,0.9917525679107562
1529266,2026,15,1,1,-46.52380952380952,-0.41379310344827586,9.824175824175825,20.64166666666668,5,5,death_plus_v7_gap_mid,0.9934956023763553,0.9918100007919608
1529267,2026,7,1,1,16.203703703703695,9.74025974025974,9.906976744186046,-23.899999999999977,2,8,death_plus_v7_gap_mid,0.43358687138521057,0.4407749014065162
1529267,2026,7,2,1,16.203703703703695,9.394736842105264,10.5,-19.19999999999999,2,8,death_plus_v7_gap_mid,0.4860907348002565,0.4849504923226922
1529267,2026,7,3,1,16.203703703703695,9.200000000000001,10.8,-16.5,2,8,death_plus_v7_gap_mid,0.550131601406784,0.5388294389254669
1529267,2026,7,4,1,16.203703703703695,9.243243243243244,10.695652173913043,-16.799999999999983,2,8,death_plus_v7_gap_mid,0.5469985884224732,0.536186487820627
1529267,2026,7,5,1,16.203703703703695,9.36986301369863,10.46808510638298,-18.100000000000023,2,8,death_plus_v7_gap_mid,0.521734732529794,0.5149095204545766
1529267,2026,7,6,1,16.203703703703695,9.416666666666666,10.375,-18.400000000000006,2,8,death_plus_v7_gap_mid,0.5258283756781545,0.5183536077226532
1529267,2026,8,1,1,16.203703703703695,9.549295774647888,10.16326530612245,-19.69999999999999,2,8,death_plus_v7_gap_mid,0.5008004017322621,0.49735184144153266
1529267,2026,8,2,1,16.203703703703695,9.600000000000001,10.08,-19.99999999999997,2,8,death_plus_v7_gap_mid,0.5038213459797002,0.4999520656382373
1529267,2026,8,3,1,16.203703703703695,9.652173913043478,10.0,-20.30000000000001,2,8,death_plus_v7_gap_mid,0.507401227291974,0.5030337032203294
1529267,2026,8,4,1,16.203703703703695,9.705882352941178,9.923076923076923,-20.599999999999994,2,8,death_plus_v7_gap_mid,0.5027631125413745,0.49904118486718996
1529267,2026,8,5,1,16.203703703703695,9.761194029850746,9.849056603773585,-20.899999999999977,2,8,death_plus_v7_gap_mid,0.5036033345188389,0.49976440860068827
1529267,2026,8,6,1,16.203703703703695,9.818181818181818,9.777777777777777,-21.19999999999999,2,8,death_plus_v7_gap_mid,0.4912601411247447,0.4891412694824964
1529267,2026,9,1,1,16.203703703703695,9.876923076923077,9.709090909090909,-21.5,2,8,death_plus_v7_gap_mid,0.4883075845085102,0.4922979213987974
1529267,2026,9,2,1,16.203703703703695,9.65625,9.964285714285715,-18.799999999999983,2,8,death_plus_v7_gap_mid,0.5427666623209058,0.5375877846794515
1529267,2026,9,3,1,16.203703703703695,9.428571428571429,10.210526315789473,-16.099999999999994,2,8,death_plus_v7_gap_mid,0.597817668405397,0.5836058751968313
1529267,2026,9,4,1,16.203703703703695,9.483870967741936,10.137931034482758,-16.400000000000006,2,8,death_plus_v7_gap_mid,0.5984442447655554,0.5841323825353606
1529267,2026,9,5,1,16.203703703703695,9.442622950819672,10.169491525423728,-15.699999999999989,2,8,death_plus_v7_gap_mid,0.5989529696731394,0.584559917739494
1529267,2026,9,6,1,16.203703703703695,9.600000000000001,10.0,-17.0,2,8,death_plus_v7_gap_mid,0.5969942571891084,0.5829140870800473
1529267,2026,10,1,1,16.203703703703695,9.35593220338983,10.22950819672131,-14.299999999999997,2,8,death_plus_v7_gap_mid,0.630264409855936,0.6218121401417821
1529267,2026,10,2,1,16.203703703703695,9.413793103448276,10.161290322580646,-14.599999999999994,2,8,death_plus_v7_gap_mid,0.6276675696822405,0.6195240532364477
1529267,2026,10,3,1,16.203703703703695,9.157894736842106,10.380952380952381,-11.900000000000006,2,8,death_plus_v7_gap_mid,0.6716550187793467,0.6584701291278229
1529267,2026,10,4,1,16.203703703703695,9.214285714285715,10.3125,-12.200000000000003,2,8,death_plus_v7_gap_mid,0.6692522227378254,0.6563309962217218
1529267,2026,10,5,1,16.203703703703695,8.727272727272727,10.707692307692309,-7.5,2,8,death_plus_v7_gap_mid,0.7242589464642916,0.7057492644125717
1529267,2026,10,6,1,16.203703703703695,8.777777777777779,10.636363636363637,-7.799999999999983,2,8,death_plus_v7_gap_mid,0.7232396741901064,0.7048238134838742
1529267,2026,10,7,1,16.203703703703695,8.830188679245282,10.567164179104477,-8.100000000000009,2,8,death_plus_v7_gap_mid,0.7260293726457353,0.7073577303112178
1529267,2026,11,1,1,16.203703703703695,8.377358490566037,10.925373134328357,-4.1000000000000085,2,8,death_plus_v7_gap_mid,0.8171325318117619,0.801170962381689
1529267,2026,11,2,1,16.203703703703695,8.423076923076923,10.852941176470589,-4.3999999999999915,2,8,death_plus_v7_gap_mid,0.8095413175255133,0.7940176533403475
1529267,2026,11,3,1,16.203703703703695,8.117647058823529,11.043478260869565,-1.6999999999999886,2,8,death_plus_v7_gap_mid,0.8597199862348834,0.8420535234945772
1529267,2026,11,4,1,16.203703703703695,8.16,10.971428571428572,-2.0,2,8,death_plus_v7_gap_mid,0.8567676645678395,0.839172339999717
1529267,2026,11,5,1,16.203703703703695,8.204081632653061,10.901408450704226,-2.3000000000000114,2,8,death_plus_v7_gap_mid,0.8417754990527367,0.824657317881926
1529267,2026,11,6,1,16.203703703703695,8.25,10.833333333333334,-2.5999999999999943,2,8,death_plus_v7_gap_mid,0.8357740525248354,0.8188974460615721
1529267,2026,12,1,1,16.203703703703695,8.170212765957446,10.84931506849315,-1.9000000000000057,2,8,death_plus_v7_gap_mid,0.8652641905898374,0.8466804505469299
1529267,2026,12,2,1,16.203703703703695,8.347826086956522,10.702702702702702,-3.200000000000017,2,8,death_plus_v7_gap_mid,0.8370470943174704,0.8187769796114521
1529267,2026,12,3,1,16.203703703703695,8.0,10.879999999999999,-0.5,2,8,death_plus_v7_gap_mid,0.9006983813691652,0.8827948125877298
1529267,2026,12,4,1,16.203703703703695,8.045454545454545,10.81578947368421,-0.8000000000000114,2,8,death_plus_v7_gap_mid,0.8929888648747868,0.8748162198694666
1529267,2026,12,5,1,16.203703703703695,7.395348837209302,11.142857142857142,3.9000000000000057,2,8,death_plus_v7_gap_mid,0.9468138636593033,0.9324700440491156
1529267,2026,12,6,1,16.203703703703695,7.428571428571429,11.076923076923077,3.5999999999999943,2,8,death_plus_v7_gap_mid,0.9471125787407957,0.9328059117784596
1529267,2026,12,7,1,16.203703703703695,7.463414634146341,11.012658227848101,3.3000000000000114,2,8,death_plus_v7_gap_mid,0.9447436109662581,0.9301485889356244
1529267,2026,12,8,1,16.203703703703695,7.5,10.95,3.0,2,8,death_plus_v7_gap_mid,0.9458581716661975,0.9313970354881064
1529267,2026,13,1,1,16.203703703703695,6.731707317073171,11.39240506329114,8.300000000000011,2,8,death_plus_v7_gap_mid,0.9841389055006258,0.9789680979190909
1529267,2026,13,2,1,16.203703703703695,6.0,11.7,13.0,2,8,death_plus_v7_gap_mid,0.9907015245144308,0.9871541794464938
1529267,2026,13,3,1,16.203703703703695,6.0,11.62962962962963,12.699999999999989,2,8,death_plus_v7_gap_mid,0.9908520108727978,0.9873463909204724
1529267,2026,13,4,1,16.203703703703695,6.0,11.560975609756097,12.400000000000006,2,8,death_plus_v7_gap_mid,0.990997993091824,0.9875330870270023
1529267,2026,13,5,1,16.203703703703695,6.0,11.493975903614459,12.099999999999994,2,8,death_plus_v7_gap_mid,0.9911381758591984,0.9877125901472735
1529267,2026,13,6,1,16.203703703703695,6.0,11.428571428571427,11.800000000000011,2,8,death_plus_v7_gap_mid,0.9908789815665638,0.9873808658976241
1529267,2026,13,7,1,16.203703703703695,6.0,11.36470588235294,11.5,2,8,death_plus_v7_gap_mid,0.9909760922378188,0.9875050630330503
1529267,2026,14,1,1,16.203703703703695,5.314285714285714,11.647058823529411,15.5,2,8,death_plus_v7_gap_mid,0.9931020639534851,0.990754261062391
1529267,2026,14,2,1,16.203703703703695,5.294117647058823,11.58139534883721,15.200000000000017,2,8,death_plus_v7_gap_mid,0.9931598763014653,0.9908269090492092
1529267,2026,14,3,1,16.203703703703695,5.2727272727272725,11.517241379310345,14.900000000000006,2,8,death_plus_v7_gap_mid,0.9934293603305508,0.991166075704663
1529267,2026,14,4,1,16.203703703703695,4.6875,11.659090909090908,17.599999999999994,2,8,death_plus_v7_gap_mid,0.9943404052359966,0.9923195778997899
1529267,2026,14,5,1,16.203703703703695,4.64516129032258,11.595505617977528,17.30000000000001,2,8,death_plus_v7_gap_mid,0.9945677906346966,0.9926092690109642
1529267,2026,14,6,1,16.203703703703695,4.800000000000001,11.466666666666667,16.0,2,8,death_plus_v7_gap_mid,0.9947629845219483,0.9928585654751841
1529267,2026,15,1,1,16.203703703703695,3.724137931034483,11.736263736263735,20.700000000000017,2,8,death_plus_v7_gap_mid,0.9950994714464064,0.9937423447348753
1529267,2026,15,2,1,16.203703703703695,2.571428571428571,12.0,25.400000000000006,2,8,death_plus_v7_gap_mid,0.9941757471526971,0.9926260862364967
1529267,2026,15,3,1,16.203703703703695,2.6666666666666665,11.870967741935484,19.712500000000006,3,7,death_plus_v7_gap_mid,0.9937287804066751,0.9920892706728562
1529267,2026,15,4,1,16.203703703703695,2.5384615384615383,11.808510638297872,19.57499999999999,3,7,death_plus_v7_gap_mid,0.9818130023705465,0.9782590730646916
1529267,2026,15,5,1,16.203703703703695,2.4000000000000004,11.747368421052633,19.4375,3,7,death_plus_v7_gap_mid,0.981769721538846,0.9782100042886867
1529267,2026,15,6,1,16.203703703703695,2.25,11.6875,19.30000000000001,3,7,death_plus_v7_gap_mid,0.9850037528304048,0.981895003139496
1529267,2026,15,7,1,16.203703703703695,2.0869565217391304,11.628865979381443,19.162499999999994,3,7,death_plus_v7_gap_mid,0.9848201157263811,0.9816846943094955
